{
"type": "FeatureCollection",
"name": "Entrega_01_limite_ficheiros",
"crs": { "type": "name", "properties": { "name": "urn:ogc:def:crs:OGC:1.3:CRS84" } },
"features": [
{"type":"Feature","properties":{"DESCRIPTION":"MDT_1418120.tif","FILENAME":"U:\\P589_AmazoniaRevelada_BR-319\\LiDAR_dataset\\ENTREGAS\\ENTREGA_01\\2_MDT\\GEOTIFF\\MDT_1418120.tif","SHRT_FNAME":"MDT_1418120.tif","UPPER_LEFT_X":"436957.762","UPPER_LEFT_Y":"9229872.202","LOWER_RIGHT_X":"437959.762","LOWER_RIGHT_Y":"9228870.202"},"geometry":{"type":"Polygon","coordinates":[[[-63.570721604018154,-6.966899402468154],[-63.561650793543684,-6.966910266710263],[-63.561661586503867,-6.975973895671035],[-63.570732571264635,-6.975963017160041],[-63.570721604018154,-6.966899402468154]]]}},
{"type":"Feature","properties":{"DESCRIPTION":"MDT_1418121.tif","FILENAME":"U:\\P589_AmazoniaRevelada_BR-319\\LiDAR_dataset\\ENTREGAS\\ENTREGA_01\\2_MDT\\GEOTIFF\\MDT_1418121.tif","SHRT_FNAME":"MDT_1418121.tif","UPPER_LEFT_X":"437957.858","UPPER_LEFT_Y":"9229872.202","LOWER_RIGHT_X":"438959.858","LOWER_RIGHT_Y":"9228870.202"},"geometry":{"type":"Polygon","coordinates":[[[-63.561668037146724,-6.966910246222469],[-63.552597212322567,-6.966920936762251],[-63.552607831326391,-6.975984579736864],[-63.561678830438218,-6.975973875156334],[-63.561668037146724,-6.966910246222469]]]}},
{"type":"Feature","properties":{"DESCRIPTION":"MDT_1418122.tif","FILENAME":"U:\\P589_AmazoniaRevelada_BR-319\\LiDAR_dataset\\ENTREGAS\\ENTREGA_01\\2_MDT\\GEOTIFF\\MDT_1418122.tif","SHRT_FNAME":"MDT_1418122.tif","UPPER_LEFT_X":"438957.953","UPPER_LEFT_Y":"9229872.202","LOWER_RIGHT_X":"439959.953","LOWER_RIGHT_Y":"9228870.202"},"geometry":{"type":"Polygon","coordinates":[[[-63.552614455952664,-6.966920916604663],[-63.54354361701008,-6.966931433440791],[-63.543554062056224,-6.975995090201542],[-63.5526250752878,-6.975984559552803],[-63.552614455952664,-6.966920916604663]]]}},
{"type":"Feature","properties":{"DESCRIPTION":"MDT_1418123.tif","FILENAME":"U:\\P589_AmazoniaRevelada_BR-319\\LiDAR_dataset\\ENTREGAS\\ENTREGA_01\\2_MDT\\GEOTIFF\\MDT_1418123.tif","SHRT_FNAME":"MDT_1418123.tif","UPPER_LEFT_X":"439958.048","UPPER_LEFT_Y":"9229872.202","LOWER_RIGHT_X":"440960.048","LOWER_RIGHT_Y":"9228870.202"},"geometry":{"type":"Polygon","coordinates":[[[-63.543560860666794,-6.966931413613416],[-63.534490007837078,-6.966941756744581],[-63.534500278924213,-6.97600542706376],[-63.543571306044257,-6.975995070348126],[-63.543560860666794,-6.966931413613416]]]}},
{"type":"Feature","properties":{"DESCRIPTION":"MDT_1418124.tif","FILENAME":"U:\\P589_AmazoniaRevelada_BR-319\\LiDAR_dataset\\ENTREGAS\\ENTREGA_01\\2_MDT\\GEOTIFF\\MDT_1418124.tif","SHRT_FNAME":"MDT_1418124.tif","UPPER_LEFT_X":"440958.143","UPPER_LEFT_Y":"9229872.202","LOWER_RIGHT_X":"441960.143","LOWER_RIGHT_Y":"9228870.202"},"geometry":{"type":"Polygon","coordinates":[[[-63.534507251519955,-6.966941737247422],[-63.525436385034375,-6.966951906672338],[-63.52544648216125,-6.976015590322239],[-63.53451752293843,-6.976005407540994],[-63.534507251519955,-6.966941737247422]]]}},
{"type":"Feature","properties":{"DESCRIPTION":"MDT_1418125.tif","FILENAME":"U:\\P589_AmazoniaRevelada_BR-319\\LiDAR_dataset\\ENTREGAS\\ENTREGA_01\\2_MDT\\GEOTIFF\\MDT_1418125.tif","SHRT_FNAME":"MDT_1418125.tif","UPPER_LEFT_X":"441958.238","UPPER_LEFT_Y":"9229872.202","LOWER_RIGHT_X":"442960.238","LOWER_RIGHT_Y":"9228870.202"},"geometry":{"type":"Polygon","coordinates":[[[-63.525453628743008,-6.966951887505394],[-63.516382748832847,-6.9669618832228],[-63.516392671998169,-6.976025579975715],[-63.52546372620121,-6.976015571130122],[-63.525453628743008,-6.966951887505394]]]}},
{"type":"Feature","properties":{"DESCRIPTION":"MDT_1418126.tif","FILENAME":"U:\\P589_AmazoniaRevelada_BR-319\\LiDAR_dataset\\ENTREGAS\\ENTREGA_01\\2_MDT\\GEOTIFF\\MDT_1418126.tif","SHRT_FNAME":"MDT_1418126.tif","UPPER_LEFT_X":"442958.334","UPPER_LEFT_Y":"9229872.202","LOWER_RIGHT_X":"443960.334","LOWER_RIGHT_Y":"9228870.202"},"geometry":{"type":"Polygon","coordinates":[[[-63.516399992566782,-6.966961864386074],[-63.507329099463313,-6.966971686394729],[-63.507338848665853,-6.976035396022944],[-63.516409916063431,-6.976025561114249],[-63.516399992566782,-6.966961864386074]]]}},
{"type":"Feature","properties":{"DESCRIPTION":"MDT_1418127.tif","FILENAME":"U:\\P589_AmazoniaRevelada_BR-319\\LiDAR_dataset\\ENTREGAS\\ENTREGA_01\\2_MDT\\GEOTIFF\\MDT_1418127.tif","SHRT_FNAME":"MDT_1418127.tif","UPPER_LEFT_X":"443958.429","UPPER_LEFT_Y":"9229872.202","LOWER_RIGHT_X":"444960.429","LOWER_RIGHT_Y":"9228870.202"},"geometry":{"type":"Polygon","coordinates":[[[-63.50734634322211,-6.966971667888224],[-63.49827543715665,-6.966981316186907],[-63.498285012395165,-6.976045038462708],[-63.507356092755977,-6.976035377492133],[-63.50734634322211,-6.966971667888224]]]}},
{"type":"Feature","properties":{"DESCRIPTION":"MDT_1418128.tif","FILENAME":"U:\\P589_AmazoniaRevelada_BR-319\\LiDAR_dataset\\ENTREGAS\\ENTREGA_01\\2_MDT\\GEOTIFF\\MDT_1418128.tif","SHRT_FNAME":"MDT_1418128.tif","UPPER_LEFT_X":"444958.524","UPPER_LEFT_Y":"9229872.202","LOWER_RIGHT_X":"445960.524","LOWER_RIGHT_Y":"9228870.202"},"geometry":{"type":"Polygon","coordinates":[[[-63.498292680939855,-6.966981298010625],[-63.489221762143679,-6.966990772598136],[-63.489231163416981,-6.976054507293809],[-63.498302256509724,-6.976045020262555],[-63.498292680939855,-6.966981298010625]]]}},
{"type":"Feature","properties":{"DESCRIPTION":"MDT_1418129.tif","FILENAME":"U:\\P589_AmazoniaRevelada_BR-319\\LiDAR_dataset\\ENTREGAS\\ENTREGA_01\\2_MDT\\GEOTIFF\\MDT_1418129.tif","SHRT_FNAME":"MDT_1418129.tif","UPPER_LEFT_X":"445958.619","UPPER_LEFT_Y":"9229872.202","LOWER_RIGHT_X":"446960.619","LOWER_RIGHT_Y":"9228870.202"},"geometry":{"type":"Polygon","coordinates":[[[-63.489239005950871,-6.96699075475208],[-63.480168074655261,-6.967000055627242],[-63.480177301962172,-6.976063802515071],[-63.489248407555515,-6.976054489424315],[-63.489239005950871,-6.96699075475208]]]}},
{"type":"Feature","properties":{"DESCRIPTION":"MDT_1418130.tif","FILENAME":"U:\\P589_AmazoniaRevelada_BR-319\\LiDAR_dataset\\ENTREGAS\\ENTREGA_01\\2_MDT\\GEOTIFF\\MDT_1418130.tif","SHRT_FNAME":"MDT_1418130.tif","UPPER_LEFT_X":"446958.714","UPPER_LEFT_Y":"9229872.202","LOWER_RIGHT_X":"447960.714","LOWER_RIGHT_Y":"9228870.202"},"geometry":{"type":"Polygon","coordinates":[[[-63.480185318486001,-6.967000038111414],[-63.471114374922244,-6.967009165273071],[-63.471123428261606,-6.976072924125339],[-63.480194546124252,-6.976063784976239],[-63.480185318486001,-6.967000038111414]]]}},
{"type":"Feature","properties":{"DESCRIPTION":"MDT_1418131.tif","FILENAME":"U:\\P589_AmazoniaRevelada_BR-319\\LiDAR_dataset\\ENTREGAS\\ENTREGA_01\\2_MDT\\GEOTIFF\\MDT_1418131.tif","SHRT_FNAME":"MDT_1418131.tif","UPPER_LEFT_X":"447958.810","UPPER_LEFT_Y":"9229872.202","LOWER_RIGHT_X":"448960.810","LOWER_RIGHT_Y":"9228870.202"},"geometry":{"type":"Polygon","coordinates":[[[-63.471131618776091,-6.967009148087474],[-63.462060663175485,-6.967018101534492],[-63.462069542546168,-6.976081872123479],[-63.471140672446786,-6.976072906917169],[-63.471131618776091,-6.967009148087474]]]}},
{"type":"Feature","properties":{"DESCRIPTION":"MDT_1418132.tif","FILENAME":"U:\\P589_AmazoniaRevelada_BR-319\\LiDAR_dataset\\ENTREGAS\\ENTREGA_01\\2_MDT\\GEOTIFF\\MDT_1418132.tif","SHRT_FNAME":"MDT_1418132.tif","UPPER_LEFT_X":"448958.905","UPPER_LEFT_Y":"9229872.202","LOWER_RIGHT_X":"449960.905","LOWER_RIGHT_Y":"9228870.202"},"geometry":{"type":"Polygon","coordinates":[[[-63.462077907051984,-6.967018084679128],[-63.453006939645839,-6.967026864410395],[-63.453015645046712,-6.976090646508379],[-63.462086786754014,-6.976081855245976],[-63.462077907051984,-6.967018084679128]]]}},
{"type":"Feature","properties":{"DESCRIPTION":"MDT_1418133.tif","FILENAME":"U:\\P589_AmazoniaRevelada_BR-319\\LiDAR_dataset\\ENTREGAS\\ENTREGA_01\\2_MDT\\GEOTIFF\\MDT_1418133.tif","SHRT_FNAME":"MDT_1418133.tif","UPPER_LEFT_X":"449959.000","UPPER_LEFT_Y":"9229872.202","LOWER_RIGHT_X":"450961.000","LOWER_RIGHT_Y":"9228870.202"},"geometry":{"type":"Polygon","coordinates":[[[-63.453024183544564,-6.967026847885265],[-63.44395320456416,-6.96703545389969],[-63.443961735994158,-6.976099247278949],[-63.453032889276791,-6.976090629961543],[-63.453024183544564,-6.967026847885265]]]}},
{"type":"Feature","properties":{"DESCRIPTION":"MDT_1418134.tif","FILENAME":"U:\\P589_AmazoniaRevelada_BR-319\\LiDAR_dataset\\ENTREGAS\\ENTREGA_01\\2_MDT\\GEOTIFF\\MDT_1418134.tif","SHRT_FNAME":"MDT_1418134.tif","UPPER_LEFT_X":"450959.095","UPPER_LEFT_Y":"9229872.202","LOWER_RIGHT_X":"451961.095","LOWER_RIGHT_Y":"9228870.202"},"geometry":{"type":"Polygon","coordinates":[[[-63.443970448484656,-6.967035437704795],[-63.434899458161297,-6.96704387000131],[-63.43490781561934,-6.976107674434121],[-63.443978980246001,-6.976099231062784],[-63.443970448484656,-6.967035437704795]]]}},
{"type":"Feature","properties":{"DESCRIPTION":"MDT_1418135.tif","FILENAME":"U:\\P589_AmazoniaRevelada_BR-319\\LiDAR_dataset\\ENTREGAS\\ENTREGA_01\\2_MDT\\GEOTIFF\\MDT_1418135.tif","SHRT_FNAME":"MDT_1418135.tif","UPPER_LEFT_X":"451959.190","UPPER_LEFT_Y":"9229872.202","LOWER_RIGHT_X":"452961.190","LOWER_RIGHT_Y":"9228870.202"},"geometry":{"type":"Polygon","coordinates":[[[-63.434916702103152,-6.967043854136654],[-63.425845700668134,-6.96705211271421],[-63.425853884153163,-6.976115927972848],[-63.434925059892535,-6.976107658548629],[-63.434916702103152,-6.967043854136654]]]}},
{"type":"Feature","properties":{"DESCRIPTION":"MDT_1418136.tif","FILENAME":"U:\\P589_AmazoniaRevelada_BR-319\\LiDAR_dataset\\ENTREGAS\\ENTREGA_01\\2_MDT\\GEOTIFF\\MDT_1418136.tif","SHRT_FNAME":"MDT_1418136.tif","UPPER_LEFT_X":"452959.286","UPPER_LEFT_Y":"9229872.202","LOWER_RIGHT_X":"453961.286","LOWER_RIGHT_Y":"9228870.202"},"geometry":{"type":"Polygon","coordinates":[[[-63.425862944630886,-6.967052097179795],[-63.416791932315505,-6.967060182037366],[-63.416799941826504,-6.976124007894103],[-63.42587112844727,-6.97611591241803],[-63.425862944630886,-6.967052097179795]]]}},
{"type":"Feature","properties":{"DESCRIPTION":"MDT_1418137.tif","FILENAME":"U:\\P589_AmazoniaRevelada_BR-319\\LiDAR_dataset\\ENTREGAS\\ENTREGA_01\\2_MDT\\GEOTIFF\\MDT_1418137.tif","SHRT_FNAME":"MDT_1418137.tif","UPPER_LEFT_X":"453959.381","UPPER_LEFT_Y":"9229872.202","LOWER_RIGHT_X":"454961.381","LOWER_RIGHT_Y":"9228870.202"},"geometry":{"type":"Polygon","coordinates":[[[-63.41680917629872,-6.967060166833192],[-63.407738153334286,-6.967068077969775],[-63.407745988870253,-6.976131914196885],[-63.416817186141081,-6.976123992669961],[-63.41680917629872,-6.967060166833192]]]}},
{"type":"Feature","properties":{"DESCRIPTION":"MDT_1418138.tif","FILENAME":"U:\\P589_AmazoniaRevelada_BR-319\\LiDAR_dataset\\ENTREGAS\\ENTREGA_01\\2_MDT\\GEOTIFF\\MDT_1418138.tif","SHRT_FNAME":"MDT_1418138.tif","UPPER_LEFT_X":"454959.476","UPPER_LEFT_Y":"9229872.202","LOWER_RIGHT_X":"455961.476","LOWER_RIGHT_Y":"9228870.202"},"geometry":{"type":"Polygon","coordinates":[[[-63.407755397337525,-6.967068063095844],[-63.398684363955354,-6.967075800510455],[-63.398692025515295,-6.976139646880206],[-63.407763233204854,-6.97613189930342],[-63.407755397337525,-6.967068063095844]]]}},
{"type":"Feature","properties":{"DESCRIPTION":"MDT_1418139.tif","FILENAME":"U:\\P589_AmazoniaRevelada_BR-319\\LiDAR_dataset\\ENTREGAS\\ENTREGA_01\\2_MDT\\GEOTIFF\\MDT_1418139.tif","SHRT_FNAME":"MDT_1418139.tif","UPPER_LEFT_X":"455959.571","UPPER_LEFT_Y":"9229872.202","LOWER_RIGHT_X":"456961.571","LOWER_RIGHT_Y":"9228870.202"},"geometry":{"type":"Polygon","coordinates":[[[-63.398701607978168,-6.96707578596677],[-63.389630564409543,-6.967083349658448],[-63.389638051992506,-6.976147205943111],[-63.398709269869478,-6.976139632317422],[-63.398701607978168,-6.96707578596677]]]}},
{"type":"Feature","properties":{"DESCRIPTION":"MDT_1418140.tif","FILENAME":"U:\\P589_AmazoniaRevelada_BR-319\\LiDAR_dataset\\ENTREGAS\\ENTREGA_01\\2_MDT\\GEOTIFF\\MDT_1418140.tif","SHRT_FNAME":"MDT_1418140.tif","UPPER_LEFT_X":"456959.666","UPPER_LEFT_Y":"9229872.202","LOWER_RIGHT_X":"457961.666","LOWER_RIGHT_Y":"9228870.202"},"geometry":{"type":"Polygon","coordinates":[[[-63.389647808451507,-6.96708333544501],[-63.380576754927731,-6.967090725412813],[-63.380584068532784,-6.976154591384661],[-63.389655296365838,-6.976147191711009],[-63.389647808451507,-6.96708333544501]]]}},
{"type":"Feature","properties":{"DESCRIPTION":"MDT_1418141.tif","FILENAME":"U:\\P589_AmazoniaRevelada_BR-319\\LiDAR_dataset\\ENTREGAS\\ENTREGA_01\\2_MDT\\GEOTIFF\\MDT_1418141.tif","SHRT_FNAME":"MDT_1418141.tif","UPPER_LEFT_X":"457959.762","UPPER_LEFT_Y":"9229872.202","LOWER_RIGHT_X":"458961.762","LOWER_RIGHT_Y":"9228870.202"},"geometry":{"type":"Polygon","coordinates":[[[-63.380593998988402,-6.967090711529627],[-63.371522935740792,-6.967097927772637],[-63.371530075367005,-6.976161803203932],[-63.38060131292481,-6.976154577483239],[-63.380593998988402,-6.967090711529627]]]}},
{"type":"Feature","properties":{"DESCRIPTION":"MDT_1418142.tif","FILENAME":"U:\\P589_AmazoniaRevelada_BR-319\\LiDAR_dataset\\ENTREGAS\\ENTREGA_01\\2_MDT\\GEOTIFF\\MDT_1418142.tif","SHRT_FNAME":"MDT_1418142.tif","UPPER_LEFT_X":"458959.857","UPPER_LEFT_Y":"9229872.202","LOWER_RIGHT_X":"459961.857","LOWER_RIGHT_Y":"9228870.202"},"geometry":{"type":"Polygon","coordinates":[[[-63.371540179819732,-6.967097914219702],[-63.362469107079605,-6.967104956737026],[-63.362476072726089,-6.976168841400033],[-63.371547319777321,-6.976161789633197],[-63.371540179819732,-6.967097914219702]]]}},
{"type":"Feature","properties":{"DESCRIPTION":"MDT_1418143.tif","FILENAME":"U:\\P589_AmazoniaRevelada_BR-319\\LiDAR_dataset\\ENTREGAS\\ENTREGA_01\\2_MDT\\GEOTIFF\\MDT_1418143.tif","SHRT_FNAME":"MDT_1418143.tif","UPPER_LEFT_X":"459959.952","UPPER_LEFT_Y":"9229872.202","LOWER_RIGHT_X":"460961.952","LOWER_RIGHT_Y":"9228870.202"},"geometry":{"type":"Polygon","coordinates":[[[-63.362486351176365,-6.967104943514344],[-63.353415269175009,-6.967111812305103],[-63.353422060840892,-6.976175705972089],[-63.362493317154211,-6.976168828159986],[-63.362486351176365,-6.967104943514344]]]}},
{"type":"Feature","properties":{"DESCRIPTION":"MDT_1418144.tif","FILENAME":"U:\\P589_AmazoniaRevelada_BR-319\\LiDAR_dataset\\ENTREGAS\\ENTREGA_01\\2_MDT\\GEOTIFF\\MDT_1418144.tif","SHRT_FNAME":"MDT_1418144.tif","UPPER_LEFT_X":"460960.047","UPPER_LEFT_Y":"9229872.202","LOWER_RIGHT_X":"461962.047","LOWER_RIGHT_Y":"9228870.202"},"geometry":{"type":"Polygon","coordinates":[[[-63.353432513289157,-6.967111799412675],[-63.344361422257904,-6.967118494476018],[-63.344368039942331,-6.976182396919246],[-63.353439305286408,-6.976175693062729],[-63.353432513289157,-6.967111799412675]]]}},
{"type":"Feature","properties":{"DESCRIPTION":"MDT_1418145.tif","FILENAME":"U:\\P589_AmazoniaRevelada_BR-319\\LiDAR_dataset\\ENTREGAS\\ENTREGA_01\\2_MDT\\GEOTIFF\\MDT_1418145.tif","SHRT_FNAME":"MDT_1418145.tif","UPPER_LEFT_X":"461960.142","UPPER_LEFT_Y":"9229872.202","LOWER_RIGHT_X":"462962.142","LOWER_RIGHT_Y":"9228870.202"},"geometry":{"type":"Polygon","coordinates":[[[-63.344378666389005,-6.967118481913845],[-63.335307566559152,-6.96712500324894],[-63.335314010261293,-6.976188914240673],[-63.344385284404794,-6.976182384340576],[-63.344378666389005,-6.967118481913845]]]}},
{"type":"Feature","properties":{"DESCRIPTION":"MDT_1418146.tif","FILENAME":"U:\\P589_AmazoniaRevelada_BR-319\\LiDAR_dataset\\ENTREGAS\\ENTREGA_01\\2_MDT\\GEOTIFF\\MDT_1418146.tif","SHRT_FNAME":"MDT_1418146.tif","UPPER_LEFT_X":"462960.238","UPPER_LEFT_Y":"9229872.202","LOWER_RIGHT_X":"463962.238","LOWER_RIGHT_Y":"9228870.202"},"geometry":{"type":"Polygon","coordinates":[[[-63.335324810706751,-6.967124991017028],[-63.326253702309614,-6.967131338623061],[-63.326259972028666,-6.976195257935562],[-63.335331254740261,-6.976188901992694],[-63.335324810706751,-6.967124991017028]]]}},
{"type":"Feature","properties":{"DESCRIPTION":"MDT_1418147.tif","FILENAME":"U:\\P589_AmazoniaRevelada_BR-319\\LiDAR_dataset\\ENTREGAS\\ENTREGA_01\\2_MDT\\GEOTIFF\\MDT_1418147.tif","SHRT_FNAME":"MDT_1418147.tif","UPPER_LEFT_X":"463960.333","UPPER_LEFT_Y":"9229872.202","LOWER_RIGHT_X":"464962.333","LOWER_RIGHT_Y":"9228870.202"},"geometry":{"type":"Polygon","coordinates":[[[-63.326270946473279,-6.967131326721407],[-63.31719982974019,-6.967137500597594],[-63.317205925475356,-6.976201428003118],[-63.326277216523707,-6.976195246018275],[-63.326270946473279,-6.967131326721407]]]}},
{"type":"Feature","properties":{"DESCRIPTION":"MDT_1418193.tif","FILENAME":"U:\\P589_AmazoniaRevelada_BR-319\\LiDAR_dataset\\ENTREGAS\\ENTREGA_01\\2_MDT\\GEOTIFF\\MDT_1418193.tif","SHRT_FNAME":"MDT_1418193.tif","UPPER_LEFT_X":"509964.712","UPPER_LEFT_Y":"9229872.202","LOWER_RIGHT_X":"510966.712","LOWER_RIGHT_Y":"9228870.202"},"geometry":{"type":"Polygon","coordinates":[[[-62.909787941238015,-6.967235315596821],[-62.900716691114148,-6.967233497420785],[-62.900714783118453,-6.976297550906833],[-62.909786207570157,-6.976299371470828],[-62.909787941238015,-6.967235315596821]]]}},
{"type":"Feature","properties":{"DESCRIPTION":"MDT_1418194.tif","FILENAME":"U:\\P589_AmazoniaRevelada_BR-319\\LiDAR_dataset\\ENTREGAS\\ENTREGA_01\\2_MDT\\GEOTIFF\\MDT_1418194.tif","SHRT_FNAME":"MDT_1418194.tif","UPPER_LEFT_X":"510964.807","UPPER_LEFT_Y":"9229872.202","LOWER_RIGHT_X":"511966.807","LOWER_RIGHT_Y":"9228870.202"},"geometry":{"type":"Polygon","coordinates":[[[-62.900733935536906,-6.967233501042274],[-62.891662687949562,-6.967231509123672],[-62.89166060595764,-6.976295559998325],[-62.9007320278726,-6.97629755453308],[-62.900733935536906,-6.967233501042274]]]}},
{"type":"Feature","properties":{"DESCRIPTION":"MDT_1418195.tif","FILENAME":"U:\\P589_AmazoniaRevelada_BR-319\\LiDAR_dataset\\ENTREGAS\\ENTREGA_01\\2_MDT\\GEOTIFF\\MDT_1418195.tif","SHRT_FNAME":"MDT_1418195.tif","UPPER_LEFT_X":"511964.902","UPPER_LEFT_Y":"9229872.202","LOWER_RIGHT_X":"512966.902","LOWER_RIGHT_Y":"9228870.202"},"geometry":{"type":"Polygon","coordinates":[[[-62.891679932367282,-6.967231513075447],[-62.882608687547773,-6.967229347414526],[-62.882606431559893,-6.976293395450029],[-62.891677850706749,-6.97629556395529],[-62.891679932367282,-6.967231513075447]]]}},
{"type":"Feature","properties":{"DESCRIPTION":"MDT_1418196.tif","FILENAME":"U:\\P589_AmazoniaRevelada_BR-319\\LiDAR_dataset\\ENTREGAS\\ENTREGA_01\\2_MDT\\GEOTIFF\\MDT_1418196.tif","SHRT_FNAME":"MDT_1418196.tif","UPPER_LEFT_X":"512964.998","UPPER_LEFT_Y":"9229872.202","LOWER_RIGHT_X":"513966.998","LOWER_RIGHT_Y":"9228870.202"},"geometry":{"type":"Polygon","coordinates":[[[-62.882625931960007,-6.967229351696585],[-62.87355469013967,-6.967227012293613],[-62.873552260156124,-6.976291057262208],[-62.882623676303524,-6.97629339973771],[-62.882625931960007,-6.967229351696585]]]}},
{"type":"Feature","properties":{"DESCRIPTION":"MDT_1418197.tif","FILENAME":"U:\\P589_AmazoniaRevelada_BR-319\\LiDAR_dataset\\ENTREGAS\\ENTREGA_01\\2_MDT\\GEOTIFF\\MDT_1418197.tif","SHRT_FNAME":"MDT_1418197.tif","UPPER_LEFT_X":"513965.093","UPPER_LEFT_Y":"9229872.202","LOWER_RIGHT_X":"514967.093","LOWER_RIGHT_Y":"9228870.202"},"geometry":{"type":"Polygon","coordinates":[[[-62.873571934545978,-6.967227016905955],[-62.864500695956153,-6.967224503761224],[-62.864498091977232,-6.976288545435156],[-62.873569504893815,-6.976291061880606],[-62.873571934545978,-6.967227016905955]]]}},
{"type":"Feature","properties":{"DESCRIPTION":"MDT_1418198.tif","FILENAME":"U:\\P589_AmazoniaRevelada_BR-319\\LiDAR_dataset\\ENTREGAS\\ENTREGA_01\\2_MDT\\GEOTIFF\\MDT_1418198.tif","SHRT_FNAME":"MDT_1418198.tif","UPPER_LEFT_X":"514965.188","UPPER_LEFT_Y":"9229872.202","LOWER_RIGHT_X":"515967.188","LOWER_RIGHT_Y":"9228870.202"},"geometry":{"type":"Polygon","coordinates":[[[-62.864517940356102,-6.967224508703846],[-62.855446705228111,-6.967221821817669],[-62.855443927254143,-6.976285859969184],[-62.864515336708578,-6.97628855038427],[-62.864517940356102,-6.967224508703846]]]}},
{"type":"Feature","properties":{"DESCRIPTION":"MDT_1418199.tif","FILENAME":"U:\\P589_AmazoniaRevelada_BR-319\\LiDAR_dataset\\ENTREGAS\\ENTREGA_01\\2_MDT\\GEOTIFF\\MDT_1418199.tif","SHRT_FNAME":"MDT_1418199.tif","UPPER_LEFT_X":"515965.283","UPPER_LEFT_Y":"9229872.202","LOWER_RIGHT_X":"516967.283","LOWER_RIGHT_Y":"9228870.202"},"geometry":{"type":"Polygon","coordinates":[[[-62.85546394962126,-6.967221827090574],[-62.846392718186436,-6.967218966463284],[-62.846389766217776,-6.976283000864626],[-62.855461171978682,-6.976285865249015],[-62.85546394962126,-6.967221827090574]]]}},
{"type":"Feature","properties":{"DESCRIPTION":"MDT_1418200.tif","FILENAME":"U:\\P589_AmazoniaRevelada_BR-319\\LiDAR_dataset\\ENTREGAS\\ENTREGA_01\\2_MDT\\GEOTIFF\\MDT_1418200.tif","SHRT_FNAME":"MDT_1418200.tif","UPPER_LEFT_X":"516965.378","UPPER_LEFT_Y":"9229872.202","LOWER_RIGHT_X":"517967.378","LOWER_RIGHT_Y":"9228870.202"},"geometry":{"type":"Polygon","coordinates":[[[-62.846409962572338,-6.96721897206647],[-62.837338735062019,-6.967215937698422],[-62.837335609099036,-6.976279968121837],[-62.846407010935081,-6.976283006475171],[-62.846409962572338,-6.96721897206647]]]}},
{"type":"Feature","properties":{"DESCRIPTION":"MDT_1418201.tif","FILENAME":"U:\\P589_AmazoniaRevelada_BR-319\\LiDAR_dataset\\ENTREGAS\\ENTREGA_01\\2_MDT\\GEOTIFF\\MDT_1418201.tif","SHRT_FNAME":"MDT_1418201.tif","UPPER_LEFT_X":"517965.474","UPPER_LEFT_Y":"9229872.202","LOWER_RIGHT_X":"518967.474","LOWER_RIGHT_Y":"9228870.202"},"geometry":{"type":"Polygon","coordinates":[[[-62.837355979440247,-6.967215943631888],[-62.828284756085736,-6.967212735523458],[-62.828281456128828,-6.976276761741193],[-62.837352853808653,-6.976279974063098],[-62.837355979440247,-6.967215943631888]]]}},
{"type":"Feature","properties":{"DESCRIPTION":"MDT_1418202.tif","FILENAME":"U:\\P589_AmazoniaRevelada_BR-319\\LiDAR_dataset\\ENTREGAS\\ENTREGA_01\\2_MDT\\GEOTIFF\\MDT_1418202.tif","SHRT_FNAME":"MDT_1418202.tif","UPPER_LEFT_X":"518965.569","UPPER_LEFT_Y":"9229872.202","LOWER_RIGHT_X":"519967.569","LOWER_RIGHT_Y":"9228870.202"},"geometry":{"type":"Polygon","coordinates":[[[-62.828302000455849,-6.967212741787205],[-62.819230781488514,-6.967209359938795],[-62.819227307538078,-6.976273381723097],[-62.828298700830324,-6.976276768013169],[-62.828302000455849,-6.967212741787205]]]}},
{"type":"Feature","properties":{"DESCRIPTION":"MDT_1418203.tif","FILENAME":"U:\\P589_AmazoniaRevelada_BR-319\\LiDAR_dataset\\ENTREGAS\\ENTREGA_01\\2_MDT\\GEOTIFF\\MDT_1418203.tif","SHRT_FNAME":"MDT_1418203.tif","UPPER_LEFT_X":"519965.664","UPPER_LEFT_Y":"9229872.202","LOWER_RIGHT_X":"520967.664","LOWER_RIGHT_Y":"9228870.202"},"geometry":{"type":"Polygon","coordinates":[[[-62.819248025850065,-6.967209366532819],[-62.810176811501194,-6.967205810944847],[-62.810173163557678,-6.976269828067963],[-62.819244552231019,-6.976273388325782],[-62.819248025850065,-6.967209366532819]]]}},
{"type":"Feature","properties":{"DESCRIPTION":"MDT_1418204.tif","FILENAME":"U:\\P589_AmazoniaRevelada_BR-319\\LiDAR_dataset\\ENTREGAS\\ENTREGA_01\\2_MDT\\GEOTIFF\\MDT_1418204.tif","SHRT_FNAME":"MDT_1418204.tif","UPPER_LEFT_X":"520965.759","UPPER_LEFT_Y":"9229872.202","LOWER_RIGHT_X":"521967.759","LOWER_RIGHT_Y":"9228870.202"},"geometry":{"type":"Polygon","coordinates":[[[-62.810194055853749,-6.967205817869149],[-62.801122846354708,-6.967202088542056],[-62.801119024418568,-6.976266100776235],[-62.810190408241624,-6.97626983500136],[-62.810194055853749,-6.967205817869149]]]}},
{"type":"Feature","properties":{"DESCRIPTION":"MDT_1418205.tif","FILENAME":"U:\\P589_AmazoniaRevelada_BR-319\\LiDAR_dataset\\ENTREGAS\\ENTREGA_01\\2_MDT\\GEOTIFF\\MDT_1418205.tif","SHRT_FNAME":"MDT_1418205.tif","UPPER_LEFT_X":"521965.854","UPPER_LEFT_Y":"9229872.202","LOWER_RIGHT_X":"522967.854","LOWER_RIGHT_Y":"9228870.202"},"geometry":{"type":"Polygon","coordinates":[[[-62.801140090697807,-6.967202095796638],[-62.792068886279907,-6.967198192730889],[-62.792064890351618,-6.976262199848377],[-62.801136269093057,-6.976266108040345],[-62.801140090697807,-6.967202095796638]]]}},
{"type":"Feature","properties":{"DESCRIPTION":"MDT_1418206.tif","FILENAME":"U:\\P589_AmazoniaRevelada_BR-319\\LiDAR_dataset\\ENTREGAS\\ENTREGA_01\\2_MDT\\GEOTIFF\\MDT_1418206.tif","SHRT_FNAME":"MDT_1418206.tif","UPPER_LEFT_X":"522965.950","UPPER_LEFT_Y":"9229872.202","LOWER_RIGHT_X":"523967.950","LOWER_RIGHT_Y":"9228870.202"},"geometry":{"type":"Polygon","coordinates":[[[-62.792086130613136,-6.967198200315744],[-62.783014931507701,-6.967194123511823],[-62.783010761587768,-6.976258125284873],[-62.792082135016237,-6.976262207443195],[-62.792086130613136,-6.967198200315744]]]}},
{"type":"Feature","properties":{"DESCRIPTION":"MDT_1418207.tif","FILENAME":"U:\\P589_AmazoniaRevelada_BR-319\\LiDAR_dataset\\ENTREGAS\\ENTREGA_01\\2_MDT\\GEOTIFF\\MDT_1418207.tif","SHRT_FNAME":"MDT_1418207.tif","UPPER_LEFT_X":"523966.045","UPPER_LEFT_Y":"9229872.202","LOWER_RIGHT_X":"524968.045","LOWER_RIGHT_Y":"9228870.202"},"geometry":{"type":"Polygon","coordinates":[[[-62.783032175830613,-6.967194131426957],[-62.773960982268967,-6.96718988088537],[-62.773956638357916,-6.976253877086228],[-62.78302800624207,-6.976258133210401],[-62.783032175830613,-6.967194131426957]]]}},
{"type":"Feature","properties":{"DESCRIPTION":"MDT_1418208.tif","FILENAME":"U:\\P589_AmazoniaRevelada_BR-319\\LiDAR_dataset\\ENTREGAS\\ENTREGA_01\\2_MDT\\GEOTIFF\\MDT_1418208.tif","SHRT_FNAME":"MDT_1418208.tif","UPPER_LEFT_X":"524966.140","UPPER_LEFT_Y":"9229872.202","LOWER_RIGHT_X":"525968.140","LOWER_RIGHT_Y":"9228870.202"},"geometry":{"type":"Polygon","coordinates":[[[-62.773978226581121,-6.967189889130776],[-62.764907038794604,-6.967185464852053],[-62.76490252089296,-6.976249455252971],[-62.773973883001453,-6.976253885342464],[-62.773978226581121,-6.967189889130776]]]}},
{"type":"Feature","properties":{"DESCRIPTION":"MDT_1418209.tif","FILENAME":"U:\\P589_AmazoniaRevelada_BR-319\\LiDAR_dataset\\ENTREGAS\\ENTREGA_01\\2_MDT\\GEOTIFF\\MDT_1418209.tif","SHRT_FNAME":"MDT_1418209.tif","UPPER_LEFT_X":"525966.235","UPPER_LEFT_Y":"9229872.202","LOWER_RIGHT_X":"526968.235","LOWER_RIGHT_Y":"9228870.202"},"geometry":{"type":"Polygon","coordinates":[[[-62.764924283095553,-6.967185473427732],[-62.755853101315481,-6.967180875412422],[-62.755848409423834,-6.976244859785652],[-62.764919765525299,-6.976249463839914],[-62.764924283095553,-6.967185473427732]]]}},
{"type":"Feature","properties":{"DESCRIPTION":"MDT_1418210.tif","FILENAME":"U:\\P589_AmazoniaRevelada_BR-319\\LiDAR_dataset\\ENTREGAS\\ENTREGA_01\\2_MDT\\GEOTIFF\\MDT_1418210.tif","SHRT_FNAME":"MDT_1418210.tif","UPPER_LEFT_X":"526966.330","UPPER_LEFT_Y":"9229872.202","LOWER_RIGHT_X":"527968.330","LOWER_RIGHT_Y":"9228870.202"},"geometry":{"type":"Polygon","coordinates":[[[-62.755870345604791,-6.967180884318375],[-62.746799170062481,-6.967176112567048],[-62.7467943041814,-6.976240090684843],[-62.755865654044534,-6.976244868703303],[-62.755870345604791,-6.967180884318375]]]}},
{"type":"Feature","properties":{"DESCRIPTION":"MDT_1418211.tif","FILENAME":"U:\\P589_AmazoniaRevelada_BR-319\\LiDAR_dataset\\ENTREGAS\\ENTREGA_01\\2_MDT\\GEOTIFF\\MDT_1418211.tif","SHRT_FNAME":"MDT_1418211.tif","UPPER_LEFT_X":"527966.426","UPPER_LEFT_Y":"9229872.202","LOWER_RIGHT_X":"528968.426","LOWER_RIGHT_Y":"9228870.202"},"geometry":{"type":"Polygon","coordinates":[[[-62.746816414339719,-6.967176121803273],[-62.737745245266495,-6.967171176316524],[-62.737740205396605,-6.976235147951133],[-62.746811548790028,-6.976240099933197],[-62.746816414339719,-6.967176121803273]]]}},
{"type":"Feature","properties":{"DESCRIPTION":"MDT_1418212.tif","FILENAME":"U:\\P589_AmazoniaRevelada_BR-319\\LiDAR_dataset\\ENTREGAS\\ENTREGA_01\\2_MDT\\GEOTIFF\\MDT_1418212.tif","SHRT_FNAME":"MDT_1418212.tif","UPPER_LEFT_X":"528966.521","UPPER_LEFT_Y":"9229872.202","LOWER_RIGHT_X":"529968.521","LOWER_RIGHT_Y":"9228870.202"},"geometry":{"type":"Polygon","coordinates":[[[-62.737762489531214,-6.967171185883016],[-62.728691327158401,-6.967166066661458],[-62.728686113300341,-6.976230031585139],[-62.737757449992714,-6.976235157530192],[-62.737762489531214,-6.967171185883016]]]}},
{"type":"Feature","properties":{"DESCRIPTION":"MDT_1418213.tif","FILENAME":"U:\\P589_AmazoniaRevelada_BR-319\\LiDAR_dataset\\ENTREGAS\\ENTREGA_01\\2_MDT\\GEOTIFF\\MDT_1418213.tif","SHRT_FNAME":"MDT_1418213.tif","UPPER_LEFT_X":"529966.616","UPPER_LEFT_Y":"9229872.202","LOWER_RIGHT_X":"530968.616","LOWER_RIGHT_Y":"9228870.202"},"geometry":{"type":"Polygon","coordinates":[[[-62.728708571410166,-6.967166076558221],[-62.719637415969089,-6.96716078360249],[-62.719632028123506,-6.976224741587497],[-62.728703357883482,-6.9762300414949],[-62.728708571410166,-6.967166076558221]]]}},
{"type":"Feature","properties":{"DESCRIPTION":"MDT_1418214.tif","FILENAME":"U:\\P589_AmazoniaRevelada_BR-319\\LiDAR_dataset\\ENTREGAS\\ENTREGA_01\\2_MDT\\GEOTIFF\\MDT_1418214.tif","SHRT_FNAME":"MDT_1418214.tif","UPPER_LEFT_X":"530966.711","UPPER_LEFT_Y":"9229872.202","LOWER_RIGHT_X":"531968.711","LOWER_RIGHT_Y":"9228870.202"},"geometry":{"type":"Polygon","coordinates":[[[-62.719654660207468,-6.967160793829521],[-62.710583511929443,-6.967155327140278],[-62.710577950096997,-6.976219277958863],[-62.719649272693253,-6.976224751827958],[-62.719654660207468,-6.967160793829521]]]}},
{"type":"Feature","properties":{"DESCRIPTION":"MDT_1418215.tif","FILENAME":"U:\\P589_AmazoniaRevelada_BR-319\\LiDAR_dataset\\ENTREGAS\\ENTREGA_01\\2_MDT\\GEOTIFF\\MDT_1418215.tif","SHRT_FNAME":"MDT_1418215.tif","UPPER_LEFT_X":"531966.806","UPPER_LEFT_Y":"9229872.202","LOWER_RIGHT_X":"532968.806","LOWER_RIGHT_Y":"9228870.202"},"geometry":{"type":"Polygon","coordinates":[[[-62.710600756153973,-6.967155337697573],[-62.701529615270324,-6.967149697275492],[-62.701523879451727,-6.976213640699916],[-62.710595194652903,-6.976219288530024],[-62.710600756153973,-6.967155337697573]]]}},
{"type":"Feature","properties":{"DESCRIPTION":"MDT_1418216.tif","FILENAME":"U:\\P589_AmazoniaRevelada_BR-319\\LiDAR_dataset\\ENTREGAS\\ENTREGA_01\\2_MDT\\GEOTIFF\\MDT_1418216.tif","SHRT_FNAME":"MDT_1418216.tif","UPPER_LEFT_X":"532966.902","UPPER_LEFT_Y":"9229872.202","LOWER_RIGHT_X":"533968.902","LOWER_RIGHT_Y":"9228870.202"},"geometry":{"type":"Polygon","coordinates":[[[-62.70154685948058,-6.967149708163054],[-62.692475726222625,-6.967143894008839],[-62.692469816418587,-6.976207829811355],[-62.701541123993358,-6.976213651601777],[-62.70154685948058,-6.967149708163054]]]}},
{"type":"Feature","properties":{"DESCRIPTION":"MDT_1418217.tif","FILENAME":"U:\\P589_AmazoniaRevelada_BR-319\\LiDAR_dataset\\ENTREGAS\\ENTREGA_01\\2_MDT\\GEOTIFF\\MDT_1418217.tif","SHRT_FNAME":"MDT_1418217.tif","UPPER_LEFT_X":"533966.997","UPPER_LEFT_Y":"9229872.202","LOWER_RIGHT_X":"534968.997","LOWER_RIGHT_Y":"9228870.202"},"geometry":{"type":"Polygon","coordinates":[[[-62.692492970418158,-6.967143905226666],[-62.683421845017222,-6.967137917341037],[-62.683415761228488,-6.976201845293907],[-62.692487060945503,-6.976207841043914],[-62.692492970418158,-6.967143905226666]]]}},
{"type":"Feature","properties":{"DESCRIPTION":"MDT_1418218.tif","FILENAME":"U:\\P589_AmazoniaRevelada_BR-319\\LiDAR_dataset\\ENTREGAS\\ENTREGA_01\\2_MDT\\GEOTIFF\\MDT_1418218.tif","SHRT_FNAME":"MDT_1418218.tif","UPPER_LEFT_X":"534967.092","UPPER_LEFT_Y":"9229872.202","LOWER_RIGHT_X":"535969.092","LOWER_RIGHT_Y":"9228870.202"},"geometry":{"type":"Polygon","coordinates":[[[-62.683439089197591,-6.967137928889125],[-62.674367971884983,-6.967131767272831],[-62.674361714112322,-6.97619568714831],[-62.683433005740248,-6.97620185685716],[-62.683439089197591,-6.967137928889125]]]}},
{"type":"Feature","properties":{"DESCRIPTION":"MDT_1418219.tif","FILENAME":"U:\\P589_AmazoniaRevelada_BR-319\\LiDAR_dataset\\ENTREGAS\\ENTREGA_01\\2_MDT\\GEOTIFF\\MDT_1418219.tif","SHRT_FNAME":"MDT_1418219.tif","UPPER_LEFT_X":"535967.187","UPPER_LEFT_Y":"9229872.202","LOWER_RIGHT_X":"536969.187","LOWER_RIGHT_Y":"9228870.202"},"geometry":{"type":"Polygon","coordinates":[[[-62.674385216049764,-6.967131779151178],[-62.665314107056801,-6.967125443804981],[-62.665307675300994,-6.976189355375332],[-62.674378958608486,-6.976195699042258],[-62.674385216049764,-6.967131779151178]]]}},
{"type":"Feature","properties":{"DESCRIPTION":"MDT_1418220.tif","FILENAME":"U:\\P589_AmazoniaRevelada_BR-319\\LiDAR_dataset\\ENTREGAS\\ENTREGA_01\\2_MDT\\GEOTIFF\\MDT_1418220.tif","SHRT_FNAME":"MDT_1418220.tif","UPPER_LEFT_X":"536967.282","UPPER_LEFT_Y":"9229872.202","LOWER_RIGHT_X":"537969.282","LOWER_RIGHT_Y":"9228870.202"},"geometry":{"type":"Polygon","coordinates":[[[-62.665331351205545,-6.967125456013589],[-62.656260250763523,-6.967118946938276],[-62.65625364502538,-6.97618284997576],[-62.665324919781114,-6.976189367599974],[-62.665331351205545,-6.967125456013589]]]}},
{"type":"Feature","properties":{"DESCRIPTION":"MDT_1418221.tif","FILENAME":"U:\\P589_AmazoniaRevelada_BR-319\\LiDAR_dataset\\ENTREGAS\\ENTREGA_01\\2_MDT\\GEOTIFF\\MDT_1418221.tif","SHRT_FNAME":"MDT_1418221.tif","UPPER_LEFT_X":"537967.378","UPPER_LEFT_Y":"9229872.202","LOWER_RIGHT_X":"538969.378","LOWER_RIGHT_Y":"9228870.202"},"geometry":{"type":"Polygon","coordinates":[[[-62.656277494895804,-6.967118959477141],[-62.647206403236055,-6.967112276673523],[-62.6471996235164,-6.976176170950402],[-62.656270889489029,-6.976182862531093],[-62.656277494895804,-6.967118959477141]]]}},
{"type":"Feature","properties":{"DESCRIPTION":"MDT_1418222.tif","FILENAME":"U:\\P589_AmazoniaRevelada_BR-319\\LiDAR_dataset\\ENTREGAS\\ENTREGA_01\\2_MDT\\GEOTIFF\\MDT_1418222.tif","SHRT_FNAME":"MDT_1418222.tif","UPPER_LEFT_X":"538967.473","UPPER_LEFT_Y":"9229872.202","LOWER_RIGHT_X":"539969.473","LOWER_RIGHT_Y":"9228870.202"},"geometry":{"type":"Polygon","coordinates":[[[-62.647223647351403,-6.967112289542644],[-62.638152564705251,-6.967105433011548],[-62.638145611004923,-6.976169318300086],[-62.647216867963124,-6.976176183836426],[-62.647223647351403,-6.967112289542644]]]}},
{"type":"Feature","properties":{"DESCRIPTION":"MDT_1418223.tif","FILENAME":"U:\\P589_AmazoniaRevelada_BR-319\\LiDAR_dataset\\ENTREGAS\\ENTREGA_01\\2_MDT\\GEOTIFF\\MDT_1418223.tif","SHRT_FNAME":"MDT_1418223.tif","UPPER_LEFT_X":"539967.568","UPPER_LEFT_Y":"9229872.202","LOWER_RIGHT_X":"540969.568","LOWER_RIGHT_Y":"9228870.202"},"geometry":{"type":"Polygon","coordinates":[[[-62.638169808803255,-6.967105446210925],[-62.629098735401982,-6.967098415953204],[-62.629091607721868,-6.976162292025667],[-62.638162855434295,-6.976169331516799],[-62.638169808803255,-6.967105446210925]]]}},
{"type":"Feature","properties":{"DESCRIPTION":"MDT_1418224.tif","FILENAME":"U:\\P589_AmazoniaRevelada_BR-319\\LiDAR_dataset\\ENTREGAS\\ENTREGA_01\\2_MDT\\GEOTIFF\\MDT_1418224.tif","SHRT_FNAME":"MDT_1418224.tif","UPPER_LEFT_X":"540967.663","UPPER_LEFT_Y":"9229872.202","LOWER_RIGHT_X":"541969.663","LOWER_RIGHT_Y":"9228870.202"},"geometry":{"type":"Polygon","coordinates":[[[-62.629115979482194,-6.967098429482835],[-62.620044915557123,-6.967091225499364],[-62.620037613898113,-6.976155092128014],[-62.629108852133442,-6.976162305573066],[-62.629115979482194,-6.967098429482835]]]}},
{"type":"Feature","properties":{"DESCRIPTION":"MDT_1418225.tif","FILENAME":"U:\\P589_AmazoniaRevelada_BR-319\\LiDAR_dataset\\ENTREGAS\\ENTREGA_01\\2_MDT\\GEOTIFF\\MDT_1418225.tif","SHRT_FNAME":"MDT_1418225.tif","UPPER_LEFT_X":"541967.758","UPPER_LEFT_Y":"9229872.202","LOWER_RIGHT_X":"542969.758","LOWER_RIGHT_Y":"9228870.202"},"geometry":{"type":"Polygon","coordinates":[[[-62.620062159619103,-6.967091239359244],[-62.610991105401546,-6.967083861650919],[-62.610983629764554,-6.976147718608025],[-62.620054858291454,-6.9761551060061],[-62.620062159619103,-6.967091239359244]]]}},
{"type":"Feature","properties":{"DESCRIPTION":"MDT_1418226.tif","FILENAME":"U:\\P589_AmazoniaRevelada_BR-319\\LiDAR_dataset\\ENTREGAS\\ENTREGA_01\\2_MDT\\GEOTIFF\\MDT_1418226.tif","SHRT_FNAME":"MDT_1418226.tif","UPPER_LEFT_X":"542967.854","UPPER_LEFT_Y":"9229872.202","LOWER_RIGHT_X":"543969.854","LOWER_RIGHT_Y":"9228870.202"},"geometry":{"type":"Polygon","coordinates":[[[-62.611008349444845,-6.96708387584105],[-62.601937305166103,-6.967076324408785],[-62.60192965555207,-6.976140171466615],[-62.611000874139215,-6.976147732816793],[-62.611008349444845,-6.96708387584105]]]}},
{"type":"Feature","properties":{"DESCRIPTION":"MDT_1418227.tif","FILENAME":"U:\\P589_AmazoniaRevelada_BR-319\\LiDAR_dataset\\ENTREGAS\\ENTREGA_01\\2_MDT\\GEOTIFF\\MDT_1418227.tif","SHRT_FNAME":"MDT_1418227.tif","UPPER_LEFT_X":"543967.949","UPPER_LEFT_Y":"9229872.202","LOWER_RIGHT_X":"544969.949","LOWER_RIGHT_Y":"9228870.202"},"geometry":{"type":"Polygon","coordinates":[[[-62.601954549190296,-6.967076338929162],[-62.592883515081681,-6.967068613773896],[-62.592875691491564,-6.976132450704721],[-62.601946899907624,-6.976140186006065],[-62.601954549190296,-6.967076338929162]]]}},
{"type":"Feature","properties":{"DESCRIPTION":"MDT_1418228.tif","FILENAME":"U:\\P589_AmazoniaRevelada_BR-319\\LiDAR_dataset\\ENTREGAS\\ENTREGA_01\\2_MDT\\GEOTIFF\\MDT_1418228.tif","SHRT_FNAME":"MDT_1418228.tif","UPPER_LEFT_X":"544968.044","UPPER_LEFT_Y":"9229872.202","LOWER_RIGHT_X":"545970.044","LOWER_RIGHT_Y":"9228870.202"},"geometry":{"type":"Polygon","coordinates":[[[-62.592900759086326,-6.96706862862452],[-62.58382973537914,-6.967060729747214],[-62.583821737813913,-6.976124556323303],[-62.59289293582755,-6.976132465574851],[-62.592900759086326,-6.96706862862452]]]}},
{"type":"Feature","properties":{"DESCRIPTION":"MDT_1418229.tif","FILENAME":"U:\\P589_AmazoniaRevelada_BR-319\\LiDAR_dataset\\ENTREGAS\\ENTREGA_01\\2_MDT\\GEOTIFF\\MDT_1418229.tif","SHRT_FNAME":"MDT_1418229.tif","UPPER_LEFT_X":"545968.139","UPPER_LEFT_Y":"9229872.202","LOWER_RIGHT_X":"546970.139","LOWER_RIGHT_Y":"9228870.202"},"geometry":{"type":"Polygon","coordinates":[[[-62.583846979363784,-6.967060744928084],[-62.57477596628933,-6.967052672329717],[-62.574767794750002,-6.976116488323344],[-62.583838982129919,-6.976124571524111],[-62.583846979363784,-6.967060744928084]]]}},
{"type":"Feature","properties":{"DESCRIPTION":"MDT_1418230.tif","FILENAME":"U:\\P589_AmazoniaRevelada_BR-319\\LiDAR_dataset\\ENTREGAS\\ENTREGA_01\\2_MDT\\GEOTIFF\\MDT_1418230.tif","SHRT_FNAME":"MDT_1418230.tif","UPPER_LEFT_X":"546968.234","UPPER_LEFT_Y":"9229872.202","LOWER_RIGHT_X":"547970.234","LOWER_RIGHT_Y":"9228870.202"},"geometry":{"type":"Polygon","coordinates":[[[-62.574793210253539,-6.967052687840828],[-62.565722208043127,-6.967044441522405],[-62.565713862530728,-6.976108246705842],[-62.574785039045572,-6.976116503854827],[-62.574793210253539,-6.967052687840828]]]}},
{"type":"Feature","properties":{"DESCRIPTION":"MDT_1418231.tif","FILENAME":"U:\\P589_AmazoniaRevelada_BR-319\\LiDAR_dataset\\ENTREGAS\\ENTREGA_01\\2_MDT\\GEOTIFF\\MDT_1418231.tif","SHRT_FNAME":"MDT_1418231.tif","UPPER_LEFT_X":"547968.330","UPPER_LEFT_Y":"9229872.202","LOWER_RIGHT_X":"548970.330","LOWER_RIGHT_Y":"9228870.202"},"geometry":{"type":"Polygon","coordinates":[[[-62.56573945198646,-6.967044457363756],[-62.556668460871386,-6.967036037326302],[-62.556659941386961,-6.976099831471823],[-62.565731106805409,-6.976108262567998],[-62.56573945198646,-6.967044457363756]]]}},
{"type":"Feature","properties":{"DESCRIPTION":"MDT_1419114.tif","FILENAME":"U:\\P589_AmazoniaRevelada_BR-319\\LiDAR_dataset\\ENTREGAS\\ENTREGA_01\\2_MDT\\GEOTIFF\\MDT_1419114.tif","SHRT_FNAME":"MDT_1419114.tif","UPPER_LEFT_X":"430957.191","UPPER_LEFT_Y":"9228872.327","LOWER_RIGHT_X":"431959.191","LOWER_RIGHT_Y":"9227870.327"},"geometry":{"type":"Polygon","coordinates":[[[-63.625054677004137,-6.975875003641744],[-63.615983783576702,-6.97588692567322],[-63.61599563598093,-6.984950462285084],[-63.625066703917774,-6.984938524615365],[-63.625054677004137,-6.975875003641744]]]}},
{"type":"Feature","properties":{"DESCRIPTION":"MDT_1419115.tif","FILENAME":"U:\\P589_AmazoniaRevelada_BR-319\\LiDAR_dataset\\ENTREGAS\\ENTREGA_01\\2_MDT\\GEOTIFF\\MDT_1419115.tif","SHRT_FNAME":"MDT_1419115.tif","UPPER_LEFT_X":"431957.286","UPPER_LEFT_Y":"9228872.327","LOWER_RIGHT_X":"432959.286","LOWER_RIGHT_Y":"9227870.327"},"geometry":{"type":"Polygon","coordinates":[[[-63.616001027338754,-6.97588690317478],[-63.6069301181725,-6.97589865128471],[-63.606941796397585,-6.984962203277168],[-63.616012880074727,-6.98495043975713],[-63.616001027338754,-6.97588690317478]]]}},
{"type":"Feature","properties":{"DESCRIPTION":"MDT_1419116.tif","FILENAME":"U:\\P589_AmazoniaRevelada_BR-319\\LiDAR_dataset\\ENTREGAS\\ENTREGA_01\\2_MDT\\GEOTIFF\\MDT_1419116.tif","SHRT_FNAME":"MDT_1419116.tif","UPPER_LEFT_X":"432957.382","UPPER_LEFT_Y":"9228872.327","LOWER_RIGHT_X":"433959.382","LOWER_RIGHT_Y":"9227870.327"},"geometry":{"type":"Polygon","coordinates":[[[-63.606947361964245,-6.975898629116893],[-63.597876437290481,-6.975910203303818],[-63.59788794133496,-6.98497377044917],[-63.606959040521076,-6.984962181080275],[-63.606947361964245,-6.975898629116893]]]}},
{"type":"Feature","properties":{"DESCRIPTION":"MDT_1419117.tif","FILENAME":"U:\\P589_AmazoniaRevelada_BR-319\\LiDAR_dataset\\ENTREGAS\\ENTREGA_01\\2_MDT\\GEOTIFF\\MDT_1419117.tif","SHRT_FNAME":"MDT_1419117.tif","UPPER_LEFT_X":"433957.477","UPPER_LEFT_Y":"9228872.327","LOWER_RIGHT_X":"434959.477","LOWER_RIGHT_Y":"9227870.327"},"geometry":{"type":"Polygon","coordinates":[[[-63.597893681111486,-6.975910181466631],[-63.588822741161479,-6.975921581729111],[-63.588834071023918,-6.984985163799653],[-63.597905185487718,-6.984973748583339],[-63.597893681111486,-6.975910181466631]]]}},
{"type":"Feature","properties":{"DESCRIPTION":"MDT_1419118.tif","FILENAME":"U:\\P589_AmazoniaRevelada_BR-319\\LiDAR_dataset\\ENTREGAS\\ENTREGA_01\\2_MDT\\GEOTIFF\\MDT_1419118.tif","SHRT_FNAME":"MDT_1419118.tif","UPPER_LEFT_X":"434957.572","UPPER_LEFT_Y":"9228872.327","LOWER_RIGHT_X":"435959.572","LOWER_RIGHT_Y":"9227870.327"},"geometry":{"type":"Polygon","coordinates":[[[-63.588839985011312,-6.975921560222553],[-63.579769030016372,-6.975932786559174],[-63.579780185695334,-6.984996383327204],[-63.588851315205503,-6.984985142264887],[-63.588839985011312,-6.975921560222553]]]}},
{"type":"Feature","properties":{"DESCRIPTION":"MDT_1419119.tif","FILENAME":"U:\\P589_AmazoniaRevelada_BR-319\\LiDAR_dataset\\ENTREGAS\\ENTREGA_01\\2_MDT\\GEOTIFF\\MDT_1419119.tif","SHRT_FNAME":"MDT_1419119.tif","UPPER_LEFT_X":"435957.667","UPPER_LEFT_Y":"9228872.327","LOWER_RIGHT_X":"436959.667","LOWER_RIGHT_Y":"9227870.327"},"geometry":{"type":"Polygon","coordinates":[[[-63.579786273894584,-6.975932765383252],[-63.570715304085994,-6.975943817792617],[-63.570726285580079,-6.985007429030422],[-63.579797429905298,-6.984996362123504],[-63.579786273894584,-6.975932765383252]]]}},
{"type":"Feature","properties":{"DESCRIPTION":"MDT_1419120.tif","FILENAME":"U:\\P589_AmazoniaRevelada_BR-319\\LiDAR_dataset\\ENTREGAS\\ENTREGA_01\\2_MDT\\GEOTIFF\\MDT_1419120.tif","SHRT_FNAME":"MDT_1419120.tif","UPPER_LEFT_X":"436957.762","UPPER_LEFT_Y":"9228872.327","LOWER_RIGHT_X":"437959.762","LOWER_RIGHT_Y":"9227870.327"},"geometry":{"type":"Polygon","coordinates":[[[-63.570732547992137,-6.97594379694733],[-63.561661563601206,-6.975954675428067],[-63.561672370909058,-6.985018300907941],[-63.570743529817996,-6.985007408157794],[-63.570732547992137,-6.97594379694733]]]}},
{"type":"Feature","properties":{"DESCRIPTION":"MDT_1419121.tif","FILENAME":"U:\\P589_AmazoniaRevelada_BR-319\\LiDAR_dataset\\ENTREGAS\\ENTREGA_01\\2_MDT\\GEOTIFF\\MDT_1419121.tif","SHRT_FNAME":"MDT_1419121.tif","UPPER_LEFT_X":"437957.858","UPPER_LEFT_Y":"9228872.327","LOWER_RIGHT_X":"438959.858","LOWER_RIGHT_Y":"9227870.327"},"geometry":{"type":"Polygon","coordinates":[[[-63.561678807534854,-6.975954654913419],[-63.552607808792864,-6.975965359464176],[-63.552618441913111,-6.985028998958406],[-63.561689615174465,-6.985018280366385],[-63.561678807534854,-6.975954654913419]]]}},
{"type":"Feature","properties":{"DESCRIPTION":"MDT_1419122.tif","FILENAME":"U:\\P589_AmazoniaRevelada_BR-319\\LiDAR_dataset\\ENTREGAS\\ENTREGA_01\\2_MDT\\GEOTIFF\\MDT_1419122.tif","SHRT_FNAME":"MDT_1419122.tif","UPPER_LEFT_X":"438957.953","UPPER_LEFT_Y":"9228872.327","LOWER_RIGHT_X":"439959.953","LOWER_RIGHT_Y":"9227870.327"},"geometry":{"type":"Polygon","coordinates":[[[-63.552625052753569,-6.975965339280172],[-63.543554039891823,-6.975975869899618],[-63.543564498823145,-6.98503952318049],[-63.552635686205591,-6.985028978747925],[-63.552625052753569,-6.975965339280172]]]}},
{"type":"Feature","properties":{"DESCRIPTION":"MDT_1419123.tif","FILENAME":"U:\\P589_AmazoniaRevelada_BR-319\\LiDAR_dataset\\ENTREGAS\\ENTREGA_01\\2_MDT\\GEOTIFF\\MDT_1419123.tif","SHRT_FNAME":"MDT_1419123.tif","UPPER_LEFT_X":"439958.048","UPPER_LEFT_Y":"9228872.327","LOWER_RIGHT_X":"440960.048","LOWER_RIGHT_Y":"9227870.327"},"geometry":{"type":"Polygon","coordinates":[[[-63.54357128387916,-6.975975850046257],[-63.534500257128968,-6.975986206733086],[-63.534510541870048,-6.985049873572885],[-63.543581743142241,-6.985039503301088],[-63.54357128387916,-6.975975850046257]]]}},
{"type":"Feature","properties":{"DESCRIPTION":"MDT_1419124.tif","FILENAME":"U:\\P589_AmazoniaRevelada_BR-319\\LiDAR_dataset\\ENTREGAS\\ENTREGA_01\\2_MDT\\GEOTIFF\\MDT_1419124.tif","SHRT_FNAME":"MDT_1419124.tif","UPPER_LEFT_X":"440958.143","UPPER_LEFT_Y":"9228872.327","LOWER_RIGHT_X":"441960.143","LOWER_RIGHT_Y":"9227870.327"},"geometry":{"type":"Polygon","coordinates":[[[-63.534517501142489,-6.975986187210371],[-63.525446460735139,-6.975996369963295],[-63.525456571284678,-6.985060050134307],[-63.534527786215321,-6.985049854024564],[-63.534517501142489,-6.975986187210371]]]}},
{"type":"Feature","properties":{"DESCRIPTION":"MDT_1419125.tif","FILENAME":"U:\\P589_AmazoniaRevelada_BR-319\\LiDAR_dataset\\ENTREGAS\\ENTREGA_01\\2_MDT\\GEOTIFF\\MDT_1419125.tif","SHRT_FNAME":"MDT_1419125.tif","UPPER_LEFT_X":"441958.238","UPPER_LEFT_Y":"9228872.327","LOWER_RIGHT_X":"442960.238","LOWER_RIGHT_Y":"9227870.327"},"geometry":{"type":"Polygon","coordinates":[[[-63.525463704774396,-6.97599635077123],[-63.516392650941199,-6.976006359588983],[-63.516402587297947,-6.985070052863488],[-63.525473815655708,-6.985060030917068],[-63.525463704774396,-6.97599635077123]]]}},
{"type":"Feature","properties":{"DESCRIPTION":"MDT_1419126.tif","FILENAME":"U:\\P589_AmazoniaRevelada_BR-319\\LiDAR_dataset\\ENTREGAS\\ENTREGA_01\\2_MDT\\GEOTIFF\\MDT_1419126.tif","SHRT_FNAME":"MDT_1419126.tif","UPPER_LEFT_X":"442958.334","UPPER_LEFT_Y":"9228872.327","LOWER_RIGHT_X":"443960.334","LOWER_RIGHT_Y":"9227870.327"},"geometry":{"type":"Polygon","coordinates":[[[-63.516409895005765,-6.976006340727571],[-63.507338827978039,-6.976016175608908],[-63.50734859014073,-6.985079881759187],[-63.516419831694279,-6.985070033977335],[-63.516409895005765,-6.976006340727571]]]}},
{"type":"Feature","properties":{"DESCRIPTION":"MDT_1419127.tif","FILENAME":"U:\\P589_AmazoniaRevelada_BR-319\\LiDAR_dataset\\ENTREGAS\\ENTREGA_01\\2_MDT\\GEOTIFF\\MDT_1419127.tif","SHRT_FNAME":"MDT_1419127.tif","UPPER_LEFT_X":"443958.429","UPPER_LEFT_Y":"9228872.327","LOWER_RIGHT_X":"444960.429","LOWER_RIGHT_Y":"9227870.327"},"geometry":{"type":"Polygon","coordinates":[[[-63.507356072067459,-6.976016157078148],[-63.498284992076506,-6.976025818021852],[-63.498294580043932,-6.985089536820183],[-63.507365834561931,-6.985079863204121],[-63.507356072067459,-6.976016157078148]]]}},
{"type":"Feature","properties":{"DESCRIPTION":"MDT_1419128.tif","FILENAME":"U:\\P589_AmazoniaRevelada_BR-319\\LiDAR_dataset\\ENTREGAS\\ENTREGA_01\\2_MDT\\GEOTIFF\\MDT_1419128.tif","SHRT_FNAME":"MDT_1419128.tif","UPPER_LEFT_X":"444958.524","UPPER_LEFT_Y":"9228872.327","LOWER_RIGHT_X":"445960.524","LOWER_RIGHT_Y":"9227870.327"},"geometry":{"type":"Polygon","coordinates":[[[-63.498302236190355,-6.976025799821749],[-63.489231143467478,-6.976035286826614],[-63.489240557238425,-6.985099018045275],[-63.498311824489548,-6.985089518596206],[-63.498302236190355,-6.976025799821749]]]}},
{"type":"Feature","properties":{"DESCRIPTION":"MDT_1419129.tif","FILENAME":"U:\\P589_AmazoniaRevelada_BR-319\\LiDAR_dataset\\ENTREGAS\\ENTREGA_01\\2_MDT\\GEOTIFF\\MDT_1419129.tif","SHRT_FNAME":"MDT_1419129.tif","UPPER_LEFT_X":"445958.619","UPPER_LEFT_Y":"9228872.327","LOWER_RIGHT_X":"446960.619","LOWER_RIGHT_Y":"9227870.327"},"geometry":{"type":"Polygon","coordinates":[[[-63.489248387605315,-6.976035268957171],[-63.480177282381831,-6.976044582022022],[-63.480186521955119,-6.985108325433286],[-63.489257801708035,-6.985099000152391],[-63.489248387605315,-6.976035268957171]]]}},
{"type":"Feature","properties":{"DESCRIPTION":"MDT_1419130.tif","FILENAME":"U:\\P589_AmazoniaRevelada_BR-319\\LiDAR_dataset\\ENTREGAS\\ENTREGA_01\\2_MDT\\GEOTIFF\\MDT_1419130.tif","SHRT_FNAME":"MDT_1419130.tif","UPPER_LEFT_X":"446958.714","UPPER_LEFT_Y":"9228872.327","LOWER_RIGHT_X":"447960.714","LOWER_RIGHT_Y":"9227870.327"},"geometry":{"type":"Polygon","coordinates":[[[-63.480194526543208,-6.976044564483239],[-63.471123409050421,-6.976053703606916],[-63.471132474424898,-6.985117458983058],[-63.48020376644827,-6.985108307871497],[-63.480194526543208,-6.976044564483239]]]}},
{"type":"Feature","properties":{"DESCRIPTION":"MDT_1419131.tif","FILENAME":"U:\\P589_AmazoniaRevelada_BR-319\\LiDAR_dataset\\ENTREGAS\\ENTREGA_01\\2_MDT\\GEOTIFF\\MDT_1419131.tif","SHRT_FNAME":"MDT_1419131.tif","UPPER_LEFT_X":"447958.810","UPPER_LEFT_Y":"9228872.327","LOWER_RIGHT_X":"448960.810","LOWER_RIGHT_Y":"9227870.327"},"geometry":{"type":"Polygon","coordinates":[[[-63.471140653234905,-6.976053686398798],[-63.462069523704137,-6.976062651580168],[-63.462078414878668,-6.98512641869346],[-63.471149718941163,-6.985117441752367],[-63.471140653234905,-6.976053686398798]]]}},
{"type":"Feature","properties":{"DESCRIPTION":"MDT_1419132.tif","FILENAME":"U:\\P589_AmazoniaRevelada_BR-319\\LiDAR_dataset\\ENTREGAS\\ENTREGA_01\\2_MDT\\GEOTIFF\\MDT_1419132.tif","SHRT_FNAME":"MDT_1419132.tif","UPPER_LEFT_X":"448958.905","UPPER_LEFT_Y":"9228872.327","LOWER_RIGHT_X":"449960.905","LOWER_RIGHT_Y":"9227870.327"},"geometry":{"type":"Polygon","coordinates":[[[-63.462086767911281,-6.976062634702712],[-63.453015626573865,-6.976071425940663],[-63.453024343547327,-6.985135204563375],[-63.462095659417592,-6.985126401793866],[-63.462086767911281,-6.976062634702712]]]}},
{"type":"Feature","properties":{"DESCRIPTION":"MDT_1419133.tif","FILENAME":"U:\\P589_AmazoniaRevelada_BR-319\\LiDAR_dataset\\ENTREGAS\\ENTREGA_01\\2_MDT\\GEOTIFF\\MDT_1419133.tif","SHRT_FNAME":"MDT_1419133.tif","UPPER_LEFT_X":"449959.000","UPPER_LEFT_Y":"9228872.327","LOWER_RIGHT_X":"450961.000","LOWER_RIGHT_Y":"9227870.327"},"geometry":{"type":"Polygon","coordinates":[[[-63.453032870803227,-6.976071409393873],[-63.443961717890453,-6.976080026687309],[-63.443970260661771,-6.985143816591712],[-63.453041588108476,-6.985135187994881],[-63.453032870803227,-6.976071409393873]]]}},
{"type":"Feature","properties":{"DESCRIPTION":"MDT_1419134.tif","FILENAME":"U:\\P589_AmazoniaRevelada_BR-319\\LiDAR_dataset\\ENTREGAS\\ENTREGA_01\\2_MDT\\GEOTIFF\\MDT_1419134.tif","SHRT_FNAME":"MDT_1419134.tif","UPPER_LEFT_X":"450959.095","UPPER_LEFT_Y":"9228872.327","LOWER_RIGHT_X":"451961.095","LOWER_RIGHT_Y":"9227870.327"},"geometry":{"type":"Polygon","coordinates":[[[-63.443978962141607,-6.97608001047119],[-63.434907797884811,-6.97608845381904],[-63.434916166452886,-6.9851522547774],[-63.443987505244714,-6.985143800354321],[-63.443978962141607,-6.97608001047119]]]}},
{"type":"Feature","properties":{"DESCRIPTION":"MDT_1419135.tif","FILENAME":"U:\\P589_AmazoniaRevelada_BR-319\\LiDAR_dataset\\ENTREGAS\\ENTREGA_01\\2_MDT\\GEOTIFF\\MDT_1419135.tif","SHRT_FNAME":"MDT_1419135.tif","UPPER_LEFT_X":"451959.190","UPPER_LEFT_Y":"9228872.327","LOWER_RIGHT_X":"452961.190","LOWER_RIGHT_Y":"9227870.327"},"geometry":{"type":"Polygon","coordinates":[[[-63.434925042157303,-6.976088437933592],[-63.425853866787804,-6.976096707334809],[-63.425862061151605,-6.985160519119394],[-63.43493341105718,-6.985152238871116],[-63.434925042157303,-6.976088437933592]]]}},
{"type":"Feature","properties":{"DESCRIPTION":"MDT_1419136.tif","FILENAME":"U:\\P589_AmazoniaRevelada_BR-319\\LiDAR_dataset\\ENTREGAS\\ENTREGA_01\\2_MDT\\GEOTIFF\\MDT_1419136.tif","SHRT_FNAME":"MDT_1419136.tif","UPPER_LEFT_X":"452959.286","UPPER_LEFT_Y":"9228872.327","LOWER_RIGHT_X":"453961.286","LOWER_RIGHT_Y":"9227870.327"},"geometry":{"type":"Polygon","coordinates":[[[-63.425871111081207,-6.976096691780036],[-63.416799924830329,-6.976104787233592],[-63.416807944988818,-6.985168609616665],[-63.42587930577681,-6.985160503544216],[-63.425871111081207,-6.976096691780036]]]}},
{"type":"Feature","properties":{"DESCRIPTION":"MDT_1419137.tif","FILENAME":"U:\\P589_AmazoniaRevelada_BR-319\\LiDAR_dataset\\ENTREGAS\\ENTREGA_01\\2_MDT\\GEOTIFF\\MDT_1419137.tif","SHRT_FNAME":"MDT_1419137.tif","UPPER_LEFT_X":"453959.381","UPPER_LEFT_Y":"9228872.327","LOWER_RIGHT_X":"454961.381","LOWER_RIGHT_Y":"9227870.327"},"geometry":{"type":"Polygon","coordinates":[[[-63.416817169144196,-6.97610477200949],[-63.407745972243241,-6.97611269351438],[-63.407753818195438,-6.985176526268206],[-63.41682518963448,-6.985168594372595],[-63.416817169144196,-6.97610477200949]]]}},
{"type":"Feature","properties":{"DESCRIPTION":"MDT_1419138.tif","FILENAME":"U:\\P589_AmazoniaRevelada_BR-319\\LiDAR_dataset\\ENTREGAS\\ENTREGA_01\\2_MDT\\GEOTIFF\\MDT_1419138.tif","SHRT_FNAME":"MDT_1419138.tif","UPPER_LEFT_X":"454959.476","UPPER_LEFT_Y":"9228872.327","LOWER_RIGHT_X":"455961.476","LOWER_RIGHT_Y":"9227870.327"},"geometry":{"type":"Polygon","coordinates":[[[-63.407763216577145,-6.976112678620956],[-63.398692009257459,-6.976120426176194],[-63.398699681002348,-6.985184269073037],[-63.407771062861123,-6.985176511355248],[-63.407763216577145,-6.976112678620956]]]}},
{"type":"Feature","properties":{"DESCRIPTION":"MDT_1419139.tif","FILENAME":"U:\\P589_AmazoniaRevelada_BR-319\\LiDAR_dataset\\ENTREGAS\\ENTREGA_01\\2_MDT\\GEOTIFF\\MDT_1419139.tif","SHRT_FNAME":"MDT_1419139.tif","UPPER_LEFT_X":"455959.571","UPPER_LEFT_Y":"9228872.327","LOWER_RIGHT_X":"456961.571","LOWER_RIGHT_Y":"9227870.327"},"geometry":{"type":"Polygon","coordinates":[[[-63.398709253610939,-6.97612041161345],[-63.389638036103854,-6.976127985218073],[-63.389645533640497,-6.985191838030193],[-63.39871692568763,-6.985184254491189],[-63.398709253610939,-6.97612041161345]]]}},
{"type":"Feature","properties":{"DESCRIPTION":"MDT_1419140.tif","FILENAME":"U:\\P589_AmazoniaRevelada_BR-319\\LiDAR_dataset\\ENTREGAS\\ENTREGA_01\\2_MDT\\GEOTIFF\\MDT_1419140.tif","SHRT_FNAME":"MDT_1419140.tif","UPPER_LEFT_X":"456959.666","UPPER_LEFT_Y":"9228872.327","LOWER_RIGHT_X":"457961.666","LOWER_RIGHT_Y":"9227870.327"},"geometry":{"type":"Polygon","coordinates":[[[-63.389655280476475,-6.976127970986007],[-63.380584053013315,-6.976135370639079],[-63.38059137634076,-6.985199233138735],[-63.38966277834492,-6.985191823779461],[-63.389655280476475,-6.976127970986007]]]}},
{"type":"Feature","properties":{"DESCRIPTION":"MDT_1419141.tif","FILENAME":"U:\\P589_AmazoniaRevelada_BR-319\\LiDAR_dataset\\ENTREGAS\\ENTREGA_01\\2_MDT\\GEOTIFF\\MDT_1419141.tif","SHRT_FNAME":"MDT_1419141.tif","UPPER_LEFT_X":"457959.762","UPPER_LEFT_Y":"9228872.327","LOWER_RIGHT_X":"458961.762","LOWER_RIGHT_Y":"9227870.327"},"geometry":{"type":"Polygon","coordinates":[[[-63.380601297404645,-6.976135356737696],[-63.371530060216728,-6.97614258243829],[-63.371537209334058,-6.985206454397743],[-63.380608621063885,-6.985199219219118],[-63.380601297404645,-6.976135356737696]]]}},
{"type":"Feature","properties":{"DESCRIPTION":"MDT_1419142.tif","FILENAME":"U:\\P589_AmazoniaRevelada_BR-319\\LiDAR_dataset\\ENTREGAS\\ENTREGA_01\\2_MDT\\GEOTIFF\\MDT_1419142.tif","SHRT_FNAME":"MDT_1419142.tif","UPPER_LEFT_X":"458959.857","UPPER_LEFT_Y":"9228872.327","LOWER_RIGHT_X":"459961.857","LOWER_RIGHT_Y":"9227870.327"},"geometry":{"type":"Polygon","coordinates":[[[-63.371547304626326,-6.976142568867593],[-63.362476057944981,-6.976149620614815],[-63.362483032851301,-6.98521350180632],[-63.371554454075451,-6.985206440809245],[-63.371547304626326,-6.976142568867593]]]}},
{"type":"Feature","properties":{"DESCRIPTION":"MDT_1419143.tif","FILENAME":"U:\\P589_AmazoniaRevelada_BR-319\\LiDAR_dataset\\ENTREGAS\\ENTREGA_01\\2_MDT\\GEOTIFF\\MDT_1419143.tif","SHRT_FNAME":"MDT_1419143.tif","UPPER_LEFT_X":"459959.952","UPPER_LEFT_Y":"9228872.327","LOWER_RIGHT_X":"460961.952","LOWER_RIGHT_Y":"9227870.327"},"geometry":{"type":"Polygon","coordinates":[[[-63.362493302372407,-6.976149607374803],[-63.353422046428975,-6.976156485167776],[-63.353428847123411,-6.985220375363591],[-63.362500277610529,-6.985213488548942],[-63.362493302372407,-6.976149607374803]]]}},
{"type":"Feature","properties":{"DESCRIPTION":"MDT_1419144.tif","FILENAME":"U:\\P589_AmazoniaRevelada_BR-319\\LiDAR_dataset\\ENTREGAS\\ENTREGA_01\\2_MDT\\GEOTIFF\\MDT_1419144.tif","SHRT_FNAME":"MDT_1419144.tif","UPPER_LEFT_X":"460960.047","UPPER_LEFT_Y":"9228872.327","LOWER_RIGHT_X":"461962.047","LOWER_RIGHT_Y":"9227870.327"},"geometry":{"type":"Polygon","coordinates":[[[-63.353439290873787,-6.976156472258451],[-63.344368025899598,-6.976163176096323],[-63.344374652381305,-6.985227075068702],[-63.353446091900032,-6.985220362437333],[-63.353439290873787,-6.976156472258451]]]}},
{"type":"Feature","properties":{"DESCRIPTION":"MDT_1419145.tif","FILENAME":"U:\\P589_AmazoniaRevelada_BR-319\\LiDAR_dataset\\ENTREGAS\\ENTREGA_01\\2_MDT\\GEOTIFF\\MDT_1419145.tif","SHRT_FNAME":"MDT_1419145.tif","UPPER_LEFT_X":"461960.142","UPPER_LEFT_Y":"9228872.327","LOWER_RIGHT_X":"462962.142","LOWER_RIGHT_Y":"9227870.327"},"geometry":{"type":"Polygon","coordinates":[[[-63.344385270361357,-6.976163163517688],[-63.33531399658775,-6.976169693399619],[-63.335320448855882,-6.985233600920818],[-63.344391897174873,-6.985227062473566],[-63.344385270361357,-6.976163163517688]]]}},
{"type":"Feature","properties":{"DESCRIPTION":"MDT_1419146.tif","FILENAME":"U:\\P589_AmazoniaRevelada_BR-319\\LiDAR_dataset\\ENTREGAS\\ENTREGA_01\\2_MDT\\GEOTIFF\\MDT_1419146.tif","SHRT_FNAME":"MDT_1419146.tif","UPPER_LEFT_X":"462960.238","UPPER_LEFT_Y":"9228872.327","LOWER_RIGHT_X":"463962.238","LOWER_RIGHT_Y":"9227870.327"},"geometry":{"type":"Polygon","coordinates":[[[-63.335331241066022,-6.976169681151676],[-63.326259958724329,-6.976176037076862],[-63.326266236778068,-6.985239952919133],[-63.335337693665963,-6.985233588656809],[-63.335331241066022,-6.976169681151676]]]}},
{"type":"Feature","properties":{"DESCRIPTION":"MDT_1419147.tif","FILENAME":"U:\\P589_AmazoniaRevelada_BR-319\\LiDAR_dataset\\ENTREGAS\\ENTREGA_01\\2_MDT\\GEOTIFF\\MDT_1419147.tif","SHRT_FNAME":"MDT_1419147.tif","UPPER_LEFT_X":"463960.333","UPPER_LEFT_Y":"9228872.327","LOWER_RIGHT_X":"464962.333","LOWER_RIGHT_Y":"9227870.327"},"geometry":{"type":"Polygon","coordinates":[[[-63.326277203218659,-6.97617602515961],[-63.317205912540203,-6.976182207127259],[-63.317212016378789,-6.985246131062852],[-63.326283481604221,-6.985239940986248],[-63.326277203218659,-6.97617602515961]]]}},
{"type":"Feature","properties":{"DESCRIPTION":"MDT_1419193.tif","FILENAME":"U:\\P589_AmazoniaRevelada_BR-319\\LiDAR_dataset\\ENTREGAS\\ENTREGA_01\\2_MDT\\GEOTIFF\\MDT_1419193.tif","SHRT_FNAME":"MDT_1419193.tif","UPPER_LEFT_X":"509964.712","UPPER_LEFT_Y":"9228872.327","LOWER_RIGHT_X":"510966.712","LOWER_RIGHT_Y":"9227870.327"},"geometry":{"type":"Polygon","coordinates":[[[-62.909786211249006,-6.976280150322533],[-62.900714787167225,-6.976278329763602],[-62.900712876635104,-6.985342379784351],[-62.909784475276489,-6.985344202731332],[-62.909786211249006,-6.976280150322533]]]}},
{"type":"Feature","properties":{"DESCRIPTION":"MDT_1419194.tif","FILENAME":"U:\\P589_AmazoniaRevelada_BR-319\\LiDAR_dataset\\ENTREGAS\\ENTREGA_01\\2_MDT\\GEOTIFF\\MDT_1419194.tif","SHRT_FNAME":"MDT_1419194.tif","UPPER_LEFT_X":"510964.807","UPPER_LEFT_Y":"9228872.327","LOWER_RIGHT_X":"511966.807","LOWER_RIGHT_Y":"9227870.327"},"geometry":{"type":"Polygon","coordinates":[[[-62.900732031920668,-6.976278333389838],[-62.891660610375624,-6.976276338860633],[-62.891658525615995,-6.985340386269892],[-62.900730121720393,-6.985342383415345],[-62.900732031920668,-6.976278333389838]]]}},
{"type":"Feature","properties":{"DESCRIPTION":"MDT_1419195.tif","FILENAME":"U:\\P589_AmazoniaRevelada_BR-319\\LiDAR_dataset\\ENTREGAS\\ENTREGA_01\\2_MDT\\GEOTIFF\\MDT_1419195.tif","SHRT_FNAME":"MDT_1419195.tif","UPPER_LEFT_X":"511964.902","UPPER_LEFT_Y":"9228872.327","LOWER_RIGHT_X":"512966.902","LOWER_RIGHT_Y":"9227870.327"},"geometry":{"type":"Polygon","coordinates":[[[-62.891677855124044,-6.976276342817587],[-62.882606436347096,-6.976274174318357],[-62.882604177360207,-6.985338218888359],[-62.891675770696239,-6.985340390232035],[-62.891677855124044,-6.976276342817587]]]}},
{"type":"Feature","properties":{"DESCRIPTION":"MDT_1419196.tif","FILENAME":"U:\\P589_AmazoniaRevelada_BR-319\\LiDAR_dataset\\ENTREGAS\\ENTREGA_01\\2_MDT\\GEOTIFF\\MDT_1419196.tif","SHRT_FNAME":"MDT_1419196.tif","UPPER_LEFT_X":"512964.998","UPPER_LEFT_Y":"9228872.327","LOWER_RIGHT_X":"513966.998","LOWER_RIGHT_Y":"9227870.327"},"geometry":{"type":"Polygon","coordinates":[[[-62.882623681090017,-6.976274178606026],[-62.87355226531254,-6.97627183613704],[-62.873549832098668,-6.985335877640024],[-62.882621422434966,-6.985338223181653],[-62.882623681090017,-6.976274178606026]]]}},
{"type":"Feature","properties":{"DESCRIPTION":"MDT_1419197.tif","FILENAME":"U:\\P589_AmazoniaRevelada_BR-319\\LiDAR_dataset\\ENTREGAS\\ENTREGA_01\\2_MDT\\GEOTIFF\\MDT_1419197.tif","SHRT_FNAME":"MDT_1419197.tif","UPPER_LEFT_X":"513965.093","UPPER_LEFT_Y":"9228872.327","LOWER_RIGHT_X":"514967.093","LOWER_RIGHT_Y":"9227870.327"},"geometry":{"type":"Polygon","coordinates":[[[-62.873569510049549,-6.976271840755426],[-62.864498097502874,-6.976269324316974],[-62.864495490062332,-6.985333362525175],[-62.873567077167515,-6.985335882264468],[-62.873569510049549,-6.976271840755426]]]}},
{"type":"Feature","properties":{"DESCRIPTION":"MDT_1419198.tif","FILENAME":"U:\\P589_AmazoniaRevelada_BR-319\\LiDAR_dataset\\ENTREGAS\\ENTREGA_01\\2_MDT\\GEOTIFF\\MDT_1419198.tif","SHRT_FNAME":"MDT_1419198.tif","UPPER_LEFT_X":"514965.188","UPPER_LEFT_Y":"9228872.327","LOWER_RIGHT_X":"515967.188","LOWER_RIGHT_Y":"9227870.327"},"geometry":{"type":"Polygon","coordinates":[[[-62.864515342233524,-6.976269329266076],[-62.855443933149012,-6.976266638858473],[-62.855441151482118,-6.985330673544125],[-62.864512735124812,-6.985333367480768],[-62.864515342233524,-6.976269329266076]]]}},
{"type":"Feature","properties":{"DESCRIPTION":"MDT_1419199.tif","FILENAME":"U:\\P589_AmazoniaRevelada_BR-319\\LiDAR_dataset\\ENTREGAS\\ENTREGA_01\\2_MDT\\GEOTIFF\\MDT_1419199.tif","SHRT_FNAME":"MDT_1419199.tif","UPPER_LEFT_X":"515965.283","UPPER_LEFT_Y":"9228872.327","LOWER_RIGHT_X":"516967.283","LOWER_RIGHT_Y":"9227870.327"},"geometry":{"type":"Polygon","coordinates":[[[-62.855461177872854,-6.976266644138289],[-62.846389772481857,-6.976263779761868],[-62.846386816588975,-6.985327810697211],[-62.855458396537792,-6.985330678830866],[-62.855461177872854,-6.976266644138289]]]}},
{"type":"Feature","properties":{"DESCRIPTION":"MDT_1419200.tif","FILENAME":"U:\\P589_AmazoniaRevelada_BR-319\\LiDAR_dataset\\ENTREGAS\\ENTREGA_01\\2_MDT\\GEOTIFF\\MDT_1419200.tif","SHRT_FNAME":"MDT_1419200.tif","UPPER_LEFT_X":"516965.378","UPPER_LEFT_Y":"9228872.327","LOWER_RIGHT_X":"517967.378","LOWER_RIGHT_Y":"9227870.327"},"geometry":{"type":"Polygon","coordinates":[[[-62.846407017198459,-6.976263785372397],[-62.837335615732329,-6.976260747027514],[-62.837332485613814,-6.985324773984785],[-62.846404061637408,-6.985327816315101],[-62.846407017198459,-6.976263785372397]]]}},
{"type":"Feature","properties":{"DESCRIPTION":"MDT_1419201.tif","FILENAME":"U:\\P589_AmazoniaRevelada_BR-319\\LiDAR_dataset\\ENTREGAS\\ENTREGA_01\\2_MDT\\GEOTIFF\\MDT_1419201.tif","SHRT_FNAME":"MDT_1419201.tif","UPPER_LEFT_X":"517965.474","UPPER_LEFT_Y":"9228872.327","LOWER_RIGHT_X":"518967.474","LOWER_RIGHT_Y":"9227870.327"},"geometry":{"type":"Polygon","coordinates":[[[-62.837352860441243,-6.976260752968757],[-62.82828146313134,-6.976257540655791],[-62.828278158787597,-6.985321563407226],[-62.837349730654566,-6.985324779933822],[-62.837352860441243,-6.976260752968757]]]}},
{"type":"Feature","properties":{"DESCRIPTION":"MDT_1419202.tif","FILENAME":"U:\\P589_AmazoniaRevelada_BR-319\\LiDAR_dataset\\ENTREGAS\\ENTREGA_01\\2_MDT\\GEOTIFF\\MDT_1419202.tif","SHRT_FNAME":"MDT_1419202.tif","UPPER_LEFT_X":"518965.569","UPPER_LEFT_Y":"9228872.327","LOWER_RIGHT_X":"519967.569","LOWER_RIGHT_Y":"9227870.327"},"geometry":{"type":"Polygon","coordinates":[[[-62.82829870783214,-6.976257546927746],[-62.819227314909796,-6.976254160647094],[-62.819223836341237,-6.985318178964934],[-62.828295403820228,-6.985321569687407],[-62.82829870783214,-6.976257546927746]]]}},
{"type":"Feature","properties":{"DESCRIPTION":"MDT_1419203.tif","FILENAME":"U:\\P589_AmazoniaRevelada_BR-319\\LiDAR_dataset\\ENTREGAS\\ENTREGA_01\\2_MDT\\GEOTIFF\\MDT_1419203.tif","SHRT_FNAME":"MDT_1419203.tif","UPPER_LEFT_X":"519965.664","UPPER_LEFT_Y":"9228872.327","LOWER_RIGHT_X":"520967.664","LOWER_RIGHT_Y":"9227870.327"},"geometry":{"type":"Polygon","coordinates":[[[-62.819244559602033,-6.976254167249762],[-62.810173171298615,-6.976250607001844],[-62.810169518505681,-6.985314620658326],[-62.819241081365305,-6.985318185576262],[-62.819244559602033,-6.976254167249762]]]}},
{"type":"Feature","properties":{"DESCRIPTION":"MDT_1419204.tif","FILENAME":"U:\\P589_AmazoniaRevelada_BR-319\\LiDAR_dataset\\ENTREGAS\\ENTREGA_01\\2_MDT\\GEOTIFF\\MDT_1419204.tif","SHRT_FNAME":"MDT_1419204.tif","UPPER_LEFT_X":"520965.759","UPPER_LEFT_Y":"9228872.327","LOWER_RIGHT_X":"521967.759","LOWER_RIGHT_Y":"9227870.327"},"geometry":{"type":"Polygon","coordinates":[[[-62.810190415981857,-6.976250613935224],[-62.80111903252871,-6.976246879720485],[-62.801115205511842,-6.985310888487851],[-62.810186763520747,-6.9853146276008],[-62.810190415981857,-6.976250613935224]]]}},
{"type":"Feature","properties":{"DESCRIPTION":"MDT_1419205.tif","FILENAME":"U:\\P589_AmazoniaRevelada_BR-319\\LiDAR_dataset\\ENTREGAS\\ENTREGA_01\\2_MDT\\GEOTIFF\\MDT_1419205.tif","SHRT_FNAME":"MDT_1419205.tif","UPPER_LEFT_X":"521965.854","UPPER_LEFT_Y":"9228872.327","LOWER_RIGHT_X":"522967.854","LOWER_RIGHT_Y":"9227870.327"},"geometry":{"type":"Polygon","coordinates":[[[-62.801136277202502,-6.976246886984574],[-62.792064898830979,-6.976242978803477],[-62.792060897590673,-6.985306982453963],[-62.801132450517464,-6.985310895761465],[-62.801136277202502,-6.976246886984574]]]}},
{"type":"Feature","properties":{"DESCRIPTION":"MDT_1419206.tif","FILENAME":"U:\\P589_AmazoniaRevelada_BR-319\\LiDAR_dataset\\ENTREGAS\\ENTREGA_01\\2_MDT\\GEOTIFF\\MDT_1419206.tif","SHRT_FNAME":"MDT_1419206.tif","UPPER_LEFT_X":"522965.950","UPPER_LEFT_Y":"9228872.327","LOWER_RIGHT_X":"523967.950","LOWER_RIGHT_Y":"9227870.327"},"geometry":{"type":"Polygon","coordinates":[[[-62.792082143494902,-6.976242986398274],[-62.783010770436341,-6.976238904251305],[-62.783006594973088,-6.985302902557156],[-62.792078142586412,-6.985306990058724],[-62.792082143494902,-6.976242986398274]]]}},
{"type":"Feature","properties":{"DESCRIPTION":"MDT_1419207.tif","FILENAME":"U:\\P589_AmazoniaRevelada_BR-319\\LiDAR_dataset\\ENTREGAS\\ENTREGA_01\\2_MDT\\GEOTIFF\\MDT_1419207.tif","SHRT_FNAME":"MDT_1419207.tif","UPPER_LEFT_X":"523966.045","UPPER_LEFT_Y":"9228872.327","LOWER_RIGHT_X":"524968.045","LOWER_RIGHT_Y":"9227870.327"},"geometry":{"type":"Polygon","coordinates":[[[-62.78302801508994,-6.976238912176811],[-62.773956647575702,-6.976234656064479],[-62.77395229789002,-6.985298648797933],[-62.78302383995851,-6.985302910493058],[-62.78302801508994,-6.976238912176811]]]}},
{"type":"Feature","properties":{"DESCRIPTION":"MDT_1419208.tif","FILENAME":"U:\\P589_AmazoniaRevelada_BR-319\\LiDAR_dataset\\ENTREGAS\\ENTREGA_01\\2_MDT\\GEOTIFF\\MDT_1419208.tif","SHRT_FNAME":"MDT_1419208.tif","UPPER_LEFT_X":"524966.140","UPPER_LEFT_Y":"9228872.327","LOWER_RIGHT_X":"525968.140","LOWER_RIGHT_Y":"9227870.327"},"geometry":{"type":"Polygon","coordinates":[[[-62.773973892218521,-6.976234664320691],[-62.764902530479951,-6.976230234243522],[-62.764898006572409,-6.985294221176822],[-62.773969542864691,-6.985298657064976],[-62.773973892218521,-6.976234664320691]]]}},
{"type":"Feature","properties":{"DESCRIPTION":"MDT_1419209.tif","FILENAME":"U:\\P589_AmazoniaRevelada_BR-319\\LiDAR_dataset\\ENTREGAS\\ENTREGA_01\\2_MDT\\GEOTIFF\\MDT_1419209.tif","SHRT_FNAME":"MDT_1419209.tif","UPPER_LEFT_X":"525966.235","UPPER_LEFT_Y":"9228872.327","LOWER_RIGHT_X":"526968.235","LOWER_RIGHT_Y":"9227870.327"},"geometry":{"type":"Polygon","coordinates":[[[-62.764919775111593,-6.976230242830441],[-62.755848419380023,-6.976225638788985],[-62.755843721251168,-6.985289619694378],[-62.764915251535868,-6.985294229775006],[-62.764919775111593,-6.976230242830441]]]}},
{"type":"Feature","properties":{"DESCRIPTION":"MDT_1419210.tif","FILENAME":"U:\\P589_AmazoniaRevelada_BR-319\\LiDAR_dataset\\ENTREGAS\\ENTREGA_01\\2_MDT\\GEOTIFF\\MDT_1419210.tif","SHRT_FNAME":"MDT_1419210.tif","UPPER_LEFT_X":"526966.330","UPPER_LEFT_Y":"9228872.327","LOWER_RIGHT_X":"527968.330","LOWER_RIGHT_Y":"9227870.327"},"geometry":{"type":"Polygon","coordinates":[[[-62.755865664000027,-6.97622564770661],[-62.746794314506808,-6.97622086970144],[-62.746789442157244,-6.985284844351166],[-62.755860966202988,-6.985289628623697],[-62.755865664000027,-6.97622564770661]]]}},
{"type":"Feature","properties":{"DESCRIPTION":"MDT_1419211.tif","FILENAME":"U:\\P589_AmazoniaRevelada_BR-319\\LiDAR_dataset\\ENTREGAS\\ENTREGA_01\\2_MDT\\GEOTIFF\\MDT_1419211.tif","SHRT_FNAME":"MDT_1419211.tif","UPPER_LEFT_X":"527966.426","UPPER_LEFT_Y":"9228872.327","LOWER_RIGHT_X":"528968.426","LOWER_RIGHT_Y":"9227870.327"},"geometry":{"type":"Polygon","coordinates":[[[-62.746811559114718,-6.976220878949769],[-62.737740216091218,-6.976215926981479],[-62.737735169521542,-6.985279895147784],[-62.746806687096978,-6.985284853611626],[-62.746811559114718,-6.976220878949769]]]}},
{"type":"Feature","properties":{"DESCRIPTION":"MDT_1419212.tif","FILENAME":"U:\\P589_AmazoniaRevelada_BR-319\\LiDAR_dataset\\ENTREGAS\\ENTREGA_01\\2_MDT\\GEOTIFF\\MDT_1419212.tif","SHRT_FNAME":"MDT_1419212.tif","UPPER_LEFT_X":"528966.521","UPPER_LEFT_Y":"9228872.327","LOWER_RIGHT_X":"529968.521","LOWER_RIGHT_Y":"9227870.327"},"geometry":{"type":"Polygon","coordinates":[[[-62.737757460686616,-6.976215936560511],[-62.728686124364152,-6.976210810629716],[-62.728680903575004,-6.985274772084844],[-62.737752414448764,-6.98527990473938],[-62.737757460686616,-6.976215936560511]]]}},
{"type":"Feature","properties":{"DESCRIPTION":"MDT_1419213.tif","FILENAME":"U:\\P589_AmazoniaRevelada_BR-319\\LiDAR_dataset\\ENTREGAS\\ENTREGA_01\\2_MDT\\GEOTIFF\\MDT_1419213.tif","SHRT_FNAME":"MDT_1419213.tif","UPPER_LEFT_X":"529966.616","UPPER_LEFT_Y":"9228872.327","LOWER_RIGHT_X":"530968.616","LOWER_RIGHT_Y":"9227870.327"},"geometry":{"type":"Polygon","coordinates":[[[-62.728703368946583,-6.97621082053945],[-62.719632039556508,-6.976205520646788],[-62.719626644548541,-6.985269475162986],[-62.728698148489265,-6.985274782007576],[-62.728703368946583,-6.97621082053945]]]}},
{"type":"Feature","properties":{"DESCRIPTION":"MDT_1419214.tif","FILENAME":"U:\\P589_AmazoniaRevelada_BR-319\\LiDAR_dataset\\ENTREGAS\\ENTREGA_01\\2_MDT\\GEOTIFF\\MDT_1419214.tif","SHRT_FNAME":"MDT_1419214.tif","UPPER_LEFT_X":"530966.711","UPPER_LEFT_Y":"9228872.327","LOWER_RIGHT_X":"531968.711","LOWER_RIGHT_Y":"9227870.327"},"geometry":{"type":"Polygon","coordinates":[[[-62.719649284125559,-6.976205530887222],[-62.710577961899205,-6.976200057033351],[-62.7105723926731,-6.985264004382866],[-62.719643889449415,-6.985269485416853],[-62.719649284125559,-6.976205530887222]]]}},
{"type":"Feature","properties":{"DESCRIPTION":"MDT_1419215.tif","FILENAME":"U:\\P589_AmazoniaRevelada_BR-319\\LiDAR_dataset\\ENTREGAS\\ENTREGA_01\\2_MDT\\GEOTIFF\\MDT_1419215.tif","SHRT_FNAME":"MDT_1419215.tif","UPPER_LEFT_X":"531966.806","UPPER_LEFT_Y":"9228872.327","LOWER_RIGHT_X":"532968.806","LOWER_RIGHT_Y":"9227870.327"},"geometry":{"type":"Polygon","coordinates":[[[-62.710595206454414,-6.976200067604485],[-62.701523891623133,-6.976194419790085],[-62.701518148179581,-6.985258359745165],[-62.710589637560119,-6.985264014967866],[-62.710595206454414,-6.976200067604485]]]}},
{"type":"Feature","properties":{"DESCRIPTION":"MDT_1419216.tif","FILENAME":"U:\\P589_AmazoniaRevelada_BR-319\\LiDAR_dataset\\ENTREGAS\\ENTREGA_01\\2_MDT\\GEOTIFF\\MDT_1419216.tif","SHRT_FNAME":"MDT_1419216.tif","UPPER_LEFT_X":"532966.902","UPPER_LEFT_Y":"9228872.327","LOWER_RIGHT_X":"533968.902","LOWER_RIGHT_Y":"9227870.327"},"geometry":{"type":"Polygon","coordinates":[[[-62.701541136164053,-6.976194430691915],[-62.692469828959197,-6.976188608917689],[-62.692463911298915,-6.985252541250582],[-62.701535393052332,-6.985258370661295],[-62.701541136164053,-6.976194430691915]]]}},
{"type":"Feature","properties":{"DESCRIPTION":"MDT_1419217.tif","FILENAME":"U:\\P589_AmazoniaRevelada_BR-319\\LiDAR_dataset\\ENTREGAS\\ENTREGA_01\\2_MDT\\GEOTIFF\\MDT_1419217.tif","SHRT_FNAME":"MDT_1419217.tif","UPPER_LEFT_X":"533966.997","UPPER_LEFT_Y":"9228872.327","LOWER_RIGHT_X":"534968.997","LOWER_RIGHT_Y":"9227870.327"},"geometry":{"type":"Polygon","coordinates":[[[-62.692487073485395,-6.976188620150216],[-62.683415774138297,-6.976182624416885],[-62.683409682262031,-6.985246548899842],[-62.692481156156944,-6.985252552497844],[-62.692487073485395,-6.976188620150216]]]}},
{"type":"Feature","properties":{"DESCRIPTION":"MDT_1419218.tif","FILENAME":"U:\\P589_AmazoniaRevelada_BR-319\\LiDAR_dataset\\ENTREGAS\\ENTREGA_01\\2_MDT\\GEOTIFF\\MDT_1419218.tif","SHRT_FNAME":"MDT_1419218.tif","UPPER_LEFT_X":"534967.092","UPPER_LEFT_Y":"9228872.327","LOWER_RIGHT_X":"535969.092","LOWER_RIGHT_Y":"9227870.327"},"geometry":{"type":"Polygon","coordinates":[[[-62.683433018649339,-6.976182635980107],[-62.674361727391315,-6.976176466288419],[-62.674355461299839,-6.985240382693688],[-62.683426927104904,-6.985246560478232],[-62.683433018649339,-6.976182635980107]]]}},
{"type":"Feature","properties":{"DESCRIPTION":"MDT_1419219.tif","FILENAME":"U:\\P589_AmazoniaRevelada_BR-319\\LiDAR_dataset\\ENTREGAS\\ENTREGA_01\\2_MDT\\GEOTIFF\\MDT_1419219.tif","SHRT_FNAME":"MDT_1419219.tif","UPPER_LEFT_X":"535967.187","UPPER_LEFT_Y":"9228872.327","LOWER_RIGHT_X":"536969.187","LOWER_RIGHT_Y":"9227870.327"},"geometry":{"type":"Polygon","coordinates":[[[-62.674378971886767,-6.976176478182333],[-62.66530768894917,-6.976170134533053],[-62.66530124864326,-6.985234042632889],[-62.674372706127109,-6.985240394603207],[-62.674378971886767,-6.976176478182333]]]}},
{"type":"Feature","properties":{"DESCRIPTION":"MDT_1419220.tif","FILENAME":"U:\\P589_AmazoniaRevelada_BR-319\\LiDAR_dataset\\ENTREGAS\\ENTREGA_01\\2_MDT\\GEOTIFF\\MDT_1419220.tif","SHRT_FNAME":"MDT_1419220.tif","UPPER_LEFT_X":"536967.282","UPPER_LEFT_Y":"9228872.327","LOWER_RIGHT_X":"537969.282","LOWER_RIGHT_Y":"9227870.327"},"geometry":{"type":"Polygon","coordinates":[[[-62.665324933428593,-6.976170146757661],[-62.656253659042747,-6.976163629151576],[-62.656247044523226,-6.985227528718232],[-62.665318493454492,-6.985234054873533],[-62.665324933428593,-6.976170146757661]]]}},
{"type":"Feature","properties":{"DESCRIPTION":"MDT_1419221.tif","FILENAME":"U:\\P589_AmazoniaRevelada_BR-319\\LiDAR_dataset\\ENTREGAS\\ENTREGA_01\\2_MDT\\GEOTIFF\\MDT_1419221.tif","SHRT_FNAME":"MDT_1419221.tif","UPPER_LEFT_X":"537967.378","UPPER_LEFT_Y":"9228872.327","LOWER_RIGHT_X":"538969.378","LOWER_RIGHT_Y":"9227870.327"},"geometry":{"type":"Polygon","coordinates":[[[-62.656270903505693,-6.976163641706876],[-62.647199637902965,-6.976156950144794],[-62.647192849170629,-6.985220840950526],[-62.656264289317967,-6.985227541290001],[-62.656270903505693,-6.976163641706876]]]}},
{"type":"Feature","properties":{"DESCRIPTION":"MDT_1419222.tif","FILENAME":"U:\\P589_AmazoniaRevelada_BR-319\\LiDAR_dataset\\ENTREGAS\\ENTREGA_01\\2_MDT\\GEOTIFF\\MDT_1419222.tif","SHRT_FNAME":"MDT_1419222.tif","UPPER_LEFT_X":"538967.473","UPPER_LEFT_Y":"9228872.327","LOWER_RIGHT_X":"539969.473","LOWER_RIGHT_Y":"9227870.327"},"geometry":{"type":"Polygon","coordinates":[[[-62.647216882348992,-6.976156963030783],[-62.638145625760679,-6.97615009751354],[-62.638138662816402,-6.9852139793306],[-62.647210093948466,-6.985220853853416],[-62.647216882348992,-6.976156963030783]]]}},
{"type":"Feature","properties":{"DESCRIPTION":"MDT_1419223.tif","FILENAME":"U:\\P589_AmazoniaRevelada_BR-319\\LiDAR_dataset\\ENTREGAS\\ENTREGA_01\\2_MDT\\GEOTIFF\\MDT_1419223.tif","SHRT_FNAME":"MDT_1419223.tif","UPPER_LEFT_X":"539967.568","UPPER_LEFT_Y":"9228872.327","LOWER_RIGHT_X":"540969.568","LOWER_RIGHT_Y":"9227870.327"},"geometry":{"type":"Polygon","coordinates":[[[-62.638162870189348,-6.976150110730216],[-62.629091622846808,-6.976143071258665],[-62.629084485691465,-6.985206943859307],[-62.638155907576881,-6.985213992564612],[-62.638162870189348,-6.976150110730216]]]}},
{"type":"Feature","properties":{"DESCRIPTION":"MDT_1419224.tif","FILENAME":"U:\\P589_AmazoniaRevelada_BR-319\\LiDAR_dataset\\ENTREGAS\\ENTREGA_01\\2_MDT\\GEOTIFF\\MDT_1419224.tif","SHRT_FNAME":"MDT_1419224.tif","UPPER_LEFT_X":"540967.663","UPPER_LEFT_Y":"9228872.327","LOWER_RIGHT_X":"541969.663","LOWER_RIGHT_Y":"9227870.327"},"geometry":{"type":"Polygon","coordinates":[[[-62.629108867257678,-6.976143084806027],[-62.620037629392236,-6.97613587138104],[-62.620030318026721,-6.985199734537527],[-62.629101730434144,-6.98520695742444],[-62.629108867257678,-6.976143084806027]]]}},
{"type":"Feature","properties":{"DESCRIPTION":"MDT_1419225.tif","FILENAME":"U:\\P589_AmazoniaRevelada_BR-319\\LiDAR_dataset\\ENTREGAS\\ENTREGA_01\\2_MDT\\GEOTIFF\\MDT_1419225.tif","SHRT_FNAME":"MDT_1419225.tif","UPPER_LEFT_X":"541967.758","UPPER_LEFT_Y":"9228872.327","LOWER_RIGHT_X":"542969.758","LOWER_RIGHT_Y":"9227870.327"},"geometry":{"type":"Polygon","coordinates":[[[-62.620054873784881,-6.976135885259086],[-62.610983645627861,-6.976128497881561],[-62.61097616005307,-6.985192351366147],[-62.620047562751154,-6.985199748433776],[-62.620054873784881,-6.976135885259086]]]}},
{"type":"Feature","properties":{"DESCRIPTION":"MDT_1419226.tif","FILENAME":"U:\\P589_AmazoniaRevelada_BR-319\\LiDAR_dataset\\ENTREGAS\\ENTREGA_01\\2_MDT\\GEOTIFF\\MDT_1419226.tif","SHRT_FNAME":"MDT_1419226.tif","UPPER_LEFT_X":"542967.854","UPPER_LEFT_Y":"9228872.327","LOWER_RIGHT_X":"543969.854","LOWER_RIGHT_Y":"9227870.327"},"geometry":{"type":"Polygon","coordinates":[[[-62.611000890001812,-6.976128512090289],[-62.601929671784553,-6.976120950761143],[-62.601922012001459,-6.98518479434609],[-62.61099340475883,-6.985192365593513],[-62.611000890001812,-6.976128512090289]]]}},
{"type":"Feature","properties":{"DESCRIPTION":"MDT_1419227.tif","FILENAME":"U:\\P589_AmazoniaRevelada_BR-319\\LiDAR_dataset\\ENTREGAS\\ENTREGA_01\\2_MDT\\GEOTIFF\\MDT_1419227.tif","SHRT_FNAME":"MDT_1419227.tif","UPPER_LEFT_X":"543967.949","UPPER_LEFT_Y":"9228872.327","LOWER_RIGHT_X":"544969.949","LOWER_RIGHT_Y":"9227870.327"},"geometry":{"type":"Polygon","coordinates":[[[-62.601946916139397,-6.976120965300551],[-62.592875708093231,-6.976113230020723],[-62.592867874102758,-6.985177063478293],[-62.601939256688098,-6.985184808904571],[-62.601946916139397,-6.976120965300551]]]}},
{"type":"Feature","properties":{"DESCRIPTION":"MDT_1419228.tif","FILENAME":"U:\\P589_AmazoniaRevelada_BR-319\\LiDAR_dataset\\ENTREGAS\\ENTREGA_01\\2_MDT\\GEOTIFF\\MDT_1419228.tif","SHRT_FNAME":"MDT_1419228.tif","UPPER_LEFT_X":"544968.044","UPPER_LEFT_Y":"9228872.327","LOWER_RIGHT_X":"545970.044","LOWER_RIGHT_Y":"9227870.327"},"geometry":{"type":"Polygon","coordinates":[[[-62.592892952428507,-6.976113244890813],[-62.583821754784751,-6.976105335661265],[-62.583813746587914,-6.985169158763719],[-62.592885118769843,-6.985177078367887],[-62.592892952428507,-6.976113244890813]]]}},
{"type":"Feature","properties":{"DESCRIPTION":"MDT_1419229.tif","FILENAME":"U:\\P589_AmazoniaRevelada_BR-319\\LiDAR_dataset\\ENTREGAS\\ENTREGA_01\\2_MDT\\GEOTIFF\\MDT_1419229.tif","SHRT_FNAME":"MDT_1419229.tif","UPPER_LEFT_X":"545968.139","UPPER_LEFT_Y":"9228872.327","LOWER_RIGHT_X":"546970.139","LOWER_RIGHT_Y":"9227870.327"},"geometry":{"type":"Polygon","coordinates":[[[-62.583838999100045,-6.976105350862031],[-62.574767812090016,-6.976097267683747],[-62.574759629687797,-6.985161080203345],[-62.583830991234997,-6.985169173984422],[-62.583838999100045,-6.976105350862031]]]}},
{"type":"Feature","properties":{"DESCRIPTION":"MDT_1419230.tif","FILENAME":"U:\\P589_AmazoniaRevelada_BR-319\\LiDAR_dataset\\ENTREGAS\\ENTREGA_01\\2_MDT\\GEOTIFF\\MDT_1419230.tif","SHRT_FNAME":"MDT_1419230.tif","UPPER_LEFT_X":"546968.234","UPPER_LEFT_Y":"9228872.327","LOWER_RIGHT_X":"547970.234","LOWER_RIGHT_Y":"9227870.327"},"geometry":{"type":"Polygon","coordinates":[[[-62.574785056384876,-6.976097283215187],[-62.565713880239905,-6.976089026089169],[-62.565705523633348,-6.985152827798182],[-62.574776874314452,-6.98516109575516],[-62.574785056384876,-6.976097283215187]]]}},
{"type":"Feature","properties":{"DESCRIPTION":"MDT_1420193.tif","FILENAME":"U:\\P589_AmazoniaRevelada_BR-319\\LiDAR_dataset\\ENTREGAS\\ENTREGA_01\\2_MDT\\GEOTIFF\\MDT_1420193.tif","SHRT_FNAME":"MDT_1420193.tif","UPPER_LEFT_X":"509964.712","UPPER_LEFT_Y":"9227872.452","LOWER_RIGHT_X":"510966.712","LOWER_RIGHT_Y":"9226870.452"},"geometry":{"type":"Polygon","coordinates":[[[-62.909784478960219,-6.985324981590339],[-62.900712880689255,-6.985323158648423],[-62.900710967620483,-6.994387205199471],[-62.909782740682822,-6.994389030529525],[-62.909784478960219,-6.985324981590339]]]}},
{"type":"Feature","properties":{"DESCRIPTION":"MDT_1420194.tif","FILENAME":"U:\\P589_AmazoniaRevelada_BR-319\\LiDAR_dataset\\ENTREGAS\\ENTREGA_01\\2_MDT\\GEOTIFF\\MDT_1420194.tif","SHRT_FNAME":"MDT_1420194.tif","UPPER_LEFT_X":"510964.807","UPPER_LEFT_Y":"9227872.452","LOWER_RIGHT_X":"511966.807","LOWER_RIGHT_Y":"9226870.452"},"geometry":{"type":"Polygon","coordinates":[[[-62.900730125773833,-6.985323162279407],[-62.891658530039855,-6.985321165139502],[-62.891656442512243,-6.994385209078966],[-62.90072821303734,-6.994387208835212],[-62.900730125773833,-6.985323162279407]]]}},
{"type":"Feature","properties":{"DESCRIPTION":"MDT_1420195.tif","FILENAME":"U:\\P589_AmazoniaRevelada_BR-319\\LiDAR_dataset\\ENTREGAS\\ENTREGA_01\\2_MDT\\GEOTIFF\\MDT_1420195.tif","SHRT_FNAME":"MDT_1420195.tif","UPPER_LEFT_X":"511964.902","UPPER_LEFT_Y":"9227872.452","LOWER_RIGHT_X":"512966.902","LOWER_RIGHT_Y":"9226870.452"},"geometry":{"type":"Polygon","coordinates":[[[-62.891675775119396,-6.985321169101635],[-62.882604182153777,-6.985318997763991],[-62.882601920167573,-6.994383038864092],[-62.891673687924062,-6.994385213046288],[-62.891675775119396,-6.985321169101635]]]}},
{"type":"Feature","properties":{"DESCRIPTION":"MDT_1420196.tif","FILENAME":"U:\\P589_AmazoniaRevelada_BR-319\\LiDAR_dataset\\ENTREGAS\\ENTREGA_01\\2_MDT\\GEOTIFF\\MDT_1420196.tif","SHRT_FNAME":"MDT_1420196.tif","UPPER_LEFT_X":"512964.998","UPPER_LEFT_Y":"9227872.452","LOWER_RIGHT_X":"513966.998","LOWER_RIGHT_Y":"9226870.452"},"geometry":{"type":"Polygon","coordinates":[[[-62.882621427227832,-6.985319002057274],[-62.873549837261947,-6.985316656522158],[-62.873547400817444,-6.994380694555129],[-62.882619165573907,-6.994383043162999],[-62.882621427227832,-6.985319002057274]]]}},
{"type":"Feature","properties":{"DESCRIPTION":"MDT_1420197.tif","FILENAME":"U:\\P589_AmazoniaRevelada_BR-319\\LiDAR_dataset\\ENTREGAS\\ENTREGA_01\\2_MDT\\GEOTIFF\\MDT_1420197.tif","SHRT_FNAME":"MDT_1420197.tif","UPPER_LEFT_X":"513965.093","UPPER_LEFT_Y":"9227872.452","LOWER_RIGHT_X":"514967.093","LOWER_RIGHT_Y":"9226870.452"},"geometry":{"type":"Polygon","coordinates":[[[-62.873567082330084,-6.98531666114659],[-62.864495495595314,-6.985314141414297],[-62.864492884692822,-6.994378176152363],[-62.873564646217865,-6.994380699185618],[-62.873567082330084,-6.98531666114659]]]}},
{"type":"Feature","properties":{"DESCRIPTION":"MDT_1420198.tif","FILENAME":"U:\\P589_AmazoniaRevelada_BR-319\\LiDAR_dataset\\ENTREGAS\\ENTREGA_01\\2_MDT\\GEOTIFF\\MDT_1420198.tif","SHRT_FNAME":"MDT_1420198.tif","UPPER_LEFT_X":"514965.188","UPPER_LEFT_Y":"9227872.452","LOWER_RIGHT_X":"515967.188","LOWER_RIGHT_Y":"9226870.452"},"geometry":{"type":"Polygon","coordinates":[[[-62.864512740657091,-6.985314146369876],[-62.85544115738481,-6.985311452440719],[-62.855438372024658,-6.994375483656107],[-62.864510130086863,-6.994378181114434],[-62.864512740657091,-6.985314146369876]]]}},
{"type":"Feature","properties":{"DESCRIPTION":"MDT_1420199.tif","FILENAME":"U:\\P589_AmazoniaRevelada_BR-319\\LiDAR_dataset\\ENTREGAS\\ENTREGA_01\\2_MDT\\GEOTIFF\\MDT_1420199.tif","SHRT_FNAME":"MDT_1420199.tif","UPPER_LEFT_X":"515965.283","UPPER_LEFT_Y":"9227872.452","LOWER_RIGHT_X":"516967.283","LOWER_RIGHT_Y":"9226870.452"},"geometry":{"type":"Polygon","coordinates":[[[-62.85545840243978,-6.985311457727446],[-62.846386822861369,-6.985308589601756],[-62.84638386304389,-6.994372617066697],[-62.855455617411899,-6.994375488949759],[-62.85545840243978,-6.985311457727446]]]}},
{"type":"Feature","properties":{"DESCRIPTION":"MDT_1420200.tif","FILENAME":"U:\\P589_AmazoniaRevelada_BR-319\\LiDAR_dataset\\ENTREGAS\\ENTREGA_01\\2_MDT\\GEOTIFF\\MDT_1420200.tif","SHRT_FNAME":"MDT_1420200.tif","UPPER_LEFT_X":"516965.378","UPPER_LEFT_Y":"9227872.452","LOWER_RIGHT_X":"517967.378","LOWER_RIGHT_Y":"9226870.452"},"geometry":{"type":"Polygon","coordinates":[[[-62.846404067909091,-6.98530859521963],[-62.837332492255932,-6.985305552897767],[-62.837329357981503,-6.994369576384488],[-62.84640110842389,-6.994372622691928],[-62.846404067909091,-6.98530859521963]]]}},
{"type":"Feature","properties":{"DESCRIPTION":"MDT_1420201.tif","FILENAME":"U:\\P589_AmazoniaRevelada_BR-319\\LiDAR_dataset\\ENTREGAS\\ENTREGA_01\\2_MDT\\GEOTIFF\\MDT_1420201.tif","SHRT_FNAME":"MDT_1420201.tif","UPPER_LEFT_X":"517965.474","UPPER_LEFT_Y":"9227872.452","LOWER_RIGHT_X":"518967.474","LOWER_RIGHT_Y":"9226870.452"},"geometry":{"type":"Polygon","coordinates":[[[-62.837349737295966,-6.985305558846786],[-62.828278165799411,-6.985302342329127],[-62.828274857068429,-6.994366361609859],[-62.837346603353815,-6.9943695823413],[-62.837349737295966,-6.985305558846786]]]}},
{"type":"Feature","properties":{"DESCRIPTION":"MDT_1420202.tif","FILENAME":"U:\\P589_AmazoniaRevelada_BR-319\\LiDAR_dataset\\ENTREGAS\\ENTREGA_01\\2_MDT\\GEOTIFF\\MDT_1420202.tif","SHRT_FNAME":"MDT_1420202.tif","UPPER_LEFT_X":"518965.569","UPPER_LEFT_Y":"9227872.452","LOWER_RIGHT_X":"519967.569","LOWER_RIGHT_Y":"9226870.452"},"geometry":{"type":"Polygon","coordinates":[[[-62.828295410831331,-6.985302348609292],[-62.819223843722753,-6.985298957896235],[-62.819220360535638,-6.994362972743208],[-62.828292102432627,-6.994366367898251],[-62.828295410831331,-6.985302348609292]]]}},
{"type":"Feature","properties":{"DESCRIPTION":"MDT_1420203.tif","FILENAME":"U:\\P589_AmazoniaRevelada_BR-319\\LiDAR_dataset\\ENTREGAS\\ENTREGA_01\\2_MDT\\GEOTIFF\\MDT_1420203.tif","SHRT_FNAME":"MDT_1420203.tif","UPPER_LEFT_X":"519965.664","UPPER_LEFT_Y":"9227872.452","LOWER_RIGHT_X":"520967.664","LOWER_RIGHT_Y":"9226870.452"},"geometry":{"type":"Polygon","coordinates":[[[-62.819241088746125,-6.985298964507546],[-62.8101695262569,-6.985295399599515],[-62.810165868614078,-6.994359409784958],[-62.819237605891274,-6.994362979363179],[-62.819241088746125,-6.985298964507546]]]}},
{"type":"Feature","properties":{"DESCRIPTION":"MDT_1420204.tif","FILENAME":"U:\\P589_AmazoniaRevelada_BR-319\\LiDAR_dataset\\ENTREGAS\\ENTREGA_01\\2_MDT\\GEOTIFF\\MDT_1420204.tif","SHRT_FNAME":"MDT_1420204.tif","UPPER_LEFT_X":"520965.759","UPPER_LEFT_Y":"9227872.452","LOWER_RIGHT_X":"521967.759","LOWER_RIGHT_Y":"9226870.452"},"geometry":{"type":"Polygon","coordinates":[[[-62.810186771271262,-6.985295406541968],[-62.801115213632762,-6.985291667439405],[-62.801111381534696,-6.994355672735551],[-62.810183113960711,-6.994359416736506],[-62.810186771271262,-6.985295406541968]]]}},
{"type":"Feature","properties":{"DESCRIPTION":"MDT_1420205.tif","FILENAME":"U:\\P589_AmazoniaRevelada_BR-319\\LiDAR_dataset\\ENTREGAS\\ENTREGA_01\\2_MDT\\GEOTIFF\\MDT_1420205.tif","SHRT_FNAME":"MDT_1420205.tif","UPPER_LEFT_X":"521965.854","UPPER_LEFT_Y":"9227872.452","LOWER_RIGHT_X":"522967.854","LOWER_RIGHT_Y":"9226870.452"},"geometry":{"type":"Polygon","coordinates":[[[-62.801132458637689,-6.985291674713],[-62.792060906081296,-6.98528776141637],[-62.792056899528468,-6.99435176159545],[-62.801128626871886,-6.994355680018676],[-62.801132458637689,-6.985291674713]]]}},
{"type":"Feature","properties":{"DESCRIPTION":"MDT_1420206.tif","FILENAME":"U:\\P589_AmazoniaRevelada_BR-319\\LiDAR_dataset\\ENTREGAS\\ENTREGA_01\\2_MDT\\GEOTIFF\\MDT_1420206.tif","SHRT_FNAME":"MDT_1420206.tif","UPPER_LEFT_X":"522965.950","UPPER_LEFT_Y":"9227872.452","LOWER_RIGHT_X":"523967.950","LOWER_RIGHT_Y":"9226870.452"},"geometry":{"type":"Polygon","coordinates":[[[-62.792078151076332,-6.985287769021109],[-62.783006603833414,-6.985283681530898],[-62.783002422826321,-6.994347676365143],[-62.792074144855775,-6.994351769210152],[-62.792078151076332,-6.985287769021109]]]}},
{"type":"Feature","properties":{"DESCRIPTION":"MDT_1420207.tif","FILENAME":"U:\\P589_AmazoniaRevelada_BR-319\\LiDAR_dataset\\ENTREGAS\\ENTREGA_01\\2_MDT\\GEOTIFF\\MDT_1420207.tif","SHRT_FNAME":"MDT_1420207.tif","UPPER_LEFT_X":"523966.045","UPPER_LEFT_Y":"9227872.452","LOWER_RIGHT_X":"524968.045","LOWER_RIGHT_Y":"9226870.452"},"geometry":{"type":"Polygon","coordinates":[[[-62.783023848818132,-6.985283689466775],[-62.773952307120048,-6.985279427783491],[-62.773947951659224,-6.994343417045136],[-62.783019668143311,-6.99434768431142],[-62.783023848818132,-6.985283689466775]]]}},
{"type":"Feature","properties":{"DESCRIPTION":"MDT_1420208.tif","FILENAME":"U:\\P589_AmazoniaRevelada_BR-319\\LiDAR_dataset\\ENTREGAS\\ENTREGA_01\\2_MDT\\GEOTIFF\\MDT_1420208.tif","SHRT_FNAME":"MDT_1420208.tif","UPPER_LEFT_X":"524966.140","UPPER_LEFT_Y":"9227872.452","LOWER_RIGHT_X":"525968.140","LOWER_RIGHT_Y":"9226870.452"},"geometry":{"type":"Polygon","coordinates":[[[-62.773969552094009,-6.985279436050511],[-62.764898016172133,-6.985275000174681],[-62.76489348625811,-6.994338983635961],[-62.773965196965449,-6.994343425322987],[-62.773969552094009,-6.985279436050511]]]}},
{"type":"Feature","properties":{"DESCRIPTION":"MDT_1420209.tif","FILENAME":"U:\\P589_AmazoniaRevelada_BR-319\\LiDAR_dataset\\ENTREGAS\\ENTREGA_01\\2_MDT\\GEOTIFF\\MDT_1420209.tif","SHRT_FNAME":"MDT_1420209.tif","UPPER_LEFT_X":"525966.235","UPPER_LEFT_Y":"9227872.452","LOWER_RIGHT_X":"526968.235","LOWER_RIGHT_Y":"9226870.452"},"geometry":{"type":"Polygon","coordinates":[[[-62.764915261134895,-6.985275008772841],[-62.755843731220594,-6.985270398705016],[-62.755839026853941,-6.994334376138165],[-62.764910731553137,-6.994338992245383],[-62.764915261134895,-6.985275008772841]]]}},
{"type":"Feature","properties":{"DESCRIPTION":"MDT_1420210.tif","FILENAME":"U:\\P589_AmazoniaRevelada_BR-319\\LiDAR_dataset\\ENTREGAS\\ENTREGA_01\\2_MDT\\GEOTIFF\\MDT_1420210.tif","SHRT_FNAME":"MDT_1420210.tif","UPPER_LEFT_X":"526966.330","UPPER_LEFT_Y":"9227872.452","LOWER_RIGHT_X":"527968.330","LOWER_RIGHT_Y":"9226870.452"},"geometry":{"type":"Polygon","coordinates":[[[-62.755860976171711,-6.985270407634316],[-62.746789452496358,-6.985265623375073],[-62.746784573677687,-6.994329594552324],[-62.755856272137329,-6.994334385079159],[-62.755860976171711,-6.985270407634316]]]}},
{"type":"Feature","properties":{"DESCRIPTION":"MDT_1420211.tif","FILENAME":"U:\\P589_AmazoniaRevelada_BR-319\\LiDAR_dataset\\ENTREGAS\\ENTREGA_01\\2_MDT\\GEOTIFF\\MDT_1420211.tif","SHRT_FNAME":"MDT_1420211.tif","UPPER_LEFT_X":"527966.426","UPPER_LEFT_Y":"9227872.452","LOWER_RIGHT_X":"528968.426","LOWER_RIGHT_Y":"9226870.452"},"geometry":{"type":"Polygon","coordinates":[[[-62.746806697435396,-6.985265632635506],[-62.737735180230359,-6.985260674185439],[-62.737730126960258,-6.994324638879029],[-62.746801818948988,-6.994329603824889],[-62.746806697435396,-6.985265632635506]]]}},
{"type":"Feature","properties":{"DESCRIPTION":"MDT_1420212.tif","FILENAME":"U:\\P589_AmazoniaRevelada_BR-319\\LiDAR_dataset\\ENTREGAS\\ENTREGA_01\\2_MDT\\GEOTIFF\\MDT_1420212.tif","SHRT_FNAME":"MDT_1420212.tif","UPPER_LEFT_X":"528966.521","UPPER_LEFT_Y":"9227872.452","LOWER_RIGHT_X":"529968.521","LOWER_RIGHT_Y":"9226870.452"},"geometry":{"type":"Polygon","coordinates":[[[-62.737752425156877,-6.98526068377701],[-62.728680914653509,-6.985255551136733],[-62.728675686932618,-6.994319509118901],[-62.73774737221904,-6.994324648483166],[-62.737752425156877,-6.98526068377701]]]}},
{"type":"Feature","properties":{"DESCRIPTION":"MDT_1420213.tif","FILENAME":"U:\\P589_AmazoniaRevelada_BR-319\\LiDAR_dataset\\ENTREGAS\\ENTREGA_01\\2_MDT\\GEOTIFF\\MDT_1420213.tif","SHRT_FNAME":"MDT_1420213.tif","UPPER_LEFT_X":"529966.616","UPPER_LEFT_Y":"9227872.452","LOWER_RIGHT_X":"530968.616","LOWER_RIGHT_Y":"9226870.452"},"geometry":{"type":"Polygon","coordinates":[[[-62.72869815956706,-6.985255561059437],[-62.719626655996748,-6.985250254229587],[-62.719621253825729,-6.994314205272571],[-62.72869293217844,-6.994319519054604],[-62.72869815956706,-6.985255561059437]]]}},
{"type":"Feature","properties":{"DESCRIPTION":"MDT_1420214.tif","FILENAME":"U:\\P589_AmazoniaRevelada_BR-319\\LiDAR_dataset\\ENTREGAS\\ENTREGA_01\\2_MDT\\GEOTIFF\\MDT_1420214.tif","SHRT_FNAME":"MDT_1420214.tif","UPPER_LEFT_X":"530966.711","UPPER_LEFT_Y":"9227872.452","LOWER_RIGHT_X":"531968.711","LOWER_RIGHT_Y":"9226870.452"},"geometry":{"type":"Polygon","coordinates":[[[-62.719643900896905,-6.985250264483425],[-62.710572404490989,-6.985244783464666],[-62.710566827870515,-6.994308727340703],[-62.719638499058149,-6.994314215539841],[-62.719643900896905,-6.985250264483425]]]}},
{"type":"Feature","properties":{"DESCRIPTION":"MDT_1420215.tif","FILENAME":"U:\\P589_AmazoniaRevelada_BR-319\\LiDAR_dataset\\ENTREGAS\\ENTREGA_01\\2_MDT\\GEOTIFF\\MDT_1420215.tif","SHRT_FNAME":"MDT_1420215.tif","UPPER_LEFT_X":"531966.806","UPPER_LEFT_Y":"9227872.452","LOWER_RIGHT_X":"532968.806","LOWER_RIGHT_Y":"9226870.452"},"geometry":{"type":"Polygon","coordinates":[[[-62.710589649377305,-6.985244794049637],[-62.701518160367158,-6.985239138842646],[-62.701512409297926,-6.994303075323973],[-62.710584073089095,-6.99430873793954],[-62.710589649377305,-6.985244794049637]]]}},
{"type":"Feature","properties":{"DESCRIPTION":"MDT_1420216.tif","FILENAME":"U:\\P589_AmazoniaRevelada_BR-319\\LiDAR_dataset\\ENTREGAS\\ENTREGA_01\\2_MDT\\GEOTIFF\\MDT_1420216.tif","SHRT_FNAME":"MDT_1420216.tif","UPPER_LEFT_X":"532966.902","UPPER_LEFT_Y":"9227872.452","LOWER_RIGHT_X":"533968.902","LOWER_RIGHT_Y":"9226870.452"},"geometry":{"type":"Polygon","coordinates":[[[-62.701535405239198,-6.985239149758746],[-62.692463923856188,-6.985233320364228],[-62.692457998338931,-6.994297249223089],[-62.701529654502238,-6.994303086254375],[-62.701535405239198,-6.985239149758746]]]}},
{"type":"Feature","properties":{"DESCRIPTION":"MDT_1420217.tif","FILENAME":"U:\\P589_AmazoniaRevelada_BR-319\\LiDAR_dataset\\ENTREGAS\\ENTREGA_01\\2_MDT\\GEOTIFF\\MDT_1420217.tif","SHRT_FNAME":"MDT_1420217.tif","UPPER_LEFT_X":"533966.997","UPPER_LEFT_Y":"9227872.452","LOWER_RIGHT_X":"534968.997","LOWER_RIGHT_Y":"9226870.452"},"geometry":{"type":"Polygon","coordinates":[[[-62.692481168713513,-6.985233331611457],[-62.683409695188978,-6.985227328030134],[-62.683403595224426,-6.99429124903877],[-62.692475243528506,-6.994297260485054],[-62.692481168713513,-6.985233331611457]]]}},
{"type":"Feature","properties":{"DESCRIPTION":"MDT_1420218.tif","FILENAME":"U:\\P589_AmazoniaRevelada_BR-319\\LiDAR_dataset\\ENTREGAS\\ENTREGA_01\\2_MDT\\GEOTIFF\\MDT_1420218.tif","SHRT_FNAME":"MDT_1420218.tif","UPPER_LEFT_X":"534967.092","UPPER_LEFT_Y":"9227872.452","LOWER_RIGHT_X":"535969.092","LOWER_RIGHT_Y":"9226870.452"},"geometry":{"type":"Polygon","coordinates":[[[-62.683426940031147,-6.985227339608491],[-62.674355474596481,-6.98522116184111],[-62.674349200185397,-6.994285074771764],[-62.683420840398846,-6.994291260632296],[-62.683426940031147,-6.985227339608491]]]}},
{"type":"Feature","properties":{"DESCRIPTION":"MDT_1420219.tif","FILENAME":"U:\\P589_AmazoniaRevelada_BR-319\\LiDAR_dataset\\ENTREGAS\\ENTREGA_01\\2_MDT\\GEOTIFF\\MDT_1420219.tif","SHRT_FNAME":"MDT_1420219.tif","UPPER_LEFT_X":"535967.187","UPPER_LEFT_Y":"9227872.452","LOWER_RIGHT_X":"536969.187","LOWER_RIGHT_Y":"9226870.452"},"geometry":{"type":"Polygon","coordinates":[[[-62.67437271942304,-6.985221173750597],[-62.665301262309583,-6.985214821797925],[-62.665294813452761,-6.99427872642284],[-62.674366445344212,-6.994285086696851],[-62.67437271942304,-6.985221173750597]]]}},
{"type":"Feature","properties":{"DESCRIPTION":"MDT_1420220.tif","FILENAME":"U:\\P589_AmazoniaRevelada_BR-319\\LiDAR_dataset\\ENTREGAS\\ENTREGA_01\\2_MDT\\GEOTIFF\\MDT_1420220.tif","SHRT_FNAME":"MDT_1420220.tif","UPPER_LEFT_X":"536967.282","UPPER_LEFT_Y":"9227872.452","LOWER_RIGHT_X":"537969.282","LOWER_RIGHT_Y":"9226870.452"},"geometry":{"type":"Polygon","coordinates":[[[-62.665318507120112,-6.985214834038533],[-62.656247058559217,-6.985208307901363],[-62.656240435257473,-6.994272203992782],[-62.665312058595546,-6.994278738679485],[-62.665318507120112,-6.985214834038533]]]}},
{"type":"Feature","properties":{"DESCRIPTION":"MDT_1420221.tif","FILENAME":"U:\\P589_AmazoniaRevelada_BR-319\\LiDAR_dataset\\ENTREGAS\\ENTREGA_01\\2_MDT\\GEOTIFF\\MDT_1420221.tif","SHRT_FNAME":"MDT_1420221.tif","UPPER_LEFT_X":"537967.378","UPPER_LEFT_Y":"9227872.452","LOWER_RIGHT_X":"538969.378","LOWER_RIGHT_Y":"9226870.452"},"geometry":{"type":"Polygon","coordinates":[[[-62.656264303353268,-6.985208320473097],[-62.647192863576308,-6.985201620152234],[-62.647186065830461,-6.994265507482406],[-62.656257680383767,-6.994272216580985],[-62.656264303353268,-6.985208320473097]]]}},
{"type":"Feature","properties":{"DESCRIPTION":"MDT_1420222.tif","FILENAME":"U:\\P589_AmazoniaRevelada_BR-319\\LiDAR_dataset\\ENTREGAS\\ENTREGA_01\\2_MDT\\GEOTIFF\\MDT_1420222.tif","SHRT_FNAME":"MDT_1420222.tif","UPPER_LEFT_X":"538967.473","UPPER_LEFT_Y":"9227872.452","LOWER_RIGHT_X":"539969.473","LOWER_RIGHT_Y":"9226870.452"},"geometry":{"type":"Polygon","coordinates":[[[-62.647210108353441,-6.985201633055089],[-62.638138677591755,-6.98519475855137],[-62.638131705402664,-6.994258636892538],[-62.647203310939837,-6.994265520402164],[-62.647210108353441,-6.985201633055089]]]}},
{"type":"Feature","properties":{"DESCRIPTION":"MDT_1420223.tif","FILENAME":"U:\\P589_AmazoniaRevelada_BR-319\\LiDAR_dataset\\ENTREGAS\\ENTREGA_01\\2_MDT\\GEOTIFF\\MDT_1420223.tif","SHRT_FNAME":"MDT_1420223.tif","UPPER_LEFT_X":"539967.568","UPPER_LEFT_Y":"9227872.452","LOWER_RIGHT_X":"540969.568","LOWER_RIGHT_Y":"9226870.452"},"geometry":{"type":"Polygon","coordinates":[[[-62.638155922351537,-6.985194771785345],[-62.629084500836505,-6.985187723099624],[-62.62907735420503,-6.994251592224037],[-62.638148950494688,-6.99425865014385],[-62.638155922351537,-6.985194771785345]]]}},
{"type":"Feature","properties":{"DESCRIPTION":"MDT_1420224.tif","FILENAME":"U:\\P589_AmazoniaRevelada_BR-319\\LiDAR_dataset\\ENTREGAS\\ENTREGA_01\\2_MDT\\GEOTIFF\\MDT_1420224.tif","SHRT_FNAME":"MDT_1420224.tif","UPPER_LEFT_X":"540967.663","UPPER_LEFT_Y":"9227872.452","LOWER_RIGHT_X":"541969.663","LOWER_RIGHT_Y":"9226870.452"},"geometry":{"type":"Polygon","coordinates":[[[-62.629101745578474,-6.985187736664717],[-62.620030333541429,-6.985180513797867],[-62.620023012468472,-6.994244373477777],[-62.629094599279235,-6.994251605806903],[-62.629101745578474,-6.985187736664717]]]}},
{"type":"Feature","properties":{"DESCRIPTION":"MDT_1420225.tif","FILENAME":"U:\\P589_AmazoniaRevelada_BR-319\\LiDAR_dataset\\ENTREGAS\\ENTREGA_01\\2_MDT\\GEOTIFF\\MDT_1420225.tif","SHRT_FNAME":"MDT_1420225.tif","UPPER_LEFT_X":"541967.758","UPPER_LEFT_Y":"9227872.452","LOWER_RIGHT_X":"542969.758","LOWER_RIGHT_Y":"9226870.452"},"geometry":{"type":"Polygon","coordinates":[[[-62.620047578265151,-6.985180527694079],[-62.610976175937445,-6.985173130647],[-62.610968680423944,-6.994236980654652],[-62.620040257524451,-6.994244387392192],[-62.620047578265151,-6.985180527694079]]]}},
{"type":"Feature","properties":{"DESCRIPTION":"MDT_1420226.tif","FILENAME":"U:\\P589_AmazoniaRevelada_BR-319\\LiDAR_dataset\\ENTREGAS\\ENTREGA_01\\2_MDT\\GEOTIFF\\MDT_1420226.tif","SHRT_FNAME":"MDT_1420226.tif","UPPER_LEFT_X":"542967.854","UPPER_LEFT_Y":"9227872.452","LOWER_RIGHT_X":"543969.854","LOWER_RIGHT_Y":"9226870.452"},"geometry":{"type":"Polygon","coordinates":[[[-62.610993420642508,-6.985173144874327],[-62.601922028255501,-6.985165573647937],[-62.601914358302373,-6.994229413755585],[-62.61098592546125,-6.994236994900617],[-62.610993420642508,-6.985173144874327]]]}},
{"type":"Feature","properties":{"DESCRIPTION":"MDT_1420227.tif","FILENAME":"U:\\P589_AmazoniaRevelada_BR-319\\LiDAR_dataset\\ENTREGAS\\ENTREGA_01\\2_MDT\\GEOTIFF\\MDT_1420227.tif","SHRT_FNAME":"MDT_1420227.tif","UPPER_LEFT_X":"543967.949","UPPER_LEFT_Y":"9227872.452","LOWER_RIGHT_X":"544969.949","LOWER_RIGHT_Y":"9226870.452"},"geometry":{"type":"Polygon","coordinates":[[[-62.601939272941443,-6.985165588206376],[-62.592867890726474,-6.985157842801616],[-62.592860046334685,-6.994221672781515],[-62.601931603320551,-6.994229428333099],[-62.601939272941443,-6.985165588206376]]]}},
{"type":"Feature","properties":{"DESCRIPTION":"MDT_1420228.tif","FILENAME":"U:\\P589_AmazoniaRevelada_BR-319\\LiDAR_dataset\\ENTREGAS\\ENTREGA_01\\2_MDT\\GEOTIFF\\MDT_1420228.tif","SHRT_FNAME":"MDT_1420228.tif","UPPER_LEFT_X":"544968.044","UPPER_LEFT_Y":"9227872.452","LOWER_RIGHT_X":"545970.044","LOWER_RIGHT_Y":"9226870.452"},"geometry":{"type":"Polygon","coordinates":[[[-62.592885135392862,-6.985157857691168],[-62.583813763581283,-6.985149938109],[-62.583805744751821,-6.994213757733402],[-62.592877291333316,-6.994221687690573],[-62.592885135392862,-6.985157857691168]]]}},
{"type":"Feature","properties":{"DESCRIPTION":"MDT_1420229.tif","FILENAME":"U:\\P589_AmazoniaRevelada_BR-319\\LiDAR_dataset\\ENTREGAS\\ENTREGA_01\\2_MDT\\GEOTIFF\\MDT_1420229.tif","SHRT_FNAME":"MDT_1420229.tif","UPPER_LEFT_X":"545968.139","UPPER_LEFT_Y":"9227872.452","LOWER_RIGHT_X":"546970.139","LOWER_RIGHT_Y":"9226870.452"},"geometry":{"type":"Polygon","coordinates":[[[-62.583831008227669,-6.985149953329662],[-62.57475964705084,-6.985141859571071],[-62.574751453784707,-6.99420566861223],[-62.58382298973045,-6.994213772974003],[-62.583831008227669,-6.985149953329662]]]}},
{"type":"Feature","properties":{"DESCRIPTION":"MDT_1421193.tif","FILENAME":"U:\\P589_AmazoniaRevelada_BR-319\\LiDAR_dataset\\ENTREGAS\\ENTREGA_01\\2_MDT\\GEOTIFF\\MDT_1421193.tif","SHRT_FNAME":"MDT_1421193.tif","UPPER_LEFT_X":"509964.712","UPPER_LEFT_Y":"9226872.577","LOWER_RIGHT_X":"510966.712","LOWER_RIGHT_Y":"9225870.577"},"geometry":{"type":"Polygon","coordinates":[[[-62.909782744371441,-6.994369809395946],[-62.900710971680013,-6.994367984070957],[-62.900709056074362,-7.003432027147905],[-62.909781003788936,-7.003433854861117],[-62.909782744371441,-6.994369809395946]]]}},
{"type":"Feature","properties":{"DESCRIPTION":"MDT_1421194.tif","FILENAME":"U:\\P589_AmazoniaRevelada_BR-319\\LiDAR_dataset\\ENTREGAS\\ENTREGA_01\\2_MDT\\GEOTIFF\\MDT_1421194.tif","SHRT_FNAME":"MDT_1421194.tif","UPPER_LEFT_X":"510964.807","UPPER_LEFT_Y":"9226872.577","LOWER_RIGHT_X":"511966.807","LOWER_RIGHT_Y":"9225870.577"},"geometry":{"type":"Polygon","coordinates":[[[-62.900728217096159,-6.994367987706687],[-62.891656446941965,-6.994365987955987],[-62.891654356646114,-7.003430028421253],[-62.900726301823227,-7.003432030788391],[-62.900728217096159,-6.994367987706687]]]}},
{"type":"Feature","properties":{"DESCRIPTION":"MDT_1421195.tif","FILENAME":"U:\\P589_AmazoniaRevelada_BR-319\\LiDAR_dataset\\ENTREGAS\\ENTREGA_01\\2_MDT\\GEOTIFF\\MDT_1421195.tif","SHRT_FNAME":"MDT_1421195.tif","UPPER_LEFT_X":"511964.902","UPPER_LEFT_Y":"9226872.577","LOWER_RIGHT_X":"512966.902","LOWER_RIGHT_Y":"9225870.577"},"geometry":{"type":"Polygon","coordinates":[[[-62.891673692353073,-6.9943659919233],[-62.882601924967503,-6.994363817747138],[-62.882599659981715,-7.003427855372939],[-62.891671602389941,-7.003430032393756],[-62.891673692353073,-6.9943659919233]]]}},
{"type":"Feature","properties":{"DESCRIPTION":"MDT_1421196.tif","FILENAME":"U:\\P589_AmazoniaRevelada_BR-319\\LiDAR_dataset\\ENTREGAS\\ENTREGA_01\\2_MDT\\GEOTIFF\\MDT_1421196.tif","SHRT_FNAME":"MDT_1421196.tif","UPPER_LEFT_X":"512964.998","UPPER_LEFT_Y":"9226872.577","LOWER_RIGHT_X":"513966.998","LOWER_RIGHT_Y":"9225870.577"},"geometry":{"type":"Polygon","coordinates":[[[-62.882619170373133,-6.994363822046033],[-62.87354740598758,-6.994361473444678],[-62.873544966312153,-7.003425508003233],[-62.882616905720063,-7.003427859677458],[-62.882619170373133,-6.994363822046033]]]}},
{"type":"Feature","properties":{"DESCRIPTION":"MDT_1421197.tif","FILENAME":"U:\\P589_AmazoniaRevelada_BR-319\\LiDAR_dataset\\ENTREGAS\\ENTREGA_01\\2_MDT\\GEOTIFF\\MDT_1421197.tif","SHRT_FNAME":"MDT_1421197.tif","UPPER_LEFT_X":"513965.093","UPPER_LEFT_Y":"9226872.577","LOWER_RIGHT_X":"514967.093","LOWER_RIGHT_Y":"9225870.577"},"geometry":{"type":"Polygon","coordinates":[[[-62.873564651387284,-6.994361478075154],[-62.864492890233159,-6.994358955048897],[-62.864490275868377,-7.003422986312427],[-62.873562212044575,-7.003425512639768],[-62.873564651387284,-6.994361478075154]]]}},
{"type":"Feature","properties":{"DESCRIPTION":"MDT_1421198.tif","FILENAME":"U:\\P589_AmazoniaRevelada_BR-319\\LiDAR_dataset\\ENTREGAS\\ENTREGA_01\\2_MDT\\GEOTIFF\\MDT_1421198.tif","SHRT_FNAME":"MDT_1421198.tif","UPPER_LEFT_X":"514965.188","UPPER_LEFT_Y":"9226872.577","LOWER_RIGHT_X":"515967.188","LOWER_RIGHT_Y":"9225870.577"},"geometry":{"type":"Polygon","coordinates":[[[-62.864510135626489,-6.994358960010956],[-62.855438377935172,-6.994356262560112],[-62.855435588881392,-7.003420290300836],[-62.864507521594447,-7.003422991280979],[-62.864510135626489,-6.994358960010956]]]}},
{"type":"Feature","properties":{"DESCRIPTION":"MDT_1421199.tif","FILENAME":"U:\\P589_AmazoniaRevelada_BR-319\\LiDAR_dataset\\ENTREGAS\\ENTREGA_01\\2_MDT\\GEOTIFF\\MDT_1421199.tif","SHRT_FNAME":"MDT_1421199.tif","UPPER_LEFT_X":"515965.283","UPPER_LEFT_Y":"9226872.577","LOWER_RIGHT_X":"516967.283","LOWER_RIGHT_Y":"9225870.577"},"geometry":{"type":"Polygon","coordinates":[[[-62.85545562332171,-6.994356267853751],[-62.846383869324619,-6.994353395978656],[-62.846380905582166,-7.003417419968792],[-62.855452834600655,-7.0034202956014],[-62.85545562332171,-6.994356267853751]]]}},
{"type":"Feature","properties":{"DESCRIPTION":"MDT_1421200.tif","FILENAME":"U:\\P589_AmazoniaRevelada_BR-319\\LiDAR_dataset\\ENTREGAS\\ENTREGA_01\\2_MDT\\GEOTIFF\\MDT_1421200.tif","SHRT_FNAME":"MDT_1421200.tif","UPPER_LEFT_X":"516965.378","UPPER_LEFT_Y":"9226872.577","LOWER_RIGHT_X":"517967.378","LOWER_RIGHT_Y":"9225870.577"},"geometry":{"type":"Polygon","coordinates":[[[-62.846401114703909,-6.994353401603873],[-62.837329364632424,-6.994350355304885],[-62.837326226201682,-7.003414375316655],[-62.846398151294181,-7.003417425601371],[-62.846401114703909,-6.994353401603873]]]}},
{"type":"Feature","properties":{"DESCRIPTION":"MDT_1421201.tif","FILENAME":"U:\\P589_AmazoniaRevelada_BR-319\\LiDAR_dataset\\ENTREGAS\\ENTREGA_01\\2_MDT\\GEOTIFF\\MDT_1421201.tif","SHRT_FNAME":"MDT_1421201.tif","UPPER_LEFT_X":"517965.474","UPPER_LEFT_Y":"9226872.577","LOWER_RIGHT_X":"518967.474","LOWER_RIGHT_Y":"9225870.577"},"geometry":{"type":"Polygon","coordinates":[[[-62.83734661000404,-6.994350361261681],[-62.828274864089536,-6.994347140539174],[-62.828271550970904,-7.0034111563448],[-62.83734347190601,-7.003414381281246],[-62.83734661000404,-6.994350361261681]]]}},
{"type":"Feature","properties":{"DESCRIPTION":"MDT_1421202.tif","FILENAME":"U:\\P589_AmazoniaRevelada_BR-319\\LiDAR_dataset\\ENTREGAS\\ENTREGA_01\\2_MDT\\GEOTIFF\\MDT_1421202.tif","SHRT_FNAME":"MDT_1421202.tif","UPPER_LEFT_X":"518965.569","UPPER_LEFT_Y":"9226872.577","LOWER_RIGHT_X":"519967.569","LOWER_RIGHT_Y":"9225870.577"},"geometry":{"type":"Polygon","coordinates":[[[-62.828292109453038,-6.99434714682755],[-62.819220367926953,-6.994343751681925],[-62.819216880120827,-7.00340776305363],[-62.828288796667117,-7.003411162641403],[-62.828292109453038,-6.99434714682755]]]}},
{"type":"Feature","properties":{"DESCRIPTION":"MDT_1421203.tif","FILENAME":"U:\\P589_AmazoniaRevelada_BR-319\\LiDAR_dataset\\ENTREGAS\\ENTREGA_01\\2_MDT\\GEOTIFF\\MDT_1421203.tif","SHRT_FNAME":"MDT_1421203.tif","UPPER_LEFT_X":"519965.664","UPPER_LEFT_Y":"9226872.577","LOWER_RIGHT_X":"520967.664","LOWER_RIGHT_Y":"9225870.577"},"geometry":{"type":"Polygon","coordinates":[[[-62.819237613281878,-6.994343758301879],[-62.810165876375585,-6.994340188733561],[-62.810162213882421,-7.003404195443564],[-62.819234125808464,-7.003407769682243],[-62.819237613281878,-6.994343758301879]]]}},
{"type":"Feature","properties":{"DESCRIPTION":"MDT_1421204.tif","FILENAME":"U:\\P589_AmazoniaRevelada_BR-319\\LiDAR_dataset\\ENTREGAS\\ENTREGA_01\\2_MDT\\GEOTIFF\\MDT_1421204.tif","SHRT_FNAME":"MDT_1421204.tif","UPPER_LEFT_X":"520965.759","UPPER_LEFT_Y":"9226872.577","LOWER_RIGHT_X":"521967.759","LOWER_RIGHT_Y":"9225870.577"},"geometry":{"type":"Polygon","coordinates":[[[-62.810183121721501,-6.99434019568509],[-62.801111389666396,-6.994336451694522],[-62.801107552486648,-7.003400453515046],[-62.810179459561063,-7.003404202404187],[-62.810183121721501,-6.99434019568509]]]}},
{"type":"Feature","properties":{"DESCRIPTION":"MDT_1421205.tif","FILENAME":"U:\\P589_AmazoniaRevelada_BR-319\\LiDAR_dataset\\ENTREGAS\\ENTREGA_01\\2_MDT\\GEOTIFF\\MDT_1421205.tif","SHRT_FNAME":"MDT_1421205.tif","UPPER_LEFT_X":"521965.854","UPPER_LEFT_Y":"9226872.577","LOWER_RIGHT_X":"522967.854","LOWER_RIGHT_Y":"9225870.577"},"geometry":{"type":"Polygon","coordinates":[[[-62.80112863500289,-6.994336458977627],[-62.792056908030361,-6.994332540565273],[-62.792052896164499,-7.003396537268542],[-62.801124798155847,-7.003400460807681],[-62.80112863500289,-6.994336458977627]]]}},
{"type":"Feature","properties":{"DESCRIPTION":"MDT_1421206.tif","FILENAME":"U:\\P589_AmazoniaRevelada_BR-319\\LiDAR_dataset\\ENTREGAS\\ENTREGA_01\\2_MDT\\GEOTIFF\\MDT_1421206.tif","SHRT_FNAME":"MDT_1421206.tif","UPPER_LEFT_X":"522965.950","UPPER_LEFT_Y":"9226872.577","LOWER_RIGHT_X":"523967.950","LOWER_RIGHT_Y":"9225870.577"},"geometry":{"type":"Polygon","coordinates":[[[-62.792074153356964,-6.994332548179953],[-62.783002431698407,-6.994328455346301],[-62.782998245146949,-7.00339244670454],[-62.792070141823814,-7.003396544893187],[-62.792074153356964,-6.994332548179953]]]}},
{"type":"Feature","properties":{"DESCRIPTION":"MDT_1421207.tif","FILENAME":"U:\\P589_AmazoniaRevelada_BR-319\\LiDAR_dataset\\ENTREGAS\\ENTREGA_01\\2_MDT\\GEOTIFF\\MDT_1421207.tif","SHRT_FNAME":"MDT_1421207.tif","UPPER_LEFT_X":"523966.045","UPPER_LEFT_Y":"9226872.577","LOWER_RIGHT_X":"524968.045","LOWER_RIGHT_Y":"9225870.577"},"geometry":{"type":"Polygon","coordinates":[[[-62.783019677014678,-6.994328463292554],[-62.773947960901495,-6.994324196038113],[-62.773943599664953,-7.003388181823546],[-62.783015490795933,-7.003392454661191],[-62.783019677014678,-6.994328463292554]]]}},
{"type":"Feature","properties":{"DESCRIPTION":"MDT_1421208.tif","FILENAME":"U:\\P589_AmazoniaRevelada_BR-319\\LiDAR_dataset\\ENTREGAS\\ENTREGA_01\\2_MDT\\GEOTIFF\\MDT_1421208.tif","SHRT_FNAME":"MDT_1421208.tif","UPPER_LEFT_X":"524966.140","UPPER_LEFT_Y":"9226872.577","LOWER_RIGHT_X":"525968.140","LOWER_RIGHT_Y":"9225870.577"},"geometry":{"type":"Polygon","coordinates":[[[-62.773965206207009,-6.994324204315939],[-62.764893495870574,-6.994319762641235],[-62.764888959949509,-7.00338374262609],[-62.773960845303193,-7.003388190112204],[-62.773965206207009,-6.994324204315939]]]}},
{"type":"Feature","properties":{"DESCRIPTION":"MDT_1421209.tif","FILENAME":"U:\\P589_AmazoniaRevelada_BR-319\\LiDAR_dataset\\ENTREGAS\\ENTREGA_01\\2_MDT\\GEOTIFF\\MDT_1421209.tif","SHRT_FNAME":"MDT_1421209.tif","UPPER_LEFT_X":"525966.235","UPPER_LEFT_Y":"9226872.577","LOWER_RIGHT_X":"526968.235","LOWER_RIGHT_Y":"9225870.577"},"geometry":{"type":"Polygon","coordinates":[[[-62.76491074116489,-6.994319771250635],[-62.755839036836598,-6.994315155156225],[-62.755834326231572,-7.003379129112724],[-62.764906205576537,-7.003383751246753],[-62.76491074116489,-6.994319771250635]]]}},
{"type":"Feature","properties":{"DESCRIPTION":"MDT_1421210.tif","FILENAME":"U:\\P589_AmazoniaRevelada_BR-319\\LiDAR_dataset\\ENTREGAS\\ENTREGA_01\\2_MDT\\GEOTIFF\\MDT_1421210.tif","SHRT_FNAME":"MDT_1421210.tif","UPPER_LEFT_X":"526966.330","UPPER_LEFT_Y":"9226872.577","LOWER_RIGHT_X":"527968.330","LOWER_RIGHT_Y":"9225870.577"},"geometry":{"type":"Polygon","coordinates":[[[-62.755856282119275,-6.994315164097194],[-62.746784584030522,-6.994310373583649],[-62.746779698742131,-7.003374341284024],[-62.755851571846961,-7.003379138065393],[-62.755856282119275,-6.994315164097194]]]}},
{"type":"Feature","properties":{"DESCRIPTION":"MDT_1421211.tif","FILENAME":"U:\\P589_AmazoniaRevelada_BR-319\\LiDAR_dataset\\ENTREGAS\\ENTREGA_01\\2_MDT\\GEOTIFF\\MDT_1421211.tif","SHRT_FNAME":"MDT_1421211.tif","UPPER_LEFT_X":"527966.426","UPPER_LEFT_Y":"9226872.577","LOWER_RIGHT_X":"528968.426","LOWER_RIGHT_Y":"9225870.577"},"geometry":{"type":"Polygon","coordinates":[[[-62.74680182930112,-6.994310382856189],[-62.737730137683286,-6.994305417924105],[-62.73772507771212,-7.00336937914058],[-62.746796944345427,-7.003374350568694],[-62.74680182930112,-6.994310382856189]]]}},
{"type":"Feature","properties":{"DESCRIPTION":"MDT_1421212.tif","FILENAME":"U:\\P589_AmazoniaRevelada_BR-319\\LiDAR_dataset\\ENTREGAS\\ENTREGA_01\\2_MDT\\GEOTIFF\\MDT_1421212.tif","SHRT_FNAME":"MDT_1421212.tif","UPPER_LEFT_X":"528966.521","UPPER_LEFT_Y":"9226872.577","LOWER_RIGHT_X":"529968.521","LOWER_RIGHT_Y":"9225870.577"},"geometry":{"type":"Polygon","coordinates":[[[-62.737747382941357,-6.994305427528213],[-62.728675698025832,-6.994300288178207],[-62.728670463372552,-7.003364242683012],[-62.737742323302903,-7.003369388757254],[-62.737747382941357,-6.994305427528213]]]}},
{"type":"Feature","properties":{"DESCRIPTION":"MDT_1421213.tif","FILENAME":"U:\\P589_AmazoniaRevelada_BR-319\\LiDAR_dataset\\ENTREGAS\\ENTREGA_01\\2_MDT\\GEOTIFF\\MDT_1421213.tif","SHRT_FNAME":"MDT_1421213.tif","UPPER_LEFT_X":"529966.616","UPPER_LEFT_Y":"9226872.577","LOWER_RIGHT_X":"530968.616","LOWER_RIGHT_Y":"9225870.577"},"geometry":{"type":"Polygon","coordinates":[[[-62.728692943270943,-6.994300298113883],[-62.719621265289121,-6.994294984346594],[-62.719615855954373,-7.003358931911957],[-62.728687708950375,-7.003364252631687],[-62.728692943270943,-6.994300298113883]]]}},
{"type":"Feature","properties":{"DESCRIPTION":"MDT_1421214.tif","FILENAME":"U:\\P589_AmazoniaRevelada_BR-319\\LiDAR_dataset\\ENTREGAS\\ENTREGA_01\\2_MDT\\GEOTIFF\\MDT_1421214.tif","SHRT_FNAME":"MDT_1421214.tif","UPPER_LEFT_X":"530966.711","UPPER_LEFT_Y":"9226872.577","LOWER_RIGHT_X":"531968.711","LOWER_RIGHT_Y":"9225870.577"},"geometry":{"type":"Polygon","coordinates":[[[-62.719638510520831,-6.994294994613836],[-62.710566839704086,-6.994289506429923],[-62.710561255688553,-7.003353446828075],[-62.719633101518781,-7.003358942192632],[-62.719638510520831,-6.994294994613836]]]}},
{"type":"Feature","properties":{"DESCRIPTION":"MDT_1421215.tif","FILENAME":"U:\\P589_AmazoniaRevelada_BR-319\\LiDAR_dataset\\ENTREGAS\\ENTREGA_01\\2_MDT\\GEOTIFF\\MDT_1421215.tif","SHRT_FNAME":"MDT_1421215.tif","UPPER_LEFT_X":"531966.806","UPPER_LEFT_Y":"9226872.577","LOWER_RIGHT_X":"532968.806","LOWER_RIGHT_Y":"9225870.577"},"geometry":{"type":"Polygon","coordinates":[[[-62.710584084921955,-6.99428951702873],[-62.701512421501675,-6.994283854428875],[-62.701506662806061,-7.003347787432049],[-62.710578501239119,-7.003353457440749],[-62.710584084921955,-6.99428951702873]]]}},
{"type":"Feature","properties":{"DESCRIPTION":"MDT_1421216.tif","FILENAME":"U:\\P589_AmazoniaRevelada_BR-319\\LiDAR_dataset\\ENTREGAS\\ENTREGA_01\\2_MDT\\GEOTIFF\\MDT_1421216.tif","SHRT_FNAME":"MDT_1421216.tif","UPPER_LEFT_X":"532966.902","UPPER_LEFT_Y":"9226872.577","LOWER_RIGHT_X":"533968.902","LOWER_RIGHT_Y":"9225870.577"},"geometry":{"type":"Polygon","coordinates":[[[-62.70152966670527,-6.994283865359247],[-62.692458010912844,-6.994278028344155],[-62.692452077537858,-7.003341953724579],[-62.701523908342345,-7.003347798376719],[-62.70152966670527,-6.994283865359247]]]}},
{"type":"Feature","properties":{"DESCRIPTION":"MDT_1421217.tif","FILENAME":"U:\\P589_AmazoniaRevelada_BR-319\\LiDAR_dataset\\ENTREGAS\\ENTREGA_01\\2_MDT\\GEOTIFF\\MDT_1421217.tif","SHRT_FNAME":"MDT_1421217.tif","UPPER_LEFT_X":"533966.997","UPPER_LEFT_Y":"9226872.577","LOWER_RIGHT_X":"534968.997","LOWER_RIGHT_Y":"9225870.577"},"geometry":{"type":"Polygon","coordinates":[[[-62.692475256101723,-6.994278039606089],[-62.683403608168533,-6.994272028176485],[-62.683397500114928,-7.003335945706395],[-62.692469323059434,-7.003341965001248],[-62.692475256101723,-6.994278039606089]]]}},
{"type":"Feature","properties":{"DESCRIPTION":"MDT_1421218.tif","FILENAME":"U:\\P589_AmazoniaRevelada_BR-319\\LiDAR_dataset\\ENTREGAS\\ENTREGA_01\\2_MDT\\GEOTIFF\\MDT_1421218.tif","SHRT_FNAME":"MDT_1421218.tif","UPPER_LEFT_X":"534967.092","UPPER_LEFT_Y":"9226872.577","LOWER_RIGHT_X":"535969.092","LOWER_RIGHT_Y":"9225870.577"},"geometry":{"type":"Polygon","coordinates":[[[-62.683420853342241,-6.994272039769978],[-62.674349213499674,-6.994265853926609],[-62.674342930768212,-7.003329763378239],[-62.683414745621334,-7.003335957315057],[-62.683420853342241,-6.994272039769978]]]}},
{"type":"Feature","properties":{"DESCRIPTION":"MDT_1421219.tif","FILENAME":"U:\\P589_AmazoniaRevelada_BR-319\\LiDAR_dataset\\ENTREGAS\\ENTREGA_01\\2_MDT\\GEOTIFF\\MDT_1421219.tif","SHRT_FNAME":"MDT_1421219.tif","UPPER_LEFT_X":"535967.187","UPPER_LEFT_Y":"9226872.577","LOWER_RIGHT_X":"536969.187","LOWER_RIGHT_Y":"9225870.577"},"geometry":{"type":"Polygon","coordinates":[[[-62.674366458657786,-6.994265865851663],[-62.66529482713721,-6.994259505595298],[-62.665288369728685,-7.003323406740882],[-62.674360176259022,-7.003329775318895],[-62.674366458657786,-6.994265865851663]]]}},
{"type":"Feature","properties":{"DESCRIPTION":"MDT_1421220.tif","FILENAME":"U:\\P589_AmazoniaRevelada_BR-319\\LiDAR_dataset\\ENTREGAS\\ENTREGA_01\\2_MDT\\GEOTIFF\\MDT_1421220.tif","SHRT_FNAME":"MDT_1421220.tif","UPPER_LEFT_X":"536967.282","UPPER_LEFT_Y":"9226872.577","LOWER_RIGHT_X":"537969.282","LOWER_RIGHT_Y":"9225870.577"},"geometry":{"type":"Polygon","coordinates":[[[-62.665312072279285,-6.994259517851909],[-62.656240449312101,-6.994252983183337],[-62.656233817227303,-7.003316875795112],[-62.665305615203451,-7.003323419013529],[-62.665312072279285,-6.994259517851909]]]}},
{"type":"Feature","properties":{"DESCRIPTION":"MDT_1421221.tif","FILENAME":"U:\\P589_AmazoniaRevelada_BR-319\\LiDAR_dataset\\ENTREGAS\\ENTREGA_01\\2_MDT\\GEOTIFF\\MDT_1421221.tif","SHRT_FNAME":"MDT_1421221.tif","UPPER_LEFT_X":"537967.378","UPPER_LEFT_Y":"9226872.577","LOWER_RIGHT_X":"538969.378","LOWER_RIGHT_Y":"9225870.577"},"geometry":{"type":"Polygon","coordinates":[[[-62.656257694437699,-6.994252995771505],[-62.647186080255253,-6.994246286691539],[-62.647179273495034,-7.003310170541742],[-62.656251062685584,-7.003316888399749],[-62.656257694437699,-6.994252995771505]]]}},
{"type":"Feature","properties":{"DESCRIPTION":"MDT_1421222.tif","FILENAME":"U:\\P589_AmazoniaRevelada_BR-319\\LiDAR_dataset\\ENTREGAS\\ENTREGA_01\\2_MDT\\GEOTIFF\\MDT_1421222.tif","SHRT_FNAME":"MDT_1421222.tif","UPPER_LEFT_X":"538967.473","UPPER_LEFT_Y":"9226872.577","LOWER_RIGHT_X":"539969.473","LOWER_RIGHT_Y":"9225870.577"},"geometry":{"type":"Polygon","coordinates":[[[-62.647203325363932,-6.994246299611261],[-62.638131720197627,-6.994239416120734],[-62.638124738762826,-7.003303290981604],[-62.64719651893639,-7.003310183478368],[-62.647203325363932,-6.994246299611261]]]}},
{"type":"Feature","properties":{"DESCRIPTION":"MDT_1421223.tif","FILENAME":"U:\\P589_AmazoniaRevelada_BR-319\\LiDAR_dataset\\ENTREGAS\\ENTREGA_01\\2_MDT\\GEOTIFF\\MDT_1421223.tif","SHRT_FNAME":"MDT_1421223.tif","UPPER_LEFT_X":"539967.568","UPPER_LEFT_Y":"9226872.577","LOWER_RIGHT_X":"540969.568","LOWER_RIGHT_Y":"9225870.577"},"geometry":{"type":"Polygon","coordinates":[[[-62.638148965288948,-6.99423942937201],[-62.629077369370158,-6.99423237147178],[-62.629070213261656,-7.003296237115554],[-62.638141984186831,-7.003303304250219],[-62.638148965288948,-6.99423942937201]]]}},
{"type":"Feature","properties":{"DESCRIPTION":"MDT_1421224.tif","FILENAME":"U:\\P589_AmazoniaRevelada_BR-319\\LiDAR_dataset\\ENTREGAS\\ENTREGA_01\\2_MDT\\GEOTIFF\\MDT_1421224.tif","SHRT_FNAME":"MDT_1421224.tif","UPPER_LEFT_X":"540967.663","UPPER_LEFT_Y":"9226872.577","LOWER_RIGHT_X":"541969.663","LOWER_RIGHT_Y":"9225870.577"},"geometry":{"type":"Polygon","coordinates":[[[-62.629094614443666,-6.994232385054606],[-62.620023028003764,-6.994225152745546],[-62.620015697222463,-7.00328900894447],[-62.629087458667854,-7.003296250716153],[-62.629094614443666,-6.994232385054606]]]}},
{"type":"Feature","properties":{"DESCRIPTION":"MDT_1421225.tif","FILENAME":"U:\\P589_AmazoniaRevelada_BR-319\\LiDAR_dataset\\ENTREGAS\\ENTREGA_01\\2_MDT\\GEOTIFF\\MDT_1421225.tif","SHRT_FNAME":"MDT_1421225.tif","UPPER_LEFT_X":"541967.758","UPPER_LEFT_Y":"9226872.577","LOWER_RIGHT_X":"542969.758","LOWER_RIGHT_Y":"9225870.577"},"geometry":{"type":"Polygon","coordinates":[[[-62.620040273059033,-6.994225166659922],[-62.610968696329394,-6.994217759942934],[-62.610961190876225,-7.003281606469245],[-62.620032942610429,-7.003289022877051],[-62.620040273059033,-6.994225166659922]]]}},
{"type":"Feature","properties":{"DESCRIPTION":"MDT_1421226.tif","FILENAME":"U:\\P589_AmazoniaRevelada_BR-319\\LiDAR_dataset\\ENTREGAS\\ENTREGA_01\\2_MDT\\GEOTIFF\\MDT_1421226.tif","SHRT_FNAME":"MDT_1421226.tif","UPPER_LEFT_X":"542967.854","UPPER_LEFT_Y":"9226872.577","LOWER_RIGHT_X":"543969.854","LOWER_RIGHT_Y":"9225870.577"},"geometry":{"type":"Polygon","coordinates":[[[-62.610985941365996,-6.99421777418886],[-62.601914374577994,-6.994210193064861],[-62.601906694453866,-7.003274029690803],[-62.610978436245503,-7.003281620733809],[-62.610985941365996,-6.99421777418886]]]}},
{"type":"Feature","properties":{"DESCRIPTION":"MDT_1421227.tif","FILENAME":"U:\\P589_AmazoniaRevelada_BR-319\\LiDAR_dataset\\ENTREGAS\\ENTREGA_01\\2_MDT\\GEOTIFF\\MDT_1421227.tif","SHRT_FNAME":"MDT_1421227.tif","UPPER_LEFT_X":"543967.949","UPPER_LEFT_Y":"9226872.577","LOWER_RIGHT_X":"544969.949","LOWER_RIGHT_Y":"9225870.577"},"geometry":{"type":"Polygon","coordinates":[[[-62.601931619595462,-6.994210207642333],[-62.592860062980463,-6.994202452112266],[-62.592852208186365,-7.003266278610085],[-62.601923939804031,-7.003274044287347],[-62.601931619595462,-6.994210207642333]]]}},
{"type":"Feature","properties":{"DESCRIPTION":"MDT_1421228.tif","FILENAME":"U:\\P589_AmazoniaRevelada_BR-319\\LiDAR_dataset\\ENTREGAS\\ENTREGA_01\\2_MDT\\GEOTIFF\\MDT_1421228.tif","SHRT_FNAME":"MDT_1421228.tif","UPPER_LEFT_X":"544968.044","UPPER_LEFT_Y":"9226872.577","LOWER_RIGHT_X":"545970.044","LOWER_RIGHT_Y":"9225870.577"},"geometry":{"type":"Polygon","coordinates":[[[-62.592877307978377,-6.994202467021283],[-62.583805761767749,-6.994194537086114],[-62.583797732304667,-7.003258353228054],[-62.592869453516968,-7.003266293538607],[-62.592877307978377,-6.994202467021283]]]}},
{"type":"Feature","properties":{"DESCRIPTION":"MDT_1445106.tif","FILENAME":"U:\\P589_AmazoniaRevelada_BR-319\\LiDAR_dataset\\ENTREGAS\\ENTREGA_01\\2_MDT\\GEOTIFF\\MDT_1445106.tif","SHRT_FNAME":"MDT_1445106.tif","UPPER_LEFT_X":"422956.430","UPPER_LEFT_Y":"9202875.573","LOWER_RIGHT_X":"423958.430","LOWER_RIGHT_Y":"9201873.573"},"geometry":{"type":"Polygon","coordinates":[[[-63.697837250988705,-7.210920786176301],[-63.688761889317519,-7.210934552816977],[-63.688775592897485,-7.219997865918163],[-63.697851135096229,-7.21998408179726],[-63.697837250988705,-7.210920786176301]]]}},
{"type":"Feature","properties":{"DESCRIPTION":"MDT_1445107.tif","FILENAME":"U:\\P589_AmazoniaRevelada_BR-319\\LiDAR_dataset\\ENTREGAS\\ENTREGA_01\\2_MDT\\GEOTIFF\\MDT_1445107.tif","SHRT_FNAME":"MDT_1445107.tif","UPPER_LEFT_X":"423956.525","UPPER_LEFT_Y":"9202875.573","LOWER_RIGHT_X":"424958.525","LOWER_RIGHT_Y":"9201873.573"},"geometry":{"type":"Polygon","coordinates":[[[-63.688779141575495,-7.210934526817554],[-63.679703762271373,-7.210948113627921],[-63.679717285665227,-7.220011443947983],[-63.688792845498646,-7.219997839885729],[-63.688779141575495,-7.210934526817554]]]}},
{"type":"Feature","properties":{"DESCRIPTION":"MDT_1445108.tif","FILENAME":"U:\\P589_AmazoniaRevelada_BR-319\\LiDAR_dataset\\ENTREGAS\\ENTREGA_01\\2_MDT\\GEOTIFF\\MDT_1445108.tif","SHRT_FNAME":"MDT_1445108.tif","UPPER_LEFT_X":"424956.620","UPPER_LEFT_Y":"9202875.573","LOWER_RIGHT_X":"425958.620","LOWER_RIGHT_Y":"9201873.573"},"geometry":{"type":"Polygon","coordinates":[[[-63.679721014562638,-7.210948087970356],[-63.670645617857417,-7.210961494948722],[-63.670658961063481,-7.220024842259752],[-63.679734538299684,-7.220011418257839],[-63.679721014562638,-7.210948087970356]]]}},
{"type":"Feature","properties":{"DESCRIPTION":"MDT_1445109.tif","FILENAME":"U:\\P589_AmazoniaRevelada_BR-319\\LiDAR_dataset\\ENTREGAS\\ENTREGA_01\\2_MDT\\GEOTIFF\\MDT_1445109.tif","SHRT_FNAME":"MDT_1445109.tif","UPPER_LEFT_X":"425956.715","UPPER_LEFT_Y":"9202875.573","LOWER_RIGHT_X":"426958.715","LOWER_RIGHT_Y":"9201873.573"},"geometry":{"type":"Polygon","coordinates":[[[-63.670662870181538,-7.210961469633021],[-63.661587456307068,-7.21097469677772],[-63.66160061932365,-7.220038060851807],[-63.670676213730793,-7.220024816911906],[-63.670662870181538,-7.210961469633021]]]}},
{"type":"Feature","properties":{"DESCRIPTION":"MDT_1445110.tif","FILENAME":"U:\\P589_AmazoniaRevelada_BR-319\\LiDAR_dataset\\ENTREGAS\\ENTREGA_01\\2_MDT\\GEOTIFF\\MDT_1445110.tif","SHRT_FNAME":"MDT_1445110.tif","UPPER_LEFT_X":"426956.810","UPPER_LEFT_Y":"9202875.573","LOWER_RIGHT_X":"427958.810","LOWER_RIGHT_Y":"9201873.573"},"geometry":{"type":"Polygon","coordinates":[[[-63.661604708663617,-7.210974671803882],[-63.652529277851755,-7.210987719113274],[-63.652542260677201,-7.220051099722506],[-63.661617872023392,-7.220038035846261],[-63.661604708663617,-7.210974671803882]]]}},
{"type":"Feature","properties":{"DESCRIPTION":"MDT_1445111.tif","FILENAME":"U:\\P589_AmazoniaRevelada_BR-319\\LiDAR_dataset\\ENTREGAS\\ENTREGA_01\\2_MDT\\GEOTIFF\\MDT_1445111.tif","SHRT_FNAME":"MDT_1445111.tif","UPPER_LEFT_X":"427956.906","UPPER_LEFT_Y":"9202875.573","LOWER_RIGHT_X":"428958.906","LOWER_RIGHT_Y":"9201873.573"},"geometry":{"type":"Polygon","coordinates":[[[-63.652546530240272,-7.210987694481301],[-63.643471082722876,-7.21100056195376],[-63.643483885355579,-7.220063958870227],[-63.652559513408931,-7.220051075059261],[-63.652546530240272,-7.210987694481301]]]}},
{"type":"Feature","properties":{"DESCRIPTION":"MDT_1445112.tif","FILENAME":"U:\\P589_AmazoniaRevelada_BR-319\\LiDAR_dataset\\ENTREGAS\\ENTREGA_01\\2_MDT\\GEOTIFF\\MDT_1445112.tif","SHRT_FNAME":"MDT_1445112.tif","UPPER_LEFT_X":"428957.001","UPPER_LEFT_Y":"9202875.573","LOWER_RIGHT_X":"429959.001","LOWER_RIGHT_Y":"9201873.573"},"geometry":{"type":"Polygon","coordinates":[[[-63.643488335142933,-7.211000537663662],[-63.634412871151845,-7.211013225297588],[-63.634425493590179,-7.22007663829337],[-63.643501138118829,-7.220063934549286],[-63.643488335142933,-7.211000537663662]]]}},
{"type":"Feature","properties":{"DESCRIPTION":"MDT_1445113.tif","FILENAME":"U:\\P589_AmazoniaRevelada_BR-319\\LiDAR_dataset\\ENTREGAS\\ENTREGA_01\\2_MDT\\GEOTIFF\\MDT_1445113.tif","SHRT_FNAME":"MDT_1445113.tif","UPPER_LEFT_X":"429957.096","UPPER_LEFT_Y":"9202875.573","LOWER_RIGHT_X":"430959.096","LOWER_RIGHT_Y":"9201873.573"},"geometry":{"type":"Polygon","coordinates":[[[-63.634430123603003,-7.21101320134936],[-63.625354643370095,-7.211025709143176],[-63.625367085612481,-7.22008913799036],[-63.634442746384536,-7.220076614314736],[-63.634430123603003,-7.21101320134936]]]}},
{"type":"Feature","properties":{"DESCRIPTION":"MDT_1445114.tif","FILENAME":"U:\\P589_AmazoniaRevelada_BR-319\\LiDAR_dataset\\ENTREGAS\\ENTREGA_01\\2_MDT\\GEOTIFF\\MDT_1445114.tif","SHRT_FNAME":"MDT_1445114.tif","UPPER_LEFT_X":"430957.191","UPPER_LEFT_Y":"9202875.573","LOWER_RIGHT_X":"431959.191","LOWER_RIGHT_Y":"9201873.573"},"geometry":{"type":"Polygon","coordinates":[[[-63.625371895851906,-7.211025685536827],[-63.616296399609034,-7.211038013488978],[-63.61630866165391,-7.220101457959643],[-63.625384338437499,-7.220089114354038],[-63.625371895851906,-7.211025685536827]]]}},
{"type":"Feature","properties":{"DESCRIPTION":"MDT_1445115.tif","FILENAME":"U:\\P589_AmazoniaRevelada_BR-319\\LiDAR_dataset\\ENTREGAS\\ENTREGA_01\\2_MDT\\GEOTIFF\\MDT_1445115.tif","SHRT_FNAME":"MDT_1445115.tif","UPPER_LEFT_X":"431957.286","UPPER_LEFT_Y":"9202875.573","LOWER_RIGHT_X":"432959.286","LOWER_RIGHT_Y":"9201873.573"},"geometry":{"type":"Polygon","coordinates":[[[-63.616313652121057,-7.211037990224512],[-63.60723814010008,-7.211050138333466],[-63.607250221945918,-7.220113598199688],[-63.616325914509147,-7.220101434665636],[-63.616313652121057,-7.211037990224512]]]}},
{"type":"Feature","properties":{"DESCRIPTION":"MDT_1445116.tif","FILENAME":"U:\\P589_AmazoniaRevelada_BR-319\\LiDAR_dataset\\ENTREGAS\\ENTREGA_01\\2_MDT\\GEOTIFF\\MDT_1445116.tif","SHRT_FNAME":"MDT_1445116.tif","UPPER_LEFT_X":"432957.382","UPPER_LEFT_Y":"9202875.573","LOWER_RIGHT_X":"433959.382","LOWER_RIGHT_Y":"9201873.573"},"geometry":{"type":"Polygon","coordinates":[[[-63.607255392641875,-7.211050115410879],[-63.59817986507467,-7.211062083675125],[-63.598191766719928,-7.220125558708985],[-63.60726747483092,-7.220113575247999],[-63.607255392641875,-7.211050115410879]]]}},
{"type":"Feature","properties":{"DESCRIPTION":"MDT_1445117.tif","FILENAME":"U:\\P589_AmazoniaRevelada_BR-319\\LiDAR_dataset\\ENTREGAS\\ENTREGA_01\\2_MDT\\GEOTIFF\\MDT_1445117.tif","SHRT_FNAME":"MDT_1445117.tif","UPPER_LEFT_X":"433957.477","UPPER_LEFT_Y":"9202875.573","LOWER_RIGHT_X":"434959.477","LOWER_RIGHT_Y":"9201873.573"},"geometry":{"type":"Polygon","coordinates":[[[-63.598197117645803,-7.211062061094426],[-63.589121574764228,-7.211073849512479],[-63.589133296207429,-7.220137339486048],[-63.598209019634282,-7.220125536099613],[-63.598197117645803,-7.211062061094426]]]}},
{"type":"Feature","properties":{"DESCRIPTION":"MDT_1445118.tif","FILENAME":"U:\\P589_AmazoniaRevelada_BR-319\\LiDAR_dataset\\ENTREGAS\\ENTREGA_01\\2_MDT\\GEOTIFF\\MDT_1445118.tif","SHRT_FNAME":"MDT_1445118.tif","UPPER_LEFT_X":"434957.572","UPPER_LEFT_Y":"9202875.573","LOWER_RIGHT_X":"435959.572","LOWER_RIGHT_Y":"9201873.573"},"geometry":{"type":"Polygon","coordinates":[[[-63.589138827364259,-7.211073827273667],[-63.580063269400178,-7.211085435844058],[-63.580074810639843,-7.22014894052941],[-63.589150549150681,-7.220137317218999],[-63.589138827364259,-7.211073827273667]]]}},
{"type":"Feature","properties":{"DESCRIPTION":"MDT_1445119.tif","FILENAME":"U:\\P589_AmazoniaRevelada_BR-319\\LiDAR_dataset\\ENTREGAS\\ENTREGA_01\\2_MDT\\GEOTIFF\\MDT_1445119.tif","SHRT_FNAME":"MDT_1445119.tif","UPPER_LEFT_X":"435957.667","UPPER_LEFT_Y":"9202875.573","LOWER_RIGHT_X":"436959.667","LOWER_RIGHT_Y":"9201873.573"},"geometry":{"type":"Polygon","coordinates":[[[-63.580080522028652,-7.211085413947139],[-63.571004949213943,-7.211096842668426],[-63.571016310248631,-7.22016036183763],[-63.580092063611538,-7.220148918604686],[-63.580080522028652,-7.211085413947139]]]}},
{"type":"Feature","properties":{"DESCRIPTION":"MDT_1445120.tif","FILENAME":"U:\\P589_AmazoniaRevelada_BR-319\\LiDAR_dataset\\ENTREGAS\\ENTREGA_01\\2_MDT\\GEOTIFF\\MDT_1445120.tif","SHRT_FNAME":"MDT_1445120.tif","UPPER_LEFT_X":"436957.762","UPPER_LEFT_Y":"9202875.573","LOWER_RIGHT_X":"437959.762","LOWER_RIGHT_Y":"9201873.573"},"geometry":{"type":"Polygon","coordinates":[[[-63.571022201870427,-7.211096821113399],[-63.56194661443697,-7.21110806998416],[-63.561957795265251,-7.22017160340929],[-63.571033563248349,-7.220160340255235],[-63.571022201870427,-7.211096821113399]]]}},
{"type":"Feature","properties":{"DESCRIPTION":"MDT_1445121.tif","FILENAME":"U:\\P589_AmazoniaRevelada_BR-319\\LiDAR_dataset\\ENTREGAS\\ENTREGA_01\\2_MDT\\GEOTIFF\\MDT_1445121.tif","SHRT_FNAME":"MDT_1445121.tif","UPPER_LEFT_X":"437957.858","UPPER_LEFT_Y":"9202875.573","LOWER_RIGHT_X":"438959.858","LOWER_RIGHT_Y":"9201873.573"},"geometry":{"type":"Polygon","coordinates":[[[-63.56196386712103,-7.211108048771034],[-63.552888265300687,-7.211119117789873],[-63.552899265921155,-7.220182665242988],[-63.561975048292538,-7.220171582169225],[-63.56196386712103,-7.211108048771034]]]}},
{"type":"Feature","properties":{"DESCRIPTION":"MDT_1445122.tif","FILENAME":"U:\\P589_AmazoniaRevelada_BR-319\\LiDAR_dataset\\ENTREGAS\\ENTREGA_01\\2_MDT\\GEOTIFF\\MDT_1445122.tif","SHRT_FNAME":"MDT_1445122.tif","UPPER_LEFT_X":"438957.953","UPPER_LEFT_Y":"9202875.573","LOWER_RIGHT_X":"439959.953","LOWER_RIGHT_Y":"9201873.573"},"geometry":{"type":"Polygon","coordinates":[[[-63.552905518011869,-7.211119096918644],[-63.543829902036521,-7.211129986084182],[-63.543840722447804,-7.220193547337352],[-63.552916518975564,-7.220182644345259],[-63.552905518011869,-7.211119096918644]]]}},
{"type":"Feature","properties":{"DESCRIPTION":"MDT_1445123.tif","FILENAME":"U:\\P589_AmazoniaRevelada_BR-319\\LiDAR_dataset\\ENTREGAS\\ENTREGA_01\\2_MDT\\GEOTIFF\\MDT_1445123.tif","SHRT_FNAME":"MDT_1445123.tif","UPPER_LEFT_X":"439958.048","UPPER_LEFT_Y":"9202875.573","LOWER_RIGHT_X":"440960.048","LOWER_RIGHT_Y":"9201873.573"},"geometry":{"type":"Polygon","coordinates":[[[-63.54384715477439,-7.211129965554854],[-63.534771524875922,-7.211140674865741],[-63.534782165076663,-7.220204249691032],[-63.543857975528908,-7.22019352678196],[-63.54384715477439,-7.211129965554854]]]}},
{"type":"Feature","properties":{"DESCRIPTION":"MDT_1445124.tif","FILENAME":"U:\\P589_AmazoniaRevelada_BR-319\\LiDAR_dataset\\ENTREGAS\\ENTREGA_01\\2_MDT\\GEOTIFF\\MDT_1445124.tif","SHRT_FNAME":"MDT_1445124.tif","UPPER_LEFT_X":"440958.143","UPPER_LEFT_Y":"9202875.573","LOWER_RIGHT_X":"441960.143","LOWER_RIGHT_Y":"9201873.573"},"geometry":{"type":"Polygon","coordinates":[[[-63.534788777640038,-7.211140654678319],[-63.525713134050328,-7.211151184133218],[-63.525723594039185,-7.220214772302691],[-63.534799418184008,-7.220204229477977],[-63.534788777640038,-7.211140654678319]]]}},
{"type":"Feature","properties":{"DESCRIPTION":"MDT_1445125.tif","FILENAME":"U:\\P589_AmazoniaRevelada_BR-319\\LiDAR_dataset\\ENTREGAS\\ENTREGA_01\\2_MDT\\GEOTIFF\\MDT_1445125.tif","SHRT_FNAME":"MDT_1445125.tif","UPPER_LEFT_X":"441958.238","UPPER_LEFT_Y":"9202875.573","LOWER_RIGHT_X":"442960.238","LOWER_RIGHT_Y":"9201873.573"},"geometry":{"type":"Polygon","coordinates":[[[-63.525730386840259,-7.211151164287704],[-63.516654729791178,-7.211161513885314],[-63.516665009566829,-7.220225115171027],[-63.525740847172344,-7.220214752431978],[-63.525730386840259,-7.211151164287704]]]}},
{"type":"Feature","properties":{"DESCRIPTION":"MDT_1445126.tif","FILENAME":"U:\\P589_AmazoniaRevelada_BR-319\\LiDAR_dataset\\ENTREGAS\\ENTREGA_01\\2_MDT\\GEOTIFF\\MDT_1445126.tif","SHRT_FNAME":"MDT_1445126.tif","UPPER_LEFT_X":"442958.334","UPPER_LEFT_Y":"9202875.573","LOWER_RIGHT_X":"443960.334","LOWER_RIGHT_Y":"9201873.573"},"geometry":{"type":"Polygon","coordinates":[[[-63.516671982606475,-7.211161494381708],[-63.507596312329916,-7.211171664120734],[-63.507606411891075,-7.220235278294746],[-63.516682262725361,-7.220225095642654],[-63.516671982606475,-7.211161494381708]]]}},
{"type":"Feature","properties":{"DESCRIPTION":"MDT_1445127.tif","FILENAME":"U:\\P589_AmazoniaRevelada_BR-319\\LiDAR_dataset\\ENTREGAS\\ENTREGA_01\\2_MDT\\GEOTIFF\\MDT_1445127.tif","SHRT_FNAME":"MDT_1445127.tif","UPPER_LEFT_X":"443958.429","UPPER_LEFT_Y":"9202875.573","LOWER_RIGHT_X":"444960.429","LOWER_RIGHT_Y":"9201873.573"},"geometry":{"type":"Polygon","coordinates":[[[-63.507613565170132,-7.21117164495904],[-63.498537881897981,-7.211181634838225],[-63.49854780124339,-7.220245261672591],[-63.50762366507454,-7.220235259108723],[-63.507613565170132,-7.21117164495904]]]}},
{"type":"Feature","properties":{"DESCRIPTION":"MDT_1445128.tif","FILENAME":"U:\\P589_AmazoniaRevelada_BR-319\\LiDAR_dataset\\ENTREGAS\\ENTREGA_01\\2_MDT\\GEOTIFF\\MDT_1445128.tif","SHRT_FNAME":"MDT_1445128.tif","UPPER_LEFT_X":"444958.524","UPPER_LEFT_Y":"9202875.573","LOWER_RIGHT_X":"445960.524","LOWER_RIGHT_Y":"9201873.573"},"geometry":{"type":"Polygon","coordinates":[[[-63.498555134762675,-7.211181616018444],[-63.489479438726818,-7.211191426036541],[-63.489489177855226,-7.220255065303322],[-63.498565054451333,-7.220245242828917],[-63.498555134762675,-7.211181616018444]]]}},
{"type":"Feature","properties":{"DESCRIPTION":"MDT_1445129.tif","FILENAME":"U:\\P589_AmazoniaRevelada_BR-319\\LiDAR_dataset\\ENTREGAS\\ENTREGA_01\\2_MDT\\GEOTIFF\\MDT_1445129.tif","SHRT_FNAME":"MDT_1445129.tif","UPPER_LEFT_X":"445958.619","UPPER_LEFT_Y":"9202875.573","LOWER_RIGHT_X":"446960.619","LOWER_RIGHT_Y":"9201873.573"},"geometry":{"type":"Polygon","coordinates":[[[-63.489496691615571,-7.211191407558679],[-63.480420983047892,-7.211201037714469],[-63.480430541958071,-7.220264689185718],[-63.489506431087229,-7.220255046801999],[-63.489496691615571,-7.211191407558679]]]}},
{"type":"Feature","properties":{"DESCRIPTION":"MDT_1445130.tif","FILENAME":"U:\\P589_AmazoniaRevelada_BR-319\\LiDAR_dataset\\ENTREGAS\\ENTREGA_01\\2_MDT\\GEOTIFF\\MDT_1445130.tif","SHRT_FNAME":"MDT_1445130.tif","UPPER_LEFT_X":"446958.714","UPPER_LEFT_Y":"9202875.573","LOWER_RIGHT_X":"447960.714","LOWER_RIGHT_Y":"9201873.573"},"geometry":{"type":"Polygon","coordinates":[[[-63.48043823596025,-7.211201019578526],[-63.471362515092636,-7.211210469870812],[-63.471371893783406,-7.220274133318577],[-63.480447795213678,-7.220264671026745],[-63.48043823596025,-7.211201019578526]]]}},
{"type":"Feature","properties":{"DESCRIPTION":"MDT_1445131.tif","FILENAME":"U:\\P589_AmazoniaRevelada_BR-319\\LiDAR_dataset\\ENTREGAS\\ENTREGA_01\\2_MDT\\GEOTIFF\\MDT_1445131.tif","SHRT_FNAME":"MDT_1445131.tif","UPPER_LEFT_X":"447958.810","UPPER_LEFT_Y":"9202875.573","LOWER_RIGHT_X":"448960.810","LOWER_RIGHT_Y":"9201873.573"},"geometry":{"type":"Polygon","coordinates":[[[-63.47137976802815,-7.21121045207679],[-63.462304035092508,-7.211219722504398],[-63.462313233562668,-7.220283397700732],[-63.471389147062162,-7.220274115501961],[-63.47137976802815,-7.21121045207679]]]}},
{"type":"Feature","properties":{"DESCRIPTION":"MDT_1445132.tif","FILENAME":"U:\\P589_AmazoniaRevelada_BR-319\\LiDAR_dataset\\ENTREGAS\\ENTREGA_01\\2_MDT\\GEOTIFF\\MDT_1445132.tif","SHRT_FNAME":"MDT_1445132.tif","UPPER_LEFT_X":"448958.905","UPPER_LEFT_Y":"9202875.573","LOWER_RIGHT_X":"449960.905","LOWER_RIGHT_Y":"9201873.573"},"geometry":{"type":"Polygon","coordinates":[[[-63.462321288050738,-7.211219705052301],[-63.45324554327896,-7.211228795614078],[-63.453254561527373,-7.220292482331031],[-63.462330486864154,-7.220283380226474],[-63.462321288050738,-7.211219705052301]]]}},
{"type":"Feature","properties":{"DESCRIPTION":"MDT_1445133.tif","FILENAME":"U:\\P589_AmazoniaRevelada_BR-319\\LiDAR_dataset\\ENTREGAS\\ENTREGA_01\\2_MDT\\GEOTIFF\\MDT_1445133.tif","SHRT_FNAME":"MDT_1445133.tif","UPPER_LEFT_X":"449959.000","UPPER_LEFT_Y":"9202875.573","LOWER_RIGHT_X":"450961.000","LOWER_RIGHT_Y":"9201873.573"},"geometry":{"type":"Polygon","coordinates":[[[-63.45326279625948,-7.211228778503905],[-63.44418703988346,-7.211237689198722],[-63.444195877908975,-7.220301387208339],[-63.453271814851142,-7.220292465199132],[-63.45326279625948,-7.211228778503905]]]}},
{"type":"Feature","properties":{"DESCRIPTION":"MDT_1445134.tif","FILENAME":"U:\\P589_AmazoniaRevelada_BR-319\\LiDAR_dataset\\ENTREGAS\\ENTREGA_01\\2_MDT\\GEOTIFF\\MDT_1445134.tif","SHRT_FNAME":"MDT_1445134.tif","UPPER_LEFT_X":"450959.095","UPPER_LEFT_Y":"9202875.573","LOWER_RIGHT_X":"451961.095","LOWER_RIGHT_Y":"9201873.573"},"geometry":{"type":"Polygon","coordinates":[[[-63.4442042928858,-7.211237672430475],[-63.435128525137436,-7.211246403257226],[-63.435137182938945,-7.220310112331556],[-63.444213131254571,-7.220301370418802],[-63.4442042928858,-7.211237672430475]]]}},
{"type":"Feature","properties":{"DESCRIPTION":"MDT_1445135.tif","FILENAME":"U:\\P589_AmazoniaRevelada_BR-319\\LiDAR_dataset\\ENTREGAS\\ENTREGA_01\\2_MDT\\GEOTIFF\\MDT_1445135.tif","SHRT_FNAME":"MDT_1445135.tif","UPPER_LEFT_X":"451959.190","UPPER_LEFT_Y":"9202875.573","LOWER_RIGHT_X":"452961.190","LOWER_RIGHT_Y":"9201873.573"},"geometry":{"type":"Polygon","coordinates":[[[-63.435145778161186,-7.21124638683091],[-63.426069999272357,-7.211254937788504],[-63.426078476848794,-7.220318657699591],[-63.435154436305957,-7.220310095884382],[-63.435145778161186,-7.21124638683091]]]}},
{"type":"Feature","properties":{"DESCRIPTION":"MDT_1445136.tif","FILENAME":"U:\\P589_AmazoniaRevelada_BR-319\\LiDAR_dataset\\ENTREGAS\\ENTREGA_01\\2_MDT\\GEOTIFF\\MDT_1445136.tif","SHRT_FNAME":"MDT_1445136.tif","UPPER_LEFT_X":"452959.286","UPPER_LEFT_Y":"9202875.573","LOWER_RIGHT_X":"453961.286","LOWER_RIGHT_Y":"9201873.573"},"geometry":{"type":"Polygon","coordinates":[[[-63.42608725231706,-7.21125492170412],[-63.417011462519696,-7.211263292791496],[-63.417019759869973,-7.220327023311383],[-63.42609573023676,-7.220318641594782],[-63.42608725231706,-7.21125492170412]]]}},
{"type":"Feature","properties":{"DESCRIPTION":"MDT_1445137.tif","FILENAME":"U:\\P589_AmazoniaRevelada_BR-319\\LiDAR_dataset\\ENTREGAS\\ENTREGA_01\\2_MDT\\GEOTIFF\\MDT_1445137.tif","SHRT_FNAME":"MDT_1445137.tif","UPPER_LEFT_X":"453959.381","UPPER_LEFT_Y":"9202875.573","LOWER_RIGHT_X":"454961.381","LOWER_RIGHT_Y":"9201873.573"},"geometry":{"type":"Polygon","coordinates":[[[-63.417028715584912,-7.211263277049047],[-63.40795291511089,-7.211271468265165],[-63.407961032233999,-7.220335209165894],[-63.417037013278474,-7.220327007548946],[-63.417028715584912,-7.211263277049047]]]}},
{"type":"Feature","properties":{"DESCRIPTION":"MDT_1445138.tif","FILENAME":"U:\\P589_AmazoniaRevelada_BR-319\\LiDAR_dataset\\ENTREGAS\\ENTREGA_01\\2_MDT\\GEOTIFF\\MDT_1445138.tif","SHRT_FNAME":"MDT_1445138.tif","UPPER_LEFT_X":"454959.476","UPPER_LEFT_Y":"9202875.573","LOWER_RIGHT_X":"455961.476","LOWER_RIGHT_Y":"9201873.573"},"geometry":{"type":"Polygon","coordinates":[[[-63.407970168196194,-7.211271452864651],[-63.39889435727742,-7.211279464208493],[-63.398902294172309,-7.220343215262107],[-63.407978285662558,-7.220335193745827],[-63.407970168196194,-7.211271452864651]]]}},
{"type":"Feature","properties":{"DESCRIPTION":"MDT_1445139.tif","FILENAME":"U:\\P589_AmazoniaRevelada_BR-319\\LiDAR_dataset\\ENTREGAS\\ENTREGA_01\\2_MDT\\GEOTIFF\\MDT_1445139.tif","SHRT_FNAME":"MDT_1445139.tif","UPPER_LEFT_X":"455959.571","UPPER_LEFT_Y":"9202875.573","LOWER_RIGHT_X":"456961.571","LOWER_RIGHT_Y":"9201873.573"},"geometry":{"type":"Polygon","coordinates":[[[-63.398911610382356,-7.211279449149918],[-63.389835789250746,-7.211287280620487],[-63.389843545916428,-7.220351041599022],[-63.398919547620515,-7.220343200184411],[-63.398911610382356,-7.211279449149918]]]}},
{"type":"Feature","properties":{"DESCRIPTION":"MDT_1445140.tif","FILENAME":"U:\\P589_AmazoniaRevelada_BR-319\\LiDAR_dataset\\ENTREGAS\\ENTREGA_01\\2_MDT\\GEOTIFF\\MDT_1445140.tif","SHRT_FNAME":"MDT_1445140.tif","UPPER_LEFT_X":"456959.666","UPPER_LEFT_Y":"9202875.573","LOWER_RIGHT_X":"457961.666","LOWER_RIGHT_Y":"9201873.573"},"geometry":{"type":"Polygon","coordinates":[[[-63.389853042374881,-7.21128726590385],[-63.38077721126232,-7.211294917500172],[-63.38078478769782,-7.220358688175671],[-63.389860799383825,-7.2203510268637],[-63.389853042374881,-7.21128726590385]]]}},
{"type":"Feature","properties":{"DESCRIPTION":"MDT_1445141.tif","FILENAME":"U:\\P589_AmazoniaRevelada_BR-319\\LiDAR_dataset\\ENTREGAS\\ENTREGA_01\\2_MDT\\GEOTIFF\\MDT_1445141.tif","SHRT_FNAME":"MDT_1445141.tif","UPPER_LEFT_X":"457959.762","UPPER_LEFT_Y":"9202875.573","LOWER_RIGHT_X":"458961.762","LOWER_RIGHT_Y":"9201873.573"},"geometry":{"type":"Polygon","coordinates":[[[-63.380794464405206,-7.211294903125477],[-63.371718623543622,-7.211302374846603],[-63.371726019747996,-7.220366154991102],[-63.380802041183976,-7.220358673782725],[-63.380794464405206,-7.211294903125477]]]}},
{"type":"Feature","properties":{"DESCRIPTION":"MDT_1445142.tif","FILENAME":"U:\\P589_AmazoniaRevelada_BR-319\\LiDAR_dataset\\ENTREGAS\\ENTREGA_01\\2_MDT\\GEOTIFF\\MDT_1445142.tif","SHRT_FNAME":"MDT_1445142.tif","UPPER_LEFT_X":"458959.857","UPPER_LEFT_Y":"9202875.573","LOWER_RIGHT_X":"459961.857","LOWER_RIGHT_Y":"9201873.573"},"geometry":{"type":"Polygon","coordinates":[[[-63.371735876704811,-7.21130236081385],[-63.362660026326111,-7.211309652658851],[-63.362667242298421,-7.220373442044383],[-63.37174327325247,-7.22036614094053],[-63.371735876704811,-7.21130236081385]]]}},
{"type":"Feature","properties":{"DESCRIPTION":"MDT_1445143.tif","FILENAME":"U:\\P589_AmazoniaRevelada_BR-319\\LiDAR_dataset\\ENTREGAS\\ENTREGA_01\\2_MDT\\GEOTIFF\\MDT_1445143.tif","SHRT_FNAME":"MDT_1445143.tif","UPPER_LEFT_X":"459959.952","UPPER_LEFT_Y":"9202875.573","LOWER_RIGHT_X":"460961.952","LOWER_RIGHT_Y":"9201873.573"},"geometry":{"type":"Polygon","coordinates":[[[-63.362677279505178,-7.211309638968044],[-63.353601419841254,-7.21131675093601],[-63.353608455580613,-7.220380549334612],[-63.362684495820773,-7.220373428336193],[-63.362677279505178,-7.211309638968044]]]}},
{"type":"Feature","properties":{"DESCRIPTION":"MDT_1445144.tif","FILENAME":"U:\\P589_AmazoniaRevelada_BR-319\\LiDAR_dataset\\ENTREGAS\\ENTREGA_01\\2_MDT\\GEOTIFF\\MDT_1445144.tif","SHRT_FNAME":"MDT_1445144.tif","UPPER_LEFT_X":"460960.047","UPPER_LEFT_Y":"9202875.573","LOWER_RIGHT_X":"461962.047","LOWER_RIGHT_Y":"9201873.573"},"geometry":{"type":"Polygon","coordinates":[[[-63.353618673037758,-7.211316737587149],[-63.344542804320525,-7.211323669677197],[-63.344549659826029,-7.220387476860907],[-63.353625709120379,-7.220380535968801],[-63.353618673037758,-7.211316737587149]]]}},
{"type":"Feature","properties":{"DESCRIPTION":"MDT_1445145.tif","FILENAME":"U:\\P589_AmazoniaRevelada_BR-319\\LiDAR_dataset\\ENTREGAS\\ENTREGA_01\\2_MDT\\GEOTIFF\\MDT_1445145.tif","SHRT_FNAME":"MDT_1445145.tif","UPPER_LEFT_X":"461960.142","UPPER_LEFT_Y":"9202875.573","LOWER_RIGHT_X":"462962.142","LOWER_RIGHT_Y":"9201873.573"},"geometry":{"type":"Polygon","coordinates":[[[-63.344560057534018,-7.211323656670287],[-63.335484179995397,-7.211330408881556],[-63.335490855266201,-7.2203942246224],[-63.344566913382806,-7.220387463837477],[-63.344560057534018,-7.211323656670287]]]}},
{"type":"Feature","properties":{"DESCRIPTION":"MDT_1451105.tif","FILENAME":"U:\\P589_AmazoniaRevelada_BR-319\\LiDAR_dataset\\ENTREGAS\\ENTREGA_01\\2_MDT\\GEOTIFF\\MDT_1451105.tif","SHRT_FNAME":"MDT_1451105.tif","UPPER_LEFT_X":"421956.334","UPPER_LEFT_Y":"9196876.322","LOWER_RIGHT_X":"422958.334","LOWER_RIGHT_Y":"9195874.322"},"geometry":{"type":"Polygon","coordinates":[[[-63.70697982012841,-7.26517116261027],[-63.697903391988618,-7.265185215115707],[-63.69791738295347,-7.274248489048325],[-63.706993993012958,-7.27423441883027],[-63.70697982012841,-7.26517116261027]]]}},
{"type":"Feature","properties":{"DESCRIPTION":"MDT_1451106.tif","FILENAME":"U:\\P589_AmazoniaRevelada_BR-319\\LiDAR_dataset\\ENTREGAS\\ENTREGA_01\\2_MDT\\GEOTIFF\\MDT_1451106.tif","SHRT_FNAME":"MDT_1451106.tif","UPPER_LEFT_X":"422956.430","UPPER_LEFT_Y":"9196876.322","LOWER_RIGHT_X":"423958.430","LOWER_RIGHT_Y":"9195874.322"},"geometry":{"type":"Polygon","coordinates":[[[-63.69792064627417,-7.265185188574153],[-63.688844200259091,-7.265199059883747],[-63.688858009648307,-7.274262351267137],[-63.697934637584851,-7.274248462473317],[-63.69792064627417,-7.265185188574153]]]}},
{"type":"Feature","properties":{"DESCRIPTION":"MDT_1451107.tif","FILENAME":"U:\\P589_AmazoniaRevelada_BR-319\\LiDAR_dataset\\ENTREGAS\\ENTREGA_01\\2_MDT\\GEOTIFF\\MDT_1451107.tif","SHRT_FNAME":"MDT_1451107.tif","UPPER_LEFT_X":"423956.525","UPPER_LEFT_Y":"9196876.322","LOWER_RIGHT_X":"424958.525","LOWER_RIGHT_Y":"9195874.322"},"geometry":{"type":"Polygon","coordinates":[[[-63.688861454578408,-7.265199033686649],[-63.679784990920027,-7.26521272379867],[-63.679798618731887,-7.274276032404878],[-63.688875264313459,-7.274262325037017],[-63.688861454578408,-7.265199033686649]]]}},
{"type":"Feature","properties":{"DESCRIPTION":"MDT_1451108.tif","FILENAME":"U:\\P589_AmazoniaRevelada_BR-319\\LiDAR_dataset\\ENTREGAS\\ENTREGA_01\\2_MDT\\GEOTIFF\\MDT_1451108.tif","SHRT_FNAME":"MDT_1451108.tif","UPPER_LEFT_X":"424956.620","UPPER_LEFT_Y":"9196876.322","LOWER_RIGHT_X":"425958.620","LOWER_RIGHT_Y":"9195874.322"},"geometry":{"type":"Polygon","coordinates":[[[-63.679802245272661,-7.265212697946027],[-63.67072576420297,-7.265226206858777],[-63.670739210435769,-7.274289532459846],[-63.679815873430364,-7.274276006519649],[-63.679802245272661,-7.265212697946027]]]}},
{"type":"Feature","properties":{"DESCRIPTION":"MDT_1451109.tif","FILENAME":"U:\\P589_AmazoniaRevelada_BR-319\\LiDAR_dataset\\ENTREGAS\\ENTREGA_01\\2_MDT\\GEOTIFF\\MDT_1451109.tif","SHRT_FNAME":"MDT_1451109.tif","UPPER_LEFT_X":"425956.715","UPPER_LEFT_Y":"9196876.322","LOWER_RIGHT_X":"426958.715","LOWER_RIGHT_Y":"9195874.322"},"geometry":{"type":"Polygon","coordinates":[[[-63.670743018588482,-7.265226181350597],[-63.661666520339466,-7.265239509062396],[-63.661679784991499,-7.274302851430361],[-63.670756465167123,-7.274289506919516],[-63.670743018588482,-7.265226181350597]]]}},
{"type":"Feature","properties":{"DESCRIPTION":"MDT_1451110.tif","FILENAME":"U:\\P589_AmazoniaRevelada_BR-319\\LiDAR_dataset\\ENTREGAS\\ENTREGA_01\\2_MDT\\GEOTIFF\\MDT_1451110.tif","SHRT_FNAME":"MDT_1451110.tif","UPPER_LEFT_X":"426956.810","UPPER_LEFT_Y":"9196876.322","LOWER_RIGHT_X":"427958.810","LOWER_RIGHT_Y":"9195874.322"},"geometry":{"type":"Polygon","coordinates":[[[-63.661683774757407,-7.265239483898681],[-63.652607259561059,-7.26525263040787],[-63.652620342630676,-7.27431598931477],[-63.661697039755296,-7.274302826234928],[-63.661683774757407,-7.265239483898681]]]}},
{"type":"Feature","properties":{"DESCRIPTION":"MDT_1451111.tif","FILENAME":"U:\\P589_AmazoniaRevelada_BR-319\\LiDAR_dataset\\ENTREGAS\\ENTREGA_01\\2_MDT\\GEOTIFF\\MDT_1451111.tif","SHRT_FNAME":"MDT_1451111.tif","UPPER_LEFT_X":"427956.906","UPPER_LEFT_Y":"9196876.322","LOWER_RIGHT_X":"428958.906","LOWER_RIGHT_Y":"9195874.322"},"geometry":{"type":"Polygon","coordinates":[[[-63.652624514010995,-7.265252605588621],[-63.6435479820993,-7.265265570893572],[-63.643560883584847,-7.274328946111438],[-63.652637597426462,-7.274315964464238],[-63.652624514010995,-7.265252605588621]]]}},
{"type":"Feature","properties":{"DESCRIPTION":"MDT_1451112.tif","FILENAME":"U:\\P589_AmazoniaRevelada_BR-319\\LiDAR_dataset\\ENTREGAS\\ENTREGA_01\\2_MDT\\GEOTIFF\\MDT_1451112.tif","SHRT_FNAME":"MDT_1451112.tif","UPPER_LEFT_X":"428957.001","UPPER_LEFT_Y":"9196876.322","LOWER_RIGHT_X":"429959.001","LOWER_RIGHT_Y":"9195874.322"},"geometry":{"type":"Polygon","coordinates":[[[-63.643565236580798,-7.26526554641879],[-63.634488688185748,-7.265278330517885],[-63.634501408085605,-7.274341721818752],[-63.643578138412202,-7.274328921605811],[-63.643565236580798,-7.26526554641879]]]}},
{"type":"Feature","properties":{"DESCRIPTION":"MDT_1451113.tif","FILENAME":"U:\\P589_AmazoniaRevelada_BR-319\\LiDAR_dataset\\ENTREGAS\\ENTREGA_01\\2_MDT\\GEOTIFF\\MDT_1451113.tif","SHRT_FNAME":"MDT_1451113.tif","UPPER_LEFT_X":"429957.096","UPPER_LEFT_Y":"9196876.322","LOWER_RIGHT_X":"430959.096","LOWER_RIGHT_Y":"9195874.322"},"geometry":{"type":"Polygon","coordinates":[[[-63.634505942698354,-7.26527830638758],[-63.62542937805194,-7.26529090927923],[-63.625441916364522,-7.274354316435129],[-63.634518662944068,-7.274341697658032],[-63.634505942698354,-7.26527830638758]]]}},
{"type":"Feature","properties":{"DESCRIPTION":"MDT_1451114.tif","FILENAME":"U:\\P589_AmazoniaRevelada_BR-319\\LiDAR_dataset\\ENTREGAS\\ENTREGA_01\\2_MDT\\GEOTIFF\\MDT_1451114.tif","SHRT_FNAME":"MDT_1451114.tif","UPPER_LEFT_X":"430957.191","UPPER_LEFT_Y":"9196876.322","LOWER_RIGHT_X":"431959.191","LOWER_RIGHT_Y":"9195874.322"},"geometry":{"type":"Polygon","coordinates":[[[-63.625446632595221,-7.265290885493402],[-63.616370051929451,-7.26530330717604],[-63.616382408653166,-7.274366729958996],[-63.625459171253667,-7.274354292619318],[-63.625446632595221,-7.265290885493402]]]}},
{"type":"Feature","properties":{"DESCRIPTION":"MDT_1451115.tif","FILENAME":"U:\\P589_AmazoniaRevelada_BR-319\\LiDAR_dataset\\ENTREGAS\\ENTREGA_01\\2_MDT\\GEOTIFF\\MDT_1451115.tif","SHRT_FNAME":"MDT_1451115.tif","UPPER_LEFT_X":"431957.286","UPPER_LEFT_Y":"9196876.322","LOWER_RIGHT_X":"432959.286","LOWER_RIGHT_Y":"9195874.322"},"geometry":{"type":"Polygon","coordinates":[[[-63.616387306502972,-7.265303283734689],[-63.607310710049809,-7.265315524206772],[-63.60732288518313,-7.274378962388814],[-63.616399663572544,-7.274366706488099],[-63.616387306502972,-7.265303283734689]]]}},
{"type":"Feature","properties":{"DESCRIPTION":"MDT_1451116.tif","FILENAME":"U:\\P589_AmazoniaRevelada_BR-319\\LiDAR_dataset\\ENTREGAS\\ENTREGA_01\\2_MDT\\GEOTIFF\\MDT_1451116.tif","SHRT_FNAME":"MDT_1451116.tif","UPPER_LEFT_X":"432957.382","UPPER_LEFT_Y":"9196876.322","LOWER_RIGHT_X":"433959.382","LOWER_RIGHT_Y":"9195874.322"},"geometry":{"type":"Polygon","coordinates":[[[-63.60732796465313,-7.265315501109904],[-63.598251352644617,-7.265327560369908],[-63.598263346185988,-7.274391013723061],[-63.607340140132301,-7.274378939262832],[-63.60732796465313,-7.265315501109904]]]}},
{"type":"Feature","properties":{"DESCRIPTION":"MDT_1451117.tif","FILENAME":"U:\\P589_AmazoniaRevelada_BR-319\\LiDAR_dataset\\ENTREGAS\\ENTREGA_01\\2_MDT\\GEOTIFF\\MDT_1451117.tif","SHRT_FNAME":"MDT_1451117.tif","UPPER_LEFT_X":"433957.477","UPPER_LEFT_Y":"9196876.322","LOWER_RIGHT_X":"434959.477","LOWER_RIGHT_Y":"9195874.322"},"geometry":{"type":"Polygon","coordinates":[[[-63.598268607277284,-7.265327537617527],[-63.589191979945404,-7.265339415663954],[-63.58920379189334,-7.274402883960236],[-63.598280601164518,-7.274390990942],[-63.598268607277284,-7.265327537617527]]]}},
{"type":"Feature","properties":{"DESCRIPTION":"MDT_1451118.tif","FILENAME":"U:\\P589_AmazoniaRevelada_BR-319\\LiDAR_dataset\\ENTREGAS\\ENTREGA_01\\2_MDT\\GEOTIFF\\MDT_1451118.tif","SHRT_FNAME":"MDT_1451118.tif","UPPER_LEFT_X":"434957.572","UPPER_LEFT_Y":"9196876.322","LOWER_RIGHT_X":"435959.572","LOWER_RIGHT_Y":"9195874.322"},"geometry":{"type":"Polygon","coordinates":[[[-63.589209234606976,-7.265339393256061],[-63.580132592183752,-7.265351090087433],[-63.580144222536759,-7.274414573098871],[-63.589221046900775,-7.274402861524099],[-63.589209234606976,-7.265339393256061]]]}},
{"type":"Feature","properties":{"DESCRIPTION":"MDT_1451119.tif","FILENAME":"U:\\P589_AmazoniaRevelada_BR-319\\LiDAR_dataset\\ENTREGAS\\ENTREGA_01\\2_MDT\\GEOTIFF\\MDT_1451119.tif","SHRT_FNAME":"MDT_1451119.tif","UPPER_LEFT_X":"435957.667","UPPER_LEFT_Y":"9196876.322","LOWER_RIGHT_X":"436959.667","LOWER_RIGHT_Y":"9195874.322"},"geometry":{"type":"Polygon","coordinates":[[[-63.580149846873795,-7.265351068024032],[-63.571073189591218,-7.265362583638896],[-63.571084638347834,-7.274426081137504],[-63.580161477572666,-7.274414551007657],[-63.580149846873795,-7.265351068024032]]]}},
{"type":"Feature","properties":{"DESCRIPTION":"MDT_1451120.tif","FILENAME":"U:\\P589_AmazoniaRevelada_BR-319\\LiDAR_dataset\\ENTREGAS\\ENTREGA_01\\2_MDT\\GEOTIFF\\MDT_1451120.tif","SHRT_FNAME":"MDT_1451120.tif","UPPER_LEFT_X":"436957.762","UPPER_LEFT_Y":"9196876.322","LOWER_RIGHT_X":"437959.762","LOWER_RIGHT_Y":"9195874.322"},"geometry":{"type":"Polygon","coordinates":[[[-63.571090444309291,-7.265362561919987],[-63.562013772399368,-7.265373896316912],[-63.562025039558172,-7.274437408074706],[-63.571101893411772,-7.274426059391218],[-63.571090444309291,-7.265362561919987]]]}},
{"type":"Feature","properties":{"DESCRIPTION":"MDT_1451121.tif","FILENAME":"U:\\P589_AmazoniaRevelada_BR-319\\LiDAR_dataset\\ENTREGAS\\ENTREGA_01\\2_MDT\\GEOTIFF\\MDT_1451121.tif","SHRT_FNAME":"MDT_1451121.tif","UPPER_LEFT_X":"437957.858","UPPER_LEFT_Y":"9196876.322","LOWER_RIGHT_X":"438959.858","LOWER_RIGHT_Y":"9195874.322"},"geometry":{"type":"Polygon","coordinates":[[[-63.562031027145025,-7.265373874942497],[-63.552954340839783,-7.265385028120073],[-63.552965426399332,-7.274448553909071],[-63.562042294649686,-7.274437386673351],[-63.562031027145025,-7.265373874942497]]]}},
{"type":"Feature","properties":{"DESCRIPTION":"MDT_1451122.tif","FILENAME":"U:\\P589_AmazoniaRevelada_BR-319\\LiDAR_dataset\\ENTREGAS\\ENTREGA_01\\2_MDT\\GEOTIFF\\MDT_1451122.tif","SHRT_FNAME":"MDT_1451122.tif","UPPER_LEFT_X":"438957.953","UPPER_LEFT_Y":"9196876.322","LOWER_RIGHT_X":"439959.953","LOWER_RIGHT_Y":"9195874.322"},"geometry":{"type":"Polygon","coordinates":[[[-63.552971595612583,-7.26538500709016],[-63.543894895144028,-7.265395979047],[-63.543905799102937,-7.274459518639214],[-63.55298268151801,-7.274448532852651],[-63.552971595612583,-7.26538500709016]]]}},
{"type":"Feature","properties":{"DESCRIPTION":"MDT_1451123.tif","FILENAME":"U:\\P589_AmazoniaRevelada_BR-319\\LiDAR_dataset\\ENTREGAS\\ENTREGA_01\\2_MDT\\GEOTIFF\\MDT_1451123.tif","SHRT_FNAME":"MDT_1451123.tif","UPPER_LEFT_X":"439958.048","UPPER_LEFT_Y":"9196876.322","LOWER_RIGHT_X":"440960.048","LOWER_RIGHT_Y":"9195874.322"},"geometry":{"type":"Polygon","coordinates":[[[-63.543912149943523,-7.265395958361585],[-63.53483543554367,-7.265406749096327],[-63.534846157900589,-7.274470302263769],[-63.543923054248324,-7.274459497927728],[-63.543912149943523,-7.265395958361585]]]}},
{"type":"Feature","properties":{"DESCRIPTION":"MDT_1451124.tif","FILENAME":"U:\\P589_AmazoniaRevelada_BR-319\\LiDAR_dataset\\ENTREGAS\\ENTREGA_01\\2_MDT\\GEOTIFF\\MDT_1451124.tif","SHRT_FNAME":"MDT_1451124.tif","UPPER_LEFT_X":"440958.143","UPPER_LEFT_Y":"9196876.322","LOWER_RIGHT_X":"441960.143","LOWER_RIGHT_Y":"9195874.322"},"geometry":{"type":"Polygon","coordinates":[[[-63.534852690369434,-7.265406728755418],[-63.525775962270295,-7.265417338266716],[-63.525786503023866,-7.274480904781395],[-63.53486341307223,-7.27447028189722],[-63.534852690369434,-7.265406728755418]]]}},
{"type":"Feature","properties":{"DESCRIPTION":"MDT_1451125.tif","FILENAME":"U:\\P589_AmazoniaRevelada_BR-319\\LiDAR_dataset\\ENTREGAS\\ENTREGA_01\\2_MDT\\GEOTIFF\\MDT_1451125.tif","SHRT_FNAME":"MDT_1451125.tif","UPPER_LEFT_X":"441958.238","UPPER_LEFT_Y":"9196876.322","LOWER_RIGHT_X":"442960.238","LOWER_RIGHT_Y":"9195874.322"},"geometry":{"type":"Polygon","coordinates":[[[-63.525793217121873,-7.265417318270313],[-63.516716475555477,-7.265427746556846],[-63.516726834704372,-7.274491326190773],[-63.525803758221336,-7.274480884759786],[-63.525793217121873,-7.265417318270313]]]}},
{"type":"Feature","properties":{"DESCRIPTION":"MDT_1451126.tif","FILENAME":"U:\\P589_AmazoniaRevelada_BR-319\\LiDAR_dataset\\ENTREGAS\\ENTREGA_01\\2_MDT\\GEOTIFF\\MDT_1451126.tif","SHRT_FNAME":"MDT_1451126.tif","UPPER_LEFT_X":"442958.334","UPPER_LEFT_Y":"9196876.322","LOWER_RIGHT_X":"443960.334","LOWER_RIGHT_Y":"9195874.322"},"geometry":{"type":"Polygon","coordinates":[[[-63.516733730432435,-7.265427726904955],[-63.507656975630788,-7.265437973965436],[-63.507667153173713,-7.274501566490611],[-63.516744089927222,-7.274491306514109],[-63.516733730432435,-7.265427726904955]]]}},
{"type":"Feature","properties":{"DESCRIPTION":"MDT_1451127.tif","FILENAME":"U:\\P589_AmazoniaRevelada_BR-319\\LiDAR_dataset\\ENTREGAS\\ENTREGA_01\\2_MDT\\GEOTIFF\\MDT_1451127.tif","SHRT_FNAME":"MDT_1451127.tif","UPPER_LEFT_X":"443958.429","UPPER_LEFT_Y":"9196876.322","LOWER_RIGHT_X":"444960.429","LOWER_RIGHT_Y":"9195874.322"},"geometry":{"type":"Polygon","coordinates":[[[-63.507674230532693,-7.265437954658053],[-63.498597462727815,-7.265448020491197],[-63.4986074586635,-7.274511625679631],[-63.507684408421511,-7.274501547158892],[-63.507674230532693,-7.265437954658053]]]}},
{"type":"Feature","properties":{"DESCRIPTION":"MDT_1451128.tif","FILENAME":"U:\\P589_AmazoniaRevelada_BR-319\\LiDAR_dataset\\ENTREGAS\\ENTREGA_01\\2_MDT\\GEOTIFF\\MDT_1451128.tif","SHRT_FNAME":"MDT_1451128.tif","UPPER_LEFT_X":"444958.524","UPPER_LEFT_Y":"9196876.322","LOWER_RIGHT_X":"445960.524","LOWER_RIGHT_Y":"9195874.322"},"geometry":{"type":"Polygon","coordinates":[[[-63.49861471765422,-7.265448001528332],[-63.489537937078147,-7.265457886132895],[-63.489547751405318,-7.274521503756586],[-63.49862471393579,-7.274511606692864],[-63.49861471765422,-7.265448001528332]]]}},
{"type":"Feature","properties":{"DESCRIPTION":"MDT_1451129.tif","FILENAME":"U:\\P589_AmazoniaRevelada_BR-319\\LiDAR_dataset\\ENTREGAS\\ENTREGA_01\\2_MDT\\GEOTIFF\\MDT_1451129.tif","SHRT_FNAME":"MDT_1451129.tif","UPPER_LEFT_X":"445958.619","UPPER_LEFT_Y":"9196876.322","LOWER_RIGHT_X":"446960.619","LOWER_RIGHT_Y":"9195874.322"},"geometry":{"type":"Polygon","coordinates":[[[-63.489555192028604,-7.265457867514544],[-63.480478398913348,-7.265467570889292],[-63.480488031630784,-7.274531200720245],[-63.489565006701675,-7.274521485114767],[-63.489555192028604,-7.265457867514544]]]}},
{"type":"Feature","properties":{"DESCRIPTION":"MDT_1451130.tif","FILENAME":"U:\\P589_AmazoniaRevelada_BR-319\\LiDAR_dataset\\ENTREGAS\\ENTREGA_01\\2_MDT\\GEOTIFF\\MDT_1451130.tif","SHRT_FNAME":"MDT_1451130.tif","UPPER_LEFT_X":"446958.714","UPPER_LEFT_Y":"9196876.322","LOWER_RIGHT_X":"447960.714","LOWER_RIGHT_Y":"9195874.322"},"geometry":{"type":"Polygon","coordinates":[[[-63.480495653887431,-7.26546755261546],[-63.471418848465028,-7.265477074759193],[-63.471428299571514,-7.274540716569406],[-63.480505286950773,-7.274531182423381],[-63.480495653887431,-7.26546755261546]]]}},
{"type":"Feature","properties":{"DESCRIPTION":"MDT_1451131.tif","FILENAME":"U:\\P589_AmazoniaRevelada_BR-319\\LiDAR_dataset\\ENTREGAS\\ENTREGA_01\\2_MDT\\GEOTIFF\\MDT_1451131.tif","SHRT_FNAME":"MDT_1451131.tif","UPPER_LEFT_X":"447958.810","UPPER_LEFT_Y":"9196876.322","LOWER_RIGHT_X":"448960.810","LOWER_RIGHT_Y":"9195874.322"},"geometry":{"type":"Polygon","coordinates":[[[-63.471436103462288,-7.26547705682988],[-63.462359285964766,-7.265486397741407],[-63.462368555459115,-7.274550051302882],[-63.471445554914681,-7.274540698617496],[-63.471436103462288,-7.26547705682988]]]}},
{"type":"Feature","properties":{"DESCRIPTION":"MDT_1451132.tif","FILENAME":"U:\\P589_AmazoniaRevelada_BR-319\\LiDAR_dataset\\ENTREGAS\\ENTREGA_01\\2_MDT\\GEOTIFF\\MDT_1451132.tif","SHRT_FNAME":"MDT_1451132.tif","UPPER_LEFT_X":"448958.905","UPPER_LEFT_Y":"9196876.322","LOWER_RIGHT_X":"449960.905","LOWER_RIGHT_Y":"9195874.322"},"geometry":{"type":"Polygon","coordinates":[[[-63.462376540984749,-7.265486380156621],[-63.453299711644135,-7.265495539834782],[-63.453308799525189,-7.274559204919512],[-63.462385810825012,-7.274550033695927],[-63.462376540984749,-7.265486380156621]]]}},
{"type":"Feature","properties":{"DESCRIPTION":"MDT_1451133.tif","FILENAME":"U:\\P589_AmazoniaRevelada_BR-319\\LiDAR_dataset\\ENTREGAS\\ENTREGA_01\\2_MDT\\GEOTIFF\\MDT_1451133.tif","SHRT_FNAME":"MDT_1451133.tif","UPPER_LEFT_X":"449959.000","UPPER_LEFT_Y":"9196876.322","LOWER_RIGHT_X":"450961.000","LOWER_RIGHT_Y":"9195874.322"},"geometry":{"type":"Polygon","coordinates":[[[-63.453316966686408,-7.265495522594518],[-63.444240125734737,-7.265504501038178],[-63.444249032001359,-7.274568177418163],[-63.453326054913376,-7.274559187657519],[-63.453316966686408,-7.265495522594518]]]}},
{"type":"Feature","properties":{"DESCRIPTION":"MDT_1451134.tif","FILENAME":"U:\\P589_AmazoniaRevelada_BR-319\\LiDAR_dataset\\ENTREGAS\\ENTREGA_01\\2_MDT\\GEOTIFF\\MDT_1451134.tif","SHRT_FNAME":"MDT_1451134.tif","UPPER_LEFT_X":"450959.095","UPPER_LEFT_Y":"9196876.322","LOWER_RIGHT_X":"451961.095","LOWER_RIGHT_Y":"9195874.322"},"geometry":{"type":"Polygon","coordinates":[[[-63.444257380798881,-7.265504484142443],[-63.43518052846818,-7.265513281350483],[-63.435189253119233,-7.274576968797712],[-63.444266287411402,-7.27456816050113],[-63.444257380798881,-7.265504484142443]]]}},
{"type":"Feature","properties":{"DESCRIPTION":"MDT_1451135.tif","FILENAME":"U:\\P589_AmazoniaRevelada_BR-319\\LiDAR_dataset\\ENTREGAS\\ENTREGA_01\\2_MDT\\GEOTIFF\\MDT_1451135.tif","SHRT_FNAME":"MDT_1451135.tif","UPPER_LEFT_X":"451959.190","UPPER_LEFT_Y":"9196876.322","LOWER_RIGHT_X":"452961.190","LOWER_RIGHT_Y":"9195874.322"},"geometry":{"type":"Polygon","coordinates":[[[-63.435197783553718,-7.265513264799275],[-63.426120920076023,-7.265521880770602],[-63.426129463110435,-7.274585579057073],[-63.435206508550692,-7.274576952225643],[-63.435197783553718,-7.265513264799275]]]}},
{"type":"Feature","properties":{"DESCRIPTION":"MDT_1451136.tif","FILENAME":"U:\\P589_AmazoniaRevelada_BR-319\\LiDAR_dataset\\ENTREGAS\\ENTREGA_01\\2_MDT\\GEOTIFF\\MDT_1451136.tif","SHRT_FNAME":"MDT_1451136.tif","UPPER_LEFT_X":"452959.286","UPPER_LEFT_Y":"9196876.322","LOWER_RIGHT_X":"453961.286","LOWER_RIGHT_Y":"9195874.322"},"geometry":{"type":"Polygon","coordinates":[[[-63.426138175182544,-7.265521864563927],[-63.417061300789896,-7.265530299297469],[-63.417069662206586,-7.274594008195169],[-63.426146718562876,-7.274585562829967],[-63.426138175182544,-7.265521864563927]]]}},
{"type":"Feature","properties":{"DESCRIPTION":"MDT_1451137.tif","FILENAME":"U:\\P589_AmazoniaRevelada_BR-319\\LiDAR_dataset\\ENTREGAS\\ENTREGA_01\\2_MDT\\GEOTIFF\\MDT_1451137.tif","SHRT_FNAME":"MDT_1451137.tif","UPPER_LEFT_X":"453959.381","UPPER_LEFT_Y":"9196876.322","LOWER_RIGHT_X":"454961.381","LOWER_RIGHT_Y":"9195874.322"},"geometry":{"type":"Polygon","coordinates":[[[-63.417078555916937,-7.265530283435324],[-63.408001670841365,-7.265538536930034],[-63.408009850639289,-7.274602256210954],[-63.417086917679541,-7.274593992313032],[-63.417078555916937,-7.265530283435324]]]}},
{"type":"Feature","properties":{"DESCRIPTION":"MDT_1451138.tif","FILENAME":"U:\\P589_AmazoniaRevelada_BR-319\\LiDAR_dataset\\ENTREGAS\\ENTREGA_01\\2_MDT\\GEOTIFF\\MDT_1451138.tif","SHRT_FNAME":"MDT_1451138.tif","UPPER_LEFT_X":"454959.476","UPPER_LEFT_Y":"9196876.322","LOWER_RIGHT_X":"455961.476","LOWER_RIGHT_Y":"9195874.322"},"geometry":{"type":"Polygon","coordinates":[[[-63.408018925988507,-7.265538521412427],[-63.398942030462059,-7.265546593667274],[-63.398950028640165,-7.274610323103405],[-63.40802710613233,-7.274602240673787],[-63.408018925988507,-7.265538521412427]]]}},
{"type":"Feature","properties":{"DESCRIPTION":"MDT_1451139.tif","FILENAME":"U:\\P589_AmazoniaRevelada_BR-319\\LiDAR_dataset\\ENTREGAS\\ENTREGA_01\\2_MDT\\GEOTIFF\\MDT_1451139.tif","SHRT_FNAME":"MDT_1451139.tif","UPPER_LEFT_X":"455959.571","UPPER_LEFT_Y":"9196876.322","LOWER_RIGHT_X":"456961.571","LOWER_RIGHT_Y":"9195874.322"},"geometry":{"type":"Polygon","coordinates":[[[-63.398959285628827,-7.265546578494204],[-63.389882379883545,-7.265554469508187],[-63.389890196440852,-7.274618208871515],[-63.398967284152867,-7.274610307911211],[-63.398959285628827,-7.265546578494204]]]}},
{"type":"Feature","properties":{"DESCRIPTION":"MDT_1451140.tif","FILENAME":"U:\\P589_AmazoniaRevelada_BR-319\\LiDAR_dataset\\ENTREGAS\\ENTREGA_01\\2_MDT\\GEOTIFF\\MDT_1451140.tif","SHRT_FNAME":"MDT_1451140.tif","UPPER_LEFT_X":"456959.666","UPPER_LEFT_Y":"9196876.322","LOWER_RIGHT_X":"457961.666","LOWER_RIGHT_Y":"9195874.322"},"geometry":{"type":"Polygon","coordinates":[[[-63.389899635069533,-7.265554454679658],[-63.380822719337445,-7.265562164451795],[-63.380830354272966,-7.274625913514307],[-63.389907451972753,-7.274618194024295],[-63.389899635069533,-7.265554454679658]]]}},
{"type":"Feature","properties":{"DESCRIPTION":"MDT_1451141.tif","FILENAME":"U:\\P589_AmazoniaRevelada_BR-319\\LiDAR_dataset\\ENTREGAS\\ENTREGA_01\\2_MDT\\GEOTIFF\\MDT_1451141.tif","SHRT_FNAME":"MDT_1451141.tif","UPPER_LEFT_X":"457959.762","UPPER_LEFT_Y":"9196876.322","LOWER_RIGHT_X":"458961.762","LOWER_RIGHT_Y":"9195874.322"},"geometry":{"type":"Polygon","coordinates":[[[-63.380839974542191,-7.265562149967808],[-63.371763049055353,-7.265569678497141],[-63.371770502368122,-7.27463343703082],[-63.380847609823633,-7.274625899012064],[-63.380839974542191,-7.265562149967808]]]}},
{"type":"Feature","properties":{"DESCRIPTION":"MDT_1451142.tif","FILENAME":"U:\\P589_AmazoniaRevelada_BR-319\\LiDAR_dataset\\ENTREGAS\\ENTREGA_01\\2_MDT\\GEOTIFF\\MDT_1451142.tif","SHRT_FNAME":"MDT_1451142.tif","UPPER_LEFT_X":"458959.857","UPPER_LEFT_Y":"9196876.322","LOWER_RIGHT_X":"459961.857","LOWER_RIGHT_Y":"9195874.322"},"geometry":{"type":"Polygon","coordinates":[[[-63.371780304278417,-7.265569664357698],[-63.362703369268864,-7.265577011643291],[-63.362710640957957,-7.274640779420122],[-63.371787757937113,-7.274633422873555],[-63.371780304278417,-7.265569664357698]]]}},
{"type":"Feature","properties":{"DESCRIPTION":"MDT_1451143.tif","FILENAME":"U:\\P589_AmazoniaRevelada_BR-319\\LiDAR_dataset\\ENTREGAS\\ENTREGA_01\\2_MDT\\GEOTIFF\\MDT_1451143.tif","SHRT_FNAME":"MDT_1451143.tif","UPPER_LEFT_X":"459959.952","UPPER_LEFT_Y":"9196876.322","LOWER_RIGHT_X":"460961.952","LOWER_RIGHT_Y":"9195874.322"},"geometry":{"type":"Polygon","coordinates":[[[-63.362720624509819,-7.265576997848392],[-63.353643680209601,-7.265584163889331],[-63.353650770274093,-7.274647940681296],[-63.36272789654484,-7.274640765607833],[-63.362720624509819,-7.265576997848392]]]}},
{"type":"Feature","properties":{"DESCRIPTION":"MDT_1451144.tif","FILENAME":"U:\\P589_AmazoniaRevelada_BR-319\\LiDAR_dataset\\ENTREGAS\\ENTREGA_01\\2_MDT\\GEOTIFF\\MDT_1451144.tif","SHRT_FNAME":"MDT_1451144.tif","UPPER_LEFT_X":"460960.047","UPPER_LEFT_Y":"9196876.322","LOWER_RIGHT_X":"461962.047","LOWER_RIGHT_Y":"9195874.322"},"geometry":{"type":"Polygon","coordinates":[[[-63.353660935468,-7.265584150438976],[-63.34458398210915,-7.265591135234373],[-63.344590890548162,-7.274654920813453],[-63.353668025878406,-7.274647927213989],[-63.353660935468,-7.265584150438976]]]}},
{"type":"Feature","properties":{"DESCRIPTION":"MDT_1451145.tif","FILENAME":"U:\\P589_AmazoniaRevelada_BR-319\\LiDAR_dataset\\ENTREGAS\\ENTREGA_01\\2_MDT\\GEOTIFF\\MDT_1451145.tif","SHRT_FNAME":"MDT_1451145.tif","UPPER_LEFT_X":"461960.142","UPPER_LEFT_Y":"9196876.322","LOWER_RIGHT_X":"462962.142","LOWER_RIGHT_Y":"9195874.322"},"geometry":{"type":"Polygon","coordinates":[[[-63.344601237384545,-7.265591122128569],[-63.335524275199134,-7.265597925677548],[-63.335531002011791,-7.274661719815725],[-63.344608146169485,-7.274654907691131],[-63.344601237384545,-7.265591122128569]]]}},
{"type":"Feature","properties":{"DESCRIPTION":"MDT_1451146.tif","FILENAME":"U:\\P589_AmazoniaRevelada_BR-319\\LiDAR_dataset\\ENTREGAS\\ENTREGA_01\\2_MDT\\GEOTIFF\\MDT_1451146.tif","SHRT_FNAME":"MDT_1451146.tif","UPPER_LEFT_X":"462960.238","UPPER_LEFT_Y":"9196876.322","LOWER_RIGHT_X":"463962.238","LOWER_RIGHT_Y":"9195874.322"},"geometry":{"type":"Polygon","coordinates":[[[-63.335541530491092,-7.265597912916294],[-63.326464559711155,-7.265604535218018],[-63.326471104896612,-7.274668337687269],[-63.33554825764967,-7.274661707038386],[-63.335541530491092,-7.265597912916294]]]}},
{"type":"Feature","properties":{"DESCRIPTION":"MDT_1451147.tif","FILENAME":"U:\\P589_AmazoniaRevelada_BR-319\\LiDAR_dataset\\ENTREGAS\\ENTREGA_01\\2_MDT\\GEOTIFF\\MDT_1451147.tif","SHRT_FNAME":"MDT_1451147.tif","UPPER_LEFT_X":"463960.333","UPPER_LEFT_Y":"9196876.322","LOWER_RIGHT_X":"464962.333","LOWER_RIGHT_Y":"9195874.322"},"geometry":{"type":"Polygon","coordinates":[[[-63.326481815019221,-7.265604522801312],[-63.317404835876815,-7.265610963854952],[-63.317411199434247,-7.274674774427259],[-63.326488360550606,-7.274668325254915],[-63.326481815019221,-7.265604522801312]]]}},
{"type":"Feature","properties":{"DESCRIPTION":"MDT_1452104.tif","FILENAME":"U:\\P589_AmazoniaRevelada_BR-319\\LiDAR_dataset\\ENTREGAS\\ENTREGA_01\\2_MDT\\GEOTIFF\\MDT_1452104.tif","SHRT_FNAME":"MDT_1452104.tif","UPPER_LEFT_X":"420956.239","UPPER_LEFT_Y":"9195876.447","LOWER_RIGHT_X":"421958.239","LOWER_RIGHT_Y":"9194874.447"},"geometry":{"type":"Polygon","coordinates":[[[-63.716053299906875,-7.274200974695206],[-63.706976708342438,-7.274215226297698],[-63.706990898985978,-7.283278478915129],[-63.716067672700724,-7.283264209370943],[-63.716053299906875,-7.274200974695206]]]}},
{"type":"Feature","properties":{"DESCRIPTION":"MDT_1452105.tif","FILENAME":"U:\\P589_AmazoniaRevelada_BR-319\\LiDAR_dataset\\ENTREGAS\\ENTREGA_01\\2_MDT\\GEOTIFF\\MDT_1452105.tif","SHRT_FNAME":"MDT_1452105.tif","UPPER_LEFT_X":"421956.334","UPPER_LEFT_Y":"9195876.447","LOWER_RIGHT_X":"422958.334","LOWER_RIGHT_Y":"9194874.447"},"geometry":{"type":"Polygon","coordinates":[[[-63.706993962938881,-7.274215199377877],[-63.697917353265403,-7.274229269558371],[-63.697931362103141,-7.283292539855207],[-63.707008153928705,-7.283278451961417],[-63.706993962938881,-7.274215199377877]]]}},
{"type":"Feature","properties":{"DESCRIPTION":"MDT_1452106.tif","FILENAME":"U:\\P589_AmazoniaRevelada_BR-319\\LiDAR_dataset\\ENTREGAS\\ENTREGA_01\\2_MDT\\GEOTIFF\\MDT_1452106.tif","SHRT_FNAME":"MDT_1452106.tif","UPPER_LEFT_X":"422956.430","UPPER_LEFT_Y":"9195876.447","LOWER_RIGHT_X":"423958.430","LOWER_RIGHT_Y":"9194874.447"},"geometry":{"type":"Polygon","coordinates":[[[-63.697934607896052,-7.274229242983434],[-63.688857980345539,-7.274243131740176],[-63.688871807375698,-7.283306419488457],[-63.697948617080058,-7.283292513246814],[-63.697934607896052,-7.274229242983434]]]}},
{"type":"Feature","properties":{"DESCRIPTION":"MDT_1452107.tif","FILENAME":"U:\\P589_AmazoniaRevelada_BR-319\\LiDAR_dataset\\ENTREGAS\\ENTREGA_01\\2_MDT\\GEOTIFF\\MDT_1452107.tif","SHRT_FNAME":"MDT_1452107.tif","UPPER_LEFT_X":"423956.525","UPPER_LEFT_Y":"9195876.447","LOWER_RIGHT_X":"424958.525","LOWER_RIGHT_Y":"9194874.447"},"geometry":{"type":"Polygon","coordinates":[[[-63.688875235009967,-7.274243105510128],[-63.679798589814425,-7.274256812841394],[-63.679812235035257,-7.283320117813154],[-63.688889062386394,-7.283306393225384],[-63.688875235009967,-7.274243105510128]]]}},
{"type":"Feature","properties":{"DESCRIPTION":"MDT_1452108.tif","FILENAME":"U:\\P589_AmazoniaRevelada_BR-319\\LiDAR_dataset\\ENTREGAS\\ENTREGA_01\\2_MDT\\GEOTIFF\\MDT_1452108.tif","SHRT_FNAME":"MDT_1452108.tif","UPPER_LEFT_X":"424956.620","UPPER_LEFT_Y":"9195876.447","LOWER_RIGHT_X":"425958.620","LOWER_RIGHT_Y":"9194874.447"},"geometry":{"type":"Polygon","coordinates":[[[-63.679815844512163,-7.274256786956236],[-63.670739181903599,-7.274270312860324],[-63.670752645313407,-7.283333634827592],[-63.679829490079271,-7.283320091895407],[-63.679815844512163,-7.274256786956236]]]}},
{"type":"Feature","properties":{"DESCRIPTION":"MDT_1452109.tif","FILENAME":"U:\\P589_AmazoniaRevelada_BR-319\\LiDAR_dataset\\ENTREGAS\\ENTREGA_01\\2_MDT\\GEOTIFF\\MDT_1452109.tif","SHRT_FNAME":"MDT_1452109.tif","UPPER_LEFT_X":"425956.715","UPPER_LEFT_Y":"9195876.447","LOWER_RIGHT_X":"426958.715","LOWER_RIGHT_Y":"9194874.447"},"geometry":{"type":"Polygon","coordinates":[[[-63.670756436634214,-7.274270287320058],[-63.661679756844634,-7.274283631795282],[-63.661693038441733,-7.283346970530094],[-63.670769900390304,-7.283333609255174],[-63.670756436634214,-7.274270287320058]]]}},
{"type":"Feature","properties":{"DESCRIPTION":"MDT_1452110.tif","FILENAME":"U:\\P589_AmazoniaRevelada_BR-319\\LiDAR_dataset\\ENTREGAS\\ENTREGA_01\\2_MDT\\GEOTIFF\\MDT_1452110.tif","SHRT_FNAME":"MDT_1452110.tif","UPPER_LEFT_X":"426956.810","UPPER_LEFT_Y":"9195876.447","LOWER_RIGHT_X":"427958.810","LOWER_RIGHT_Y":"9194874.447"},"geometry":{"type":"Polygon","coordinates":[[[-63.661697011607707,-7.274283606599917],[-63.652620314869111,-7.27429676964462],[-63.652633414651831,-7.283360124918995],[-63.661710293551081,-7.283346945303007],[-63.661697011607707,-7.274283606599917]]]}},
{"type":"Feature","properties":{"DESCRIPTION":"MDT_1452111.tif","FILENAME":"U:\\P589_AmazoniaRevelada_BR-319\\LiDAR_dataset\\ENTREGAS\\ENTREGA_01\\2_MDT\\GEOTIFF\\MDT_1452111.tif","SHRT_FNAME":"MDT_1452111.tif","UPPER_LEFT_X":"427956.906","UPPER_LEFT_Y":"9195876.447","LOWER_RIGHT_X":"428958.906","LOWER_RIGHT_Y":"9194874.447"},"geometry":{"type":"Polygon","coordinates":[[[-63.652637569664179,-7.27429674479415],[-63.643560856208609,-7.274309726406695],[-63.64357377417528,-7.283373097992665],[-63.652650669793168,-7.283360100037243],[-63.652637569664179,-7.27429674479415]]]}},
{"type":"Feature","properties":{"DESCRIPTION":"MDT_1452112.tif","FILENAME":"U:\\P589_AmazoniaRevelada_BR-319\\LiDAR_dataset\\ENTREGAS\\ENTREGA_01\\2_MDT\\GEOTIFF\\MDT_1452112.tif","SHRT_FNAME":"MDT_1452112.tif","UPPER_LEFT_X":"428957.001","UPPER_LEFT_Y":"9195876.447","LOWER_RIGHT_X":"429959.001","LOWER_RIGHT_Y":"9194874.447"},"geometry":{"type":"Polygon","coordinates":[[[-63.643578111035225,-7.274309701901131],[-63.634501381094672,-7.274322502079904],[-63.634514117243704,-7.283385889749491],[-63.643591029348187,-7.283373073456254],[-63.643578111035225,-7.274309701901131]]]}},
{"type":"Feature","properties":{"DESCRIPTION":"MDT_1452113.tif","FILENAME":"U:\\P589_AmazoniaRevelada_BR-319\\LiDAR_dataset\\ENTREGAS\\ENTREGA_01\\2_MDT\\GEOTIFF\\MDT_1452113.tif","SHRT_FNAME":"MDT_1452113.tif","UPPER_LEFT_X":"429957.096","UPPER_LEFT_Y":"9195876.447","LOWER_RIGHT_X":"430959.096","LOWER_RIGHT_Y":"9194874.447"},"geometry":{"type":"Polygon","coordinates":[[[-63.634518635952404,-7.274322477919251],[-63.625441889758896,-7.274335096662656],[-63.625454444088675,-7.283398500187883],[-63.634531372447725,-7.28338586555842],[-63.634518635952404,-7.274322477919251]]]}},
{"type":"Feature","properties":{"DESCRIPTION":"MDT_1452114.tif","FILENAME":"U:\\P589_AmazoniaRevelada_BR-319\\LiDAR_dataset\\ENTREGAS\\ENTREGA_01\\2_MDT\\GEOTIFF\\MDT_1452114.tif","SHRT_FNAME":"MDT_1452114.tif","UPPER_LEFT_X":"430957.191","UPPER_LEFT_Y":"9195876.447","LOWER_RIGHT_X":"431959.191","LOWER_RIGHT_Y":"9194874.447"},"geometry":{"type":"Polygon","coordinates":[[[-63.625459144647323,-7.27433507284691],[-63.616382382432882,-7.274347510153385],[-63.616394754941815,-7.283410929306269],[-63.625471699323384,-7.283398476342153],[-63.625459144647323,-7.27433507284691]]]}},
{"type":"Feature","properties":{"DESCRIPTION":"MDT_1452115.tif","FILENAME":"U:\\P589_AmazoniaRevelada_BR-319\\LiDAR_dataset\\ENTREGAS\\ENTREGA_01\\2_MDT\\GEOTIFF\\MDT_1452115.tif","SHRT_FNAME":"MDT_1452115.tif","UPPER_LEFT_X":"431957.286","UPPER_LEFT_Y":"9195876.447","LOWER_RIGHT_X":"432959.286","LOWER_RIGHT_Y":"9194874.447"},"geometry":{"type":"Polygon","coordinates":[[[-63.616399637351513,-7.27434748668255],[-63.607322859348159,-7.274359742550549],[-63.607335050034727,-7.283423177103105],[-63.616412010206766,-7.283410905805889],[-63.616399637351513,-7.27434748668255]]]}},
{"type":"Feature","properties":{"DESCRIPTION":"MDT_1452116.tif","FILENAME":"U:\\P589_AmazoniaRevelada_BR-319\\LiDAR_dataset\\ENTREGAS\\ENTREGA_01\\2_MDT\\GEOTIFF\\MDT_1452116.tif","SHRT_FNAME":"MDT_1452116.tif","UPPER_LEFT_X":"432957.382","UPPER_LEFT_Y":"9195876.447","LOWER_RIGHT_X":"433959.382","LOWER_RIGHT_Y":"9194874.447"},"geometry":{"type":"Polygon","coordinates":[[[-63.607340114296605,-7.274359719424629],[-63.598263320736358,-7.274371793852622],[-63.598275329599012,-7.283435243576874],[-63.607352305329471,-7.283423153948074],[-63.607340114296605,-7.274359719424629]]]}},
{"type":"Feature","properties":{"DESCRIPTION":"MDT_1452117.tif","FILENAME":"U:\\P589_AmazoniaRevelada_BR-319\\LiDAR_dataset\\ENTREGAS\\ENTREGA_01\\2_MDT\\GEOTIFF\\MDT_1452117.tif","SHRT_FNAME":"MDT_1452117.tif","UPPER_LEFT_X":"433957.477","UPPER_LEFT_Y":"9195876.447","LOWER_RIGHT_X":"434959.477","LOWER_RIGHT_Y":"9194874.447"},"geometry":{"type":"Polygon","coordinates":[[[-63.598280575714142,-7.274371771071624],[-63.58920376682903,-7.27438366405811],[-63.589215593866264,-7.283447128726066],[-63.598292584923108,-7.283435220767194],[-63.598280575714142,-7.274371771071624]]]}},
{"type":"Feature","properties":{"DESCRIPTION":"MDT_1452118.tif","FILENAME":"U:\\P589_AmazoniaRevelada_BR-319\\LiDAR_dataset\\ENTREGAS\\ENTREGA_01\\2_MDT\\GEOTIFF\\MDT_1452118.tif","SHRT_FNAME":"MDT_1452118.tif","UPPER_LEFT_X":"434957.572","UPPER_LEFT_Y":"9195876.447","LOWER_RIGHT_X":"435959.572","LOWER_RIGHT_Y":"9194874.447"},"geometry":{"type":"Polygon","coordinates":[[[-63.589221021835741,-7.274383641622032],[-63.580144197857791,-7.274395353165537],[-63.580155843068106,-7.283458832549209],[-63.589232849219272,-7.283447106261741],[-63.589221021835741,-7.274383641622032]]]}},
{"type":"Feature","properties":{"DESCRIPTION":"MDT_1452119.tif","FILENAME":"U:\\P589_AmazoniaRevelada_BR-319\\LiDAR_dataset\\ENTREGAS\\ENTREGA_01\\2_MDT\\GEOTIFF\\MDT_1452119.tif","SHRT_FNAME":"MDT_1452119.tif","UPPER_LEFT_X":"435957.667","UPPER_LEFT_Y":"9195876.447","LOWER_RIGHT_X":"436959.667","LOWER_RIGHT_Y":"9194874.447"},"geometry":{"type":"Polygon","coordinates":[[[-63.580161452892959,-7.274395331074382],[-63.5710846140542,-7.274406861173448],[-63.57109607743616,-7.283470355044848],[-63.580173098449606,-7.283458810430244],[-63.580161452892959,-7.274395331074382]]]}},
{"type":"Feature","properties":{"DESCRIPTION":"MDT_1452120.tif","FILENAME":"U:\\P589_AmazoniaRevelada_BR-319\\LiDAR_dataset\\ENTREGAS\\ENTREGA_01\\2_MDT\\GEOTIFF\\MDT_1452120.tif","SHRT_FNAME":"MDT_1452120.tif","UPPER_LEFT_X":"436957.762","UPPER_LEFT_Y":"9195876.447","LOWER_RIGHT_X":"437959.762","LOWER_RIGHT_Y":"9194874.447"},"geometry":{"type":"Polygon","coordinates":[[[-63.571101869117413,-7.274406839427221],[-63.562025015649873,-7.274418188080414],[-63.56203629720202,-7.283481696211547],[-63.57111333284567,-7.283470333271243],[-63.571101869117413,-7.274406839427221]]]}},
{"type":"Feature","properties":{"DESCRIPTION":"MDT_1452121.tif","FILENAME":"U:\\P589_AmazoniaRevelada_BR-319\\LiDAR_dataset\\ENTREGAS\\ENTREGA_01\\2_MDT\\GEOTIFF\\MDT_1452121.tif","SHRT_FNAME":"MDT_1452121.tif","UPPER_LEFT_X":"437957.858","UPPER_LEFT_Y":"9195876.447","LOWER_RIGHT_X":"438959.858","LOWER_RIGHT_Y":"9194874.447"},"geometry":{"type":"Polygon","coordinates":[[[-63.562042270740669,-7.274418166679116],[-63.552965402876382,-7.274429333885025],[-63.552976502597311,-7.283492856047898],[-63.562053552639128,-7.283481674783306],[-63.562042270740669,-7.274418166679116]]]}},
{"type":"Feature","properties":{"DESCRIPTION":"MDT_1452122.tif","FILENAME":"U:\\P589_AmazoniaRevelada_BR-319\\LiDAR_dataset\\ENTREGAS\\ENTREGA_01\\2_MDT\\GEOTIFF\\MDT_1452122.tif","SHRT_FNAME":"MDT_1452122.tif","UPPER_LEFT_X":"438957.953","UPPER_LEFT_Y":"9195876.447","LOWER_RIGHT_X":"439959.953","LOWER_RIGHT_Y":"9194874.447"},"geometry":{"type":"Polygon","coordinates":[[[-63.55298265799432,-7.274429312828659],[-63.543905775965342,-7.274440298585894],[-63.543916693853646,-7.283503834552514],[-63.552993758061575,-7.283492834965024],[-63.55298265799432,-7.274429312828659]]]}},
{"type":"Feature","properties":{"DESCRIPTION":"MDT_1452123.tif","FILENAME":"U:\\P589_AmazoniaRevelada_BR-319\\LiDAR_dataset\\ENTREGAS\\ENTREGA_01\\2_MDT\\GEOTIFF\\MDT_1452123.tif","SHRT_FNAME":"MDT_1452123.tif","UPPER_LEFT_X":"439958.048","UPPER_LEFT_Y":"9195876.447","LOWER_RIGHT_X":"440960.048","LOWER_RIGHT_Y":"9194874.447"},"geometry":{"type":"Polygon","coordinates":[[[-63.543923031109991,-7.274440277874463],[-63.534846135148342,-7.274451082181663],[-63.534856871202649,-7.283514631724028],[-63.543933949344613,-7.283503813815008],[-63.543923031109991,-7.274440277874463]]]}},
{"type":"Feature","properties":{"DESCRIPTION":"MDT_1452124.tif","FILENAME":"U:\\P589_AmazoniaRevelada_BR-319\\LiDAR_dataset\\ENTREGAS\\ENTREGA_01\\2_MDT\\GEOTIFF\\MDT_1452124.tif","SHRT_FNAME":"MDT_1452124.tif","UPPER_LEFT_X":"440958.143","UPPER_LEFT_Y":"9195876.447","LOWER_RIGHT_X":"441960.143","LOWER_RIGHT_Y":"9194874.447"},"geometry":{"type":"Polygon","coordinates":[[[-63.534863390319245,-7.274451061815167],[-63.525786480656961,-7.274461684670983],[-63.525797034875943,-7.283525247561099],[-63.534874126719892,-7.283514611331892],[-63.534863390319245,-7.274451061815167]]]}},
{"type":"Feature","properties":{"DESCRIPTION":"MDT_1452125.tif","FILENAME":"U:\\P589_AmazoniaRevelada_BR-319\\LiDAR_dataset\\ENTREGAS\\ENTREGA_01\\2_MDT\\GEOTIFF\\MDT_1452125.tif","SHRT_FNAME":"MDT_1452125.tif","UPPER_LEFT_X":"441958.238","UPPER_LEFT_Y":"9195876.447","LOWER_RIGHT_X":"442960.238","LOWER_RIGHT_Y":"9194874.447"},"geometry":{"type":"Polygon","coordinates":[[[-63.525803735853707,-7.274461664649429],[-63.516726812722823,-7.27447210605254],[-63.516737185105143,-7.283535682062404],[-63.525814290419014,-7.283525227514338],[-63.525803735853707,-7.274461664649429]]]}},
{"type":"Feature","properties":{"DESCRIPTION":"MDT_1452126.tif","FILENAME":"U:\\P589_AmazoniaRevelada_BR-319\\LiDAR_dataset\\ENTREGAS\\ENTREGA_01\\2_MDT\\GEOTIFF\\MDT_1452126.tif","SHRT_FNAME":"MDT_1452126.tif","UPPER_LEFT_X":"442958.334","UPPER_LEFT_Y":"9195876.447","LOWER_RIGHT_X":"443960.334","LOWER_RIGHT_Y":"9194874.447"},"geometry":{"type":"Polygon","coordinates":[[[-63.516744067944948,-7.274472086375929],[-63.507667131577527,-7.274482346325039],[-63.507677322121879,-7.283545935226649],[-63.516754440673594,-7.283535662361022],[-63.516744067944948,-7.274472086375929]]]}},
{"type":"Feature","properties":{"DESCRIPTION":"MDT_1452127.tif","FILENAME":"U:\\P589_AmazoniaRevelada_BR-319\\LiDAR_dataset\\ENTREGAS\\ENTREGA_01\\2_MDT\\GEOTIFF\\MDT_1452127.tif","SHRT_FNAME":"MDT_1452127.tif","UPPER_LEFT_X":"443958.429","UPPER_LEFT_Y":"9195876.447","LOWER_RIGHT_X":"444960.429","LOWER_RIGHT_Y":"9194874.447"},"geometry":{"type":"Polygon","coordinates":[[[-63.507684386824593,-7.274482326993372],[-63.498607437452669,-7.274492405487208],[-63.498617446157773,-7.28355600705256],[-63.507694577715277,-7.283545915870647],[-63.507684386824593,-7.274482326993372]]]}},
{"type":"Feature","properties":{"DESCRIPTION":"MDT_1452128.tif","FILENAME":"U:\\P589_AmazoniaRevelada_BR-319\\LiDAR_dataset\\ENTREGAS\\ENTREGA_01\\2_MDT\\GEOTIFF\\MDT_1452128.tif","SHRT_FNAME":"MDT_1452128.tif","UPPER_LEFT_X":"444958.524","UPPER_LEFT_Y":"9195876.447","LOWER_RIGHT_X":"445960.524","LOWER_RIGHT_Y":"9194874.447"},"geometry":{"type":"Polygon","coordinates":[[[-63.498624692724235,-7.274492386500489],[-63.489547730579858,-7.274502283537791],[-63.489557557444456,-7.28356589753888],[-63.498634701775678,-7.283555988041936],[-63.498624692724235,-7.274492386500489]]]}},
{"type":"Feature","properties":{"DESCRIPTION":"MDT_1452129.tif","FILENAME":"U:\\P589_AmazoniaRevelada_BR-319\\LiDAR_dataset\\ENTREGAS\\ENTREGA_01\\2_MDT\\GEOTIFF\\MDT_1452129.tif","SHRT_FNAME":"MDT_1452129.tif","UPPER_LEFT_X":"445958.619","UPPER_LEFT_Y":"9195876.447","LOWER_RIGHT_X":"446960.619","LOWER_RIGHT_Y":"9194874.447"},"geometry":{"type":"Polygon","coordinates":[[[-63.489564985875482,-7.274502264896022],[-63.480488011190694,-7.274511980475564],[-63.480497656213558,-7.283575606684381],[-63.489574813086413,-7.283565878873643],[-63.489564985875482,-7.274502264896022]]]}},
{"type":"Feature","properties":{"DESCRIPTION":"MDT_1452130.tif","FILENAME":"U:\\P589_AmazoniaRevelada_BR-319\\LiDAR_dataset\\ENTREGAS\\ENTREGA_01\\2_MDT\\GEOTIFF\\MDT_1452130.tif","SHRT_FNAME":"MDT_1452130.tif","UPPER_LEFT_X":"446958.714","UPPER_LEFT_Y":"9195876.447","LOWER_RIGHT_X":"447960.714","LOWER_RIGHT_Y":"9194874.447"},"geometry":{"type":"Polygon","coordinates":[[[-63.48050526650993,-7.274511962178748],[-63.471428279516793,-7.274521496299319],[-63.471437742696708,-7.283585134487859],[-63.480514911879141,-7.283575588364529],[-63.48050526650993,-7.274511962178748]]]}},
{"type":"Feature","properties":{"DESCRIPTION":"MDT_1452131.tif","FILENAME":"U:\\P589_AmazoniaRevelada_BR-319\\LiDAR_dataset\\ENTREGAS\\ENTREGA_01\\2_MDT\\GEOTIFF\\MDT_1452131.tif","SHRT_FNAME":"MDT_1452131.tif","UPPER_LEFT_X":"447958.810","UPPER_LEFT_Y":"9195876.447","LOWER_RIGHT_X":"448960.810","LOWER_RIGHT_Y":"9194874.447"},"geometry":{"type":"Polygon","coordinates":[[[-63.471445534859207,-7.274521478347458],[-63.462368535789764,-7.274530831007875],[-63.462377817125542,-7.283594480948127],[-63.471454998385475,-7.283585116513398],[-63.471445534859207,-7.274521478347458]]]}},
{"type":"Feature","properties":{"DESCRIPTION":"MDT_1452132.tif","FILENAME":"U:\\P589_AmazoniaRevelada_BR-319\\LiDAR_dataset\\ENTREGAS\\ENTREGA_01\\2_MDT\\GEOTIFF\\MDT_1452132.tif","SHRT_FNAME":"MDT_1452132.tif","UPPER_LEFT_X":"448958.905","UPPER_LEFT_Y":"9195876.447","LOWER_RIGHT_X":"449960.905","LOWER_RIGHT_Y":"9194874.447"},"geometry":{"type":"Polygon","coordinates":[[[-63.462385791154908,-7.274530813400968],[-63.453308780241208,-7.274539984600071],[-63.453317879731699,-7.283603646064019],[-63.462395072837047,-7.28359446331905],[-63.462385791154908,-7.274530813400968]]]}},
{"type":"Feature","properties":{"DESCRIPTION":"MDT_1452133.tif","FILENAME":"U:\\P589_AmazoniaRevelada_BR-319\\LiDAR_dataset\\ENTREGAS\\ENTREGA_01\\2_MDT\\GEOTIFF\\MDT_1452133.tif","SHRT_FNAME":"MDT_1452133.tif","UPPER_LEFT_X":"449959.000","UPPER_LEFT_Y":"9195876.447","LOWER_RIGHT_X":"450961.000","LOWER_RIGHT_Y":"9194874.447"},"geometry":{"type":"Polygon","coordinates":[[[-63.453326035628656,-7.274539967338121],[-63.444249013102755,-7.274548957074766],[-63.444257930746794,-7.283612629834399],[-63.453335135465487,-7.283603628780339],[-63.453326035628656,-7.274539967338121]]]}},
{"type":"Feature","properties":{"DESCRIPTION":"MDT_1452134.tif","FILENAME":"U:\\P589_AmazoniaRevelada_BR-319\\LiDAR_dataset\\ENTREGAS\\ENTREGA_01\\2_MDT\\GEOTIFF\\MDT_1452134.tif","SHRT_FNAME":"MDT_1452134.tif","UPPER_LEFT_X":"450959.095","UPPER_LEFT_Y":"9195876.447","LOWER_RIGHT_X":"451961.095","LOWER_RIGHT_Y":"9194874.447"},"geometry":{"type":"Polygon","coordinates":[[[-63.444266268512067,-7.274548940157779],[-63.435189234606014,-7.274557748430848],[-63.435197970402491,-7.283621432258151],[-63.444275186502452,-7.283612612896115],[-63.444266268512067,-7.274548940157779]]]}},
{"type":"Feature","properties":{"DESCRIPTION":"MDT_1452135.tif","FILENAME":"U:\\P589_AmazoniaRevelada_BR-319\\LiDAR_dataset\\ENTREGAS\\ENTREGA_01\\2_MDT\\GEOTIFF\\MDT_1452135.tif","SHRT_FNAME":"MDT_1452135.tif","UPPER_LEFT_X":"451959.190","UPPER_LEFT_Y":"9195876.447","LOWER_RIGHT_X":"452961.190","LOWER_RIGHT_Y":"9194874.447"},"geometry":{"type":"Polygon","coordinates":[[[-63.435206490036734,-7.274557731858822],[-63.426129444982585,-7.27456635866722],[-63.426137998930415,-7.283630053334178],[-63.435215226179558,-7.283621415665265],[-63.435206490036734,-7.274557731858822]]]}},
{"type":"Feature","properties":{"DESCRIPTION":"MDT_1452136.tif","FILENAME":"U:\\P589_AmazoniaRevelada_BR-319\\LiDAR_dataset\\ENTREGAS\\ENTREGA_01\\2_MDT\\GEOTIFF\\MDT_1452136.tif","SHRT_FNAME":"MDT_1452136.tif","UPPER_LEFT_X":"452959.286","UPPER_LEFT_Y":"9195876.447","LOWER_RIGHT_X":"453961.286","LOWER_RIGHT_Y":"9194874.447"},"geometry":{"type":"Polygon","coordinates":[[[-63.426146700434288,-7.274566342440162],[-63.417069644464114,-7.274574787782814],[-63.417078016562201,-7.283638493061411],[-63.426155254728457,-7.283630037086691],[-63.426146700434288,-7.274566342440162]]]}},
{"type":"Feature","properties":{"DESCRIPTION":"MDT_1452137.tif","FILENAME":"U:\\P589_AmazoniaRevelada_BR-319\\LiDAR_dataset\\ENTREGAS\\ENTREGA_01\\2_MDT\\GEOTIFF\\MDT_1452137.tif","SHRT_FNAME":"MDT_1452137.tif","UPPER_LEFT_X":"453959.381","UPPER_LEFT_Y":"9195876.447","LOWER_RIGHT_X":"454961.381","LOWER_RIGHT_Y":"9194874.447"},"geometry":{"type":"Polygon","coordinates":[[[-63.417086899936336,-7.27457477190072],[-63.4080098332822,-7.27458303577658],[-63.4080180235295,-7.283646751438796],[-63.417095272380784,-7.283638477159323],[-63.417086899936336,-7.27457477190072]]]}},
{"type":"Feature","properties":{"DESCRIPTION":"MDT_1452138.tif","FILENAME":"U:\\P589_AmazoniaRevelada_BR-319\\LiDAR_dataset\\ENTREGAS\\ENTREGA_01\\2_MDT\\GEOTIFF\\MDT_1452138.tif","SHRT_FNAME":"MDT_1452138.tif","UPPER_LEFT_X":"454959.476","UPPER_LEFT_Y":"9195876.447","LOWER_RIGHT_X":"455961.476","LOWER_RIGHT_Y":"9194874.447"},"geometry":{"type":"Polygon","coordinates":[[[-63.408027088774517,-7.274583020239458],[-63.398950011668468,-7.274591102647496],[-63.398958020063958,-7.28365482846531],[-63.408035279368171,-7.283646735882114],[-63.408027088774517,-7.274583020239458]]]}},
{"type":"Feature","properties":{"DESCRIPTION":"MDT_1452139.tif","FILENAME":"U:\\P589_AmazoniaRevelada_BR-319\\LiDAR_dataset\\ENTREGAS\\ENTREGA_01\\2_MDT\\GEOTIFF\\MDT_1452139.tif","SHRT_FNAME":"MDT_1452139.tif","UPPER_LEFT_X":"455959.571","UPPER_LEFT_Y":"9195876.447","LOWER_RIGHT_X":"456961.571","LOWER_RIGHT_Y":"9194874.447"},"geometry":{"type":"Polygon","coordinates":[[[-63.398967267180431,-7.274591087455344],[-63.389890179854554,-7.274598988394557],[-63.389898006397218,-7.283662724139949],[-63.398975275922282,-7.283654813254032],[-63.398967267180431,-7.274591087455344]]]}},
{"type":"Feature","properties":{"DESCRIPTION":"MDT_1452140.tif","FILENAME":"U:\\P589_AmazoniaRevelada_BR-319\\LiDAR_dataset\\ENTREGAS\\ENTREGA_01\\2_MDT\\GEOTIFF\\MDT_1452140.tif","SHRT_FNAME":"MDT_1452140.tif","UPPER_LEFT_X":"456959.666","UPPER_LEFT_Y":"9195876.447","LOWER_RIGHT_X":"457961.666","LOWER_RIGHT_Y":"9194874.447"},"geometry":{"type":"Polygon","coordinates":[[[-63.389907435385716,-7.274598973547374],[-63.380830338072052,-7.274606693016779],[-63.380837982760916,-7.283670438461725],[-63.389915262274741,-7.283662709274077],[-63.389907435385716,-7.274598973547374]]]}},
{"type":"Feature","properties":{"DESCRIPTION":"MDT_1452141.tif","FILENAME":"U:\\P589_AmazoniaRevelada_BR-319\\LiDAR_dataset\\ENTREGAS\\ENTREGA_01\\2_MDT\\GEOTIFF\\MDT_1452141.tif","SHRT_FNAME":"MDT_1452141.tif","UPPER_LEFT_X":"457959.762","UPPER_LEFT_Y":"9195876.447","LOWER_RIGHT_X":"458961.762","LOWER_RIGHT_Y":"9194874.447"},"geometry":{"type":"Polygon","coordinates":[[[-63.380847593621986,-7.274606678514573],[-63.371770486552606,-7.274614216513208],[-63.371777949386697,-7.283677971429688],[-63.380855238657205,-7.283670423941262],[-63.380847593621986,-7.274606678514573]]]}},
{"type":"Feature","properties":{"DESCRIPTION":"MDT_1452142.tif","FILENAME":"U:\\P589_AmazoniaRevelada_BR-319\\LiDAR_dataset\\ENTREGAS\\ENTREGA_01\\2_MDT\\GEOTIFF\\MDT_1452142.tif","SHRT_FNAME":"MDT_1452142.tif","UPPER_LEFT_X":"458959.857","UPPER_LEFT_Y":"9195876.447","LOWER_RIGHT_X":"459961.857","LOWER_RIGHT_Y":"9194874.447"},"geometry":{"type":"Polygon","coordinates":[[[-63.371787742120866,-7.274614202355979],[-63.362710625527839,-7.274621558882907],[-63.362717906506234,-7.283685323042894],[-63.371795205301332,-7.283677957254634],[-63.371787742120866,-7.274614202355979]]]}},
{"type":"Feature","properties":{"DESCRIPTION":"MDT_1452143.tif","FILENAME":"U:\\P589_AmazoniaRevelada_BR-319\\LiDAR_dataset\\ENTREGAS\\ENTREGA_01\\2_MDT\\GEOTIFF\\MDT_1452143.tif","SHRT_FNAME":"MDT_1452143.tif","UPPER_LEFT_X":"459959.952","UPPER_LEFT_Y":"9195876.447","LOWER_RIGHT_X":"460961.952","LOWER_RIGHT_Y":"9194874.447"},"geometry":{"type":"Polygon","coordinates":[[[-63.362727881113969,-7.274621545070657],[-63.353650755229374,-7.274628720124965],[-63.353657854351155,-7.283692493300427],[-63.362735162438739,-7.283685309213252],[-63.362727881113969,-7.274621545070657]]]}},
{"type":"Feature","properties":{"DESCRIPTION":"MDT_1452144.tif","FILENAME":"U:\\P589_AmazoniaRevelada_BR-319\\LiDAR_dataset\\ENTREGAS\\ENTREGA_01\\2_MDT\\GEOTIFF\\MDT_1452144.tif","SHRT_FNAME":"MDT_1452144.tif","UPPER_LEFT_X":"460960.047","UPPER_LEFT_Y":"9195876.447","LOWER_RIGHT_X":"461962.047","LOWER_RIGHT_Y":"9194874.447"},"geometry":{"type":"Polygon","coordinates":[[[-63.353668010832948,-7.274628706657693],[-63.344590875888827,-7.274635700238485],[-63.344597793153113,-7.283699482201405],[-63.353675110301104,-7.283692479816202],[-63.353668010832948,-7.274628706657693]]]}},
{"type":"Feature","properties":{"DESCRIPTION":"MDT_1452145.tif","FILENAME":"U:\\P589_AmazoniaRevelada_BR-319\\LiDAR_dataset\\ENTREGAS\\ENTREGA_01\\2_MDT\\GEOTIFF\\MDT_1452145.tif","SHRT_FNAME":"MDT_1452145.tif","UPPER_LEFT_X":"461960.142","UPPER_LEFT_Y":"9195876.447","LOWER_RIGHT_X":"462962.142","LOWER_RIGHT_Y":"9194874.447"},"geometry":{"type":"Polygon","coordinates":[[[-63.344608131509418,-7.274635687116199],[-63.335530987737862,-7.27464249922261],[-63.33553772314378,-7.283706289744953],[-63.344615049120073,-7.283699469062598],[-63.344608131509418,-7.274635687116199]]]}},
{"type":"Feature","properties":{"DESCRIPTION":"MDT_1452146.tif","FILENAME":"U:\\P589_AmazoniaRevelada_BR-319\\LiDAR_dataset\\ENTREGAS\\ENTREGA_01\\2_MDT\\GEOTIFF\\MDT_1452146.tif","SHRT_FNAME":"MDT_1452146.tif","UPPER_LEFT_X":"462960.238","UPPER_LEFT_Y":"9195876.447","LOWER_RIGHT_X":"463962.238","LOWER_RIGHT_Y":"9194874.447"},"geometry":{"type":"Polygon","coordinates":[[[-63.335548243375008,-7.274642486445304],[-63.326471091008081,-7.274649117076485],[-63.326477644554764,-7.283712915930224],[-63.335554979127288,-7.28370627695156],[-63.335548243375008,-7.274642486445304]]]}},
{"type":"Feature","properties":{"DESCRIPTION":"MDT_1452147.tif","FILENAME":"U:\\P589_AmazoniaRevelada_BR-319\\LiDAR_dataset\\ENTREGAS\\ENTREGA_01\\2_MDT\\GEOTIFF\\MDT_1452147.tif","SHRT_FNAME":"MDT_1452147.tif","UPPER_LEFT_X":"463960.333","UPPER_LEFT_Y":"9195876.447","LOWER_RIGHT_X":"464962.333","LOWER_RIGHT_Y":"9194874.447"},"geometry":{"type":"Polygon","coordinates":[[[-63.32648834666135,-7.274649104644164],[-63.317411185931128,-7.274655553799291],[-63.317417557617766,-7.283719360756393],[-63.326494900554408,-7.283712903482252],[-63.32648834666135,-7.274649104644164]]]}},
{"type":"Feature","properties":{"DESCRIPTION":"MDT_1453104.tif","FILENAME":"U:\\P589_AmazoniaRevelada_BR-319\\LiDAR_dataset\\ENTREGAS\\ENTREGA_01\\2_MDT\\GEOTIFF\\MDT_1453104.tif","SHRT_FNAME":"MDT_1453104.tif","UPPER_LEFT_X":"420956.239","UPPER_LEFT_Y":"9194876.572","LOWER_RIGHT_X":"421958.239","LOWER_RIGHT_Y":"9193874.572"},"geometry":{"type":"Polygon","coordinates":[[[-63.716067642202475,-7.283244989964227],[-63.706990868874243,-7.283259259470367],[-63.707005077624409,-7.29232250844691],[-63.716082033335354,-7.292308220998389],[-63.716067642202475,-7.283244989964227]]]}},
{"type":"Feature","properties":{"DESCRIPTION":"MDT_1453105.tif","FILENAME":"U:\\P589_AmazoniaRevelada_BR-319\\LiDAR_dataset\\ENTREGAS\\ENTREGA_01\\2_MDT\\GEOTIFF\\MDT_1453105.tif","SHRT_FNAME":"MDT_1453105.tif","UPPER_LEFT_X":"421956.334","UPPER_LEFT_Y":"9194876.572","LOWER_RIGHT_X":"422958.334","LOWER_RIGHT_Y":"9193874.572"},"geometry":{"type":"Polygon","coordinates":[[[-63.70700812381623,-7.283259232516724],[-63.697931332377181,-7.283273320372952],[-63.697945359089545,-7.292336587029585],[-63.707022332913098,-7.292322481459379],[-63.70700812381623,-7.283259232516724]]]}},
{"type":"Feature","properties":{"DESCRIPTION":"MDT_1453106.tif","FILENAME":"U:\\P589_AmazoniaRevelada_BR-319\\LiDAR_dataset\\ENTREGAS\\ENTREGA_01\\2_MDT\\GEOTIFF\\MDT_1453106.tif","SHRT_FNAME":"MDT_1453106.tif","UPPER_LEFT_X":"422956.430","UPPER_LEFT_Y":"9194876.572","LOWER_RIGHT_X":"423958.430","LOWER_RIGHT_Y":"9193874.572"},"geometry":{"type":"Polygon","coordinates":[[[-63.697948587353359,-7.283273293764631],[-63.688871778035526,-7.283287199969195],[-63.688885622708348,-7.292350484077941],[-63.697962614412454,-7.292336560387805],[-63.697948587353359,-7.283273293764631]]]}},
{"type":"Feature","properties":{"DESCRIPTION":"MDT_1453107.tif","FILENAME":"U:\\P589_AmazoniaRevelada_BR-319\\LiDAR_dataset\\ENTREGAS\\ENTREGA_01\\2_MDT\\GEOTIFF\\MDT_1453107.tif","SHRT_FNAME":"MDT_1453107.tif","UPPER_LEFT_X":"423956.525","UPPER_LEFT_Y":"9194876.572","LOWER_RIGHT_X":"424958.525","LOWER_RIGHT_Y":"9193874.572"},"geometry":{"type":"Polygon","coordinates":[[[-63.688889033045484,-7.283287173706194],[-63.679812206080875,-7.283300898257365],[-63.679825868712399,-7.29236419959025],[-63.688902878065022,-7.292350457781917],[-63.688889033045484,-7.283287173706194]]]}},
{"type":"Feature","properties":{"DESCRIPTION":"MDT_1453108.tif","FILENAME":"U:\\P589_AmazoniaRevelada_BR-319\\LiDAR_dataset\\ENTREGAS\\ENTREGA_01\\2_MDT\\GEOTIFF\\MDT_1453108.tif","SHRT_FNAME":"MDT_1453108.tif","UPPER_LEFT_X":"424956.620","UPPER_LEFT_Y":"9194876.572","LOWER_RIGHT_X":"425958.620","LOWER_RIGHT_Y":"9193874.572"},"geometry":{"type":"Polygon","coordinates":[[[-63.67982946112415,-7.283300872339689],[-63.670752616744814,-7.283314415235765],[-63.670766097333328,-7.292377733564811],[-63.679843124102405,-7.292364173639986],[-63.67982946112415,-7.283300872339689]]]}},
{"type":"Feature","properties":{"DESCRIPTION":"MDT_1453109.tif","FILENAME":"U:\\P589_AmazoniaRevelada_BR-319\\LiDAR_dataset\\ENTREGAS\\ENTREGA_01\\2_MDT\\GEOTIFF\\MDT_1453109.tif","SHRT_FNAME":"MDT_1453109.tif","UPPER_LEFT_X":"425956.715","UPPER_LEFT_Y":"9194876.572","LOWER_RIGHT_X":"426958.715","LOWER_RIGHT_Y":"9193874.572"},"geometry":{"type":"Polygon","coordinates":[[[-63.670769871820973,-7.283314389663413],[-63.661693010258929,-7.283327750902705],[-63.661706308802749,-7.292391085999935],[-63.670783352756224,-7.292377707960306],[-63.670769871820973,-7.283314389663413]]]}},
{"type":"Feature","properties":{"DESCRIPTION":"MDT_1453110.tif","FILENAME":"U:\\P589_AmazoniaRevelada_BR-319\\LiDAR_dataset\\ENTREGAS\\ENTREGA_01\\2_MDT\\GEOTIFF\\MDT_1453110.tif","SHRT_FNAME":"MDT_1453110.tif","UPPER_LEFT_X":"426956.810","UPPER_LEFT_Y":"9194876.572","LOWER_RIGHT_X":"427958.810","LOWER_RIGHT_Y":"9193874.572"},"geometry":{"type":"Polygon","coordinates":[[[-63.661710265367546,-7.283327725675686],[-63.652633386854824,-7.283340905256534],[-63.652646503352273,-7.292404256893966],[-63.661723564258089,-7.292391060741196],[-63.661710265367546,-7.283327725675686]]]}},
{"type":"Feature","properties":{"DESCRIPTION":"MDT_1453111.tif","FILENAME":"U:\\P589_AmazoniaRevelada_BR-319\\LiDAR_dataset\\ENTREGAS\\ENTREGA_01\\2_MDT\\GEOTIFF\\MDT_1453111.tif","SHRT_FNAME":"MDT_1453111.tif","UPPER_LEFT_X":"427956.906","UPPER_LEFT_Y":"9194876.572","LOWER_RIGHT_X":"428958.906","LOWER_RIGHT_Y":"9193874.572"},"geometry":{"type":"Polygon","coordinates":[[[-63.652650641995436,-7.283340880374849],[-63.643573746764091,-7.283353878295615],[-63.643586681213506,-7.292417246245269],[-63.652663758839616,-7.292404231980995],[-63.652650641995436,-7.283340880374849]]]}},
{"type":"Feature","properties":{"DESCRIPTION":"MDT_1453112.tif","FILENAME":"U:\\P589_AmazoniaRevelada_BR-319\\LiDAR_dataset\\ENTREGAS\\ENTREGA_01\\2_MDT\\GEOTIFF\\MDT_1453112.tif","SHRT_FNAME":"MDT_1453112.tif","UPPER_LEFT_X":"428957.001","UPPER_LEFT_Y":"9194876.572","LOWER_RIGHT_X":"429959.001","LOWER_RIGHT_Y":"9193874.572"},"geometry":{"type":"Polygon","coordinates":[[[-63.643591001936258,-7.283353853759267],[-63.634514090218318,-7.283366670018334],[-63.634526842618101,-7.292430054052219],[-63.643603936732418,-7.292417221678068],[-63.643591001936258,-7.283353853759267]]]}},
{"type":"Feature","properties":{"DESCRIPTION":"MDT_1453113.tif","FILENAME":"U:\\P589_AmazoniaRevelada_BR-319\\LiDAR_dataset\\ENTREGAS\\ENTREGA_01\\2_MDT\\GEOTIFF\\MDT_1453113.tif","SHRT_FNAME":"MDT_1453113.tif","UPPER_LEFT_X":"429957.096","UPPER_LEFT_Y":"9194876.572","LOWER_RIGHT_X":"430959.096","LOWER_RIGHT_Y":"9193874.572"},"geometry":{"type":"Polygon","coordinates":[[[-63.634531345421614,-7.283366645827325],[-63.625454417449099,-7.2833792804231],[-63.625466987797637,-7.292442680313234],[-63.634544098168128,-7.292430029830794],[-63.634531345421614,-7.283366645827325]]]}},
{"type":"Feature","properties":{"DESCRIPTION":"MDT_1453114.tif","FILENAME":"U:\\P589_AmazoniaRevelada_BR-319\\LiDAR_dataset\\ENTREGAS\\ENTREGA_01\\2_MDT\\GEOTIFF\\MDT_1453114.tif","SHRT_FNAME":"MDT_1453114.tif","UPPER_LEFT_X":"430957.191","UPPER_LEFT_Y":"9194876.572","LOWER_RIGHT_X":"431959.191","LOWER_RIGHT_Y":"9193874.572"},"geometry":{"type":"Polygon","coordinates":[[[-63.625471672683069,-7.283379256577434],[-63.616394728688057,-7.283391709508344],[-63.616407116983765,-7.292455125026738],[-63.625484243378352,-7.292442656437585],[-63.625471672683069,-7.283379256577434]]]}},
{"type":"Feature","properties":{"DESCRIPTION":"MDT_1453115.tif","FILENAME":"U:\\P589_AmazoniaRevelada_BR-319\\LiDAR_dataset\\ENTREGAS\\ENTREGA_01\\2_MDT\\GEOTIFF\\MDT_1453115.tif","SHRT_FNAME":"MDT_1453115.tif","UPPER_LEFT_X":"431957.286","UPPER_LEFT_Y":"9194876.572","LOWER_RIGHT_X":"432959.286","LOWER_RIGHT_Y":"9193874.572"},"geometry":{"type":"Polygon","coordinates":[[[-63.616411983952268,-7.283391686008027],[-63.60733502416678,-7.283403957272529],[-63.607347230408116,-7.292467388191183],[-63.616424372594722,-7.29245510149687],[-63.616411983952268,-7.283391686008027]]]}},
{"type":"Feature","properties":{"DESCRIPTION":"MDT_1453116.tif","FILENAME":"U:\\P589_AmazoniaRevelada_BR-319\\LiDAR_dataset\\ENTREGAS\\ENTREGA_01\\2_MDT\\GEOTIFF\\MDT_1453116.tif","SHRT_FNAME":"MDT_1453116.tif","UPPER_LEFT_X":"432957.382","UPPER_LEFT_Y":"9194876.572","LOWER_RIGHT_X":"433959.382","LOWER_RIGHT_Y":"9193874.572"},"geometry":{"type":"Polygon","coordinates":[[[-63.607352279460784,-7.283403934117556],[-63.598275304116875,-7.283416023714119],[-63.598287328302305,-7.292479469805049],[-63.60736448604888,-7.2924673650071],[-63.607352279460784,-7.283403934117556]]]}},
{"type":"Feature","properties":{"DESCRIPTION":"MDT_1453117.tif","FILENAME":"U:\\P589_AmazoniaRevelada_BR-319\\LiDAR_dataset\\ENTREGAS\\ENTREGA_01\\2_MDT\\GEOTIFF\\MDT_1453117.tif","SHRT_FNAME":"MDT_1453117.tif","UPPER_LEFT_X":"433957.477","UPPER_LEFT_Y":"9194876.572","LOWER_RIGHT_X":"434959.477","LOWER_RIGHT_Y":"9193874.572"},"geometry":{"type":"Polygon","coordinates":[[[-63.598292559440246,-7.283416000904499],[-63.589215568769959,-7.283427908831621],[-63.589227410897969,-7.292491369866831],[-63.598304583972421,-7.29247944696675],[-63.598292559440246,-7.283416000904499]]]}},
{"type":"Feature","properties":{"DESCRIPTION":"MDT_1453118.tif","FILENAME":"U:\\P589_AmazoniaRevelada_BR-319\\LiDAR_dataset\\ENTREGAS\\ENTREGA_01\\2_MDT\\GEOTIFF\\MDT_1453118.tif","SHRT_FNAME":"MDT_1453118.tif","UPPER_LEFT_X":"434957.572","UPPER_LEFT_Y":"9194876.572","LOWER_RIGHT_X":"435959.572","LOWER_RIGHT_Y":"9193874.572"},"geometry":{"type":"Polygon","coordinates":[[[-63.589232824122242,-7.283427886367357],[-63.580155818357625,-7.283439612623559],[-63.580167478426731,-7.29250308837505],[-63.589244666596997,-7.292491347374321],[-63.589232824122242,-7.283427886367357]]]}},
{"type":"Feature","properties":{"DESCRIPTION":"MDT_1453119.tif","FILENAME":"U:\\P589_AmazoniaRevelada_BR-319\\LiDAR_dataset\\ENTREGAS\\ENTREGA_01\\2_MDT\\GEOTIFF\\MDT_1453119.tif","SHRT_FNAME":"MDT_1453119.tif","UPPER_LEFT_X":"435957.667","UPPER_LEFT_Y":"9194876.572","LOWER_RIGHT_X":"436959.667","LOWER_RIGHT_Y":"9193874.572"},"geometry":{"type":"Polygon","coordinates":[[[-63.580173073738386,-7.283439590504651],[-63.571096053111511,-7.283451135088473],[-63.571107531120241,-7.292514625328248],[-63.580184734154237,-7.292503066228333],[-63.580173073738386,-7.283439590504651]]]}},
{"type":"Feature","properties":{"DESCRIPTION":"MDT_1453120.tif","FILENAME":"U:\\P589_AmazoniaRevelada_BR-319\\LiDAR_dataset\\ENTREGAS\\ENTREGA_01\\2_MDT\\GEOTIFF\\MDT_1453120.tif","SHRT_FNAME":"MDT_1453120.tif","UPPER_LEFT_X":"436957.762","UPPER_LEFT_Y":"9194876.572","LOWER_RIGHT_X":"437959.762","LOWER_RIGHT_Y":"9193874.572"},"geometry":{"type":"Polygon","coordinates":[[[-63.571113308520296,-7.283451113314928],[-63.56203627326321,-7.283462476224932],[-63.562047569210122,-7.292525980724991],[-63.571124786875785,-7.292514603527322],[-63.571113308520296,-7.283451113314928]]]}},
{"type":"Feature","properties":{"DESCRIPTION":"MDT_1453121.tif","FILENAME":"U:\\P589_AmazoniaRevelada_BR-319\\LiDAR_dataset\\ENTREGAS\\ENTREGA_01\\2_MDT\\GEOTIFF\\MDT_1453121.tif","SHRT_FNAME":"MDT_1453121.tif","UPPER_LEFT_X":"437957.858","UPPER_LEFT_Y":"9194876.572","LOWER_RIGHT_X":"438959.858","LOWER_RIGHT_Y":"9193874.572"},"geometry":{"type":"Polygon","coordinates":[[[-63.562053528699579,-7.283462454796749],[-63.552976479044325,-7.283473636031528],[-63.552987592928019,-7.292537154563863],[-63.562064824993264,-7.292525959269864],[-63.562053528699579,-7.283462454796749]]]}},
{"type":"Feature","properties":{"DESCRIPTION":"MDT_1453122.tif","FILENAME":"U:\\P589_AmazoniaRevelada_BR-319\\LiDAR_dataset\\ENTREGAS\\ENTREGA_01\\2_MDT\\GEOTIFF\\MDT_1453122.tif","SHRT_FNAME":"MDT_1453122.tif","UPPER_LEFT_X":"438957.953","UPPER_LEFT_Y":"9194876.572","LOWER_RIGHT_X":"439959.953","LOWER_RIGHT_Y":"9193874.572"},"geometry":{"type":"Polygon","coordinates":[[[-63.552993734507851,-7.28347361494871],[-63.543916670686507,-7.283484614506872],[-63.543927602505562,-7.292548146843482],[-63.553004848738304,-7.292537133454537],[-63.552993734507851,-7.28347361494871]]]}},
{"type":"Feature","properties":{"DESCRIPTION":"MDT_1453123.tif","FILENAME":"U:\\P589_AmazoniaRevelada_BR-319\\LiDAR_dataset\\ENTREGAS\\ENTREGA_01\\2_MDT\\GEOTIFF\\MDT_1453123.tif","SHRT_FNAME":"MDT_1453123.tif","UPPER_LEFT_X":"439958.048","UPPER_LEFT_Y":"9194876.572","LOWER_RIGHT_X":"440960.048","LOWER_RIGHT_Y":"9193874.572"},"geometry":{"type":"Polygon","coordinates":[[[-63.543933926176742,-7.283484593769422],[-63.534856848421356,-7.283495411649596],[-63.534867598174415,-7.292558957562477],[-63.543944858342563,-7.292548126079956],[-63.543933926176742,-7.283484593769422]]]}},
{"type":"Feature","properties":{"DESCRIPTION":"MDT_1453124.tif","FILENAME":"U:\\P589_AmazoniaRevelada_BR-319\\LiDAR_dataset\\ENTREGAS\\ENTREGA_01\\2_MDT\\GEOTIFF\\MDT_1453124.tif","SHRT_FNAME":"MDT_1453124.tif","UPPER_LEFT_X":"440958.143","UPPER_LEFT_Y":"9194876.572","LOWER_RIGHT_X":"441960.143","LOWER_RIGHT_Y":"9193874.572"},"geometry":{"type":"Polygon","coordinates":[[[-63.53487410393786,-7.283495391257516],[-63.525797012480488,-7.283506027458359],[-63.525807580166187,-7.292569586719502],[-63.534884854037685,-7.292558937144758],[-63.53487410393786,-7.283495391257516]]]}},
{"type":"Feature","properties":{"DESCRIPTION":"MDT_1453125.tif","FILENAME":"U:\\P589_AmazoniaRevelada_BR-319\\LiDAR_dataset\\ENTREGAS\\ENTREGA_01\\2_MDT\\GEOTIFF\\MDT_1453125.tif","SHRT_FNAME":"MDT_1453125.tif","UPPER_LEFT_X":"441958.238","UPPER_LEFT_Y":"9194876.572","LOWER_RIGHT_X":"442960.238","LOWER_RIGHT_Y":"9193874.572"},"geometry":{"type":"Polygon","coordinates":[[[-63.525814268022813,-7.283506007411654],[-63.516737163095527,-7.283516461931844],[-63.516747548712566,-7.292580034313239],[-63.525824836055293,-7.29256956664759],[-63.525814268022813,-7.283506007411654]]]}},
{"type":"Feature","properties":{"DESCRIPTION":"MDT_1453126.tif","FILENAME":"U:\\P589_AmazoniaRevelada_BR-319\\LiDAR_dataset\\ENTREGAS\\ENTREGA_01\\2_MDT\\GEOTIFF\\MDT_1453126.tif","SHRT_FNAME":"MDT_1453126.tif","UPPER_LEFT_X":"442958.334","UPPER_LEFT_Y":"9194876.572","LOWER_RIGHT_X":"443960.334","LOWER_RIGHT_Y":"9193874.572"},"geometry":{"type":"Polygon","coordinates":[[[-63.516754418663254,-7.283516442230514],[-63.507677300498116,-7.283526715068754],[-63.507687504045165,-7.292590300342386],[-63.516764804627051,-7.292580014587136],[-63.516754418663254,-7.283516442230514]]]}},
{"type":"Feature","properties":{"DESCRIPTION":"MDT_1453127.tif","FILENAME":"U:\\P589_AmazoniaRevelada_BR-319\\LiDAR_dataset\\ENTREGAS\\ENTREGA_01\\2_MDT\\GEOTIFF\\MDT_1453127.tif","SHRT_FNAME":"MDT_1453127.tif","UPPER_LEFT_X":"443958.429","UPPER_LEFT_Y":"9194876.572","LOWER_RIGHT_X":"444960.429","LOWER_RIGHT_Y":"9193874.572"},"geometry":{"type":"Polygon","coordinates":[[[-63.507694556090783,-7.283526695712798],[-63.498617424919864,-7.283536786867806],[-63.498627446395659,-7.292600384805668],[-63.507704759984605,-7.292590280962096],[-63.507694556090783,-7.283526695712798]]]}},
{"type":"Feature","properties":{"DESCRIPTION":"MDT_1453128.tif","FILENAME":"U:\\P589_AmazoniaRevelada_BR-319\\LiDAR_dataset\\ENTREGAS\\ENTREGA_01\\2_MDT\\GEOTIFF\\MDT_1453128.tif","SHRT_FNAME":"MDT_1453128.tif","UPPER_LEFT_X":"444958.524","UPPER_LEFT_Y":"9194876.572","LOWER_RIGHT_X":"445960.524","LOWER_RIGHT_Y":"9193874.572"},"geometry":{"type":"Polygon","coordinates":[[[-63.498634680537037,-7.283536767857235],[-63.489557536592407,-7.283546677327757],[-63.489567375995669,-7.292610287701832],[-63.498644702359599,-7.292600365771193],[-63.498634680537037,-7.283536767857235]]]}},
{"type":"Feature","properties":{"DESCRIPTION":"MDT_1453129.tif","FILENAME":"U:\\P589_AmazoniaRevelada_BR-319\\LiDAR_dataset\\ENTREGAS\\ENTREGA_01\\2_MDT\\GEOTIFF\\MDT_1453129.tif","SHRT_FNAME":"MDT_1453129.tif","UPPER_LEFT_X":"445958.619","UPPER_LEFT_Y":"9194876.572","LOWER_RIGHT_X":"446960.619","LOWER_RIGHT_Y":"9193874.572"},"geometry":{"type":"Polygon","coordinates":[[[-63.489574792233633,-7.283546658662567],[-63.480497635747362,-7.283556386447367],[-63.480507293076869,-7.292620009029644],[-63.489584631983689,-7.292610269013174],[-63.489574792233633,-7.283546658662567]]]}},
{"type":"Feature","properties":{"DESCRIPTION":"MDT_1453130.tif","FILENAME":"U:\\P589_AmazoniaRevelada_BR-319\\LiDAR_dataset\\ENTREGAS\\ENTREGA_01\\2_MDT\\GEOTIFF\\MDT_1453130.tif","SHRT_FNAME":"MDT_1453130.tif","UPPER_LEFT_X":"446958.714","UPPER_LEFT_Y":"9194876.572","LOWER_RIGHT_X":"447960.714","LOWER_RIGHT_Y":"9193874.572"},"geometry":{"type":"Polygon","coordinates":[[[-63.48051489141222,-7.283556368127565],[-63.471437722616379,-7.28356591422544],[-63.471447197870923,-7.292629548787896],[-63.480524549088514,-7.292619990686807],[-63.48051489141222,-7.283556368127565]]]}},
{"type":"Feature","properties":{"DESCRIPTION":"MDT_1453131.tif","FILENAME":"U:\\P589_AmazoniaRevelada_BR-319\\LiDAR_dataset\\ENTREGAS\\ENTREGA_01\\2_MDT\\GEOTIFF\\MDT_1453131.tif","SHRT_FNAME":"MDT_1453131.tif","UPPER_LEFT_X":"447958.810","UPPER_LEFT_Y":"9194876.572","LOWER_RIGHT_X":"448960.810","LOWER_RIGHT_Y":"9193874.572"},"geometry":{"type":"Polygon","coordinates":[[[-63.471454978304408,-7.283565896251025],[-63.462377797431081,-7.283575260660786],[-63.462387090609454,-7.292638906975403],[-63.471464453905732,-7.292629530790881],[-63.471454978304408,-7.283565896251025]]]}},
{"type":"Feature","properties":{"DESCRIPTION":"MDT_1453132.tif","FILENAME":"U:\\P589_AmazoniaRevelada_BR-319\\LiDAR_dataset\\ENTREGAS\\ENTREGA_01\\2_MDT\\GEOTIFF\\MDT_1453132.tif","SHRT_FNAME":"MDT_1453132.tif","UPPER_LEFT_X":"448958.905","UPPER_LEFT_Y":"9194876.572","LOWER_RIGHT_X":"449960.905","LOWER_RIGHT_Y":"9193874.572"},"geometry":{"type":"Polygon","coordinates":[[[-63.46239505314184,-7.283575243031762],[-63.453317860423091,-7.283584425752244],[-63.453326971524149,-7.292648083591001],[-63.462404346667014,-7.292638889324212],[-63.46239505314184,-7.283575243031762]]]}},
{"type":"Feature","properties":{"DESCRIPTION":"MDT_1453133.tif","FILENAME":"U:\\P589_AmazoniaRevelada_BR-319\\LiDAR_dataset\\ENTREGAS\\ENTREGA_01\\2_MDT\\GEOTIFF\\MDT_1453133.tif","SHRT_FNAME":"MDT_1453133.tif","UPPER_LEFT_X":"449959.000","UPPER_LEFT_Y":"9194876.572","LOWER_RIGHT_X":"450961.000","LOWER_RIGHT_Y":"9193874.572"},"geometry":{"type":"Polygon","coordinates":[[[-63.453335116156154,-7.28358440846861],[-63.44425791182406,-7.28359340949867],[-63.444266840846645,-7.292657078633547],[-63.453344227604006,-7.292648066285635],[-63.453335116156154,-7.28358440846861]]]}},
{"type":"Feature","properties":{"DESCRIPTION":"MDT_1453134.tif","FILENAME":"U:\\P589_AmazoniaRevelada_BR-319\\LiDAR_dataset\\ENTREGAS\\ENTREGA_01\\2_MDT\\GEOTIFF\\MDT_1453134.tif","SHRT_FNAME":"MDT_1453134.tif","UPPER_LEFT_X":"450959.095","UPPER_LEFT_Y":"9194876.572","LOWER_RIGHT_X":"451961.095","LOWER_RIGHT_Y":"9193874.572"},"geometry":{"type":"Polygon","coordinates":[[[-63.444275167578979,-7.28359339256043],[-63.435197951865618,-7.283602211898954],[-63.435206698808614,-7.292665892101924],[-63.444284096948358,-7.292657061674012],[-63.444275167578979,-7.28359339256043]]]}},
{"type":"Feature","properties":{"DESCRIPTION":"MDT_1453135.tif","FILENAME":"U:\\P589_AmazoniaRevelada_BR-319\\LiDAR_dataset\\ENTREGAS\\ENTREGA_01\\2_MDT\\GEOTIFF\\MDT_1453135.tif","SHRT_FNAME":"MDT_1453135.tif","UPPER_LEFT_X":"451959.190","UPPER_LEFT_Y":"9194876.572","LOWER_RIGHT_X":"452961.190","LOWER_RIGHT_Y":"9193874.572"},"geometry":{"type":"Polygon","coordinates":[[[-63.43521520764196,-7.283602195306107],[-63.426137980779423,-7.283610832951994],[-63.426146545641714,-7.292674523995037],[-63.43522395493175,-7.292665875488217],[-63.43521520764196,-7.283602195306107]]]}},
{"type":"Feature","properties":{"DESCRIPTION":"MDT_1453136.tif","FILENAME":"U:\\P589_AmazoniaRevelada_BR-319\\LiDAR_dataset\\ENTREGAS\\ENTREGA_01\\2_MDT\\GEOTIFF\\MDT_1453136.tif","SHRT_FNAME":"MDT_1453136.tif","UPPER_LEFT_X":"452959.286","UPPER_LEFT_Y":"9194876.572","LOWER_RIGHT_X":"453961.286","LOWER_RIGHT_Y":"9193874.572"},"geometry":{"type":"Polygon","coordinates":[[[-63.426155236576726,-7.283610816704547],[-63.417077998797083,-7.283619272656721],[-63.417086381577626,-7.292682974311811],[-63.426163801785833,-7.292674507727162],[-63.426155236576726,-7.283610816704547]]]}},
{"type":"Feature","properties":{"DESCRIPTION":"MDT_1453137.tif","FILENAME":"U:\\P589_AmazoniaRevelada_BR-319\\LiDAR_dataset\\ENTREGAS\\ENTREGA_01\\2_MDT\\GEOTIFF\\MDT_1453137.tif","SHRT_FNAME":"MDT_1453137.tif","UPPER_LEFT_X":"453959.381","UPPER_LEFT_Y":"9194876.572","LOWER_RIGHT_X":"454961.381","LOWER_RIGHT_Y":"9193874.572"},"geometry":{"type":"Polygon","coordinates":[[[-63.417095254614928,-7.283619256754676],[-63.408018006150265,-7.283627531012087],[-63.408026206847978,-7.292691243051193],[-63.417103637742265,-7.292682958389769],[-63.417095254614928,-7.283619256754676]]]}},
{"type":"Feature","properties":{"DESCRIPTION":"MDT_1453138.tif","FILENAME":"U:\\P589_AmazoniaRevelada_BR-319\\LiDAR_dataset\\ENTREGAS\\ENTREGA_01\\2_MDT\\GEOTIFF\\MDT_1453138.tif","SHRT_FNAME":"MDT_1453138.tif","UPPER_LEFT_X":"454959.476","UPPER_LEFT_Y":"9194876.572","LOWER_RIGHT_X":"455961.476","LOWER_RIGHT_Y":"9193874.572"},"geometry":{"type":"Polygon","coordinates":[[[-63.408035261988196,-7.283627515455444],[-63.398958003070597,-7.283635608017064],[-63.398966021684473,-7.29269933021216],[-63.408043463032719,-7.292691227474991],[-63.408035261988196,-7.283627515455444]]]}},
{"type":"Feature","properties":{"DESCRIPTION":"MDT_1453139.tif","FILENAME":"U:\\P589_AmazoniaRevelada_BR-319\\LiDAR_dataset\\ENTREGAS\\ENTREGA_01\\2_MDT\\GEOTIFF\\MDT_1453139.tif","SHRT_FNAME":"MDT_1453139.tif","UPPER_LEFT_X":"455959.571","UPPER_LEFT_Y":"9194876.572","LOWER_RIGHT_X":"456961.571","LOWER_RIGHT_Y":"9193874.572"},"geometry":{"type":"Polygon","coordinates":[[[-63.398975258928189,-7.283635592805825],[-63.389897989789738,-7.28364350367065],[-63.389905826318746,-7.292707235793703],[-63.398983277888853,-7.292699314981795],[-63.398975258928189,-7.283635592805825]]]}},
{"type":"Feature","properties":{"DESCRIPTION":"MDT_1453140.tif","FILENAME":"U:\\P589_AmazoniaRevelada_BR-319\\LiDAR_dataset\\ENTREGAS\\ENTREGA_01\\2_MDT\\GEOTIFF\\MDT_1453140.tif","SHRT_FNAME":"MDT_1453140.tif","UPPER_LEFT_X":"456959.666","UPPER_LEFT_Y":"9194876.572","LOWER_RIGHT_X":"457961.666","LOWER_RIGHT_Y":"9193874.572"},"geometry":{"type":"Polygon","coordinates":[[[-63.389915245666522,-7.283643488804817],[-63.38083796653931,-7.283651217971858],[-63.380845620982484,-7.292714959794839],[-63.389923082542339,-7.292707220909181],[-63.389915245666522,-7.283643488804817]]]}},
{"type":"Feature","properties":{"DESCRIPTION":"MDT_1453141.tif","FILENAME":"U:\\P589_AmazoniaRevelada_BR-319\\LiDAR_dataset\\ENTREGAS\\ENTREGA_01\\2_MDT\\GEOTIFF\\MDT_1453141.tif","SHRT_FNAME":"MDT_1453141.tif","UPPER_LEFT_X":"457959.762","UPPER_LEFT_Y":"9194876.572","LOWER_RIGHT_X":"458961.762","LOWER_RIGHT_Y":"9193874.572"},"geometry":{"type":"Polygon","coordinates":[[[-63.380855222434874,-7.283651203451433],[-63.371777933550995,-7.283658750919733],[-63.37178540590736,-7.292722502214609],[-63.380862877224857,-7.292714945256158],[-63.380855222434874,-7.283651203451433]]]}},
{"type":"Feature","properties":{"DESCRIPTION":"MDT_1453142.tif","FILENAME":"U:\\P589_AmazoniaRevelada_BR-319\\LiDAR_dataset\\ENTREGAS\\ENTREGA_01\\2_MDT\\GEOTIFF\\MDT_1453142.tif","SHRT_FNAME":"MDT_1453142.tif","UPPER_LEFT_X":"458959.857","UPPER_LEFT_Y":"9194876.572","LOWER_RIGHT_X":"459961.857","LOWER_RIGHT_Y":"9193874.572"},"geometry":{"type":"Polygon","coordinates":[[[-63.371795189464876,-7.283658736744718],[-63.362717891056413,-7.283666102513336],[-63.36272518132504,-7.292729863052074],[-63.371802662168051,-7.29272248802177],[-63.371795189464876,-7.283658736744718]]]}},
{"type":"Feature","properties":{"DESCRIPTION":"MDT_1453143.tif","FILENAME":"U:\\P589_AmazoniaRevelada_BR-319\\LiDAR_dataset\\ENTREGAS\\ENTREGA_01\\2_MDT\\GEOTIFF\\MDT_1453143.tif","SHRT_FNAME":"MDT_1453143.tif","UPPER_LEFT_X":"459959.952","UPPER_LEFT_Y":"9194876.572","LOWER_RIGHT_X":"460961.952","LOWER_RIGHT_Y":"9193874.572"},"geometry":{"type":"Polygon","coordinates":[[[-63.362735146988179,-7.283666088683734],[-63.353657839287223,-7.283673272751755],[-63.353664947467202,-7.292737042306316],[-63.362742437603629,-7.29272984920508],[-63.362735146988179,-7.283666088683734]]]}},
{"type":"Feature","properties":{"DESCRIPTION":"MDT_1453144.tif","FILENAME":"U:\\P589_AmazoniaRevelada_BR-319\\LiDAR_dataset\\ENTREGAS\\ENTREGA_01\\2_MDT\\GEOTIFF\\MDT_1453144.tif","SHRT_FNAME":"MDT_1453144.tif","UPPER_LEFT_X":"460960.047","UPPER_LEFT_Y":"9194876.572","LOWER_RIGHT_X":"461962.047","LOWER_RIGHT_Y":"9193874.572"},"geometry":{"type":"Polygon","coordinates":[[[-63.353675095236433,-7.283673259267566],[-63.34459777847507,-7.283680261634095],[-63.344604704565512,-7.29274403997645],[-63.353682203763221,-7.292737028805175],[-63.353675095236433,-7.283673259267566]]]}},
{"type":"Feature","properties":{"DESCRIPTION":"MDT_1453145.tif","FILENAME":"U:\\P589_AmazoniaRevelada_BR-319\\LiDAR_dataset\\ENTREGAS\\ENTREGA_01\\2_MDT\\GEOTIFF\\MDT_1453145.tif","SHRT_FNAME":"MDT_1453145.tif","UPPER_LEFT_X":"461960.142","UPPER_LEFT_Y":"9194876.572","LOWER_RIGHT_X":"462962.142","LOWER_RIGHT_Y":"9193874.572"},"geometry":{"type":"Polygon","coordinates":[[[-63.34461503444129,-7.283680248495321],[-63.335537708851625,-7.283687069159491],[-63.335544452851629,-7.292750856061599],[-63.344621960878541,-7.292744026821154],[-63.34461503444129,-7.283680248495321]]]}},
{"type":"Feature","properties":{"DESCRIPTION":"MDT_1453146.tif","FILENAME":"U:\\P589_AmazoniaRevelada_BR-319\\LiDAR_dataset\\ENTREGAS\\ENTREGA_01\\2_MDT\\GEOTIFF\\MDT_1453146.tif","SHRT_FNAME":"MDT_1453146.tif","UPPER_LEFT_X":"462960.238","UPPER_LEFT_Y":"9194876.572","LOWER_RIGHT_X":"463962.238","LOWER_RIGHT_Y":"9193874.572"},"geometry":{"type":"Polygon","coordinates":[[[-63.335554964834408,-7.283687056366131],[-63.326477630648519,-7.283693695327091],[-63.326484192557267,-7.292757490560915],[-63.335561709181228,-7.292750843252154],[-63.335554964834408,-7.283687056366131]]]}},
{"type":"Feature","properties":{"DESCRIPTION":"MDT_1453147.tif","FILENAME":"U:\\P589_AmazoniaRevelada_BR-319\\LiDAR_dataset\\ENTREGAS\\ENTREGA_01\\2_MDT\\GEOTIFF\\MDT_1453147.tif","SHRT_FNAME":"MDT_1453147.tif","UPPER_LEFT_X":"463960.333","UPPER_LEFT_Y":"9194876.572","LOWER_RIGHT_X":"464962.333","LOWER_RIGHT_Y":"9193874.572"},"geometry":{"type":"Polygon","coordinates":[[[-63.326494886647424,-7.283693682879154],[-63.31741754409741,-7.283700140136078],[-63.31742392391407,-7.292763943473576],[-63.326501448902988,-7.292757478097322],[-63.326494886647424,-7.283693682879154]]]}},
{"type":"Feature","properties":{"DESCRIPTION":"MDT_1466102.tif","FILENAME":"U:\\P589_AmazoniaRevelada_BR-319\\LiDAR_dataset\\ENTREGAS\\ENTREGA_01\\2_MDT\\GEOTIFF\\MDT_1466102.tif","SHRT_FNAME":"MDT_1466102.tif","UPPER_LEFT_X":"418956.049","UPPER_LEFT_Y":"9181878.194","LOWER_RIGHT_X":"419958.049","LOWER_RIGHT_Y":"9180876.194"},"geometry":{"type":"Polygon","coordinates":[[[-63.734379498581887,-7.40078735354847],[-63.725300378176634,-7.400802225086542],[-63.725315192581562,-7.409865390266988],[-63.734394498389278,-7.409850500320466],[-63.734379498581887,-7.40078735354847]]]}},
{"type":"Feature","properties":{"DESCRIPTION":"MDT_1466103.tif","FILENAME":"U:\\P589_AmazoniaRevelada_BR-319\\LiDAR_dataset\\ENTREGAS\\ENTREGA_01\\2_MDT\\GEOTIFF\\MDT_1466103.tif","SHRT_FNAME":"MDT_1466103.tif","UPPER_LEFT_X":"419956.144","UPPER_LEFT_Y":"9181878.194","LOWER_RIGHT_X":"420958.144","LOWER_RIGHT_Y":"9180876.194"},"geometry":{"type":"Polygon","coordinates":[[[-63.725317637580872,-7.400802196991257],[-63.716238498576786,-7.400816883919405],[-63.716253127929818,-7.409880067245004],[-63.725332452338243,-7.409865362136923],[-63.725317637580872,-7.400802196991257]]]}},
{"type":"Feature","properties":{"DESCRIPTION":"MDT_1466104.tif","FILENAME":"U:\\P589_AmazoniaRevelada_BR-319\\LiDAR_dataset\\ENTREGAS\\ENTREGA_01\\2_MDT\\GEOTIFF\\MDT_1466104.tif","SHRT_FNAME":"MDT_1466104.tif","UPPER_LEFT_X":"420956.239","UPPER_LEFT_Y":"9181878.194","LOWER_RIGHT_X":"421958.239","LOWER_RIGHT_Y":"9180876.194"},"geometry":{"type":"Polygon","coordinates":[[[-63.71625575801616,-7.400816856175063],[-63.70717660064556,-7.400831358491456],[-63.707191044944857,-7.409894559734128],[-63.716270387721643,-7.409880039466318],[-63.71625575801616,-7.400816856175063]]]}},
{"type":"Feature","properties":{"DESCRIPTION":"MDT_1466105.tif","FILENAME":"U:\\P589_AmazoniaRevelada_BR-319\\LiDAR_dataset\\ENTREGAS\\ENTREGA_01\\2_MDT\\GEOTIFF\\MDT_1466105.tif","SHRT_FNAME":"MDT_1466105.tif","UPPER_LEFT_X":"421956.334","UPPER_LEFT_Y":"9181878.194","LOWER_RIGHT_X":"422958.334","LOWER_RIGHT_Y":"9180876.194"},"geometry":{"type":"Polygon","coordinates":[[[-63.707193860119617,-7.400831331098062],[-63.698114684614836,-7.400845648800899],[-63.698128943858592,-7.409908867732561],[-63.707208304771385,-7.409894532306824],[-63.707193860119617,-7.400831331098062]]]}},
{"type":"Feature","properties":{"DESCRIPTION":"MDT_1466106.tif","FILENAME":"U:\\P589_AmazoniaRevelada_BR-319\\LiDAR_dataset\\ENTREGAS\\ENTREGA_01\\2_MDT\\GEOTIFF\\MDT_1466106.tif","SHRT_FNAME":"MDT_1466106.tif","UPPER_LEFT_X":"422956.430","UPPER_LEFT_Y":"9181878.194","LOWER_RIGHT_X":"423958.430","LOWER_RIGHT_Y":"9180876.194"},"geometry":{"type":"Polygon","coordinates":[[[-63.698131944123141,-7.400845621758455],[-63.689052750716485,-7.400859754845954],[-63.689066824902916,-7.40992299123852],[-63.698146203719368,-7.409908840656642],[-63.698131944123141,-7.400845621758455]]]}},
{"type":"Feature","properties":{"DESCRIPTION":"MDT_1466107.tif","FILENAME":"U:\\P589_AmazoniaRevelada_BR-319\\LiDAR_dataset\\ENTREGAS\\ENTREGA_01\\2_MDT\\GEOTIFF\\MDT_1466107.tif","SHRT_FNAME":"MDT_1466107.tif","UPPER_LEFT_X":"423956.525","UPPER_LEFT_Y":"9181878.194","LOWER_RIGHT_X":"424958.525","LOWER_RIGHT_Y":"9180876.194"},"geometry":{"type":"Polygon","coordinates":[[[-63.689070010258604,-7.400859728154467],[-63.679990799182406,-7.400873676624871],[-63.680004688309744,-7.409936930250246],[-63.689084084797507,-7.409922964513989],[-63.689070010258604,-7.400859728154467]]]}},
{"type":"Feature","properties":{"DESCRIPTION":"MDT_1466108.tif","FILENAME":"U:\\P589_AmazoniaRevelada_BR-319\\LiDAR_dataset\\ENTREGAS\\ENTREGA_01\\2_MDT\\GEOTIFF\\MDT_1466108.tif","SHRT_FNAME":"MDT_1466108.tif","UPPER_LEFT_X":"424956.620","UPPER_LEFT_Y":"9181878.194","LOWER_RIGHT_X":"425958.620","LOWER_RIGHT_Y":"9180876.194"},"geometry":{"type":"Polygon","coordinates":[[[-63.680008058757913,-7.400873650284341],[-63.670928830244499,-7.400887414135916],[-63.670942534310981,-7.40995068476601],[-63.680021948237702,-7.409936903877112],[-63.680008058757913,-7.400873650284341]]]}},
{"type":"Feature","properties":{"DESCRIPTION":"MDT_1466109.tif","FILENAME":"U:\\P589_AmazoniaRevelada_BR-319\\LiDAR_dataset\\ENTREGAS\\ENTREGA_01\\2_MDT\\GEOTIFF\\MDT_1466109.tif","SHRT_FNAME":"MDT_1466109.tif","UPPER_LEFT_X":"425956.715","UPPER_LEFT_Y":"9181878.194","LOWER_RIGHT_X":"426958.715","LOWER_RIGHT_Y":"9180876.194"},"geometry":{"type":"Polygon","coordinates":[[[-63.670946089852919,-7.400887388146347],[-63.661866844134629,-7.400900967377378],[-63.661880363138543,-7.409964254784102],[-63.67095979427188,-7.409950658744272],[-63.670946089852919,-7.400887388146347]]]}},
{"type":"Feature","properties":{"DESCRIPTION":"MDT_1466110.tif","FILENAME":"U:\\P589_AmazoniaRevelada_BR-319\\LiDAR_dataset\\ENTREGAS\\ENTREGA_01\\2_MDT\\GEOTIFF\\MDT_1466110.tif","SHRT_FNAME":"MDT_1466110.tif","UPPER_LEFT_X":"426956.810","UPPER_LEFT_Y":"9181878.194","LOWER_RIGHT_X":"427958.810","LOWER_RIGHT_Y":"9180876.194"},"geometry":{"type":"Polygon","coordinates":[[[-63.661884103775535,-7.400900941738774],[-63.652804841084702,-7.400914336347573],[-63.652818175024343,-7.409977640302831],[-63.661897623131921,-7.409964229113762],[-63.661884103775535,-7.400900941738774]]]}},
{"type":"Feature","properties":{"DESCRIPTION":"MDT_1466111.tif","FILENAME":"U:\\P589_AmazoniaRevelada_BR-319\\LiDAR_dataset\\ENTREGAS\\ENTREGA_01\\2_MDT\\GEOTIFF\\MDT_1466111.tif","SHRT_FNAME":"MDT_1466111.tif","UPPER_LEFT_X":"427956.906","UPPER_LEFT_Y":"9181878.194","LOWER_RIGHT_X":"428958.906","LOWER_RIGHT_Y":"9180876.194"},"geometry":{"type":"Polygon","coordinates":[[[-63.652822100757653,-7.400914311059942],[-63.643742821326605,-7.400927521044842],[-63.643755970200303,-7.409990841320532],[-63.652835435049781,-7.409977614983892],[-63.652822100757653,-7.400914311059942]]]}},
{"type":"Feature","properties":{"DESCRIPTION":"MDT_1466112.tif","FILENAME":"U:\\P589_AmazoniaRevelada_BR-319\\LiDAR_dataset\\ENTREGAS\\ENTREGA_01\\2_MDT\\GEOTIFF\\MDT_1466112.tif","SHRT_FNAME":"MDT_1466112.tif","UPPER_LEFT_X":"428957.001","UPPER_LEFT_Y":"9181878.194","LOWER_RIGHT_X":"429959.001","LOWER_RIGHT_Y":"9180876.194"},"geometry":{"type":"Polygon","coordinates":[[[-63.643760081031147,-7.400927496108181],[-63.634680785092229,-7.400940521467541],[-63.634693748898336,-7.410003857835564],[-63.643773230257345,-7.409990816352999],[-63.643760081031147,-7.400927496108181]]]}},
{"type":"Feature","properties":{"DESCRIPTION":"MDT_1466113.tif","FILENAME":"U:\\P589_AmazoniaRevelada_BR-319\\LiDAR_dataset\\ENTREGAS\\ENTREGA_01\\2_MDT\\GEOTIFF\\MDT_1466113.tif","SHRT_FNAME":"MDT_1466113.tif","UPPER_LEFT_X":"429957.096","UPPER_LEFT_Y":"9181878.194","LOWER_RIGHT_X":"430959.096","LOWER_RIGHT_Y":"9180876.194"},"geometry":{"type":"Polygon","coordinates":[[[-63.63469804482795,-7.40094049688185],[-63.625618732613482,-7.400953337614055],[-63.62563151135037,-7.410016689846308],[-63.634711008986528,-7.41000383321944],[-63.63469804482795,-7.40094049688185]]]}},
{"type":"Feature","properties":{"DESCRIPTION":"MDT_1466114.tif","FILENAME":"U:\\P589_AmazoniaRevelada_BR-319\\LiDAR_dataset\\ENTREGAS\\ENTREGA_01\\2_MDT\\GEOTIFF\\MDT_1466114.tif","SHRT_FNAME":"MDT_1466114.tif","UPPER_LEFT_X":"430957.191","UPPER_LEFT_Y":"9181878.194","LOWER_RIGHT_X":"431959.191","LOWER_RIGHT_Y":"9180876.194"},"geometry":{"type":"Polygon","coordinates":[[[-63.62563599237992,-7.400953313379342],[-63.616556664122264,-7.400965969482789],[-63.616569257788314,-7.410029337351169],[-63.625648771469294,-7.410016665581597],[-63.62563599237992,-7.400953313379342]]]}},
{"type":"Feature","properties":{"DESCRIPTION":"MDT_1466115.tif","FILENAME":"U:\\P589_AmazoniaRevelada_BR-319\\LiDAR_dataset\\ENTREGAS\\ENTREGA_01\\2_MDT\\GEOTIFF\\MDT_1466115.tif","SHRT_FNAME":"MDT_1466115.tif","UPPER_LEFT_X":"431957.286","UPPER_LEFT_Y":"9181878.194","LOWER_RIGHT_X":"432959.286","LOWER_RIGHT_Y":"9180876.194"},"geometry":{"type":"Polygon","coordinates":[[[-63.61657392391897,-7.400965945599055],[-63.607494579850474,-7.400978417072167],[-63.607506988444122,-7.410041800348572],[-63.616586517937513,-7.410029313437873],[-63.61657392391897,-7.400965945599055]]]}},
{"type":"Feature","properties":{"DESCRIPTION":"MDT_1466116.tif","FILENAME":"U:\\P589_AmazoniaRevelada_BR-319\\LiDAR_dataset\\ENTREGAS\\ENTREGA_01\\2_MDT\\GEOTIFF\\MDT_1466116.tif","SHRT_FNAME":"MDT_1466116.tif","UPPER_LEFT_X":"432957.382","UPPER_LEFT_Y":"9181878.194","LOWER_RIGHT_X":"433959.382","LOWER_RIGHT_Y":"9180876.194"},"geometry":{"type":"Polygon","coordinates":[[[-63.607511839677016,-7.400978393539418],[-63.59843248003002,-7.400990680380652],[-63.598444703549696,-7.410054078836966],[-63.607524248623164,-7.410041776786692],[-63.607511839677016,-7.400978393539418]]]}},
{"type":"Feature","properties":{"DESCRIPTION":"MDT_1466117.tif","FILENAME":"U:\\P589_AmazoniaRevelada_BR-319\\LiDAR_dataset\\ENTREGAS\\ENTREGA_01\\2_MDT\\GEOTIFF\\MDT_1466117.tif","SHRT_FNAME":"MDT_1466117.tif","UPPER_LEFT_X":"433957.477","UPPER_LEFT_Y":"9181878.194","LOWER_RIGHT_X":"434959.477","LOWER_RIGHT_Y":"9180876.194"},"geometry":{"type":"Polygon","coordinates":[[[-63.598449739885957,-7.400990657198888],[-63.589370364892801,-7.401002759406709],[-63.589382403336963,-7.41006617281483],[-63.598461963758126,-7.41005405562651],[-63.598449739885957,-7.400990657198888]]]}},
{"type":"Feature","properties":{"DESCRIPTION":"MDT_1466118.tif","FILENAME":"U:\\P589_AmazoniaRevelada_BR-319\\LiDAR_dataset\\ENTREGAS\\ENTREGA_01\\2_MDT\\GEOTIFF\\MDT_1466118.tif","SHRT_FNAME":"MDT_1466118.tif","UPPER_LEFT_X":"434957.572","UPPER_LEFT_Y":"9181878.194","LOWER_RIGHT_X":"435959.572","LOWER_RIGHT_Y":"9180876.194"},"geometry":{"type":"Polygon","coordinates":[[[-63.589387624777686,-7.401002736575935],[-63.580308234670724,-7.401014654148839],[-63.580320088037872,-7.410078082280652],[-63.589399663574355,-7.410066149955796],[-63.589387624777686,-7.401002736575935]]]}},
{"type":"Feature","properties":{"DESCRIPTION":"MDT_1466119.tif","FILENAME":"U:\\P589_AmazoniaRevelada_BR-319\\LiDAR_dataset\\ENTREGAS\\ENTREGA_01\\2_MDT\\GEOTIFF\\MDT_1466119.tif","SHRT_FNAME":"MDT_1466119.tif","UPPER_LEFT_X":"435957.667","UPPER_LEFT_Y":"9181878.194","LOWER_RIGHT_X":"436959.667","LOWER_RIGHT_Y":"9180876.194"},"geometry":{"type":"Polygon","coordinates":[[[-63.58032549458413,-7.401014631669057],[-63.571246089595725,-7.401026364605563],[-63.571257757884361,-7.410089807232954],[-63.580337348303779,-7.410078059773044],[-63.58032549458413,-7.401014631669057]]]}},
{"type":"Feature","properties":{"DESCRIPTION":"MDT_1466120.tif","FILENAME":"U:\\P589_AmazoniaRevelada_BR-319\\LiDAR_dataset\\ENTREGAS\\ENTREGA_01\\2_MDT\\GEOTIFF\\MDT_1466120.tif","SHRT_FNAME":"MDT_1466120.tif","UPPER_LEFT_X":"436957.762","UPPER_LEFT_Y":"9181878.194","LOWER_RIGHT_X":"437959.762","LOWER_RIGHT_Y":"9180876.194"},"geometry":{"type":"Polygon","coordinates":[[[-63.57126334953719,-7.401026342476777],[-63.562183929899682,-7.401037890775424],[-63.562195413108348,-7.410101347670278],[-63.571275018178341,-7.410089785076774],[-63.57126334953719,-7.401026342476777]]]}},
{"type":"Feature","properties":{"DESCRIPTION":"MDT_1466121.tif","FILENAME":"U:\\P589_AmazoniaRevelada_BR-319\\LiDAR_dataset\\ENTREGAS\\ENTREGA_01\\2_MDT\\GEOTIFF\\MDT_1466121.tif","SHRT_FNAME":"MDT_1466121.tif","UPPER_LEFT_X":"437957.858","UPPER_LEFT_Y":"9181878.194","LOWER_RIGHT_X":"438959.858","LOWER_RIGHT_Y":"9180876.194"},"geometry":{"type":"Polygon","coordinates":[[[-63.562201189868773,-7.401037868997635],[-63.553121755814523,-7.401049232656987],[-63.553133053941778,-7.410112703591189],[-63.562212673429947,-7.41010132586553],[-63.562201189868773,-7.401037868997635]]]}},
{"type":"Feature","properties":{"DESCRIPTION":"MDT_1466122.tif","FILENAME":"U:\\P589_AmazoniaRevelada_BR-319\\LiDAR_dataset\\ENTREGAS\\ENTREGA_01\\2_MDT\\GEOTIFF\\MDT_1466122.tif","SHRT_FNAME":"MDT_1466122.tif","UPPER_LEFT_X":"438957.953","UPPER_LEFT_Y":"9181878.194","LOWER_RIGHT_X":"439959.953","LOWER_RIGHT_Y":"9180876.194"},"geometry":{"type":"Polygon","coordinates":[[[-63.5531390158108,-7.401049211230198],[-63.54405956757217,-7.401060390248845],[-63.544070680616585,-7.41012387499427],[-63.553150314290562,-7.410112682137878],[-63.5531390158108,-7.401049211230198]]]}},
{"type":"Feature","properties":{"DESCRIPTION":"MDT_1466123.tif","FILENAME":"U:\\P589_AmazoniaRevelada_BR-319\\LiDAR_dataset\\ENTREGAS\\ENTREGA_01\\2_MDT\\GEOTIFF\\MDT_1466123.tif","SHRT_FNAME":"MDT_1466123.tif","UPPER_LEFT_X":"439958.048","UPPER_LEFT_Y":"9181878.194","LOWER_RIGHT_X":"440960.048","LOWER_RIGHT_Y":"9180876.194"},"geometry":{"type":"Polygon","coordinates":[[[-63.544076827595191,-7.401060369173059],[-63.534997365404529,-7.401071363549608],[-63.535008293364704,-7.410134861878137],[-63.544087940992121,-7.410123853892395],[-63.544076827595191,-7.401060369173059]]]}},
{"type":"Feature","properties":{"DESCRIPTION":"MDT_1466124.tif","FILENAME":"U:\\P589_AmazoniaRevelada_BR-319\\LiDAR_dataset\\ENTREGAS\\ENTREGA_01\\2_MDT\\GEOTIFF\\MDT_1466124.tif","SHRT_FNAME":"MDT_1466124.tif","UPPER_LEFT_X":"440958.143","UPPER_LEFT_Y":"9181878.194","LOWER_RIGHT_X":"441960.143","LOWER_RIGHT_Y":"9180876.194"},"geometry":{"type":"Polygon","coordinates":[[[-63.535014625453861,-7.401071342824825],[-63.525935149543535,-7.401082152557908],[-63.525945892418115,-7.410145664241426],[-63.535025553766559,-7.410134841127705],[-63.535014625453861,-7.401071342824825]]]}},
{"type":"Feature","properties":{"DESCRIPTION":"MDT_1466125.tif","FILENAME":"U:\\P589_AmazoniaRevelada_BR-319\\LiDAR_dataset\\ENTREGAS\\ENTREGA_01\\2_MDT\\GEOTIFF\\MDT_1466125.tif","SHRT_FNAME":"MDT_1466125.tif","UPPER_LEFT_X":"441958.238","UPPER_LEFT_Y":"9181878.194","LOWER_RIGHT_X":"442960.238","LOWER_RIGHT_Y":"9180876.194"},"geometry":{"type":"Polygon","coordinates":[[[-63.525952409618732,-7.401082132184137],[-63.516872920221097,-7.401092757272408],[-63.516883478008715,-7.410156282082783],[-63.525963152845812,-7.410145643842432],[-63.525952409618732,-7.401082132184137]]]}},
{"type":"Feature","properties":{"DESCRIPTION":"MDT_1466126.tif","FILENAME":"U:\\P589_AmazoniaRevelada_BR-319\\LiDAR_dataset\\ENTREGAS\\ENTREGA_01\\2_MDT\\GEOTIFF\\MDT_1466126.tif","SHRT_FNAME":"MDT_1466126.tif","UPPER_LEFT_X":"442958.334","UPPER_LEFT_Y":"9181878.194","LOWER_RIGHT_X":"443960.334","LOWER_RIGHT_Y":"9180876.194"},"geometry":{"type":"Polygon","coordinates":[[[-63.51689018032171,-7.401092737249646],[-63.507810677669156,-7.401103177691787],[-63.507821050368477,-7.410166715400893],[-63.51690073846185,-7.410156262035236],[-63.51689018032171,-7.401092737249646]]]}},
{"type":"Feature","properties":{"DESCRIPTION":"MDT_1466127.tif","FILENAME":"U:\\P589_AmazoniaRevelada_BR-319\\LiDAR_dataset\\ENTREGAS\\ENTREGA_01\\2_MDT\\GEOTIFF\\MDT_1466127.tif","SHRT_FNAME":"MDT_1466127.tif","UPPER_LEFT_X":"443958.429","UPPER_LEFT_Y":"9181878.194","LOWER_RIGHT_X":"444960.429","LOWER_RIGHT_Y":"9180876.194"},"geometry":{"type":"Polygon","coordinates":[[[-63.507827937794744,-7.401103158020037],[-63.498748422119611,-7.401113413814747],[-63.49875860972935,-7.410176964194461],[-63.50783831084658,-7.410166695704795],[-63.507827937794744,-7.401103158020037]]]}},
{"type":"Feature","properties":{"DESCRIPTION":"MDT_1466128.tif","FILENAME":"U:\\P589_AmazoniaRevelada_BR-319\\LiDAR_dataset\\ENTREGAS\\ENTREGA_01\\2_MDT\\GEOTIFF\\MDT_1466128.tif","SHRT_FNAME":"MDT_1466128.tif","UPPER_LEFT_X":"444958.524","UPPER_LEFT_Y":"9181878.194","LOWER_RIGHT_X":"445960.524","LOWER_RIGHT_Y":"9180876.194"},"geometry":{"type":"Polygon","coordinates":[[[-63.498765682269728,-7.401113394494012],[-63.489686153804413,-7.401123465640016],[-63.489696156323269,-7.410187028462208],[-63.498775870231995,-7.410176944849811],[-63.498765682269728,-7.401113394494012]]]}},
{"type":"Feature","properties":{"DESCRIPTION":"MDT_1466129.tif","FILENAME":"U:\\P589_AmazoniaRevelada_BR-319\\LiDAR_dataset\\ENTREGAS\\ENTREGA_01\\2_MDT\\GEOTIFF\\MDT_1466129.tif","SHRT_FNAME":"MDT_1466129.tif","UPPER_LEFT_X":"445958.619","UPPER_LEFT_Y":"9181878.194","LOWER_RIGHT_X":"446960.619","LOWER_RIGHT_Y":"9180876.194"},"geometry":{"type":"Polygon","coordinates":[[[-63.489703413978624,-7.401123446670301],[-63.480623872955462,-7.401133333166345],[-63.480633690382206,-7.41019690820288],[-63.489713416850016,-7.410187009469007],[-63.489703413978624,-7.401123446670301]]]}},
{"type":"Feature","properties":{"DESCRIPTION":"MDT_1466130.tif","FILENAME":"U:\\P589_AmazoniaRevelada_BR-319\\LiDAR_dataset\\ENTREGAS\\ENTREGA_01\\2_MDT\\GEOTIFF\\MDT_1466130.tif","SHRT_FNAME":"MDT_1466130.tif","UPPER_LEFT_X":"446958.714","UPPER_LEFT_Y":"9181878.194","LOWER_RIGHT_X":"447960.714","LOWER_RIGHT_Y":"9180876.194"},"geometry":{"type":"Polygon","coordinates":[[[-63.48064113315332,-7.40113331454765],[-63.471561579804721,-7.401143016392506],[-63.471571212138109,-7.410206603415258],[-63.480650950932606,-7.41019688956114],[-63.48064113315332,-7.40113331454765]]]}},
{"type":"Feature","properties":{"DESCRIPTION":"MDT_1466131.tif","FILENAME":"U:\\P589_AmazoniaRevelada_BR-319\\LiDAR_dataset\\ENTREGAS\\ENTREGA_01\\2_MDT\\GEOTIFF\\MDT_1466131.tif","SHRT_FNAME":"MDT_1466131.tif","UPPER_LEFT_X":"447958.810","UPPER_LEFT_Y":"9181878.194","LOWER_RIGHT_X":"448960.810","LOWER_RIGHT_Y":"9180876.194"},"geometry":{"type":"Polygon","coordinates":[[[-63.471578840025792,-7.401142998124834],[-63.462499274584097,-7.401152515317295],[-63.462508721822921,-7.410216114098125],[-63.471588472711709,-7.41020658512497],[-63.471578840025792,-7.401142998124834]]]}},
{"type":"Feature","properties":{"DESCRIPTION":"MDT_1466132.tif","FILENAME":"U:\\P589_AmazoniaRevelada_BR-319\\LiDAR_dataset\\ENTREGAS\\ENTREGA_01\\2_MDT\\GEOTIFF\\MDT_1466132.tif","SHRT_FNAME":"MDT_1466132.tif","UPPER_LEFT_X":"448958.905","UPPER_LEFT_Y":"9181878.194","LOWER_RIGHT_X":"449960.905","LOWER_RIGHT_Y":"9180876.194"},"geometry":{"type":"Polygon","coordinates":[[[-63.462516534827934,-7.401152497400648],[-63.45343695752554,-7.401161829939529],[-63.453446219668592,-7.410225440250304],[-63.462525982419294,-7.410216096159298],[-63.462516534827934,-7.401152497400648]]]}},
{"type":"Feature","properties":{"DESCRIPTION":"MDT_1466133.tif","FILENAME":"U:\\P589_AmazoniaRevelada_BR-319\\LiDAR_dataset\\ENTREGAS\\ENTREGA_01\\2_MDT\\GEOTIFF\\MDT_1466133.tif","SHRT_FNAME":"MDT_1466133.tif","UPPER_LEFT_X":"449959.000","UPPER_LEFT_Y":"9181878.194","LOWER_RIGHT_X":"450961.000","LOWER_RIGHT_Y":"9180876.194"},"geometry":{"type":"Polygon","coordinates":[[[-63.453454217791702,-7.401161812373907],[-63.44437462886097,-7.40117096025805],[-63.444383705907114,-7.410234581870633],[-63.453463480287304,-7.410225422662941],[-63.453454217791702,-7.401161812373907]]]}},
{"type":"Feature","properties":{"DESCRIPTION":"MDT_1466134.tif","FILENAME":"U:\\P589_AmazoniaRevelada_BR-319\\LiDAR_dataset\\ENTREGAS\\ENTREGA_01\\2_MDT\\GEOTIFF\\MDT_1466134.tif","SHRT_FNAME":"MDT_1466134.tif","UPPER_LEFT_X":"450959.095","UPPER_LEFT_Y":"9181878.194","LOWER_RIGHT_X":"451961.095","LOWER_RIGHT_Y":"9180876.194"},"geometry":{"type":"Polygon","coordinates":[[[-63.444391889149017,-7.401170943043459],[-63.435312288822324,-7.401179906271723],[-63.435321180770423,-7.410243538957975],[-63.444400966547711,-7.410234564634735],[-63.444391889149017,-7.401170943043459]]]}},
{"type":"Feature","properties":{"DESCRIPTION":"MDT_1466135.tif","FILENAME":"U:\\P589_AmazoniaRevelada_BR-319\\LiDAR_dataset\\ENTREGAS\\ENTREGA_01\\2_MDT\\GEOTIFF\\MDT_1466135.tif","SHRT_FNAME":"MDT_1466135.tif","UPPER_LEFT_X":"451959.190","UPPER_LEFT_Y":"9181878.194","LOWER_RIGHT_X":"452961.190","LOWER_RIGHT_Y":"9180876.194"},"geometry":{"type":"Polygon","coordinates":[[[-63.435329549131822,-7.401179889408164],[-63.426249937641565,-7.401188667979435],[-63.426258644490474,-7.410252311511218],[-63.435338441432449,-7.41024352207354],[-63.435329549131822,-7.401179889408164]]]}},
{"type":"Feature","properties":{"DESCRIPTION":"MDT_1466136.tif","FILENAME":"U:\\P589_AmazoniaRevelada_BR-319\\LiDAR_dataset\\ENTREGAS\\ENTREGA_01\\2_MDT\\GEOTIFF\\MDT_1466136.tif","SHRT_FNAME":"MDT_1466136.tif","UPPER_LEFT_X":"452959.286","UPPER_LEFT_Y":"9181878.194","LOWER_RIGHT_X":"453961.286","LOWER_RIGHT_Y":"9180876.194"},"geometry":{"type":"Polygon","coordinates":[[[-63.426267197972059,-7.401188651466907],[-63.417187575550599,-7.401197245380096],[-63.417196097299239,-7.410260899529266],[-63.426275905173512,-7.410252294978251],[-63.426267197972059,-7.401188651466907]]]}},
{"type":"Feature","properties":{"DESCRIPTION":"MDT_1466137.tif","FILENAME":"U:\\P589_AmazoniaRevelada_BR-319\\LiDAR_dataset\\ENTREGAS\\ENTREGA_01\\2_MDT\\GEOTIFF\\MDT_1466137.tif","SHRT_FNAME":"MDT_1466137.tif","UPPER_LEFT_X":"453959.381","UPPER_LEFT_Y":"9181878.194","LOWER_RIGHT_X":"454961.381","LOWER_RIGHT_Y":"9180876.194"},"geometry":{"type":"Polygon","coordinates":[[[-63.41720483590165,-7.401197229218607],[-63.408125202781378,-7.401205638472637],[-63.408133539428682,-7.410269303011057],[-63.41721335800284,-7.410260883347771],[-63.41720483590165,-7.401197229218607]]]}},
{"type":"Feature","properties":{"DESCRIPTION":"MDT_1466138.tif","FILENAME":"U:\\P589_AmazoniaRevelada_BR-319\\LiDAR_dataset\\ENTREGAS\\ENTREGA_01\\2_MDT\\GEOTIFF\\MDT_1466138.tif","SHRT_FNAME":"MDT_1466138.tif","UPPER_LEFT_X":"454959.476","UPPER_LEFT_Y":"9181878.194","LOWER_RIGHT_X":"455961.476","LOWER_RIGHT_Y":"9180876.194"},"geometry":{"type":"Polygon","coordinates":[[[-63.408142463152558,-7.401205622662184],[-63.39906281956587,-7.401213847256018],[-63.399070971110774,-7.410277521955541],[-63.408150800152406,-7.410269287181033],[-63.408142463152558,-7.401205622662184]]]}},
{"type":"Feature","properties":{"DESCRIPTION":"MDT_1466139.tif","FILENAME":"U:\\P589_AmazoniaRevelada_BR-319\\LiDAR_dataset\\ENTREGAS\\ENTREGA_01\\2_MDT\\GEOTIFF\\MDT_1466139.tif","SHRT_FNAME":"MDT_1466139.tif","UPPER_LEFT_X":"455959.571","UPPER_LEFT_Y":"9181878.194","LOWER_RIGHT_X":"456961.571","LOWER_RIGHT_Y":"9180876.194"},"geometry":{"type":"Polygon","coordinates":[[[-63.399080079956718,-7.401213831796604],[-63.39000042613597,-7.401221871729212],[-63.390008392577464,-7.410285556361695],[-63.399088231854172,-7.41027750647699],[-63.399080079956718,-7.401213831796604]]]}},
{"type":"Feature","properties":{"DESCRIPTION":"MDT_1466140.tif","FILENAME":"U:\\P589_AmazoniaRevelada_BR-319\\LiDAR_dataset\\ENTREGAS\\ENTREGA_01\\2_MDT\\GEOTIFF\\MDT_1466140.tif","SHRT_FNAME":"MDT_1466140.tif","UPPER_LEFT_X":"456959.666","UPPER_LEFT_Y":"9181878.194","LOWER_RIGHT_X":"457961.666","LOWER_RIGHT_Y":"9180876.194"},"geometry":{"type":"Polygon","coordinates":[[[-63.390017686546052,-7.401221856620843],[-63.380938022723669,-7.401229711891233],[-63.380945804060744,-7.410293406228524],[-63.390025653340103,-7.410285541234624],[-63.390017686546052,-7.401221856620843]]]}},
{"type":"Feature","properties":{"DESCRIPTION":"MDT_1466141.tif","FILENAME":"U:\\P589_AmazoniaRevelada_BR-319\\LiDAR_dataset\\ENTREGAS\\ENTREGA_01\\2_MDT\\GEOTIFF\\MDT_1466141.tif","SHRT_FNAME":"MDT_1466141.tif","UPPER_LEFT_X":"457959.762","UPPER_LEFT_Y":"9181878.194","LOWER_RIGHT_X":"458961.762","LOWER_RIGHT_Y":"9180876.194"},"geometry":{"type":"Polygon","coordinates":[[[-63.380955283152545,-7.401229697133902],[-63.371875609560888,-7.40123736774109],[-63.371883205792564,-7.410301071555049],[-63.380963064842177,-7.410293391452929],[-63.380955283152545,-7.401229697133902]]]}},
{"type":"Feature","properties":{"DESCRIPTION":"MDT_1466142.tif","FILENAME":"U:\\P589_AmazoniaRevelada_BR-319\\LiDAR_dataset\\ENTREGAS\\ENTREGA_01\\2_MDT\\GEOTIFF\\MDT_1466142.tif","SHRT_FNAME":"MDT_1466142.tif","UPPER_LEFT_X":"458959.857","UPPER_LEFT_Y":"9181878.194","LOWER_RIGHT_X":"459961.857","LOWER_RIGHT_Y":"9180876.194"},"geometry":{"type":"Polygon","coordinates":[[[-63.371892870008104,-7.401237353334806],[-63.362813186879563,-7.40124483927784],[-63.362820598004895,-7.410308552340315],[-63.371900466592344,-7.410301057130934],[-63.371892870008104,-7.401237353334806]]]}},
{"type":"Feature","properties":{"DESCRIPTION":"MDT_1466143.tif","FILENAME":"U:\\P589_AmazoniaRevelada_BR-319\\LiDAR_dataset\\ENTREGAS\\ENTREGA_01\\2_MDT\\GEOTIFF\\MDT_1466143.tif","SHRT_FNAME":"MDT_1466143.tif","UPPER_LEFT_X":"459959.952","UPPER_LEFT_Y":"9181878.194","LOWER_RIGHT_X":"460961.952","LOWER_RIGHT_Y":"9180876.194"},"geometry":{"type":"Polygon","coordinates":[[[-63.362830447344706,-7.401244825222604],[-63.353750754911673,-7.40125212650055],[-63.353757980929728,-7.410315848583395],[-63.362837858822601,-7.410308538267682],[-63.362830447344706,-7.401244825222604]]]}},
{"type":"Feature","properties":{"DESCRIPTION":"MDT_1466144.tif","FILENAME":"U:\\P589_AmazoniaRevelada_BR-319\\LiDAR_dataset\\ENTREGAS\\ENTREGA_01\\2_MDT\\GEOTIFF\\MDT_1466144.tif","SHRT_FNAME":"MDT_1466144.tif","UPPER_LEFT_X":"460960.047","UPPER_LEFT_Y":"9181878.194","LOWER_RIGHT_X":"461962.047","LOWER_RIGHT_Y":"9180876.194"},"geometry":{"type":"Polygon","coordinates":[[[-63.353768015394273,-7.401252112796366],[-63.344688313889151,-7.40125922940832],[-63.344695354799022,-7.410322960283375],[-63.353775241764893,-7.410315834862244],[-63.353768015394273,-7.401252112796366]]]}},
{"type":"Feature","properties":{"DESCRIPTION":"MDT_1466145.tif","FILENAME":"U:\\P589_AmazoniaRevelada_BR-319\\LiDAR_dataset\\ENTREGAS\\ENTREGA_01\\2_MDT\\GEOTIFF\\MDT_1466145.tif","SHRT_FNAME":"MDT_1466145.tif","UPPER_LEFT_X":"461960.142","UPPER_LEFT_Y":"9181878.194","LOWER_RIGHT_X":"462962.142","LOWER_RIGHT_Y":"9180876.194"},"geometry":{"type":"Polygon","coordinates":[[[-63.344705574388783,-7.401259216055183],[-63.335625864043955,-7.40126614800026],[-63.335632719844746,-7.410329887439381],[-63.344712615651211,-7.410322946913712],[-63.344705574388783,-7.401259216055183]]]}},
{"type":"Feature","properties":{"DESCRIPTION":"MDT_1466146.tif","FILENAME":"U:\\P589_AmazoniaRevelada_BR-319\\LiDAR_dataset\\ENTREGAS\\ENTREGA_01\\2_MDT\\GEOTIFF\\MDT_1466146.tif","SHRT_FNAME":"MDT_1466146.tif","UPPER_LEFT_X":"462960.238","UPPER_LEFT_Y":"9181878.194","LOWER_RIGHT_X":"463962.238","LOWER_RIGHT_Y":"9180876.194"},"geometry":{"type":"Polygon","coordinates":[[[-63.335643124560164,-7.401266134998175],[-63.326563405608027,-7.401272882275512],[-63.326570076298893,-7.410336630050543],[-63.335649980713526,-7.4103298744212],[-63.335643124560164,-7.401266134998175]]]}},
{"type":"Feature","properties":{"DESCRIPTION":"MDT_1466147.tif","FILENAME":"U:\\P589_AmazoniaRevelada_BR-319\\LiDAR_dataset\\ENTREGAS\\ENTREGA_01\\2_MDT\\GEOTIFF\\MDT_1466147.tif","SHRT_FNAME":"MDT_1466147.tif","UPPER_LEFT_X":"463960.333","UPPER_LEFT_Y":"9181878.194","LOWER_RIGHT_X":"464962.333","LOWER_RIGHT_Y":"9180876.194"},"geometry":{"type":"Polygon","coordinates":[[[-63.32658066614038,-7.401272869624479],[-63.317500938813325,-7.401279432233233],[-63.317507424393419,-7.41034318811602],[-63.326587337183803,-7.410336617383851],[-63.32658066614038,-7.401272869624479]]]}},
{"type":"Feature","properties":{"DESCRIPTION":"MDT_1467101.tif","FILENAME":"U:\\P589_AmazoniaRevelada_BR-319\\LiDAR_dataset\\ENTREGAS\\ENTREGA_01\\2_MDT\\GEOTIFF\\MDT_1467101.tif","SHRT_FNAME":"MDT_1467101.tif","UPPER_LEFT_X":"417955.954","UPPER_LEFT_Y":"9180878.319","LOWER_RIGHT_X":"418957.954","LOWER_RIGHT_Y":"9179876.319"},"geometry":{"type":"Polygon","coordinates":[[[-63.743456493421796,-7.409816234838017],[-63.734377206840513,-7.409831309581609],[-63.734392225124132,-7.418894452683911],[-63.743471697338727,-7.418879359302633],[-63.743456493421796,-7.409816234838017]]]}},
{"type":"Feature","properties":{"DESCRIPTION":"MDT_1467102.tif","FILENAME":"U:\\P589_AmazoniaRevelada_BR-319\\LiDAR_dataset\\ENTREGAS\\ENTREGA_01\\2_MDT\\GEOTIFF\\MDT_1467102.tif","SHRT_FNAME":"MDT_1467102.tif","UPPER_LEFT_X":"418956.049","UPPER_LEFT_Y":"9180878.319","LOWER_RIGHT_X":"419958.049","LOWER_RIGHT_Y":"9179876.319"},"geometry":{"type":"Polygon","coordinates":[[[-63.734394466560872,-7.40983128110024],[-63.725315161146547,-7.409846171007726],[-63.725329994147856,-7.418909332483983],[-63.734409485197382,-7.418894424167331],[-63.734394466560872,-7.40983128110024]]]}},
{"type":"Feature","properties":{"DESCRIPTION":"MDT_1467103.tif","FILENAME":"U:\\P589_AmazoniaRevelada_BR-319\\LiDAR_dataset\\ENTREGAS\\ENTREGA_01\\2_MDT\\GEOTIFF\\MDT_1467103.tif","SHRT_FNAME":"MDT_1467103.tif","UPPER_LEFT_X":"419956.144","UPPER_LEFT_Y":"9180878.319","LOWER_RIGHT_X":"420958.144","LOWER_RIGHT_Y":"9179876.319"},"geometry":{"type":"Polygon","coordinates":[[[-63.72533242090249,-7.409846142877735],[-63.716253096887478,-7.409860847947263],[-63.716267744604593,-7.418924027569386],[-63.72534725425669,-7.418909304319211],[-63.72533242090249,-7.409846142877735]]]}},
{"type":"Feature","properties":{"DESCRIPTION":"MDT_1467104.tif","FILENAME":"U:\\P589_AmazoniaRevelada_BR-319\\LiDAR_dataset\\ENTREGAS\\ENTREGA_01\\2_MDT\\GEOTIFF\\MDT_1467104.tif","SHRT_FNAME":"MDT_1467104.tif","UPPER_LEFT_X":"420956.239","UPPER_LEFT_Y":"9180878.319","LOWER_RIGHT_X":"421958.239","LOWER_RIGHT_Y":"9179876.319"},"geometry":{"type":"Polygon","coordinates":[[[-63.71627035667855,-7.40986082016865],[-63.707191014295191,-7.409875340398393],[-63.707205476726294,-7.418938537938287],[-63.716285004748563,-7.418923999756426],[-63.71627035667855,-7.40986082016865]]]}},
{"type":"Feature","properties":{"DESCRIPTION":"MDT_1467105.tif","FILENAME":"U:\\P589_AmazoniaRevelada_BR-319\\LiDAR_dataset\\ENTREGAS\\ENTREGA_01\\2_MDT\\GEOTIFF\\MDT_1467105.tif","SHRT_FNAME":"MDT_1467105.tif","UPPER_LEFT_X":"421956.334","UPPER_LEFT_Y":"9180878.319","LOWER_RIGHT_X":"422958.334","LOWER_RIGHT_Y":"9179876.319"},"geometry":{"type":"Polygon","coordinates":[[[-63.707208274120966,-7.40987531297116],[-63.698128913601593,-7.409889648359314],[-63.698143190744851,-7.418952863588888],[-63.707222736904967,-7.418938510477147],[-63.707208274120966,-7.40987531297116]]]}},
{"type":"Feature","properties":{"DESCRIPTION":"MDT_1467106.tif","FILENAME":"U:\\P589_AmazoniaRevelada_BR-319\\LiDAR_dataset\\ENTREGAS\\ENTREGA_01\\2_MDT\\GEOTIFF\\MDT_1467106.tif","SHRT_FNAME":"MDT_1467106.tif","UPPER_LEFT_X":"422956.430","UPPER_LEFT_Y":"9180878.319","LOWER_RIGHT_X":"423958.430","LOWER_RIGHT_Y":"9179876.319"},"geometry":{"type":"Polygon","coordinates":[[[-63.698146173461616,-7.409889621283466],[-63.689066795038599,-7.409903771828242],[-63.689080886892221,-7.4189670045194],[-63.698160450957793,-7.418952836479566],[-63.698146173461616,-7.409889621283466]]]}},
{"type":"Feature","properties":{"DESCRIPTION":"MDT_1467107.tif","FILENAME":"U:\\P589_AmazoniaRevelada_BR-319\\LiDAR_dataset\\ENTREGAS\\ENTREGA_01\\2_MDT\\GEOTIFF\\MDT_1467107.tif","SHRT_FNAME":"MDT_1467107.tif","UPPER_LEFT_X":"423956.525","UPPER_LEFT_Y":"9180878.319","LOWER_RIGHT_X":"424958.525","LOWER_RIGHT_Y":"9179876.319"},"geometry":{"type":"Polygon","coordinates":[[[-63.689084054932444,-7.409903745103786],[-63.680004658838101,-7.409917710803426],[-63.680018565400339,-7.418980960728071],[-63.689098147138978,-7.418966977761903],[-63.689084054932444,-7.409903745103786]]]}},
{"type":"Feature","properties":{"DESCRIPTION":"MDT_1467108.tif","FILENAME":"U:\\P589_AmazoniaRevelada_BR-319\\LiDAR_dataset\\ENTREGAS\\ENTREGA_01\\2_MDT\\GEOTIFF\\MDT_1467108.tif","SHRT_FNAME":"MDT_1467108.tif","UPPER_LEFT_X":"424956.620","UPPER_LEFT_Y":"9180878.319","LOWER_RIGHT_X":"425958.620","LOWER_RIGHT_Y":"9179876.319"},"geometry":{"type":"Polygon","coordinates":[[[-63.68002191876532,-7.40991768443036],[-63.67094250523202,-7.409931465283129],[-63.670956226501097,-7.41899473221316],[-63.680035825680463,-7.418980934322397],[-63.68002191876532,-7.40991768443036]]]}},
{"type":"Feature","properties":{"DESCRIPTION":"MDT_1467109.tif","FILENAME":"U:\\P589_AmazoniaRevelada_BR-319\\LiDAR_dataset\\ENTREGAS\\ENTREGA_01\\2_MDT\\GEOTIFF\\MDT_1467109.tif","SHRT_FNAME":"MDT_1467109.tif","UPPER_LEFT_X":"425956.715","UPPER_LEFT_Y":"9180878.319","LOWER_RIGHT_X":"426958.715","LOWER_RIGHT_Y":"9179876.319"},"geometry":{"type":"Polygon","coordinates":[[[-63.670959765192165,-7.409931439261459],[-63.66188033445227,-7.409945035265642],[-63.661893870426482,-7.419008318972955],[-63.670973486814162,-7.418994706159316],[-63.670959765192165,-7.409931439261459]]]}},
{"type":"Feature","properties":{"DESCRIPTION":"MDT_1467110.tif","FILENAME":"U:\\P589_AmazoniaRevelada_BR-319\\LiDAR_dataset\\ENTREGAS\\ENTREGA_01\\2_MDT\\GEOTIFF\\MDT_1467110.tif","SHRT_FNAME":"MDT_1467110.tif","UPPER_LEFT_X":"426956.810","UPPER_LEFT_Y":"9180878.319","LOWER_RIGHT_X":"427958.810","LOWER_RIGHT_Y":"9179876.319"},"geometry":{"type":"Polygon","coordinates":[[[-63.661897594444909,-7.40994500959537],[-63.652818146730773,-7.409958420749278],[-63.652831497408407,-7.419021721005769],[-63.66191113077204,-7.419008293270947],[-63.661897594444909,-7.40994500959537]]]}},
{"type":"Feature","properties":{"DESCRIPTION":"MDT_1467111.tif","FILENAME":"U:\\P589_AmazoniaRevelada_BR-319\\LiDAR_dataset\\ENTREGAS\\ENTREGA_01\\2_MDT\\GEOTIFF\\MDT_1467111.tif","SHRT_FNAME":"MDT_1467111.tif","UPPER_LEFT_X":"427956.906","UPPER_LEFT_Y":"9180878.319","LOWER_RIGHT_X":"428958.906","LOWER_RIGHT_Y":"9179876.319"},"geometry":{"type":"Polygon","coordinates":[[[-63.65283540675545,-7.409958395430407],[-63.643755942299421,-7.409971621732371],[-63.6437691076788,-7.419034938309932],[-63.652848757786003,-7.419021695655594],[-63.65283540675545,-7.409958395430407]]]}},
{"type":"Feature","properties":{"DESCRIPTION":"MDT_1467112.tif","FILENAME":"U:\\P589_AmazoniaRevelada_BR-319\\LiDAR_dataset\\ENTREGAS\\ENTREGA_01\\2_MDT\\GEOTIFF\\MDT_1467112.tif","SHRT_FNAME":"MDT_1467112.tif","UPPER_LEFT_X":"428957.001","UPPER_LEFT_Y":"9180878.319","LOWER_RIGHT_X":"429959.001","LOWER_RIGHT_Y":"9179876.319"},"geometry":{"type":"Polygon","coordinates":[[[-63.64377320235571,-7.409971596764904],[-63.634693721390164,-7.409984638213278],[-63.634706701469625,-7.419047970883801],[-63.643786368088016,-7.419034913311598],[-63.64377320235571,-7.409971596764904]]]}},
{"type":"Feature","properties":{"DESCRIPTION":"MDT_1467113.tif","FILENAME":"U:\\P589_AmazoniaRevelada_BR-319\\LiDAR_dataset\\ENTREGAS\\ENTREGA_01\\2_MDT\\GEOTIFF\\MDT_1467113.tif","SHRT_FNAME":"MDT_1467113.tif","UPPER_LEFT_X":"429957.096","UPPER_LEFT_Y":"9180878.319","LOWER_RIGHT_X":"430959.096","LOWER_RIGHT_Y":"9179876.319"},"geometry":{"type":"Polygon","coordinates":[[[-63.63471098147761,-7.409984613597218],[-63.625631484234894,-7.409997470190379],[-63.625644279012825,-7.419060818725754],[-63.634723961910012,-7.419047946237306],[-63.63471098147761,-7.409984613597218]]]}},
{"type":"Feature","properties":{"DESCRIPTION":"MDT_1467114.tif","FILENAME":"U:\\P589_AmazoniaRevelada_BR-319\\LiDAR_dataset\\ENTREGAS\\ENTREGA_01\\2_MDT\\GEOTIFF\\MDT_1467114.tif","SHRT_FNAME":"MDT_1467114.tif","UPPER_LEFT_X":"430957.191","UPPER_LEFT_Y":"9180878.319","LOWER_RIGHT_X":"431959.191","LOWER_RIGHT_Y":"9179876.319"},"geometry":{"type":"Polygon","coordinates":[[[-63.625648744353065,-7.409997445925731],[-63.616569231065547,-7.410010117662081],[-63.616581840540341,-7.419073481834194],[-63.625661539483936,-7.419060794431108],[-63.625648744353065,-7.409997445925731]]]}},
{"type":"Feature","properties":{"DESCRIPTION":"MDT_1467115.tif","FILENAME":"U:\\P589_AmazoniaRevelada_BR-319\\LiDAR_dataset\\ENTREGAS\\ENTREGA_01\\2_MDT\\GEOTIFF\\MDT_1467115.tif","SHRT_FNAME":"MDT_1467115.tif","UPPER_LEFT_X":"431957.286","UPPER_LEFT_Y":"9180878.319","LOWER_RIGHT_X":"432959.286","LOWER_RIGHT_Y":"9179876.319"},"geometry":{"type":"Polygon","coordinates":[[[-63.616586491214001,-7.410010093748848],[-63.607506962114059,-7.410022580626812],[-63.607519386284118,-7.419085960207546],[-63.616599101041714,-7.419073457891397],[-63.616586491214001,-7.410010093748848]]]}},
{"type":"Feature","properties":{"DESCRIPTION":"MDT_1467116.tif","FILENAME":"U:\\P589_AmazoniaRevelada_BR-319\\LiDAR_dataset\\ENTREGAS\\ENTREGA_01\\2_MDT\\GEOTIFF\\MDT_1467116.tif","SHRT_FNAME":"MDT_1467116.tif","UPPER_LEFT_X":"432957.382","UPPER_LEFT_Y":"9180878.319","LOWER_RIGHT_X":"433959.382","LOWER_RIGHT_Y":"9179876.319"},"geometry":{"type":"Polygon","coordinates":[[[-63.607524222292341,-7.410022557064994],[-63.598444677612349,-7.410034859083016],[-63.59845691647611,-7.419098253844259],[-63.60753664681534,-7.419085936616598],[-63.607524222292341,-7.410022557064994]]]}},
{"type":"Feature","properties":{"DESCRIPTION":"MDT_1467117.tif","FILENAME":"U:\\P589_AmazoniaRevelada_BR-319\\LiDAR_dataset\\ENTREGAS\\ENTREGA_01\\2_MDT\\GEOTIFF\\MDT_1467117.tif","SHRT_FNAME":"MDT_1467117.tif","UPPER_LEFT_X":"433957.477","UPPER_LEFT_Y":"9180878.319","LOWER_RIGHT_X":"434959.477","LOWER_RIGHT_Y":"9179876.319"},"geometry":{"type":"Polygon","coordinates":[[[-63.598461937820026,-7.410034835872619],[-63.589382377792326,-7.41004695302917],[-63.589394431348275,-7.419110362742802],[-63.598474177036735,-7.419098230605165],[-63.598461937820026,-7.410034835872619]]]}},
{"type":"Feature","properties":{"DESCRIPTION":"MDT_1467118.tif","FILENAME":"U:\\P589_AmazoniaRevelada_BR-319\\LiDAR_dataset\\ENTREGAS\\ENTREGA_01\\2_MDT\\GEOTIFF\\MDT_1467118.tif","SHRT_FNAME":"MDT_1467118.tif","UPPER_LEFT_X":"434957.572","UPPER_LEFT_Y":"9180878.319","LOWER_RIGHT_X":"435959.572","LOWER_RIGHT_Y":"9179876.319"},"geometry":{"type":"Polygon","coordinates":[[[-63.589399638028979,-7.410046930170195],[-63.58032006288596,-7.410058862463768],[-63.580331931132562,-7.419122286901668],[-63.589411691937855,-7.419110339855566],[-63.589399638028979,-7.410046930170195]]]}},
{"type":"Feature","properties":{"DESCRIPTION":"MDT_1467119.tif","FILENAME":"U:\\P589_AmazoniaRevelada_BR-319\\LiDAR_dataset\\ENTREGAS\\ENTREGA_01\\2_MDT\\GEOTIFF\\MDT_1467119.tif","SHRT_FNAME":"MDT_1467119.tif","UPPER_LEFT_X":"435957.667","UPPER_LEFT_Y":"9180878.319","LOWER_RIGHT_X":"436959.667","LOWER_RIGHT_Y":"9179876.319"},"geometry":{"type":"Polygon","coordinates":[[[-63.58033732315112,-7.41005883995622],[-63.571257733125165,-7.410070587385332],[-63.571269416060922,-7.419134026319374],[-63.580349191750663,-7.419122264366292],[-63.58033732315112,-7.41005883995622]]]}},
{"type":"Feature","properties":{"DESCRIPTION":"MDT_1467120.tif","FILENAME":"U:\\P589_AmazoniaRevelada_BR-319\\LiDAR_dataset\\ENTREGAS\\ENTREGA_01\\2_MDT\\GEOTIFF\\MDT_1467120.tif","SHRT_FNAME":"MDT_1467120.tif","UPPER_LEFT_X":"436957.762","UPPER_LEFT_Y":"9180878.319","LOWER_RIGHT_X":"437959.762","LOWER_RIGHT_Y":"9179876.319"},"geometry":{"type":"Polygon","coordinates":[[[-63.571274993418392,-7.410070565229209],[-63.562195388741877,-7.410082127792401],[-63.562206886365338,-7.419145580994464],[-63.571286676707103,-7.419134004135862],[-63.571274993418392,-7.410070565229209]]]}},
{"type":"Feature","properties":{"DESCRIPTION":"MDT_1467121.tif","FILENAME":"U:\\P589_AmazoniaRevelada_BR-319\\LiDAR_dataset\\ENTREGAS\\ENTREGA_01\\2_MDT\\GEOTIFF\\MDT_1467121.tif","SHRT_FNAME":"MDT_1467121.tif","UPPER_LEFT_X":"437957.858","UPPER_LEFT_Y":"9180878.319","LOWER_RIGHT_X":"438959.858","LOWER_RIGHT_Y":"9179876.319"},"geometry":{"type":"Polygon","coordinates":[[[-63.562212649062737,-7.41008210598771],[-63.553133029968023,-7.410093483683536],[-63.55314434227774,-7.419156950925494],[-63.562224147039132,-7.419145559162815],[-63.562212649062737,-7.41008210598771]]]}},
{"type":"Feature","properties":{"DESCRIPTION":"MDT_1467122.tif","FILENAME":"U:\\P589_AmazoniaRevelada_BR-319\\LiDAR_dataset\\ENTREGAS\\ENTREGA_01\\2_MDT\\GEOTIFF\\MDT_1467122.tif","SHRT_FNAME":"MDT_1467122.tif","UPPER_LEFT_X":"438957.953","UPPER_LEFT_Y":"9180878.319","LOWER_RIGHT_X":"439959.953","LOWER_RIGHT_Y":"9179876.319"},"geometry":{"type":"Polygon","coordinates":[[[-63.553150290316076,-7.410093462230281],[-63.544070657035569,-7.410104655057332],[-63.544081784030105,-7.419168136111056],[-63.55316160297874,-7.419156929445717],[-63.553150290316076,-7.410093462230281]]]}},
{"type":"Feature","properties":{"DESCRIPTION":"MDT_1467123.tif","FILENAME":"U:\\P589_AmazoniaRevelada_BR-319\\LiDAR_dataset\\ENTREGAS\\ENTREGA_01\\2_MDT\\GEOTIFF\\MDT_1467123.tif","SHRT_FNAME":"MDT_1467123.tif","UPPER_LEFT_X":"439958.048","UPPER_LEFT_Y":"9180878.319","LOWER_RIGHT_X":"440960.048","LOWER_RIGHT_Y":"9179876.319"},"geometry":{"type":"Polygon","coordinates":[[[-63.544087917410359,-7.410104633955513],[-63.535008270176441,-7.410115641912394],[-63.535019211854411,-7.419179136549754],[-63.54409904475785,-7.419168114983149],[-63.544087917410359,-7.410104633955513]]]}},
{"type":"Feature","properties":{"DESCRIPTION":"MDT_1467124.tif","FILENAME":"U:\\P589_AmazoniaRevelada_BR-319\\LiDAR_dataset\\ENTREGAS\\ENTREGA_01\\2_MDT\\GEOTIFF\\MDT_1467124.tif","SHRT_FNAME":"MDT_1467124.tif","UPPER_LEFT_X":"440958.143","UPPER_LEFT_Y":"9180878.319","LOWER_RIGHT_X":"441960.143","LOWER_RIGHT_Y":"9179876.319"},"geometry":{"type":"Polygon","coordinates":[[[-63.535025530577528,-7.410115621162016],[-63.525945869622568,-7.410126444247358],[-63.525956625982595,-7.419189952240225],[-63.535036472608461,-7.419179115773719],[-63.535025530577528,-7.410115621162016]]]}},
{"type":"Feature","properties":{"DESCRIPTION":"MDT_1467125.tif","FILENAME":"U:\\P589_AmazoniaRevelada_BR-319\\LiDAR_dataset\\ENTREGAS\\ENTREGA_01\\2_MDT\\GEOTIFF\\MDT_1467125.tif","SHRT_FNAME":"MDT_1467125.tif","UPPER_LEFT_X":"441958.238","UPPER_LEFT_Y":"9180878.319","LOWER_RIGHT_X":"442960.238","LOWER_RIGHT_Y":"9179876.319"},"geometry":{"type":"Polygon","coordinates":[[[-63.525963130049533,-7.410126423848418],[-63.516883455605921,-7.410137062060878],[-63.516894026646654,-7.419200583181117],[-63.525973886762522,-7.419189931816065],[-63.525963130049533,-7.410126423848418]]]}},
{"type":"Feature","properties":{"DESCRIPTION":"MDT_1467126.tif","FILENAME":"U:\\P589_AmazoniaRevelada_BR-319\\LiDAR_dataset\\ENTREGAS\\ENTREGA_01\\2_MDT\\GEOTIFF\\MDT_1467126.tif","SHRT_FNAME":"MDT_1467126.tif","UPPER_LEFT_X":"442958.334","UPPER_LEFT_Y":"9180878.319","LOWER_RIGHT_X":"443960.334","LOWER_RIGHT_Y":"9179876.319"},"geometry":{"type":"Polygon","coordinates":[[[-63.516900716058302,-7.410137042013384],[-63.507821028358428,-7.410147495351636],[-63.507831414078531,-7.419211029371113],[-63.516911287451997,-7.419200563108836],[-63.516900716058302,-7.410137042013384]]]}},
{"type":"Feature","properties":{"DESCRIPTION":"MDT_1467127.tif","FILENAME":"U:\\P589_AmazoniaRevelada_BR-319\\LiDAR_dataset\\ENTREGAS\\ENTREGA_01\\2_MDT\\GEOTIFF\\MDT_1467127.tif","SHRT_FNAME":"MDT_1467127.tif","UPPER_LEFT_X":"443958.429","UPPER_LEFT_Y":"9180878.319","LOWER_RIGHT_X":"444960.429","LOWER_RIGHT_Y":"9179876.319"},"geometry":{"type":"Polygon","coordinates":[[[-63.507838288835785,-7.410147475655589],[-63.498758588112032,-7.410157744118331],[-63.498768788510226,-7.419221290808909],[-63.507848674908864,-7.419211009650714],[-63.507838288835785,-7.410147475655589]]]}},
{"type":"Feature","properties":{"DESCRIPTION":"MDT_1467128.tif","FILENAME":"U:\\P589_AmazoniaRevelada_BR-319\\LiDAR_dataset\\ENTREGAS\\ENTREGA_01\\2_MDT\\GEOTIFF\\MDT_1467128.tif","SHRT_FNAME":"MDT_1467128.tif","UPPER_LEFT_X":"444958.524","UPPER_LEFT_Y":"9180878.319","LOWER_RIGHT_X":"445960.524","LOWER_RIGHT_Y":"9179876.319"},"geometry":{"type":"Polygon","coordinates":[[[-63.498775848613931,-7.410157724773735],[-63.489696135098718,-7.410167808359694],[-63.489706150173696,-7.419231367493234],[-63.498786049365087,-7.419221271440395],[-63.498775848613931,-7.410157724773735]]]}},
{"type":"Feature","properties":{"DESCRIPTION":"MDT_1467129.tif","FILENAME":"U:\\P589_AmazoniaRevelada_BR-319\\LiDAR_dataset\\ENTREGAS\\ENTREGA_01\\2_MDT\\GEOTIFF\\MDT_1467129.tif","SHRT_FNAME":"MDT_1467129.tif","UPPER_LEFT_X":"445958.619","UPPER_LEFT_Y":"9180878.319","LOWER_RIGHT_X":"446960.619","LOWER_RIGHT_Y":"9179876.319"},"geometry":{"type":"Polygon","coordinates":[[[-63.489713395624712,-7.410167789366546],[-63.4806336695504,-7.410177688074467],[-63.480643499300911,-7.419241259422828],[-63.489723411052651,-7.419231348476603],[-63.489713395624712,-7.410167789366546]]]}},
{"type":"Feature","properties":{"DESCRIPTION":"MDT_1467130.tif","FILENAME":"U:\\P589_AmazoniaRevelada_BR-319\\LiDAR_dataset\\ENTREGAS\\ENTREGA_01\\2_MDT\\GEOTIFF\\MDT_1467130.tif","SHRT_FNAME":"MDT_1467130.tif","UPPER_LEFT_X":"446958.714","UPPER_LEFT_Y":"9180878.319","LOWER_RIGHT_X":"447960.714","LOWER_RIGHT_Y":"9179876.319"},"geometry":{"type":"Polygon","coordinates":[[[-63.480650930100047,-7.410177669432775],[-63.471571191699056,-7.410187383261424],[-63.471580836123856,-7.419250966596469],[-63.480660760203534,-7.419241240758089],[-63.480650930100047,-7.410177669432775]]]}},
{"type":"Feature","properties":{"DESCRIPTION":"MDT_1467131.tif","FILENAME":"U:\\P589_AmazoniaRevelada_BR-319\\LiDAR_dataset\\ENTREGAS\\ENTREGA_01\\2_MDT\\GEOTIFF\\MDT_1467131.tif","SHRT_FNAME":"MDT_1467131.tif","UPPER_LEFT_X":"447958.810","UPPER_LEFT_Y":"9180878.319","LOWER_RIGHT_X":"448960.810","LOWER_RIGHT_Y":"9179876.319"},"geometry":{"type":"Polygon","coordinates":[[[-63.471588452271916,-7.410187364971186],[-63.462508701776621,-7.410196893919357],[-63.462518160874509,-7.419260489012941],[-63.471598097049679,-7.419250948283617],[-63.471588452271916,-7.410187364971186]]]}},
{"type":"Feature","properties":{"DESCRIPTION":"MDT_1467132.tif","FILENAME":"U:\\P589_AmazoniaRevelada_BR-319\\LiDAR_dataset\\ENTREGAS\\ENTREGA_01\\2_MDT\\GEOTIFF\\MDT_1467132.tif","SHRT_FNAME":"MDT_1467132.tif","UPPER_LEFT_X":"448958.905","UPPER_LEFT_Y":"9180878.319","LOWER_RIGHT_X":"449960.905","LOWER_RIGHT_Y":"9179876.319"},"geometry":{"type":"Polygon","coordinates":[[[-63.46252596237224,-7.410196875980579],[-63.453446200015058,-7.410206220047085],[-63.453455473784835,-7.419269826671064],[-63.462535421823105,-7.419260471051984],[-63.46252596237224,-7.410196875980579]]]}},
{"type":"Feature","properties":{"DESCRIPTION":"MDT_1467133.tif","FILENAME":"U:\\P589_AmazoniaRevelada_BR-319\\LiDAR_dataset\\ENTREGAS\\ENTREGA_01\\2_MDT\\GEOTIFF\\MDT_1467133.tif","SHRT_FNAME":"MDT_1467133.tif","UPPER_LEFT_X":"449959.000","UPPER_LEFT_Y":"9180878.319","LOWER_RIGHT_X":"450961.000","LOWER_RIGHT_Y":"9179876.319"},"geometry":{"type":"Polygon","coordinates":[[[-63.453463460633017,-7.410206202459769],[-63.44438368664634,-7.410215361643449],[-63.444392775086847,-7.419278979569675],[-63.453472734755778,-7.419269809062006],[-63.453463460633017,-7.410206202459769]]]}},
{"type":"Feature","properties":{"DESCRIPTION":"MDT_1467134.tif","FILENAME":"U:\\P589_AmazoniaRevelada_BR-319\\LiDAR_dataset\\ENTREGAS\\ENTREGA_01\\2_MDT\\GEOTIFF\\MDT_1467134.tif","SHRT_FNAME":"MDT_1467134.tif","UPPER_LEFT_X":"450959.095","UPPER_LEFT_Y":"9180878.319","LOWER_RIGHT_X":"451961.095","LOWER_RIGHT_Y":"9179876.319"},"geometry":{"type":"Polygon","coordinates":[[[-63.444400947286184,-7.410215344407592],[-63.435321161902401,-7.410224318707307],[-63.435330065012501,-7.419287947707637],[-63.444410036079674,-7.419278962312511],[-63.444400947286184,-7.410215344407592]]]}},
{"type":"Feature","properties":{"DESCRIPTION":"MDT_1467135.tif","FILENAME":"U:\\P589_AmazoniaRevelada_BR-319\\LiDAR_dataset\\ENTREGAS\\ENTREGA_01\\2_MDT\\GEOTIFF\\MDT_1467135.tif","SHRT_FNAME":"MDT_1467135.tif","UPPER_LEFT_X":"451959.190","UPPER_LEFT_Y":"9180878.319","LOWER_RIGHT_X":"452961.190","LOWER_RIGHT_Y":"9179876.319"},"geometry":{"type":"Polygon","coordinates":[[[-63.435338422563682,-7.410224301822917],[-63.426258626015219,-7.41023309123755],[-63.426267343793782,-7.419296731083836],[-63.435347326026772,-7.419287930802373],[-63.435338422563682,-7.410224301822917]]]}},
{"type":"Feature","properties":{"DESCRIPTION":"MDT_1467136.tif","FILENAME":"U:\\P589_AmazoniaRevelada_BR-319\\LiDAR_dataset\\ENTREGAS\\ENTREGA_01\\2_MDT\\GEOTIFF\\MDT_1467136.tif","SHRT_FNAME":"MDT_1467136.tif","UPPER_LEFT_X":"452959.286","UPPER_LEFT_Y":"9180878.319","LOWER_RIGHT_X":"453961.286","LOWER_RIGHT_Y":"9179876.319"},"geometry":{"type":"Polygon","coordinates":[[[-63.426275886697518,-7.410233074704627],[-63.417196079216758,-7.410241679233085],[-63.417204611662697,-7.419305329697174],[-63.426284604829071,-7.419296714530472],[-63.426275886697518,-7.410233074704627]]]}},
{"type":"Feature","properties":{"DESCRIPTION":"MDT_1467137.tif","FILENAME":"U:\\P589_AmazoniaRevelada_BR-319\\LiDAR_dataset\\ENTREGAS\\ENTREGA_01\\2_MDT\\GEOTIFF\\MDT_1467137.tif","SHRT_FNAME":"MDT_1467137.tif","UPPER_LEFT_X":"453959.381","UPPER_LEFT_Y":"9180878.319","LOWER_RIGHT_X":"454961.381","LOWER_RIGHT_Y":"9179876.319"},"geometry":{"type":"Polygon","coordinates":[[[-63.417213339919606,-7.410241663051631],[-63.408133521738975,-7.410250082692842],[-63.408141868851224,-7.419313743546585],[-63.417221872718549,-7.419305313495712],[-63.417213339919606,-7.410241663051631]]]}},
{"type":"Feature","properties":{"DESCRIPTION":"MDT_1467138.tif","FILENAME":"U:\\P589_AmazoniaRevelada_BR-319\\LiDAR_dataset\\ENTREGAS\\ENTREGA_01\\2_MDT\\GEOTIFF\\MDT_1467138.tif","SHRT_FNAME":"MDT_1467138.tif","UPPER_LEFT_X":"454959.476","UPPER_LEFT_Y":"9180878.319","LOWER_RIGHT_X":"455961.476","LOWER_RIGHT_Y":"9179876.319"},"geometry":{"type":"Polygon","coordinates":[[[-63.408150782461945,-7.410250066862859],[-63.399070953813833,-7.410258301615778],[-63.399079115591327,-7.41932197263102],[-63.408159129927185,-7.41931372769703],[-63.408150782461945,-7.410250066862859]]]}},
{"type":"Feature","properties":{"DESCRIPTION":"MDT_1467139.tif","FILENAME":"U:\\P589_AmazoniaRevelada_BR-319\\LiDAR_dataset\\ENTREGAS\\ENTREGA_01\\2_MDT\\GEOTIFF\\MDT_1467139.tif","SHRT_FNAME":"MDT_1467139.tif","UPPER_LEFT_X":"455959.571","UPPER_LEFT_Y":"9180878.319","LOWER_RIGHT_X":"456961.571","LOWER_RIGHT_Y":"9179876.319"},"geometry":{"type":"Polygon","coordinates":[[[-63.399088214556485,-7.41025828613727],[-63.390008375673297,-7.41026633600087],[-63.390016352115026,-7.419330016949459],[-63.39909637668697,-7.419321957133374],[-63.399088214556485,-7.41025828613727]]]}},
{"type":"Feature","properties":{"DESCRIPTION":"MDT_1467140.tif","FILENAME":"U:\\P589_AmazoniaRevelada_BR-319\\LiDAR_dataset\\ENTREGAS\\ENTREGA_01\\2_MDT\\GEOTIFF\\MDT_1467140.tif","SHRT_FNAME":"MDT_1467140.tif","UPPER_LEFT_X":"456959.666","UPPER_LEFT_Y":"9180878.319","LOWER_RIGHT_X":"457961.666","LOWER_RIGHT_Y":"9179876.319"},"geometry":{"type":"Polygon","coordinates":[[[-63.390025636435183,-7.410266320873833],[-63.380945787549358,-7.410274185847118],[-63.380953578654307,-7.419337876500898],[-63.390033613229917,-7.419330001803719],[-63.390025636435183,-7.410266320873833]]]}},
{"type":"Feature","properties":{"DESCRIPTION":"MDT_1467141.tif","FILENAME":"U:\\P589_AmazoniaRevelada_BR-319\\LiDAR_dataset\\ENTREGAS\\ENTREGA_01\\2_MDT\\GEOTIFF\\MDT_1467141.tif","SHRT_FNAME":"MDT_1467141.tif","UPPER_LEFT_X":"457959.762","UPPER_LEFT_Y":"9180878.319","LOWER_RIGHT_X":"458961.762","LOWER_RIGHT_Y":"9179876.319"},"geometry":{"type":"Polygon","coordinates":[[[-63.380963048330038,-7.410274171071562],[-63.371883189673959,-7.410281851153544],[-63.371890795441146,-7.419345551284358],[-63.380970839787977,-7.419337861707072],[-63.380963048330038,-7.410274171071562]]]}},
{"type":"Feature","properties":{"DESCRIPTION":"MDT_1467142.tif","FILENAME":"U:\\P589_AmazoniaRevelada_BR-319\\LiDAR_dataset\\ENTREGAS\\ENTREGA_01\\2_MDT\\GEOTIFF\\MDT_1467142.tif","SHRT_FNAME":"MDT_1467142.tif","UPPER_LEFT_X":"458959.857","UPPER_LEFT_Y":"9180878.319","LOWER_RIGHT_X":"459961.857","LOWER_RIGHT_Y":"9179876.319"},"geometry":{"type":"Polygon","coordinates":[[[-63.371900450472985,-7.410281836729466],[-63.362820582279078,-7.4102893319192],[-63.362828002707573,-7.419353041298892],[-63.371908056593192,-7.419345536842449],[-63.371900450472985,-7.410281836729466]]]}},
{"type":"Feature","properties":{"DESCRIPTION":"MDT_1467143.tif","FILENAME":"U:\\P589_AmazoniaRevelada_BR-319\\LiDAR_dataset\\ENTREGAS\\ENTREGA_01\\2_MDT\\GEOTIFF\\MDT_1467143.tif","SHRT_FNAME":"MDT_1467143.tif","UPPER_LEFT_X":"459959.952","UPPER_LEFT_Y":"9180878.319","LOWER_RIGHT_X":"460961.952","LOWER_RIGHT_Y":"9179876.319"},"geometry":{"type":"Polygon","coordinates":[[[-63.362837843096017,-7.410289317846602],[-63.353757965596692,-7.410296628143149],[-63.353765200685537,-7.41936034654356],[-63.36284526387751,-7.419353027208897],[-63.362837843096017,-7.410289317846602]]]}},
{"type":"Feature","properties":{"DESCRIPTION":"MDT_1467144.tif","FILENAME":"U:\\P589_AmazoniaRevelada_BR-319\\LiDAR_dataset\\ENTREGAS\\ENTREGA_01\\2_MDT\\GEOTIFF\\MDT_1467144.tif","SHRT_FNAME":"MDT_1467144.tif","UPPER_LEFT_X":"460960.047","UPPER_LEFT_Y":"9180878.319","LOWER_RIGHT_X":"461962.047","LOWER_RIGHT_Y":"9179876.319"},"geometry":{"type":"Polygon","coordinates":[[[-63.353775226431097,-7.410296614422033],[-63.34469533985876,-7.410303739824485],[-63.344702389607058,-7.419367467017459],[-63.353782461872946,-7.419360332805482],[-63.353775226431097,-7.410296614422033]]]}},
{"type":"Feature","properties":{"DESCRIPTION":"MDT_1467145.tif","FILENAME":"U:\\P589_AmazoniaRevelada_BR-319\\LiDAR_dataset\\ENTREGAS\\ENTREGA_01\\2_MDT\\GEOTIFF\\MDT_1467145.tif","SHRT_FNAME":"MDT_1467145.tif","UPPER_LEFT_X":"461960.142","UPPER_LEFT_Y":"9180878.319","LOWER_RIGHT_X":"462962.142","LOWER_RIGHT_Y":"9179876.319"},"geometry":{"type":"Polygon","coordinates":[[[-63.344712600710203,-7.410303726454857],[-63.335632705297286,-7.41031066696233],[-63.335639569704135,-7.419374402719699],[-63.344719650811498,-7.419367453631299],[-63.344712600710203,-7.410303726454857]]]}},
{"type":"Feature","properties":{"DESCRIPTION":"MDT_1467146.tif","FILENAME":"U:\\P589_AmazoniaRevelada_BR-319\\LiDAR_dataset\\ENTREGAS\\ENTREGA_01\\2_MDT\\GEOTIFF\\MDT_1467146.tif","SHRT_FNAME":"MDT_1467146.tif","UPPER_LEFT_X":"462960.238","UPPER_LEFT_Y":"9180878.319","LOWER_RIGHT_X":"463962.238","LOWER_RIGHT_Y":"9179876.319"},"geometry":{"type":"Polygon","coordinates":[[[-63.335649966165299,-7.410310653944184],[-63.326570062144214,-7.410317409555812],[-63.326576741208754,-7.419381153649419],[-63.335656830925167,-7.419374389685459],[-63.335649966165299,-7.410310653944184]]]}},
{"type":"Feature","properties":{"DESCRIPTION":"MDT_1467147.tif","FILENAME":"U:\\P589_AmazoniaRevelada_BR-319\\LiDAR_dataset\\ENTREGAS\\ENTREGA_01\\2_MDT\\GEOTIFF\\MDT_1467147.tif","SHRT_FNAME":"MDT_1467147.tif","UPPER_LEFT_X":"463960.333","UPPER_LEFT_Y":"9180878.319","LOWER_RIGHT_X":"464962.333","LOWER_RIGHT_Y":"9179876.319"},"geometry":{"type":"Polygon","coordinates":[[[-63.326587323028377,-7.410317396889155],[-63.317507410631528,-7.410323967604099],[-63.317513904352943,-7.41938771980578],[-63.32659400244593,-7.419381140967102],[-63.326587323028377,-7.410317396889155]]]}},
{"type":"Feature","properties":{"DESCRIPTION":"MDT_1468101.tif","FILENAME":"U:\\P589_AmazoniaRevelada_BR-319\\LiDAR_dataset\\ENTREGAS\\ENTREGA_01\\2_MDT\\GEOTIFF\\MDT_1468101.tif","SHRT_FNAME":"MDT_1468101.tif","UPPER_LEFT_X":"417955.954","UPPER_LEFT_Y":"9179878.444","LOWER_RIGHT_X":"418957.954","LOWER_RIGHT_Y":"9178876.444"},"geometry":{"type":"Polygon","coordinates":[[[-63.743471665077244,-7.418860140129699],[-63.734392193256539,-7.418875233471458],[-63.734407230370707,-7.427938372864433],[-63.743486888057475,-7.427923260884262],[-63.743471665077244,-7.418860140129699]]]}},
{"type":"Feature","properties":{"DESCRIPTION":"MDT_1468102.tif","FILENAME":"U:\\P589_AmazoniaRevelada_BR-319\\LiDAR_dataset\\ENTREGAS\\ENTREGA_01\\2_MDT\\GEOTIFF\\MDT_1468102.tif","SHRT_FNAME":"MDT_1468102.tif","UPPER_LEFT_X":"418956.049","UPPER_LEFT_Y":"9179878.444","LOWER_RIGHT_X":"419958.049","LOWER_RIGHT_Y":"9178876.444"},"geometry":{"type":"Polygon","coordinates":[[[-63.734409453329036,-7.418875204954951],[-63.72532996267342,-7.418890113232565],[-63.725344814272958,-7.427953271000216],[-63.734424490796535,-7.427938344312716],[-63.734409453329036,-7.418875204954951]]]}},
{"type":"Feature","properties":{"DESCRIPTION":"MDT_1468103.tif","FILENAME":"U:\\P589_AmazoniaRevelada_BR-319\\LiDAR_dataset\\ENTREGAS\\ENTREGA_01\\2_MDT\\GEOTIFF\\MDT_1468103.tif","SHRT_FNAME":"MDT_1468103.tif","UPPER_LEFT_X":"419956.144","UPPER_LEFT_Y":"9179878.444","LOWER_RIGHT_X":"420958.144","LOWER_RIGHT_Y":"9178876.444"},"geometry":{"type":"Polygon","coordinates":[[[-63.725347222781501,-7.418890085067868],[-63.716267713523315,-7.418904808279485],[-63.716282379606362,-7.427967984193712],[-63.72536207473437,-7.42795324280074],[-63.725347222781501,-7.418890085067868]]]}},
{"type":"Feature","properties":{"DESCRIPTION":"MDT_1468104.tif","FILENAME":"U:\\P589_AmazoniaRevelada_BR-319\\LiDAR_dataset\\ENTREGAS\\ENTREGA_01\\2_MDT\\GEOTIFF\\MDT_1468104.tif","SHRT_FNAME":"MDT_1468104.tif","UPPER_LEFT_X":"420956.239","UPPER_LEFT_Y":"9179878.444","LOWER_RIGHT_X":"421958.239","LOWER_RIGHT_Y":"9178876.444"},"geometry":{"type":"Polygon","coordinates":[[[-63.716284973666532,-7.418904780466603],[-63.707205446038174,-7.418919318610392],[-63.707219926602882,-7.427982512443092],[-63.716299640102932,-7.427967956346484],[-63.716284973666532,-7.418904780466603]]]}},
{"type":"Feature","properties":{"DESCRIPTION":"MDT_1468105.tif","FILENAME":"U:\\P589_AmazoniaRevelada_BR-319\\LiDAR_dataset\\ENTREGAS\\ENTREGA_01\\2_MDT\\GEOTIFF\\MDT_1468105.tif","SHRT_FNAME":"MDT_1468105.tif","UPPER_LEFT_X":"421956.334","UPPER_LEFT_Y":"9179878.444","LOWER_RIGHT_X":"422958.334","LOWER_RIGHT_Y":"9178876.444"},"geometry":{"type":"Polygon","coordinates":[[[-63.707222706216086,-7.418919291149321],[-63.698143160449902,-7.418933644223478],[-63.69815745549446,-7.427996855746552],[-63.707237187134155,-7.427982484948109],[-63.707222706216086,-7.418919291149321]]]}},
{"type":"Feature","properties":{"DESCRIPTION":"MDT_1468106.tif","FILENAME":"U:\\P589_AmazoniaRevelada_BR-319\\LiDAR_dataset\\ENTREGAS\\ENTREGA_01\\2_MDT\\GEOTIFF\\MDT_1468106.tif","SHRT_FNAME":"MDT_1468106.tif","UPPER_LEFT_X":"422956.430","UPPER_LEFT_Y":"9179878.444","LOWER_RIGHT_X":"423958.430","LOWER_RIGHT_Y":"9178876.444"},"geometry":{"type":"Polygon","coordinates":[[[-63.698160420662077,-7.418933617114229],[-63.689080856990444,-7.418947785116963],[-63.689094966513053,-7.428011014102301],[-63.698174716059995,-7.42799682860382],[-63.698160420662077,-7.418933617114229]]]}},
{"type":"Feature","properties":{"DESCRIPTION":"MDT_1468107.tif","FILENAME":"U:\\P589_AmazoniaRevelada_BR-319\\LiDAR_dataset\\ENTREGAS\\ENTREGA_01\\2_MDT\\GEOTIFF\\MDT_1468107.tif","SHRT_FNAME":"MDT_1468107.tif","UPPER_LEFT_X":"423956.525","UPPER_LEFT_Y":"9179878.444","LOWER_RIGHT_X":"424958.525","LOWER_RIGHT_Y":"9178876.444"},"geometry":{"type":"Polygon","coordinates":[[[-63.689098117236448,-7.418947758359534],[-63.680018535891726,-7.418961741289085],[-63.680032459890597,-7.428024987508583],[-63.689112227112403,-7.428010987311829],[-63.689098117236448,-7.418947758359534]]]}},
{"type":"Feature","properties":{"DESCRIPTION":"MDT_1468108.tif","FILENAME":"U:\\P589_AmazoniaRevelada_BR-319\\LiDAR_dataset\\ENTREGAS\\ENTREGA_01\\2_MDT\\GEOTIFF\\MDT_1468108.tif","SHRT_FNAME":"MDT_1468108.tif","UPPER_LEFT_X":"424956.620","UPPER_LEFT_Y":"9179878.444","LOWER_RIGHT_X":"425958.620","LOWER_RIGHT_Y":"9178876.444"},"geometry":{"type":"Polygon","coordinates":[[[-63.680035796171097,-7.418961714883482],[-63.670956197385664,-7.418975512738115],[-63.67096993585907,-7.428038775963661],[-63.680049720523328,-7.428024961070373],[-63.680035796171097,-7.418961714883482]]]}},
{"type":"Feature","properties":{"DESCRIPTION":"MDT_1468109.tif","FILENAME":"U:\\P589_AmazoniaRevelada_BR-319\\LiDAR_dataset\\ENTREGAS\\ENTREGA_01\\2_MDT\\GEOTIFF\\MDT_1468109.tif","SHRT_FNAME":"MDT_1468109.tif","UPPER_LEFT_X":"425956.715","UPPER_LEFT_Y":"9179878.444","LOWER_RIGHT_X":"426958.715","LOWER_RIGHT_Y":"9178876.444"},"geometry":{"type":"Polygon","coordinates":[[[-63.670973457697976,-7.418975486684337],[-63.661893841704234,-7.418989099462332],[-63.661907394650434,-7.428052379465818],[-63.670987196524734,-7.428038749877714],[-63.670973457697976,-7.418975486684337]]]}},
{"type":"Feature","properties":{"DESCRIPTION":"MDT_1468110.tif","FILENAME":"U:\\P589_AmazoniaRevelada_BR-319\\LiDAR_dataset\\ENTREGAS\\ENTREGA_01\\2_MDT\\GEOTIFF\\MDT_1468110.tif","SHRT_FNAME":"MDT_1468110.tif","UPPER_LEFT_X":"426956.810","UPPER_LEFT_Y":"9179878.444","LOWER_RIGHT_X":"427958.810","LOWER_RIGHT_Y":"9178876.444"},"geometry":{"type":"Polygon","coordinates":[[[-63.661911102049032,-7.418989073760387],[-63.652831469079331,-7.419002501460049],[-63.652844836496627,-7.428065798013358],[-63.661924655348592,-7.428052353732134],[-63.661911102049032,-7.418989073760387]]]}},
{"type":"Feature","properties":{"DESCRIPTION":"MDT_1468111.tif","FILENAME":"U:\\P589_AmazoniaRevelada_BR-319\\LiDAR_dataset\\ENTREGAS\\ENTREGA_01\\2_MDT\\GEOTIFF\\MDT_1468111.tif","SHRT_FNAME":"MDT_1468111.tif","UPPER_LEFT_X":"427956.906","UPPER_LEFT_Y":"9179878.444","LOWER_RIGHT_X":"428958.906","LOWER_RIGHT_Y":"9178876.444"},"geometry":{"type":"Polygon","coordinates":[[[-63.652848729456181,-7.419002476109942],[-63.643769079742924,-7.419015718729601],[-63.643782261629632,-7.428079031604623],[-63.652862097226837,-7.42806577263195],[-63.652848729456181,-7.419002476109942]]]}},
{"type":"Feature","properties":{"DESCRIPTION":"MDT_1468112.tif","FILENAME":"U:\\P589_AmazoniaRevelada_BR-319\\LiDAR_dataset\\ENTREGAS\\ENTREGA_01\\2_MDT\\GEOTIFF\\MDT_1468112.tif","SHRT_FNAME":"MDT_1468112.tif","UPPER_LEFT_X":"428957.001","UPPER_LEFT_Y":"9179878.444","LOWER_RIGHT_X":"429959.001","LOWER_RIGHT_Y":"9178876.444"},"geometry":{"type":"Polygon","coordinates":[[[-63.643786340151387,-7.419015693731332],[-63.634706673926935,-7.419028751269342],[-63.634719670281413,-7.428092080237956],[-63.643799522391454,-7.428079006575484],[-63.643786340151387,-7.419015693731332]]]}},
{"type":"Feature","properties":{"DESCRIPTION":"MDT_1468113.tif","FILENAME":"U:\\P589_AmazoniaRevelada_BR-319\\LiDAR_dataset\\ENTREGAS\\ENTREGA_01\\2_MDT\\GEOTIFF\\MDT_1468113.tif","SHRT_FNAME":"MDT_1468113.tif","UPPER_LEFT_X":"429957.096","UPPER_LEFT_Y":"9179878.444","LOWER_RIGHT_X":"430959.096","LOWER_RIGHT_Y":"9178876.444"},"geometry":{"type":"Polygon","coordinates":[[[-63.634723934366569,-7.419028726622914],[-63.625644251863328,-7.419041599077652],[-63.625657062683928,-7.428104943911735],[-63.634736931074407,-7.428092055561093],[-63.634723934366569,-7.419028726622914]]]}},
{"type":"Feature","properties":{"DESCRIPTION":"MDT_1468114.tif","FILENAME":"U:\\P589_AmazoniaRevelada_BR-319\\LiDAR_dataset\\ENTREGAS\\ENTREGA_01\\2_MDT\\GEOTIFF\\MDT_1468114.tif","SHRT_FNAME":"MDT_1468114.tif","UPPER_LEFT_X":"430957.191","UPPER_LEFT_Y":"9179878.444","LOWER_RIGHT_X":"431959.191","LOWER_RIGHT_Y":"9178876.444"},"geometry":{"type":"Polygon","coordinates":[[[-63.625661512333686,-7.41904157478307],[-63.616581813784038,-7.419054262152931],[-63.616594439069139,-7.428117622624371],[-63.625674323507646,-7.428104919587153],[-63.625661512333686,-7.41904157478307]]]}},
{"type":"Feature","properties":{"DESCRIPTION":"MDT_1468115.tif","FILENAME":"U:\\P589_AmazoniaRevelada_BR-319\\LiDAR_dataset\\ENTREGAS\\ENTREGA_01\\2_MDT\\GEOTIFF\\MDT_1468115.tif","SHRT_FNAME":"MDT_1468115.tif","UPPER_LEFT_X":"431957.286","UPPER_LEFT_Y":"9179878.444","LOWER_RIGHT_X":"432959.286","LOWER_RIGHT_Y":"9178876.444"},"geometry":{"type":"Polygon","coordinates":[[[-63.616599074284679,-7.419054238210196],[-63.607519359921021,-7.419066740493609],[-63.607531799669047,-7.428130116374272],[-63.616611699923162,-7.428117598652066],[-63.616599074284679,-7.419054238210196]]]}},
{"type":"Feature","properties":{"DESCRIPTION":"MDT_1468116.tif","FILENAME":"U:\\P589_AmazoniaRevelada_BR-319\\LiDAR_dataset\\ENTREGAS\\ENTREGA_01\\2_MDT\\GEOTIFF\\MDT_1468116.tif","SHRT_FNAME":"MDT_1468116.tif","UPPER_LEFT_X":"432957.382","UPPER_LEFT_Y":"9179878.444","LOWER_RIGHT_X":"433959.382","LOWER_RIGHT_Y":"9178876.444"},"geometry":{"type":"Polygon","coordinates":[[[-63.607536620451505,-7.419066716902724],[-63.59845689050622,-7.419079034098129],[-63.598469144715622,-7.428142425159892],[-63.607549060552905,-7.428130092754254],[-63.607536620451505,-7.419066716902724]]]}},
{"type":"Feature","properties":{"DESCRIPTION":"MDT_1468117.tif","FILENAME":"U:\\P589_AmazoniaRevelada_BR-319\\LiDAR_dataset\\ENTREGAS\\ENTREGA_01\\2_MDT\\GEOTIFF\\MDT_1468117.tif","SHRT_FNAME":"MDT_1468117.tif","UPPER_LEFT_X":"433957.477","UPPER_LEFT_Y":"9179878.444","LOWER_RIGHT_X":"434959.477","LOWER_RIGHT_Y":"9178876.444"},"geometry":{"type":"Polygon","coordinates":[[[-63.598474151066092,-7.419079010859098],[-63.589394405771586,-7.419091142964962],[-63.589406474440814,-7.428154548979696],[-63.598486405628883,-7.42814240189216],[-63.598474151066092,-7.419079010859098]]]}},
{"type":"Feature","properties":{"DESCRIPTION":"MDT_1468118.tif","FILENAME":"U:\\P589_AmazoniaRevelada_BR-319\\LiDAR_dataset\\ENTREGAS\\ENTREGA_01\\2_MDT\\GEOTIFF\\MDT_1468118.tif","SHRT_FNAME":"MDT_1468118.tif","UPPER_LEFT_X":"434957.572","UPPER_LEFT_Y":"9179878.444","LOWER_RIGHT_X":"435959.572","LOWER_RIGHT_Y":"9178876.444"},"geometry":{"type":"Polygon","coordinates":[[[-63.589411666360427,-7.419091120077785],[-63.58033190594908,-7.419103067092602],[-63.580343789076622,-7.428166487832182],[-63.589423735383029,-7.428154526064257],[-63.589411666360427,-7.419091120077785]]]}},
{"type":"Feature","properties":{"DESCRIPTION":"MDT_1468119.tif","FILENAME":"U:\\P589_AmazoniaRevelada_BR-319\\LiDAR_dataset\\ENTREGAS\\ENTREGA_01\\2_MDT\\GEOTIFF\\MDT_1468119.tif","SHRT_FNAME":"MDT_1468119.tif","UPPER_LEFT_X":"435957.667","UPPER_LEFT_Y":"9179878.444","LOWER_RIGHT_X":"436959.667","LOWER_RIGHT_Y":"9178876.444"},"geometry":{"type":"Polygon","coordinates":[[[-63.580349166566435,-7.419103044557287],[-63.571269391270675,-7.419114806479571],[-63.571281088855024,-7.428178241715861],[-63.580361050047358,-7.428166465269036],[-63.580349166566435,-7.419103044557287]]]}},
{"type":"Feature","properties":{"DESCRIPTION":"MDT_1468120.tif","FILENAME":"U:\\P589_AmazoniaRevelada_BR-319\\LiDAR_dataset\\ENTREGAS\\ENTREGA_01\\2_MDT\\GEOTIFF\\MDT_1468120.tif","SHRT_FNAME":"MDT_1468120.tif","UPPER_LEFT_X":"436957.762","UPPER_LEFT_Y":"9179878.444","LOWER_RIGHT_X":"437959.762","LOWER_RIGHT_Y":"9178876.444"},"geometry":{"type":"Polygon","coordinates":[[[-63.57128665191609,-7.419114784296115],[-63.562206861968292,-7.419126361124404],[-63.562218374007983,-7.428189810629268],[-63.571298349853834,-7.42817821950501],[-63.57128665191609,-7.419114784296115]]]}},
{"type":"Feature","properties":{"DESCRIPTION":"MDT_1468121.tif","FILENAME":"U:\\P589_AmazoniaRevelada_BR-319\\LiDAR_dataset\\ENTREGAS\\ENTREGA_01\\2_MDT\\GEOTIFF\\MDT_1468121.tif","SHRT_FNAME":"MDT_1468121.tif","UPPER_LEFT_X":"437957.858","UPPER_LEFT_Y":"9179878.444","LOWER_RIGHT_X":"438959.858","LOWER_RIGHT_Y":"9178876.444"},"geometry":{"type":"Polygon","coordinates":[[[-63.562224122641354,-7.41912633929281],[-63.55314431827393,-7.41913773102566],[-63.553155644767514,-7.428201194570972],[-63.562235635034448,-7.42818978877072],[-63.562224122641354,-7.41912633929281]]]}},
{"type":"Feature","properties":{"DESCRIPTION":"MDT_1468122.tif","FILENAME":"U:\\P589_AmazoniaRevelada_BR-319\\LiDAR_dataset\\ENTREGAS\\ENTREGA_01\\2_MDT\\GEOTIFF\\MDT_1468122.tif","SHRT_FNAME":"MDT_1468122.tif","UPPER_LEFT_X":"438957.953","UPPER_LEFT_Y":"9179878.444","LOWER_RIGHT_X":"439959.953","LOWER_RIGHT_Y":"9178876.444"},"geometry":{"type":"Polygon","coordinates":[[[-63.553161578974176,-7.419137709545938],[-63.544081760419516,-7.419148916181931],[-63.544092901365588,-7.428212393539551],[-63.553172905821164,-7.428201173064723],[-63.553161578974176,-7.419137709545938]]]}},
{"type":"Feature","properties":{"DESCRIPTION":"MDT_1468123.tif","FILENAME":"U:\\P589_AmazoniaRevelada_BR-319\\LiDAR_dataset\\ENTREGAS\\ENTREGA_01\\2_MDT\\GEOTIFF\\MDT_1468123.tif","SHRT_FNAME":"MDT_1468123.tif","UPPER_LEFT_X":"439958.048","UPPER_LEFT_Y":"9179878.444","LOWER_RIGHT_X":"440960.048","LOWER_RIGHT_Y":"9178876.444"},"geometry":{"type":"Polygon","coordinates":[[[-63.544099021146522,-7.419148895054079],[-63.535019188637037,-7.419159916591825],[-63.535030144034188,-7.428223407533614],[-63.544110162445975,-7.428212372385606],[-63.544099021146522,-7.419148895054079]]]}},
{"type":"Feature","properties":{"DESCRIPTION":"MDT_1468124.tif","FILENAME":"U:\\P589_AmazoniaRevelada_BR-319\\LiDAR_dataset\\ENTREGAS\\ENTREGA_01\\2_MDT\\GEOTIFF\\MDT_1468124.tif","SHRT_FNAME":"MDT_1468124.tif","UPPER_LEFT_X":"440958.143","UPPER_LEFT_Y":"9179878.444","LOWER_RIGHT_X":"441960.143","LOWER_RIGHT_Y":"9178876.444"},"geometry":{"type":"Polygon","coordinates":[[[-63.535036449390347,-7.419159895815846],[-63.525956603158463,-7.419170732253972],[-63.525967373005301,-7.428234236551787],[-63.535047405140887,-7.428223386731975],[-63.535036449390347,-7.419159895815846]]]}},
{"type":"Feature","properties":{"DESCRIPTION":"MDT_1468125.tif","FILENAME":"U:\\P589_AmazoniaRevelada_BR-319\\LiDAR_dataset\\ENTREGAS\\ENTREGA_01\\2_MDT\\GEOTIFF\\MDT_1468125.tif","SHRT_FNAME":"MDT_1468125.tif","UPPER_LEFT_X":"441958.238","UPPER_LEFT_Y":"9179878.444","LOWER_RIGHT_X":"442960.238","LOWER_RIGHT_Y":"9178876.444"},"geometry":{"type":"Polygon","coordinates":[[[-63.525973863937629,-7.419170711829866],[-63.51689400421575,-7.419181363167025],[-63.516904588510933,-7.428244880592728],[-63.525984634137878,-7.428234216102459],[-63.525973863937629,-7.419170711829866]]]}},
{"type":"Feature","properties":{"DESCRIPTION":"MDT_1468126.tif","FILENAME":"U:\\P589_AmazoniaRevelada_BR-319\\LiDAR_dataset\\ENTREGAS\\ENTREGA_01\\2_MDT\\GEOTIFF\\MDT_1468126.tif","SHRT_FNAME":"MDT_1468126.tif","UPPER_LEFT_X":"442958.334","UPPER_LEFT_Y":"9179878.444","LOWER_RIGHT_X":"443960.334","LOWER_RIGHT_Y":"9178876.444"},"geometry":{"type":"Polygon","coordinates":[[[-63.516911265020347,-7.419181343094797],[-63.507831392040877,-7.419191809329667],[-63.507841790783075,-7.428255339655109],[-63.516921849668933,-7.428244860495711],[-63.516911265020347,-7.419181343094797]]]}},
{"type":"Feature","properties":{"DESCRIPTION":"MDT_1468127.tif","FILENAME":"U:\\P589_AmazoniaRevelada_BR-319\\LiDAR_dataset\\ENTREGAS\\ENTREGA_01\\2_MDT\\GEOTIFF\\MDT_1468127.tif","SHRT_FNAME":"MDT_1468127.tif","UPPER_LEFT_X":"443958.429","UPPER_LEFT_Y":"9179878.444","LOWER_RIGHT_X":"444960.429","LOWER_RIGHT_Y":"9178876.444"},"geometry":{"type":"Polygon","coordinates":[[[-63.507848652870443,-7.41919178960932],[-63.498768766865801,-7.419202070740596],[-63.4987789800537,-7.42826561373763],[-63.507859051966051,-7.42825531991041],[-63.507848652870443,-7.41919178960932]]]}},
{"type":"Feature","properties":{"DESCRIPTION":"MDT_1468128.tif","FILENAME":"U:\\P589_AmazoniaRevelada_BR-319\\LiDAR_dataset\\ENTREGAS\\ENTREGA_01\\2_MDT\\GEOTIFF\\MDT_1468128.tif","SHRT_FNAME":"MDT_1468128.tif","UPPER_LEFT_X":"444958.524","UPPER_LEFT_Y":"9179878.444","LOWER_RIGHT_X":"445960.524","LOWER_RIGHT_Y":"9178876.444"},"geometry":{"type":"Polygon","coordinates":[[[-63.498786027719909,-7.419202051372129],[-63.489706128922499,-7.419212147398532],[-63.489716156554834,-7.428275702839017],[-63.498796241261232,-7.42826559434525],[-63.498786027719909,-7.419202051372129]]]}},
{"type":"Feature","properties":{"DESCRIPTION":"MDT_1468129.tif","FILENAME":"U:\\P589_AmazoniaRevelada_BR-319\\LiDAR_dataset\\ENTREGAS\\ENTREGA_01\\2_MDT\\GEOTIFF\\MDT_1468129.tif","SHRT_FNAME":"MDT_1468129.tif","UPPER_LEFT_X":"445958.619","UPPER_LEFT_Y":"9179878.444","LOWER_RIGHT_X":"446960.619","LOWER_RIGHT_Y":"9178876.444"},"geometry":{"type":"Polygon","coordinates":[[[-63.489723389800723,-7.419212128381952],[-63.480643478442957,-7.419222039302224],[-63.480653320518456,-7.428285606958013],[-63.489733417786461,-7.428275683798953],[-63.489723389800723,-7.419212128381952]]]}},
{"type":"Feature","properties":{"DESCRIPTION":"MDT_1468130.tif","FILENAME":"U:\\P589_AmazoniaRevelada_BR-319\\LiDAR_dataset\\ENTREGAS\\ENTREGA_01\\2_MDT\\GEOTIFF\\MDT_1468130.tif","SHRT_FNAME":"MDT_1468130.tif","UPPER_LEFT_X":"446958.714","UPPER_LEFT_Y":"9179878.444","LOWER_RIGHT_X":"447960.714","LOWER_RIGHT_Y":"9178876.444"},"geometry":{"type":"Polygon","coordinates":[[[-63.480660739344827,-7.419222020637532],[-63.471580815659145,-7.419231746450443],[-63.471590472176587,-7.428295326093382],[-63.480670581773751,-7.428285588270271],[-63.480660739344827,-7.419222020637532]]]}},
{"type":"Feature","properties":{"DESCRIPTION":"MDT_1468131.tif","FILENAME":"U:\\P589_AmazoniaRevelada_BR-319\\LiDAR_dataset\\ENTREGAS\\ENTREGA_01\\2_MDT\\GEOTIFF\\MDT_1468131.tif","SHRT_FNAME":"MDT_1468131.tif","UPPER_LEFT_X":"447958.810","UPPER_LEFT_Y":"9179878.444","LOWER_RIGHT_X":"448960.810","LOWER_RIGHT_Y":"9178876.444"},"geometry":{"type":"Polygon","coordinates":[[[-63.471598076584236,-7.419231728137641],[-63.462518140803056,-7.41924126884198],[-63.462527611761196,-7.428304860243918],[-63.47160773345508,-7.428295307757966],[-63.471598076584236,-7.419231728137641]]]}},
{"type":"Feature","properties":{"DESCRIPTION":"MDT_1468132.tif","FILENAME":"U:\\P589_AmazoniaRevelada_BR-319\\LiDAR_dataset\\ENTREGAS\\ENTREGA_01\\2_MDT\\GEOTIFF\\MDT_1468132.tif","SHRT_FNAME":"MDT_1468132.tif","UPPER_LEFT_X":"448958.905","UPPER_LEFT_Y":"9179878.444","LOWER_RIGHT_X":"449960.905","LOWER_RIGHT_Y":"9178876.444"},"geometry":{"type":"Polygon","coordinates":[[[-63.462535401750905,-7.41924125088107],[-63.453455454106638,-7.419250606475651],[-63.453464739504312,-7.428314209408437],[-63.46254487306247,-7.42830484226083],[-63.462535401750905,-7.41924125088107]]]}},
{"type":"Feature","properties":{"DESCRIPTION":"MDT_1468133.tif","FILENAME":"U:\\P589_AmazoniaRevelada_BR-319\\LiDAR_dataset\\ENTREGAS\\ENTREGA_01\\2_MDT\\GEOTIFF\\MDT_1468133.tif","SHRT_FNAME":"MDT_1468133.tif","UPPER_LEFT_X":"449959.000","UPPER_LEFT_Y":"9179878.444","LOWER_RIGHT_X":"450961.000","LOWER_RIGHT_Y":"9178876.444"},"geometry":{"type":"Polygon","coordinates":[[[-63.453472715076828,-7.419250588866637],[-63.4443927558019,-7.419259759350295],[-63.444401855637921,-7.428323373585771],[-63.453482000827925,-7.428314191777676],[-63.453472715076828,-7.419250588866637]]]}},
{"type":"Feature","properties":{"DESCRIPTION":"MDT_1468134.tif","FILENAME":"U:\\P589_AmazoniaRevelada_BR-319\\LiDAR_dataset\\ENTREGAS\\ENTREGA_01\\2_MDT\\GEOTIFF\\MDT_1468134.tif","SHRT_FNAME":"MDT_1468134.tif","UPPER_LEFT_X":"450959.095","UPPER_LEFT_Y":"9179878.444","LOWER_RIGHT_X":"451961.095","LOWER_RIGHT_Y":"9178876.444"},"geometry":{"type":"Polygon","coordinates":[[[-63.444410016793981,-7.419259742093177],[-63.435330046120811,-7.419268727464774],[-63.435338960394041,-7.428332352774785],[-63.444419116983426,-7.428323356307343],[-63.444410016793981,-7.419259742093177]]]}},
{"type":"Feature","properties":{"DESCRIPTION":"MDT_1468135.tif","FILENAME":"U:\\P589_AmazoniaRevelada_BR-319\\LiDAR_dataset\\ENTREGAS\\ENTREGA_01\\2_MDT\\GEOTIFF\\MDT_1468135.tif","SHRT_FNAME":"MDT_1468135.tif","UPPER_LEFT_X":"451959.190","UPPER_LEFT_Y":"9179878.444","LOWER_RIGHT_X":"452961.190","LOWER_RIGHT_Y":"9178876.444"},"geometry":{"type":"Polygon","coordinates":[[[-63.435347307134343,-7.419268710559555],[-63.426267325295363,-7.419277510817968],[-63.426276054004695,-7.428341146974359],[-63.435356221760998,-7.428332335848687],[-63.435347307134343,-7.419268710559555]]]}},
{"type":"Feature","properties":{"DESCRIPTION":"MDT_1468136.tif","FILENAME":"U:\\P589_AmazoniaRevelada_BR-319\\LiDAR_dataset\\ENTREGAS\\ENTREGA_01\\2_MDT\\GEOTIFF\\MDT_1468136.tif","SHRT_FNAME":"MDT_1468136.tif","UPPER_LEFT_X":"452959.286","UPPER_LEFT_Y":"9179878.444","LOWER_RIGHT_X":"453961.286","LOWER_RIGHT_Y":"9178876.444"},"geometry":{"type":"Polygon","coordinates":[[[-63.426284586329885,-7.419277494264651],[-63.417204593557528,-7.419286109408792],[-63.417213136701854,-7.428349756183401],[-63.426293315392655,-7.428341130400598],[-63.426284586329885,-7.419277494264651]]]}},
{"type":"Feature","properties":{"DESCRIPTION":"MDT_1468137.tif","FILENAME":"U:\\P589_AmazoniaRevelada_BR-319\\LiDAR_dataset\\ENTREGAS\\ENTREGA_01\\2_MDT\\GEOTIFF\\MDT_1468137.tif","SHRT_FNAME":"MDT_1468137.tif","UPPER_LEFT_X":"453959.381","UPPER_LEFT_Y":"9179878.444","LOWER_RIGHT_X":"454961.381","LOWER_RIGHT_Y":"9178876.444"},"geometry":{"type":"Polygon","coordinates":[[[-63.417221854612627,-7.419286093207374],[-63.408141851139312,-7.41929452323617],[-63.408150208717565,-7.42835818040084],[-63.417230398110384,-7.428349739961978],[-63.417221854612627,-7.419286093207374]]]}},
{"type":"Feature","properties":{"DESCRIPTION":"MDT_1468138.tif","FILENAME":"U:\\P589_AmazoniaRevelada_BR-319\\LiDAR_dataset\\ENTREGAS\\ENTREGA_01\\2_MDT\\GEOTIFF\\MDT_1468138.tif","SHRT_FNAME":"MDT_1468138.tif","UPPER_LEFT_X":"454959.476","UPPER_LEFT_Y":"9179878.444","LOWER_RIGHT_X":"455961.476","LOWER_RIGHT_Y":"9178876.444"},"geometry":{"type":"Polygon","coordinates":[[[-63.408159112214534,-7.419294507386655],[-63.399079098272686,-7.419302752299058],[-63.399087270283808,-7.428366419625624],[-63.408167470146211,-7.428358164531754],[-63.408159112214534,-7.419294507386655]]]}},
{"type":"Feature","properties":{"DESCRIPTION":"MDT_1468139.tif","FILENAME":"U:\\P589_AmazoniaRevelada_BR-319\\LiDAR_dataset\\ENTREGAS\\ENTREGA_01\\2_MDT\\GEOTIFF\\MDT_1468139.tif","SHRT_FNAME":"MDT_1468139.tif","UPPER_LEFT_X":"455959.571","UPPER_LEFT_Y":"9179878.444","LOWER_RIGHT_X":"456961.571","LOWER_RIGHT_Y":"9178876.444"},"geometry":{"type":"Polygon","coordinates":[[[-63.39909635936759,-7.419302736801452],[-63.390016335189664,-7.419310796596428],[-63.390024321632616,-7.428374473856732],[-63.399104531732135,-7.428366404108881],[-63.39909635936759,-7.419302736801452]]]}},
{"type":"Feature","properties":{"DESCRIPTION":"MDT_1468140.tif","FILENAME":"U:\\P589_AmazoniaRevelada_BR-319\\LiDAR_dataset\\ENTREGAS\\ENTREGA_01\\2_MDT\\GEOTIFF\\MDT_1468140.tif","SHRT_FNAME":"MDT_1468140.tif","UPPER_LEFT_X":"456959.666","UPPER_LEFT_Y":"9179878.444","LOWER_RIGHT_X":"457961.666","LOWER_RIGHT_Y":"9178876.444"},"geometry":{"type":"Polygon","coordinates":[[[-63.390033596303795,-7.419310781450732],[-63.380953562122208,-7.419318656127286],[-63.380961362996018,-7.428382343093165],[-63.390041583100199,-7.428374458692333],[-63.390033596303795,-7.419310781450732]]]}},
{"type":"Feature","properties":{"DESCRIPTION":"MDT_1468141.tif","FILENAME":"U:\\P589_AmazoniaRevelada_BR-319\\LiDAR_dataset\\ENTREGAS\\ENTREGA_01\\2_MDT\\GEOTIFF\\MDT_1468141.tif","SHRT_FNAME":"MDT_1468141.tif","UPPER_LEFT_X":"457959.762","UPPER_LEFT_Y":"9179878.444","LOWER_RIGHT_X":"458961.762","LOWER_RIGHT_Y":"9178876.444"},"geometry":{"type":"Polygon","coordinates":[[[-63.38097082325514,-7.419318641333504],[-63.371890779302326,-7.419326330890653],[-63.371898394605985,-7.428390027333933],[-63.380978624482381,-7.428382328281106],[-63.38097082325514,-7.419318641333504]]]}},
{"type":"Feature","properties":{"DESCRIPTION":"MDT_1468142.tif","FILENAME":"U:\\P589_AmazoniaRevelada_BR-319\\LiDAR_dataset\\ENTREGAS\\ENTREGA_01\\2_MDT\\GEOTIFF\\MDT_1468142.tif","SHRT_FNAME":"MDT_1468142.tif","UPPER_LEFT_X":"458959.857","UPPER_LEFT_Y":"9179878.444","LOWER_RIGHT_X":"459961.857","LOWER_RIGHT_Y":"9178876.444"},"geometry":{"type":"Polygon","coordinates":[[[-63.371908040453604,-7.419326316448781],[-63.362827986962003,-7.419333820885573],[-63.362835416694573,-7.428397526578092],[-63.371915656110716,-7.428390012874226],[-63.371908040453604,-7.419326316448781]]]}},
{"type":"Feature","properties":{"DESCRIPTION":"MDT_1468143.tif","FILENAME":"U:\\P589_AmazoniaRevelada_BR-319\\LiDAR_dataset\\ENTREGAS\\ENTREGA_01\\2_MDT\\GEOTIFF\\MDT_1468143.tif","SHRT_FNAME":"MDT_1468143.tif","UPPER_LEFT_X":"459959.952","UPPER_LEFT_Y":"9179878.444","LOWER_RIGHT_X":"460961.952","LOWER_RIGHT_Y":"9178876.444"},"geometry":{"type":"Polygon","coordinates":[[[-63.362845248131208,-7.419333806795613],[-63.353765185333252,-7.419341126111112],[-63.353772429493795,-7.428404840824705],[-63.362852678217216,-7.428397512470732],[-63.362845248131208,-7.419333806795613]]]}},
{"type":"Feature","properties":{"DESCRIPTION":"MDT_1468144.tif","FILENAME":"U:\\P589_AmazoniaRevelada_BR-319\\LiDAR_dataset\\ENTREGAS\\ENTREGA_01\\2_MDT\\GEOTIFF\\MDT_1468144.tif","SHRT_FNAME":"MDT_1468144.tif","UPPER_LEFT_X":"460960.047","UPPER_LEFT_Y":"9179878.444","LOWER_RIGHT_X":"461962.047","LOWER_RIGHT_Y":"9178876.444"},"geometry":{"type":"Polygon","coordinates":[[[-63.353782446519915,-7.41934111237307],[-63.344702374648051,-7.419348246566364],[-63.344709433235657,-7.42841197007286],[-63.353789691033896,-7.428404827069695],[-63.353782446519915,-7.41934111237307]]]}},
{"type":"Feature","properties":{"DESCRIPTION":"MDT_1468145.tif","FILENAME":"U:\\P589_AmazoniaRevelada_BR-319\\LiDAR_dataset\\ENTREGAS\\ENTREGA_01\\2_MDT\\GEOTIFF\\MDT_1468145.tif","SHRT_FNAME":"MDT_1468145.tif","UPPER_LEFT_X":"461960.142","UPPER_LEFT_Y":"9179878.444","LOWER_RIGHT_X":"462962.142","LOWER_RIGHT_Y":"9178876.444"},"geometry":{"type":"Polygon","coordinates":[[[-63.344719635851746,-7.419348233180238],[-63.335639555138414,-7.419355182250443],[-63.335646428152188,-7.428418914321669],[-63.344726694792797,-7.4284119566702],[-63.344719635851746,-7.419348233180238]]]}},
{"type":"Feature","properties":{"DESCRIPTION":"MDT_1468146.tif","FILENAME":"U:\\P589_AmazoniaRevelada_BR-319\\LiDAR_dataset\\ENTREGAS\\ENTREGA_01\\2_MDT\\GEOTIFF\\MDT_1468146.tif","SHRT_FNAME":"MDT_1468146.tif","UPPER_LEFT_X":"462960.238","UPPER_LEFT_Y":"9179878.444","LOWER_RIGHT_X":"463962.238","LOWER_RIGHT_Y":"9178876.444"},"geometry":{"type":"Polygon","coordinates":[[[-63.335656816358686,-7.419355169216235],[-63.326576727036318,-7.419361933162483],[-63.326583414475401,-7.428425673570274],[-63.335663689725905,-7.428418901271369],[-63.335656816358686,-7.419355169216235]]]}},
{"type":"Feature","properties":{"DESCRIPTION":"MDT_1468147.tif","FILENAME":"U:\\P589_AmazoniaRevelada_BR-319\\LiDAR_dataset\\ENTREGAS\\ENTREGA_01\\2_MDT\\GEOTIFF\\MDT_1468147.tif","SHRT_FNAME":"MDT_1468147.tif","UPPER_LEFT_X":"463960.333","UPPER_LEFT_Y":"9179878.444","LOWER_RIGHT_X":"464962.333","LOWER_RIGHT_Y":"9178876.444"},"geometry":{"type":"Polygon","coordinates":[[[-63.326593988272748,-7.419361920480197],[-63.317513890573792,-7.41936849930165],[-63.317520392437338,-7.428432247817832],[-63.326600676065276,-7.428425660872331],[-63.326593988272748,-7.419361920480197]]]}},
{"type":"Feature","properties":{"DESCRIPTION":"MDT_1469101.tif","FILENAME":"U:\\P589_AmazoniaRevelada_BR-319\\LiDAR_dataset\\ENTREGAS\\ENTREGA_01\\2_MDT\\GEOTIFF\\MDT_1469101.tif","SHRT_FNAME":"MDT_1469101.tif","UPPER_LEFT_X":"417955.954","UPPER_LEFT_Y":"9178878.569","LOWER_RIGHT_X":"418957.954","LOWER_RIGHT_Y":"9177876.569"},"geometry":{"type":"Polygon","coordinates":[[[-63.743486855755563,-7.427904041719206],[-63.734407198463181,-7.42791915365985],[-63.734422254409807,-7.436982289339085],[-63.74350209780102,-7.43696715875929],[-63.743486855755563,-7.427904041719206]]]}},
{"type":"Feature","properties":{"DESCRIPTION":"MDT_1469102.tif","FILENAME":"U:\\P589_AmazoniaRevelada_BR-319\\LiDAR_dataset\\ENTREGAS\\ENTREGA_01\\2_MDT\\GEOTIFF\\MDT_1469102.tif","SHRT_FNAME":"MDT_1469102.tif","UPPER_LEFT_X":"418956.049","UPPER_LEFT_Y":"9178878.569","LOWER_RIGHT_X":"419958.049","LOWER_RIGHT_Y":"9177876.569"},"geometry":{"type":"Polygon","coordinates":[[[-63.734424458888256,-7.427919125108207],[-63.72534478275908,-7.427934051756666],[-63.72535965295873,-7.436997205811293],[-63.734439515188654,-7.436982260752226],[-63.734424458888256,-7.427919125108207]]]}},
{"type":"Feature","properties":{"DESCRIPTION":"MDT_1469103.tif","FILENAME":"U:\\P589_AmazoniaRevelada_BR-319\\LiDAR_dataset\\ENTREGAS\\ENTREGA_01\\2_MDT\\GEOTIFF\\MDT_1469103.tif","SHRT_FNAME":"MDT_1469103.tif","UPPER_LEFT_X":"419956.144","UPPER_LEFT_Y":"9178878.569","LOWER_RIGHT_X":"420958.144","LOWER_RIGHT_Y":"9177876.569"},"geometry":{"type":"Polygon","coordinates":[[[-63.725362043219739,-7.427934023557264],[-63.716282348486139,-7.427948764911681],[-63.716297032936957,-7.43701193711359],[-63.725376913773175,-7.43699717757711],[-63.725362043219739,-7.427934023557264]]]}},
{"type":"Feature","properties":{"DESCRIPTION":"MDT_1469104.tif","FILENAME":"U:\\P589_AmazoniaRevelada_BR-319\\LiDAR_dataset\\ENTREGAS\\ENTREGA_01\\2_MDT\\GEOTIFF\\MDT_1469104.tif","SHRT_FNAME":"MDT_1469104.tif","UPPER_LEFT_X":"420956.239","UPPER_LEFT_Y":"9178878.569","LOWER_RIGHT_X":"421958.239","LOWER_RIGHT_Y":"9177876.569"},"geometry":{"type":"Polygon","coordinates":[[[-63.716299608981956,-7.427948737064522],[-63.707219895876307,-7.427963293123061],[-63.70723439457646,-7.437026483244149],[-63.716314293786546,-7.43701190923209],[-63.716299608981956,-7.427948737064522]]]}},
{"type":"Feature","properties":{"DESCRIPTION":"MDT_1469105.tif","FILENAME":"U:\\P589_AmazoniaRevelada_BR-319\\LiDAR_dataset\\ENTREGAS\\ENTREGA_01\\2_MDT\\GEOTIFF\\MDT_1469105.tif","SHRT_FNAME":"MDT_1469105.tif","UPPER_LEFT_X":"421956.334","UPPER_LEFT_Y":"9178878.569","LOWER_RIGHT_X":"422958.334","LOWER_RIGHT_Y":"9177876.569"},"geometry":{"type":"Polygon","coordinates":[[[-63.707237156406826,-7.427963265628155],[-63.698157425161533,-7.427977636389005],[-63.698171738109188,-7.437040844201157],[-63.707251655460759,-7.437026455715331],[-63.707237156406826,-7.427963265628155]]]}},
{"type":"Feature","properties":{"DESCRIPTION":"MDT_1469106.tif","FILENAME":"U:\\P589_AmazoniaRevelada_BR-319\\LiDAR_dataset\\ENTREGAS\\ENTREGA_01\\2_MDT\\GEOTIFF\\MDT_1469106.tif","SHRT_FNAME":"MDT_1469106.tif","UPPER_LEFT_X":"422956.430","UPPER_LEFT_Y":"9178878.569","LOWER_RIGHT_X":"423958.430","LOWER_RIGHT_Y":"9177876.569"},"geometry":{"type":"Polygon","coordinates":[[[-63.698174685726315,-7.427977609246351],[-63.689094936573788,-7.427991794707727],[-63.689109063767141,-7.437055019982825],[-63.698188999027749,-7.437040817025022],[-63.698174685726315,-7.427977609246351]]]}},
{"type":"Feature","properties":{"DESCRIPTION":"MDT_1469107.tif","FILENAME":"U:\\P589_AmazoniaRevelada_BR-319\\LiDAR_dataset\\ENTREGAS\\ENTREGA_01\\2_MDT\\GEOTIFF\\MDT_1469107.tif","SHRT_FNAME":"MDT_1469107.tif","UPPER_LEFT_X":"423956.525","UPPER_LEFT_Y":"9178878.569","LOWER_RIGHT_X":"424958.525","LOWER_RIGHT_Y":"9177876.569"},"geometry":{"type":"Polygon","coordinates":[[[-63.689112197172392,-7.427991767917324],[-63.680032430345008,-7.428005768077462],[-63.680046371782275,-7.4370690105874],[-63.689126324719531,-7.437054993159383],[-63.689112197172392,-7.427991767917324]]]}},
{"type":"Feature","properties":{"DESCRIPTION":"MDT_1469108.tif","FILENAME":"U:\\P589_AmazoniaRevelada_BR-319\\LiDAR_dataset\\ENTREGAS\\ENTREGA_01\\2_MDT\\GEOTIFF\\MDT_1469108.tif","SHRT_FNAME":"MDT_1469108.tif","UPPER_LEFT_X":"424956.620","UPPER_LEFT_Y":"9178878.569","LOWER_RIGHT_X":"425958.620","LOWER_RIGHT_Y":"9177876.569"},"geometry":{"type":"Polygon","coordinates":[[[-63.680049690976993,-7.428005741639319],[-63.670969906707143,-7.428019556496475],[-63.670983662386597,-7.437082816013129],[-63.680063632768061,-7.437068984116648],[-63.680049690976993,-7.428005741639319]]]}},
{"type":"Feature","properties":{"DESCRIPTION":"MDT_1469109.tif","FILENAME":"U:\\P589_AmazoniaRevelada_BR-319\\LiDAR_dataset\\ENTREGAS\\ENTREGA_01\\2_MDT\\GEOTIFF\\MDT_1469109.tif","SHRT_FNAME":"MDT_1469109.tif","UPPER_LEFT_X":"425956.715","UPPER_LEFT_Y":"9178878.569","LOWER_RIGHT_X":"426958.715","LOWER_RIGHT_Y":"9177876.569"},"geometry":{"type":"Polygon","coordinates":[[[-63.670987167372068,-7.428019530410594],[-63.661907365892176,-7.42803315996305],[-63.661920935812077,-7.437096436258298],[-63.671000923405323,-7.437082789895074],[-63.670987167372068,-7.428019530410594]]]}},
{"type":"Feature","properties":{"DESCRIPTION":"MDT_1469110.tif","FILENAME":"U:\\P589_AmazoniaRevelada_BR-319\\LiDAR_dataset\\ENTREGAS\\ENTREGA_01\\2_MDT\\GEOTIFF\\MDT_1469110.tif","SHRT_FNAME":"MDT_1469110.tif","UPPER_LEFT_X":"426956.810","UPPER_LEFT_Y":"9178878.569","LOWER_RIGHT_X":"427958.810","LOWER_RIGHT_Y":"9177876.569"},"geometry":{"type":"Polygon","coordinates":[[[-63.661924626589588,-7.428033134229436],[-63.652844808132059,-7.428046578475499],[-63.652858192290687,-7.437109871321221],[-63.661938196863282,-7.437096410492944],[-63.661924626589588,-7.428033134229436]]]}},
{"type":"Feature","properties":{"DESCRIPTION":"MDT_1469111.tif","FILENAME":"U:\\P589_AmazoniaRevelada_BR-319\\LiDAR_dataset\\ENTREGAS\\ENTREGA_01\\2_MDT\\GEOTIFF\\MDT_1469111.tif","SHRT_FNAME":"MDT_1469111.tif","UPPER_LEFT_X":"427956.906","UPPER_LEFT_Y":"9178878.569","LOWER_RIGHT_X":"428958.906","LOWER_RIGHT_Y":"9177876.569"},"geometry":{"type":"Polygon","coordinates":[[[-63.652862068861516,-7.428046553094155],[-63.64378223365874,-7.428059812032146],[-63.643795432054425,-7.437123121200218],[-63.652875453373966,-7.43710984590857],[-63.652862068861516,-7.428046553094155]]]}},
{"type":"Feature","properties":{"DESCRIPTION":"MDT_1469112.tif","FILENAME":"U:\\P589_AmazoniaRevelada_BR-319\\LiDAR_dataset\\ENTREGAS\\ENTREGA_01\\2_MDT\\GEOTIFF\\MDT_1469112.tif","SHRT_FNAME":"MDT_1469112.tif","UPPER_LEFT_X":"428957.001","UPPER_LEFT_Y":"9178878.569","LOWER_RIGHT_X":"429959.001","LOWER_RIGHT_Y":"9177876.569"},"geometry":{"type":"Polygon","coordinates":[[[-63.643799494419817,-7.428059787003073],[-63.634719642704198,-7.428072860631354],[-63.634732655335284,-7.437136185893646],[-63.643812693169316,-7.437123096140275],[-63.643799494419817,-7.428059787003073]]]}},
{"type":"Feature","properties":{"DESCRIPTION":"MDT_1469113.tif","FILENAME":"U:\\P589_AmazoniaRevelada_BR-319\\LiDAR_dataset\\ENTREGAS\\ENTREGA_01\\2_MDT\\GEOTIFF\\MDT_1469113.tif","SHRT_FNAME":"MDT_1469113.tif","UPPER_LEFT_X":"429957.096","UPPER_LEFT_Y":"9178878.569","LOWER_RIGHT_X":"430959.096","LOWER_RIGHT_Y":"9177876.569"},"geometry":{"type":"Polygon","coordinates":[[[-63.634736903496453,-7.428072835954551],[-63.625657035500396,-7.428085724271489],[-63.625669862365264,-7.437149065399876],[-63.634749916481347,-7.43713616118641],[-63.634736903496453,-7.428072835954551]]]}},
{"type":"Feature","properties":{"DESCRIPTION":"MDT_1469114.tif","FILENAME":"U:\\P589_AmazoniaRevelada_BR-319\\LiDAR_dataset\\ENTREGAS\\ENTREGA_01\\2_MDT\\GEOTIFF\\MDT_1469114.tif","SHRT_FNAME":"MDT_1469114.tif","UPPER_LEFT_X":"430957.191","UPPER_LEFT_Y":"9178878.569","LOWER_RIGHT_X":"431959.191","LOWER_RIGHT_Y":"9177876.569"},"geometry":{"type":"Polygon","coordinates":[[[-63.625674296323382,-7.428085699946968],[-63.616594412279319,-7.428098402950958],[-63.616607053376327,-7.437161759717307],[-63.62568712354205,-7.437149041045353],[-63.625674296323382,-7.428085699946968]]]}},
{"type":"Feature","properties":{"DESCRIPTION":"MDT_1469115.tif","FILENAME":"U:\\P589_AmazoniaRevelada_BR-319\\LiDAR_dataset\\ENTREGAS\\ENTREGA_01\\2_MDT\\GEOTIFF\\MDT_1469115.tif","SHRT_FNAME":"MDT_1469115.tif","UPPER_LEFT_X":"431957.286","UPPER_LEFT_Y":"9178878.569","LOWER_RIGHT_X":"432959.286","LOWER_RIGHT_Y":"9177876.569"},"geometry":{"type":"Polygon","coordinates":[[[-63.616611673132574,-7.428098378978718],[-63.607531773272925,-7.428110896668184],[-63.607544228600496,-7.437174268844363],[-63.616624314583404,-7.437161735715499],[-63.616611673132574,-7.428098378978718]]]}},
{"type":"Feature","properties":{"DESCRIPTION":"MDT_1469116.tif","FILENAME":"U:\\P589_AmazoniaRevelada_BR-319\\LiDAR_dataset\\ENTREGAS\\ENTREGA_01\\2_MDT\\GEOTIFF\\MDT_1469116.tif","SHRT_FNAME":"MDT_1469116.tif","UPPER_LEFT_X":"432957.382","UPPER_LEFT_Y":"9178878.569","LOWER_RIGHT_X":"433959.382","LOWER_RIGHT_Y":"9177876.569"},"geometry":{"type":"Polygon","coordinates":[[[-63.60754903415603,-7.428110873048228],[-63.59846911871319,-7.428123205421612],[-63.598481388269747,-7.437186592779485],[-63.607561489837416,-7.437174245195274],[-63.60754903415603,-7.428110873048228]]]}},
{"type":"Feature","properties":{"DESCRIPTION":"MDT_1469117.tif","FILENAME":"U:\\P589_AmazoniaRevelada_BR-319\\LiDAR_dataset\\ENTREGAS\\ENTREGA_01\\2_MDT\\GEOTIFF\\MDT_1469117.tif","SHRT_FNAME":"MDT_1469117.tif","UPPER_LEFT_X":"433957.477","UPPER_LEFT_Y":"9178878.569","LOWER_RIGHT_X":"434959.477","LOWER_RIGHT_Y":"9177876.569"},"geometry":{"type":"Polygon","coordinates":[[[-63.598486379625697,-7.428123182153941],[-63.589406448832086,-7.428135329209708],[-63.589418532616108,-7.437198731521139],[-63.598498649536083,-7.437186569483117],[-63.598486379625697,-7.428123182153941]]]}},
{"type":"Feature","properties":{"DESCRIPTION":"MDT_1469118.tif","FILENAME":"U:\\P589_AmazoniaRevelada_BR-319\\LiDAR_dataset\\ENTREGAS\\ENTREGA_01\\2_MDT\\GEOTIFF\\MDT_1469118.tif","SHRT_FNAME":"MDT_1469118.tif","UPPER_LEFT_X":"434957.572","UPPER_LEFT_Y":"9178878.569","LOWER_RIGHT_X":"435959.572","LOWER_RIGHT_Y":"9177876.569"},"geometry":{"type":"Polygon","coordinates":[[[-63.589423709773548,-7.42813530629433],[-63.580343763861592,-7.428147268030966],[-63.58035566187155,-7.437210685067818],[-63.589435793911406,-7.437198708577496],[-63.589423709773548,-7.42813530629433]]]}},
{"type":"Feature","properties":{"DESCRIPTION":"MDT_1469119.tif","FILENAME":"U:\\P589_AmazoniaRevelada_BR-319\\LiDAR_dataset\\ENTREGAS\\ENTREGA_01\\2_MDT\\GEOTIFF\\MDT_1469119.tif","SHRT_FNAME":"MDT_1469119.tif","UPPER_LEFT_X":"435957.667","UPPER_LEFT_Y":"9178878.569","LOWER_RIGHT_X":"436959.667","LOWER_RIGHT_Y":"9177876.569"},"geometry":{"type":"Polygon","coordinates":[[[-63.580361024831575,-7.428147245467881],[-63.571281064033691,-7.428159021883902],[-63.571292776268102,-7.437222453418035],[-63.58037292319537,-7.437210662476901],[-63.580361024831575,-7.428147245467881]]]}},
{"type":"Feature","properties":{"DESCRIPTION":"MDT_1469120.tif","FILENAME":"U:\\P589_AmazoniaRevelada_BR-319\\LiDAR_dataset\\ENTREGAS\\ENTREGA_01\\2_MDT\\GEOTIFF\\MDT_1469120.tif","SHRT_FNAME":"MDT_1469120.tif","UPPER_LEFT_X":"436957.762","UPPER_LEFT_Y":"9178878.569","LOWER_RIGHT_X":"437959.762","LOWER_RIGHT_Y":"9177876.569"},"geometry":{"type":"Polygon","coordinates":[[[-63.571298325031769,-7.42815899967311],[-63.562218349580384,-7.428170590767054],[-63.562229876037755,-7.437234036570321],[-63.571310037620002,-7.437222431179848],[-63.571298325031769,-7.42815899967311]]]}},
{"type":"Feature","properties":{"DESCRIPTION":"MDT_1469121.tif","FILENAME":"U:\\P589_AmazoniaRevelada_BR-319\\LiDAR_dataset\\ENTREGAS\\ENTREGA_01\\2_MDT\\GEOTIFF\\MDT_1469121.tif","SHRT_FNAME":"MDT_1469121.tif","UPPER_LEFT_X":"437957.858","UPPER_LEFT_Y":"9178878.569","LOWER_RIGHT_X":"438959.858","LOWER_RIGHT_Y":"9177876.569"},"geometry":{"type":"Polygon","coordinates":[[[-63.562235610606081,-7.428170568908561],[-63.553155620733612,-7.428181974678982],[-63.553166961412515,-7.437245434523244],[-63.562247137417287,-7.437234014684869],[-63.562235610606081,-7.428170568908561]]]}},
{"type":"Feature","properties":{"DESCRIPTION":"MDT_1469122.tif","FILENAME":"U:\\P589_AmazoniaRevelada_BR-319\\LiDAR_dataset\\ENTREGAS\\ENTREGA_01\\2_MDT\\GEOTIFF\\MDT_1469122.tif","SHRT_FNAME":"MDT_1469122.tif","UPPER_LEFT_X":"438957.953","UPPER_LEFT_Y":"9178878.569","LOWER_RIGHT_X":"439959.953","LOWER_RIGHT_Y":"9177876.569"},"geometry":{"type":"Polygon","coordinates":[[[-63.553172881786509,-7.428181953172789],[-63.544092877725397,-7.42819317361827],[-63.544104032624396,-7.437256647275379],[-63.553184222819255,-7.437245412990525],[-63.553172881786509,-7.428181953172789]]]}},
{"type":"Feature","properties":{"DESCRIPTION":"MDT_1469123.tif","FILENAME":"U:\\P589_AmazoniaRevelada_BR-319\\LiDAR_dataset\\ENTREGAS\\ENTREGA_01\\2_MDT\\GEOTIFF\\MDT_1469123.tif","SHRT_FNAME":"MDT_1469123.tif","UPPER_LEFT_X":"439958.048","UPPER_LEFT_Y":"9178878.569","LOWER_RIGHT_X":"440960.048","LOWER_RIGHT_Y":"9177876.569"},"geometry":{"type":"Polygon","coordinates":[[[-63.544110138805053,-7.428193152464379],[-63.535030120787717,-7.428204187583524],[-63.535041089905413,-7.437267674825331],[-63.544121294057895,-7.437256626095397],[-63.544110138805053,-7.428193152464379]]]}},
{"type":"Feature","properties":{"DESCRIPTION":"MDT_1469124.tif","FILENAME":"U:\\P589_AmazoniaRevelada_BR-319\\LiDAR_dataset\\ENTREGAS\\ENTREGA_01\\2_MDT\\GEOTIFF\\MDT_1469124.tif","SHRT_FNAME":"MDT_1469124.tif","UPPER_LEFT_X":"440958.143","UPPER_LEFT_Y":"9178878.569","LOWER_RIGHT_X":"441960.143","LOWER_RIGHT_Y":"9177876.569"},"geometry":{"type":"Polygon","coordinates":[[[-63.535047381893676,-7.42820416678194],[-63.52596735015257,-7.428215016573374],[-63.525978133487577,-7.437278517171734],[-63.535058351365215,-7.437267653998092],[-63.535047381893676,-7.42820416678194]]]}},
{"type":"Feature","properties":{"DESCRIPTION":"MDT_1469125.tif","FILENAME":"U:\\P589_AmazoniaRevelada_BR-319\\LiDAR_dataset\\ENTREGAS\\ENTREGA_01\\2_MDT\\GEOTIFF\\MDT_1469125.tif","SHRT_FNAME":"MDT_1469125.tif","UPPER_LEFT_X":"441958.238","UPPER_LEFT_Y":"9178878.569","LOWER_RIGHT_X":"442960.238","LOWER_RIGHT_Y":"9177876.569"},"geometry":{"type":"Polygon","coordinates":[[[-63.525984611284393,-7.4282149961241],[-63.51690456605192,-7.428225660586474],[-63.516915163602896,-7.437289174313234],[-63.525995394973251,-7.437278496697238],[-63.525984611284393,-7.4282149961241]]]}},
{"type":"Feature","properties":{"DESCRIPTION":"MDT_1469126.tif","FILENAME":"U:\\P589_AmazoniaRevelada_BR-319\\LiDAR_dataset\\ENTREGAS\\ENTREGA_01\\2_MDT\\GEOTIFF\\MDT_1469126.tif","SHRT_FNAME":"MDT_1469126.tif","UPPER_LEFT_X":"442958.334","UPPER_LEFT_Y":"9178878.569","LOWER_RIGHT_X":"443960.334","LOWER_RIGHT_Y":"9177876.569"},"geometry":{"type":"Polygon","coordinates":[[[-63.516921827209174,-7.428225640489514],[-63.507841768717782,-7.428236119621502],[-63.507852180483383,-7.437299646248508],[-63.516932425113993,-7.437289154191485],[-63.516921827209174,-7.428225640489514]]]}},
{"type":"Feature","properties":{"DESCRIPTION":"MDT_1469127.tif","FILENAME":"U:\\P589_AmazoniaRevelada_BR-319\\LiDAR_dataset\\ENTREGAS\\ENTREGA_01\\2_MDT\\GEOTIFF\\MDT_1469127.tif","SHRT_FNAME":"MDT_1469127.tif","UPPER_LEFT_X":"443958.429","UPPER_LEFT_Y":"9178878.569","LOWER_RIGHT_X":"444960.429","LOWER_RIGHT_Y":"9177876.569"},"geometry":{"type":"Polygon","coordinates":[[[-63.507859029900025,-7.428236099876854],[-63.498778958382147,-7.428246393677155],[-63.498789184361073,-7.43730993297625],[-63.507869442019469,-7.437299626479507],[-63.507859029900025,-7.428236099876854]]]}},
{"type":"Feature","properties":{"DESCRIPTION":"MDT_1469128.tif","FILENAME":"U:\\P589_AmazoniaRevelada_BR-319\\LiDAR_dataset\\ENTREGAS\\ENTREGA_01\\2_MDT\\GEOTIFF\\MDT_1469128.tif","SHRT_FNAME":"MDT_1469128.tif","UPPER_LEFT_X":"444958.524","UPPER_LEFT_Y":"9178878.569","LOWER_RIGHT_X":"445960.524","LOWER_RIGHT_Y":"9177876.569"},"geometry":{"type":"Polygon","coordinates":[[[-63.498796219588932,-7.42824637428482],[-63.489716135277021,-7.428256482752151],[-63.489726175467979,-7.437320034495185],[-63.498806445921701,-7.437309913560001],[-63.498796219588932,-7.42824637428482]]]}},
{"type":"Feature","properties":{"DESCRIPTION":"MDT_1469129.tif","FILENAME":"U:\\P589_AmazoniaRevelada_BR-319\\LiDAR_dataset\\ENTREGAS\\ENTREGA_01\\2_MDT\\GEOTIFF\\MDT_1469129.tif","SHRT_FNAME":"MDT_1469129.tif","UPPER_LEFT_X":"445958.619","UPPER_LEFT_Y":"9178878.569","LOWER_RIGHT_X":"446960.619","LOWER_RIGHT_Y":"9177876.569"},"geometry":{"type":"Polygon","coordinates":[[[-63.489733396507887,-7.428256463712139],[-63.480653299634376,-7.428266386845241],[-63.480663154036101,-7.437329950804055],[-63.489743437052709,-7.437320015431689],[-63.489733396507887,-7.428256463712139]]]}},
{"type":"Feature","properties":{"DESCRIPTION":"MDT_1469130.tif","FILENAME":"U:\\P589_AmazoniaRevelada_BR-319\\LiDAR_dataset\\ENTREGAS\\ENTREGA_01\\2_MDT\\GEOTIFF\\MDT_1469130.tif","SHRT_FNAME":"MDT_1469130.tif","UPPER_LEFT_X":"446958.714","UPPER_LEFT_Y":"9178878.569","LOWER_RIGHT_X":"447960.714","LOWER_RIGHT_Y":"9177876.569"},"geometry":{"type":"Polygon","coordinates":[[[-63.480670560888917,-7.42826636815755],[-63.471590451686239,-7.428276105955191],[-63.471600120297495,-7.437339681901626],[-63.480680415644507,-7.437329932093314],[-63.480670560888917,-7.42826636815755]]]}},
{"type":"Feature","properties":{"DESCRIPTION":"MDT_1469131.tif","FILENAME":"U:\\P589_AmazoniaRevelada_BR-319\\LiDAR_dataset\\ENTREGAS\\ENTREGA_01\\2_MDT\\GEOTIFF\\MDT_1469131.tif","SHRT_FNAME":"MDT_1469131.tif","UPPER_LEFT_X":"447958.810","UPPER_LEFT_Y":"9178878.569","LOWER_RIGHT_X":"448960.810","LOWER_RIGHT_Y":"9177876.569"},"geometry":{"type":"Polygon","coordinates":[[[-63.471607712963994,-7.428276087619822],[-63.462527591664596,-7.428285640080791],[-63.462537074484182,-7.437349227786687],[-63.471617381929114,-7.437339663543643],[-63.471607712963994,-7.428276087619822]]]}},
{"type":"Feature","properties":{"DESCRIPTION":"MDT_1469132.tif","FILENAME":"U:\\P589_AmazoniaRevelada_BR-319\\LiDAR_dataset\\ENTREGAS\\ENTREGA_01\\2_MDT\\GEOTIFF\\MDT_1469132.tif","SHRT_FNAME":"MDT_1469132.tif","UPPER_LEFT_X":"448958.905","UPPER_LEFT_Y":"9178878.569","LOWER_RIGHT_X":"449960.905","LOWER_RIGHT_Y":"9177876.569"},"geometry":{"type":"Polygon","coordinates":[[[-63.462544852965117,-7.428285622097748],[-63.453464719801445,-7.428294989220856],[-63.453474016828167,-7.43735858845805],[-63.462554336138567,-7.437349209781464],[-63.462544852965117,-7.428285622097748]]]}},
{"type":"Feature","properties":{"DESCRIPTION":"MDT_1469133.tif","FILENAME":"U:\\P589_AmazoniaRevelada_BR-319\\LiDAR_dataset\\ENTREGAS\\ENTREGA_01\\2_MDT\\GEOTIFF\\MDT_1469133.tif","SHRT_FNAME":"MDT_1469133.tif","UPPER_LEFT_X":"449959.000","UPPER_LEFT_Y":"9178878.569","LOWER_RIGHT_X":"450961.000","LOWER_RIGHT_Y":"9177876.569"},"geometry":{"type":"Polygon","coordinates":[[[-63.453481981124312,-7.428294971590141],[-63.444401836328808,-7.428304153374224],[-63.444410947561494,-7.437367763914549],[-63.453491278504885,-7.437358570805588],[-63.453481981124312,-7.428294971590141]]]}},
{"type":"Feature","properties":{"DESCRIPTION":"MDT_1469134.tif","FILENAME":"U:\\P589_AmazoniaRevelada_BR-319\\LiDAR_dataset\\ENTREGAS\\ENTREGA_01\\2_MDT\\GEOTIFF\\MDT_1469134.tif","SHRT_FNAME":"MDT_1469134.tif","UPPER_LEFT_X":"450959.095","UPPER_LEFT_Y":"9178878.569","LOWER_RIGHT_X":"451961.095","LOWER_RIGHT_Y":"9177876.569"},"geometry":{"type":"Polygon","coordinates":[[[-63.444419097673567,-7.42830413609584],[-63.43533894147869,-7.42831313253975],[-63.435347866916175,-7.437376754155047],[-63.444428209260103,-7.437367746614855],[-63.444419097673567,-7.42830413609584]]]}},
{"type":"Feature","properties":{"DESCRIPTION":"MDT_1469135.tif","FILENAME":"U:\\P589_AmazoniaRevelada_BR-319\\LiDAR_dataset\\ENTREGAS\\ENTREGA_01\\2_MDT\\GEOTIFF\\MDT_1469135.tif","SHRT_FNAME":"MDT_1469135.tif","UPPER_LEFT_X":"451959.190","UPPER_LEFT_Y":"9178878.569","LOWER_RIGHT_X":"452961.190","LOWER_RIGHT_Y":"9177876.569"},"geometry":{"type":"Polygon","coordinates":[[[-63.435356202844893,-7.428313115613698],[-63.426276035483077,-7.428321926716323],[-63.426284775124266,-7.437385559178423],[-63.435365128636256,-7.437376737208119],[-63.435356202844893,-7.428313115613698]]]}},
{"type":"Feature","properties":{"DESCRIPTION":"MDT_1469136.tif","FILENAME":"U:\\P589_AmazoniaRevelada_BR-319\\LiDAR_dataset\\ENTREGAS\\ENTREGA_01\\2_MDT\\GEOTIFF\\MDT_1469136.tif","SHRT_FNAME":"MDT_1469136.tif","UPPER_LEFT_X":"452959.286","UPPER_LEFT_Y":"9178878.569","LOWER_RIGHT_X":"453961.286","LOWER_RIGHT_Y":"9177876.569"},"geometry":{"type":"Polygon","coordinates":[[[-63.426293296870284,-7.428321910142605],[-63.417213118574004,-7.428330535902849],[-63.417221672417774,-7.437394178983583],[-63.426302036865344,-7.437385542584265],[-63.426293296870284,-7.428321910142605]]]}},
{"type":"Feature","properties":{"DESCRIPTION":"MDT_1469137.tif","FILENAME":"U:\\P589_AmazoniaRevelada_BR-319\\LiDAR_dataset\\ENTREGAS\\ENTREGA_01\\2_MDT\\GEOTIFF\\MDT_1469137.tif","SHRT_FNAME":"MDT_1469137.tif","UPPER_LEFT_X":"453959.381","UPPER_LEFT_Y":"9178878.569","LOWER_RIGHT_X":"454961.381","LOWER_RIGHT_Y":"9177876.569"},"geometry":{"type":"Polygon","coordinates":[[[-63.417230379981774,-7.428330519681466],[-63.408150190983456,-7.428338960098252],[-63.408158559028763,-7.437402613569454],[-63.417238934179423,-7.437394162742193],[-63.417230379981774,-7.428330519681466]]]}},
{"type":"Feature","properties":{"DESCRIPTION":"MDT_1469138.tif","FILENAME":"U:\\P589_AmazoniaRevelada_BR-319\\LiDAR_dataset\\ENTREGAS\\ENTREGA_01\\2_MDT\\GEOTIFF\\MDT_1469138.tif","SHRT_FNAME":"MDT_1469138.tif","UPPER_LEFT_X":"454959.476","UPPER_LEFT_Y":"9178878.569","LOWER_RIGHT_X":"455961.476","LOWER_RIGHT_Y":"9177876.569"},"geometry":{"type":"Polygon","coordinates":[[[-63.408167452411362,-7.42833894422921],[-63.399087252943474,-7.428347199301488],[-63.399095435189238,-7.437410862934983],[-63.408175820810527,-7.437402597680837],[-63.408167452411362,-7.42833894422921]]]}},
{"type":"Feature","properties":{"DESCRIPTION":"MDT_1469139.tif","FILENAME":"U:\\P589_AmazoniaRevelada_BR-319\\LiDAR_dataset\\ENTREGAS\\ENTREGA_01\\2_MDT\\GEOTIFF\\MDT_1469139.tif","SHRT_FNAME":"MDT_1469139.tif","UPPER_LEFT_X":"455959.571","UPPER_LEFT_Y":"9178878.569","LOWER_RIGHT_X":"456961.571","LOWER_RIGHT_Y":"9177876.569"},"geometry":{"type":"Polygon","coordinates":[[[-63.399104514391055,-7.428347183784784],[-63.390024304686037,-7.428355253511531],[-63.390032301131242,-7.43741892707915],[-63.399112696990699,-7.437410847399144],[-63.399104514391055,-7.428347183784784]]]}},
{"type":"Feature","properties":{"DESCRIPTION":"MDT_1469140.tif","FILENAME":"U:\\P589_AmazoniaRevelada_BR-319\\LiDAR_dataset\\ENTREGAS\\ENTREGA_01\\2_MDT\\GEOTIFF\\MDT_1469140.tif","SHRT_FNAME":"MDT_1469140.tif","UPPER_LEFT_X":"456959.666","UPPER_LEFT_Y":"9178878.569","LOWER_RIGHT_X":"457961.666","LOWER_RIGHT_Y":"9177876.569"},"geometry":{"type":"Polygon","coordinates":[[[-63.390041566152867,-7.428355238347171],[-63.380961346443186,-7.428363122727377],[-63.380969157086838,-7.437426806000952],[-63.390049562951951,-7.437418911896088],[-63.390041566152867,-7.428355238347171]]]}},
{"type":"Feature","properties":{"DESCRIPTION":"MDT_1469141.tif","FILENAME":"U:\\P589_AmazoniaRevelada_BR-319\\LiDAR_dataset\\ENTREGAS\\ENTREGA_01\\2_MDT\\GEOTIFF\\MDT_1469141.tif","SHRT_FNAME":"MDT_1469141.tif","UPPER_LEFT_X":"457959.762","UPPER_LEFT_Y":"9178878.569","LOWER_RIGHT_X":"458961.762","LOWER_RIGHT_Y":"9177876.569"},"geometry":{"type":"Polygon","coordinates":[[[-63.380978607928803,-7.428363107915364],[-63.371898378446936,-7.42837080694805],[-63.371906003288025,-7.437434499699403],[-63.380986418926334,-7.437426791170668],[-63.380978607928803,-7.428363107915364]]]}},
{"type":"Feature","properties":{"DESCRIPTION":"MDT_1469142.tif","FILENAME":"U:\\P589_AmazoniaRevelada_BR-319\\LiDAR_dataset\\ENTREGAS\\ENTREGA_01\\2_MDT\\GEOTIFF\\MDT_1469142.tif","SHRT_FNAME":"MDT_1469142.tif","UPPER_LEFT_X":"458959.857","UPPER_LEFT_Y":"9178878.569","LOWER_RIGHT_X":"459961.857","LOWER_RIGHT_Y":"9177876.569"},"geometry":{"type":"Polygon","coordinates":[[[-63.371915639950913,-7.428370792488384],[-63.362835400929292,-7.428378306172595],[-63.362842839966881,-7.437442008173548],[-63.371923265145881,-7.437434485221897],[-63.371915639950913,-7.428370792488384]]]}},
{"type":"Feature","properties":{"DESCRIPTION":"MDT_1469143.tif","FILENAME":"U:\\P589_AmazoniaRevelada_BR-319\\LiDAR_dataset\\ENTREGAS\\ENTREGA_01\\2_MDT\\GEOTIFF\\MDT_1469143.tif","SHRT_FNAME":"MDT_1469143.tif","UPPER_LEFT_X":"459959.952","UPPER_LEFT_Y":"9178878.569","LOWER_RIGHT_X":"460961.952","LOWER_RIGHT_Y":"9177876.569"},"geometry":{"type":"Polygon","coordinates":[[[-63.362852662451175,-7.428378292065274],[-63.353772414122275,-7.428385620400076],[-63.353779667355418,-7.437449331422452],[-63.362860101842649,-7.437441994048824],[-63.362852662451175,-7.428378292065274]]]}},
{"type":"Feature","properties":{"DESCRIPTION":"MDT_1469144.tif","FILENAME":"U:\\P589_AmazoniaRevelada_BR-319\\LiDAR_dataset\\ENTREGAS\\ENTREGA_01\\2_MDT\\GEOTIFF\\MDT_1469144.tif","SHRT_FNAME":"MDT_1469144.tif","UPPER_LEFT_X":"460960.047","UPPER_LEFT_Y":"9178878.569","LOWER_RIGHT_X":"461962.047","LOWER_RIGHT_Y":"9177876.569"},"geometry":{"type":"Polygon","coordinates":[[[-63.353789675661638,-7.428385606645104],[-63.344709418257914,-7.428392749629585],[-63.344716485685701,-7.437456469445209],[-63.353796929248666,-7.437449317650516],[-63.353789675661638,-7.428385606645104]]]}},
{"type":"Feature","properties":{"DESCRIPTION":"MDT_1469145.tif","FILENAME":"U:\\P589_AmazoniaRevelada_BR-319\\LiDAR_dataset\\ENTREGAS\\ENTREGA_01\\2_MDT\\GEOTIFF\\MDT_1469145.tif","SHRT_FNAME":"MDT_1469145.tif","UPPER_LEFT_X":"461960.142","UPPER_LEFT_Y":"9178878.569","LOWER_RIGHT_X":"462962.142","LOWER_RIGHT_Y":"9177876.569"},"geometry":{"type":"Polygon","coordinates":[[[-63.3447266798143,-7.428392736226964],[-63.335646413568213,-7.428399693860234],[-63.335653295189765,-7.437463422240929],[-63.344733747595981,-7.43745645602606],[-63.3447266798143,-7.428392736226964]]]}},
{"type":"Feature","properties":{"DESCRIPTION":"MDT_1469146.tif","FILENAME":"U:\\P589_AmazoniaRevelada_BR-319\\LiDAR_dataset\\ENTREGAS\\ENTREGA_01\\2_MDT\\GEOTIFF\\MDT_1469146.tif","SHRT_FNAME":"MDT_1469146.tif","UPPER_LEFT_X":"462960.238","UPPER_LEFT_Y":"9178878.569","LOWER_RIGHT_X":"463962.238","LOWER_RIGHT_Y":"9177876.569"},"geometry":{"type":"Polygon","coordinates":[[[-63.335663675141184,-7.428399680809966],[-63.326583400285202,-7.428406453091161],[-63.32659009609965,-7.437470189808742],[-63.335670557116636,-7.437463409174565],[-63.335663675141184,-7.428399680809966]]]}},
{"type":"Feature","properties":{"DESCRIPTION":"MDT_1469147.tif","FILENAME":"U:\\P589_AmazoniaRevelada_BR-319\\LiDAR_dataset\\ENTREGAS\\ENTREGA_01\\2_MDT\\GEOTIFF\\MDT_1469147.tif","SHRT_FNAME":"MDT_1469147.tif","UPPER_LEFT_X":"463960.333","UPPER_LEFT_Y":"9178878.569","LOWER_RIGHT_X":"464962.333","LOWER_RIGHT_Y":"9177876.569"},"geometry":{"type":"Polygon","coordinates":[[[-63.32660066187433,-7.428406440393246],[-63.317520378640907,-7.428413027321521],[-63.317526888647414,-7.437476772147813],[-63.326607358042672,-7.437470177095166],[-63.32660066187433,-7.428406440393246]]]}},
{"type":"Feature","properties":{"DESCRIPTION":"MDT_1470101.tif","FILENAME":"U:\\P589_AmazoniaRevelada_BR-319\\LiDAR_dataset\\ENTREGAS\\ENTREGA_01\\2_MDT\\GEOTIFF\\MDT_1470101.tif","SHRT_FNAME":"MDT_1470101.tif","UPPER_LEFT_X":"417955.954","UPPER_LEFT_Y":"9177878.694","LOWER_RIGHT_X":"418957.954","LOWER_RIGHT_Y":"9176876.694"},"geometry":{"type":"Polygon","coordinates":[[[-63.743502065458664,-7.436947939602149],[-63.734422222462328,-7.436963070142415],[-63.734437297243296,-7.446026202103487],[-63.743517326571272,-7.446011052923342],[-63.743502065458664,-7.436947939602149]]]}},
{"type":"Feature","properties":{"DESCRIPTION":"MDT_1470102.tif","FILENAME":"U:\\P589_AmazoniaRevelada_BR-319\\LiDAR_dataset\\ENTREGAS\\ENTREGA_01\\2_MDT\\GEOTIFF\\MDT_1470102.tif","SHRT_FNAME":"MDT_1470102.tif","UPPER_LEFT_X":"418956.049","UPPER_LEFT_Y":"9177878.694","LOWER_RIGHT_X":"419958.049","LOWER_RIGHT_Y":"9176876.694"},"geometry":{"type":"Polygon","coordinates":[[[-63.734439483240436,-7.43696304155563],[-63.725359621405403,-7.436977986575656],[-63.725374510207033,-7.446041136912839],[-63.734454558375617,-7.446026173481483],[-63.734439483240436,-7.43696304155563]]]}},
{"type":"Feature","properties":{"DESCRIPTION":"MDT_1470103.tif","FILENAME":"U:\\P589_AmazoniaRevelada_BR-319\\LiDAR_dataset\\ENTREGAS\\ENTREGA_01\\2_MDT\\GEOTIFF\\MDT_1470103.tif","SHRT_FNAME":"MDT_1470103.tif","UPPER_LEFT_X":"419956.144","UPPER_LEFT_Y":"9177878.694","LOWER_RIGHT_X":"420958.144","LOWER_RIGHT_Y":"9176876.694"},"geometry":{"type":"Polygon","coordinates":[[[-63.725376882219095,-7.436977958341545],[-63.716297001777775,-7.436992717839471],[-63.716311704598212,-7.446055886324651],[-63.725391771374952,-7.446041108643947],[-63.725376882219095,-7.436977958341545]]]}},
{"type":"Feature","properties":{"DESCRIPTION":"MDT_1470104.tif","FILENAME":"U:\\P589_AmazoniaRevelada_BR-319\\LiDAR_dataset\\ENTREGAS\\ENTREGA_01\\2_MDT\\GEOTIFF\\MDT_1470104.tif","SHRT_FNAME":"MDT_1470104.tif","UPPER_LEFT_X":"420956.239","UPPER_LEFT_Y":"9177878.694","LOWER_RIGHT_X":"421958.239","LOWER_RIGHT_Y":"9176876.694"},"geometry":{"type":"Polygon","coordinates":[[[-63.716314262626618,-7.43699268995804],[-63.707234363811409,-7.437007263932029],[-63.707248880648812,-7.446070450337086],[-63.716328965801281,-7.446055858408872],[-63.716314262626618,-7.43699268995804]]]}},
{"type":"Feature","properties":{"DESCRIPTION":"MDT_1470105.tif","FILENAME":"U:\\P589_AmazoniaRevelada_BR-319\\LiDAR_dataset\\ENTREGAS\\ENTREGA_01\\2_MDT\\GEOTIFF\\MDT_1470105.tif","SHRT_FNAME":"MDT_1470105.tif","UPPER_LEFT_X":"421956.334","UPPER_LEFT_Y":"9177878.694","LOWER_RIGHT_X":"422958.334","LOWER_RIGHT_Y":"9176876.694"},"geometry":{"type":"Polygon","coordinates":[[[-63.707251624694976,-7.437007236403278],[-63.698171707738304,-7.437021624851519],[-63.69818603859084,-7.446084828948336],[-63.707266141886592,-7.446070422774427],[-63.707251624694976,-7.437007236403278]]]}},
{"type":"Feature","properties":{"DESCRIPTION":"MDT_1470106.tif","FILENAME":"U:\\P589_AmazoniaRevelada_BR-319\\LiDAR_dataset\\ENTREGAS\\ENTREGA_01\\2_MDT\\GEOTIFF\\MDT_1470106.tif","SHRT_FNAME":"MDT_1470106.tif","UPPER_LEFT_X":"422956.430","UPPER_LEFT_Y":"9177878.694","LOWER_RIGHT_X":"423958.430","LOWER_RIGHT_Y":"9176876.694"},"geometry":{"type":"Polygon","coordinates":[[[-63.698188968656112,-7.437021597675458],[-63.689109033790402,-7.437035800596157],[-63.689123178656274,-7.446099022156611],[-63.69820329986289,-7.446084801738795],[-63.698188968656112,-7.437021597675458]]]}},
{"type":"Feature","properties":{"DESCRIPTION":"MDT_1470107.tif","FILENAME":"U:\\P589_AmazoniaRevelada_BR-319\\LiDAR_dataset\\ENTREGAS\\ENTREGA_01\\2_MDT\\GEOTIFF\\MDT_1470107.tif","SHRT_FNAME":"MDT_1470107.tif","UPPER_LEFT_X":"423956.525","UPPER_LEFT_Y":"9177878.694","LOWER_RIGHT_X":"424958.525","LOWER_RIGHT_Y":"9176876.694"},"geometry":{"type":"Polygon","coordinates":[[[-63.689126294742053,-7.437035773772782],[-63.680046342199709,-7.43704979116418],[-63.680060301077127,-7.446113029960141],[-63.689140439962152,-7.44609899530019],[-63.689126294742053,-7.437035773772782]]]}},
{"type":"Feature","properties":{"DESCRIPTION":"MDT_1470108.tif","FILENAME":"U:\\P589_AmazoniaRevelada_BR-319\\LiDAR_dataset\\ENTREGAS\\ENTREGA_01\\2_MDT\\GEOTIFF\\MDT_1470108.tif","SHRT_FNAME":"MDT_1470108.tif","UPPER_LEFT_X":"424956.620","UPPER_LEFT_Y":"9177878.694","LOWER_RIGHT_X":"425958.620","LOWER_RIGHT_Y":"9176876.694"},"geometry":{"type":"Polygon","coordinates":[[[-63.680063603184728,-7.437049764693497],[-63.67098363319819,-7.437063596553844],[-63.670997406085405,-7.44612685235719],[-63.6800775624164,-7.446113003456849],[-63.680063603184728,-7.437049764693497]]]}},
{"type":"Feature","properties":{"DESCRIPTION":"MDT_1470109.tif","FILENAME":"U:\\P589_AmazoniaRevelada_BR-319\\LiDAR_dataset\\ENTREGAS\\ENTREGA_01\\2_MDT\\GEOTIFF\\MDT_1470109.tif","SHRT_FNAME":"MDT_1470109.tif","UPPER_LEFT_X":"425956.715","UPPER_LEFT_Y":"9177878.694","LOWER_RIGHT_X":"426958.715","LOWER_RIGHT_Y":"9176876.694"},"geometry":{"type":"Polygon","coordinates":[[[-63.671000894216149,-7.437063570435859],[-63.66192090701783,-7.437077216763434],[-63.661934493913115,-7.446140489346033],[-63.671014667457619,-7.446126826207026],[-63.671000894216149,-7.437063570435859]]]}},
{"type":"Feature","properties":{"DESCRIPTION":"MDT_1470110.tif","FILENAME":"U:\\P589_AmazoniaRevelada_BR-319\\LiDAR_dataset\\ENTREGAS\\ENTREGA_01\\2_MDT\\GEOTIFF\\MDT_1470110.tif","SHRT_FNAME":"MDT_1470110.tif","UPPER_LEFT_X":"426956.810","UPPER_LEFT_Y":"9177878.694","LOWER_RIGHT_X":"427958.810","LOWER_RIGHT_Y":"9176876.694"},"geometry":{"type":"Polygon","coordinates":[[[-63.661938168068296,-7.437077190998148],[-63.652858163890613,-7.43709065179126],[-63.652871564792264,-7.44615394092498],[-63.661951755317837,-7.446140463549009],[-63.661938168068296,-7.437077190998148]]]}},
{"type":"Feature","properties":{"DESCRIPTION":"MDT_1470111.tif","FILENAME":"U:\\P589_AmazoniaRevelada_BR-319\\LiDAR_dataset\\ENTREGAS\\ENTREGA_01\\2_MDT\\GEOTIFF\\MDT_1470111.tif","SHRT_FNAME":"MDT_1470111.tif","UPPER_LEFT_X":"427956.906","UPPER_LEFT_Y":"9177878.694","LOWER_RIGHT_X":"428958.906","LOWER_RIGHT_Y":"9176876.694"},"geometry":{"type":"Polygon","coordinates":[[[-63.652875424973139,-7.437090626378674],[-63.643795404048539,-7.437103901635643],[-63.643808618954864,-7.446167207092352],[-63.652888826229045,-7.446153915481088],[-63.652875424973139,-7.437090626378674]]]}},
{"type":"Feature","properties":{"DESCRIPTION":"MDT_1470112.tif","FILENAME":"U:\\P589_AmazoniaRevelada_BR-319\\LiDAR_dataset\\ENTREGAS\\ENTREGA_01\\2_MDT\\GEOTIFF\\MDT_1470112.tif","SHRT_FNAME":"MDT_1470112.tif","UPPER_LEFT_X":"428957.001","UPPER_LEFT_Y":"9177878.694","LOWER_RIGHT_X":"429959.001","LOWER_RIGHT_Y":"9176876.694"},"geometry":{"type":"Polygon","coordinates":[[[-63.643812665162663,-7.437103876575764],[-63.634732627723565,-7.43711696629494],[-63.634745656632916,-7.446180287846502],[-63.643825880423258,-7.446167182001601],[-63.643812665162663,-7.437103876575764]]]}},
{"type":"Feature","properties":{"DESCRIPTION":"MDT_1470113.tif","FILENAME":"U:\\P589_AmazoniaRevelada_BR-319\\LiDAR_dataset\\ENTREGAS\\ENTREGA_01\\2_MDT\\GEOTIFF\\MDT_1470113.tif","SHRT_FNAME":"MDT_1470113.tif","UPPER_LEFT_X":"429957.096","UPPER_LEFT_Y":"9177878.694","LOWER_RIGHT_X":"430959.096","LOWER_RIGHT_Y":"9176876.694"},"geometry":{"type":"Polygon","coordinates":[[[-63.634749888868875,-7.437116941587767],[-63.625669835147718,-7.437129845767525],[-63.625682678058446,-7.446193183185803],[-63.634762918132488,-7.446180263108894],[-63.634749888868875,-7.437116941587767]]]}},
{"type":"Feature","properties":{"DESCRIPTION":"MDT_1470114.tif","FILENAME":"U:\\P589_AmazoniaRevelada_BR-319\\LiDAR_dataset\\ENTREGAS\\ENTREGA_01\\2_MDT\\GEOTIFF\\MDT_1470114.tif","SHRT_FNAME":"MDT_1470114.tif","UPPER_LEFT_X":"430957.191","UPPER_LEFT_Y":"9177878.694","LOWER_RIGHT_X":"431959.191","LOWER_RIGHT_Y":"9176876.694"},"geometry":{"type":"Polygon","coordinates":[[[-63.625687096323752,-7.437129821413065],[-63.61660702655297,-7.437142540051793],[-63.616619683463469,-7.446205893108648],[-63.625699939588742,-7.446193158801341],[-63.625687096323752,-7.437129821413065]]]}},
{"type":"Feature","properties":{"DESCRIPTION":"MDT_1470115.tif","FILENAME":"U:\\P589_AmazoniaRevelada_BR-319\\LiDAR_dataset\\ENTREGAS\\ENTREGA_01\\2_MDT\\GEOTIFF\\MDT_1470115.tif","SHRT_FNAME":"MDT_1470115.tif","UPPER_LEFT_X":"431957.286","UPPER_LEFT_Y":"9177878.694","LOWER_RIGHT_X":"432959.286","LOWER_RIGHT_Y":"9176876.694"},"geometry":{"type":"Polygon","coordinates":[[[-63.616624287759294,-7.437142516050048],[-63.607544202171319,-7.437155049146169],[-63.607556673079991,-7.446218417613458],[-63.616636945024055,-7.446205869077334],[-63.616624287759294,-7.437142516050048]]]}},
{"type":"Feature","properties":{"DESCRIPTION":"MDT_1470116.tif","FILENAME":"U:\\P589_AmazoniaRevelada_BR-319\\LiDAR_dataset\\ENTREGAS\\ENTREGA_01\\2_MDT\\GEOTIFF\\MDT_1470116.tif","SHRT_FNAME":"MDT_1470116.tif","UPPER_LEFT_X":"432957.382","UPPER_LEFT_Y":"9177878.694","LOWER_RIGHT_X":"433959.382","LOWER_RIGHT_Y":"9176876.694"},"geometry":{"type":"Polygon","coordinates":[[[-63.607561463407507,-7.437155025497143],[-63.598481362234772,-7.437167373049095],[-63.598493647140053,-7.446230756698676],[-63.607573934670441,-7.446218393935298],[-63.607561463407507,-7.437155025497143]]]}},
{"type":"Feature","properties":{"DESCRIPTION":"MDT_1470117.tif","FILENAME":"U:\\P589_AmazoniaRevelada_BR-319\\LiDAR_dataset\\ENTREGAS\\ENTREGA_01\\2_MDT\\GEOTIFF\\MDT_1470117.tif","SHRT_FNAME":"MDT_1470117.tif","UPPER_LEFT_X":"433957.477","UPPER_LEFT_Y":"9177878.694","LOWER_RIGHT_X":"434959.477","LOWER_RIGHT_Y":"9176876.694"},"geometry":{"type":"Polygon","coordinates":[[[-63.598498623500355,-7.437167349752789],[-63.589418506975321,-7.437179511759039],[-63.58943060587567,-7.446242910362762],[-63.598510908759899,-7.446230733373669],[-63.598498623500355,-7.437167349752789]]]}},
{"type":"Feature","properties":{"DESCRIPTION":"MDT_1470118.tif","FILENAME":"U:\\P589_AmazoniaRevelada_BR-319\\LiDAR_dataset\\ENTREGAS\\ENTREGA_01\\2_MDT\\GEOTIFF\\MDT_1470118.tif","SHRT_FNAME":"MDT_1470118.tif","UPPER_LEFT_X":"434957.572","UPPER_LEFT_Y":"9177878.694","LOWER_RIGHT_X":"435959.572","LOWER_RIGHT_Y":"9176876.694"},"geometry":{"type":"Polygon","coordinates":[[[-63.589435768269873,-7.437179488815459],[-63.580355636624972,-7.437191465274492],[-63.580367549518847,-7.446254878604212],[-63.589447867524484,-7.446242887390916],[-63.589435768269873,-7.437179488815459]]]}},
{"type":"Feature","properties":{"DESCRIPTION":"MDT_1470119.tif","FILENAME":"U:\\P589_AmazoniaRevelada_BR-319\\LiDAR_dataset\\ENTREGAS\\ENTREGA_01\\2_MDT\\GEOTIFF\\MDT_1470119.tif","SHRT_FNAME":"MDT_1470119.tif","UPPER_LEFT_X":"435957.667","UPPER_LEFT_Y":"9177878.694","LOWER_RIGHT_X":"436959.667","LOWER_RIGHT_Y":"9176876.694"},"geometry":{"type":"Polygon","coordinates":[[[-63.580372897948038,-7.437191442683636],[-63.571292751415712,-7.437203233593963],[-63.571304478301656,-7.446266661421532],[-63.58038481119619,-7.446254855985524],[-63.580372897948038,-7.437191442683636]]]}},
{"type":"Feature","properties":{"DESCRIPTION":"MDT_1470120.tif","FILENAME":"U:\\P589_AmazoniaRevelada_BR-319\\LiDAR_dataset\\ENTREGAS\\ENTREGA_01\\2_MDT\\GEOTIFF\\MDT_1470120.tif","SHRT_FNAME":"MDT_1470120.tif","UPPER_LEFT_X":"436957.762","UPPER_LEFT_Y":"9177878.694","LOWER_RIGHT_X":"437959.762","LOWER_RIGHT_Y":"9176876.694"},"geometry":{"type":"Polygon","coordinates":[[[-63.571310012766865,-7.437203211355838],[-63.562229851579573,-7.437214816715993],[-63.56224139245608,-7.446278258813258],[-63.571321740007072,-7.44626663915601],[-63.571310012766865,-7.437203211355838]]]}},
{"type":"Feature","properties":{"DESCRIPTION":"MDT_1470121.tif","FILENAME":"U:\\P589_AmazoniaRevelada_BR-319\\LiDAR_dataset\\ENTREGAS\\ENTREGA_01\\2_MDT\\GEOTIFF\\MDT_1470121.tif","SHRT_FNAME":"MDT_1470121.tif","UPPER_LEFT_X":"437957.858","UPPER_LEFT_Y":"9177878.694","LOWER_RIGHT_X":"438959.858","LOWER_RIGHT_Y":"9176876.694"},"geometry":{"type":"Polygon","coordinates":[[[-63.562247112958346,-7.437214794830597],[-63.553166937348536,-7.437226214639139],[-63.553178292214163,-7.446289670777946],[-63.562258654189144,-7.446278236900901],[-63.562247112958346,-7.437214794830597]]]}},
{"type":"Feature","properties":{"DESCRIPTION":"MDT_1470122.tif","FILENAME":"U:\\P589_AmazoniaRevelada_BR-319\\LiDAR_dataset\\ENTREGAS\\ENTREGA_01\\2_MDT\\GEOTIFF\\MDT_1470122.tif","SHRT_FNAME":"MDT_1470122.tif","UPPER_LEFT_X":"438957.953","UPPER_LEFT_Y":"9177878.694","LOWER_RIGHT_X":"439959.953","LOWER_RIGHT_Y":"9176876.694"},"geometry":{"type":"Polygon","coordinates":[[[-63.553184198754529,-7.437226193106476],[-63.544104008954633,-7.437237427361981],[-63.54411517780796,-7.44630089731418],[-63.55319555397444,-7.446289649218759],[-63.553184198754529,-7.437226193106476]]]}},
{"type":"Feature","properties":{"DESCRIPTION":"MDT_1470123.tif","FILENAME":"U:\\P589_AmazoniaRevelada_BR-319\\LiDAR_dataset\\ENTREGAS\\ENTREGA_01\\2_MDT\\GEOTIFF\\MDT_1470123.tif","SHRT_FNAME":"MDT_1470123.tif","UPPER_LEFT_X":"439958.048","UPPER_LEFT_Y":"9177878.694","LOWER_RIGHT_X":"440960.048","LOWER_RIGHT_Y":"9176876.694"},"geometry":{"type":"Polygon","coordinates":[[[-63.544121270387365,-7.437237406182057],[-63.535041066629859,-7.437248454883127],[-63.535052049469478,-7.446311938420557],[-63.544132439594975,-7.446300876108163],[-63.544121270387365,-7.437237406182057]]]}},
{"type":"Feature","properties":{"DESCRIPTION":"MDT_1470124.tif","FILENAME":"U:\\P589_AmazoniaRevelada_BR-319\\LiDAR_dataset\\ENTREGAS\\ENTREGA_01\\2_MDT\\GEOTIFF\\MDT_1470124.tif","SHRT_FNAME":"MDT_1470124.tif","UPPER_LEFT_X":"440958.143","UPPER_LEFT_Y":"9177878.694","LOWER_RIGHT_X":"441960.143","LOWER_RIGHT_Y":"9176876.694"},"geometry":{"type":"Polygon","coordinates":[[[-63.535058328088901,-7.437248434055941],[-63.525978110606239,-7.437259297201204],[-63.525988907430758,-7.446322794095709],[-63.535069311282804,-7.446311917567717],[-63.535058328088901,-7.437248434055941]]]}},
{"type":"Feature","properties":{"DESCRIPTION":"MDT_1470125.tif","FILENAME":"U:\\P589_AmazoniaRevelada_BR-319\\LiDAR_dataset\\ENTREGAS\\ENTREGA_01\\2_MDT\\GEOTIFF\\MDT_1470125.tif","SHRT_FNAME":"MDT_1470125.tif","UPPER_LEFT_X":"441958.238","UPPER_LEFT_Y":"9177878.694","LOWER_RIGHT_X":"442960.238","LOWER_RIGHT_Y":"9176876.694"},"geometry":{"type":"Polygon","coordinates":[[[-63.525995372091153,-7.437259276726763],[-63.516915141115774,-7.437269954314862],[-63.51692575192385,-7.446333464338285],[-63.526006169269976,-7.446322773596044],[-63.525995372091153,-7.437259276726763]]]}},
{"type":"Feature","properties":{"DESCRIPTION":"MDT_1470126.tif","FILENAME":"U:\\P589_AmazoniaRevelada_BR-319\\LiDAR_dataset\\ENTREGAS\\ENTREGA_01\\2_MDT\\GEOTIFF\\MDT_1470126.tif","SHRT_FNAME":"MDT_1470126.tif","UPPER_LEFT_X":"442958.334","UPPER_LEFT_Y":"9177878.694","LOWER_RIGHT_X":"443960.334","LOWER_RIGHT_Y":"9176876.694"},"geometry":{"type":"Polygon","coordinates":[[[-63.516932402626125,-7.437269934193168],[-63.507852158390477,-7.437280426222781],[-63.507862583180781,-7.446343949146952],[-63.516943013788485,-7.446333444191798],[-63.516932402626125,-7.437269934193168]]]}},
{"type":"Feature","properties":{"DESCRIPTION":"MDT_1470127.tif","FILENAME":"U:\\P589_AmazoniaRevelada_BR-319\\LiDAR_dataset\\ENTREGAS\\ENTREGA_01\\2_MDT\\GEOTIFF\\MDT_1470127.tif","SHRT_FNAME":"MDT_1470127.tif","UPPER_LEFT_X":"443958.429","UPPER_LEFT_Y":"9177878.694","LOWER_RIGHT_X":"444960.429","LOWER_RIGHT_Y":"9176876.694"},"geometry":{"type":"Polygon","coordinates":[[[-63.507869419925811,-7.437280406453834],[-63.498789162662398,-7.437290712923652],[-63.498799401433608,-7.446354248520415],[-63.50787984507042,-7.446343929353651],[-63.507869419925811,-7.437280406453834]]]}},
{"type":"Feature","properties":{"DESCRIPTION":"MDT_1470128.tif","FILENAME":"U:\\P589_AmazoniaRevelada_BR-319\\LiDAR_dataset\\ENTREGAS\\ENTREGA_01\\2_MDT\\GEOTIFF\\MDT_1470128.tif","SHRT_FNAME":"MDT_1470128.tif","UPPER_LEFT_X":"444958.524","UPPER_LEFT_Y":"9177878.694","LOWER_RIGHT_X":"445960.524","LOWER_RIGHT_Y":"9176876.694"},"geometry":{"type":"Polygon","coordinates":[[[-63.498806424222273,-7.437290693507451],[-63.489726154163527,-7.437300814416198],[-63.489736206914365,-7.446364362457386],[-63.498816663347789,-7.446354229080296],[-63.498806424222273,-7.437290693507451]]]}},
{"type":"Feature","properties":{"DESCRIPTION":"MDT_1470129.tif","FILENAME":"U:\\P589_AmazoniaRevelada_BR-319\\LiDAR_dataset\\ENTREGAS\\ENTREGA_01\\2_MDT\\GEOTIFF\\MDT_1470129.tif","SHRT_FNAME":"MDT_1470129.tif","UPPER_LEFT_X":"445958.619","UPPER_LEFT_Y":"9177878.694","LOWER_RIGHT_X":"446960.619","LOWER_RIGHT_Y":"9176876.694"},"geometry":{"type":"Polygon","coordinates":[[[-63.489743415747498,-7.437300795352751],[-63.480663133125894,-7.437310730699163],[-63.480672999855081,-7.446374290956607],[-63.489753468852633,-7.446364343370454],[-63.489743415747498,-7.437300795352751]]]}},
{"type":"Feature","properties":{"DESCRIPTION":"MDT_1470130.tif","FILENAME":"U:\\P589_AmazoniaRevelada_BR-319\\LiDAR_dataset\\ENTREGAS\\ENTREGA_01\\2_MDT\\GEOTIFF\\MDT_1470130.tif","SHRT_FNAME":"MDT_1470130.tif","UPPER_LEFT_X":"446958.714","UPPER_LEFT_Y":"9177878.694","LOWER_RIGHT_X":"447960.714","LOWER_RIGHT_Y":"9176876.694"},"geometry":{"type":"Polygon","coordinates":[[[-63.480680394733525,-7.43731071198847],[-63.471600099781504,-7.437320461771313],[-63.471609780487825,-7.446384034016848],[-63.480690261817031,-7.446374272222866],[-63.480680394733525,-7.43731071198847]]]}},
{"type":"Feature","properties":{"DESCRIPTION":"MDT_1470131.tif","FILENAME":"U:\\P589_AmazoniaRevelada_BR-319\\LiDAR_dataset\\ENTREGAS\\ENTREGA_01\\2_MDT\\GEOTIFF\\MDT_1470131.tif","SHRT_FNAME":"MDT_1470131.tif","UPPER_LEFT_X":"447958.810","UPPER_LEFT_Y":"9177878.694","LOWER_RIGHT_X":"448960.810","LOWER_RIGHT_Y":"9176876.694"},"geometry":{"type":"Polygon","coordinates":[[[-63.47161736141237,-7.437320443413376],[-63.462537054362429,-7.437330007631434],[-63.462546549044639,-7.446393591636891],[-63.471627042472988,-7.446384015636295],[-63.47161736141237,-7.437320443413376]]]}},
{"type":"Feature","properties":{"DESCRIPTION":"MDT_1470132.tif","FILENAME":"U:\\P589_AmazoniaRevelada_BR-319\\LiDAR_dataset\\ENTREGAS\\ENTREGA_01\\2_MDT\\GEOTIFF\\MDT_1470132.tif","SHRT_FNAME":"MDT_1470132.tif","UPPER_LEFT_X":"448958.905","UPPER_LEFT_Y":"9177878.694","LOWER_RIGHT_X":"449960.905","LOWER_RIGHT_Y":"9176876.694"},"geometry":{"type":"Polygon","coordinates":[[[-63.462554316016067,-7.437329989626257],[-63.453473997100652,-7.437339368278343],[-63.45348330575758,-7.446402963815548],[-63.46256381105259,-7.446393573609534],[-63.462554316016067,-7.437329989626257]]]}},
{"type":"Feature","properties":{"DESCRIPTION":"MDT_1470133.tif","FILENAME":"U:\\P589_AmazoniaRevelada_BR-319\\LiDAR_dataset\\ENTREGAS\\ENTREGA_01\\2_MDT\\GEOTIFF\\MDT_1470133.tif","SHRT_FNAME":"MDT_1470133.tif","UPPER_LEFT_X":"449959.000","UPPER_LEFT_Y":"9177878.694","LOWER_RIGHT_X":"450961.000","LOWER_RIGHT_Y":"9176876.694"},"geometry":{"type":"Polygon","coordinates":[[[-63.453491258776616,-7.437339350625929],[-63.444410928228208,-7.437348543710874],[-63.444420050858682,-7.446412150551657],[-63.453500567787856,-7.446402946141389],[-63.453491258776616,-7.437339350625929]]]}},
{"type":"Feature","properties":{"DESCRIPTION":"MDT_1470134.tif","FILENAME":"U:\\P589_AmazoniaRevelada_BR-319\\LiDAR_dataset\\ENTREGAS\\ENTREGA_01\\2_MDT\\GEOTIFF\\MDT_1470134.tif","SHRT_FNAME":"MDT_1470134.tif","UPPER_LEFT_X":"450959.095","UPPER_LEFT_Y":"9177878.694","LOWER_RIGHT_X":"451961.095","LOWER_RIGHT_Y":"9176876.694"},"geometry":{"type":"Polygon","coordinates":[[[-63.444428189926072,-7.437348526411223],[-63.435347847977134,-7.437357533927887],[-63.435356784580001,-7.446421151844074],[-63.444437312910857,-7.446412133230696],[-63.444428189926072,-7.437348526411223]]]}},
{"type":"Feature","properties":{"DESCRIPTION":"MDT_1470135.tif","FILENAME":"U:\\P589_AmazoniaRevelada_BR-319\\LiDAR_dataset\\ENTREGAS\\ENTREGA_01\\2_MDT\\GEOTIFF\\MDT_1470135.tif","SHRT_FNAME":"MDT_1470135.tif","UPPER_LEFT_X":"451959.190","UPPER_LEFT_Y":"9177878.694","LOWER_RIGHT_X":"452961.190","LOWER_RIGHT_Y":"9176876.694"},"geometry":{"type":"Polygon","coordinates":[[[-63.435365109696455,-7.437357516981002],[-63.42628475657947,-7.43736633892826],[-63.426293507153602,-7.446429967691676],[-63.435374046653635,-7.446421134876311],[-63.435365109696455,-7.437357516981002]]]}},
{"type":"Feature","properties":{"DESCRIPTION":"MDT_1470136.tif","FILENAME":"U:\\P589_AmazoniaRevelada_BR-319\\LiDAR_dataset\\ENTREGAS\\ENTREGA_01\\2_MDT\\GEOTIFF\\MDT_1470136.tif","SHRT_FNAME":"MDT_1470136.tif","UPPER_LEFT_X":"452959.286","UPPER_LEFT_Y":"9177878.694","LOWER_RIGHT_X":"453961.286","LOWER_RIGHT_Y":"9176876.694"},"geometry":{"type":"Polygon","coordinates":[[[-63.426302018319795,-7.437366322334144],[-63.417221654267237,-7.437374958710902],[-63.41723021881154,-7.446438598093369],[-63.426310769248246,-7.446429951077117],[-63.426302018319795,-7.437366322334144]]]}},
{"type":"Feature","properties":{"DESCRIPTION":"MDT_1470137.tif","FILENAME":"U:\\P589_AmazoniaRevelada_BR-319\\LiDAR_dataset\\ENTREGAS\\ENTREGA_01\\2_MDT\\GEOTIFF\\MDT_1470137.tif","SHRT_FNAME":"MDT_1470137.tif","UPPER_LEFT_X":"453959.381","UPPER_LEFT_Y":"9177878.694","LOWER_RIGHT_X":"454961.381","LOWER_RIGHT_Y":"9176876.694"},"geometry":{"type":"Polygon","coordinates":[[[-63.417238916028126,-7.437374942469558],[-63.408158541272464,-7.437383393274738],[-63.408166919785856,-7.44644704304808],[-63.417247480926754,-7.446438581832015],[-63.417238916028126,-7.437374942469558]]]}},
{"type":"Feature","properties":{"DESCRIPTION":"MDT_1470138.tif","FILENAME":"U:\\P589_AmazoniaRevelada_BR-319\\LiDAR_dataset\\ENTREGAS\\ENTREGA_01\\2_MDT\\GEOTIFF\\MDT_1470138.tif","SHRT_FNAME":"MDT_1470138.tif","UPPER_LEFT_X":"454959.476","UPPER_LEFT_Y":"9177878.694","LOWER_RIGHT_X":"455961.476","LOWER_RIGHT_Y":"9176876.694"},"geometry":{"type":"Polygon","coordinates":[[[-63.408175803053474,-7.437383377386164],[-63.399095417827191,-7.437391642618717],[-63.399103610308629,-7.446455302554754],[-63.408184181921193,-7.44644702713993],[-63.408175803053474,-7.437383377386164]]]}},
{"type":"Feature","properties":{"DESCRIPTION":"MDT_1470139.tif","FILENAME":"U:\\P589_AmazoniaRevelada_BR-319\\LiDAR_dataset\\ENTREGAS\\ENTREGA_01\\2_MDT\\GEOTIFF\\MDT_1470139.tif","SHRT_FNAME":"MDT_1470139.tif","UPPER_LEFT_X":"455959.571","UPPER_LEFT_Y":"9177878.694","LOWER_RIGHT_X":"456961.571","LOWER_RIGHT_Y":"9176876.694"},"geometry":{"type":"Polygon","coordinates":[[[-63.399112679627898,-7.437391627082918],[-63.390032284163453,-7.43739970674182],[-63.390040290611907,-7.446463376612368],[-63.399120872463662,-7.446455286999813],[-63.399112679627898,-7.437391627082918]]]}},
{"type":"Feature","properties":{"DESCRIPTION":"MDT_1470140.tif","FILENAME":"U:\\P589_AmazoniaRevelada_BR-319\\LiDAR_dataset\\ENTREGAS\\ENTREGA_01\\2_MDT\\GEOTIFF\\MDT_1470140.tif","SHRT_FNAME":"MDT_1470140.tif","UPPER_LEFT_X":"456959.666","UPPER_LEFT_Y":"9177878.694","LOWER_RIGHT_X":"457961.666","LOWER_RIGHT_Y":"9176876.694"},"geometry":{"type":"Polygon","coordinates":[[[-63.390049545983395,-7.437399691558793],[-63.380969140513294,-7.437407585643037],[-63.380976960927747,-7.446471265219916],[-63.390057552786175,-7.446463361410639],[-63.390049545983395,-7.437399691558793]]]}},
{"type":"Feature","properties":{"DESCRIPTION":"MDT_1470141.tif","FILENAME":"U:\\P589_AmazoniaRevelada_BR-319\\LiDAR_dataset\\ENTREGAS\\ENTREGA_01\\2_MDT\\GEOTIFF\\MDT_1470141.tif","SHRT_FNAME":"MDT_1470141.tif","UPPER_LEFT_X":"457959.762","UPPER_LEFT_Y":"9177878.694","LOWER_RIGHT_X":"458961.762","LOWER_RIGHT_Y":"9176876.694"},"geometry":{"type":"Polygon","coordinates":[[[-63.380986402352043,-7.437407570812788],[-63.371905987108747,-7.437415279321386],[-63.371913621488233,-7.446478968376418],[-63.380994223120823,-7.4464712503714],[-63.380986402352043,-7.437407570812788]]]}},
{"type":"Feature","properties":{"DESCRIPTION":"MDT_1470142.tif","FILENAME":"U:\\P589_AmazoniaRevelada_BR-319\\LiDAR_dataset\\ENTREGAS\\ENTREGA_01\\2_MDT\\GEOTIFF\\MDT_1470142.tif","SHRT_FNAME":"MDT_1470142.tif","UPPER_LEFT_X":"458959.857","UPPER_LEFT_Y":"9177878.694","LOWER_RIGHT_X":"459961.857","LOWER_RIGHT_Y":"9176876.694"},"geometry":{"type":"Polygon","coordinates":[[[-63.371923248965857,-7.437415264843922],[-63.362842824181861,-7.437422787775919],[-63.362850272525392,-7.446486486080913],[-63.371930883699662,-7.446478953881114],[-63.371923248965857,-7.437415264843922]]]}},
{"type":"Feature","properties":{"DESCRIPTION":"MDT_1470143.tif","FILENAME":"U:\\P589_AmazoniaRevelada_BR-319\\LiDAR_dataset\\ENTREGAS\\ENTREGA_01\\2_MDT\\GEOTIFF\\MDT_1470143.tif","SHRT_FNAME":"MDT_1470143.tif","UPPER_LEFT_X":"459959.952","UPPER_LEFT_Y":"9177878.694","LOWER_RIGHT_X":"460961.952","LOWER_RIGHT_Y":"9176876.694"},"geometry":{"type":"Polygon","coordinates":[[[-63.362860086056877,-7.437422773651234],[-63.353779651964665,-7.437430111005694],[-63.353786914271332,-7.446493818332466],[-63.362867534754756,-7.446486471938826],[-63.362860086056877,-7.437422773651234]]]}},
{"type":"Feature","properties":{"DESCRIPTION":"MDT_1470144.tif","FILENAME":"U:\\P589_AmazoniaRevelada_BR-319\\LiDAR_dataset\\ENTREGAS\\ENTREGA_01\\2_MDT\\GEOTIFF\\MDT_1470144.tif","SHRT_FNAME":"MDT_1470144.tif","UPPER_LEFT_X":"460960.047","UPPER_LEFT_Y":"9177878.694","LOWER_RIGHT_X":"461962.047","LOWER_RIGHT_Y":"9176876.694"},"geometry":{"type":"Polygon","coordinates":[[[-63.35379691385716,-7.437430097233792],[-63.344716470689207,-7.437437249009803],[-63.344723546958086,-7.44650096513017],[-63.35380417651816,-7.446493804543599],[-63.35379691385716,-7.437430097233792]]]}},
{"type":"Feature","properties":{"DESCRIPTION":"MDT_1470145.tif","FILENAME":"U:\\P589_AmazoniaRevelada_BR-319\\LiDAR_dataset\\ENTREGAS\\ENTREGA_01\\2_MDT\\GEOTIFF\\MDT_1470145.tif","SHRT_FNAME":"MDT_1470145.tif","UPPER_LEFT_X":"461960.142","UPPER_LEFT_Y":"9177878.694","LOWER_RIGHT_X":"462962.142","LOWER_RIGHT_Y":"9176876.694"},"geometry":{"type":"Polygon","coordinates":[[[-63.344733732598741,-7.437437235590687],[-63.335653280587536,-7.437444201787356],[-63.335660170817739,-7.446507926473128],[-63.344740809221946,-7.446500951694523],[-63.344733732598741,-7.437437235590687]]]}},
{"type":"Feature","properties":{"DESCRIPTION":"MDT_1470146.tif","FILENAME":"U:\\P589_AmazoniaRevelada_BR-319\\LiDAR_dataset\\ENTREGAS\\ENTREGA_01\\2_MDT\\GEOTIFF\\MDT_1470146.tif","SHRT_FNAME":"MDT_1470146.tif","UPPER_LEFT_X":"462960.238","UPPER_LEFT_Y":"9177878.694","LOWER_RIGHT_X":"463962.238","LOWER_RIGHT_Y":"9176876.694"},"geometry":{"type":"Polygon","coordinates":[[[-63.335670542513654,-7.437444188721027],[-63.326590081891695,-7.437450969337492],[-63.326596786082355,-7.44651470236048],[-63.335677433098191,-7.4465079133907],[-63.335670542513654,-7.437444188721027]]]}},
{"type":"Feature","properties":{"DESCRIPTION":"MDT_1470147.tif","FILENAME":"U:\\P589_AmazoniaRevelada_BR-319\\LiDAR_dataset\\ENTREGAS\\ENTREGA_01\\2_MDT\\GEOTIFF\\MDT_1470147.tif","SHRT_FNAME":"MDT_1470147.tif","UPPER_LEFT_X":"463960.333","UPPER_LEFT_Y":"9177878.694","LOWER_RIGHT_X":"464962.333","LOWER_RIGHT_Y":"9176876.694"},"geometry":{"type":"Polygon","coordinates":[[[-63.326607343833963,-7.43745095662395],[-63.317526874833717,-7.437457551659368],[-63.317533392984004,-7.44652129279138],[-63.326614048378957,-7.446514689631275],[-63.326607343833963,-7.43745095662395]]]}},
{"type":"Feature","properties":{"DESCRIPTION":"MDT_1471103.tif","FILENAME":"U:\\P589_AmazoniaRevelada_BR-319\\LiDAR_dataset\\ENTREGAS\\ENTREGA_01\\2_MDT\\GEOTIFF\\MDT_1471103.tif","SHRT_FNAME":"MDT_1471103.tif","UPPER_LEFT_X":"419956.144","UPPER_LEFT_Y":"9176878.819","LOWER_RIGHT_X":"420958.144","LOWER_RIGHT_Y":"9175876.819"},"geometry":{"type":"Polygon","coordinates":[[[-63.725391739781422,-7.446021889416236],[-63.716311673400078,-7.446036667058385],[-63.716326394591974,-7.455099831822412],[-63.725406647541575,-7.455085035996773],[-63.725391739781422,-7.446021889416236]]]}},
{"type":"Feature","properties":{"DESCRIPTION":"MDT_1471104.tif","FILENAME":"U:\\P589_AmazoniaRevelada_BR-319\\LiDAR_dataset\\ENTREGAS\\ENTREGA_01\\2_MDT\\GEOTIFF\\MDT_1471104.tif","SHRT_FNAME":"MDT_1471104.tif","UPPER_LEFT_X":"420956.239","UPPER_LEFT_Y":"9176878.819","LOWER_RIGHT_X":"421958.239","LOWER_RIGHT_Y":"9175876.819"},"geometry":{"type":"Polygon","coordinates":[[[-63.716328934602394,-7.446036639142675],[-63.707248849845307,-7.446051231032818],[-63.707263384821786,-7.455114413717429],[-63.716343656148965,-7.455099803872355],[-63.716328934602394,-7.446036639142675]]]}},
{"type":"Feature","properties":{"DESCRIPTION":"MDT_1471105.tif","FILENAME":"U:\\P589_AmazoniaRevelada_BR-319\\LiDAR_dataset\\ENTREGAS\\ENTREGA_01\\2_MDT\\GEOTIFF\\MDT_1471105.tif","SHRT_FNAME":"MDT_1471105.tif","UPPER_LEFT_X":"421956.334","UPPER_LEFT_Y":"9176878.819","LOWER_RIGHT_X":"422958.334","LOWER_RIGHT_Y":"9175876.819"},"geometry":{"type":"Polygon","coordinates":[[[-63.707266111082347,-7.446051203470227],[-63.698186008181978,-7.446065609606548],[-63.6982003569412,-7.455128809983613],[-63.707280646413494,-7.455114386120924],[-63.707266111082347,-7.446051203470227]]]}},
{"type":"Feature","properties":{"DESCRIPTION":"MDT_1471106.tif","FILENAME":"U:\\P589_AmazoniaRevelada_BR-319\\LiDAR_dataset\\ENTREGAS\\ENTREGA_01\\2_MDT\\GEOTIFF\\MDT_1471106.tif","SHRT_FNAME":"MDT_1471106.tif","UPPER_LEFT_X":"422956.430","UPPER_LEFT_Y":"9176878.819","LOWER_RIGHT_X":"423958.430","LOWER_RIGHT_Y":"9175876.819"},"geometry":{"type":"Polygon","coordinates":[[[-63.698203269453273,-7.446065582397078],[-63.689123148642068,-7.446079802777789],[-63.689137311182215,-7.455143020619174],[-63.69821761856717,-7.455128782740661],[-63.698203269453273,-7.446065582397078]]]}},
{"type":"Feature","properties":{"DESCRIPTION":"MDT_1471107.tif","FILENAME":"U:\\P589_AmazoniaRevelada_BR-319\\LiDAR_dataset\\ENTREGAS\\ENTREGA_01\\2_MDT\\GEOTIFF\\MDT_1471107.tif","SHRT_FNAME":"MDT_1471107.tif","UPPER_LEFT_X":"423956.525","UPPER_LEFT_Y":"9176878.819","LOWER_RIGHT_X":"424958.525","LOWER_RIGHT_Y":"9175876.819"},"geometry":{"type":"Polygon","coordinates":[[[-63.689140409947193,-7.446079775921438],[-63.68006027145757,-7.44609381054477],[-63.680074247776894,-7.45515704562234],[-63.689154572842028,-7.455142993729778],[-63.689140409947193,-7.446079775921438]]]}},
{"type":"Feature","properties":{"DESCRIPTION":"MDT_1471108.tif","FILENAME":"U:\\P589_AmazoniaRevelada_BR-319\\LiDAR_dataset\\ENTREGAS\\ENTREGA_01\\2_MDT\\GEOTIFF\\MDT_1471108.tif","SHRT_FNAME":"MDT_1471108.tif","UPPER_LEFT_X":"424956.620","UPPER_LEFT_Y":"9176878.819","LOWER_RIGHT_X":"425958.620","LOWER_RIGHT_Y":"9175876.819"},"geometry":{"type":"Polygon","coordinates":[[[-63.680077532796084,-7.446093784041548],[-63.670997376860512,-7.446107632905751],[-63.671011166957236,-7.455170884991372],[-63.680091509470088,-7.455157019086506],[-63.680077532796084,-7.446093784041548]]]}},
{"type":"Feature","properties":{"DESCRIPTION":"MDT_1471109.tif","FILENAME":"U:\\P589_AmazoniaRevelada_BR-319\\LiDAR_dataset\\ENTREGAS\\ENTREGA_01\\2_MDT\\GEOTIFF\\MDT_1471109.tif","SHRT_FNAME":"MDT_1471109.tif","UPPER_LEFT_X":"425956.715","UPPER_LEFT_Y":"9176878.819","LOWER_RIGHT_X":"426958.715","LOWER_RIGHT_Y":"9175876.819"},"geometry":{"type":"Polygon","coordinates":[[[-63.671014638231973,-7.446107606755659],[-63.661934465082879,-7.446121269859016],[-63.661948068955283,-7.455184538724548],[-63.671028428683378,-7.455170858809104],[-63.671014638231973,-7.446107606755659]]]}},
{"type":"Feature","properties":{"DESCRIPTION":"MDT_1471110.tif","FILENAME":"U:\\P589_AmazoniaRevelada_BR-319\\LiDAR_dataset\\ENTREGAS\\ENTREGA_01\\2_MDT\\GEOTIFF\\MDT_1471110.tif","SHRT_FNAME":"MDT_1471110.tif","UPPER_LEFT_X":"426956.810","UPPER_LEFT_Y":"9176878.819","LOWER_RIGHT_X":"427958.810","LOWER_RIGHT_Y":"9175876.819"},"geometry":{"type":"Polygon","coordinates":[[[-63.661951726486834,-7.446121244062055],[-63.652871536356685,-7.446134721402862],[-63.652884954003056,-7.455198006820166],[-63.661965330713919,-7.455184512895846],[-63.661951726486834,-7.446121244062055]]]}},
{"type":"Feature","properties":{"DESCRIPTION":"MDT_1471111.tif","FILENAME":"U:\\P589_AmazoniaRevelada_BR-319\\LiDAR_dataset\\ENTREGAS\\ENTREGA_01\\2_MDT\\GEOTIFF\\MDT_1471111.tif","SHRT_FNAME":"MDT_1471111.tif","UPPER_LEFT_X":"427956.906","UPPER_LEFT_Y":"9176878.819","LOWER_RIGHT_X":"428958.906","LOWER_RIGHT_Y":"9175876.819"},"geometry":{"type":"Polygon","coordinates":[[[-63.652888797792706,-7.446134695959037],[-63.643808590913949,-7.446147987535619],[-63.643821822332583,-7.455211289276553],[-63.652902215793759,-7.455197981345035],[-63.652888797792706,-7.446134695959037]]]}},
{"type":"Feature","properties":{"DESCRIPTION":"MDT_1471112.tif","FILENAME":"U:\\P589_AmazoniaRevelada_BR-319\\LiDAR_dataset\\ENTREGAS\\ENTREGA_01\\2_MDT\\GEOTIFF\\MDT_1471112.tif","SHRT_FNAME":"MDT_1471112.tif","UPPER_LEFT_X":"428957.001","UPPER_LEFT_Y":"9176878.819","LOWER_RIGHT_X":"429959.001","LOWER_RIGHT_Y":"9175876.819"},"geometry":{"type":"Polygon","coordinates":[[[-63.643825852381589,-7.446147962444932],[-63.634745628986678,-7.446161068255636],[-63.634758674175927,-7.455224386092056],[-63.643839084154919,-7.455211264154994],[-63.643825852381589,-7.446147962444932]]]}},
{"type":"Feature","properties":{"DESCRIPTION":"MDT_1471113.tif","FILENAME":"U:\\P589_AmazoniaRevelada_BR-319\\LiDAR_dataset\\ENTREGAS\\ENTREGA_01\\2_MDT\\GEOTIFF\\MDT_1471113.tif","SHRT_FNAME":"MDT_1471113.tif","UPPER_LEFT_X":"429957.096","UPPER_LEFT_Y":"9176878.819","LOWER_RIGHT_X":"430959.096","LOWER_RIGHT_Y":"9175876.819"},"geometry":{"type":"Polygon","coordinates":[[[-63.63476289048549,-7.446161043518093],[-63.62568265080688,-7.446173963561289],[-63.625695509765094,-7.455237297265047],[-63.634775936029428,-7.455224361324073],[-63.63476289048549,-7.446161043518093]]]}},
{"type":"Feature","properties":{"DESCRIPTION":"MDT_1471114.tif","FILENAME":"U:\\P589_AmazoniaRevelada_BR-319\\LiDAR_dataset\\ENTREGAS\\ENTREGA_01\\2_MDT\\GEOTIFF\\MDT_1471114.tif","SHRT_FNAME":"MDT_1471114.tif","UPPER_LEFT_X":"430957.191","UPPER_LEFT_Y":"9176878.819","LOWER_RIGHT_X":"431959.191","LOWER_RIGHT_Y":"9175876.819"},"geometry":{"type":"Polygon","coordinates":[[[-63.625699912336422,-7.44617393917689],[-63.616619656606574,-7.446186673450971],[-63.616632329332155,-7.455250022793919],[-63.625712771649347,-7.455237272850645],[-63.625699912336422,-7.44617393917689]]]}},
{"type":"Feature","properties":{"DESCRIPTION":"MDT_1471115.tif","FILENAME":"U:\\P589_AmazoniaRevelada_BR-319\\LiDAR_dataset\\ENTREGAS\\ENTREGA_01\\2_MDT\\GEOTIFF\\MDT_1471115.tif","SHRT_FNAME":"MDT_1471115.tif","UPPER_LEFT_X":"431957.286","UPPER_LEFT_Y":"9176878.819","LOWER_RIGHT_X":"432959.286","LOWER_RIGHT_Y":"9175876.819"},"geometry":{"type":"Polygon","coordinates":[[[-63.616636918166414,-7.446186649419721],[-63.607556646617773,-7.446199197923101],[-63.607569133109116,-7.455262562677087],[-63.616649591246684,-7.455249998733097],[-63.616636918166414,-7.446186649419721]]]}},
{"type":"Feature","properties":{"DESCRIPTION":"MDT_1471116.tif","FILENAME":"U:\\P589_AmazoniaRevelada_BR-319\\LiDAR_dataset\\ENTREGAS\\ENTREGA_01\\2_MDT\\GEOTIFF\\MDT_1471116.tif","SHRT_FNAME":"MDT_1471116.tif","UPPER_LEFT_X":"432957.382","UPPER_LEFT_Y":"9176878.819","LOWER_RIGHT_X":"433959.382","LOWER_RIGHT_Y":"9175876.819"},"geometry":{"type":"Polygon","coordinates":[[[-63.607573908207478,-7.446199174245001],[-63.598493621072521,-7.44621153697612],[-63.598505921328062,-7.455274916912995],[-63.607586395053517,-7.455262538969851],[-63.607573908207478,-7.446199174245001]]]}},
{"type":"Feature","properties":{"DESCRIPTION":"MDT_1471117.tif","FILENAME":"U:\\P589_AmazoniaRevelada_BR-319\\LiDAR_dataset\\ENTREGAS\\ENTREGA_01\\2_MDT\\GEOTIFF\\MDT_1471117.tif","SHRT_FNAME":"MDT_1471117.tif","UPPER_LEFT_X":"433957.477","UPPER_LEFT_Y":"9176878.819","LOWER_RIGHT_X":"434959.477","LOWER_RIGHT_Y":"9175876.819"},"geometry":{"type":"Polygon","coordinates":[[[-63.59851088269162,-7.446211513651176],[-63.58943058020283,-7.4462236906085],[-63.589442694220999,-7.455287085500103],[-63.598523183301864,-7.455274893559349],[-63.59851088269162,-7.446211513651176]]]}},
{"type":"Feature","properties":{"DESCRIPTION":"MDT_1471118.tif","FILENAME":"U:\\P589_AmazoniaRevelada_BR-319\\LiDAR_dataset\\ENTREGAS\\ENTREGA_01\\2_MDT\\GEOTIFF\\MDT_1471118.tif","SHRT_FNAME":"MDT_1471118.tif","UPPER_LEFT_X":"434957.572","UPPER_LEFT_Y":"9176878.819","LOWER_RIGHT_X":"435959.572","LOWER_RIGHT_Y":"9175876.819"},"geometry":{"type":"Polygon","coordinates":[[[-63.589447841850884,-7.446223667636711],[-63.580367524240707,-7.44623565881872],[-63.580379452020011,-7.4552990684369],[-63.589459956223777,-7.455287062500048],[-63.589447841850884,-7.446223667636711]]]}},
{"type":"Feature","properties":{"DESCRIPTION":"MDT_1471119.tif","FILENAME":"U:\\P589_AmazoniaRevelada_BR-319\\LiDAR_dataset\\ENTREGAS\\ENTREGA_01\\2_MDT\\GEOTIFF\\MDT_1471119.tif","SHRT_FNAME":"MDT_1471119.tif","UPPER_LEFT_X":"435957.667","UPPER_LEFT_Y":"9176878.819","LOWER_RIGHT_X":"436959.667","LOWER_RIGHT_Y":"9175876.819"},"geometry":{"type":"Polygon","coordinates":[[[-63.580384785917296,-7.446235636200091],[-63.571304453418186,-7.446247441605297],[-63.571316194957127,-7.455310865721891],[-63.580396714051325,-7.455299045790439],[-63.580384785917296,-7.446235636200091]]]}},
{"type":"Feature","properties":{"DESCRIPTION":"MDT_1471120.tif","FILENAME":"U:\\P589_AmazoniaRevelada_BR-319\\LiDAR_dataset\\ENTREGAS\\ENTREGA_01\\2_MDT\\GEOTIFF\\MDT_1471120.tif","SHRT_FNAME":"MDT_1471120.tif","UPPER_LEFT_X":"436957.762","UPPER_LEFT_Y":"9176878.819","LOWER_RIGHT_X":"437959.762","LOWER_RIGHT_Y":"9175876.819"},"geometry":{"type":"Polygon","coordinates":[[[-63.571321715122856,-7.446247419339828],[-63.56224136796731,-7.44625903896676],[-63.562252923264403,-7.455322477353613],[-63.571333457016515,-7.45531084342903],[-63.571321715122856,-7.446247419339828]]]}},
{"type":"Feature","properties":{"DESCRIPTION":"MDT_1471121.tif","FILENAME":"U:\\P589_AmazoniaRevelada_BR-319\\LiDAR_dataset\\ENTREGAS\\ENTREGA_01\\2_MDT\\GEOTIFF\\MDT_1471121.tif","SHRT_FNAME":"MDT_1471121.tif","UPPER_LEFT_X":"437957.858","UPPER_LEFT_Y":"9176878.819","LOWER_RIGHT_X":"438959.858","LOWER_RIGHT_Y":"9175876.819"},"geometry":{"type":"Polygon","coordinates":[[[-63.562258629699627,-7.44625901705446],[-63.553178268120099,-7.446270450901672],[-63.553189637173894,-7.45533390333062],[-63.562270185351437,-7.455322455414352],[-63.562258629699627,-7.44625901705446]]]}},
{"type":"Feature","properties":{"DESCRIPTION":"MDT_1471122.tif","FILENAME":"U:\\P589_AmazoniaRevelada_BR-319\\LiDAR_dataset\\ENTREGAS\\ENTREGA_01\\2_MDT\\GEOTIFF\\MDT_1471122.tif","SHRT_FNAME":"MDT_1471122.tif","UPPER_LEFT_X":"438957.953","UPPER_LEFT_Y":"9176878.819","LOWER_RIGHT_X":"439959.953","LOWER_RIGHT_Y":"9175876.819"},"geometry":{"type":"Polygon","coordinates":[[[-63.553195529879609,-7.446270429342539],[-63.544115154108589,-7.44628167740861],[-63.544126336917657,-7.455345143651491],[-63.553206899288128,-7.455333881744962],[-63.553195529879609,-7.446270429342539]]]}},
{"type":"Feature","properties":{"DESCRIPTION":"MDT_1471123.tif","FILENAME":"U:\\P589_AmazoniaRevelada_BR-319\\LiDAR_dataset\\ENTREGAS\\ENTREGA_01\\2_MDT\\GEOTIFF\\MDT_1471123.tif","SHRT_FNAME":"MDT_1471123.tif","UPPER_LEFT_X":"439958.048","UPPER_LEFT_Y":"9176878.819","LOWER_RIGHT_X":"440960.048","LOWER_RIGHT_Y":"9175876.819"},"geometry":{"type":"Polygon","coordinates":[[[-63.544132415894858,-7.446281656202649],[-63.535052026164813,-7.44629271848618],[-63.535063022727734,-7.455356198314828],[-63.544143599058643,-7.455345122419437],[-63.544132415894858,-7.446281656202649]]]}},
{"type":"Feature","properties":{"DESCRIPTION":"MDT_1471124.tif","FILENAME":"U:\\P589_AmazoniaRevelada_BR-319\\LiDAR_dataset\\ENTREGAS\\ENTREGA_01\\2_MDT\\GEOTIFF\\MDT_1471124.tif","SHRT_FNAME":"MDT_1471124.tif","UPPER_LEFT_X":"440958.143","UPPER_LEFT_Y":"9176878.819","LOWER_RIGHT_X":"441960.143","LOWER_RIGHT_Y":"9175876.819"},"geometry":{"type":"Polygon","coordinates":[[[-63.535069287977407,-7.446292697633392],[-63.525988884520814,-7.446303574133007],[-63.525999694836216,-7.455367067319251],[-63.535080284895059,-7.45535617743638],[-63.535069287977407,-7.446292697633392]]]}},
{"type":"Feature","properties":{"DESCRIPTION":"MDT_1471125.tif","FILENAME":"U:\\P589_AmazoniaRevelada_BR-319\\LiDAR_dataset\\ENTREGAS\\ENTREGA_01\\2_MDT\\GEOTIFF\\MDT_1471125.tif","SHRT_FNAME":"MDT_1471125.tif","UPPER_LEFT_X":"441958.238","UPPER_LEFT_Y":"9176878.819","LOWER_RIGHT_X":"442960.238","LOWER_RIGHT_Y":"9175876.819"},"geometry":{"type":"Polygon","coordinates":[[[-63.526006146359265,-7.446303553633393],[-63.516925729408612,-7.446314244347739],[-63.516936353475145,-7.455377750663414],[-63.526016957029405,-7.455367046794414],[-63.526006146359265,-7.446303553633393]]]}},
{"type":"Feature","properties":{"DESCRIPTION":"MDT_1471126.tif","FILENAME":"U:\\P589_AmazoniaRevelada_BR-319\\LiDAR_dataset\\ENTREGAS\\ENTREGA_01\\2_MDT\\GEOTIFF\\MDT_1471126.tif","SHRT_FNAME":"MDT_1471126.tif","UPPER_LEFT_X":"442958.334","UPPER_LEFT_Y":"9176878.819","LOWER_RIGHT_X":"443960.334","LOWER_RIGHT_Y":"9175876.819"},"geometry":{"type":"Polygon","coordinates":[[[-63.516942991272501,-7.446314224201306],[-63.507862561060264,-7.44632472912905],[-63.507872998876586,-7.455388248345986],[-63.516953615693765,-7.455377730492192],[-63.516942991272501,-7.446314224201306]]]}},
{"type":"Feature","properties":{"DESCRIPTION":"MDT_1471127.tif","FILENAME":"U:\\P589_AmazoniaRevelada_BR-319\\LiDAR_dataset\\ENTREGAS\\ENTREGA_01\\2_MDT\\GEOTIFF\\MDT_1471127.tif","SHRT_FNAME":"MDT_1471127.tif","UPPER_LEFT_X":"443958.429","UPPER_LEFT_Y":"9176878.819","LOWER_RIGHT_X":"444960.429","LOWER_RIGHT_Y":"9175876.819"},"geometry":{"type":"Polygon","coordinates":[[[-63.507879822949135,-7.4463247093358],[-63.498799379707805,-7.446335028475638],[-63.498809631272593,-7.455398560365661],[-63.507890261120188,-7.455388228528379],[-63.507879822949135,-7.4463247093358]]]}},
{"type":"Feature","properties":{"DESCRIPTION":"MDT_1471128.tif","FILENAME":"U:\\P589_AmazoniaRevelada_BR-319\\LiDAR_dataset\\ENTREGAS\\ENTREGA_01\\2_MDT\\GEOTIFF\\MDT_1471128.tif","SHRT_FNAME":"MDT_1471128.tif","UPPER_LEFT_X":"444958.524","UPPER_LEFT_Y":"9176878.819","LOWER_RIGHT_X":"445960.524","LOWER_RIGHT_Y":"9175876.819"},"geometry":{"type":"Polygon","coordinates":[[[-63.498816641621232,-7.44633500903557],[-63.489736185583276,-7.446345142386219],[-63.489746250895251,-7.455408686721155],[-63.498826893540752,-7.455398540901671],[-63.498816641621232,-7.44633500903557]]]}},
{"type":"Feature","properties":{"DESCRIPTION":"MDT_1471129.tif","FILENAME":"U:\\P589_AmazoniaRevelada_BR-319\\LiDAR_dataset\\ENTREGAS\\ENTREGA_01\\2_MDT\\GEOTIFF\\MDT_1471129.tif","SHRT_FNAME":"MDT_1471129.tif","UPPER_LEFT_X":"445958.619","UPPER_LEFT_Y":"9176878.819","LOWER_RIGHT_X":"446960.619","LOWER_RIGHT_Y":"9175876.819"},"geometry":{"type":"Polygon","coordinates":[[[-63.489753447520798,-7.446345123299335],[-63.480672978918719,-7.446355070859535],[-63.480682857976618,-7.455418627411207],[-63.489763513187519,-7.455408667610784],[-63.489753447520798,-7.446345123299335]]]}},
{"type":"Feature","properties":{"DESCRIPTION":"MDT_1471130.tif","FILENAME":"U:\\P589_AmazoniaRevelada_BR-319\\LiDAR_dataset\\ENTREGAS\\ENTREGA_01\\2_MDT\\GEOTIFF\\MDT_1471130.tif","SHRT_FNAME":"MDT_1471130.tif","UPPER_LEFT_X":"446958.714","UPPER_LEFT_Y":"9176878.819","LOWER_RIGHT_X":"447960.714","LOWER_RIGHT_Y":"9175876.819"},"geometry":{"type":"Polygon","coordinates":[[[-63.480690240879909,-7.446355052125842],[-63.471609759946183,-7.446364813894352],[-63.471619452748776,-7.455428382434584],[-63.48070012029256,-7.455418608654462],[-63.480690240879909,-7.446355052125842]]]}},
{"type":"Feature","properties":{"DESCRIPTION":"MDT_1471131.tif","FILENAME":"U:\\P589_AmazoniaRevelada_BR-319\\LiDAR_dataset\\ENTREGAS\\ENTREGA_01\\2_MDT\\GEOTIFF\\MDT_1471131.tif","SHRT_FNAME":"MDT_1471131.tif","UPPER_LEFT_X":"447958.810","UPPER_LEFT_Y":"9176878.819","LOWER_RIGHT_X":"448960.810","LOWER_RIGHT_Y":"9175876.819"},"geometry":{"type":"Polygon","coordinates":[[[-63.471627021930601,-7.446364795513849],[-63.462546528897732,-7.446374371489457],[-63.462556035443782,-7.455437951790072],[-63.471636715087939,-7.455428364031464],[-63.471627021930601,-7.446364795513849]]]}},
{"type":"Feature","properties":{"DESCRIPTION":"MDT_1471132.tif","FILENAME":"U:\\P589_AmazoniaRevelada_BR-319\\LiDAR_dataset\\ENTREGAS\\ENTREGA_01\\2_MDT\\GEOTIFF\\MDT_1471132.tif","SHRT_FNAME":"MDT_1471132.tif","UPPER_LEFT_X":"448958.905","UPPER_LEFT_Y":"9176878.819","LOWER_RIGHT_X":"449960.905","LOWER_RIGHT_Y":"9175876.819"},"geometry":{"type":"Polygon","coordinates":[[[-63.462563790904923,-7.446374353462144],[-63.453483286005394,-7.44638374364366],[-63.453492606293707,-7.455447335476481],[-63.462573297805719,-7.455437933740582],[-63.462563790904923,-7.446374353462144]]]}},
{"type":"Feature","properties":{"DESCRIPTION":"MDT_1471133.tif","FILENAME":"U:\\P589_AmazoniaRevelada_BR-319\\LiDAR_dataset\\ENTREGAS\\ENTREGA_01\\2_MDT\\GEOTIFF\\MDT_1471133.tif","SHRT_FNAME":"MDT_1471133.tif","UPPER_LEFT_X":"449959.000","UPPER_LEFT_Y":"9176878.819","LOWER_RIGHT_X":"450961.000","LOWER_RIGHT_Y":"9175876.819"},"geometry":{"type":"Polygon","coordinates":[[[-63.453500548034924,-7.446383725969546],[-63.444420031501224,-7.446392930355799],[-63.444429165530636,-7.455456533492641],[-63.453509868677997,-7.455447317780618],[-63.453500548034924,-7.446383725969546]]]}},
{"type":"Feature","properties":{"DESCRIPTION":"MDT_1471134.tif","FILENAME":"U:\\P589_AmazoniaRevelada_BR-319\\LiDAR_dataset\\ENTREGAS\\ENTREGA_01\\2_MDT\\GEOTIFF\\MDT_1471134.tif","SHRT_FNAME":"MDT_1471134.tif","UPPER_LEFT_X":"450959.095","UPPER_LEFT_Y":"9176878.819","LOWER_RIGHT_X":"451961.095","LOWER_RIGHT_Y":"9175876.819"},"geometry":{"type":"Polygon","coordinates":[[[-63.444437293552653,-7.446392913034883],[-63.435356765617293,-7.446401931624729],[-63.435365713386652,-7.455465545837407],[-63.444446427936818,-7.455456516150408],[-63.444437293552653,-7.446392913034883]]]}},
{"type":"Feature","properties":{"DESCRIPTION":"MDT_1471135.tif","FILENAME":"U:\\P589_AmazoniaRevelada_BR-319\\LiDAR_dataset\\ENTREGAS\\ENTREGA_01\\2_MDT\\GEOTIFF\\MDT_1471135.tif","SHRT_FNAME":"MDT_1471135.tif","UPPER_LEFT_X":"451959.190","UPPER_LEFT_Y":"9176878.819","LOWER_RIGHT_X":"452961.190","LOWER_RIGHT_Y":"9175876.819"},"geometry":{"type":"Polygon","coordinates":[[[-63.435374027690166,-7.44640191465701],[-63.426293488585621,-7.446410747449328],[-63.426302250093812,-7.455474372509662],[-63.435382975814285,-7.45546552884881],[-63.435374027690166,-7.44640191465701]]]}},
{"type":"Feature","properties":{"DESCRIPTION":"MDT_1471136.tif","FILENAME":"U:\\P589_AmazoniaRevelada_BR-319\\LiDAR_dataset\\ENTREGAS\\ENTREGA_01\\2_MDT\\GEOTIFF\\MDT_1471136.tif","SHRT_FNAME":"MDT_1471136.tif","UPPER_LEFT_X":"452959.286","UPPER_LEFT_Y":"9176878.819","LOWER_RIGHT_X":"453961.286","LOWER_RIGHT_Y":"9175876.819"},"geometry":{"type":"Polygon","coordinates":[[[-63.426310750679519,-7.446410730834812],[-63.417230200638294,-7.446419377828503],[-63.417238775884208,-7.455483013508303],[-63.426319512542463,-7.455474355874701],[-63.426310750679519,-7.446410730834812]]]}},
{"type":"Feature","properties":{"DESCRIPTION":"MDT_1471137.tif","FILENAME":"U:\\P589_AmazoniaRevelada_BR-319\\LiDAR_dataset\\ENTREGAS\\ENTREGA_01\\2_MDT\\GEOTIFF\\MDT_1471137.tif","SHRT_FNAME":"MDT_1471137.tif","UPPER_LEFT_X":"453959.381","UPPER_LEFT_Y":"9176878.819","LOWER_RIGHT_X":"454961.381","LOWER_RIGHT_Y":"9175876.819"},"geometry":{"type":"Polygon","coordinates":[[[-63.417247462752762,-7.446419361567189],[-63.408166902007359,-7.446427822761174],[-63.408175290989909,-7.45549146883226],[-63.417256038353429,-7.45548299722698],[-63.417247462752762,-7.446419361567189]]]}},
{"type":"Feature","properties":{"DESCRIPTION":"MDT_1471138.tif","FILENAME":"U:\\P589_AmazoniaRevelada_BR-319\\LiDAR_dataset\\ENTREGAS\\ENTREGA_01\\2_MDT\\GEOTIFF\\MDT_1471138.tif","SHRT_FNAME":"MDT_1471138.tif","UPPER_LEFT_X":"454959.476","UPPER_LEFT_Y":"9176878.819","LOWER_RIGHT_X":"455961.476","LOWER_RIGHT_Y":"9175876.819"},"geometry":{"type":"Polygon","coordinates":[[[-63.408184164141943,-7.44642780685307],[-63.399103592924874,-7.446436082246301],[-63.399111795643016,-7.455499738480478],[-63.40819255347926,-7.455491452904578],[-63.408184164141943,-7.44642780685307]]]}},
{"type":"Feature","properties":{"DESCRIPTION":"MDT_1471139.tif","FILENAME":"U:\\P589_AmazoniaRevelada_BR-319\\LiDAR_dataset\\ENTREGAS\\ENTREGA_01\\2_MDT\\GEOTIFF\\MDT_1471139.tif","SHRT_FNAME":"MDT_1471139.tif","UPPER_LEFT_X":"455959.571","UPPER_LEFT_Y":"9176878.819","LOWER_RIGHT_X":"456961.571","LOWER_RIGHT_Y":"9175876.819"},"geometry":{"type":"Polygon","coordinates":[[[-63.399120855079154,-7.446436066691401],[-63.390040273622894,-7.446444156282847],[-63.390048290075597,-7.455507822451927],[-63.399129058152056,-7.455499722906437],[-63.399120855079154,-7.446436066691401]]]}},
{"type":"Feature","properties":{"DESCRIPTION":"MDT_1471140.tif","FILENAME":"U:\\P589_AmazoniaRevelada_BR-319\\LiDAR_dataset\\ENTREGAS\\ENTREGA_01\\2_MDT\\GEOTIFF\\MDT_1471140.tif","SHRT_FNAME":"MDT_1471140.tif","UPPER_LEFT_X":"456959.666","UPPER_LEFT_Y":"9176878.819","LOWER_RIGHT_X":"457961.666","LOWER_RIGHT_Y":"9175876.819"},"geometry":{"type":"Polygon","coordinates":[[[-63.390057535796416,-7.446444141081157],[-63.380976944333497,-7.44645204486981],[-63.380984774519746,-7.455515720745606],[-63.390065552603886,-7.455507807231534],[-63.390057535796416,-7.446444141081157]]]}},
{"type":"Feature","properties":{"DESCRIPTION":"MDT_1471141.tif","FILENAME":"U:\\P589_AmazoniaRevelada_BR-319\\LiDAR_dataset\\ENTREGAS\\ENTREGA_01\\2_MDT\\GEOTIFF\\MDT_1471141.tif","SHRT_FNAME":"MDT_1471141.tif","UPPER_LEFT_X":"457959.762","UPPER_LEFT_Y":"9176878.819","LOWER_RIGHT_X":"458961.762","LOWER_RIGHT_Y":"9175876.819"},"geometry":{"type":"Polygon","coordinates":[[[-63.380994206525806,-7.446452030021334],[-63.371913605288725,-7.446459748006211],[-63.371921249207546,-7.455523433360526],[-63.381002037066843,-7.455515705878857],[-63.380994206525806,-7.446452030021334]]]}},
{"type":"Feature","properties":{"DESCRIPTION":"MDT_1471142.tif","FILENAME":"U:\\P589_AmazoniaRevelada_BR-319\\LiDAR_dataset\\ENTREGAS\\ENTREGA_01\\2_MDT\\GEOTIFF\\MDT_1471142.tif","SHRT_FNAME":"MDT_1471142.tif","UPPER_LEFT_X":"458959.857","UPPER_LEFT_Y":"9176878.819","LOWER_RIGHT_X":"459961.857","LOWER_RIGHT_Y":"9175876.819"},"geometry":{"type":"Polygon","coordinates":[[[-63.371930867499408,-7.446459733510947],[-63.362850256720648,-7.446467265691092],[-63.362857714371067,-7.455530960295736],[-63.371938511772996,-7.455523418847427],[-63.371930867499408,-7.446459733510947]]]}},
{"type":"Feature","properties":{"DESCRIPTION":"MDT_1471143.tif","FILENAME":"U:\\P589_AmazoniaRevelada_BR-319\\LiDAR_dataset\\ENTREGAS\\ENTREGA_01\\2_MDT\\GEOTIFF\\MDT_1471143.tif","SHRT_FNAME":"MDT_1471143.tif","UPPER_LEFT_X":"459959.952","UPPER_LEFT_Y":"9176878.819","LOWER_RIGHT_X":"460961.952","LOWER_RIGHT_Y":"9175876.819"},"geometry":{"type":"Polygon","coordinates":[[[-63.362867518949244,-7.446467251549043],[-63.35378689886133,-7.446474597923517],[-63.353794170242423,-7.455538301550289],[-63.362874976954437,-7.455530946136284],[-63.362867518949244,-7.446467251549043]]]}},
{"type":"Feature","properties":{"DESCRIPTION":"MDT_1471144.tif","FILENAME":"U:\\P589_AmazoniaRevelada_BR-319\\LiDAR_dataset\\ENTREGAS\\ENTREGA_01\\2_MDT\\GEOTIFF\\MDT_1471144.tif","SHRT_FNAME":"MDT_1471144.tif","UPPER_LEFT_X":"460960.047","UPPER_LEFT_Y":"9176878.819","LOWER_RIGHT_X":"461962.047","LOWER_RIGHT_Y":"9175876.819"},"geometry":{"type":"Polygon","coordinates":[[[-63.353804161107405,-7.446474584134681],[-63.344723531942847,-7.446481744702567],[-63.344730617053692,-7.45554545712328],[-63.353811432843273,-7.455538287744493],[-63.353804161107405,-7.446474584134681]]]}},
{"type":"Feature","properties":{"DESCRIPTION":"MDT_1471145.tif","FILENAME":"U:\\P589_AmazoniaRevelada_BR-319\\LiDAR_dataset\\ENTREGAS\\ENTREGA_01\\2_MDT\\GEOTIFF\\MDT_1471145.tif","SHRT_FNAME":"MDT_1471145.tif","UPPER_LEFT_X":"461960.142","UPPER_LEFT_Y":"9176878.819","LOWER_RIGHT_X":"462962.142","LOWER_RIGHT_Y":"9175876.819"},"geometry":{"type":"Polygon","coordinates":[[[-63.344740794205947,-7.446481731266956],[-63.33566015619725,-7.446488706027362],[-63.335667055036978,-7.455552427013819],[-63.344747879671573,-7.455545443671136],[-63.344740794205947,-7.446481731266956]]]}},
{"type":"Feature","properties":{"DESCRIPTION":"MDT_1471146.tif","FILENAME":"U:\\P589_AmazoniaRevelada_BR-319\\LiDAR_dataset\\ENTREGAS\\ENTREGA_01\\2_MDT\\GEOTIFF\\MDT_1471146.tif","SHRT_FNAME":"MDT_1471146.tif","UPPER_LEFT_X":"462960.238","UPPER_LEFT_Y":"9176878.819","LOWER_RIGHT_X":"463962.238","LOWER_RIGHT_Y":"9175876.819"},"geometry":{"type":"Polygon","coordinates":[[[-63.335677418476948,-7.446488692944971],[-63.326596771856636,-7.446495481897035],[-63.326603484424339,-7.455559211221033],[-63.335684317671443,-7.455552413915329],[-63.335677418476948,-7.446488692944971]]]}},
{"type":"Feature","properties":{"DESCRIPTION":"MDT_1471147.tif","FILENAME":"U:\\P589_AmazoniaRevelada_BR-319\\LiDAR_dataset\\ENTREGAS\\ENTREGA_01\\2_MDT\\GEOTIFF\\MDT_1471147.tif","SHRT_FNAME":"MDT_1471147.tif","UPPER_LEFT_X":"463960.333","UPPER_LEFT_Y":"9176878.819","LOWER_RIGHT_X":"464962.333","LOWER_RIGHT_Y":"9175876.819"},"geometry":{"type":"Polygon","coordinates":[[[-63.326614034152477,-7.446495469167864],[-63.317533379153026,-7.446502072310738],[-63.317539905447909,-7.455565809744082],[-63.326620747074969,-7.455559198476199],[-63.326614034152477,-7.446495469167864]]]}},
{"type":"Feature","properties":{"DESCRIPTION":"MDT_1472122.tif","FILENAME":"U:\\P589_AmazoniaRevelada_BR-319\\LiDAR_dataset\\ENTREGAS\\ENTREGA_01\\2_MDT\\GEOTIFF\\MDT_1472122.tif","SHRT_FNAME":"MDT_1472122.tif","UPPER_LEFT_X":"438957.953","UPPER_LEFT_Y":"9175878.943","LOWER_RIGHT_X":"439959.953","LOWER_RIGHT_Y":"9174876.943"},"geometry":{"type":"Polygon","coordinates":[[[-63.55320687516322,-7.455314661876629],[-63.544126313188691,-7.455325923753808],[-63.544137509954886,-7.464389386282972],[-63.553218258761767,-7.46437811056479],[-63.55320687516322,-7.455314661876629]]]}},
{"type":"Feature","properties":{"DESCRIPTION":"MDT_1472123.tif","FILENAME":"U:\\P589_AmazoniaRevelada_BR-319\\LiDAR_dataset\\ENTREGAS\\ENTREGA_01\\2_MDT\\GEOTIFF\\MDT_1472123.tif","SHRT_FNAME":"MDT_1472123.tif","UPPER_LEFT_X":"439958.048","UPPER_LEFT_Y":"9175878.943","LOWER_RIGHT_X":"440960.048","LOWER_RIGHT_Y":"9174876.943"},"geometry":{"type":"Polygon","coordinates":[[[-63.544143575328931,-7.455325902521809],[-63.535062999393979,-7.455336978388333],[-63.535074009681587,-7.464400454503799],[-63.544154772450305,-7.464389365024878],[-63.544143575328931,-7.455325902521809]]]}},
{"type":"Feature","properties":{"DESCRIPTION":"MDT_1472124.tif","FILENAME":"U:\\P589_AmazoniaRevelada_BR-319\\LiDAR_dataset\\ENTREGAS\\ENTREGA_01\\2_MDT\\GEOTIFF\\MDT_1472124.tif","SHRT_FNAME":"MDT_1472124.tif","UPPER_LEFT_X":"440958.143","UPPER_LEFT_Y":"9175878.943","LOWER_RIGHT_X":"441960.143","LOWER_RIGHT_Y":"9174876.943"},"geometry":{"type":"Polygon","coordinates":[[[-63.535080261560537,-7.455336957509942],[-63.525999671897658,-7.455347847364433],[-63.5260104957053,-7.464411336838018],[-63.535091272203324,-7.464400433599747],[-63.535080261560537,-7.455336957509942]]]}},
{"type":"Feature","properties":{"DESCRIPTION":"MDT_1472125.tif","FILENAME":"U:\\P589_AmazoniaRevelada_BR-319\\LiDAR_dataset\\ENTREGAS\\ENTREGA_01\\2_MDT\\GEOTIFF\\MDT_1472125.tif","SHRT_FNAME":"MDT_1472125.tif","UPPER_LEFT_X":"441958.238","UPPER_LEFT_Y":"9175878.943","LOWER_RIGHT_X":"442960.238","LOWER_RIGHT_Y":"9174876.943"},"geometry":{"type":"Polygon","coordinates":[[[-63.526016934090094,-7.455347826839651],[-63.516936330931777,-7.455358530680755],[-63.516946968258097,-7.464422033284286],[-63.526027758252908,-7.464411316288013],[-63.526016934090094,-7.455347826839651]]]}},
{"type":"Feature","properties":{"DESCRIPTION":"MDT_1472126.tif","FILENAME":"U:\\P589_AmazoniaRevelada_BR-319\\LiDAR_dataset\\ENTREGAS\\ENTREGA_01\\2_MDT\\GEOTIFF\\MDT_1472126.tif","SHRT_FNAME":"MDT_1472126.tif","UPPER_LEFT_X":"442958.334","UPPER_LEFT_Y":"9175878.943","LOWER_RIGHT_X":"443960.334","LOWER_RIGHT_Y":"9174876.943"},"geometry":{"type":"Polygon","coordinates":[[[-63.516953593149665,-7.455358510509583],[-63.507872976728436,-7.455369028335962],[-63.507883427572075,-7.464432543841263],[-63.51696423083115,-7.464422013088326],[-63.516953593149665,-7.455358510509583]]]}},
{"type":"Feature","properties":{"DESCRIPTION":"MDT_1472127.tif","FILENAME":"U:\\P589_AmazoniaRevelada_BR-319\\LiDAR_dataset\\ENTREGAS\\ENTREGA_01\\2_MDT\\GEOTIFF\\MDT_1472127.tif","SHRT_FNAME":"MDT_1472127.tif","UPPER_LEFT_X":"443958.429","UPPER_LEFT_Y":"9175878.943","LOWER_RIGHT_X":"444960.429","LOWER_RIGHT_Y":"9174876.943"},"geometry":{"type":"Polygon","coordinates":[[[-63.507890238971292,-7.455369008518409],[-63.498809609519661,-7.455379340328763],[-63.498819873879313,-7.464442868507651],[-63.507900690170111,-7.464432523999354],[-63.507890238971292,-7.455369008518409]]]}},
{"type":"Feature","properties":{"DESCRIPTION":"MDT_1472128.tif","FILENAME":"U:\\P589_AmazoniaRevelada_BR-319\\LiDAR_dataset\\ENTREGAS\\ENTREGA_01\\2_MDT\\GEOTIFF\\MDT_1472128.tif","SHRT_FNAME":"MDT_1472128.tif","UPPER_LEFT_X":"444958.524","UPPER_LEFT_Y":"9175878.943","LOWER_RIGHT_X":"445960.524","LOWER_RIGHT_Y":"9174876.943"},"geometry":{"type":"Polygon","coordinates":[[[-63.498826871787067,-7.455379320864826],[-63.489746229537523,-7.455389466657865],[-63.489756307411916,-7.464453007282157],[-63.498837136501912,-7.464442849019791],[-63.498826871787067,-7.455379320864826]]]}},
{"type":"Feature","properties":{"DESCRIPTION":"MDT_1472129.tif","FILENAME":"U:\\P589_AmazoniaRevelada_BR-319\\LiDAR_dataset\\ENTREGAS\\ENTREGA_01\\2_MDT\\GEOTIFF\\MDT_1472129.tif","SHRT_FNAME":"MDT_1472129.tif","UPPER_LEFT_X":"445958.619","UPPER_LEFT_Y":"9175878.943","LOWER_RIGHT_X":"446960.619","LOWER_RIGHT_Y":"9174876.943"},"geometry":{"type":"Polygon","coordinates":[[[-63.489763491829045,-7.455389447547549],[-63.480682837014115,-7.455399407322014],[-63.480692728401962,-7.46446296016352],[-63.489773570058624,-7.46445298814835],[-63.489763491829045,-7.455389447547549]]]}},
{"type":"Feature","properties":{"DESCRIPTION":"MDT_1472130.tif","FILENAME":"U:\\P589_AmazoniaRevelada_BR-319\\LiDAR_dataset\\ENTREGAS\\ENTREGA_01\\2_MDT\\GEOTIFF\\MDT_1472130.tif","SHRT_FNAME":"MDT_1472130.tif","UPPER_LEFT_X":"446958.714","UPPER_LEFT_Y":"9175878.943","LOWER_RIGHT_X":"447960.714","LOWER_RIGHT_Y":"9174876.943"},"geometry":{"type":"Polygon","coordinates":[[[-63.480700099329297,-7.455399388565316],[-63.471619432181477,-7.455409162319969],[-63.47162913708155,-7.464472727150506],[-63.480709991072338,-7.464462941383772],[-63.480700099329297,-7.455399388565316]]]}},
{"type":"Feature","properties":{"DESCRIPTION":"MDT_1472131.tif","FILENAME":"U:\\P589_AmazoniaRevelada_BR-319\\LiDAR_dataset\\ENTREGAS\\ENTREGA_01\\2_MDT\\GEOTIFF\\MDT_1472131.tif","SHRT_FNAME":"MDT_1472131.tif","UPPER_LEFT_X":"447958.810","UPPER_LEFT_Y":"9175878.943","LOWER_RIGHT_X":"448960.810","LOWER_RIGHT_Y":"9174876.943"},"geometry":{"type":"Polygon","coordinates":[[[-63.471636694519894,-7.455409143916897],[-63.462556015271701,-7.455418731650518],[-63.462565533682778,-7.464482308241903],[-63.471646399775153,-7.464472708724817],[-63.471636694519894,-7.455409143916897]]]}},
{"type":"Feature","properties":{"DESCRIPTION":"MDT_1472132.tif","FILENAME":"U:\\P589_AmazoniaRevelada_BR-319\\LiDAR_dataset\\ENTREGAS\\ENTREGA_01\\2_MDT\\GEOTIFF\\MDT_1472132.tif","SHRT_FNAME":"MDT_1472132.tif","UPPER_LEFT_X":"448958.905","UPPER_LEFT_Y":"9175878.943","LOWER_RIGHT_X":"449960.905","LOWER_RIGHT_Y":"9174876.943"},"geometry":{"type":"Polygon","coordinates":[[[-63.462573277632899,-7.45541871360107],[-63.453492586516852,-7.455428115312468],[-63.45350191843773,-7.464491703436507],[-63.462582796399168,-7.46448229017027],[-63.462573277632899,-7.45541871360107]]]}},
{"type":"Feature","properties":{"DESCRIPTION":"MDT_1472133.tif","FILENAME":"U:\\P589_AmazoniaRevelada_BR-319\\LiDAR_dataset\\ENTREGAS\\ENTREGA_01\\2_MDT\\GEOTIFF\\MDT_1472133.tif","SHRT_FNAME":"MDT_1472133.tif","UPPER_LEFT_X":"449959.000","UPPER_LEFT_Y":"9175878.943","LOWER_RIGHT_X":"450961.000","LOWER_RIGHT_Y":"9174876.943"},"geometry":{"type":"Polygon","coordinates":[[[-63.453509848900396,-7.455428097616653],[-63.444429146149012,-7.455437313304658],[-63.444438291578521,-7.464500912733161],[-63.453519181176461,-7.464491685718944],[-63.453509848900396,-7.455428097616653]]]}},
{"type":"Feature","properties":{"DESCRIPTION":"MDT_1472134.tif","FILENAME":"U:\\P589_AmazoniaRevelada_BR-319\\LiDAR_dataset\\ENTREGAS\\ENTREGA_01\\2_MDT\\GEOTIFF\\MDT_1472134.tif","SHRT_FNAME":"MDT_1472134.tif","UPPER_LEFT_X":"450959.095","UPPER_LEFT_Y":"9175878.943","LOWER_RIGHT_X":"451961.095","LOWER_RIGHT_Y":"9174876.943"},"geometry":{"type":"Polygon","coordinates":[[[-63.444446408554448,-7.455437295962471],[-63.435365694400254,-7.455446325625936],[-63.435374653337227,-7.464509936130717],[-63.44445555433915,-7.464500895369664],[-63.444446408554448,-7.455437295962471]]]}},
{"type":"Feature","properties":{"DESCRIPTION":"MDT_1472135.tif","FILENAME":"U:\\P589_AmazoniaRevelada_BR-319\\LiDAR_dataset\\ENTREGAS\\ENTREGA_01\\2_MDT\\GEOTIFF\\MDT_1472135.tif","SHRT_FNAME":"MDT_1472135.tif","UPPER_LEFT_X":"451959.190","UPPER_LEFT_Y":"9175878.943","LOWER_RIGHT_X":"452961.190","LOWER_RIGHT_Y":"9174876.943"},"geometry":{"type":"Polygon","coordinates":[[[-63.435382956827134,-7.455446308637385],[-63.426302231502646,-7.455455152275184],[-63.426311003945976,-7.464518773628046],[-63.435391916119315,-7.464509919121284],[-63.435382956827134,-7.455446308637385]]]}},
{"type":"Feature","properties":{"DESCRIPTION":"MDT_1472136.tif","FILENAME":"U:\\P589_AmazoniaRevelada_BR-319\\LiDAR_dataset\\ENTREGAS\\ENTREGA_01\\2_MDT\\GEOTIFF\\MDT_1472136.tif","SHRT_FNAME":"MDT_1472136.tif","UPPER_LEFT_X":"452959.286","UPPER_LEFT_Y":"9175878.943","LOWER_RIGHT_X":"453961.286","LOWER_RIGHT_Y":"9174876.943"},"geometry":{"type":"Polygon","coordinates":[[[-63.426319493950544,-7.455455135640269],[-63.417238757688267,-7.455463793251308],[-63.417247343636866,-7.464527425224055],[-63.426328266749081,-7.464518756972685],[-63.426319493950544,-7.455455135640269]]]}},
{"type":"Feature","properties":{"DESCRIPTION":"MDT_1472137.tif","FILENAME":"U:\\P589_AmazoniaRevelada_BR-319\\LiDAR_dataset\\ENTREGAS\\ENTREGA_01\\2_MDT\\GEOTIFF\\MDT_1472137.tif","SHRT_FNAME":"MDT_1472137.tif","UPPER_LEFT_X":"453959.381","UPPER_LEFT_Y":"9175878.943","LOWER_RIGHT_X":"454961.381","LOWER_RIGHT_Y":"9174876.943"},"geometry":{"type":"Polygon","coordinates":[[[-63.417256020156742,-7.455463776970031],[-63.408175273189215,-7.455472248553229],[-63.408183672641975,-7.464535890917665],[-63.417264606460527,-7.464527408922765],[-63.417256020156742,-7.455463776970031]]]}},
{"type":"Feature","properties":{"DESCRIPTION":"MDT_1472138.tif","FILENAME":"U:\\P589_AmazoniaRevelada_BR-319\\LiDAR_dataset\\ENTREGAS\\ENTREGA_01\\2_MDT\\GEOTIFF\\MDT_1472138.tif","SHRT_FNAME":"MDT_1472138.tif","UPPER_LEFT_X":"454959.476","UPPER_LEFT_Y":"9175878.943","LOWER_RIGHT_X":"455961.476","LOWER_RIGHT_Y":"9174876.943"},"geometry":{"type":"Polygon","coordinates":[[[-63.408192535677813,-7.455472232625587],[-63.399111778237554,-7.455480518179895],[-63.39911999119343,-7.464544170707822],[-63.40820093548578,-7.46453587497045],[-63.408192535677813,-7.455472232625587]]]}},
{"type":"Feature","properties":{"DESCRIPTION":"MDT_1472139.tif","FILENAME":"U:\\P589_AmazoniaRevelada_BR-319\\LiDAR_dataset\\ENTREGAS\\ENTREGA_01\\2_MDT\\GEOTIFF\\MDT_1472139.tif","SHRT_FNAME":"MDT_1472139.tif","UPPER_LEFT_X":"455959.571","UPPER_LEFT_Y":"9175878.943","LOWER_RIGHT_X":"456961.571","LOWER_RIGHT_Y":"9174876.943"},"geometry":{"type":"Polygon","coordinates":[[[-63.399129040745834,-7.455480502605893],[-63.390048273065375,-7.455488602130278],[-63.390056299523337,-7.464552264593501],[-63.399137254056932,-7.464544155114684],[-63.399129040745834,-7.455480502605893]]]}},
{"type":"Feature","properties":{"DESCRIPTION":"MDT_1472140.tif","FILENAME":"U:\\P589_AmazoniaRevelada_BR-319\\LiDAR_dataset\\ENTREGAS\\ENTREGA_01\\2_MDT\\GEOTIFF\\MDT_1472140.tif","SHRT_FNAME":"MDT_1472140.tif","UPPER_LEFT_X":"456959.666","UPPER_LEFT_Y":"9175878.943","LOWER_RIGHT_X":"457961.666","LOWER_RIGHT_Y":"9174876.943"},"geometry":{"type":"Polygon","coordinates":[[[-63.390065535592903,-7.45548858690992],[-63.38098475790477,-7.455496500403369],[-63.380992597863802,-7.464560172573687],[-63.39007356240608,-7.464552249354438],[-63.390065535592903,-7.45548858690992]]]}},
{"type":"Feature","properties":{"DESCRIPTION":"MDT_1472141.tif","FILENAME":"U:\\P589_AmazoniaRevelada_BR-319\\LiDAR_dataset\\ENTREGAS\\ENTREGA_01\\2_MDT\\GEOTIFF\\MDT_1472141.tif","SHRT_FNAME":"MDT_1472141.tif","UPPER_LEFT_X":"457959.762","UPPER_LEFT_Y":"9175878.943","LOWER_RIGHT_X":"458961.762","LOWER_RIGHT_Y":"9174876.943"},"geometry":{"type":"Polygon","coordinates":[[[-63.381002020451099,-7.45549648553666],[-63.371921232987795,-7.45550421299819],[-63.371928886446931,-7.464567894647402],[-63.381009860765339,-7.464560157688704],[-63.381002020451099,-7.45549648553666]]]}},
{"type":"Feature","properties":{"DESCRIPTION":"MDT_1472142.tif","FILENAME":"U:\\P589_AmazoniaRevelada_BR-319\\LiDAR_dataset\\ENTREGAS\\ENTREGA_01\\2_MDT\\GEOTIFF\\MDT_1472142.tif","SHRT_FNAME":"MDT_1472142.tif","UPPER_LEFT_X":"458959.857","UPPER_LEFT_Y":"9175878.943","LOWER_RIGHT_X":"459961.857","LOWER_RIGHT_Y":"9174876.943"},"geometry":{"type":"Polygon","coordinates":[[[-63.371938495552499,-7.455504198485128],[-63.362857698546577,-7.455511739913781],[-63.362865165504829,-7.464575430813684],[-63.371946149366835,-7.464567880116504],[-63.371938495552499,-7.455504198485128]]]}},
{"type":"Feature","properties":{"DESCRIPTION":"MDT_1472143.tif","FILENAME":"U:\\P589_AmazoniaRevelada_BR-319\\LiDAR_dataset\\ENTREGAS\\ENTREGA_01\\2_MDT\\GEOTIFF\\MDT_1472143.tif","SHRT_FNAME":"MDT_1472143.tif","UPPER_LEFT_X":"459959.952","UPPER_LEFT_Y":"9175878.943","LOWER_RIGHT_X":"460961.952","LOWER_RIGHT_Y":"9174876.943"},"geometry":{"type":"Polygon","coordinates":[[[-63.362874961129194,-7.455511725754367],[-63.353794154813187,-7.455519081149204],[-63.353801435269631,-7.464582781071595],[-63.36288242844266,-7.464575416636871],[-63.362874961129194,-7.455511725754367]]]}},
{"type":"Feature","properties":{"DESCRIPTION":"MDT_1472144.tif","FILENAME":"U:\\P589_AmazoniaRevelada_BR-319\\LiDAR_dataset\\ENTREGAS\\ENTREGA_01\\2_MDT\\GEOTIFF\\MDT_1472144.tif","SHRT_FNAME":"MDT_1472144.tif","UPPER_LEFT_X":"460960.047","UPPER_LEFT_Y":"9175878.943","LOWER_RIGHT_X":"461962.047","LOWER_RIGHT_Y":"9174876.943"},"geometry":{"type":"Polygon","coordinates":[[[-63.353811417413269,-7.455519067343443],[-63.344730602019695,-7.455526236703548],[-63.344737695973407,-7.464589945420223],[-63.353818698224927,-7.464582767248864],[-63.353811417413269,-7.455519067343443]]]}},
{"type":"Feature","properties":{"DESCRIPTION":"MDT_1472145.tif","FILENAME":"U:\\P589_AmazoniaRevelada_BR-319\\LiDAR_dataset\\ENTREGAS\\ENTREGA_01\\2_MDT\\GEOTIFF\\MDT_1472145.tif","SHRT_FNAME":"MDT_1472145.tif","UPPER_LEFT_X":"461960.142","UPPER_LEFT_Y":"9175878.943","LOWER_RIGHT_X":"462962.142","LOWER_RIGHT_Y":"9174876.943"},"geometry":{"type":"Polygon","coordinates":[[[-63.34474786463683,-7.455526223251436],[-63.335667040398228,-7.455533206575919],[-63.335673947848328,-7.464596923858671],[-63.344754958945757,-7.464589931951577],[-63.34474786463683,-7.455526223251436]]]}},
{"type":"Feature","properties":{"DESCRIPTION":"MDT_1472146.tif","FILENAME":"U:\\P589_AmazoniaRevelada_BR-319\\LiDAR_dataset\\ENTREGAS\\ENTREGA_01\\2_MDT\\GEOTIFF\\MDT_1472146.tif","SHRT_FNAME":"MDT_1472146.tif","UPPER_LEFT_X":"462960.238","UPPER_LEFT_Y":"9175878.943","LOWER_RIGHT_X":"463962.238","LOWER_RIGHT_Y":"9174876.943"},"geometry":{"type":"Polygon","coordinates":[[[-63.335684303031954,-7.455533193477464],[-63.326603470180849,-7.455539990765452],[-63.326610191126463,-7.464603716386077],[-63.335691210837268,-7.464596910744116],[-63.335684303031954,-7.455533193477464]]]}},
{"type":"Feature","properties":{"DESCRIPTION":"MDT_1472147.tif","FILENAME":"U:\\P589_AmazoniaRevelada_BR-319\\LiDAR_dataset\\ENTREGAS\\ENTREGA_01\\2_MDT\\GEOTIFF\\MDT_1472147.tif","SHRT_FNAME":"MDT_1472147.tif","UPPER_LEFT_X":"463960.333","UPPER_LEFT_Y":"9175878.943","LOWER_RIGHT_X":"464962.333","LOWER_RIGHT_Y":"9174876.943"},"geometry":{"type":"Polygon","coordinates":[[[-63.326620732830726,-7.455539978020651],[-63.317539891599672,-7.455546589271304],[-63.317546426039939,-7.46461032300159],[-63.326627454131554,-7.464603703625612],[-63.326620732830726,-7.455539978020651]]]}},
{"type":"Feature","properties":{"DESCRIPTION":"MDT_1473142.tif","FILENAME":"U:\\P589_AmazoniaRevelada_BR-319\\LiDAR_dataset\\ENTREGAS\\ENTREGA_01\\2_MDT\\GEOTIFF\\MDT_1473142.tif","SHRT_FNAME":"MDT_1473142.tif","UPPER_LEFT_X":"458959.857","UPPER_LEFT_Y":"9174879.068","LOWER_RIGHT_X":"459961.857","LOWER_RIGHT_Y":"9173877.068"},"geometry":{"type":"Polygon","coordinates":[[[-63.371946133126109,-7.46454865976205],[-63.3628651496606,-7.464556210439577],[-63.362872625927615,-7.473619897630345],[-63.371953796482153,-7.473612337683926],[-63.371946133126109,-7.46454865976205]]]}},
{"type":"Feature","properties":{"DESCRIPTION":"MDT_1473143.tif","FILENAME":"U:\\P589_AmazoniaRevelada_BR-319\\LiDAR_dataset\\ENTREGAS\\ENTREGA_01\\2_MDT\\GEOTIFF\\MDT_1473143.tif","SHRT_FNAME":"MDT_1473143.tif","UPPER_LEFT_X":"459959.952","UPPER_LEFT_Y":"9174879.068","LOWER_RIGHT_X":"460961.952","LOWER_RIGHT_Y":"9173877.068"},"geometry":{"type":"Polygon","coordinates":[[[-63.362882412597671,-7.464556196262796],[-63.353801419821124,-7.464563560678354],[-63.353808709353828,-7.473627256891965],[-63.362889889220341,-7.473619883436163],[-63.362882412597671,-7.464556196262796]]]}},
{"type":"Feature","properties":{"DESCRIPTION":"MDT_1473144.tif","FILENAME":"U:\\P589_AmazoniaRevelada_BR-319\\LiDAR_dataset\\ENTREGAS\\ENTREGA_01\\2_MDT\\GEOTIFF\\MDT_1473144.tif","SHRT_FNAME":"MDT_1473144.tif","UPPER_LEFT_X":"460960.047","UPPER_LEFT_Y":"9174879.068","LOWER_RIGHT_X":"461962.047","LOWER_RIGHT_Y":"9173877.068"},"geometry":{"type":"Polygon","coordinates":[[[-63.353818682775689,-7.464563546855659],[-63.344737680920673,-7.464570725008328],[-63.344744783718134,-7.473634430016572],[-63.35382597266404,-7.473627243052305],[-63.353818682775689,-7.464563546855659]]]}},
{"type":"Feature","properties":{"DESCRIPTION":"MDT_1473145.tif","FILENAME":"U:\\P589_AmazoniaRevelada_BR-319\\LiDAR_dataset\\ENTREGAS\\ENTREGA_01\\2_MDT\\GEOTIFF\\MDT_1473145.tif","SHRT_FNAME":"MDT_1473145.tif","UPPER_LEFT_X":"461960.142","UPPER_LEFT_Y":"9174879.068","LOWER_RIGHT_X":"462962.142","LOWER_RIGHT_Y":"9173877.068"},"geometry":{"type":"Polygon","coordinates":[[[-63.344754943892255,-7.464570711539724],[-63.335673933191316,-7.464577703428613],[-63.335680849252661,-7.473641417003271],[-63.344762047045386,-7.473634416531429],[-63.344754943892255,-7.464570711539724]]]}},
{"type":"Feature","properties":{"DESCRIPTION":"MDT_1473146.tif","FILENAME":"U:\\P589_AmazoniaRevelada_BR-319\\LiDAR_dataset\\ENTREGAS\\ENTREGA_01\\2_MDT\\GEOTIFF\\MDT_1473146.tif","SHRT_FNAME":"MDT_1473146.tif","UPPER_LEFT_X":"462960.238","UPPER_LEFT_Y":"9174879.068","LOWER_RIGHT_X":"463962.238","LOWER_RIGHT_Y":"9173877.068"},"geometry":{"type":"Polygon","coordinates":[[[-63.335691196179503,-7.464577690314094],[-63.326610176865195,-7.464584495938336],[-63.32661690618955,-7.473648217851193],[-63.335698112596511,-7.473641403872653],[-63.335691196179503,-7.464577690314094]]]}},
{"type":"Feature","properties":{"DESCRIPTION":"MDT_1473147.tif","FILENAME":"U:\\P589_AmazoniaRevelada_BR-319\\LiDAR_dataset\\ENTREGAS\\ENTREGA_01\\2_MDT\\GEOTIFF\\MDT_1473147.tif","SHRT_FNAME":"MDT_1473147.tif","UPPER_LEFT_X":"463960.333","UPPER_LEFT_Y":"9174879.068","LOWER_RIGHT_X":"464962.333","LOWER_RIGHT_Y":"9173877.068"},"geometry":{"type":"Polygon","coordinates":[[[-63.32662743986954,-7.464584483177906],[-63.317546412174437,-7.464591102536656],[-63.317552954760949,-7.473654832559493],[-63.326634169549557,-7.473648205075101],[-63.32662743986954,-7.464584483177906]]]}}
]
}
