{
"type": "FeatureCollection",
"name": "ENTREGA_09_LIMITE_FICHEIROS",
"crs": { "type": "name", "properties": { "name": "urn:ogc:def:crs:OGC:1.3:CRS84" } },
"features": [
{"type":"Feature","properties":{"DESCRIPTION":"MDT_1412193.tif","FILENAME":"U:\\P589_AmazoniaRevelada_BR-319\\LiDAR_dataset\\ENTREGAS\\ENTREGA_09\\2_MDT\\GEOTIFF\\MDT_1412193.tif","SHRT_FNAME":"MDT_1412193.tif","UPPER_LEFT_X":"509964.333","UPPER_LEFT_Y":"9235871.584","LOWER_RIGHT_X":"510966.833","LOWER_RIGHT_Y":"9234869.084"},"geometry":{"type":"Polygon","coordinates":[[[-62.909801705823845,-6.912965051526545],[-62.900726968561251,-6.912963246768512],[-62.900725074813352,-6.92203184394429],[-62.909799985186446,-6.922033651092113],[-62.909801705823845,-6.912965051526545]]]}},
{"type":"Feature","properties":{"DESCRIPTION":"MDT_1412192.tif","FILENAME":"U:\\P589_AmazoniaRevelada_BR-319\\LiDAR_dataset\\ENTREGAS\\ENTREGA_09\\2_MDT\\GEOTIFF\\MDT_1412192.tif","SHRT_FNAME":"MDT_1412192.tif","UPPER_LEFT_X":"508964.333","UPPER_LEFT_Y":"9235871.584","LOWER_RIGHT_X":"509966.833","LOWER_RIGHT_Y":"9234869.084"},"geometry":{"type":"Polygon","coordinates":[[[-62.918853815120769,-6.912966679552659],[-62.909779075553388,-6.912965047240921],[-62.909777354484298,-6.922033646800815],[-62.9188522671624,-6.922035281273997],[-62.918853815120769,-6.912966679552659]]]}},
{"type":"Feature","properties":{"DESCRIPTION":"MDT_1412191.tif","FILENAME":"U:\\P589_AmazoniaRevelada_BR-319\\LiDAR_dataset\\ENTREGAS\\ENTREGA_09\\2_MDT\\GEOTIFF\\MDT_1412191.tif","SHRT_FNAME":"MDT_1412191.tif","UPPER_LEFT_X":"507964.333","UPPER_LEFT_Y":"9235871.584","LOWER_RIGHT_X":"508966.833","LOWER_RIGHT_Y":"9234869.084"},"geometry":{"type":"Polygon","coordinates":[[[-62.927905926485749,-6.912968135562316],[-62.918831184844855,-6.912966675697077],[-62.918829636454788,-6.922035277413308],[-62.927904551206602,-6.922036739211643],[-62.927905926485749,-6.912968135562316]]]}},
{"type":"Feature","properties":{"DESCRIPTION":"MDT_1412190.tif","FILENAME":"U:\\P589_AmazoniaRevelada_BR-319\\LiDAR_dataset\\ENTREGAS\\ENTREGA_09\\2_MDT\\GEOTIFF\\MDT_1412190.tif","SHRT_FNAME":"MDT_1412190.tif","UPPER_LEFT_X":"506964.333","UPPER_LEFT_Y":"9235871.584","LOWER_RIGHT_X":"507966.833","LOWER_RIGHT_Y":"9234869.084"},"geometry":{"type":"Polygon","coordinates":[[[-62.936958039688093,-6.912969419555332],[-62.927883296204946,-6.912968132136775],[-62.927881920494094,-6.922036735781568],[-62.936956837088331,-6.922038024904874],[-62.936958039688093,-6.912969419555332]]]}},
{"type":"Feature","properties":{"DESCRIPTION":"MDT_1412189.tif","FILENAME":"U:\\P589_AmazoniaRevelada_BR-319\\LiDAR_dataset\\ENTREGAS\\ENTREGA_09\\2_MDT\\GEOTIFF\\MDT_1412189.tif","SHRT_FNAME":"MDT_1412189.tif","UPPER_LEFT_X":"505963.833","UPPER_LEFT_Y":"9235871.584","LOWER_RIGHT_X":"506966.833","LOWER_RIGHT_Y":"9234869.084"},"geometry":{"type":"Polygon","coordinates":[[[-62.946014680554853,-6.912970532044512],[-62.936935409402977,-6.912969416559831],[-62.936934206371532,-6.922038021905409],[-62.946013650720978,-6.92203913886717],[-62.946014680554853,-6.912970532044512]]]}},
{"type":"Feature","properties":{"DESCRIPTION":"MDT_1412188.tif","FILENAME":"U:\\P589_AmazoniaRevelada_BR-319\\LiDAR_dataset\\ENTREGAS\\ENTREGA_09\\2_MDT\\GEOTIFF\\MDT_1412188.tif","SHRT_FNAME":"MDT_1412188.tif","UPPER_LEFT_X":"504963.833","UPPER_LEFT_Y":"9235871.584","LOWER_RIGHT_X":"505966.333","LOWER_RIGHT_Y":"9234869.084"},"geometry":{"type":"Polygon","coordinates":[[[-62.955066796740446,-6.912971471917785],[-62.945992050266014,-6.91297052947927],[-62.945991020000449,-6.922039136298531],[-62.955065939586248,-6.922040079984986],[-62.955066796740446,-6.912971471917785]]]}},
{"type":"Feature","properties":{"DESCRIPTION":"MDT_1412187.tif","FILENAME":"U:\\P589_AmazoniaRevelada_BR-319\\LiDAR_dataset\\ENTREGAS\\ENTREGA_09\\2_MDT\\GEOTIFF\\MDT_1412187.tif","SHRT_FNAME":"MDT_1412187.tif","UPPER_LEFT_X":"503963.833","UPPER_LEFT_Y":"9235871.584","LOWER_RIGHT_X":"504966.333","LOWER_RIGHT_Y":"9234869.084"},"geometry":{"type":"Polygon","coordinates":[[[-62.964118914071186,-6.912972239774005],[-62.955044166448459,-6.912971469782586],[-62.955043308862564,-6.922040077846959],[-62.964118229596778,-6.922040848857971],[-62.964118914071186,-6.912972239774005]]]}},
{"type":"Feature","properties":{"DESCRIPTION":"MDT_1412186.tif","FILENAME":"U:\\P589_AmazoniaRevelada_BR-319\\LiDAR_dataset\\ENTREGAS\\ENTREGA_09\\2_MDT\\GEOTIFF\\MDT_1412186.tif","SHRT_FNAME":"MDT_1412186.tif","UPPER_LEFT_X":"502963.833","UPPER_LEFT_Y":"9235871.584","LOWER_RIGHT_X":"503966.333","LOWER_RIGHT_Y":"9234869.084"},"geometry":{"type":"Polygon","coordinates":[[[-62.97317103231638,-6.912972835613076],[-62.96409628377662,-6.912972238068849],[-62.964095598870522,-6.922040847150557],[-62.973170520521833,-6.92204144548603],[-62.97317103231638,-6.912972835613076]]]}},
{"type":"Feature","properties":{"DESCRIPTION":"MDT_1412185.tif","FILENAME":"U:\\P589_AmazoniaRevelada_BR-319\\LiDAR_dataset\\ENTREGAS\\ENTREGA_09\\2_MDT\\GEOTIFF\\MDT_1412185.tif","SHRT_FNAME":"MDT_1412185.tif","UPPER_LEFT_X":"501963.833","UPPER_LEFT_Y":"9235871.584","LOWER_RIGHT_X":"502966.333","LOWER_RIGHT_Y":"9234869.084"},"geometry":{"type":"Polygon","coordinates":[[[-62.982223151245321,-6.912973259434923],[-62.973148402019817,-6.912972834337962],[-62.973147889793573,-6.922041444209227],[-62.982222812130715,-6.922041869869085],[-62.982223151245321,-6.912973259434923]]]}},
{"type":"Feature","properties":{"DESCRIPTION":"MDT_1412184.tif","FILENAME":"U:\\P589_AmazoniaRevelada_BR-319\\LiDAR_dataset\\ENTREGAS\\ENTREGA_09\\2_MDT\\GEOTIFF\\MDT_1412184.tif","SHRT_FNAME":"MDT_1412184.tif","UPPER_LEFT_X":"500963.833","UPPER_LEFT_Y":"9235871.584","LOWER_RIGHT_X":"501966.333","LOWER_RIGHT_Y":"9234869.084"},"geometry":{"type":"Polygon","coordinates":[[[-62.99127527062732,-6.912973511239497],[-62.982200520947337,-6.912973258589854],[-62.982200181401026,-6.922041869022896],[-62.991275104192688,-6.922042122007089],[-62.99127527062732,-6.912973511239497]]]}},
{"type":"Feature","properties":{"DESCRIPTION":"MDT_1412183.tif","FILENAME":"U:\\P589_AmazoniaRevelada_BR-319\\LiDAR_dataset\\ENTREGAS\\ENTREGA_09\\2_MDT\\GEOTIFF\\MDT_1412183.tif","SHRT_FNAME":"MDT_1412183.tif","UPPER_LEFT_X":"499963.333","UPPER_LEFT_Y":"9235871.584","LOWER_RIGHT_X":"500966.333","LOWER_RIGHT_Y":"9234869.084"},"geometry":{"type":"Polygon","coordinates":[[[-63.000331916291493,-6.91297359102363],[-62.99125264032849,-6.912973510824471],[-62.991252473462154,-6.922042121591511],[-63.000331922623204,-6.92204220189687],[-63.000331916291493,-6.91297359102363]]]}},
{"type":"Feature","properties":{"DESCRIPTION":"MDT_1412182.tif","FILENAME":"U:\\P589_AmazoniaRevelada_BR-319\\LiDAR_dataset\\ENTREGAS\\ENTREGA_09\\2_MDT\\GEOTIFF\\MDT_1412182.tif","SHRT_FNAME":"MDT_1412182.tif","UPPER_LEFT_X":"498963.333","UPPER_LEFT_Y":"9235871.584","LOWER_RIGHT_X":"499965.833","LOWER_RIGHT_Y":"9234869.084"},"geometry":{"type":"Polygon","coordinates":[[[-63.009384035887436,-6.91297349870757],[-63.000309285992401,-6.912973591038861],[-63.000309291892407,-6.92204220191212],[-63.009384214899143,-6.922042109458569],[-63.009384035887436,-6.91297349870757]]]}},
{"type":"Feature","properties":{"DESCRIPTION":"MDT_1412181.tif","FILENAME":"U:\\P589_AmazoniaRevelada_BR-319\\LiDAR_dataset\\ENTREGAS\\ENTREGA_09\\2_MDT\\GEOTIFF\\MDT_1412181.tif","SHRT_FNAME":"MDT_1412181.tif","UPPER_LEFT_X":"497963.333","UPPER_LEFT_Y":"9235871.584","LOWER_RIGHT_X":"498965.833","LOWER_RIGHT_Y":"9234869.084"},"geometry":{"type":"Polygon","coordinates":[[[-63.018436155244231,-6.912973234374207],[-63.009361405588649,-6.912973499152845],[-63.009361584168651,-6.922042109904432],[-63.018436506935899,-6.922041844775182],[-63.018436155244231,-6.912973234374207]]]}},
{"type":"Feature","properties":{"DESCRIPTION":"MDT_1412180.tif","FILENAME":"U:\\P589_AmazoniaRevelada_BR-319\\LiDAR_dataset\\ENTREGAS\\ENTREGA_09\\2_MDT\\GEOTIFF\\MDT_1412180.tif","SHRT_FNAME":"MDT_1412180.tif","UPPER_LEFT_X":"496963.333","UPPER_LEFT_Y":"9235871.584","LOWER_RIGHT_X":"497965.833","LOWER_RIGHT_Y":"9234869.084"},"geometry":{"type":"Polygon","coordinates":[[[-63.027488274131173,-6.912972798023569],[-63.018413524946332,-6.912973235249524],[-63.018413876206296,-6.922041845651659],[-63.027488798502759,-6.922041407846748],[-63.027488274131173,-6.912972798023569]]]}},
{"type":"Feature","properties":{"DESCRIPTION":"MDT_1412179.tif","FILENAME":"U:\\P589_AmazoniaRevelada_BR-319\\LiDAR_dataset\\ENTREGAS\\ENTREGA_09\\2_MDT\\GEOTIFF\\MDT_1412179.tif","SHRT_FNAME":"MDT_1412179.tif","UPPER_LEFT_X":"495963.333","UPPER_LEFT_Y":"9235871.584","LOWER_RIGHT_X":"496965.833","LOWER_RIGHT_Y":"9234869.084"},"geometry":{"type":"Polygon","coordinates":[[[-63.036540392317548,-6.912972189655715],[-63.027465643834724,-6.91297279932893],[-63.02746616777462,-6.922041409153838],[-63.036541089369003,-6.922040798673315],[-63.036540392317548,-6.912972189655715]]]}},
{"type":"Feature","properties":{"DESCRIPTION":"MDT_1412178.tif","FILENAME":"U:\\P589_AmazoniaRevelada_BR-319\\LiDAR_dataset\\ENTREGAS\\ENTREGA_09\\2_MDT\\GEOTIFF\\MDT_1412178.tif","SHRT_FNAME":"MDT_1412178.tif","UPPER_LEFT_X":"494962.833","UPPER_LEFT_Y":"9235871.584","LOWER_RIGHT_X":"495965.833","LOWER_RIGHT_Y":"9234869.084"},"geometry":{"type":"Polygon","coordinates":[[[-63.045597035631019,-6.912971408837499],[-63.036517762023145,-6.912972191391118],[-63.036518458642902,-6.922040800411017],[-63.045597905448602,-6.92204001682117],[-63.045597035631019,-6.912971408837499]]]}},
{"type":"Feature","properties":{"DESCRIPTION":"MDT_1412177.tif","FILENAME":"U:\\P589_AmazoniaRevelada_BR-319\\LiDAR_dataset\\ENTREGAS\\ENTREGA_09\\2_MDT\\GEOTIFF\\MDT_1412177.tif","SHRT_FNAME":"MDT_1412177.tif","UPPER_LEFT_X":"493962.833","UPPER_LEFT_Y":"9235871.584","LOWER_RIGHT_X":"494965.333","LOWER_RIGHT_Y":"9234869.084"},"geometry":{"type":"Polygon","coordinates":[[[-63.054649151723559,-6.912970456349447],[-63.045574405339238,-6.91297141100316],[-63.04557527472511,-6.9220400189897],[-63.054650194220798,-6.922039063071871],[-63.054649151723559,-6.912970456349447]]]}},
{"type":"Feature","properties":{"DESCRIPTION":"MDT_1412176.tif","FILENAME":"U:\\P589_AmazoniaRevelada_BR-319\\LiDAR_dataset\\ENTREGAS\\ENTREGA_09\\2_MDT\\GEOTIFF\\MDT_1412176.tif","SHRT_FNAME":"MDT_1412176.tif","UPPER_LEFT_X":"492962.833","UPPER_LEFT_Y":"9235871.584","LOWER_RIGHT_X":"493965.333","LOWER_RIGHT_Y":"9234869.084"},"geometry":{"type":"Polygon","coordinates":[[[-63.063701266423323,-6.912969331844468],[-63.054626521434976,-6.912970458945151],[-63.05462756350051,-6.922039065671012],[-63.063702481600103,-6.922037937077867],[-63.063701266423323,-6.912969331844468]]]}},
{"type":"Feature","properties":{"DESCRIPTION":"MDT_1412175.tif","FILENAME":"U:\\P589_AmazoniaRevelada_BR-319\\LiDAR_dataset\\ENTREGAS\\ENTREGA_09\\2_MDT\\GEOTIFF\\MDT_1412175.tif","SHRT_FNAME":"MDT_1412175.tif","UPPER_LEFT_X":"491962.833","UPPER_LEFT_Y":"9235871.584","LOWER_RIGHT_X":"492965.333","LOWER_RIGHT_Y":"9234869.084"},"geometry":{"type":"Polygon","coordinates":[[[-63.07275337949963,-6.912968035322701],[-63.063678636138505,-6.912969334870214],[-63.063679850883581,-6.92203794010762],[-63.072754767355796,-6.922036638839296],[-63.07275337949963,-6.912968035322701]]]}},
{"type":"Feature","properties":{"DESCRIPTION":"MDT_1412174.tif","FILENAME":"U:\\P589_AmazoniaRevelada_BR-319\\LiDAR_dataset\\ENTREGAS\\ENTREGA_09\\2_MDT\\GEOTIFF\\MDT_1412174.tif","SHRT_FNAME":"MDT_1412174.tif","UPPER_LEFT_X":"490962.833","UPPER_LEFT_Y":"9235871.584","LOWER_RIGHT_X":"491965.333","LOWER_RIGHT_Y":"9234869.084"},"geometry":{"type":"Polygon","coordinates":[[[-63.08180549072177,-6.912966566784308],[-63.072730749219161,-6.912968038778489],[-63.072732136643623,-6.92203664229966],[-63.081807051257151,-6.922035168356321],[-63.08180549072177,-6.912966566784308]]]}},
{"type":"Feature","properties":{"DESCRIPTION":"MDT_1412173.tif","FILENAME":"U:\\P589_AmazoniaRevelada_BR-319\\LiDAR_dataset\\ENTREGAS\\ENTREGA_09\\2_MDT\\GEOTIFF\\MDT_1412173.tif","SHRT_FNAME":"MDT_1412173.tif","UPPER_LEFT_X":"489962.333","UPPER_LEFT_Y":"9235871.584","LOWER_RIGHT_X":"490965.333","LOWER_RIGHT_Y":"9234869.084"},"geometry":{"type":"Polygon","coordinates":[[[-63.090862125913063,-6.912964925366167],[-63.081782860446225,-6.912966570670138],[-63.081784420549901,-6.922035172247297],[-63.09086385921379,-6.922033524764679],[-63.090862125913063,-6.912964925366167]]]}},
{"type":"Feature","properties":{"DESCRIPTION":"MDT_1412172.tif","FILENAME":"U:\\P589_AmazoniaRevelada_BR-319\\LiDAR_dataset\\ENTREGAS\\ENTREGA_09\\2_MDT\\GEOTIFF\\MDT_1412172.tif","SHRT_FNAME":"MDT_1412172.tif","UPPER_LEFT_X":"488962.333","UPPER_LEFT_Y":"9235871.584","LOWER_RIGHT_X":"489964.833","LOWER_RIGHT_Y":"9234869.084"},"geometry":{"type":"Polygon","coordinates":[[[-63.099914232733575,-6.912963112709081],[-63.090839495643017,-6.912964929682252],[-63.090841228512041,-6.922033529086479],[-63.099916138713105,-6.922031709707342],[-63.099914232733575,-6.912963112709081]]]}},
{"type":"Feature","properties":{"DESCRIPTION":"MDT_1412171.tif","FILENAME":"U:\\P589_AmazoniaRevelada_BR-319\\LiDAR_dataset\\ENTREGAS\\ENTREGA_09\\2_MDT\\GEOTIFF\\MDT_1412171.tif","SHRT_FNAME":"MDT_1412171.tif","UPPER_LEFT_X":"487962.333","UPPER_LEFT_Y":"9235871.584","LOWER_RIGHT_X":"488964.833","LOWER_RIGHT_Y":"9234869.084"},"geometry":{"type":"Polygon","coordinates":[[[-63.108966337007722,-6.912961128035979],[-63.099891602469604,-6.912963117455206],[-63.099893508017431,-6.922031714459754],[-63.1089684156658,-6.922029722406216],[-63.108966337007722,-6.912961128035979]]]}},
{"type":"Feature","properties":{"DESCRIPTION":"MDT_1412170.tif","FILENAME":"U:\\P589_AmazoniaRevelada_BR-319\\LiDAR_dataset\\ENTREGAS\\ENTREGA_09\\2_MDT\\GEOTIFF\\MDT_1412170.tif","SHRT_FNAME":"MDT_1412170.tif","UPPER_LEFT_X":"486962.333","UPPER_LEFT_Y":"9235871.584","LOWER_RIGHT_X":"487964.833","LOWER_RIGHT_Y":"9234869.084"},"geometry":{"type":"Polygon","coordinates":[[[-63.118018438504798,-6.912958971347112],[-63.108943706750409,-6.912961133212145],[-63.108945784976783,-6.922029727589235],[-63.118020689841181,-6.922027562861542],[-63.118018438504798,-6.912958971347112]]]}},
{"type":"Feature","properties":{"DESCRIPTION":"MDT_1412169.tif","FILENAME":"U:\\P589_AmazoniaRevelada_BR-319\\LiDAR_dataset\\ENTREGAS\\ENTREGA_09\\2_MDT\\GEOTIFF\\MDT_1412169.tif","SHRT_FNAME":"MDT_1412169.tif","UPPER_LEFT_X":"485962.333","UPPER_LEFT_Y":"9235871.584","LOWER_RIGHT_X":"486964.833","LOWER_RIGHT_Y":"9234869.084"},"geometry":{"type":"Polygon","coordinates":[[[-63.127070536994111,-6.91295664264274],[-63.117995808254712,-6.912958976953315],[-63.11799805915939,-6.922027568475171],[-63.127072961008508,-6.922025231073594],[-63.127070536994111,-6.91295664264274]]]}},
{"type":"Feature","properties":{"DESCRIPTION":"MDT_1412168.tif","FILENAME":"U:\\P589_AmazoniaRevelada_BR-319\\LiDAR_dataset\\ENTREGAS\\ENTREGA_09\\2_MDT\\GEOTIFF\\MDT_1412168.tif","SHRT_FNAME":"MDT_1412168.tif","UPPER_LEFT_X":"484961.833","UPPER_LEFT_Y":"9235871.584","LOWER_RIGHT_X":"485964.833","LOWER_RIGHT_Y":"9234869.084"},"geometry":{"type":"Polygon","coordinates":[[[-63.13612715829175,-6.912954140629774],[-63.127047906751834,-6.912956648678982],[-63.127050330334527,-6.922025237117828],[-63.136129755070186,-6.922022725747559],[-63.13612715829175,-6.912954140629774]]]}},
{"type":"Feature","properties":{"DESCRIPTION":"MDT_1412167.tif","FILENAME":"U:\\P589_AmazoniaRevelada_BR-319\\LiDAR_dataset\\ENTREGAS\\ENTREGA_09\\2_MDT\\GEOTIFF\\MDT_1412167.tif","SHRT_FNAME":"MDT_1412167.tif","UPPER_LEFT_X":"483961.833","UPPER_LEFT_Y":"9235871.584","LOWER_RIGHT_X":"484964.333","LOWER_RIGHT_Y":"9234869.084"},"geometry":{"type":"Polygon","coordinates":[[[-63.145179250071656,-6.912951467809283],[-63.136104528057857,-6.912954147096269],[-63.136107124404603,-6.922022732222617],[-63.145182019527482,-6.922020049387825],[-63.145179250071656,-6.912951467809283]]]}},
{"type":"Feature","properties":{"DESCRIPTION":"MDT_1412166.tif","FILENAME":"U:\\P589_AmazoniaRevelada_BR-319\\LiDAR_dataset\\ENTREGAS\\ENTREGA_09\\2_MDT\\GEOTIFF\\MDT_1412166.tif","SHRT_FNAME":"MDT_1412166.tif","UPPER_LEFT_X":"482961.833","UPPER_LEFT_Y":"9235871.584","LOWER_RIGHT_X":"483964.333","LOWER_RIGHT_Y":"9234869.084"},"geometry":{"type":"Polygon","coordinates":[[[-63.154231338151604,-6.912948622974225],[-63.145156619846723,-6.912951474705817],[-63.145159388870859,-6.922020056293488],[-63.154234280284477,-6.922017200785746],[-63.154231338151604,-6.912948622974225]]]}},
{"type":"Feature","properties":{"DESCRIPTION":"MDT_1412165.tif","FILENAME":"U:\\P589_AmazoniaRevelada_BR-319\\LiDAR_dataset\\ENTREGAS\\ENTREGA_09\\2_MDT\\GEOTIFF\\MDT_1412165.tif","SHRT_FNAME":"MDT_1412165.tif","UPPER_LEFT_X":"481961.833","UPPER_LEFT_Y":"9235871.584","LOWER_RIGHT_X":"482964.333","LOWER_RIGHT_Y":"9234869.084"},"geometry":{"type":"Polygon","coordinates":[[[-63.163283422300893,-6.912945606124953],[-63.154208707936206,-6.912948630300795],[-63.154211649637375,-6.922017208122016],[-63.16328653711043,-6.922014179941679],[-63.163283422300893,-6.912945606124953]]]}},
{"type":"Feature","properties":{"DESCRIPTION":"MDT_1412164.tif","FILENAME":"U:\\P589_AmazoniaRevelada_BR-319\\LiDAR_dataset\\ENTREGAS\\ENTREGA_09\\2_MDT\\GEOTIFF\\MDT_1412164.tif","SHRT_FNAME":"MDT_1412164.tif","UPPER_LEFT_X":"480961.833","UPPER_LEFT_Y":"9235871.584","LOWER_RIGHT_X":"481964.333","LOWER_RIGHT_Y":"9234869.084"},"geometry":{"type":"Polygon","coordinates":[[[-63.172335502288831,-6.912942417261839],[-63.163260792095606,-6.912945613881556],[-63.163263906473453,-6.922014187708552],[-63.172338789774635,-6.922010986855996],[-63.172335502288831,-6.912942417261839]]]}},
{"type":"Feature","properties":{"DESCRIPTION":"MDT_1412163.tif","FILENAME":"U:\\P589_AmazoniaRevelada_BR-319\\LiDAR_dataset\\ENTREGAS\\ENTREGA_09\\2_MDT\\GEOTIFF\\MDT_1412163.tif","SHRT_FNAME":"MDT_1412163.tif","UPPER_LEFT_X":"479961.833","UPPER_LEFT_Y":"9235871.584","LOWER_RIGHT_X":"480964.333","LOWER_RIGHT_Y":"9234869.084"},"geometry":{"type":"Polygon","coordinates":[[[-63.181387577884713,-6.91293905638528],[-63.172312872094238,-6.912942425448476],[-63.172316159148366,-6.922010995053474],[-63.181391038046399,-6.922007621529097],[-63.181387577884713,-6.91293905638528]]]}},
{"type":"Feature","properties":{"DESCRIPTION":"MDT_1412162.tif","FILENAME":"U:\\P589_AmazoniaRevelada_BR-319\\LiDAR_dataset\\ENTREGAS\\ENTREGA_09\\2_MDT\\GEOTIFF\\MDT_1412162.tif","SHRT_FNAME":"MDT_1412162.tif","UPPER_LEFT_X":"478961.333","UPPER_LEFT_Y":"9235871.584","LOWER_RIGHT_X":"479964.333","LOWER_RIGHT_Y":"9234869.084"},"geometry":{"type":"Polygon","coordinates":[[[-63.190444174892164,-6.912935521686226],[-63.18136494770139,-6.91293906500195],[-63.181368407431385,-6.922007630157177],[-63.190447807815609,-6.922004082149533],[-63.190444174892164,-6.912935521686226]]]}},
{"type":"Feature","properties":{"DESCRIPTION":"MDT_1412161.tif","FILENAME":"U:\\P589_AmazoniaRevelada_BR-319\\LiDAR_dataset\\ENTREGAS\\ENTREGA_09\\2_MDT\\GEOTIFF\\MDT_1412161.tif","SHRT_FNAME":"MDT_1412161.tif","UPPER_LEFT_X":"477961.333","UPPER_LEFT_Y":"9235871.584","LOWER_RIGHT_X":"478963.833","LOWER_RIGHT_Y":"9234869.084"},"geometry":{"type":"Polygon","coordinates":[[[-63.199496241009399,-6.912931816698046],[-63.190421544720685,-6.912935530733143],[-63.190425177212454,-6.92200409120843],[-63.199500046607817,-6.922000372255353],[-63.199496241009399,-6.912931816698046]]]}},
{"type":"Feature","properties":{"DESCRIPTION":"MDT_1412160.tif","FILENAME":"U:\\P589_AmazoniaRevelada_BR-319\\LiDAR_dataset\\ENTREGAS\\ENTREGA_09\\2_MDT\\GEOTIFF\\MDT_1412160.tif","SHRT_FNAME":"MDT_1412160.tif","UPPER_LEFT_X":"476961.333","UPPER_LEFT_Y":"9235871.584","LOWER_RIGHT_X":"477963.833","LOWER_RIGHT_Y":"9234869.084"},"geometry":{"type":"Polygon","coordinates":[[[-63.208548302042388,-6.912927939697739],[-63.199473610850347,-6.912931826174994],[-63.199477416017089,-6.922000381744851],[-63.208552280315324,-6.921996490121273],[-63.208548302042388,-6.912927939697739]]]}},
{"type":"Feature","properties":{"DESCRIPTION":"MDT_1412159.tif","FILENAME":"U:\\P589_AmazoniaRevelada_BR-319\\LiDAR_dataset\\ENTREGAS\\ENTREGA_09\\2_MDT\\GEOTIFF\\MDT_1412159.tif","SHRT_FNAME":"MDT_1412159.tif","UPPER_LEFT_X":"475961.333","UPPER_LEFT_Y":"9235871.584","LOWER_RIGHT_X":"476963.833","LOWER_RIGHT_Y":"9234869.084"},"geometry":{"type":"Polygon","coordinates":[[[-63.217600357760453,-6.912923890685785],[-63.208525671896346,-6.912927949604716],[-63.208529649737585,-6.92199650004137],[-63.217604508707382,-6.921992435747778],[-63.217600357760453,-6.912923890685785]]]}},
{"type":"Feature","properties":{"DESCRIPTION":"MDT_1412158.tif","FILENAME":"U:\\P589_AmazoniaRevelada_BR-319\\LiDAR_dataset\\ENTREGAS\\ENTREGA_09\\2_MDT\\GEOTIFF\\MDT_1412158.tif","SHRT_FNAME":"MDT_1412158.tif","UPPER_LEFT_X":"474961.333","UPPER_LEFT_Y":"9235871.584","LOWER_RIGHT_X":"475963.833","LOWER_RIGHT_Y":"9234869.084"},"geometry":{"type":"Polygon","coordinates":[[[-63.226652407932896,-6.912919669662689],[-63.217577727627976,-6.912923901022792],[-63.217581878143221,-6.921992446098472],[-63.226656731553305,-6.921988209135367],[-63.226652407932896,-6.912919669662689]]]}},
{"type":"Feature","properties":{"DESCRIPTION":"MDT_1412157.tif","FILENAME":"U:\\P589_AmazoniaRevelada_BR-319\\LiDAR_dataset\\ENTREGAS\\ENTREGA_09\\2_MDT\\GEOTIFF\\MDT_1412157.tif","SHRT_FNAME":"MDT_1412157.tif","UPPER_LEFT_X":"473960.833","UPPER_LEFT_Y":"9235871.584","LOWER_RIGHT_X":"474963.833","LOWER_RIGHT_Y":"9234869.084"},"geometry":{"type":"Polygon","coordinates":[[[-63.235708978349749,-6.912915274389433],[-63.226629777814573,-6.912919680429723],[-63.226634101003306,-6.921988219916659],[-63.235713474729444,-6.921983808042063],[-63.235708978349749,-6.912915274389433]]]}},
{"type":"Feature","properties":{"DESCRIPTION":"MDT_1412156.tif","FILENAME":"U:\\P589_AmazoniaRevelada_BR-319\\LiDAR_dataset\\ENTREGAS\\ENTREGA_09\\2_MDT\\GEOTIFF\\MDT_1412156.tif","SHRT_FNAME":"MDT_1412156.tif","UPPER_LEFT_X":"472960.833","UPPER_LEFT_Y":"9235871.584","LOWER_RIGHT_X":"473963.333","LOWER_RIGHT_Y":"9234869.084"},"geometry":{"type":"Polygon","coordinates":[[[-63.244761016735815,-6.91291070925964],[-63.235686348246162,-6.912915285586708],[-63.23569084419416,-6.921983819254166],[-63.24476568578789,-6.921979236867306],[-63.244761016735815,-6.91291070925964]]]}},
{"type":"Feature","properties":{"DESCRIPTION":"MDT_1412155.tif","FILENAME":"U:\\P589_AmazoniaRevelada_BR-319\\LiDAR_dataset\\ENTREGAS\\ENTREGA_09\\2_MDT\\GEOTIFF\\MDT_1412155.tif","SHRT_FNAME":"MDT_1412155.tif","UPPER_LEFT_X":"471960.833","UPPER_LEFT_Y":"9235871.584","LOWER_RIGHT_X":"472963.333","LOWER_RIGHT_Y":"9234869.084"},"geometry":{"type":"Polygon","coordinates":[[[-63.253813048884091,-6.912905972120343],[-63.244738386647533,-6.91291072088694],[-63.244743055267925,-6.92197924851],[-63.253817890607955,-6.921974493455273],[-63.253813048884091,-6.912905972120343]]]}},
{"type":"Feature","properties":{"DESCRIPTION":"MDT_1412154.tif","FILENAME":"U:\\P589_AmazoniaRevelada_BR-319\\LiDAR_dataset\\ENTREGAS\\ENTREGA_09\\2_MDT\\GEOTIFF\\MDT_1412154.tif","SHRT_FNAME":"MDT_1412154.tif","UPPER_LEFT_X":"470960.833","UPPER_LEFT_Y":"9235871.584","LOWER_RIGHT_X":"471963.333","LOWER_RIGHT_Y":"9234869.084"},"geometry":{"type":"Polygon","coordinates":[[[-63.262865074563869,-6.912901062972125],[-63.253790418811697,-6.912905984177664],[-63.253795260103871,-6.921974505528559],[-63.262870088958913,-6.921969577806554],[-63.262865074563869,-6.912901062972125]]]}},
{"type":"Feature","properties":{"DESCRIPTION":"MDT_1412153.tif","FILENAME":"U:\\P589_AmazoniaRevelada_BR-319\\LiDAR_dataset\\ENTREGAS\\ENTREGA_09\\2_MDT\\GEOTIFF\\MDT_1412153.tif","SHRT_FNAME":"MDT_1412153.tif","UPPER_LEFT_X":"469960.833","UPPER_LEFT_Y":"9235871.584","LOWER_RIGHT_X":"470963.333","LOWER_RIGHT_Y":"9234869.084"},"geometry":{"type":"Polygon","coordinates":[[[-63.271917093544481,-6.912895981815603],[-63.262842444507939,-6.91290107545947],[-63.262847458471306,-6.921969590310434],[-63.27192228061007,-6.921964489921764],[-63.271917093544481,-6.912895981815603]]]}},
{"type":"Feature","properties":{"DESCRIPTION":"MDT_1412152.tif","FILENAME":"U:\\P589_AmazoniaRevelada_BR-319\\LiDAR_dataset\\ENTREGAS\\ENTREGA_09\\2_MDT\\GEOTIFF\\MDT_1412152.tif","SHRT_FNAME":"MDT_1412152.tif","UPPER_LEFT_X":"468960.333","UPPER_LEFT_Y":"9235871.584","LOWER_RIGHT_X":"469963.333","LOWER_RIGHT_Y":"9234869.084"},"geometry":{"type":"Polygon","coordinates":[[[-63.280973631599473,-6.912890725981796],[-63.271894463505568,-6.912895994732966],[-63.271899650139495,-6.921964502856232],[-63.280978991421314,-6.92195922712839],[-63.280973631599473,-6.912890725981796]]]}},
{"type":"Feature","properties":{"DESCRIPTION":"MDT_1412151.tif","FILENAME":"U:\\P589_AmazoniaRevelada_BR-319\\LiDAR_dataset\\ENTREGAS\\ENTREGA_09\\2_MDT\\GEOTIFF\\MDT_1412151.tif","SHRT_FNAME":"MDT_1412151.tif","UPPER_LEFT_X":"467960.333","UPPER_LEFT_Y":"9235871.584","LOWER_RIGHT_X":"468962.833","LOWER_RIGHT_Y":"9234869.084"},"geometry":{"type":"Polygon","coordinates":[[[-63.290025636486028,-6.912885300724569],[-63.280951001578181,-6.912890739329394],[-63.280956360968361,-6.921959240493661],[-63.290031168977109,-6.92195379468725],[-63.290025636486028,-6.912885300724569]]]}},
{"type":"Feature","properties":{"DESCRIPTION":"MDT_1412150.tif","FILENAME":"U:\\P589_AmazoniaRevelada_BR-319\\LiDAR_dataset\\ENTREGAS\\ENTREGA_09\\2_MDT\\GEOTIFF\\MDT_1412150.tif","SHRT_FNAME":"MDT_1412150.tif","UPPER_LEFT_X":"466960.333","UPPER_LEFT_Y":"9235871.584","LOWER_RIGHT_X":"467962.833","LOWER_RIGHT_Y":"9234869.084"},"geometry":{"type":"Polygon","coordinates":[[[-63.299077633981248,-6.912879703460994],[-63.290003006482934,-6.912885314502184],[-63.290008538542331,-6.921953808483108],[-63.299083339140857,-6.921948190011999],[-63.299077633981248,-6.912879703460994]]]}},
{"type":"Feature","properties":{"DESCRIPTION":"MDT_1412149.tif","FILENAME":"U:\\P589_AmazoniaRevelada_BR-319\\LiDAR_dataset\\ENTREGAS\\ENTREGA_09\\2_MDT\\GEOTIFF\\MDT_1412149.tif","SHRT_FNAME":"MDT_1412149.tif","UPPER_LEFT_X":"465960.333","UPPER_LEFT_Y":"9235871.584","LOWER_RIGHT_X":"466962.833","LOWER_RIGHT_Y":"9234869.084"},"geometry":{"type":"Polygon","coordinates":[[[-63.308129623854413,-6.912873934191763],[-63.299055003996912,-6.912879717668623],[-63.299060708724859,-6.921948204238441],[-63.308135501681868,-6.921942413103329],[-63.308129623854413,-6.912873934191763]]]}},
{"type":"Feature","properties":{"DESCRIPTION":"MDT_1412148.tif","FILENAME":"U:\\P589_AmazoniaRevelada_BR-319\\LiDAR_dataset\\ENTREGAS\\ENTREGA_09\\2_MDT\\GEOTIFF\\MDT_1412148.tif","SHRT_FNAME":"MDT_1412148.tif","UPPER_LEFT_X":"464960.333","UPPER_LEFT_Y":"9235871.584","LOWER_RIGHT_X":"465962.833","LOWER_RIGHT_Y":"9234869.084"},"geometry":{"type":"Polygon","coordinates":[[[-63.317181605874893,-6.912867992917593],[-63.308106993889432,-6.912873948829405],[-63.308112871285203,-6.921942427760354],[-63.317187656369427,-6.921936463961959],[-63.317181605874893,-6.912867992917593]]]}},
{"type":"Feature","properties":{"DESCRIPTION":"MDT_1412147.tif","FILENAME":"U:\\P589_AmazoniaRevelada_BR-319\\LiDAR_dataset\\ENTREGAS\\ENTREGA_09\\2_MDT\\GEOTIFF\\MDT_1412147.tif","SHRT_FNAME":"MDT_1412147.tif","UPPER_LEFT_X":"463960.333","UPPER_LEFT_Y":"9235871.584","LOWER_RIGHT_X":"464962.833","LOWER_RIGHT_Y":"9234869.084"},"geometry":{"type":"Polygon","coordinates":[[[-63.326233579811969,-6.912861879639224],[-63.317158975929821,-6.912868007985247],[-63.317165025992693,-6.921936479049564],[-63.326239802972843,-6.921930342588629],[-63.326233579811969,-6.912861879639224]]]}},
{"type":"Feature","properties":{"DESCRIPTION":"MDT_1411193.tif","FILENAME":"U:\\P589_AmazoniaRevelada_BR-319\\LiDAR_dataset\\ENTREGAS\\ENTREGA_09\\2_MDT\\GEOTIFF\\MDT_1411193.tif","SHRT_FNAME":"MDT_1411193.tif","UPPER_LEFT_X":"509964.333","UPPER_LEFT_Y":"9236871.584","LOWER_RIGHT_X":"510966.833","LOWER_RIGHT_Y":"9235869.084"},"geometry":{"type":"Polygon","coordinates":[[[-62.909803419868751,-6.903919063490241],[-62.900728855053408,-6.903917261115951],[-62.900726963841855,-6.912985861728349],[-62.909801701535855,-6.912987666492342],[-62.909803419868751,-6.903919063490241]]]}},
{"type":"Feature","properties":{"DESCRIPTION":"MDT_1411192.tif","FILENAME":"U:\\P589_AmazoniaRevelada_BR-319\\LiDAR_dataset\\ENTREGAS\\ENTREGA_09\\2_MDT\\GEOTIFF\\MDT_1411192.tif","SHRT_FNAME":"MDT_1411192.tif","UPPER_LEFT_X":"508964.333","UPPER_LEFT_Y":"9236871.584","LOWER_RIGHT_X":"509966.833","LOWER_RIGHT_Y":"9235869.084"},"geometry":{"type":"Polygon","coordinates":[[[-62.91885535714826,-6.90392068936604],[-62.909780790028336,-6.903919059210278],[-62.909779071264317,-6.912987662206704],[-62.918853811263112,-6.912989294523831],[-62.91885535714826,-6.90392068936604]]]}},
{"type":"Feature","properties":{"DESCRIPTION":"MDT_1411191.tif","FILENAME":"U:\\P589_AmazoniaRevelada_BR-319\\LiDAR_dataset\\ENTREGAS\\ENTREGA_09\\2_MDT\\GEOTIFF\\MDT_1411191.tif","SHRT_FNAME":"MDT_1411191.tif","UPPER_LEFT_X":"507964.333","UPPER_LEFT_Y":"9236871.584","LOWER_RIGHT_X":"508966.833","LOWER_RIGHT_Y":"9235869.084"},"geometry":{"type":"Polygon","coordinates":[[[-62.927907296495619,-6.903922143452583],[-62.91883272730238,-6.90392068551555],[-62.918831180986118,-6.912989290668237],[-62.927905923058418,-6.912990750538295],[-62.927907296495619,-6.903922143452583]]]}},
{"type":"Feature","properties":{"DESCRIPTION":"MDT_1411190.tif","FILENAME":"U:\\P589_AmazoniaRevelada_BR-319\\LiDAR_dataset\\ENTREGAS\\ENTREGA_09\\2_MDT\\GEOTIFF\\MDT_1411190.tif","SHRT_FNAME":"MDT_1411190.tif","UPPER_LEFT_X":"506964.333","UPPER_LEFT_Y":"9236871.584","LOWER_RIGHT_X":"507966.833","LOWER_RIGHT_Y":"9235869.084"},"geometry":{"type":"Polygon","coordinates":[[[-62.936959237680171,-6.903923425749689],[-62.927884666644864,-6.903922140031566],[-62.927883292776549,-6.912990747112742],[-62.936958036691095,-6.912992034535553],[-62.936959237680171,-6.903923425749689]]]}},
{"type":"Feature","properties":{"DESCRIPTION":"MDT_1411189.tif","FILENAME":"U:\\P589_AmazoniaRevelada_BR-319\\LiDAR_dataset\\ENTREGAS\\ENTREGA_09\\2_MDT\\GEOTIFF\\MDT_1411189.tif","SHRT_FNAME":"MDT_1411189.tif","UPPER_LEFT_X":"505963.833","UPPER_LEFT_Y":"9236871.584","LOWER_RIGHT_X":"506966.833","LOWER_RIGHT_Y":"9235869.084"},"geometry":{"type":"Polygon","coordinates":[[[-62.946015706442999,-6.903924536769482],[-62.936936607825103,-6.903923422758147],[-62.936935406404913,-6.912992031540042],[-62.946014677988416,-6.912993147028407],[-62.946015706442999,-6.903924536769482]]]}},
{"type":"Feature","properties":{"DESCRIPTION":"MDT_1411188.tif","FILENAME":"U:\\P589_AmazoniaRevelada_BR-319\\LiDAR_dataset\\ENTREGAS\\ENTREGA_09\\2_MDT\\GEOTIFF\\MDT_1411188.tif","SHRT_FNAME":"MDT_1411188.tif","UPPER_LEFT_X":"504963.833","UPPER_LEFT_Y":"9236871.584","LOWER_RIGHT_X":"505966.333","LOWER_RIGHT_Y":"9235869.084"},"geometry":{"type":"Polygon","coordinates":[[[-62.955067650610516,-6.90392547540136],[-62.945993076584209,-6.903924534207628],[-62.945992047698496,-6.912993144463155],[-62.955066794604335,-6.912994086904783],[-62.955067650610516,-6.90392547540136]]]}},
{"type":"Feature","properties":{"DESCRIPTION":"MDT_1411187.tif","FILENAME":"U:\\P589_AmazoniaRevelada_BR-319\\LiDAR_dataset\\ENTREGAS\\ENTREGA_09\\2_MDT\\GEOTIFF\\MDT_1411187.tif","SHRT_FNAME":"MDT_1411187.tif","UPPER_LEFT_X":"503963.833","UPPER_LEFT_Y":"9236871.584","LOWER_RIGHT_X":"504966.333","LOWER_RIGHT_Y":"9235869.084"},"geometry":{"type":"Polygon","coordinates":[[[-62.964119595923094,-6.903926242243386],[-62.955045020748578,-6.903925473268981],[-62.955044164311268,-6.912994084769577],[-62.964118912365414,-6.912994854763538],[-62.964119595923094,-6.903926242243386]]]}},
{"type":"Feature","properties":{"DESCRIPTION":"MDT_1411186.tif","FILENAME":"U:\\P589_AmazoniaRevelada_BR-319\\LiDAR_dataset\\ENTREGAS\\ENTREGA_09\\2_MDT\\GEOTIFF\\MDT_1411186.tif","SHRT_FNAME":"MDT_1411186.tif","UPPER_LEFT_X":"502963.833","UPPER_LEFT_Y":"9236871.584","LOWER_RIGHT_X":"503966.333","LOWER_RIGHT_Y":"9235869.084"},"geometry":{"type":"Polygon","coordinates":[[[-62.97317154215002,-6.903926837295467],[-62.964096966058563,-6.903926240540483],[-62.964096282069775,-6.912994853058376],[-62.973171031040934,-6.912995450604577],[-62.97317154215002,-6.903926837295467]]]}},
{"type":"Feature","properties":{"DESCRIPTION":"MDT_1411185.tif","FILENAME":"U:\\P589_AmazoniaRevelada_BR-319\\LiDAR_dataset\\ENTREGAS\\ENTREGA_09\\2_MDT\\GEOTIFF\\MDT_1411185.tif","SHRT_FNAME":"MDT_1411185.tif","UPPER_LEFT_X":"501963.833","UPPER_LEFT_Y":"9236871.584","LOWER_RIGHT_X":"502966.333","LOWER_RIGHT_Y":"9235869.084"},"geometry":{"type":"Polygon","coordinates":[[[-62.982223489060651,-6.903927260557526],[-62.973148912283506,-6.903926836022038],[-62.973148400743305,-6.91299544932946],[-62.982223150400223,-6.912995874427825],[-62.982223489060651,-6.903927260557526]]]}},
{"type":"Feature","properties":{"DESCRIPTION":"MDT_1411184.tif","FILENAME":"U:\\P589_AmazoniaRevelada_BR-319\\LiDAR_dataset\\ENTREGAS\\ENTREGA_09\\2_MDT\\GEOTIFF\\MDT_1411184.tif","SHRT_FNAME":"MDT_1411184.tif","UPPER_LEFT_X":"500963.833","UPPER_LEFT_Y":"9236871.584","LOWER_RIGHT_X":"501966.333","LOWER_RIGHT_Y":"9235869.084"},"geometry":{"type":"Polygon","coordinates":[[[-62.991275436424282,-6.903927512029512],[-62.982200859192709,-6.903927259713573],[-62.982200520101159,-6.912995873582751],[-62.991275270212547,-6.912996126233228],[-62.991275436424282,-6.903927512029512]]]}},
{"type":"Feature","properties":{"DESCRIPTION":"MDT_1411183.tif","FILENAME":"U:\\P589_AmazoniaRevelada_BR-319\\LiDAR_dataset\\ENTREGAS\\ENTREGA_09\\2_MDT\\GEOTIFF\\MDT_1411183.tif","SHRT_FNAME":"MDT_1411183.tif","UPPER_LEFT_X":"499963.333","UPPER_LEFT_Y":"9236871.584","LOWER_RIGHT_X":"500966.333","LOWER_RIGHT_Y":"9235869.084"},"geometry":{"type":"Polygon","coordinates":[[[-63.000331909984055,-6.903927591708267],[-62.991252806555487,-6.903927511615034],[-62.991252639912645,-6.912996125818199],[-63.000331916307282,-6.912996206017626],[-63.000331909984055,-6.903927591708267]]]}},
{"type":"Feature","properties":{"DESCRIPTION":"MDT_1411182.tif","FILENAME":"U:\\P589_AmazoniaRevelada_BR-319\\LiDAR_dataset\\ENTREGAS\\ENTREGA_09\\2_MDT\\GEOTIFF\\MDT_1411182.tif","SHRT_FNAME":"MDT_1411182.tif","UPPER_LEFT_X":"498963.333","UPPER_LEFT_Y":"9236871.584","LOWER_RIGHT_X":"499965.833","LOWER_RIGHT_Y":"9235869.084"},"geometry":{"type":"Polygon","coordinates":[[[-63.009383857561623,-6.90392749951414],[-63.000309280114998,-6.903927591723478],[-63.000309286007102,-6.912996206032857],[-63.009384036333557,-6.912996113701261],[-63.009383857561623,-6.90392749951414]]]}},
{"type":"Feature","properties":{"DESCRIPTION":"MDT_1411181.tif","FILENAME":"U:\\P589_AmazoniaRevelada_BR-319\\LiDAR_dataset\\ENTREGAS\\ENTREGA_09\\2_MDT\\GEOTIFF\\MDT_1411181.tif","SHRT_FNAME":"MDT_1411181.tif","UPPER_LEFT_X":"497963.333","UPPER_LEFT_Y":"9236871.584","LOWER_RIGHT_X":"498965.833","LOWER_RIGHT_Y":"9235869.084"},"geometry":{"type":"Polygon","coordinates":[[[-63.018435804900044,-6.903927235529911],[-63.009361227692871,-6.903927499958827],[-63.009361406033698,-6.912996114146538],[-63.018436156120679,-6.912995849367023],[-63.018435804900044,-6.903927235529911]]]}},
{"type":"Feature","properties":{"DESCRIPTION":"MDT_1411180.tif","FILENAME":"U:\\P589_AmazoniaRevelada_BR-319\\LiDAR_dataset\\ENTREGAS\\ENTREGA_09\\2_MDT\\GEOTIFF\\MDT_1411180.tif","SHRT_FNAME":"MDT_1411180.tif","UPPER_LEFT_X":"496963.333","UPPER_LEFT_Y":"9236871.584","LOWER_RIGHT_X":"497965.833","LOWER_RIGHT_Y":"9235869.084"},"geometry":{"type":"Polygon","coordinates":[[[-63.02748775176866,-6.903926799755608],[-63.018413175032194,-6.903927236404071],[-63.0184135258217,-6.912995850242345],[-63.027488275437946,-6.912995413014945],[-63.02748775176866,-6.903926799755608]]]}},
{"type":"Feature","properties":{"DESCRIPTION":"MDT_1411179.tif","FILENAME":"U:\\P589_AmazoniaRevelada_BR-319\\LiDAR_dataset\\ENTREGAS\\ENTREGA_09\\2_MDT\\GEOTIFF\\MDT_1411179.tif","SHRT_FNAME":"MDT_1411179.tif","UPPER_LEFT_X":"495963.333","UPPER_LEFT_Y":"9236871.584","LOWER_RIGHT_X":"496965.833","LOWER_RIGHT_Y":"9235869.084"},"geometry":{"type":"Polygon","coordinates":[[[-63.036539697936789,-6.903926192191293],[-63.027465121902267,-6.903926801059247],[-63.027465645140438,-6.912995414320311],[-63.036540394054661,-6.912994804645082],[-63.036539697936789,-6.903926192191293]]]}},
{"type":"Feature","properties":{"DESCRIPTION":"MDT_1411178.tif","FILENAME":"U:\\P589_AmazoniaRevelada_BR-319\\LiDAR_dataset\\ENTREGAS\\ENTREGA_09\\2_MDT\\GEOTIFF\\MDT_1411178.tif","SHRT_FNAME":"MDT_1411178.tif","UPPER_LEFT_X":"494962.833","UPPER_LEFT_Y":"9236871.584","LOWER_RIGHT_X":"495965.833","LOWER_RIGHT_Y":"9235869.084"},"geometry":{"type":"Polygon","coordinates":[[[-63.045596169146094,-6.903925412404391],[-63.036517068072435,-6.903926193924404],[-63.036517763759178,-6.912994806380492],[-63.045597037798693,-6.912994023824288],[-63.045596169146094,-6.903925412404391]]]}},
{"type":"Feature","properties":{"DESCRIPTION":"MDT_1411177.tif","FILENAME":"U:\\P589_AmazoniaRevelada_BR-319\\LiDAR_dataset\\ENTREGAS\\ENTREGA_09\\2_MDT\\GEOTIFF\\MDT_1411177.tif","SHRT_FNAME":"MDT_1411177.tif","UPPER_LEFT_X":"493962.833","UPPER_LEFT_Y":"9236871.584","LOWER_RIGHT_X":"494965.333","LOWER_RIGHT_Y":"9235869.084"},"geometry":{"type":"Polygon","coordinates":[[[-63.054648113220573,-6.903924461174394],[-63.045573539284355,-6.90392541456719],[-63.045574407505832,-6.912994025989955],[-63.054649154321567,-6.912993071333092],[-63.054648113220573,-6.903924461174394]]]}},
{"type":"Feature","properties":{"DESCRIPTION":"MDT_1411176.tif","FILENAME":"U:\\P589_AmazoniaRevelada_BR-319\\LiDAR_dataset\\ENTREGAS\\ENTREGA_09\\2_MDT\\GEOTIFF\\MDT_1411176.tif","SHRT_FNAME":"MDT_1411176.tif","UPPER_LEFT_X":"492962.833","UPPER_LEFT_Y":"9236871.584","LOWER_RIGHT_X":"493965.333","LOWER_RIGHT_Y":"9235869.084"},"geometry":{"type":"Polygon","coordinates":[[[-63.063700055902416,-6.903923338154674],[-63.054625483362024,-6.90392446376667],[-63.054626524031896,-6.912993073928804],[-63.06370126945167,-6.912991946824398],[-63.063700055902416,-6.903923338154674]]]}},
{"type":"Feature","properties":{"DESCRIPTION":"MDT_1411175.tif","FILENAME":"U:\\P589_AmazoniaRevelada_BR-319\\LiDAR_dataset\\ENTREGAS\\ENTREGA_09\\2_MDT\\GEOTIFF\\MDT_1411175.tif","SHRT_FNAME":"MDT_1411175.tif","UPPER_LEFT_X":"491962.833","UPPER_LEFT_Y":"9236871.584","LOWER_RIGHT_X":"492965.333","LOWER_RIGHT_Y":"9235869.084"},"geometry":{"type":"Polygon","coordinates":[[[-63.072751996960939,-6.903922043345367],[-63.063677426047633,-6.903923341176424],[-63.063678639165765,-6.912991949850155],[-63.072753382958304,-6.91299065029835],[-63.072751996960939,-6.903922043345367]]]}},
{"type":"Feature","properties":{"DESCRIPTION":"MDT_1411174.tif","FILENAME":"U:\\P589_AmazoniaRevelada_BR-319\\LiDAR_dataset\\ENTREGAS\\ENTREGA_09\\2_MDT\\GEOTIFF\\MDT_1411174.tif","SHRT_FNAME":"MDT_1411174.tif","UPPER_LEFT_X":"490962.833","UPPER_LEFT_Y":"9236871.584","LOWER_RIGHT_X":"491965.333","LOWER_RIGHT_Y":"9235869.084"},"geometry":{"type":"Polygon","coordinates":[[[-63.081803936165485,-6.903920576746634],[-63.072729367110512,-6.903922046796589],[-63.072730752676755,-6.91299065375415],[-63.081805494610776,-6.912989181755107],[-63.081803936165485,-6.903920576746634]]]}},
{"type":"Feature","properties":{"DESCRIPTION":"MDT_1411173.tif","FILENAME":"U:\\P589_AmazoniaRevelada_BR-319\\LiDAR_dataset\\ENTREGAS\\ENTREGA_09\\2_MDT\\GEOTIFF\\MDT_1411173.tif","SHRT_FNAME":"MDT_1411173.tif","UPPER_LEFT_X":"489962.333","UPPER_LEFT_Y":"9236871.584","LOWER_RIGHT_X":"490965.333","LOWER_RIGHT_Y":"9235869.084"},"geometry":{"type":"Polygon","coordinates":[[[-63.090860399253359,-6.903918937496496],[-63.081781306319975,-6.903920580627331],[-63.081782864334151,-6.912989185640949],[-63.090862130232615,-6.912987540331547],[-63.090860399253359,-6.903918937496496]]]}},
{"type":"Feature","properties":{"DESCRIPTION":"MDT_1411172.tif","FILENAME":"U:\\P589_AmazoniaRevelada_BR-319\\LiDAR_dataset\\ENTREGAS\\ENTREGA_09\\2_MDT\\GEOTIFF\\MDT_1411172.tif","SHRT_FNAME":"MDT_1411172.tif","UPPER_LEFT_X":"488962.333","UPPER_LEFT_Y":"9236871.584","LOWER_RIGHT_X":"489964.833","LOWER_RIGHT_Y":"9235869.084"},"geometry":{"type":"Polygon","coordinates":[[[-63.099912334056675,-6.903917127233587],[-63.090837769413348,-6.90391894180688],[-63.090839499961497,-6.912987544647646],[-63.099914237483468,-6.912985727668476],[-63.099912334056675,-6.903917127233587]]]}},
{"type":"Feature","properties":{"DESCRIPTION":"MDT_1411171.tif","FILENAME":"U:\\P589_AmazoniaRevelada_BR-319\\LiDAR_dataset\\ENTREGAS\\ENTREGA_09\\2_MDT\\GEOTIFF\\MDT_1411171.tif","SHRT_FNAME":"MDT_1411171.tif","UPPER_LEFT_X":"487962.333","UPPER_LEFT_Y":"9236871.584","LOWER_RIGHT_X":"488964.833","LOWER_RIGHT_Y":"9235869.084"},"geometry":{"type":"Polygon","coordinates":[[[-63.108964266313869,-6.903915145181865],[-63.099889704222754,-6.903917131973444],[-63.099891607218417,-6.912985732414617],[-63.108966342187941,-6.912983742988822],[-63.108964266313869,-6.903915145181865]]]}},
{"type":"Feature","properties":{"DESCRIPTION":"MDT_1411170.tif","FILENAME":"U:\\P589_AmazoniaRevelada_BR-319\\LiDAR_dataset\\ENTREGAS\\ENTREGA_09\\2_MDT\\GEOTIFF\\MDT_1411170.tif","SHRT_FNAME":"MDT_1411170.tif","UPPER_LEFT_X":"486962.333","UPPER_LEFT_Y":"9236871.584","LOWER_RIGHT_X":"487964.833","LOWER_RIGHT_Y":"9235869.084"},"geometry":{"type":"Polygon","coordinates":[[[-63.118016195794254,-6.903912991341572],[-63.108941636486591,-6.903915150351194],[-63.108943711929548,-6.912983748165003],[-63.118018444115343,-6.912981586292831],[-63.118016195794254,-6.903912991341572]]]}},
{"type":"Feature","properties":{"DESCRIPTION":"MDT_1411169.tif","FILENAME":"U:\\P589_AmazoniaRevelada_BR-319\\LiDAR_dataset\\ENTREGAS\\ENTREGA_09\\2_MDT\\GEOTIFF\\MDT_1411169.tif","SHRT_FNAME":"MDT_1411169.tif","UPPER_LEFT_X":"485962.333","UPPER_LEFT_Y":"9236871.584","LOWER_RIGHT_X":"486964.833","LOWER_RIGHT_Y":"9235869.084"},"geometry":{"type":"Polygon","coordinates":[[[-63.127068122267154,-6.903910665712981],[-63.117993565974203,-6.903912996940371],[-63.117995813864177,-6.912981591899053],[-63.127070543034989,-6.91297925758077],[-63.127068122267154,-6.903910665712981]]]}},
{"type":"Feature","properties":{"DESCRIPTION":"MDT_1411168.tif","FILENAME":"U:\\P589_AmazoniaRevelada_BR-319\\LiDAR_dataset\\ENTREGAS\\ENTREGA_09\\2_MDT\\GEOTIFF\\MDT_1411168.tif","SHRT_FNAME":"MDT_1411168.tif","UPPER_LEFT_X":"484961.833","UPPER_LEFT_Y":"9236871.584","LOWER_RIGHT_X":"485964.833","LOWER_RIGHT_Y":"9235869.084"},"geometry":{"type":"Polygon","coordinates":[[[-63.136124571462673,-6.903908167004699],[-63.127045492454911,-6.903910671741249],[-63.127047912791632,-6.912979263617033],[-63.136127164763174,-6.912976755559542],[-63.136124571462673,-6.903908167004699]]]}},
{"type":"Feature","properties":{"DESCRIPTION":"MDT_1411167.tif","FILENAME":"U:\\P589_AmazoniaRevelada_BR-319\\LiDAR_dataset\\ENTREGAS\\ENTREGA_09\\2_MDT\\GEOTIFF\\MDT_1411167.tif","SHRT_FNAME":"MDT_1411167.tif","UPPER_LEFT_X":"483961.833","UPPER_LEFT_Y":"9236871.584","LOWER_RIGHT_X":"484964.333","LOWER_RIGHT_Y":"9235869.084"},"geometry":{"type":"Polygon","coordinates":[[[-63.145176491226799,-6.903905497714499],[-63.136101941658815,-6.903908173462654],[-63.136104534528201,-6.912976762026058],[-63.145179256973414,-6.912974082730227],[-63.145176491226799,-6.903905497714499]]]}},
{"type":"Feature","properties":{"DESCRIPTION":"MDT_1411166.tif","FILENAME":"U:\\P589_AmazoniaRevelada_BR-319\\LiDAR_dataset\\ENTREGAS\\ENTREGA_09\\2_MDT\\GEOTIFF\\MDT_1411166.tif","SHRT_FNAME":"MDT_1411166.tif","UPPER_LEFT_X":"482961.833","UPPER_LEFT_Y":"9236871.584","LOWER_RIGHT_X":"483964.333","LOWER_RIGHT_Y":"9235869.084"},"geometry":{"type":"Polygon","coordinates":[[[-63.154228407291299,-6.903902656636929],[-63.145153861431908,-6.903905504601922],[-63.145156626747408,-6.912974089626781],[-63.154231345483687,-6.912971237885774],[-63.154228407291299,-6.903902656636929]]]}},
{"type":"Feature","properties":{"DESCRIPTION":"MDT_1411165.tif","FILENAME":"U:\\P589_AmazoniaRevelada_BR-319\\LiDAR_dataset\\ENTREGAS\\ENTREGA_09\\2_MDT\\GEOTIFF\\MDT_1411165.tif","SHRT_FNAME":"MDT_1411165.tif","UPPER_LEFT_X":"481961.833","UPPER_LEFT_Y":"9236871.584","LOWER_RIGHT_X":"482964.333","LOWER_RIGHT_Y":"9235869.084"},"geometry":{"type":"Polygon","coordinates":[[[-63.163280319425517,-6.903899643772342],[-63.154205777505943,-6.903902663953821],[-63.15420871526721,-6.912971245212366],[-63.163283430063302,-6.912968221026538],[-63.163280319425517,-6.903899643772342]]]}},
{"type":"Feature","properties":{"DESCRIPTION":"MDT_1411164.tif","FILENAME":"U:\\P589_AmazoniaRevelada_BR-319\\LiDAR_dataset\\ENTREGAS\\ENTREGA_09\\2_MDT\\GEOTIFF\\MDT_1411164.tif","SHRT_FNAME":"MDT_1411164.tif","UPPER_LEFT_X":"480961.833","UPPER_LEFT_Y":"9236871.584","LOWER_RIGHT_X":"481964.333","LOWER_RIGHT_Y":"9235869.084"},"geometry":{"type":"Polygon","coordinates":[[[-63.172332227398783,-6.903896459121112],[-63.163257689650273,-6.9038996515187],[-63.163260799856943,-6.912968228783168],[-63.17233551048156,-6.912965032152895],[-63.172332227398783,-6.903896459121112]]]}},
{"type":"Feature","properties":{"DESCRIPTION":"MDT_1411163.tif","FILENAME":"U:\\P589_AmazoniaRevelada_BR-319\\LiDAR_dataset\\ENTREGAS\\ENTREGA_09\\2_MDT\\GEOTIFF\\MDT_1411163.tif","SHRT_FNAME":"MDT_1411163.tif","UPPER_LEFT_X":"479961.833","UPPER_LEFT_Y":"9236871.584","LOWER_RIGHT_X":"480964.333","LOWER_RIGHT_Y":"9235869.084"},"geometry":{"type":"Polygon","coordinates":[[[-63.181384130980398,-6.903893102683635],[-63.172309597634225,-6.903896467296937],[-63.172312880285894,-6.912965040339558],[-63.181387586507768,-6.912961671265239],[-63.181384130980398,-6.903893102683635]]]}},
{"type":"Feature","properties":{"DESCRIPTION":"MDT_1411162.tif","FILENAME":"U:\\P589_AmazoniaRevelada_BR-319\\LiDAR_dataset\\ENTREGAS\\ENTREGA_09\\2_MDT\\GEOTIFF\\MDT_1411162.tif","SHRT_FNAME":"MDT_1411162.tif","UPPER_LEFT_X":"478961.333","UPPER_LEFT_Y":"9236871.584","LOWER_RIGHT_X":"479964.333","LOWER_RIGHT_Y":"9235869.084"},"geometry":{"type":"Polygon","coordinates":[[[-63.190440555887982,-6.903889572653249],[-63.181361501227101,-6.903893111288925],[-63.181364956323378,-6.912961679881937],[-63.19044418394575,-6.912958136554511],[-63.190440555887982,-6.903889572653249]]]}},
{"type":"Feature","properties":{"DESCRIPTION":"MDT_1411161.tif","FILENAME":"U:\\P589_AmazoniaRevelada_BR-319\\LiDAR_dataset\\ENTREGAS\\ENTREGA_09\\2_MDT\\GEOTIFF\\MDT_1411161.tif","SHRT_FNAME":"MDT_1411161.tif","UPPER_LEFT_X":"477961.333","UPPER_LEFT_Y":"9236871.584","LOWER_RIGHT_X":"478963.833","LOWER_RIGHT_Y":"9235869.084"},"geometry":{"type":"Polygon","coordinates":[[[-63.199492449991837,-6.903885872558657],[-63.190417926146552,-6.903889581688216],[-63.190421553773206,-6.912958145601459],[-63.199496250493318,-6.912954431554097],[-63.199492449991837,-6.903885872558657]]]}},
{"type":"Feature","properties":{"DESCRIPTION":"MDT_1411160.tif","FILENAME":"U:\\P589_AmazoniaRevelada_BR-319\\LiDAR_dataset\\ENTREGAS\\ENTREGA_09\\2_MDT\\GEOTIFF\\MDT_1411160.tif","SHRT_FNAME":"MDT_1411160.tif","UPPER_LEFT_X":"476961.333","UPPER_LEFT_Y":"9236871.584","LOWER_RIGHT_X":"477963.833","LOWER_RIGHT_Y":"9235869.084"},"geometry":{"type":"Polygon","coordinates":[[[-63.208544339011922,-6.903882000679133],[-63.199469820262813,-6.903885882023089],[-63.199473620333187,-6.912954441031079],[-63.208548311956626,-6.91295055454099],[-63.208544339011922,-6.903882000679133]]]}},
{"type":"Feature","properties":{"DESCRIPTION":"MDT_1411159.tif","FILENAME":"U:\\P589_AmazoniaRevelada_BR-319\\LiDAR_dataset\\ENTREGAS\\ENTREGA_09\\2_MDT\\GEOTIFF\\MDT_1411159.tif","SHRT_FNAME":"MDT_1411159.tif","UPPER_LEFT_X":"475961.333","UPPER_LEFT_Y":"9236871.584","LOWER_RIGHT_X":"476963.833","LOWER_RIGHT_Y":"9235869.084"},"geometry":{"type":"Polygon","coordinates":[[[-63.21759622271756,-6.903877957015156],[-63.208521709295894,-6.903882010573026],[-63.208525681809498,-6.912950564447999],[-63.21760036810501,-6.912946505515666],[-63.21759622271756,-6.903877957015156]]]}},
{"type":"Feature","properties":{"DESCRIPTION":"MDT_1411158.tif","FILENAME":"U:\\P589_AmazoniaRevelada_BR-319\\LiDAR_dataset\\ENTREGAS\\ENTREGA_09\\2_MDT\\GEOTIFF\\MDT_1411158.tif","SHRT_FNAME":"MDT_1411158.tif","UPPER_LEFT_X":"474961.333","UPPER_LEFT_Y":"9236871.584","LOWER_RIGHT_X":"475963.833","LOWER_RIGHT_Y":"9235869.084"},"geometry":{"type":"Polygon","coordinates":[[[-63.226648100878108,-6.903873741567233],[-63.217573593015118,-6.90387796733851],[-63.217577737971453,-6.912946515852706],[-63.226652418707779,-6.912942284478631],[-63.226648100878108,-6.903873741567233]]]}},
{"type":"Feature","properties":{"DESCRIPTION":"MDT_1411157.tif","FILENAME":"U:\\P589_AmazoniaRevelada_BR-319\\LiDAR_dataset\\ENTREGAS\\ENTREGA_09\\2_MDT\\GEOTIFF\\MDT_1411157.tif","SHRT_FNAME":"MDT_1411157.tif","UPPER_LEFT_X":"473960.833","UPPER_LEFT_Y":"9236871.584","LOWER_RIGHT_X":"474963.833","LOWER_RIGHT_Y":"9235869.084"},"geometry":{"type":"Polygon","coordinates":[[[-63.235704499197595,-6.903869352099299],[-63.226625471189813,-6.903873752320044],[-63.226629788588369,-6.912942295245702],[-63.23570898955515,-6.912937889190863],[-63.235704499197595,-6.903869352099299]]]}},
{"type":"Feature","properties":{"DESCRIPTION":"MDT_1411156.tif","FILENAME":"U:\\P589_AmazoniaRevelada_BR-319\\LiDAR_dataset\\ENTREGAS\\ENTREGA_09\\2_MDT\\GEOTIFF\\MDT_1411156.tif","SHRT_FNAME":"MDT_1411156.tif","UPPER_LEFT_X":"472960.833","UPPER_LEFT_Y":"9236871.584","LOWER_RIGHT_X":"473963.333","LOWER_RIGHT_Y":"9235869.084"},"geometry":{"type":"Polygon","coordinates":[[[-63.244756365572876,-6.903864792999178],[-63.235681869524036,-6.903869363281784],[-63.23568635945049,-6.912937900388175],[-63.244761028371549,-6.912933324045994],[-63.244756365572876,-6.903864792999178]]]}},
{"type":"Feature","properties":{"DESCRIPTION":"MDT_1411155.tif","FILENAME":"U:\\P589_AmazoniaRevelada_BR-319\\LiDAR_dataset\\ENTREGAS\\ENTREGA_09\\2_MDT\\GEOTIFF\\MDT_1411155.tif","SHRT_FNAME":"MDT_1411155.tif","UPPER_LEFT_X":"471960.833","UPPER_LEFT_Y":"9236871.584","LOWER_RIGHT_X":"472963.333","LOWER_RIGHT_Y":"9235869.084"},"geometry":{"type":"Polygon","coordinates":[[[-63.253808225710927,-6.903860062116742],[-63.244733735914615,-6.90386480461112],[-63.244738398282188,-6.912933335673332],[-63.253813060950122,-6.912928586891053],[-63.253808225710927,-6.903860062116742]]]}},
{"type":"Feature","properties":{"DESCRIPTION":"MDT_1411154.tif","FILENAME":"U:\\P589_AmazoniaRevelada_BR-319\\LiDAR_dataset\\ENTREGAS\\ENTREGA_09\\2_MDT\\GEOTIFF\\MDT_1411154.tif","SHRT_FNAME":"MDT_1411154.tif","UPPER_LEFT_X":"470960.833","UPPER_LEFT_Y":"9236871.584","LOWER_RIGHT_X":"471963.333","LOWER_RIGHT_Y":"9235869.084"},"geometry":{"type":"Polygon","coordinates":[[[-63.262860079381106,-6.903855159452581],[-63.253785596068553,-6.903860074158138],[-63.253790430876649,-6.912928598948416],[-63.26286508706022,-6.912923677726627],[-63.262860079381106,-6.903855159452581]]]}},
{"type":"Feature","properties":{"DESCRIPTION":"MDT_1411153.tif","FILENAME":"U:\\P589_AmazoniaRevelada_BR-319\\LiDAR_dataset\\ENTREGAS\\ENTREGA_09\\2_MDT\\GEOTIFF\\MDT_1411153.tif","SHRT_FNAME":"MDT_1411153.tif","UPPER_LEFT_X":"469960.833","UPPER_LEFT_Y":"9236871.584","LOWER_RIGHT_X":"470963.333","LOWER_RIGHT_Y":"9235869.084"},"geometry":{"type":"Polygon","coordinates":[[[-63.271911926352729,-6.903850085007301],[-63.262837449755182,-6.90385517192343],[-63.262842457003202,-6.912923690214012],[-63.271917106471136,-6.912918596553325],[-63.271911926352729,-6.903850085007301]]]}},
{"type":"Feature","properties":{"DESCRIPTION":"MDT_1411152.tif","FILENAME":"U:\\P589_AmazoniaRevelada_BR-319\\LiDAR_dataset\\ENTREGAS\\ENTREGA_09\\2_MDT\\GEOTIFF\\MDT_1411152.tif","SHRT_FNAME":"MDT_1411152.tif","UPPER_LEFT_X":"468960.333","UPPER_LEFT_Y":"9236871.584","LOWER_RIGHT_X":"469963.333","LOWER_RIGHT_Y":"9235869.084"},"geometry":{"type":"Polygon","coordinates":[[[-63.280968292313389,-6.903844836115455],[-63.271889296743844,-6.903850097907604],[-63.271894476431157,-6.912918609470732],[-63.28097364495666,-6.912913340702165],[-63.280968292313389,-6.903844836115455]]]}},
{"type":"Feature","properties":{"DESCRIPTION":"MDT_1411151.tif","FILENAME":"U:\\P589_AmazoniaRevelada_BR-319\\LiDAR_dataset\\ENTREGAS\\ENTREGA_09\\2_MDT\\GEOTIFF\\MDT_1411151.tif","SHRT_FNAME":"MDT_1411151.tif","UPPER_LEFT_X":"467960.333","UPPER_LEFT_Y":"9236871.584","LOWER_RIGHT_X":"468962.833","LOWER_RIGHT_Y":"9235869.084"},"geometry":{"type":"Polygon","coordinates":[[[-63.290020125192278,-6.903839418023964],[-63.280945662722118,-6.903844849445422],[-63.280951014934296,-6.912913354049805],[-63.290025650273527,-6.912907915427022],[-63.290020125192278,-6.903839418023964]]]}},
{"type":"Feature","properties":{"DESCRIPTION":"MDT_1411150.tif","FILENAME":"U:\\P589_AmazoniaRevelada_BR-319\\LiDAR_dataset\\ENTREGAS\\ENTREGA_09\\2_MDT\\GEOTIFF\\MDT_1411150.tif","SHRT_FNAME":"MDT_1411150.tif","UPPER_LEFT_X":"466960.333","UPPER_LEFT_Y":"9236871.584","LOWER_RIGHT_X":"467962.833","LOWER_RIGHT_Y":"9235869.084"},"geometry":{"type":"Polygon","coordinates":[[[-63.299071950680514,-6.903833828153311],[-63.28999749561919,-6.903839431783379],[-63.290003020269353,-6.912907929204682],[-63.299077648199038,-6.912902318144963],[-63.299071950680514,-6.903833828153311]]]}},
{"type":"Feature","properties":{"DESCRIPTION":"MDT_1411149.tif","FILENAME":"U:\\P589_AmazoniaRevelada_BR-319\\LiDAR_dataset\\ENTREGAS\\ENTREGA_09\\2_MDT\\GEOTIFF\\MDT_1411149.tif","SHRT_FNAME":"MDT_1411149.tif","UPPER_LEFT_X":"465960.333","UPPER_LEFT_Y":"9236871.584","LOWER_RIGHT_X":"466962.833","LOWER_RIGHT_Y":"9235869.084"},"geometry":{"type":"Polygon","coordinates":[[[-63.308123768547425,-6.903828066504188],[-63.299049321126191,-6.903833842342173],[-63.299055018213636,-6.91290233235264],[-63.308129638502521,-6.91289654885668],[-63.308123768547425,-6.903828066504188]]]}},
{"type":"Feature","properties":{"DESCRIPTION":"MDT_1411148.tif","FILENAME":"U:\\P589_AmazoniaRevelada_BR-319\\LiDAR_dataset\\ENTREGAS\\ENTREGA_09\\2_MDT\\GEOTIFF\\MDT_1411148.tif","SHRT_FNAME":"MDT_1411148.tif","UPPER_LEFT_X":"464960.333","UPPER_LEFT_Y":"9236871.584","LOWER_RIGHT_X":"465962.833","LOWER_RIGHT_Y":"9235869.084"},"geometry":{"type":"Polygon","coordinates":[[[-63.31717557856237,-6.903822133077315],[-63.308101139012457,-6.903828081122497],[-63.308107008536467,-6.912896563494372],[-63.317181620953306,-6.912890607562894],[-63.31717557856237,-6.903822133077315]]]}},
{"type":"Feature","properties":{"DESCRIPTION":"MDT_1411147.tif","FILENAME":"U:\\P589_AmazoniaRevelada_BR-319\\LiDAR_dataset\\ENTREGAS\\ENTREGA_09\\2_MDT\\GEOTIFF\\MDT_1411147.tif","SHRT_FNAME":"MDT_1411147.tif","UPPER_LEFT_X":"463960.333","UPPER_LEFT_Y":"9236871.584","LOWER_RIGHT_X":"464962.833","LOWER_RIGHT_Y":"9235869.084"},"geometry":{"type":"Polygon","coordinates":[[[-63.326227380494679,-6.903816027873427],[-63.317152949047319,-6.903822148125068],[-63.317158991007155,-6.912890622630597],[-63.326233595320687,-6.912884494264339],[-63.326227380494679,-6.903816027873427]]]}},
{"type":"Feature","properties":{"DESCRIPTION":"MDT_1410193.tif","FILENAME":"U:\\P589_AmazoniaRevelada_BR-319\\LiDAR_dataset\\ENTREGAS\\ENTREGA_09\\2_MDT\\GEOTIFF\\MDT_1410193.tif","SHRT_FNAME":"MDT_1410193.tif","UPPER_LEFT_X":"509964.333","UPPER_LEFT_Y":"9237871.584","LOWER_RIGHT_X":"510966.833","LOWER_RIGHT_Y":"9236869.084"},"geometry":{"type":"Polygon","coordinates":[[[-62.90980513161513,-6.894873072030378],[-62.900730739015778,-6.894871272039743],[-62.900728850340336,-6.903939876084354],[-62.909803415586502,-6.903941678464602],[-62.90980513161513,-6.894873072030378]]]}},
{"type":"Feature","properties":{"DESCRIPTION":"MDT_1410192.tif","FILENAME":"U:\\P589_AmazoniaRevelada_BR-319\\LiDAR_dataset\\ENTREGAS\\ENTREGA_09\\2_MDT\\GEOTIFF\\MDT_1410192.tif","SHRT_FNAME":"MDT_1410192.tif","UPPER_LEFT_X":"508964.333","UPPER_LEFT_Y":"9237871.584","LOWER_RIGHT_X":"509966.833","LOWER_RIGHT_Y":"9236869.084"},"geometry":{"type":"Polygon","coordinates":[[[-62.918856897107872,-6.89487469575594],[-62.909782502204173,-6.894873067756073],[-62.909780785745021,-6.903941674184625],[-62.918855353295768,-6.903943304345777],[-62.918856897107872,-6.89487469575594]]]}},
{"type":"Feature","properties":{"DESCRIPTION":"MDT_1410191.tif","FILENAME":"U:\\P589_AmazoniaRevelada_BR-319\\LiDAR_dataset\\ENTREGAS\\ENTREGA_09\\2_MDT\\GEOTIFF\\MDT_1410191.tif","SHRT_FNAME":"MDT_1410191.tif","UPPER_LEFT_X":"507964.333","UPPER_LEFT_Y":"9237871.584","LOWER_RIGHT_X":"508966.833","LOWER_RIGHT_Y":"9236869.084"},"geometry":{"type":"Polygon","coordinates":[[[-62.927908664668301,-6.894876147919439],[-62.918834267691473,-6.894874691910543],[-62.918832723448823,-6.903943300495274],[-62.927907293072884,-6.903944758437128],[-62.927908664668301,-6.894876147919439]]]}},
{"type":"Feature","properties":{"DESCRIPTION":"MDT_1410190.tif","FILENAME":"U:\\P589_AmazoniaRevelada_BR-319\\LiDAR_dataset\\ENTREGAS\\ENTREGA_09\\2_MDT\\GEOTIFF\\MDT_1410190.tif","SHRT_FNAME":"MDT_1410190.tif","UPPER_LEFT_X":"506964.333","UPPER_LEFT_Y":"9237871.584","LOWER_RIGHT_X":"507966.833","LOWER_RIGHT_Y":"9236869.084"},"geometry":{"type":"Polygon","coordinates":[[[-62.936960434065746,-6.894877428520694],[-62.927886035247013,-6.894876144502947],[-62.92788466322105,-6.9039447550161],[-62.936959234687194,-6.903946040738473],[-62.936960434065746,-6.894877428520694]]]}},
{"type":"Feature","properties":{"DESCRIPTION":"MDT_1410189.tif","FILENAME":"U:\\P589_AmazoniaRevelada_BR-319\\LiDAR_dataset\\ENTREGAS\\ENTREGA_09\\2_MDT\\GEOTIFF\\MDT_1410189.tif","SHRT_FNAME":"MDT_1410189.tif","UPPER_LEFT_X":"505963.833","UPPER_LEFT_Y":"9237871.584","LOWER_RIGHT_X":"506966.833","LOWER_RIGHT_Y":"9236869.084"},"geometry":{"type":"Polygon","coordinates":[[[-62.946016730955407,-6.894878538071152],[-62.936937804640152,-6.894877425533108],[-62.936936604831061,-6.90394603774692],[-62.946015703879993,-6.90394715176194],[-62.946016730955407,-6.894878538071152]]]}},
{"type":"Feature","properties":{"DESCRIPTION":"MDT_1410188.tif","FILENAME":"U:\\P589_AmazoniaRevelada_BR-319\\LiDAR_dataset\\ENTREGAS\\ENTREGA_09\\2_MDT\\GEOTIFF\\MDT_1410188.tif","SHRT_FNAME":"MDT_1410188.tif","UPPER_LEFT_X":"504963.833","UPPER_LEFT_Y":"9237871.584","LOWER_RIGHT_X":"505966.333","LOWER_RIGHT_Y":"9236869.084"},"geometry":{"type":"Polygon","coordinates":[[[-62.955068503335546,-6.894879475461682],[-62.945994101526082,-6.894878535512687],[-62.945993074020116,-6.903947149200078],[-62.955067648477275,-6.903948090396923],[-62.955068503335546,-6.894879475461682]]]}},
{"type":"Feature","properties":{"DESCRIPTION":"MDT_1410187.tif","FILENAME":"U:\\P589_AmazoniaRevelada_BR-319\\LiDAR_dataset\\ENTREGAS\\ENTREGA_09\\2_MDT\\GEOTIFF\\MDT_1410187.tif","SHRT_FNAME":"MDT_1410187.tif","UPPER_LEFT_X":"503963.833","UPPER_LEFT_Y":"9237871.584","LOWER_RIGHT_X":"504966.333","LOWER_RIGHT_Y":"9236869.084"},"geometry":{"type":"Polygon","coordinates":[[[-62.964120276860612,-6.894880241289553],[-62.955045873903074,-6.894879473332123],[-62.95504501861425,-6.903948088264536],[-62.964119594219603,-6.903948857241484],[-62.964120276860612,-6.894880241289553]]]}},
{"type":"Feature","properties":{"DESCRIPTION":"MDT_1410186.tif","FILENAME":"U:\\P589_AmazoniaRevelada_BR-319\\LiDAR_dataset\\ENTREGAS\\ENTREGA_09\\2_MDT\\GEOTIFF\\MDT_1410186.tif","SHRT_FNAME":"MDT_1410186.tif","UPPER_LEFT_X":"502963.833","UPPER_LEFT_Y":"9237871.584","LOWER_RIGHT_X":"503966.333","LOWER_RIGHT_Y":"9236869.084"},"geometry":{"type":"Polygon","coordinates":[[[-62.973172051299969,-6.894880835554672],[-62.964097647425575,-6.894880239588901],[-62.964096964354006,-6.903948855538574],[-62.973171540876294,-6.903949452295532],[-62.973172051299969,-6.894880835554672]]]}},
{"type":"Feature","properties":{"DESCRIPTION":"MDT_1410185.tif","FILENAME":"U:\\P589_AmazoniaRevelada_BR-319\\LiDAR_dataset\\ENTREGAS\\ENTREGA_09\\2_MDT\\GEOTIFF\\MDT_1410185.tif","SHRT_FNAME":"MDT_1410185.tif","UPPER_LEFT_X":"501963.833","UPPER_LEFT_Y":"9237871.584","LOWER_RIGHT_X":"502966.333","LOWER_RIGHT_Y":"9236869.084"},"geometry":{"type":"Polygon","coordinates":[[[-62.982223826422953,-6.894881258256962],[-62.973149421862928,-6.894880834282926],[-62.9731489110087,-6.9039494510221],[-62.982223488216668,-6.903949875558991],[-62.982223826422953,-6.894881258256962]]]}},
{"type":"Feature","properties":{"DESCRIPTION":"MDT_1410184.tif","FILENAME":"U:\\P589_AmazoniaRevelada_BR-319\\LiDAR_dataset\\ENTREGAS\\ENTREGA_09\\2_MDT\\GEOTIFF\\MDT_1410184.tif","SHRT_FNAME":"MDT_1410184.tif","UPPER_LEFT_X":"500963.833","UPPER_LEFT_Y":"9237871.584","LOWER_RIGHT_X":"501966.333","LOWER_RIGHT_Y":"9236869.084"},"geometry":{"type":"Polygon","coordinates":[[[-62.991275601998893,-6.894881509396376],[-62.982201196984491,-6.894881257414125],[-62.98220085834766,-6.903949874715035],[-62.991275436010056,-6.903950127031808],[-62.991275601998893,-6.894881509396376]]]}},
{"type":"Feature","properties":{"DESCRIPTION":"MDT_1410183.tif","FILENAME":"U:\\P589_AmazoniaRevelada_BR-319\\LiDAR_dataset\\ENTREGAS\\ENTREGA_09\\2_MDT\\GEOTIFF\\MDT_1410183.tif","SHRT_FNAME":"MDT_1410183.tif","UPPER_LEFT_X":"499963.333","UPPER_LEFT_Y":"9237871.584","LOWER_RIGHT_X":"500966.333","LOWER_RIGHT_Y":"9236869.084"},"geometry":{"type":"Polygon","coordinates":[[[-63.000331903685073,-6.894881588969755],[-62.991252972559579,-6.894881508982444],[-62.99125280614021,-6.903950126617329],[-63.000331909999808,-6.903950206710827],[-63.000331903685073,-6.894881588969755]]]}},
{"type":"Feature","properties":{"DESCRIPTION":"MDT_1410182.tif","FILENAME":"U:\\P589_AmazoniaRevelada_BR-319\\LiDAR_dataset\\ENTREGAS\\ENTREGA_09\\2_MDT\\GEOTIFF\\MDT_1410182.tif","SHRT_FNAME":"MDT_1410182.tif","UPPER_LEFT_X":"498963.333","UPPER_LEFT_Y":"9237871.584","LOWER_RIGHT_X":"499965.833","LOWER_RIGHT_Y":"9236869.084"},"geometry":{"type":"Polygon","coordinates":[[[-63.009383679474929,-6.894881496897554],[-63.000309274245488,-6.894881588984945],[-63.000309280129692,-6.903950206726036],[-63.009383858007133,-6.903950114516394],[-63.009383679474929,-6.894881496897554]]]}},
{"type":"Feature","properties":{"DESCRIPTION":"MDT_1410181.tif","FILENAME":"U:\\P589_AmazoniaRevelada_BR-319\\LiDAR_dataset\\ENTREGAS\\ENTREGA_09\\2_MDT\\GEOTIFF\\MDT_1410181.tif","SHRT_FNAME":"MDT_1410181.tif","UPPER_LEFT_X":"497963.333","UPPER_LEFT_Y":"9237871.584","LOWER_RIGHT_X":"498965.833","LOWER_RIGHT_Y":"9236869.084"},"geometry":{"type":"Polygon","coordinates":[[[-63.018435455025667,-6.894881233262447],[-63.00936105003565,-6.894881497341652],[-63.009361228137323,-6.903950114961082],[-63.018435805775319,-6.903949850531292],[-63.018435455025667,-6.894881233262447]]]}},
{"type":"Feature","properties":{"DESCRIPTION":"MDT_1410180.tif","FILENAME":"U:\\P589_AmazoniaRevelada_BR-319\\LiDAR_dataset\\ENTREGAS\\ENTREGA_09\\2_MDT\\GEOTIFF\\MDT_1410180.tif","SHRT_FNAME":"MDT_1410180.tif","UPPER_LEFT_X":"496963.333","UPPER_LEFT_Y":"9237871.584","LOWER_RIGHT_X":"497965.833","LOWER_RIGHT_Y":"9236869.084"},"geometry":{"type":"Polygon","coordinates":[[[-63.027487230106651,-6.894880798064461],[-63.018412825587284,-6.894881234135451],[-63.018413175906389,-6.903949851405455],[-63.027487753073693,-6.903949414755551],[-63.027487230106651,-6.894880798064461]]]}},
{"type":"Feature","properties":{"DESCRIPTION":"MDT_1410179.tif","FILENAME":"U:\\P589_AmazoniaRevelada_BR-319\\LiDAR_dataset\\ENTREGAS\\ENTREGA_09\\2_MDT\\GEOTIFF\\MDT_1410179.tif","SHRT_FNAME":"MDT_1410179.tif","UPPER_LEFT_X":"495963.333","UPPER_LEFT_Y":"9237871.584","LOWER_RIGHT_X":"496965.833","LOWER_RIGHT_Y":"9236869.084"},"geometry":{"type":"Polygon","coordinates":[[[-63.036539004487189,-6.894880191303653],[-63.027464600669717,-6.894880799366374],[-63.027465123206227,-6.903949416059191],[-63.036539699671572,-6.903948807189225],[-63.036539004487189,-6.894880191303653]]]}},
{"type":"Feature","properties":{"DESCRIPTION":"MDT_1410178.tif","FILENAME":"U:\\P589_AmazoniaRevelada_BR-319\\LiDAR_dataset\\ENTREGAS\\ENTREGA_09\\2_MDT\\GEOTIFF\\MDT_1410178.tif","SHRT_FNAME":"MDT_1410178.tif","UPPER_LEFT_X":"494962.833","UPPER_LEFT_Y":"9237871.584","LOWER_RIGHT_X":"495965.833","LOWER_RIGHT_Y":"9236869.084"},"geometry":{"type":"Polygon","coordinates":[[[-63.04559530382312,-6.894879412548027],[-63.036516375052308,-6.894880193034473],[-63.036517069806145,-6.90394880892234],[-63.045596171310855,-6.903948027399744],[-63.04559530382312,-6.894879412548027]]]}},
{"type":"Feature","properties":{"DESCRIPTION":"MDT_1410177.tif","FILENAME":"U:\\P589_AmazoniaRevelada_BR-319\\LiDAR_dataset\\ENTREGAS\\ENTREGA_09\\2_MDT\\GEOTIFF\\MDT_1410177.tif","SHRT_FNAME":"MDT_1410177.tif","UPPER_LEFT_X":"493962.833","UPPER_LEFT_Y":"9237871.584","LOWER_RIGHT_X":"494965.333","LOWER_RIGHT_Y":"9236869.084"},"geometry":{"type":"Polygon","coordinates":[[[-63.054647076110214,-6.894878462576042],[-63.045572674390854,-6.894879414707967],[-63.04557354144805,-6.903948029562552],[-63.054648115815091,-6.903947076166602],[-63.054647076110214,-6.894878462576042]]]}},
{"type":"Feature","properties":{"DESCRIPTION":"MDT_1410176.tif","FILENAME":"U:\\P589_AmazoniaRevelada_BR-319\\LiDAR_dataset\\ENTREGAS\\ENTREGA_09\\2_MDT\\GEOTIFF\\MDT_1410176.tif","SHRT_FNAME":"MDT_1410176.tif","UPPER_LEFT_X":"492962.833","UPPER_LEFT_Y":"9237871.584","LOWER_RIGHT_X":"493965.333","LOWER_RIGHT_Y":"9236869.084"},"geometry":{"type":"Polygon","coordinates":[[[-63.063698847004801,-6.894877341041526],[-63.054624446681146,-6.89487846516489],[-63.054625485955476,-6.903947078758887],[-63.063700058926692,-6.903945953143169],[-63.063698847004801,-6.894877341041526]]]}},
{"type":"Feature","properties":{"DESCRIPTION":"MDT_1410175.tif","FILENAME":"U:\\P589_AmazoniaRevelada_BR-319\\LiDAR_dataset\\ENTREGAS\\ENTREGA_09\\2_MDT\\GEOTIFF\\MDT_1410175.tif","SHRT_FNAME":"MDT_1410175.tif","UPPER_LEFT_X":"491962.833","UPPER_LEFT_Y":"9237871.584","LOWER_RIGHT_X":"492965.333","LOWER_RIGHT_Y":"9236869.084"},"geometry":{"type":"Polygon","coordinates":[[[-63.072750616276238,-6.894876047944615],[-63.063676217579498,-6.894877344059278],[-63.063677429070843,-6.903945956164929],[-63.072752000414972,-6.903944658329582],[-63.072750616276238,-6.894876047944615]]]}},
{"type":"Feature","properties":{"DESCRIPTION":"MDT_1410174.tif","FILENAME":"U:\\P589_AmazoniaRevelada_BR-319\\LiDAR_dataset\\ENTREGAS\\ENTREGA_09\\2_MDT\\GEOTIFF\\MDT_1410174.tif","SHRT_FNAME":"MDT_1410174.tif","UPPER_LEFT_X":"490962.833","UPPER_LEFT_Y":"9237871.584","LOWER_RIGHT_X":"491965.333","LOWER_RIGHT_Y":"9236869.084"},"geometry":{"type":"Polygon","coordinates":[[[-63.081802383693855,-6.894874583285474],[-63.07272798685527,-6.894876051391274],[-63.072729370563472,-6.903944661780815],[-63.081803940049269,-6.903943191726],[-63.081802383693855,-6.894874583285474]]]}},
{"type":"Feature","properties":{"DESCRIPTION":"MDT_1410173.tif","FILENAME":"U:\\P589_AmazoniaRevelada_BR-319\\LiDAR_dataset\\ENTREGAS\\ENTREGA_09\\2_MDT\\GEOTIFF\\MDT_1410173.tif","SHRT_FNAME":"MDT_1410173.tif","UPPER_LEFT_X":"489962.333","UPPER_LEFT_Y":"9237871.584","LOWER_RIGHT_X":"490965.333","LOWER_RIGHT_Y":"9236869.084"},"geometry":{"type":"Polygon","coordinates":[[[-63.0908586749091,-6.894872946203261],[-63.081779754277811,-6.894874587161039],[-63.081781310202693,-6.903943195606709],[-63.09086040356712,-6.903941552470442],[-63.0908586749091,-6.894872946203261]]]}},
{"type":"Feature","properties":{"DESCRIPTION":"MDT_1410172.tif","FILENAME":"U:\\P589_AmazoniaRevelada_BR-319\\LiDAR_dataset\\ENTREGAS\\ENTREGA_09\\2_MDT\\GEOTIFF\\MDT_1410172.tif","SHRT_FNAME":"MDT_1410172.tif","UPPER_LEFT_X":"488962.333","UPPER_LEFT_Y":"9237871.584","LOWER_RIGHT_X":"489964.833","LOWER_RIGHT_Y":"9236869.084"},"geometry":{"type":"Polygon","coordinates":[[[-63.099910437925914,-6.894871138334443],[-63.090836045498563,-6.894872950507946],[-63.090837773726037,-6.903941556780841],[-63.099912338800195,-6.903939742201548],[-63.099910437925914,-6.894871138334443]]]}},
{"type":"Feature","properties":{"DESCRIPTION":"MDT_1410171.tif","FILENAME":"U:\\P589_AmazoniaRevelada_BR-319\\LiDAR_dataset\\ENTREGAS\\ENTREGA_09\\2_MDT\\GEOTIFF\\MDT_1410171.tif","SHRT_FNAME":"MDT_1410171.tif","UPPER_LEFT_X":"487962.333","UPPER_LEFT_Y":"9237871.584","LOWER_RIGHT_X":"488964.833","LOWER_RIGHT_Y":"9236869.084"},"geometry":{"type":"Polygon","coordinates":[[[-63.108962198396831,-6.894869158904],[-63.099887808521444,-6.89487114306803],[-63.099889708965193,-6.903939746941419],[-63.108964271487139,-6.903937760143271],[-63.108962198396831,-6.894869158904]]]}},
{"type":"Feature","properties":{"DESCRIPTION":"MDT_1410170.tif","FILENAME":"U:\\P589_AmazoniaRevelada_BR-319\\LiDAR_dataset\\ENTREGAS\\ENTREGA_09\\2_MDT\\GEOTIFF\\MDT_1410170.tif","SHRT_FNAME":"MDT_1410170.tif","UPPER_LEFT_X":"486962.333","UPPER_LEFT_Y":"9237871.584","LOWER_RIGHT_X":"487964.833","LOWER_RIGHT_Y":"9236869.084"},"geometry":{"type":"Polygon","coordinates":[[[-63.118013956091183,-6.894867007912183],[-63.108939568999013,-6.894869164066492],[-63.108941641658795,-6.903937765312616],[-63.118016201397289,-6.903935606295859],[-63.118013956091183,-6.894867007912183]]]}},
{"type":"Feature","properties":{"DESCRIPTION":"MDT_1410169.tif","FILENAME":"U:\\P589_AmazoniaRevelada_BR-319\\LiDAR_dataset\\ENTREGAS\\ENTREGA_09\\2_MDT\\GEOTIFF\\MDT_1410169.tif","SHRT_FNAME":"MDT_1410169.tif","UPPER_LEFT_X":"485962.333","UPPER_LEFT_Y":"9237871.584","LOWER_RIGHT_X":"486964.833","LOWER_RIGHT_Y":"9236869.084"},"geometry":{"type":"Polygon","coordinates":[[[-63.127065710778353,-6.894864685359256],[-63.117991326700611,-6.894867013503577],[-63.117993571576157,-6.903935611894676],[-63.127068128299939,-6.903933280659577],[-63.127065710778353,-6.894864685359256]]]}},
{"type":"Feature","properties":{"DESCRIPTION":"MDT_1410168.tif","FILENAME":"U:\\P589_AmazoniaRevelada_BR-319\\LiDAR_dataset\\ENTREGAS\\ENTREGA_09\\2_MDT\\GEOTIFF\\MDT_1410168.tif","SHRT_FNAME":"MDT_1410168.tif","UPPER_LEFT_X":"484961.833","UPPER_LEFT_Y":"9237871.584","LOWER_RIGHT_X":"485964.833","LOWER_RIGHT_Y":"9236869.084"},"geometry":{"type":"Polygon","coordinates":[[[-63.136121988102538,-6.894862189955539],[-63.127043081395577,-6.894864691379554],[-63.127045498486616,-6.903933286687867],[-63.136124577925422,-6.903930781943033],[-63.136121988102538,-6.894862189955539]]]}},
{"type":"Feature","properties":{"DESCRIPTION":"MDT_1410167.tif","FILENAME":"U:\\P589_AmazoniaRevelada_BR-319\\LiDAR_dataset\\ENTREGAS\\ENTREGA_09\\2_MDT\\GEOTIFF\\MDT_1410167.tif","SHRT_FNAME":"MDT_1410167.tif","UPPER_LEFT_X":"483961.833","UPPER_LEFT_Y":"9237871.584","LOWER_RIGHT_X":"484964.333","LOWER_RIGHT_Y":"9236869.084"},"geometry":{"type":"Polygon","coordinates":[[[-63.14517373608156,-6.894859524195502],[-63.13609935872816,-6.894862196404953],[-63.136101948120498,-6.903930788401008],[-63.145176498119298,-6.903928112644008],[-63.14517373608156,-6.894859524195502]]]}},
{"type":"Feature","properties":{"DESCRIPTION":"MDT_1410166.tif","FILENAME":"U:\\P589_AmazoniaRevelada_BR-319\\LiDAR_dataset\\ENTREGAS\\ENTREGA_09\\2_MDT\\GEOTIFF\\MDT_1410166.tif","SHRT_FNAME":"MDT_1410166.tif","UPPER_LEFT_X":"482961.833","UPPER_LEFT_Y":"9237871.584","LOWER_RIGHT_X":"483964.333","LOWER_RIGHT_Y":"9236869.084"},"geometry":{"type":"Polygon","coordinates":[[[-63.154225480361305,-6.894856686875284],[-63.145151106716121,-6.894859531073816],[-63.145153868323334,-6.903928119531453],[-63.154228414613563,-6.903925271557045],[-63.154225480361305,-6.894856686875284]]]}},
{"type":"Feature","properties":{"DESCRIPTION":"MDT_1410165.tif","FILENAME":"U:\\P589_AmazoniaRevelada_BR-319\\LiDAR_dataset\\ENTREGAS\\ENTREGA_09\\2_MDT\\GEOTIFF\\MDT_1410165.tif","SHRT_FNAME":"MDT_1410165.tif","UPPER_LEFT_X":"481961.833","UPPER_LEFT_Y":"9237871.584","LOWER_RIGHT_X":"482964.333","LOWER_RIGHT_Y":"9236869.084"},"geometry":{"type":"Polygon","coordinates":[[[-63.163277220711116,-6.894853677995239],[-63.154202851005408,-6.894856694182498],[-63.15420578482712,-6.90392527887396],[-63.163280327177524,-6.903922258682496],[-63.163277220711116,-6.894853677995239]]]}},
{"type":"Feature","properties":{"DESCRIPTION":"MDT_1410164.tif","FILENAME":"U:\\P589_AmazoniaRevelada_BR-319\\LiDAR_dataset\\ENTREGAS\\ENTREGA_09\\2_MDT\\GEOTIFF\\MDT_1410164.tif","SHRT_FNAME":"MDT_1410164.tif","UPPER_LEFT_X":"480961.833","UPPER_LEFT_Y":"9237871.584","LOWER_RIGHT_X":"481964.333","LOWER_RIGHT_Y":"9236869.084"},"geometry":{"type":"Polygon","coordinates":[[[-63.172328956900351,-6.89485049755574],[-63.163254591365337,-6.894853685731352],[-63.163257697401214,-6.903922266428879],[-63.172332235580527,-6.903919074020737],[-63.172328956900351,-6.89485049755574]]]}},
{"type":"Feature","properties":{"DESCRIPTION":"MDT_1410163.tif","FILENAME":"U:\\P589_AmazoniaRevelada_BR-319\\LiDAR_dataset\\ENTREGAS\\ENTREGA_09\\2_MDT\\GEOTIFF\\MDT_1410163.tif","SHRT_FNAME":"MDT_1410163.tif","UPPER_LEFT_X":"479961.833","UPPER_LEFT_Y":"9237871.584","LOWER_RIGHT_X":"480964.333","LOWER_RIGHT_Y":"9236869.084"},"geometry":{"type":"Polygon","coordinates":[[[-63.181380688698368,-6.894847145557183],[-63.172306327565259,-6.894850505720751],[-63.172309605814903,-6.903919082196589],[-63.181384139591891,-6.903915717572162],[-63.181380688698368,-6.894847145557183]]]}},
{"type":"Feature","properties":{"DESCRIPTION":"MDT_1410162.tif","FILENAME":"U:\\P589_AmazoniaRevelada_BR-319\\LiDAR_dataset\\ENTREGAS\\ENTREGA_09\\2_MDT\\GEOTIFF\\MDT_1410162.tif","SHRT_FNAME":"MDT_1410162.tif","UPPER_LEFT_X":"478961.333","UPPER_LEFT_Y":"9237871.584","LOWER_RIGHT_X":"479964.333","LOWER_RIGHT_Y":"9236869.084"},"geometry":{"type":"Polygon","coordinates":[[[-63.190436941736905,-6.894843620195293],[-63.181358059374546,-6.894847154151091],[-63.181361509837522,-6.903915726177481],[-63.190440564929446,-6.903912187530103],[-63.190436941736905,-6.894843620195293]]]}},
{"type":"Feature","properties":{"DESCRIPTION":"MDT_1410161.tif","FILENAME":"U:\\P589_AmazoniaRevelada_BR-319\\LiDAR_dataset\\ENTREGAS\\ENTREGA_09\\2_MDT\\GEOTIFF\\MDT_1410161.tif","SHRT_FNAME":"MDT_1410161.tif","UPPER_LEFT_X":"477961.333","UPPER_LEFT_Y":"9237871.584","LOWER_RIGHT_X":"478963.833","LOWER_RIGHT_Y":"9236869.084"},"geometry":{"type":"Polygon","coordinates":[[[-63.199488664058038,-6.894839924994111],[-63.190414312424927,-6.894843629218313],[-63.190417935186936,-6.903912196565102],[-63.199492459463031,-6.903908487423279],[-63.199488664058038,-6.894839924994111]]]}},
{"type":"Feature","properties":{"DESCRIPTION":"MDT_1410160.tif","FILENAME":"U:\\P589_AmazoniaRevelada_BR-319\\LiDAR_dataset\\ENTREGAS\\ENTREGA_09\\2_MDT\\GEOTIFF\\MDT_1410160.tif","SHRT_FNAME":"MDT_1410160.tif","UPPER_LEFT_X":"476961.333","UPPER_LEFT_Y":"9237871.584","LOWER_RIGHT_X":"477963.833","LOWER_RIGHT_Y":"9236869.084"},"geometry":{"type":"Polygon","coordinates":[[[-63.208540381295876,-6.894836058235184],[-63.199466034758473,-6.894839934446025],[-63.199469829732941,-6.90390849688774],[-63.208544348912859,-6.903904615530953],[-63.208540381295876,-6.894836058235184]]]}},
{"type":"Feature","properties":{"DESCRIPTION":"MDT_1410159.tif","FILENAME":"U:\\P589_AmazoniaRevelada_BR-319\\LiDAR_dataset\\ENTREGAS\\ENTREGA_09\\2_MDT\\GEOTIFF\\MDT_1410159.tif","SHRT_FNAME":"MDT_1410159.tif","UPPER_LEFT_X":"475961.333","UPPER_LEFT_Y":"9237871.584","LOWER_RIGHT_X":"476963.833","LOWER_RIGHT_Y":"9236869.084"},"geometry":{"type":"Polygon","coordinates":[[[-63.217592093219771,-6.894832019918991],[-63.208517752009307,-6.894836068115993],[-63.208521719195765,-6.903904625424877],[-63.217596233048262,-6.903900571853608],[-63.217592093219771,-6.894832019918991]]]}},
{"type":"Feature","properties":{"DESCRIPTION":"MDT_1410158.tif","FILENAME":"U:\\P589_AmazoniaRevelada_BR-319\\LiDAR_dataset\\ENTREGAS\\ENTREGA_09\\2_MDT\\GEOTIFF\\MDT_1410158.tif","SHRT_FNAME":"MDT_1410158.tif","UPPER_LEFT_X":"474961.333","UPPER_LEFT_Y":"9237871.584","LOWER_RIGHT_X":"475963.833","LOWER_RIGHT_Y":"9236869.084"},"geometry":{"type":"Polygon","coordinates":[[[-63.226643799599103,-6.894827810046035],[-63.217569463946781,-6.894832030228693],[-63.217573603344739,-6.903900582176995],[-63.226648111638553,-6.903896356391746],[-63.226643799599103,-6.894827810046035]]]}},
{"type":"Feature","properties":{"DESCRIPTION":"MDT_1410157.tif","FILENAME":"U:\\P589_AmazoniaRevelada_BR-319\\LiDAR_dataset\\ENTREGAS\\ENTREGA_09\\2_MDT\\GEOTIFF\\MDT_1410157.tif","SHRT_FNAME":"MDT_1410157.tif","UPPER_LEFT_X":"473960.833","UPPER_LEFT_Y":"9237871.584","LOWER_RIGHT_X":"474963.833","LOWER_RIGHT_Y":"9236869.084"},"geometry":{"type":"Polygon","coordinates":[[[-63.235700026052008,-6.894823426383216],[-63.226621170340252,-6.894827820784628],[-63.226625481949171,-6.903896367144593],[-63.235704510387983,-6.903891966909299],[-63.235700026052008,-6.894823426383216]]]}},
{"type":"Feature","properties":{"DESCRIPTION":"MDT_1410156.tif","FILENAME":"U:\\P589_AmazoniaRevelada_BR-319\\LiDAR_dataset\\ENTREGAS\\ENTREGA_09\\2_MDT\\GEOTIFF\\MDT_1410156.tif","SHRT_FNAME":"MDT_1410156.tif","UPPER_LEFT_X":"472960.833","UPPER_LEFT_Y":"9237871.584","LOWER_RIGHT_X":"473963.333","LOWER_RIGHT_Y":"9236869.084"},"geometry":{"type":"Polygon","coordinates":[[[-63.244751720647145,-6.894818873312545],[-63.235677396807887,-6.894823437550912],[-63.235681880713358,-6.903891978091821],[-63.244756377193006,-6.903887407794103],[-63.244751720647145,-6.894818873312545]]]}},
{"type":"Feature","properties":{"DESCRIPTION":"MDT_1410155.tif","FILENAME":"U:\\P589_AmazoniaRevelada_BR-319\\LiDAR_dataset\\ENTREGAS\\ENTREGA_09\\2_MDT\\GEOTIFF\\MDT_1410155.tif","SHRT_FNAME":"MDT_1410155.tif","UPPER_LEFT_X":"471960.833","UPPER_LEFT_Y":"9237871.584","LOWER_RIGHT_X":"472963.333","LOWER_RIGHT_Y":"9236869.084"},"geometry":{"type":"Polygon","coordinates":[[[-63.253803409005648,-6.894814148686746],[-63.244729091418336,-6.894818884909129],[-63.244733747533679,-6.903887419406083],[-63.253808237760801,-6.903882676896027],[-63.253803409005648,-6.894814148686746]]]}},
{"type":"Feature","properties":{"DESCRIPTION":"MDT_1410154.tif","FILENAME":"U:\\P589_AmazoniaRevelada_BR-319\\LiDAR_dataset\\ENTREGAS\\ENTREGA_09\\2_MDT\\GEOTIFF\\MDT_1410154.tif","SHRT_FNAME":"MDT_1410154.tif","UPPER_LEFT_X":"470960.833","UPPER_LEFT_Y":"9237871.584","LOWER_RIGHT_X":"471963.333","LOWER_RIGHT_Y":"9236869.084"},"geometry":{"type":"Polygon","coordinates":[[[-63.262855090896885,-6.894809252506401],[-63.253780779792727,-6.894814160712215],[-63.253785608117347,-6.903882688937462],[-63.262860091860709,-6.903877774215654],[-63.262855090896885,-6.894809252506401]]]}},
{"type":"Feature","properties":{"DESCRIPTION":"MDT_1410153.tif","FILENAME":"U:\\P589_AmazoniaRevelada_BR-319\\LiDAR_dataset\\ENTREGAS\\ENTREGA_09\\2_MDT\\GEOTIFF\\MDT_1410153.tif","SHRT_FNAME":"MDT_1410153.tif","UPPER_LEFT_X":"469960.833","UPPER_LEFT_Y":"9237871.584","LOWER_RIGHT_X":"470963.333","LOWER_RIGHT_Y":"9236869.084"},"geometry":{"type":"Polygon","coordinates":[[[-63.271906766090197,-6.894804184772122],[-63.262832461700413,-6.894809264960758],[-63.262837462233719,-6.903877786686547],[-63.271911939262068,-6.903872699753596],[-63.271906766090197,-6.894804184772122]]]}},
{"type":"Feature","properties":{"DESCRIPTION":"MDT_1410152.tif","FILENAME":"U:\\P589_AmazoniaRevelada_BR-319\\LiDAR_dataset\\ENTREGAS\\ENTREGA_09\\2_MDT\\GEOTIFF\\MDT_1410152.tif","SHRT_FNAME":"MDT_1410152.tif","UPPER_LEFT_X":"468960.333","UPPER_LEFT_Y":"9237871.584","LOWER_RIGHT_X":"469963.333","LOWER_RIGHT_Y":"9236869.084"},"geometry":{"type":"Polygon","coordinates":[[[-63.280962960187289,-6.894798942821983],[-63.271884136910742,-6.894804197655362],[-63.27188930965211,-6.903872712653942],[-63.280968305652671,-6.903867450844396],[-63.280962960187289,-6.894798942821983]]]}},
{"type":"Feature","properties":{"DESCRIPTION":"MDT_1410151.tif","FILENAME":"U:\\P589_AmazoniaRevelada_BR-319\\LiDAR_dataset\\ENTREGAS\\ENTREGA_09\\2_MDT\\GEOTIFF\\MDT_1410151.tif","SHRT_FNAME":"MDT_1410151.tif","UPPER_LEFT_X":"467960.333","UPPER_LEFT_Y":"9237871.584","LOWER_RIGHT_X":"468962.833","LOWER_RIGHT_Y":"9236869.084"},"geometry":{"type":"Polygon","coordinates":[[[-63.290014621289167,-6.894793531895966],[-63.280940331025462,-6.894798956134322],[-63.28094567606032,-6.903867464174408],[-63.290020138961296,-6.903862032734992],[-63.290014621289167,-6.894793531895966]]]}},
{"type":"Feature","properties":{"DESCRIPTION":"MDT_1410150.tif","FILENAME":"U:\\P589_AmazoniaRevelada_BR-319\\LiDAR_dataset\\ENTREGAS\\ENTREGA_09\\2_MDT\\GEOTIFF\\MDT_1410150.tif","SHRT_FNAME":"MDT_1410150.tif","UPPER_LEFT_X":"466960.333","UPPER_LEFT_Y":"9237871.584","LOWER_RIGHT_X":"467962.833","LOWER_RIGHT_Y":"9236869.084"},"geometry":{"type":"Polygon","coordinates":[[[-63.299066275001088,-6.894787949417967],[-63.289991992145531,-6.894793545637185],[-63.289997509387135,-6.903862046494453],[-63.299071964879261,-6.903856442845856],[-63.299066275001088,-6.894787949417967]]]}},
{"type":"Feature","properties":{"DESCRIPTION":"MDT_1410149.tif","FILENAME":"U:\\P589_AmazoniaRevelada_BR-319\\LiDAR_dataset\\ENTREGAS\\ENTREGA_09\\2_MDT\\GEOTIFF\\MDT_1410149.tif","SHRT_FNAME":"MDT_1410149.tif","UPPER_LEFT_X":"465960.333","UPPER_LEFT_Y":"9237871.584","LOWER_RIGHT_X":"466962.833","LOWER_RIGHT_Y":"9236869.084"},"geometry":{"type":"Polygon","coordinates":[[[-63.308117921092418,-6.894782195388678],[-63.299043645876218,-6.894787963588065],[-63.299049335323872,-6.903856457034766],[-63.308123783175908,-6.903850681177685],[-63.308117921092418,-6.894782195388678]]]}},
{"type":"Feature","properties":{"DESCRIPTION":"MDT_1410148.tif","FILENAME":"U:\\P589_AmazoniaRevelada_BR-319\\LiDAR_dataset\\ENTREGAS\\ENTREGA_09\\2_MDT\\GEOTIFF\\MDT_1410148.tif","SHRT_FNAME":"MDT_1410148.tif","UPPER_LEFT_X":"464960.333","UPPER_LEFT_Y":"9237871.584","LOWER_RIGHT_X":"465962.833","LOWER_RIGHT_Y":"9236869.084"},"geometry":{"type":"Polygon","coordinates":[[[-63.317169559332477,-6.894776269808816],[-63.308095291986874,-6.894782209987655],[-63.308101153639853,-6.903850695796041],[-63.317175593620576,-6.903844747731193],[-63.317169559332477,-6.894776269808816]]]}},
{"type":"Feature","properties":{"DESCRIPTION":"MDT_1410147.tif","FILENAME":"U:\\P589_AmazoniaRevelada_BR-319\\LiDAR_dataset\\ENTREGAS\\ENTREGA_09\\2_MDT\\GEOTIFF\\MDT_1410147.tif","SHRT_FNAME":"MDT_1410147.tif","UPPER_LEFT_X":"463960.333","UPPER_LEFT_Y":"9237871.584","LOWER_RIGHT_X":"464962.833","LOWER_RIGHT_Y":"9236869.084"},"geometry":{"type":"Polygon","coordinates":[[[-63.326221189490681,-6.894770172679113],[-63.317146930246857,-6.894776284836667],[-63.317152964104444,-6.903844762778996],[-63.326227395982606,-6.90383864250712],[-63.326221189490681,-6.894770172679113]]]}},
{"type":"Feature","properties":{"DESCRIPTION":"MDT_1409193.tif","FILENAME":"U:\\P589_AmazoniaRevelada_BR-319\\LiDAR_dataset\\ENTREGAS\\ENTREGA_09\\2_MDT\\GEOTIFF\\MDT_1409193.tif","SHRT_FNAME":"MDT_1409193.tif","UPPER_LEFT_X":"509964.333","UPPER_LEFT_Y":"9238871.084","LOWER_RIGHT_X":"510966.833","LOWER_RIGHT_Y":"9237869.084"},"geometry":{"type":"Polygon","coordinates":[[[-62.909806840209015,-6.885831600149644],[-62.900732619508503,-6.88582980254139],[-62.900730734309029,-6.894893887016699],[-62.909805127338622,-6.894895687013292],[-62.909806840209015,-6.885831600149644]]]}},
{"type":"Feature","properties":{"DESCRIPTION":"MDT_1409192.tif","FILENAME":"U:\\P589_AmazoniaRevelada_BR-319\\LiDAR_dataset\\ENTREGAS\\ENTREGA_09\\2_MDT\\GEOTIFF\\MDT_1409192.tif","SHRT_FNAME":"MDT_1409192.tif","UPPER_LEFT_X":"508964.333","UPPER_LEFT_Y":"9238871.084","LOWER_RIGHT_X":"509966.833","LOWER_RIGHT_Y":"9237869.084"},"geometry":{"type":"Polygon","coordinates":[[[-62.918858434231403,-6.885833221726124],[-62.90978421122675,-6.885831595880998],[-62.909782497926606,-6.894895682738976],[-62.918856893260561,-6.894897310744232],[-62.918858434231403,-6.885833221726124]]]}},
{"type":"Feature","properties":{"DESCRIPTION":"MDT_1409191.tif","FILENAME":"U:\\P589_AmazoniaRevelada_BR-319\\LiDAR_dataset\\ENTREGAS\\ENTREGA_09\\2_MDT\\GEOTIFF\\MDT_1409191.tif","SHRT_FNAME":"MDT_1409191.tif","UPPER_LEFT_X":"507964.333","UPPER_LEFT_Y":"9238871.084","LOWER_RIGHT_X":"508966.833","LOWER_RIGHT_Y":"9237869.084"},"geometry":{"type":"Polygon","coordinates":[[[-62.927910030321257,-6.885834671967611],[-62.918835805243667,-6.885833217885818],[-62.918834263843081,-6.894897306898821],[-62.927908661250157,-6.894898762912539],[-62.927910030321257,-6.885834671967611]]]}},
{"type":"Feature","properties":{"DESCRIPTION":"MDT_1409190.tif","FILENAME":"U:\\P589_AmazoniaRevelada_BR-319\\LiDAR_dataset\\ENTREGAS\\ENTREGA_09\\2_MDT\\GEOTIFF\\MDT_1409190.tif","SHRT_FNAME":"MDT_1409190.tif","UPPER_LEFT_X":"506964.333","UPPER_LEFT_Y":"9238871.084","LOWER_RIGHT_X":"507966.833","LOWER_RIGHT_Y":"9237869.084"},"geometry":{"type":"Polygon","coordinates":[[[-62.936961628247964,-6.885835950873926],[-62.927887401328647,-6.885834668555641],[-62.927886031827803,-6.894898759496034],[-62.936960431076777,-6.894900043518032],[-62.936961628247964,-6.885835950873926]]]}},
{"type":"Feature","properties":{"DESCRIPTION":"MDT_1409189.tif","FILENAME":"U:\\P589_AmazoniaRevelada_BR-319\\LiDAR_dataset\\ENTREGAS\\ENTREGA_09\\2_MDT\\GEOTIFF\\MDT_1409189.tif","SHRT_FNAME":"MDT_1409189.tif","UPPER_LEFT_X":"505963.833","UPPER_LEFT_Y":"9238871.084","LOWER_RIGHT_X":"506966.833","LOWER_RIGHT_Y":"9237869.084"},"geometry":{"type":"Polygon","coordinates":[[[-62.94601775358101,-6.885837058955839],[-62.936938999251055,-6.885835947890294],[-62.936937801650124,-6.894900040530437],[-62.946016728395847,-6.894901153072165],[-62.94601775358101,-6.885837058955839]]]}},
{"type":"Feature","properties":{"DESCRIPTION":"MDT_1409188.tif","FILENAME":"U:\\P589_AmazoniaRevelada_BR-319\\LiDAR_dataset\\ENTREGAS\\ENTREGA_09\\2_MDT\\GEOTIFF\\MDT_1409188.tif","SHRT_FNAME":"MDT_1409188.tif","UPPER_LEFT_X":"504963.833","UPPER_LEFT_Y":"9238871.084","LOWER_RIGHT_X":"505966.333","LOWER_RIGHT_Y":"9237869.084"},"geometry":{"type":"Polygon","coordinates":[[[-62.955069354490142,-6.885837995105685],[-62.945995124580364,-6.885837056400757],[-62.945994098965457,-6.894901150513691],[-62.955068501205155,-6.894902090465798],[-62.955069354490142,-6.885837995105685]]]}},
{"type":"Feature","properties":{"DESCRIPTION":"MDT_1409187.tif","FILENAME":"U:\\P589_AmazoniaRevelada_BR-319\\LiDAR_dataset\\ENTREGAS\\ENTREGA_09\\2_MDT\\GEOTIFF\\MDT_1409187.tif","SHRT_FNAME":"MDT_1409187.tif","UPPER_LEFT_X":"503963.833","UPPER_LEFT_Y":"9238871.084","LOWER_RIGHT_X":"504966.333","LOWER_RIGHT_Y":"9237869.084"},"geometry":{"type":"Polygon","coordinates":[[[-62.964120956544093,-6.885838759919943],[-62.955046725486334,-6.885837992978944],[-62.955045871771617,-6.894902088336231],[-62.964120275159409,-6.894902856296205],[-62.964120956544093,-6.885838759919943]]]}},
{"type":"Feature","properties":{"DESCRIPTION":"MDT_1409186.tif","FILENAME":"U:\\P589_AmazoniaRevelada_BR-319\\LiDAR_dataset\\ENTREGAS\\ENTREGA_09\\2_MDT\\GEOTIFF\\MDT_1409186.tif","SHRT_FNAME":"MDT_1409186.tif","UPPER_LEFT_X":"502963.833","UPPER_LEFT_Y":"9238871.084","LOWER_RIGHT_X":"503966.333","LOWER_RIGHT_Y":"9237869.084"},"geometry":{"type":"Polygon","coordinates":[[[-62.973172559512236,-6.885839353398521],[-62.96409832753772,-6.88583875822154],[-62.964097645723292,-6.894902854595546],[-62.973172050027948,-6.894903450563289],[-62.973172559512236,-6.885839353398521]]]}},
{"type":"Feature","properties":{"DESCRIPTION":"MDT_1409185.tif","FILENAME":"U:\\P589_AmazoniaRevelada_BR-319\\LiDAR_dataset\\ENTREGAS\\ENTREGA_09\\2_MDT\\GEOTIFF\\MDT_1409185.tif","SHRT_FNAME":"MDT_1409185.tif","UPPER_LEFT_X":"501963.833","UPPER_LEFT_Y":"9238871.084","LOWER_RIGHT_X":"502966.333","LOWER_RIGHT_Y":"9237869.084"},"geometry":{"type":"Polygon","coordinates":[[[-62.982224163163949,-6.885839775541345],[-62.973149930503865,-6.885839352128459],[-62.973149420589834,-6.894903449291539],[-62.982223825580114,-6.89490387326698],[-62.982224163163949,-6.885839775541345]]]}},
{"type":"Feature","properties":{"DESCRIPTION":"MDT_1409184.tif","FILENAME":"U:\\P589_AmazoniaRevelada_BR-319\\LiDAR_dataset\\ENTREGAS\\ENTREGA_09\\2_MDT\\GEOTIFF\\MDT_1409184.tif","SHRT_FNAME":"MDT_1409184.tif","UPPER_LEFT_X":"500963.833","UPPER_LEFT_Y":"9238871.084","LOWER_RIGHT_X":"501966.333","LOWER_RIGHT_Y":"9237869.084"},"geometry":{"type":"Polygon","coordinates":[[[-62.991275767268583,-6.885840026348361],[-62.982201534154164,-6.885839774699622],[-62.982201196140572,-6.894903872424139],[-62.991275601585244,-6.894904124407224],[-62.991275767268583,-6.885840026348361]]]}},
{"type":"Feature","properties":{"DESCRIPTION":"MDT_1409183.tif","FILENAME":"U:\\P589_AmazoniaRevelada_BR-319\\LiDAR_dataset\\ENTREGAS\\ENTREGA_09\\2_MDT\\GEOTIFF\\MDT_1409183.tif","SHRT_FNAME":"MDT_1409183.tif","UPPER_LEFT_X":"499963.333","UPPER_LEFT_Y":"9238871.084","LOWER_RIGHT_X":"500966.333","LOWER_RIGHT_Y":"9237869.084"},"geometry":{"type":"Polygon","coordinates":[[[-63.000331897397686,-6.88584010581642],[-62.991253138257953,-6.885840025934978],[-62.991252972144849,-6.894904123993291],[-63.000331903700811,-6.894904203980865],[-63.000331897397686,-6.88584010581642]]]}},
{"type":"Feature","properties":{"DESCRIPTION":"MDT_1409182.tif","FILENAME":"U:\\P589_AmazoniaRevelada_BR-319\\LiDAR_dataset\\ENTREGAS\\ENTREGA_09\\2_MDT\\GEOTIFF\\MDT_1409182.tif","SHRT_FNAME":"MDT_1409182.tif","UPPER_LEFT_X":"498963.333","UPPER_LEFT_Y":"9238871.084","LOWER_RIGHT_X":"499965.833","LOWER_RIGHT_Y":"9237869.084"},"geometry":{"type":"Polygon","coordinates":[[[-63.009383501716222,-6.885840013866082],[-63.000309268386793,-6.88584010583159],[-63.000309274260161,-6.894904203996057],[-63.00938367991985,-6.894904111908359],[-63.009383501716222,-6.885840013866082]]]}},
{"type":"Feature","properties":{"DESCRIPTION":"MDT_1409181.tif","FILENAME":"U:\\P589_AmazoniaRevelada_BR-319\\LiDAR_dataset\\ENTREGAS\\ENTREGA_09\\2_MDT\\GEOTIFF\\MDT_1409181.tif","SHRT_FNAME":"MDT_1409181.tif","UPPER_LEFT_X":"497963.333","UPPER_LEFT_Y":"9238871.084","LOWER_RIGHT_X":"498965.833","LOWER_RIGHT_Y":"9237869.084"},"geometry":{"type":"Polygon","coordinates":[[[-63.018435105795646,-6.885839750579907],[-63.009360872705621,-6.885840014309593],[-63.009361050479505,-6.89490411235246],[-63.01843545589977,-6.89490384827238],[-63.018435105795646,-6.885839750579907]]]}},
{"type":"Feature","properties":{"DESCRIPTION":"MDT_1409180.tif","FILENAME":"U:\\P589_AmazoniaRevelada_BR-319\\LiDAR_dataset\\ENTREGAS\\ENTREGA_09\\2_MDT\\GEOTIFF\\MDT_1409180.tif","SHRT_FNAME":"MDT_1409180.tif","UPPER_LEFT_X":"496963.333","UPPER_LEFT_Y":"9238871.084","LOWER_RIGHT_X":"497965.833","LOWER_RIGHT_Y":"9237869.084"},"geometry":{"type":"Polygon","coordinates":[[[-63.027486709405359,-6.88583931595793],[-63.01841247678594,-6.885839751451758],[-63.018412826460306,-6.894903849145388],[-63.027487231409928,-6.894903413072953],[-63.027486709405359,-6.88583931595793]]]}},
{"type":"Feature","properties":{"DESCRIPTION":"MDT_1409179.tif","FILENAME":"U:\\P589_AmazoniaRevelada_BR-319\\LiDAR_dataset\\ENTREGAS\\ENTREGA_09\\2_MDT\\GEOTIFF\\MDT_1409179.tif","SHRT_FNAME":"MDT_1409179.tif","UPPER_LEFT_X":"495963.333","UPPER_LEFT_Y":"9238871.084","LOWER_RIGHT_X":"496965.833","LOWER_RIGHT_Y":"9237869.084"},"geometry":{"type":"Polygon","coordinates":[[[-63.036538312314718,-6.885838710000202],[-63.027464080397117,-6.885839317258119],[-63.027464601971928,-6.89490341437487],[-63.036539006219662,-6.894902806310138],[-63.036538312314718,-6.885838710000202]]]}},
{"type":"Feature","properties":{"DESCRIPTION":"MDT_1409178.tif","FILENAME":"U:\\P589_AmazoniaRevelada_BR-319\\LiDAR_dataset\\ENTREGAS\\ENTREGA_09\\2_MDT\\GEOTIFF\\MDT_1409178.tif","SHRT_FNAME":"MDT_1409178.tif","UPPER_LEFT_X":"494962.833","UPPER_LEFT_Y":"9238871.084","LOWER_RIGHT_X":"495965.833","LOWER_RIGHT_Y":"9237869.084"},"geometry":{"type":"Polygon","coordinates":[[[-63.045594440093787,-6.885837932275297],[-63.036515683308508,-6.885838711728731],[-63.036516376783695,-6.894902808040964],[-63.045595305984982,-6.894902027551933],[-63.045594440093787,-6.885837932275297]]]}},
{"type":"Feature","properties":{"DESCRIPTION":"MDT_1409177.tif","FILENAME":"U:\\P589_AmazoniaRevelada_BR-319\\LiDAR_dataset\\ENTREGAS\\ENTREGA_09\\2_MDT\\GEOTIFF\\MDT_1409177.tif","SHRT_FNAME":"MDT_1409177.tif","UPPER_LEFT_X":"493962.833","UPPER_LEFT_Y":"9238871.084","LOWER_RIGHT_X":"494965.333","LOWER_RIGHT_Y":"9237869.084"},"geometry":{"type":"Polygon","coordinates":[[[-63.05464604090988,-6.885836983560649],[-63.045571811090198,-6.885837934432379],[-63.045572676551629,-6.89490202971188],[-63.054647078701258,-6.894901077576802],[-63.05464604090988,-6.885836983560649]]]}},
{"type":"Feature","properties":{"DESCRIPTION":"MDT_1409176.tif","FILENAME":"U:\\P589_AmazoniaRevelada_BR-319\\LiDAR_dataset\\ENTREGAS\\ENTREGA_09\\2_MDT\\GEOTIFF\\MDT_1409176.tif","SHRT_FNAME":"MDT_1409176.tif","UPPER_LEFT_X":"492962.833","UPPER_LEFT_Y":"9238871.084","LOWER_RIGHT_X":"493965.333","LOWER_RIGHT_Y":"9237869.084"},"geometry":{"type":"Polygon","coordinates":[[[-63.063697640333586,-6.885835863510541],[-63.054623411909482,-6.885836986146069],[-63.05462444927111,-6.894901080165659],[-63.063698850025034,-6.894899956038573],[-63.063697640333586,-6.885835863510541]]]}},
{"type":"Feature","properties":{"DESCRIPTION":"MDT_1409175.tif","FILENAME":"U:\\P589_AmazoniaRevelada_BR-319\\LiDAR_dataset\\ENTREGAS\\ENTREGA_09\\2_MDT\\GEOTIFF\\MDT_1409175.tif","SHRT_FNAME":"MDT_1409175.tif","UPPER_LEFT_X":"491962.833","UPPER_LEFT_Y":"9238871.084","LOWER_RIGHT_X":"492965.333","LOWER_RIGHT_Y":"9237869.084"},"geometry":{"type":"Polygon","coordinates":[[[-63.0727492381343,-6.885834572125109],[-63.063675011336962,-6.885835866524298],[-63.063676220598644,-6.894899959056338],[-63.072750619725639,-6.894898662937383],[-63.0727492381343,-6.885834572125109]]]}},
{"type":"Feature","properties":{"DESCRIPTION":"MDT_1409174.tif","FILENAME":"U:\\P589_AmazoniaRevelada_BR-319\\LiDAR_dataset\\ENTREGAS\\ENTREGA_09\\2_MDT\\GEOTIFF\\MDT_1409174.tif","SHRT_FNAME":"MDT_1409174.tif","UPPER_LEFT_X":"490962.833","UPPER_LEFT_Y":"9238871.084","LOWER_RIGHT_X":"491965.333","LOWER_RIGHT_Y":"9237869.084"},"geometry":{"type":"Polygon","coordinates":[[[-63.081800834081371,-6.885833109404519],[-63.072726609142016,-6.885834575567205],[-63.072727990303605,-6.894898666384055],[-63.081802387572431,-6.894897198273393],[-63.081800834081371,-6.885833109404519]]]}},
{"type":"Feature","properties":{"DESCRIPTION":"MDT_1409173.tif","FILENAME":"U:\\P589_AmazoniaRevelada_BR-319\\LiDAR_dataset\\ENTREGAS\\ENTREGA_09\\2_MDT\\GEOTIFF\\MDT_1409173.tif","SHRT_FNAME":"MDT_1409173.tif","UPPER_LEFT_X":"489962.333","UPPER_LEFT_Y":"9238871.084","LOWER_RIGHT_X":"490965.333","LOWER_RIGHT_Y":"9237869.084"},"geometry":{"type":"Polygon","coordinates":[[[-63.09085695374052,-6.885831474489066],[-63.081778205093997,-6.885833113274953],[-63.081779758155314,-6.89489720214897],[-63.090858679217085,-6.89489556118576],[-63.09085695374052,-6.885831474489066]]]}},
{"type":"Feature","properties":{"DESCRIPTION":"MDT_1409172.tif","FILENAME":"U:\\P589_AmazoniaRevelada_BR-319\\LiDAR_dataset\\ENTREGAS\\ENTREGA_09\\2_MDT\\GEOTIFF\\MDT_1409172.tif","SHRT_FNAME":"MDT_1409172.tif","UPPER_LEFT_X":"488962.333","UPPER_LEFT_Y":"9238871.084","LOWER_RIGHT_X":"489964.833","LOWER_RIGHT_Y":"9237869.084"},"geometry":{"type":"Polygon","coordinates":[[[-63.099908545287192,-6.885829669013053],[-63.09083432475866,-6.885831478788051],[-63.090836049805468,-6.894895565490457],[-63.099910442663067,-6.894893753310956],[-63.099908545287192,-6.885829669013053]]]}},
{"type":"Feature","properties":{"DESCRIPTION":"MDT_1409171.tif","FILENAME":"U:\\P589_AmazoniaRevelada_BR-319\\LiDAR_dataset\\ENTREGAS\\ENTREGA_09\\2_MDT\\GEOTIFF\\MDT_1409171.tif","SHRT_FNAME":"MDT_1409171.tif","UPPER_LEFT_X":"487962.333","UPPER_LEFT_Y":"9238871.084","LOWER_RIGHT_X":"488964.833","LOWER_RIGHT_Y":"9237869.084"},"geometry":{"type":"Polygon","coordinates":[[[-63.108960134288196,-6.885827692202488],[-63.099885916311401,-6.885829673740376],[-63.099887813257531,-6.894893758044559],[-63.108962203563159,-6.89489177387396],[-63.108960134288196,-6.885827692202488]]]}},
{"type":"Feature","properties":{"DESCRIPTION":"MDT_1409170.tif","FILENAME":"U:\\P589_AmazoniaRevelada_BR-319\\LiDAR_dataset\\ENTREGAS\\ENTREGA_09\\2_MDT\\GEOTIFF\\MDT_1409170.tif","SHRT_FNAME":"MDT_1409170.tif","UPPER_LEFT_X":"486962.333","UPPER_LEFT_Y":"9238871.084","LOWER_RIGHT_X":"487964.833","LOWER_RIGHT_Y":"9237869.084"},"geometry":{"type":"Polygon","coordinates":[[[-63.118011720512925,-6.885825544057617],[-63.108937505319062,-6.885827697358147],[-63.108939574164275,-6.89489177903647],[-63.1180139616867,-6.894889622875022],[-63.118011720512925,-6.885825544057617]]]}},
{"type":"Feature","properties":{"DESCRIPTION":"MDT_1409169.tif","FILENAME":"U:\\P589_AmazoniaRevelada_BR-319\\LiDAR_dataset\\ENTREGAS\\ENTREGA_09\\2_MDT\\GEOTIFF\\MDT_1409169.tif","SHRT_FNAME":"MDT_1409169.tif","UPPER_LEFT_X":"485962.333","UPPER_LEFT_Y":"9238871.084","LOWER_RIGHT_X":"486964.833","LOWER_RIGHT_Y":"9237869.084"},"geometry":{"type":"Polygon","coordinates":[[[-63.127063303730729,-6.885823224578705],[-63.11798909155101,-6.885825549641611],[-63.117991332295041,-6.894889628466437],[-63.127065716803038,-6.894887300314406],[-63.127063303730729,-6.885823224578705]]]}},
{"type":"Feature","properties":{"DESCRIPTION":"MDT_1409168.tif","FILENAME":"U:\\P589_AmazoniaRevelada_BR-319\\LiDAR_dataset\\ENTREGAS\\ENTREGA_09\\2_MDT\\GEOTIFF\\MDT_1409168.tif","SHRT_FNAME":"MDT_1409168.tif","UPPER_LEFT_X":"484961.833","UPPER_LEFT_Y":"9238871.084","LOWER_RIGHT_X":"485964.833","LOWER_RIGHT_Y":"9237869.084"},"geometry":{"type":"Polygon","coordinates":[[[-63.136119409500118,-6.885820732477783],[-63.127040674776616,-6.885823230591035],[-63.127043087419189,-6.894887306334724],[-63.136121994556618,-6.894884804902429],[-63.136119409500118,-6.885820732477783]]]}},
{"type":"Feature","properties":{"DESCRIPTION":"MDT_1409167.tif","FILENAME":"U:\\P589_AmazoniaRevelada_BR-319\\LiDAR_dataset\\ENTREGAS\\ENTREGA_09\\2_MDT\\GEOTIFF\\MDT_1409167.tif","SHRT_FNAME":"MDT_1409167.tif","UPPER_LEFT_X":"483961.833","UPPER_LEFT_Y":"9238871.084","LOWER_RIGHT_X":"484964.333","LOWER_RIGHT_Y":"9237869.084"},"geometry":{"type":"Polygon","coordinates":[[[-63.145170986010385,-6.885818070246013],[-63.136096780554389,-6.885820738918661],[-63.13609936518116,-6.894884811351865],[-63.145173742964815,-6.894882139133565],[-63.145170986010385,-6.885818070246013]]]}},
{"type":"Feature","properties":{"DESCRIPTION":"MDT_1409166.tif","FILENAME":"U:\\P589_AmazoniaRevelada_BR-319\\LiDAR_dataset\\ENTREGAS\\ENTREGA_09\\2_MDT\\GEOTIFF\\MDT_1409166.tif","SHRT_FNAME":"MDT_1409166.tif","UPPER_LEFT_X":"482961.833","UPPER_LEFT_Y":"9238871.084","LOWER_RIGHT_X":"483964.333","LOWER_RIGHT_Y":"9237869.084"},"geometry":{"type":"Polygon","coordinates":[[[-63.154222558821729,-6.885815236681132],[-63.145148357073623,-6.885818077115225],[-63.14515111359831,-6.894882146011902],[-63.154225487673727,-6.894879301803955],[-63.154222558821729,-6.885815236681132]]]}},
{"type":"Feature","properties":{"DESCRIPTION":"MDT_1409165.tif","FILENAME":"U:\\P589_AmazoniaRevelada_BR-319\\LiDAR_dataset\\ENTREGAS\\ENTREGA_09\\2_MDT\\GEOTIFF\\MDT_1409165.tif","SHRT_FNAME":"MDT_1409165.tif","UPPER_LEFT_X":"481961.833","UPPER_LEFT_Y":"9238871.084","LOWER_RIGHT_X":"482964.333","LOWER_RIGHT_Y":"9237869.084"},"geometry":{"type":"Polygon","coordinates":[[[-63.163274127703517,-6.885812231783492],[-63.154199929894517,-6.885815243978676],[-63.154202858316751,-6.894879309111193],[-63.163277228452714,-6.894876292913947],[-63.163274127703517,-6.885812231783492]]]}},
{"type":"Feature","properties":{"DESCRIPTION":"MDT_1409164.tif","FILENAME":"U:\\P589_AmazoniaRevelada_BR-319\\LiDAR_dataset\\ENTREGAS\\ENTREGA_09\\2_MDT\\GEOTIFF\\MDT_1409164.tif","SHRT_FNAME":"MDT_1409164.tif","UPPER_LEFT_X":"480961.833","UPPER_LEFT_Y":"9238871.084","LOWER_RIGHT_X":"481964.333","LOWER_RIGHT_Y":"9237869.084"},"geometry":{"type":"Polygon","coordinates":[[[-63.172325692425119,-6.885809055553465],[-63.163251498786408,-6.885812239509366],[-63.163254599105862,-6.894876300650086],[-63.172328965071124,-6.89487311246392],[-63.172325692425119,-6.885809055553465]]]}},
{"type":"Feature","properties":{"DESCRIPTION":"MDT_1409163.tif","FILENAME":"U:\\P589_AmazoniaRevelada_BR-319\\LiDAR_dataset\\ENTREGAS\\ENTREGA_09\\2_MDT\\GEOTIFF\\MDT_1409163.tif","SHRT_FNAME":"MDT_1409163.tif","UPPER_LEFT_X":"479961.833","UPPER_LEFT_Y":"9238871.084","LOWER_RIGHT_X":"480964.333","LOWER_RIGHT_Y":"9237869.084"},"geometry":{"type":"Polygon","coordinates":[[[-63.181377252755908,-6.885805707991448],[-63.17230306351869,-6.885809063707669],[-63.172306335734959,-6.894873120628958],[-63.181380697298309,-6.894869760454266],[-63.181377252755908,-6.885805707991448]]]}},
{"type":"Feature","properties":{"DESCRIPTION":"MDT_1409162.tif","FILENAME":"U:\\P589_AmazoniaRevelada_BR-319\\LiDAR_dataset\\ENTREGAS\\ENTREGA_09\\2_MDT\\GEOTIFF\\MDT_1409162.tif","SHRT_FNAME":"MDT_1409162.tif","UPPER_LEFT_X":"478961.333","UPPER_LEFT_Y":"9238871.084","LOWER_RIGHT_X":"479964.333","LOWER_RIGHT_Y":"9237869.084"},"geometry":{"type":"Polygon","coordinates":[[[-63.190433334241902,-6.885802187295553],[-63.181354623860734,-6.885805716573981],[-63.18135806797342,-6.894869769048203],[-63.190436950766234,-6.894866235080707],[-63.190433334241902,-6.885802187295553]]]}},
{"type":"Feature","properties":{"DESCRIPTION":"MDT_1409161.tif","FILENAME":"U:\\P589_AmazoniaRevelada_BR-319\\LiDAR_dataset\\ENTREGAS\\ENTREGA_09\\2_MDT\\GEOTIFF\\MDT_1409161.tif","SHRT_FNAME":"MDT_1409161.tif","UPPER_LEFT_X":"477961.333","UPPER_LEFT_Y":"9238871.084","LOWER_RIGHT_X":"478963.833","LOWER_RIGHT_Y":"9237869.084"},"geometry":{"type":"Polygon","coordinates":[[[-63.199484885096673,-6.885798496985156],[-63.190410705358588,-6.88580219630663],[-63.190414321453176,-6.894866244103755],[-63.199488673516534,-6.89486253986729],[-63.199484885096673,-6.885798496985156]]]}},
{"type":"Feature","properties":{"DESCRIPTION":"MDT_1409160.tif","FILENAME":"U:\\P589_AmazoniaRevelada_BR-319\\LiDAR_dataset\\ENTREGAS\\ENTREGA_09\\2_MDT\\GEOTIFF\\MDT_1409160.tif","SHRT_FNAME":"MDT_1409160.tif","UPPER_LEFT_X":"476961.333","UPPER_LEFT_Y":"9238871.084","LOWER_RIGHT_X":"477963.833","LOWER_RIGHT_Y":"9237869.084"},"geometry":{"type":"Polygon","coordinates":[[[-63.208536430868648,-6.885794635344078],[-63.199462256225786,-6.88579850642456],[-63.199466044215896,-6.894862549319235],[-63.208540391183533,-6.894858673095562],[-63.208536430868648,-6.885794635344078]]]}},
{"type":"Feature","properties":{"DESCRIPTION":"MDT_1409159.tif","FILENAME":"U:\\P589_AmazoniaRevelada_BR-319\\LiDAR_dataset\\ENTREGAS\\ENTREGA_09\\2_MDT\\GEOTIFF\\MDT_1409159.tif","SHRT_FNAME":"MDT_1409159.tif","UPPER_LEFT_X":"475961.333","UPPER_LEFT_Y":"9238871.084","LOWER_RIGHT_X":"476963.833","LOWER_RIGHT_Y":"9237869.084"},"geometry":{"type":"Polygon","coordinates":[[[-63.217587971327163,-6.885790602372801],[-63.208513802010742,-6.885794645211809],[-63.208517761895898,-6.894858682976402],[-63.217592103536603,-6.894854634766001],[-63.217587971327163,-6.885790602372801]]]}},
{"type":"Feature","properties":{"DESCRIPTION":"MDT_1409158.tif","FILENAME":"U:\\P589_AmazoniaRevelada_BR-319\\LiDAR_dataset\\ENTREGAS\\ENTREGA_09\\2_MDT\\GEOTIFF\\MDT_1409158.tif","SHRT_FNAME":"MDT_1409158.tif","UPPER_LEFT_X":"474961.333","UPPER_LEFT_Y":"9238871.084","LOWER_RIGHT_X":"475963.833","LOWER_RIGHT_Y":"9237869.084"},"geometry":{"type":"Polygon","coordinates":[[[-63.226639506241618,-6.885786398071826],[-63.217565342482828,-6.885790612668857],[-63.21756947426254,-6.894854645075735],[-63.226643810345088,-6.894850424879107],[-63.226639506241618,-6.885786398071826]]]}},
{"type":"Feature","properties":{"DESCRIPTION":"MDT_1409157.tif","FILENAME":"U:\\P589_AmazoniaRevelada_BR-319\\LiDAR_dataset\\ENTREGAS\\ENTREGA_09\\2_MDT\\GEOTIFF\\MDT_1409157.tif","SHRT_FNAME":"MDT_1409157.tif","UPPER_LEFT_X":"473960.833","UPPER_LEFT_Y":"9238871.084","LOWER_RIGHT_X":"474963.833","LOWER_RIGHT_Y":"9237869.084"},"geometry":{"type":"Polygon","coordinates":[[[-63.23569556114446,-6.885782020211002],[-63.226616877411438,-6.885786408796203],[-63.226621181085171,-6.894850435617734],[-63.235700037227382,-6.894846041201774],[-63.23569556114446,-6.885782020211002]]]}},
{"type":"Feature","properties":{"DESCRIPTION":"MDT_1409156.tif","FILENAME":"U:\\P589_AmazoniaRevelada_BR-319\\LiDAR_dataset\\ENTREGAS\\ENTREGA_09\\2_MDT\\GEOTIFF\\MDT_1409156.tif","SHRT_FNAME":"MDT_1409156.tif","UPPER_LEFT_X":"472960.833","UPPER_LEFT_Y":"9238871.084","LOWER_RIGHT_X":"473963.333","LOWER_RIGHT_Y":"9237869.084"},"geometry":{"type":"Polygon","coordinates":[[[-63.244747084275843,-6.885777473166551],[-63.235672932329017,-6.885782031363918],[-63.235677407982195,-6.894846052369507],[-63.244751732251679,-6.894841488116031],[-63.244747084275843,-6.885777473166551]]]}},
{"type":"Feature","properties":{"DESCRIPTION":"MDT_1409155.tif","FILENAME":"U:\\P589_AmazoniaRevelada_BR-319\\LiDAR_dataset\\ENTREGAS\\ENTREGA_09\\2_MDT\\GEOTIFF\\MDT_1409155.tif","SHRT_FNAME":"MDT_1409155.tif","UPPER_LEFT_X":"471960.833","UPPER_LEFT_Y":"9238871.084","LOWER_RIGHT_X":"472963.333","LOWER_RIGHT_Y":"9237869.084"},"geometry":{"type":"Polygon","coordinates":[[[-63.253798601171169,-6.88577275479403],[-63.244724455475698,-6.885777484747787],[-63.244729103021797,-6.894841499712653],[-63.253803421039358,-6.894836763474587],[-63.253798601171169,-6.88577275479403]]]}},
{"type":"Feature","properties":{"DESCRIPTION":"MDT_1409154.tif","FILENAME":"U:\\P589_AmazoniaRevelada_BR-319\\LiDAR_dataset\\ENTREGAS\\ENTREGA_09\\2_MDT\\GEOTIFF\\MDT_1409154.tif","SHRT_FNAME":"MDT_1409154.tif","UPPER_LEFT_X":"470960.833","UPPER_LEFT_Y":"9238871.084","LOWER_RIGHT_X":"471963.333","LOWER_RIGHT_Y":"9237869.084"},"geometry":{"type":"Polygon","coordinates":[[[-63.262850111599818,-6.885767865094026],[-63.253775972386897,-6.885772766803584],[-63.253780791825356,-6.894836775500099],[-63.262855103359747,-6.894831867278035],[-63.262850111599818,-6.885767865094026]]]}},
{"type":"Feature","properties":{"DESCRIPTION":"MDT_1409153.tif","FILENAME":"U:\\P589_AmazoniaRevelada_BR-319\\LiDAR_dataset\\ENTREGAS\\ENTREGA_09\\2_MDT\\GEOTIFF\\MDT_1409153.tif","SHRT_FNAME":"MDT_1409153.tif","UPPER_LEFT_X":"469960.833","UPPER_LEFT_Y":"9238871.084","LOWER_RIGHT_X":"470963.333","LOWER_RIGHT_Y":"9237869.084"},"geometry":{"type":"Polygon","coordinates":[[[-63.27190161533116,-6.885762804067149],[-63.262827482831995,-6.8857678775319],[-63.262832474162202,-6.894831879732434],[-63.271906778982206,-6.894826799526979],[-63.27190161533116,-6.885762804067149]]]}},
{"type":"Feature","properties":{"DESCRIPTION":"MDT_1409152.tif","FILENAME":"U:\\P589_AmazoniaRevelada_BR-319\\LiDAR_dataset\\ENTREGAS\\ENTREGA_09\\2_MDT\\GEOTIFF\\MDT_1409152.tif","SHRT_FNAME":"MDT_1409152.tif","UPPER_LEFT_X":"468960.333","UPPER_LEFT_Y":"9238871.084","LOWER_RIGHT_X":"469963.333","LOWER_RIGHT_Y":"9237869.084"},"geometry":{"type":"Polygon","coordinates":[[[-63.280957637881208,-6.885757569054995],[-63.271878986580369,-6.885762816933339],[-63.2718841498017,-6.894826812410264],[-63.280962973508679,-6.894821557559487],[-63.280957637881208,-6.885757569054995]]]}},
{"type":"Feature","properties":{"DESCRIPTION":"MDT_1409151.tif","FILENAME":"U:\\P589_AmazoniaRevelada_BR-319\\LiDAR_dataset\\ENTREGAS\\ENTREGA_09\\2_MDT\\GEOTIFF\\MDT_1409151.tif","SHRT_FNAME":"MDT_1409151.tif","UPPER_LEFT_X":"467960.333","UPPER_LEFT_Y":"9238871.084","LOWER_RIGHT_X":"468962.833","LOWER_RIGHT_Y":"9237869.084"},"geometry":{"type":"Polygon","coordinates":[[[-63.290009127522445,-6.885752165290612],[-63.280935009148038,-6.885757582349715],[-63.28094034434578,-6.89482157087187],[-63.290014635039711,-6.894816146615558],[-63.290009127522445,-6.885752165290612]]]}},
{"type":"Feature","properties":{"DESCRIPTION":"MDT_1409150.tif","FILENAME":"U:\\P589_AmazoniaRevelada_BR-319\\LiDAR_dataset\\ENTREGAS\\ENTREGA_09\\2_MDT\\GEOTIFF\\MDT_1409150.tif","SHRT_FNAME":"MDT_1409150.tif","UPPER_LEFT_X":"466960.333","UPPER_LEFT_Y":"9238871.084","LOWER_RIGHT_X":"467962.833","LOWER_RIGHT_Y":"9237869.084"},"geometry":{"type":"Polygon","coordinates":[[[-63.299060609774408,-6.885746590201301],[-63.289986498807465,-6.885752179013643],[-63.289992005895009,-6.894816160356823],[-63.299066289180793,-6.894810564119076],[-63.299060609774408,-6.885746590201301]]]}},
{"type":"Feature","properties":{"DESCRIPTION":"MDT_1409149.tif","FILENAME":"U:\\P589_AmazoniaRevelada_BR-319\\LiDAR_dataset\\ENTREGAS\\ENTREGA_09\\2_MDT\\GEOTIFF\\MDT_1409149.tif","SHRT_FNAME":"MDT_1409149.tif","UPPER_LEFT_X":"465960.333","UPPER_LEFT_Y":"9238871.084","LOWER_RIGHT_X":"466962.833","LOWER_RIGHT_Y":"9237869.084"},"geometry":{"type":"Polygon","coordinates":[[[-63.308112084406481,-6.885740843787759],[-63.299037981078186,-6.885746604352645],[-63.299043660054842,-6.894810578289221],[-63.308117935701262,-6.894804810070737],[-63.308112084406481,-6.885740843787759]]]}},
{"type":"Feature","properties":{"DESCRIPTION":"MDT_1409148.tif","FILENAME":"U:\\P589_AmazoniaRevelada_BR-319\\LiDAR_dataset\\ENTREGAS\\ENTREGA_09\\2_MDT\\GEOTIFF\\MDT_1409148.tif","SHRT_FNAME":"MDT_1409148.tif","UPPER_LEFT_X":"464960.333","UPPER_LEFT_Y":"9238871.084","LOWER_RIGHT_X":"465962.833","LOWER_RIGHT_Y":"9237869.084"},"geometry":{"type":"Polygon","coordinates":[[[-63.317163551188038,-6.885734926050699],[-63.308089455729586,-6.885740858367414],[-63.308095306594652,-6.894804824669762],[-63.317169574370475,-6.894798884471259],[-63.317163551188038,-6.885734926050699]]]}},
{"type":"Feature","properties":{"DESCRIPTION":"MDT_1409147.tif","FILENAME":"U:\\P589_AmazoniaRevelada_BR-319\\LiDAR_dataset\\ENTREGAS\\ENTREGA_09\\2_MDT\\GEOTIFF\\MDT_1409147.tif","SHRT_FNAME":"MDT_1409147.tif","UPPER_LEFT_X":"463960.333","UPPER_LEFT_Y":"9238871.084","LOWER_RIGHT_X":"464962.833","LOWER_RIGHT_Y":"9237869.084"},"geometry":{"type":"Polygon","coordinates":[[[-63.326215009888458,-6.885728836990854],[-63.31714092253106,-6.88573494105866],[-63.317146945283781,-6.894798899499159],[-63.326221204957818,-6.894792787321371],[-63.326215009888458,-6.885728836990854]]]}},
{"type":"Feature","properties":{"DESCRIPTION":"MDT_1387251.tif","FILENAME":"U:\\P589_AmazoniaRevelada_BR-319\\LiDAR_dataset\\ENTREGAS\\ENTREGA_09\\2_MDT\\GEOTIFF\\MDT_1387251.tif","SHRT_FNAME":"MDT_1387251.tif","UPPER_LEFT_X":"567969.833","UPPER_LEFT_Y":"9260868.584","LOWER_RIGHT_X":"568972.333","LOWER_RIGHT_Y":"9259866.084"},"geometry":{"type":"Polygon","coordinates":[[[-62.385028554958772,-6.68646551019151],[-62.375958587284664,-6.686454093318447],[-62.375947076584936,-6.695522247481844],[-62.385017211532436,-6.695533679974607],[-62.385028554958772,-6.68646551019151]]]}},
{"type":"Feature","properties":{"DESCRIPTION":"MDT_1387250.tif","FILENAME":"U:\\P589_AmazoniaRevelada_BR-319\\LiDAR_dataset\\ENTREGAS\\ENTREGA_09\\2_MDT\\GEOTIFF\\MDT_1387250.tif","SHRT_FNAME":"MDT_1387250.tif","UPPER_LEFT_X":"566969.833","UPPER_LEFT_Y":"9260868.584","LOWER_RIGHT_X":"567972.333","LOWER_RIGHT_Y":"9259866.084"},"geometry":{"type":"Polygon","coordinates":[[[-62.394075919922358,-6.686476732093007],[-62.385005936565868,-6.686465481928369],[-62.384994592722386,-6.695533651672799],[-62.394064743353681,-6.69554491722906],[-62.394075919922358,-6.686476732093007]]]}},
{"type":"Feature","properties":{"DESCRIPTION":"MDT_1387249.tif","FILENAME":"U:\\P589_AmazoniaRevelada_BR-319\\LiDAR_dataset\\ENTREGAS\\ENTREGA_09\\2_MDT\\GEOTIFF\\MDT_1387249.tif","SHRT_FNAME":"MDT_1387249.tif","UPPER_LEFT_X":"565969.833","UPPER_LEFT_Y":"9260868.584","LOWER_RIGHT_X":"566972.333","LOWER_RIGHT_Y":"9259866.084"},"geometry":{"type":"Polygon","coordinates":[[[-62.403123300298823,-6.686487787700415],[-62.394053301490636,-6.686476704245599],[-62.394042124504814,-6.695544889343555],[-62.403112290589206,-6.695555987961915],[-62.403123300298823,-6.686487787700415]]]}},
{"type":"Feature","properties":{"DESCRIPTION":"MDT_1387248.tif","FILENAME":"U:\\P589_AmazoniaRevelada_BR-319\\LiDAR_dataset\\ENTREGAS\\ENTREGA_09\\2_MDT\\GEOTIFF\\MDT_1387248.tif","SHRT_FNAME":"MDT_1387248.tif","UPPER_LEFT_X":"564969.833","UPPER_LEFT_Y":"9260868.584","LOWER_RIGHT_X":"565972.333","LOWER_RIGHT_Y":"9259866.084"},"geometry":{"type":"Polygon","coordinates":[[[-62.412170695858052,-6.686498677012363],[-62.40310068182886,-6.686487760268745],[-62.403089671702091,-6.695555960492714],[-62.412159853008887,-6.695566892171795],[-62.412170695858052,-6.686498677012363]]]}},
{"type":"Feature","properties":{"DESCRIPTION":"MDT_1387247.tif","FILENAME":"U:\\P589_AmazoniaRevelada_BR-319\\LiDAR_dataset\\ENTREGAS\\ENTREGA_09\\2_MDT\\GEOTIFF\\MDT_1387247.tif","SHRT_FNAME":"MDT_1387247.tif","UPPER_LEFT_X":"563969.833","UPPER_LEFT_Y":"9260868.584","LOWER_RIGHT_X":"564972.333","LOWER_RIGHT_Y":"9259866.084"},"geometry":{"type":"Polygon","coordinates":[[[-62.421218106369963,-6.686509400027499],[-62.412148077350423,-6.686498649996434],[-62.412137234084092,-6.695566865118904],[-62.421207430382594,-6.695577629857349],[-62.421218106369963,-6.686509400027499]]]}},
{"type":"Feature","properties":{"DESCRIPTION":"MDT_1387246.tif","FILENAME":"U:\\P589_AmazoniaRevelada_BR-319\\LiDAR_dataset\\ENTREGAS\\ENTREGA_09\\2_MDT\\GEOTIFF\\MDT_1387246.tif","SHRT_FNAME":"MDT_1387246.tif","UPPER_LEFT_X":"562969.333","UPPER_LEFT_Y":"9260868.584","LOWER_RIGHT_X":"563972.333","LOWER_RIGHT_Y":"9259866.084"},"geometry":{"type":"Polygon","coordinates":[[[-62.43027005532069,-6.686519961981253],[-62.421195487825237,-6.686509373427313],[-62.421184811420702,-6.69557760322077],[-62.430259546279885,-6.695588206261172],[-62.43027005532069,-6.686519961981253]]]}},
{"type":"Feature","properties":{"DESCRIPTION":"MDT_1387245.tif","FILENAME":"U:\\P589_AmazoniaRevelada_BR-319\\LiDAR_dataset\\ENTREGAS\\ENTREGA_09\\2_MDT\\GEOTIFF\\MDT_1387245.tif","SHRT_FNAME":"MDT_1387245.tif","UPPER_LEFT_X":"561969.333","UPPER_LEFT_Y":"9260868.584","LOWER_RIGHT_X":"562971.833","LOWER_RIGHT_Y":"9259866.084"},"geometry":{"type":"Polygon","coordinates":[[[-62.439317495054802,-6.686530352315642],[-62.430247436739428,-6.686519935797024],[-62.430236927281456,-6.695588180041119],[-62.439307152878456,-6.695598610810831],[-62.439317495054802,-6.686530352315642]]]}},
{"type":"Feature","properties":{"DESCRIPTION":"MDT_1387244.tif","FILENAME":"U:\\P589_AmazoniaRevelada_BR-319\\LiDAR_dataset\\ENTREGAS\\ENTREGA_09\\2_MDT\\GEOTIFF\\MDT_1387244.tif","SHRT_FNAME":"MDT_1387244.tif","UPPER_LEFT_X":"560969.567","UPPER_LEFT_Y":"9260868.333","LOWER_RIGHT_X":"561971.567","LOWER_RIGHT_Y":"9259866.333"},"geometry":{"type":"Polygon","coordinates":[[[-62.448362825455014,-6.686542850600322],[-62.439297276526283,-6.686532605909394],[-62.439286939135428,-6.695596341550892],[-62.448352655180251,-6.695606600250839],[-62.448362825455014,-6.686542850600322]]]}},
{"type":"Feature","properties":{"DESCRIPTION":"MDT_1387243.tif","FILENAME":"U:\\P589_AmazoniaRevelada_BR-319\\LiDAR_dataset\\ENTREGAS\\ENTREGA_09\\2_MDT\\GEOTIFF\\MDT_1387243.tif","SHRT_FNAME":"MDT_1387243.tif","UPPER_LEFT_X":"559969.333","UPPER_LEFT_Y":"9260868.584","LOWER_RIGHT_X":"560971.833","LOWER_RIGHT_Y":"9259866.084"},"geometry":{"type":"Polygon","coordinates":[[[-62.457412417079588,-6.686550634080915],[-62.448342330398553,-6.686540550996558],[-62.448332154670787,-6.695608823444814],[-62.457402408636014,-6.695618920324087],[-62.457412417079588,-6.686550634080915]]]}},
{"type":"Feature","properties":{"DESCRIPTION":"MDT_1387242.tif","FILENAME":"U:\\P589_AmazoniaRevelada_BR-319\\LiDAR_dataset\\ENTREGAS\\ENTREGA_09\\2_MDT\\GEOTIFF\\MDT_1387242.tif","SHRT_FNAME":"MDT_1387242.tif","UPPER_LEFT_X":"558969.333","UPPER_LEFT_Y":"9260868.584","LOWER_RIGHT_X":"559971.833","LOWER_RIGHT_Y":"9259866.084"},"geometry":{"type":"Polygon","coordinates":[[[-62.466459898910045,-6.686560525509282],[-62.457389798392214,-6.686550609143946],[-62.457379789531466,-6.695618895352999],[-62.466450057334733,-6.69562882528516],[-62.466459898910045,-6.686560525509282]]]}},
{"type":"Feature","properties":{"DESCRIPTION":"MDT_1387241.tif","FILENAME":"U:\\P589_AmazoniaRevelada_BR-319\\LiDAR_dataset\\ENTREGAS\\ENTREGA_09\\2_MDT\\GEOTIFF\\MDT_1387241.tif","SHRT_FNAME":"MDT_1387241.tif","UPPER_LEFT_X":"557968.833","UPPER_LEFT_Y":"9260868.584","LOWER_RIGHT_X":"558971.833","LOWER_RIGHT_Y":"9259866.084"},"geometry":{"type":"Polygon","coordinates":[[[-62.47551191806344,-6.686570255454123],[-62.466437280188451,-6.686560500988072],[-62.466427438195964,-6.695628800730401],[-62.475502243441063,-6.695638568541781],[-62.47551191806344,-6.686570255454123]]]}},
{"type":"Feature","properties":{"DESCRIPTION":"MDT_1387240.tif","FILENAME":"U:\\P589_AmazoniaRevelada_BR-319\\LiDAR_dataset\\ENTREGAS\\ENTREGA_09\\2_MDT\\GEOTIFF\\MDT_1387240.tif","SHRT_FNAME":"MDT_1387240.tif","UPPER_LEFT_X":"556968.833","UPPER_LEFT_Y":"9260868.584","LOWER_RIGHT_X":"557971.333","LOWER_RIGHT_Y":"9259866.084"},"geometry":{"type":"Polygon","coordinates":[[[-62.484559426814144,-6.686579814189151],[-62.47548929930818,-6.686570231348884],[-62.475479624268644,-6.695638544403563],[-62.484549919062502,-6.695648140354351],[-62.484559426814144,-6.686579814189151]]]}},
{"type":"Feature","properties":{"DESCRIPTION":"MDT_1387239.tif","FILENAME":"U:\\P589_AmazoniaRevelada_BR-319\\LiDAR_dataset\\ENTREGAS\\ENTREGA_09\\2_MDT\\GEOTIFF\\MDT_1387239.tif","SHRT_FNAME":"MDT_1387239.tif","UPPER_LEFT_X":"555968.833","UPPER_LEFT_Y":"9260868.584","LOWER_RIGHT_X":"556971.333","LOWER_RIGHT_Y":"9259866.084"},"geometry":{"type":"Polygon","coordinates":[[[-62.493606948676401,-6.686589206617294],[-62.484536808025837,-6.686579790499677],[-62.484527299857,-6.695648116632467],[-62.493597607796652,-6.695657545632507],[-62.493606948676401,-6.686589206617294]]]}},
{"type":"Feature","properties":{"DESCRIPTION":"MDT_1387238.tif","FILENAME":"U:\\P589_AmazoniaRevelada_BR-319\\LiDAR_dataset\\ENTREGAS\\ENTREGA_09\\2_MDT\\GEOTIFF\\MDT_1387238.tif","SHRT_FNAME":"MDT_1387238.tif","UPPER_LEFT_X":"554968.833","UPPER_LEFT_Y":"9260868.584","LOWER_RIGHT_X":"555971.333","LOWER_RIGHT_Y":"9259866.084"},"geometry":{"type":"Polygon","coordinates":[[[-62.502654483420052,-6.686598432737385],[-62.493584329855587,-6.686589183343587],[-62.493574988558663,-6.695657522326961],[-62.502645309413388,-6.695666784375084],[-62.502654483420052,-6.686598432737385]]]}},
{"type":"Feature","properties":{"DESCRIPTION":"MDT_1387237.tif","FILENAME":"U:\\P589_AmazoniaRevelada_BR-319\\LiDAR_dataset\\ENTREGAS\\ENTREGA_09\\2_MDT\\GEOTIFF\\MDT_1387237.tif","SHRT_FNAME":"MDT_1387237.tif","UPPER_LEFT_X":"553968.833","UPPER_LEFT_Y":"9260868.584","LOWER_RIGHT_X":"554971.333","LOWER_RIGHT_Y":"9259866.084"},"geometry":{"type":"Polygon","coordinates":[[[-62.511702030815002,-6.686607492548281],[-62.502631864567334,-6.68659840987945],[-62.502622690143475,-6.695666761485877],[-62.511693023682554,-6.695675856580933],[-62.511702030815002,-6.686607492548281]]]}},
{"type":"Feature","properties":{"DESCRIPTION":"MDT_1387236.tif","FILENAME":"U:\\P589_AmazoniaRevelada_BR-319\\LiDAR_dataset\\ENTREGAS\\ENTREGA_09\\2_MDT\\GEOTIFF\\MDT_1387236.tif","SHRT_FNAME":"MDT_1387236.tif","UPPER_LEFT_X":"552968.333","UPPER_LEFT_Y":"9260868.584","LOWER_RIGHT_X":"553971.333","LOWER_RIGHT_Y":"9259866.084"},"geometry":{"type":"Polygon","coordinates":[[[-62.520754114414089,-6.686616390454009],[-62.511679411930928,-6.68660747010612],[-62.511670404381299,-6.695675834108069],[-62.520745274240426,-6.695684766660107],[-62.520754114414089,-6.686616390454009]]]}},
{"type":"Feature","properties":{"DESCRIPTION":"MDT_1387235.tif","FILENAME":"U:\\P589_AmazoniaRevelada_BR-319\\LiDAR_dataset\\ENTREGAS\\ENTREGA_09\\2_MDT\\GEOTIFF\\MDT_1387235.tif","SHRT_FNAME":"MDT_1387235.tif","UPPER_LEFT_X":"551968.333","UPPER_LEFT_Y":"9260868.584","LOWER_RIGHT_X":"552970.833","LOWER_RIGHT_Y":"9259866.084"},"geometry":{"type":"Polygon","coordinates":[[[-62.529801686427263,-6.686625117560003],[-62.520731495499234,-6.686616368427835],[-62.52072265490839,-6.695684744603798],[-62.529793013130067,-6.695693505705875],[-62.529801686427263,-6.686625117560003]]]}},
{"type":"Feature","properties":{"DESCRIPTION":"MDT_1387234.tif","FILENAME":"U:\\P589_AmazoniaRevelada_BR-319\\LiDAR_dataset\\ENTREGAS\\ENTREGA_09\\2_MDT\\GEOTIFF\\MDT_1387234.tif","SHRT_FNAME":"MDT_1387234.tif","UPPER_LEFT_X":"550968.333","UPPER_LEFT_Y":"9260868.584","LOWER_RIGHT_X":"551970.833","LOWER_RIGHT_Y":"9259866.084"},"geometry":{"type":"Polygon","coordinates":[[[-62.538849270401236,-6.686633678353491],[-62.529779067482217,-6.686625095949609],[-62.529770393767834,-6.695693484065915],[-62.538840763981582,-6.695702078211598],[-62.538849270401236,-6.686633678353491]]]}},
{"type":"Feature","properties":{"DESCRIPTION":"MDT_1387233.tif","FILENAME":"U:\\P589_AmazoniaRevelada_BR-319\\LiDAR_dataset\\ENTREGAS\\ENTREGA_09\\2_MDT\\GEOTIFF\\MDT_1387233.tif","SHRT_FNAME":"MDT_1387233.tif","UPPER_LEFT_X":"549968.333","UPPER_LEFT_Y":"9260868.584","LOWER_RIGHT_X":"550970.833","LOWER_RIGHT_Y":"9259866.084"},"geometry":{"type":"Polygon","coordinates":[[[-62.547896866105866,-6.686642072833406],[-62.538826651426582,-6.686633657158878],[-62.538818144589733,-6.695702056987989],[-62.547888526564833,-6.695710484176213],[-62.547896866105866,-6.686642072833406]]]}},
{"type":"Feature","properties":{"DESCRIPTION":"MDT_1387232.tif","FILENAME":"U:\\P589_AmazoniaRevelada_BR-319\\LiDAR_dataset\\ENTREGAS\\ENTREGA_09\\2_MDT\\GEOTIFF\\MDT_1387232.tif","SHRT_FNAME":"MDT_1387232.tif","UPPER_LEFT_X":"548968.333","UPPER_LEFT_Y":"9260868.584","LOWER_RIGHT_X":"549970.833","LOWER_RIGHT_Y":"9259866.084"},"geometry":{"type":"Polygon","coordinates":[[[-62.556944473311042,-6.686650300998707],[-62.547874247102172,-6.686642052054579],[-62.547865907143937,-6.695710463368958],[-62.556936300649653,-6.695718723598675],[-62.556944473311042,-6.686650300998707]]]}},
{"type":"Feature","properties":{"DESCRIPTION":"MDT_1387231.tif","FILENAME":"U:\\P589_AmazoniaRevelada_BR-319\\LiDAR_dataset\\ENTREGAS\\ENTREGA_09\\2_MDT\\GEOTIFF\\MDT_1387231.tif","SHRT_FNAME":"MDT_1387231.tif","UPPER_LEFT_X":"547967.833","UPPER_LEFT_Y":"9260868.584","LOWER_RIGHT_X":"548970.833","LOWER_RIGHT_Y":"9259866.084"},"geometry":{"type":"Polygon","coordinates":[[[-62.565996615598628,-6.686658366837701],[-62.556921854278883,-6.686650280635669],[-62.556913681200292,-6.695718703207779],[-62.56598860990136,-6.695726800472745],[-62.565996615598628,-6.686658366837701]]]}},
{"type":"Feature","properties":{"DESCRIPTION":"MDT_1387230.tif","FILENAME":"U:\\P589_AmazoniaRevelada_BR-319\\LiDAR_dataset\\ENTREGAS\\ENTREGA_09\\2_MDT\\GEOTIFF\\MDT_1387230.tif","SHRT_FNAME":"MDT_1387230.tif","UPPER_LEFT_X":"546967.833","UPPER_LEFT_Y":"9260868.584","LOWER_RIGHT_X":"547970.333","LOWER_RIGHT_Y":"9259866.084"},"geometry":{"type":"Polygon","coordinates":[[[-62.575044245119926,-6.686666262287575],[-62.56597399653856,-6.686658346890661],[-62.56596599042409,-6.695726780498415],[-62.575036406304335,-6.695734706724584],[-62.575044245119926,-6.686666262287575]]]}},
{"type":"Feature","properties":{"DESCRIPTION":"MDT_1387229.tif","FILENAME":"U:\\P589_AmazoniaRevelada_BR-319\\LiDAR_dataset\\ENTREGAS\\ENTREGA_09\\2_MDT\\GEOTIFF\\MDT_1387229.tif","SHRT_FNAME":"MDT_1387229.tif","UPPER_LEFT_X":"545967.833","UPPER_LEFT_Y":"9260868.584","LOWER_RIGHT_X":"546970.333","LOWER_RIGHT_Y":"9259866.084"},"geometry":{"type":"Polygon","coordinates":[[[-62.584091885451237,-6.686673991419833],[-62.575021626032552,-6.686666242756326],[-62.575013786799751,-6.695734687166616],[-62.58408421351831,-6.695742446431264],[-62.584091885451237,-6.686673991419833]]]}},
{"type":"Feature","properties":{"DESCRIPTION":"MDT_1387228.tif","FILENAME":"U:\\P589_AmazoniaRevelada_BR-319\\LiDAR_dataset\\ENTREGAS\\ENTREGA_09\\2_MDT\\GEOTIFF\\MDT_1387228.tif","SHRT_FNAME":"MDT_1387228.tif","UPPER_LEFT_X":"544967.833","UPPER_LEFT_Y":"9260868.584","LOWER_RIGHT_X":"545970.333","LOWER_RIGHT_Y":"9259866.084"},"geometry":{"type":"Polygon","coordinates":[[[-62.593139536362436,-6.686681554233513],[-62.584069266337124,-6.68667397230438],[-62.584061593986995,-6.695742427289658],[-62.593132031313125,-6.695750019591823],[-62.593139536362436,-6.686681554233513]]]}},
{"type":"Feature","properties":{"DESCRIPTION":"MDT_1387227.tif","FILENAME":"U:\\P589_AmazoniaRevelada_BR-319\\LiDAR_dataset\\ENTREGAS\\ENTREGA_09\\2_MDT\\GEOTIFF\\MDT_1387227.tif","SHRT_FNAME":"MDT_1387227.tif","UPPER_LEFT_X":"543967.833","UPPER_LEFT_Y":"9260868.584","LOWER_RIGHT_X":"544970.333","LOWER_RIGHT_Y":"9259866.084"},"geometry":{"type":"Polygon","coordinates":[[[-62.60218719762338,-6.686688950727682],[-62.593116917222154,-6.686681535533859],[-62.593109411755641,-6.695750000866584],[-62.602179859458623,-6.695757426205321],[-62.60218719762338,-6.686688950727682]]]}},
{"type":"Feature","properties":{"DESCRIPTION":"MDT_1387226.tif","FILENAME":"U:\\P589_AmazoniaRevelada_BR-319\\LiDAR_dataset\\ENTREGAS\\ENTREGA_09\\2_MDT\\GEOTIFF\\MDT_1387226.tif","SHRT_FNAME":"MDT_1387226.tif","UPPER_LEFT_X":"542967.833","UPPER_LEFT_Y":"9260868.584","LOWER_RIGHT_X":"543970.333","LOWER_RIGHT_Y":"9259866.084"},"geometry":{"type":"Polygon","coordinates":[[[-62.611234869003916,-6.686696180901417],[-62.602164578457511,-6.686688932443825],[-62.602157239875552,-6.695757407896451],[-62.611227697724644,-6.695764666270841],[-62.611234869003916,-6.686696180901417]]]}},
{"type":"Feature","properties":{"DESCRIPTION":"MDT_1387225.tif","FILENAME":"U:\\P589_AmazoniaRevelada_BR-319\\LiDAR_dataset\\ENTREGAS\\ENTREGA_09\\2_MDT\\GEOTIFF\\MDT_1387225.tif","SHRT_FNAME":"MDT_1387225.tif","UPPER_LEFT_X":"541967.333","UPPER_LEFT_Y":"9260868.584","LOWER_RIGHT_X":"542970.333","LOWER_RIGHT_Y":"9259866.084"},"geometry":{"type":"Polygon","coordinates":[[[-62.620287074116973,-6.686703248244145],[-62.611212249813036,-6.686696163033363],[-62.611205078116555,-6.695764648378342],[-62.620280069807535,-6.695771743282581],[-62.620287074116973,-6.686703248244145]]]}},
{"type":"Feature","properties":{"DESCRIPTION":"MDT_1387224.tif","FILENAME":"U:\\P589_AmazoniaRevelada_BR-319\\LiDAR_dataset\\ENTREGAS\\ENTREGA_09\\2_MDT\\GEOTIFF\\MDT_1387224.tif","SHRT_FNAME":"MDT_1387224.tif","UPPER_LEFT_X":"540967.333","UPPER_LEFT_Y":"9260868.584","LOWER_RIGHT_X":"541969.833","LOWER_RIGHT_Y":"9259866.084"},"geometry":{"type":"Polygon","coordinates":[[[-62.629334765051063,-6.686710145691182],[-62.620264454901658,-6.686703230792105],[-62.620257450174996,-6.695771725806665],[-62.629327927628879,-6.695778650166191],[-62.629334765051063,-6.686710145691182]]]}},
{"type":"Feature","properties":{"DESCRIPTION":"MDT_1387223.tif","FILENAME":"U:\\P589_AmazoniaRevelada_BR-319\\LiDAR_dataset\\ENTREGAS\\ENTREGA_09\\2_MDT\\GEOTIFF\\MDT_1387223.tif","SHRT_FNAME":"MDT_1387223.tif","UPPER_LEFT_X":"539967.333","UPPER_LEFT_Y":"9260868.584","LOWER_RIGHT_X":"540969.833","LOWER_RIGHT_Y":"9259866.084"},"geometry":{"type":"Polygon","coordinates":[[[-62.638382465414217,-6.686716876815154],[-62.62931214581188,-6.686710128654949],[-62.629305307972473,-6.69577863310665],[-62.63837579488014,-6.695785390499185],[-62.638382465414217,-6.686716876815154]]]}},
{"type":"Feature","properties":{"DESCRIPTION":"MDT_1387222.tif","FILENAME":"U:\\P589_AmazoniaRevelada_BR-319\\LiDAR_dataset\\ENTREGAS\\ENTREGA_09\\2_MDT\\GEOTIFF\\MDT_1387222.tif","SHRT_FNAME":"MDT_1387222.tif","UPPER_LEFT_X":"538967.333","UPPER_LEFT_Y":"9260868.584","LOWER_RIGHT_X":"539969.833","LOWER_RIGHT_Y":"9259866.084"},"geometry":{"type":"Polygon","coordinates":[[[-62.647430174976279,-6.686723441615226],[-62.638359846151751,-6.686716860194729],[-62.638353175200443,-6.695785373856022],[-62.647423671331147,-6.695791964280731],[-62.647430174976279,-6.686723441615226]]]}},
{"type":"Feature","properties":{"DESCRIPTION":"MDT_1387221.tif","FILENAME":"U:\\P589_AmazoniaRevelada_BR-319\\LiDAR_dataset\\ENTREGAS\\ENTREGA_09\\2_MDT\\GEOTIFF\\MDT_1387221.tif","SHRT_FNAME":"MDT_1387221.tif","UPPER_LEFT_X":"537967.333","UPPER_LEFT_Y":"9260868.584","LOWER_RIGHT_X":"538969.833","LOWER_RIGHT_Y":"9259866.084"},"geometry":{"type":"Polygon","coordinates":[[[-62.65647789350713,-6.686729840090585],[-62.647407555691103,-6.686723425410612],[-62.647401051628734,-6.695791948053945],[-62.656471556751747,-6.695798371510006],[-62.65647789350713,-6.686729840090585]]]}},
{"type":"Feature","properties":{"DESCRIPTION":"MDT_1387220.tif","FILENAME":"U:\\P589_AmazoniaRevelada_BR-319\\LiDAR_dataset\\ENTREGAS\\ENTREGA_09\\2_MDT\\GEOTIFF\\MDT_1387220.tif","SHRT_FNAME":"MDT_1387220.tif","UPPER_LEFT_X":"536966.833","UPPER_LEFT_Y":"9260868.584","LOWER_RIGHT_X":"537969.833","LOWER_RIGHT_Y":"9259866.084"},"geometry":{"type":"Polygon","coordinates":[[[-62.665530144642368,-6.686736075314906],[-62.6564552741998,-6.686729824301785],[-62.656448937027207,-6.695798355699603],[-62.665523974860989,-6.695804615264899],[-62.665530144642368,-6.686736075314906]]]}},
{"type":"Feature","properties":{"DESCRIPTION":"MDT_1387219.tif","FILENAME":"U:\\P589_AmazoniaRevelada_BR-319\\LiDAR_dataset\\ENTREGAS\\ENTREGA_09\\2_MDT\\GEOTIFF\\MDT_1387219.tif","SHRT_FNAME":"MDT_1387219.tif","UPPER_LEFT_X":"535966.833","UPPER_LEFT_Y":"9260868.584","LOWER_RIGHT_X":"536969.333","LOWER_RIGHT_Y":"9259866.084"},"geometry":{"type":"Polygon","coordinates":[[[-62.674577880424494,-6.68674214105531],[-62.66550752531348,-6.686736059942128],[-62.665501355114877,-6.695804599871088],[-62.67457187753444,-6.695810689303998],[-62.674577880424494,-6.68674214105531]]]}},
{"type":"Feature","properties":{"DESCRIPTION":"MDT_1387218.tif","FILENAME":"U:\\P589_AmazoniaRevelada_BR-319\\LiDAR_dataset\\ENTREGAS\\ENTREGA_09\\2_MDT\\GEOTIFF\\MDT_1387218.tif","SHRT_FNAME":"MDT_1387218.tif","UPPER_LEFT_X":"534966.833","UPPER_LEFT_Y":"9260868.584","LOWER_RIGHT_X":"535969.333","LOWER_RIGHT_Y":"9259866.084"},"geometry":{"type":"Polygon","coordinates":[[[-62.68362562448484,-6.686748040468678],[-62.674555261074623,-6.686742126098348],[-62.674549257767346,-6.695810674326572],[-62.683619788486865,-6.695816596788504],[-62.68362562448484,-6.686748040468678]]]}},
{"type":"Feature","properties":{"DESCRIPTION":"MDT_1387217.tif","FILENAME":"U:\\P589_AmazoniaRevelada_BR-319\\LiDAR_dataset\\ENTREGAS\\ENTREGA_09\\2_MDT\\GEOTIFF\\MDT_1387217.tif","SHRT_FNAME":"MDT_1387217.tif","UPPER_LEFT_X":"533966.833","UPPER_LEFT_Y":"9260868.584","LOWER_RIGHT_X":"534969.333","LOWER_RIGHT_Y":"9259866.084"},"geometry":{"type":"Polygon","coordinates":[[[-62.692673376593248,-6.686753773554277],[-62.683603005114563,-6.686748025927534],[-62.683597168699364,-6.695816582227466],[-62.692667707488084,-6.695822337717686],[-62.692673376593248,-6.686753773554277]]]}},
{"type":"Feature","properties":{"DESCRIPTION":"MDT_1387216.tif","FILENAME":"U:\\P589_AmazoniaRevelada_BR-319\\LiDAR_dataset\\ENTREGAS\\ENTREGA_09\\2_MDT\\GEOTIFF\\MDT_1387216.tif","SHRT_FNAME":"MDT_1387216.tif","UPPER_LEFT_X":"532966.833","UPPER_LEFT_Y":"9260868.584","LOWER_RIGHT_X":"533969.333","LOWER_RIGHT_Y":"9259866.084"},"geometry":{"type":"Polygon","coordinates":[[[-62.701721136519573,-6.686759340311399],[-62.69265075720314,-6.686753759428955],[-62.692645087680738,-6.695822323573037],[-62.701715634307924,-6.69582791209083],[-62.701721136519573,-6.686759340311399]]]}},
{"type":"Feature","properties":{"DESCRIPTION":"MDT_1387215.tif","FILENAME":"U:\\P589_AmazoniaRevelada_BR-319\\LiDAR_dataset\\ENTREGAS\\ENTREGA_09\\2_MDT\\GEOTIFF\\MDT_1387215.tif","SHRT_FNAME":"MDT_1387215.tif","UPPER_LEFT_X":"531966.333","UPPER_LEFT_Y":"9260868.584","LOWER_RIGHT_X":"532969.333","LOWER_RIGHT_Y":"9259866.084"},"geometry":{"type":"Polygon","coordinates":[[[-62.710773427919264,-6.686764743397957],[-62.701698517110202,-6.686759326601896],[-62.701693014481314,-6.695827898362571],[-62.710768092685271,-6.695833322569491],[-62.710773427919264,-6.686764743397957]]]}},
{"type":"Feature","properties":{"DESCRIPTION":"MDT_1387214.tif","FILENAME":"U:\\P589_AmazoniaRevelada_BR-319\\LiDAR_dataset\\ENTREGAS\\ENTREGA_09\\2_MDT\\GEOTIFF\\MDT_1387214.tif","SHRT_FNAME":"MDT_1387214.tif","UPPER_LEFT_X":"530966.333","UPPER_LEFT_Y":"9260868.584","LOWER_RIGHT_X":"531968.833","LOWER_RIGHT_Y":"9259866.084"},"geometry":{"type":"Polygon","coordinates":[[[-62.71982120279457,-6.686769977412898],[-62.710750808491206,-6.686764730104487],[-62.71074547283996,-6.695833309257833],[-62.719816034455448,-6.695838563745223],[-62.71982120279457,-6.686769977412898]]]}},
{"type":"Feature","properties":{"DESCRIPTION":"MDT_1387213.tif","FILENAME":"U:\\P589_AmazoniaRevelada_BR-319\\LiDAR_dataset\\ENTREGAS\\ENTREGA_09\\2_MDT\\GEOTIFF\\MDT_1387213.tif","SHRT_FNAME":"MDT_1387213.tif","UPPER_LEFT_X":"529966.333","UPPER_LEFT_Y":"9260868.584","LOWER_RIGHT_X":"530968.833","LOWER_RIGHT_Y":"9259866.084"},"geometry":{"type":"Polygon","coordinates":[[[-62.728868984797217,-6.68677504509735],[-62.719798583348407,-6.686769964535253],[-62.719793414592033,-6.69583855084996],[-62.728863983353605,-6.695843638362905],[-62.728868984797217,-6.68677504509735]]]}},
{"type":"Feature","properties":{"DESCRIPTION":"MDT_1387212.tif","FILENAME":"U:\\P589_AmazoniaRevelada_BR-319\\LiDAR_dataset\\ENTREGAS\\ENTREGA_09\\2_MDT\\GEOTIFF\\MDT_1387212.tif","SHRT_FNAME":"MDT_1387212.tif","UPPER_LEFT_X":"528966.333","UPPER_LEFT_Y":"9260868.584","LOWER_RIGHT_X":"529968.833","LOWER_RIGHT_Y":"9259866.084"},"geometry":{"type":"Polygon","coordinates":[[[-62.73791677369703,-6.686779946450678],[-62.728846365333503,-6.686775032635532],[-62.728841363472661,-6.695843625884037],[-62.737911939149569,-6.695848546421901],[-62.73791677369703,-6.686779946450678]]]}},
{"type":"Feature","properties":{"DESCRIPTION":"MDT_1387211.tif","FILENAME":"U:\\P589_AmazoniaRevelada_BR-319\\LiDAR_dataset\\ENTREGAS\\ENTREGA_09\\2_MDT\\GEOTIFF\\MDT_1387211.tif","SHRT_FNAME":"MDT_1387211.tif","UPPER_LEFT_X":"527966.333","UPPER_LEFT_Y":"9260868.584","LOWER_RIGHT_X":"528968.833","LOWER_RIGHT_Y":"9259866.084"},"geometry":{"type":"Polygon","coordinates":[[[-62.746964569263881,-6.686784681472277],[-62.737894154216377,-6.68677993440469],[-62.737889319251678,-6.695848534359433],[-62.746959901613174,-6.695853287921607],[-62.746964569263881,-6.686784681472277]]]}},
{"type":"Feature","properties":{"DESCRIPTION":"MDT_1387210.tif","FILENAME":"U:\\P589_AmazoniaRevelada_BR-319\\LiDAR_dataset\\ENTREGAS\\ENTREGA_09\\2_MDT\\GEOTIFF\\MDT_1387210.tif","SHRT_FNAME":"MDT_1387210.tif","UPPER_LEFT_X":"526965.833","UPPER_LEFT_Y":"9260868.584","LOWER_RIGHT_X":"527968.833","LOWER_RIGHT_Y":"9259866.084"},"geometry":{"type":"Polygon","coordinates":[[[-62.75601689517017,-6.686789252404302],[-62.746941949766835,-6.686784669842121],[-62.746937281698891,-6.695853276275537],[-62.756012394500246,-6.695857865107242],[-62.75601689517017,-6.686789252404302]]]}},
{"type":"Feature","properties":{"DESCRIPTION":"MDT_1387209.tif","FILENAME":"U:\\P589_AmazoniaRevelada_BR-319\\LiDAR_dataset\\ENTREGAS\\ENTREGA_09\\2_MDT\\GEOTIFF\\MDT_1387209.tif","SHRT_FNAME":"MDT_1387209.tif","UPPER_LEFT_X":"525965.833","UPPER_LEFT_Y":"9260868.584","LOWER_RIGHT_X":"526968.333","LOWER_RIGHT_Y":"9259866.084"},"geometry":{"type":"Polygon","coordinates":[[[-62.765064703383636,-6.686793654677533],[-62.755994275657315,-6.686789241190183],[-62.755989774570146,-6.69585785387778],[-62.765060369611618,-6.695862273403338],[-62.765064703383636,-6.686793654677533]]]}},
{"type":"Feature","properties":{"DESCRIPTION":"MDT_1387208.tif","FILENAME":"U:\\P589_AmazoniaRevelada_BR-319\\LiDAR_dataset\\ENTREGAS\\ENTREGA_09\\2_MDT\\GEOTIFF\\MDT_1387208.tif","SHRT_FNAME":"MDT_1387208.tif","UPPER_LEFT_X":"524965.833","UPPER_LEFT_Y":"9260868.584","LOWER_RIGHT_X":"525968.333","LOWER_RIGHT_Y":"9259866.084"},"geometry":{"type":"Polygon","coordinates":[[[-62.774112517573549,-6.686797890617335],[-62.765042083855555,-6.686793643879248],[-62.765037749666291,-6.695862262590279],[-62.774108350699969,-6.695866515138438],[-62.774112517573549,-6.686797890617335]]]}},
{"type":"Feature","properties":{"DESCRIPTION":"MDT_1387207.tif","FILENAME":"U:\\P589_AmazoniaRevelada_BR-319\\LiDAR_dataset\\ENTREGAS\\ENTREGA_09\\2_MDT\\GEOTIFF\\MDT_1387207.tif","SHRT_FNAME":"MDT_1387207.tif","UPPER_LEFT_X":"523965.833","UPPER_LEFT_Y":"9260868.584","LOWER_RIGHT_X":"524968.333","LOWER_RIGHT_Y":"9259866.084"},"geometry":{"type":"Polygon","coordinates":[[[-62.783160337509742,-6.68680196022318],[-62.774089898030823,-6.686797880234884],[-62.774085730739991,-6.695866504741783],[-62.783156337535132,-6.695870590312016],[-62.783160337509742,-6.68680196022318]]]}},
{"type":"Feature","properties":{"DESCRIPTION":"MDT_1387206.tif","FILENAME":"U:\\P589_AmazoniaRevelada_BR-319\\LiDAR_dataset\\ENTREGAS\\ENTREGA_09\\2_MDT\\GEOTIFF\\MDT_1387206.tif","SHRT_FNAME":"MDT_1387206.tif","UPPER_LEFT_X":"522965.833","UPPER_LEFT_Y":"9260868.584","LOWER_RIGHT_X":"523968.333","LOWER_RIGHT_Y":"9259866.084"},"geometry":{"type":"Polygon","coordinates":[[[-62.792208162962048,-6.686805863494561],[-62.783137717952933,-6.686801950256563],[-62.783133717561057,-6.695870580331766],[-62.7922043298869,-6.695874498923565],[-62.792208162962048,-6.686805863494561]]]}},
{"type":"Feature","properties":{"DESCRIPTION":"MDT_1387205.tif","FILENAME":"U:\\P589_AmazoniaRevelada_BR-319\\LiDAR_dataset\\ENTREGAS\\ENTREGA_09\\2_MDT\\GEOTIFF\\MDT_1387205.tif","SHRT_FNAME":"MDT_1387205.tif","UPPER_LEFT_X":"521965.833","UPPER_LEFT_Y":"9260868.584","LOWER_RIGHT_X":"522968.333","LOWER_RIGHT_Y":"9259866.084"},"geometry":{"type":"Polygon","coordinates":[[[-62.801255993700316,-6.686809600430997],[-62.792185543391724,-6.686805853943783],[-62.792181709899332,-6.695874489359721],[-62.801252327525113,-6.695878240972601],[-62.801255993700316,-6.686809600430997]]]}},
{"type":"Feature","properties":{"DESCRIPTION":"MDT_1387204.tif","FILENAME":"U:\\P589_AmazoniaRevelada_BR-319\\LiDAR_dataset\\ENTREGAS\\ENTREGA_09\\2_MDT\\GEOTIFF\\MDT_1387204.tif","SHRT_FNAME":"MDT_1387204.tif","UPPER_LEFT_X":"520965.759","UPPER_LEFT_Y":"9260868.333","LOWER_RIGHT_X":"521967.759","LOWER_RIGHT_Y":"9259866.333"},"geometry":{"type":"Polygon","coordinates":[[[-62.810304494350234,-6.686815448010673],[-62.801238562847253,-6.686811870112813],[-62.801234898179196,-6.695875987632047],[-62.810300996832964,-6.695879570422482],[-62.810304494350234,-6.686815448010673]]]}},
{"type":"Feature","properties":{"DESCRIPTION":"MDT_1387203.tif","FILENAME":"U:\\P589_AmazoniaRevelada_BR-319\\LiDAR_dataset\\ENTREGAS\\ENTREGA_09\\2_MDT\\GEOTIFF\\MDT_1387203.tif","SHRT_FNAME":"MDT_1387203.tif","UPPER_LEFT_X":"519965.333","UPPER_LEFT_Y":"9260868.584","LOWER_RIGHT_X":"520967.833","LOWER_RIGHT_Y":"9259866.084"},"geometry":{"type":"Polygon","coordinates":[[[-62.819356194035549,-6.686816576957719],[-62.810285733817899,-6.686813164056823],[-62.810282234209282,-6.695881809473917],[-62.819352861745038,-6.695885227044093],[-62.819356194035549,-6.686816576957719]]]}},
{"type":"Feature","properties":{"DESCRIPTION":"MDT_1387202.tif","FILENAME":"U:\\P589_AmazoniaRevelada_BR-319\\LiDAR_dataset\\ENTREGAS\\ENTREGA_09\\2_MDT\\GEOTIFF\\MDT_1387202.tif","SHRT_FNAME":"MDT_1387202.tif","UPPER_LEFT_X":"518965.333","UPPER_LEFT_Y":"9260868.584","LOWER_RIGHT_X":"519967.833","LOWER_RIGHT_Y":"9259866.084"},"geometry":{"type":"Polygon","coordinates":[[[-62.828404039252966,-6.686819814803446],[-62.819333574428171,-6.686816568654665],[-62.819330241720408,-6.695885218729678],[-62.8284008738637,-6.695888469319599],[-62.828404039252966,-6.686819814803446]]]}},
{"type":"Feature","properties":{"DESCRIPTION":"MDT_1387201.tif","FILENAME":"U:\\P589_AmazoniaRevelada_BR-319\\LiDAR_dataset\\ENTREGAS\\ENTREGA_09\\2_MDT\\GEOTIFF\\MDT_1387201.tif","SHRT_FNAME":"MDT_1387201.tif","UPPER_LEFT_X":"517965.333","UPPER_LEFT_Y":"9260868.584","LOWER_RIGHT_X":"518967.833","LOWER_RIGHT_Y":"9259866.084"},"geometry":{"type":"Polygon","coordinates":[[[-62.837451888835567,-6.686822886312492],[-62.828381419634376,-6.686819806916232],[-62.828378253827879,-6.695888461421595],[-62.837448890347972,-6.69589154503086],[-62.837451888835567,-6.686822886312492]]]}},
{"type":"Feature","properties":{"DESCRIPTION":"MDT_1387200.tif","FILENAME":"U:\\P589_AmazoniaRevelada_BR-319\\LiDAR_dataset\\ENTREGAS\\ENTREGA_09\\2_MDT\\GEOTIFF\\MDT_1387200.tif","SHRT_FNAME":"MDT_1387200.tif","UPPER_LEFT_X":"516965.333","UPPER_LEFT_Y":"9260868.584","LOWER_RIGHT_X":"517967.833","LOWER_RIGHT_Y":"9259866.084"},"geometry":{"type":"Polygon","coordinates":[[[-62.846499742553192,-6.68682579148448],[-62.837429269206353,-6.686822878841121],[-62.837426270301499,-6.695891537549265],[-62.846496910967637,-6.695894454177487],[-62.846499742553192,-6.68682579148448]]]}},
{"type":"Feature","properties":{"DESCRIPTION":"MDT_1387199.tif","FILENAME":"U:\\P589_AmazoniaRevelada_BR-319\\LiDAR_dataset\\ENTREGAS\\ENTREGA_09\\2_MDT\\GEOTIFF\\MDT_1387199.tif","SHRT_FNAME":"MDT_1387199.tif","UPPER_LEFT_X":"515964.833","UPPER_LEFT_Y":"9260868.584","LOWER_RIGHT_X":"516967.833","LOWER_RIGHT_Y":"9259866.084"},"geometry":{"type":"Polygon","coordinates":[[[-62.855552124105451,-6.686828531646857],[-62.846477122913932,-6.686825784428951],[-62.846474290911111,-6.695894447112305],[-62.855549459505717,-6.695897198088754],[-62.855552124105451,-6.686828531646857]]]}},
{"type":"Feature","properties":{"DESCRIPTION":"MDT_1387198.tif","FILENAME":"U:\\P589_AmazoniaRevelada_BR-319\\LiDAR_dataset\\ENTREGAS\\ENTREGA_09\\2_MDT\\GEOTIFF\\MDT_1387198.tif","SHRT_FNAME":"MDT_1387198.tif","UPPER_LEFT_X":"514964.833","UPPER_LEFT_Y":"9260868.584","LOWER_RIGHT_X":"515967.333","LOWER_RIGHT_Y":"9259866.084"},"geometry":{"type":"Polygon","coordinates":[[[-62.864599985404425,-6.686831104060494],[-62.855529504456712,-6.686828525007381],[-62.855526839439719,-6.695897191440193],[-62.864597487707421,-6.695899774021775],[-62.864599985404425,-6.686831104060494]]]}},
{"type":"Feature","properties":{"DESCRIPTION":"MDT_1387197.tif","FILENAME":"U:\\P589_AmazoniaRevelada_BR-319\\LiDAR_dataset\\ENTREGAS\\ENTREGA_09\\2_MDT\\GEOTIFF\\MDT_1387197.tif","SHRT_FNAME":"MDT_1387197.tif","UPPER_LEFT_X":"513964.833","UPPER_LEFT_Y":"9260868.584","LOWER_RIGHT_X":"514967.333","LOWER_RIGHT_Y":"9259866.084"},"geometry":{"type":"Polygon","coordinates":[[[-62.873647850147826,-6.686833510136049],[-62.864577365746783,-6.686831097836863],[-62.86457486763252,-6.69589976778963],[-62.87364551935385,-6.695902183389147],[-62.873647850147826,-6.686833510136049]]]}},
{"type":"Feature","properties":{"DESCRIPTION":"MDT_1387196.tif","FILENAME":"U:\\P589_AmazoniaRevelada_BR-319\\LiDAR_dataset\\ENTREGAS\\ENTREGA_09\\2_MDT\\GEOTIFF\\MDT_1387196.tif","SHRT_FNAME":"MDT_1387196.tif","UPPER_LEFT_X":"512964.833","UPPER_LEFT_Y":"9260868.584","LOWER_RIGHT_X":"513967.333","LOWER_RIGHT_Y":"9259866.084"},"geometry":{"type":"Polygon","coordinates":[[[-62.882695718105488,-6.686835749873228],[-62.873625230481863,-6.686833504328264],[-62.873622899270636,-6.695902177573416],[-62.882693554214825,-6.695904426190566],[-62.882695718105488,-6.686835749873228]]]}},
{"type":"Feature","properties":{"DESCRIPTION":"MDT_1387195.tif","FILENAME":"U:\\P589_AmazoniaRevelada_BR-319\\LiDAR_dataset\\ENTREGAS\\ENTREGA_09\\2_MDT\\GEOTIFF\\MDT_1387195.tif","SHRT_FNAME":"MDT_1387195.tif","UPPER_LEFT_X":"511964.833","UPPER_LEFT_Y":"9260868.584","LOWER_RIGHT_X":"512967.333","LOWER_RIGHT_Y":"9259866.084"},"geometry":{"type":"Polygon","coordinates":[[[-62.891743589047231,-6.686837823271747],[-62.882673098431773,-6.686835744481288],[-62.882670934123865,-6.695904420791249],[-62.891741592060171,-6.695906502425758],[-62.891743589047231,-6.686837823271747]]]}},
{"type":"Feature","properties":{"DESCRIPTION":"MDT_1387194.tif","FILENAME":"U:\\P589_AmazoniaRevelada_BR-319\\LiDAR_dataset\\ENTREGAS\\ENTREGA_09\\2_MDT\\GEOTIFF\\MDT_1387194.tif","SHRT_FNAME":"MDT_1387194.tif","UPPER_LEFT_X":"510964.807","UPPER_LEFT_Y":"9260868.333","LOWER_RIGHT_X":"511966.807","LOWER_RIGHT_Y":"9259866.333"},"geometry":{"type":"Polygon","coordinates":[[[-62.900791693755046,-6.686842007109185],[-62.891725724272654,-6.686840096072395],[-62.891723727952211,-6.69590425218903],[-62.900789864588866,-6.695906165839054],[-62.900791693755046,-6.686842007109185]]]}},
{"type":"Feature","properties":{"DESCRIPTION":"MDT_1387193.tif","FILENAME":"U:\\P589_AmazoniaRevelada_BR-319\\LiDAR_dataset\\ENTREGAS\\ENTREGA_09\\2_MDT\\GEOTIFF\\MDT_1387193.tif","SHRT_FNAME":"MDT_1387193.tif","UPPER_LEFT_X":"509964.712","UPPER_LEFT_Y":"9260868.333","LOWER_RIGHT_X":"510966.712","LOWER_RIGHT_Y":"9259866.333"},"geometry":{"type":"Polygon","coordinates":[[[-62.909840431377624,-6.686843747983781],[-62.900774459365962,-6.686842003634744],[-62.900772629882013,-6.695906162359863],[-62.90983876904815,-6.695907909094196],[-62.909840431377624,-6.686843747983781]]]}},
{"type":"Feature","properties":{"DESCRIPTION":"MDT_1386251.tif","FILENAME":"U:\\P589_AmazoniaRevelada_BR-319\\LiDAR_dataset\\ENTREGAS\\ENTREGA_09\\2_MDT\\GEOTIFF\\MDT_1386251.tif","SHRT_FNAME":"MDT_1386251.tif","UPPER_LEFT_X":"567969.833","UPPER_LEFT_Y":"9261868.584","LOWER_RIGHT_X":"568972.333","LOWER_RIGHT_Y":"9260866.084"},"geometry":{"type":"Polygon","coordinates":[[[-62.385039854434744,-6.677419950957957],[-62.375970053385906,-6.677408549665095],[-62.375958558599521,-6.6864767071734],[-62.38502852669049,-6.686488124085414],[-62.385039854434744,-6.677419950957957]]]}},
{"type":"Feature","properties":{"DESCRIPTION":"MDT_1386250.tif","FILENAME":"U:\\P589_AmazoniaRevelada_BR-319\\LiDAR_dataset\\ENTREGAS\\ENTREGA_09\\2_MDT\\GEOTIFF\\MDT_1386250.tif","SHRT_FNAME":"MDT_1386250.tif","UPPER_LEFT_X":"566969.833","UPPER_LEFT_Y":"9261868.584","LOWER_RIGHT_X":"567972.333","LOWER_RIGHT_Y":"9260866.084"},"geometry":{"type":"Polygon","coordinates":[[[-62.394087053187157,-6.677431157545326],[-62.385017236457372,-6.677419922733388],[-62.385005908296542,-6.686488095822178],[-62.394075892069885,-6.686499346025197],[-62.394087053187157,-6.677431157545326]]]}},
{"type":"Feature","properties":{"DESCRIPTION":"MDT_1386249.tif","FILENAME":"U:\\P589_AmazoniaRevelada_BR-319\\LiDAR_dataset\\ENTREGAS\\ENTREGA_09\\2_MDT\\GEOTIFF\\MDT_1386249.tif","SHRT_FNAME":"MDT_1386249.tif","UPPER_LEFT_X":"565969.833","UPPER_LEFT_Y":"9261868.584","LOWER_RIGHT_X":"566972.333","LOWER_RIGHT_Y":"9260866.084"},"geometry":{"type":"Polygon","coordinates":[[[-62.403134267351049,-6.677442198065541],[-62.394064435170961,-6.677431129735923],[-62.39405327363712,-6.686499318177697],[-62.403123272862175,-6.686510401670326],[-62.403134267351049,-6.677442198065541]]]}},
{"type":"Feature","properties":{"DESCRIPTION":"MDT_1386248.tif","FILENAME":"U:\\P589_AmazoniaRevelada_BR-319\\LiDAR_dataset\\ENTREGAS\\ENTREGA_09\\2_MDT\\GEOTIFF\\MDT_1386248.tif","SHRT_FNAME":"MDT_1386248.tif","UPPER_LEFT_X":"564969.833","UPPER_LEFT_Y":"9261868.584","LOWER_RIGHT_X":"565972.333","LOWER_RIGHT_Y":"9260866.084"},"geometry":{"type":"Polygon","coordinates":[[[-62.412181496696341,-6.677453072517232],[-62.403111649296612,-6.677442170671307],[-62.403100654391167,-6.686510374238562],[-62.412170668837234,-6.686521291019425],[-62.412181496696341,-6.677453072517232]]]}},
{"type":"Feature","properties":{"DESCRIPTION":"MDT_1386247.tif","FILENAME":"U:\\P589_AmazoniaRevelada_BR-319\\LiDAR_dataset\\ENTREGAS\\ENTREGA_09\\2_MDT\\GEOTIFF\\MDT_1386247.tif","SHRT_FNAME":"MDT_1386247.tif","UPPER_LEFT_X":"563969.833","UPPER_LEFT_Y":"9261868.584","LOWER_RIGHT_X":"564972.333","LOWER_RIGHT_Y":"9260866.084"},"geometry":{"type":"Polygon","coordinates":[[[-62.421228740992966,-6.677463780899049],[-62.412158878604245,-6.677453045538171],[-62.412148050328554,-6.686521264003403],[-62.421218079764955,-6.686532014071145],[-62.421228740992966,-6.677463780899049]]]}},
{"type":"Feature","properties":{"DESCRIPTION":"MDT_1386246.tif","FILENAME":"U:\\P589_AmazoniaRevelada_BR-319\\LiDAR_dataset\\ENTREGAS\\ENTREGA_09\\2_MDT\\GEOTIFF\\MDT_1386246.tif","SHRT_FNAME":"MDT_1386246.tif","UPPER_LEFT_X":"562969.333","UPPER_LEFT_Y":"9261868.584","LOWER_RIGHT_X":"563972.333","LOWER_RIGHT_Y":"9260866.084"},"geometry":{"type":"Polygon","coordinates":[[[-62.430280523643965,-6.677474328439279],[-62.421206122863765,-6.677463754335164],[-62.421195461219185,-6.686531987470866],[-62.430270029131727,-6.686542576060934],[-62.430280523643965,-6.677474328439279]]]}},
{"type":"Feature","properties":{"DESCRIPTION":"MDT_1386245.tif","FILENAME":"U:\\P589_AmazoniaRevelada_BR-319\\LiDAR_dataset\\ENTREGAS\\ENTREGA_09\\2_MDT\\GEOTIFF\\MDT_1386245.tif","SHRT_FNAME":"MDT_1386245.tif","UPPER_LEFT_X":"561969.333","UPPER_LEFT_Y":"9261868.584","LOWER_RIGHT_X":"562971.833","LOWER_RIGHT_Y":"9260866.084"},"geometry":{"type":"Polygon","coordinates":[[[-62.439327797160139,-6.677484704594345],[-62.430257905478229,-6.677474302290783],[-62.430247410549413,-6.686542549876613],[-62.439317469281661,-6.68655296643077],[-62.439327797160139,-6.677484704594345]]]}},
{"type":"Feature","properties":{"DESCRIPTION":"MDT_1386244.tif","FILENAME":"U:\\P589_AmazoniaRevelada_BR-319\\LiDAR_dataset\\ENTREGAS\\ENTREGA_09\\2_MDT\\GEOTIFF\\MDT_1386244.tif","SHRT_FNAME":"MDT_1386244.tif","UPPER_LEFT_X":"560969.567","UPPER_LEFT_Y":"9261868.208","LOWER_RIGHT_X":"561971.567","LOWER_RIGHT_Y":"9260866.208"},"geometry":{"type":"Polygon","coordinates":[[[-62.448372960119215,-6.67749831811728],[-62.439307577721415,-6.677488087405169],[-62.439297254620058,-6.686551826385821],[-62.448362803902924,-6.686562071106456],[-62.448372960119215,-6.67749831811728]]]}},
{"type":"Feature","properties":{"DESCRIPTION":"MDT_1386243.tif","FILENAME":"U:\\P589_AmazoniaRevelada_BR-319\\LiDAR_dataset\\ENTREGAS\\ENTREGA_09\\2_MDT\\GEOTIFF\\MDT_1386243.tif","SHRT_FNAME":"MDT_1386243.tif","UPPER_LEFT_X":"559969.333","UPPER_LEFT_Y":"9261868.584","LOWER_RIGHT_X":"560971.833","LOWER_RIGHT_Y":"9260866.084"},"geometry":{"type":"Polygon","coordinates":[[[-62.457422386745215,-6.677504958681808],[-62.448352466700214,-6.677494889357482],[-62.448342305040221,-6.686563165146483],[-62.457412392138131,-6.68657324826524],[-62.457422386745215,-6.677504958681808]]]}},
{"type":"Feature","properties":{"DESCRIPTION":"MDT_1386242.tif","FILENAME":"U:\\P589_AmazoniaRevelada_BR-319\\LiDAR_dataset\\ENTREGAS\\ENTREGA_09\\2_MDT\\GEOTIFF\\MDT_1386242.tif","SHRT_FNAME":"MDT_1386242.tif","UPPER_LEFT_X":"558969.333","UPPER_LEFT_Y":"9261868.584","LOWER_RIGHT_X":"559971.833","LOWER_RIGHT_Y":"9260866.084"},"geometry":{"type":"Polygon","coordinates":[[[-62.466469702353912,-6.677514836611691],[-62.457399768473387,-6.677504933778869],[-62.457389773449719,-6.686573223328183],[-62.466459874384427,-6.686583139727352],[-62.466469702353912,-6.677514836611691]]]}},
{"type":"Feature","properties":{"DESCRIPTION":"MDT_1386241.tif","FILENAME":"U:\\P589_AmazoniaRevelada_BR-319\\LiDAR_dataset\\ENTREGAS\\ENTREGA_09\\2_MDT\\GEOTIFF\\MDT_1386241.tif","SHRT_FNAME":"MDT_1386241.tif","UPPER_LEFT_X":"557968.833","UPPER_LEFT_Y":"9261868.584","LOWER_RIGHT_X":"558971.833","LOWER_RIGHT_Y":"9260866.084"},"geometry":{"type":"Polygon","coordinates":[[[-62.475521555201233,-6.67752455327842],[-62.466447084047878,-6.677514812123944],[-62.466437255661795,-6.686583115206059],[-62.475511893953879,-6.686592869705391],[-62.475521555201233,-6.67752455327842]]]}},
{"type":"Feature","properties":{"DESCRIPTION":"MDT_1386240.tif","FILENAME":"U:\\P589_AmazoniaRevelada_BR-319\\LiDAR_dataset\\ENTREGAS\\ENTREGA_09\\2_MDT\\GEOTIFF\\MDT_1386240.tif","SHRT_FNAME":"MDT_1386240.tif","UPPER_LEFT_X":"556968.833","UPPER_LEFT_Y":"9261868.584","LOWER_RIGHT_X":"557971.333","LOWER_RIGHT_Y":"9260866.084"},"geometry":{"type":"Polygon","coordinates":[[[-62.484568897727783,-6.677534098968977],[-62.475498936861548,-6.677524529206076],[-62.475489275197575,-6.686592845600068],[-62.484559403120436,-6.686602428473029],[-62.484568897727783,-6.677534098968977]]]}},
{"type":"Feature","properties":{"DESCRIPTION":"MDT_1386239.tif","FILENAME":"U:\\P589_AmazoniaRevelada_BR-319\\LiDAR_dataset\\ENTREGAS\\ENTREGA_09\\2_MDT\\GEOTIFF\\MDT_1386239.tif","SHRT_FNAME":"MDT_1386239.tif","UPPER_LEFT_X":"555968.833","UPPER_LEFT_Y":"9261868.584","LOWER_RIGHT_X":"556971.333","LOWER_RIGHT_Y":"9260866.084"},"geometry":{"type":"Polygon","coordinates":[[[-62.493616253364671,-6.6775434785796],[-62.484546279355015,-6.677534075311831],[-62.48453678433107,-6.686602404783474],[-62.493606925398531,-6.686611820933216],[-62.493616253364671,-6.6775434785796]]]}},
{"type":"Feature","properties":{"DESCRIPTION":"MDT_1386238.tif","FILENAME":"U:\\P589_AmazoniaRevelada_BR-319\\LiDAR_dataset\\ENTREGAS\\ENTREGA_09\\2_MDT\\GEOTIFF\\MDT_1386238.tif","SHRT_FNAME":"MDT_1386238.tif","UPPER_LEFT_X":"554968.833","UPPER_LEFT_Y":"9261868.584","LOWER_RIGHT_X":"555971.333","LOWER_RIGHT_Y":"9260866.084"},"geometry":{"type":"Polygon","coordinates":[[[-62.502663621881794,-6.677552692109129],[-62.49359363495941,-6.677543455337656],[-62.493584306576686,-6.686611797659431],[-62.502654460558048,-6.686621047084785],[-62.502663621881794,-6.677552692109129]]]}},
{"type":"Feature","properties":{"DESCRIPTION":"MDT_1386237.tif","FILENAME":"U:\\P589_AmazoniaRevelada_BR-319\\LiDAR_dataset\\ENTREGAS\\ENTREGA_09\\2_MDT\\GEOTIFF\\MDT_1386237.tif","SHRT_FNAME":"MDT_1386237.tif","UPPER_LEFT_X":"553968.833","UPPER_LEFT_Y":"9261868.584","LOWER_RIGHT_X":"554971.333","LOWER_RIGHT_Y":"9260866.084"},"geometry":{"type":"Polygon","coordinates":[[[-62.511711003049072,-6.677561739556418],[-62.50264100344463,-6.677552669282389],[-62.502631841704286,-6.686621024226773],[-62.511702008368843,-6.68663010692659],[-62.511711003049072,-6.677561739556418]]]}},
{"type":"Feature","properties":{"DESCRIPTION":"MDT_1386236.tif","FILENAME":"U:\\P589_AmazoniaRevelada_BR-319\\LiDAR_dataset\\ENTREGAS\\ENTREGA_09\\2_MDT\\GEOTIFF\\MDT_1386236.tif","SHRT_FNAME":"MDT_1386236.tif","UPPER_LEFT_X":"552968.333","UPPER_LEFT_Y":"9261868.584","LOWER_RIGHT_X":"553971.333","LOWER_RIGHT_Y":"9260866.084"},"geometry":{"type":"Polygon","coordinates":[[[-62.52076292033626,-6.677570625319485],[-62.511688384580573,-6.677561717144885],[-62.511679389483746,-6.686630084484354],[-62.520754092384003,-6.686639004862675],[-62.52076292033626,-6.677570625319485]]]}},
{"type":"Feature","properties":{"DESCRIPTION":"MDT_1386235.tif","FILENAME":"U:\\P589_AmazoniaRevelada_BR-319\\LiDAR_dataset\\ENTREGAS\\ENTREGA_09\\2_MDT\\GEOTIFF\\MDT_1386235.tif","SHRT_FNAME":"MDT_1386235.tif","UPPER_LEFT_X":"551968.333","UPPER_LEFT_Y":"9261868.584","LOWER_RIGHT_X":"552970.833","LOWER_RIGHT_Y":"9260866.084"},"geometry":{"type":"Polygon","coordinates":[[[-62.529810326119538,-6.677579340515901],[-62.520740301836973,-6.677570603323367],[-62.520731473468111,-6.686638982836426],[-62.529801664813043,-6.686647731998444],[-62.529810326119538,-6.677579340515901]]]}},
{"type":"Feature","properties":{"DESCRIPTION":"MDT_1386234.tif","FILENAME":"U:\\P589_AmazoniaRevelada_BR-319\\LiDAR_dataset\\ENTREGAS\\ENTREGA_09\\2_MDT\\GEOTIFF\\MDT_1386234.tif","SHRT_FNAME":"MDT_1386234.tif","UPPER_LEFT_X":"550968.333","UPPER_LEFT_Y":"9261868.584","LOWER_RIGHT_X":"551970.833","LOWER_RIGHT_Y":"9260866.084"},"geometry":{"type":"Polygon","coordinates":[[[-62.538857743862543,-6.677587889626772],[-62.529787707590074,-6.677579318934998],[-62.529779045866967,-6.686647710387977],[-62.538849249202876,-6.686656292821136],[-62.538857743862543,-6.677587889626772]]]}},
{"type":"Feature","properties":{"DESCRIPTION":"MDT_1386233.tif","FILENAME":"U:\\P589_AmazoniaRevelada_BR-319\\LiDAR_dataset\\ENTREGAS\\ENTREGA_09\\2_MDT\\GEOTIFF\\MDT_1386233.tif","SHRT_FNAME":"MDT_1386233.tif","UPPER_LEFT_X":"549968.333","UPPER_LEFT_Y":"9261868.584","LOWER_RIGHT_X":"550970.833","LOWER_RIGHT_Y":"9260866.084"},"geometry":{"type":"Polygon","coordinates":[[[-62.547905173335145,-6.677596272651032],[-62.538835125303464,-6.677587868461083],[-62.538826630227184,-6.686656271626454],[-62.547896845323386,-6.686664687329693],[-62.547905173335145,-6.677596272651032]]]}},
{"type":"Feature","properties":{"DESCRIPTION":"MDT_1386232.tif","FILENAME":"U:\\P589_AmazoniaRevelada_BR-319\\LiDAR_dataset\\ENTREGAS\\ENTREGA_09\\2_MDT\\GEOTIFF\\MDT_1386232.tif","SHRT_FNAME":"MDT_1386232.tif","UPPER_LEFT_X":"548968.333","UPPER_LEFT_Y":"9261868.584","LOWER_RIGHT_X":"549970.833","LOWER_RIGHT_Y":"9260866.084"},"geometry":{"type":"Polygon","coordinates":[[[-62.556952614307242,-6.677604489587642],[-62.547882554747027,-6.677596251900561],[-62.547874226318648,-6.686664666550795],[-62.556944452944428,-6.686672915523067],[-62.556952614307242,-6.677604489587642]]]}},
{"type":"Feature","properties":{"DESCRIPTION":"MDT_1386231.tif","FILENAME":"U:\\P589_AmazoniaRevelada_BR-319\\LiDAR_dataset\\ENTREGAS\\ENTREGA_09\\2_MDT\\GEOTIFF\\MDT_1386231.tif","SHRT_FNAME":"MDT_1386231.tif","UPPER_LEFT_X":"547967.833","UPPER_LEFT_Y":"9261868.584","LOWER_RIGHT_X":"548970.833","LOWER_RIGHT_Y":"9260866.084"},"geometry":{"type":"Polygon","coordinates":[[[-62.566004590277622,-6.677612544419465],[-62.556929995690652,-6.677604469252392],[-62.556921833911225,-6.68667289515996],[-62.565996595648095,-6.686680981389578],[-62.566004590277622,-6.677612544419465]]]}},
{"type":"Feature","properties":{"DESCRIPTION":"MDT_1386230.tif","FILENAME":"U:\\P589_AmazoniaRevelada_BR-319\\LiDAR_dataset\\ENTREGAS\\ENTREGA_09\\2_MDT\\GEOTIFF\\MDT_1386230.tif","SHRT_FNAME":"MDT_1386230.tif","UPPER_LEFT_X":"546967.833","UPPER_LEFT_Y":"9261868.584","LOWER_RIGHT_X":"547970.333","LOWER_RIGHT_Y":"9260866.084"},"geometry":{"type":"Polygon","coordinates":[[[-62.575052053563816,-6.677620429094691],[-62.565981971633136,-6.677612524499644],[-62.565973976586996,-6.68668096144247],[-62.57504422558528,-6.686688876866389],[-62.575052053563816,-6.677620429094691]]]}},
{"type":"Feature","properties":{"DESCRIPTION":"MDT_1386229.tif","FILENAME":"U:\\P589_AmazoniaRevelada_BR-319\\LiDAR_dataset\\ENTREGAS\\ENTREGA_09\\2_MDT\\GEOTIFF\\MDT_1386229.tif","SHRT_FNAME":"MDT_1386229.tif","UPPER_LEFT_X":"545967.833","UPPER_LEFT_Y":"9261868.584","LOWER_RIGHT_X":"546970.333","LOWER_RIGHT_Y":"9260866.084"},"geometry":{"type":"Polygon","coordinates":[[[-62.584099527659056,-6.67762814767927],[-62.575029434892024,-6.677620409590099],[-62.575021606496847,-6.686688857335075],[-62.584091866332464,-6.686696606025016],[-62.584099527659056,-6.67762814767927]]]}},
{"type":"Feature","properties":{"DESCRIPTION":"MDT_1386228.tif","FILENAME":"U:\\P589_AmazoniaRevelada_BR-319\\LiDAR_dataset\\ENTREGAS\\ENTREGA_09\\2_MDT\\GEOTIFF\\MDT_1386228.tif","SHRT_FNAME":"MDT_1386228.tif","UPPER_LEFT_X":"544967.833","UPPER_LEFT_Y":"9261868.584","LOWER_RIGHT_X":"545970.333","LOWER_RIGHT_Y":"9260866.084"},"geometry":{"type":"Polygon","coordinates":[[[-62.59314701233324,-6.67763570017224],[-62.58407690896054,-6.677628128589903],[-62.584069247217307,-6.686696586909499],[-62.593139517659544,-6.686704168864502],[-62.59314701233324,-6.67763570017224]]]}},
{"type":"Feature","properties":{"DESCRIPTION":"MDT_1386227.tif","FILENAME":"U:\\P589_AmazoniaRevelada_BR-319\\LiDAR_dataset\\ENTREGAS\\ENTREGA_09\\2_MDT\\GEOTIFF\\MDT_1386227.tif","SHRT_FNAME":"MDT_1386227.tif","UPPER_LEFT_X":"543967.833","UPPER_LEFT_Y":"9261868.584","LOWER_RIGHT_X":"544970.333","LOWER_RIGHT_Y":"9260866.084"},"geometry":{"type":"Polygon","coordinates":[[[-62.602194507356202,-6.677643086572667],[-62.593124393608548,-6.677635681498105],[-62.593116898518232,-6.686704150164783],[-62.602187179336362,-6.686711565383903],[-62.602194507356202,-6.677643086572667]]]}},
{"type":"Feature","properties":{"DESCRIPTION":"MDT_1386226.tif","FILENAME":"U:\\P589_AmazoniaRevelada_BR-319\\LiDAR_dataset\\ENTREGAS\\ENTREGA_09\\2_MDT\\GEOTIFF\\MDT_1386226.tif","SHRT_FNAME":"MDT_1386226.tif","UPPER_LEFT_X":"542967.833","UPPER_LEFT_Y":"9261868.584","LOWER_RIGHT_X":"543970.333","LOWER_RIGHT_Y":"9260866.084"},"geometry":{"type":"Polygon","coordinates":[[[-62.611242012497861,-6.677650306879634],[-62.60217188860593,-6.677643068313764],[-62.602164560169449,-6.686711547099986],[-62.611234851132785,-6.686718795582304],[-62.611242012497861,-6.677650306879634]]]}},
{"type":"Feature","properties":{"DESCRIPTION":"MDT_1386225.tif","FILENAME":"U:\\P589_AmazoniaRevelada_BR-319\\LiDAR_dataset\\ENTREGAS\\ENTREGA_09\\2_MDT\\GEOTIFF\\MDT_1386225.tif","SHRT_FNAME":"MDT_1386225.tif","UPPER_LEFT_X":"541967.333","UPPER_LEFT_Y":"9261868.584","LOWER_RIGHT_X":"542970.333","LOWER_RIGHT_Y":"9260866.084"},"geometry":{"type":"Polygon","coordinates":[[[-62.620294051288035,-6.677657364577803],[-62.611219393722578,-6.677650289035965],[-62.611212231940861,-6.686718777714191],[-62.620287056661951,-6.686725862949147],[-62.620294051288035,-6.677657364577803]]]}},
{"type":"Feature","properties":{"DESCRIPTION":"MDT_1386224.tif","FILENAME":"U:\\P589_AmazoniaRevelada_BR-319\\LiDAR_dataset\\ENTREGAS\\ENTREGA_09\\2_MDT\\GEOTIFF\\MDT_1386224.tif","SHRT_FNAME":"MDT_1386224.tif","UPPER_LEFT_X":"540967.333","UPPER_LEFT_Y":"9261868.584","LOWER_RIGHT_X":"541969.833","LOWER_RIGHT_Y":"9260866.084"},"geometry":{"type":"Polygon","coordinates":[[[-62.629341575981478,-6.677664252612131],[-62.620271432488316,-6.677657347149579],[-62.620264437445577,-6.686725845497047],[-62.629334748011928,-6.686732760419715],[-62.629341575981478,-6.677664252612131]]]}},
{"type":"Feature","properties":{"DESCRIPTION":"MDT_1386223.tif","FILENAME":"U:\\P589_AmazoniaRevelada_BR-319\\LiDAR_dataset\\ENTREGAS\\ENTREGA_09\\2_MDT\\GEOTIFF\\MDT_1386223.tif","SHRT_FNAME":"MDT_1386223.tif","UPPER_LEFT_X":"539967.333","UPPER_LEFT_Y":"9261868.584","LOWER_RIGHT_X":"540969.833","LOWER_RIGHT_Y":"9260866.084"},"geometry":{"type":"Polygon","coordinates":[[[-62.638389110103134,-6.677670974550369],[-62.629318957157906,-6.677664235599146],[-62.629312128771701,-6.686732743383424],[-62.638382448790971,-6.686739491566652],[-62.638389110103134,-6.677670974550369]]]}},
{"type":"Feature","properties":{"DESCRIPTION":"MDT_1386222.tif","FILENAME":"U:\\P589_AmazoniaRevelada_BR-319\\LiDAR_dataset\\ENTREGAS\\ENTREGA_09\\2_MDT\\GEOTIFF\\MDT_1386222.tif","SHRT_FNAME":"MDT_1386222.tif","UPPER_LEFT_X":"538967.333","UPPER_LEFT_Y":"9261868.584","LOWER_RIGHT_X":"539969.833","LOWER_RIGHT_Y":"9260866.084"},"geometry":{"type":"Polygon","coordinates":[[[-62.647436653422872,-6.677677530391685],[-62.638366491256271,-6.677670957952626],[-62.63835982952746,-6.686739474946171],[-62.647430158768927,-6.686746056389122],[-62.647436653422872,-6.677677530391685]]]}},
{"type":"Feature","properties":{"DESCRIPTION":"MDT_1386221.tif","FILENAME":"U:\\P589_AmazoniaRevelada_BR-319\\LiDAR_dataset\\ENTREGAS\\ENTREGA_09\\2_MDT\\GEOTIFF\\MDT_1386221.tif","SHRT_FNAME":"MDT_1386221.tif","UPPER_LEFT_X":"537967.333","UPPER_LEFT_Y":"9261868.584","LOWER_RIGHT_X":"538969.833","LOWER_RIGHT_Y":"9260866.084"},"geometry":{"type":"Polygon","coordinates":[[[-62.656484205710562,-6.677683920135263],[-62.647414034553293,-6.677677514209185],[-62.647407539482707,-6.686746040184453],[-62.656477877715659,-6.68675245488631],[-62.656484205710562,-6.677683920135263]]]}},
{"type":"Feature","properties":{"DESCRIPTION":"MDT_1386220.tif","FILENAME":"U:\\P589_AmazoniaRevelada_BR-319\\LiDAR_dataset\\ENTREGAS\\ENTREGA_09\\2_MDT\\GEOTIFF\\MDT_1386220.tif","SHRT_FNAME":"MDT_1386220.tif","UPPER_LEFT_X":"536966.833","UPPER_LEFT_Y":"9261868.584","LOWER_RIGHT_X":"537969.833","LOWER_RIGHT_Y":"9260866.084"},"geometry":{"type":"Polygon","coordinates":[[[-62.665536290518766,-6.677690146850588],[-62.656461586818864,-6.677683904368008],[-62.656455258407306,-6.686752439097455],[-62.665530129267012,-6.686758690131906],[-62.665536290518766,-6.677690146850588]]]}},
{"type":"Feature","properties":{"DESCRIPTION":"MDT_1386219.tif","FILENAME":"U:\\P589_AmazoniaRevelada_BR-319\\LiDAR_dataset\\ENTREGAS\\ENTREGA_09\\2_MDT\\GEOTIFF\\MDT_1386219.tif","SHRT_FNAME":"MDT_1386219.tif","UPPER_LEFT_X":"535966.833","UPPER_LEFT_Y":"9261868.584","LOWER_RIGHT_X":"536969.333","LOWER_RIGHT_Y":"9260866.084"},"geometry":{"type":"Polygon","coordinates":[[[-62.674583860056195,-6.677696204313283],[-62.665513671605481,-6.677690131498788],[-62.665507509937086,-6.686758674759075],[-62.674577865465047,-6.686764755893003],[-62.674583860056195,-6.677696204313283]]]}},
{"type":"Feature","properties":{"DESCRIPTION":"MDT_1386218.tif","FILENAME":"U:\\P589_AmazoniaRevelada_BR-319\\LiDAR_dataset\\ENTREGAS\\ENTREGA_09\\2_MDT\\GEOTIFF\\MDT_1386218.tif","SHRT_FNAME":"MDT_1386218.tif","UPPER_LEFT_X":"534966.833","UPPER_LEFT_Y":"9261868.584","LOWER_RIGHT_X":"535969.333","LOWER_RIGHT_Y":"9260866.084"},"geometry":{"type":"Polygon","coordinates":[[[-62.683631437871099,-6.677702095675924],[-62.674561241121935,-6.677696189376732],[-62.674555246114139,-6.68676474093599],[-62.683625609941295,-6.686770655326499],[-62.683631437871099,-6.677702095675924]]]}},
{"type":"Feature","properties":{"DESCRIPTION":"MDT_1386217.tif","FILENAME":"U:\\P589_AmazoniaRevelada_BR-319\\LiDAR_dataset\\ENTREGAS\\ENTREGA_09\\2_MDT\\GEOTIFF\\MDT_1386217.tif","SHRT_FNAME":"MDT_1386217.tif","UPPER_LEFT_X":"533966.833","UPPER_LEFT_Y":"9261868.584","LOWER_RIGHT_X":"534969.333","LOWER_RIGHT_Y":"9260866.084"},"geometry":{"type":"Polygon","coordinates":[[[-62.692679023733326,-6.677707820937776],[-62.683608818916419,-6.677702081154623],[-62.68360299056998,-6.686770640785306],[-62.692673362465605,-6.686776388431658],[-62.692679023733326,-6.677707820937776]]]}},
{"type":"Feature","properties":{"DESCRIPTION":"MDT_1386216.tif","FILENAME":"U:\\P589_AmazoniaRevelada_BR-319\\LiDAR_dataset\\ENTREGAS\\ENTREGA_09\\2_MDT\\GEOTIFF\\MDT_1386216.tif","SHRT_FNAME":"MDT_1386216.tif","UPPER_LEFT_X":"532966.833","UPPER_LEFT_Y":"9261868.584","LOWER_RIGHT_X":"533969.333","LOWER_RIGHT_Y":"9260866.084"},"geometry":{"type":"Polygon","coordinates":[[[-62.70172661741276,-6.677713380098132],[-62.692656404758829,-6.677707806831729],[-62.692650743074452,-6.686776374306286],[-62.701721122807832,-6.686781955207771],[-62.70172661741276,-6.677713380098132]]]}},
{"type":"Feature","properties":{"DESCRIPTION":"MDT_1386215.tif","FILENAME":"U:\\P589_AmazoniaRevelada_BR-319\\LiDAR_dataset\\ENTREGAS\\ENTREGA_09\\2_MDT\\GEOTIFF\\MDT_1386215.tif","SHRT_FNAME":"MDT_1386215.tif","UPPER_LEFT_X":"531966.333","UPPER_LEFT_Y":"9261868.584","LOWER_RIGHT_X":"532969.333","LOWER_RIGHT_Y":"9260866.084"},"geometry":{"type":"Polygon","coordinates":[[[-62.71077874248175,-6.677718775811283],[-62.701703998418999,-6.677713366407339],[-62.701698503397424,-6.686781941498221],[-62.710773414623645,-6.686787358312762],[-62.71077874248175,-6.677718775811283]]]}},
{"type":"Feature","properties":{"DESCRIPTION":"MDT_1386214.tif","FILENAME":"U:\\P589_AmazoniaRevelada_BR-319\\LiDAR_dataset\\ENTREGAS\\ENTREGA_09\\2_MDT\\GEOTIFF\\MDT_1386214.tif","SHRT_FNAME":"MDT_1386214.tif","UPPER_LEFT_X":"530966.333","UPPER_LEFT_Y":"9261868.584","LOWER_RIGHT_X":"531968.833","LOWER_RIGHT_Y":"9260866.084"},"geometry":{"type":"Polygon","coordinates":[[[-62.719826351108829,-6.677724002683544],[-62.710756123469316,-6.677718762535956],[-62.710750795194542,-6.686787345019247],[-62.71982118991486,-6.686792592345562],[-62.719826351108829,-6.677724002683544]]]}},
{"type":"Feature","properties":{"DESCRIPTION":"MDT_1386213.tif","FILENAME":"U:\\P589_AmazoniaRevelada_BR-319\\LiDAR_dataset\\ENTREGAS\\ENTREGA_09\\2_MDT\\GEOTIFF\\MDT_1386213.tif","SHRT_FNAME":"MDT_1386213.tif","UPPER_LEFT_X":"529966.333","UPPER_LEFT_Y":"9261868.584","LOWER_RIGHT_X":"530968.833","LOWER_RIGHT_Y":"9260866.084"},"geometry":{"type":"Polygon","coordinates":[[[-62.728873966862594,-6.677729063452298],[-62.719803732078269,-6.677723989823473],[-62.719798570467638,-6.686792579467873],[-62.728868972333409,-6.6867976600473],[-62.728873966862594,-6.677729063452298]]]}},
{"type":"Feature","properties":{"DESCRIPTION":"MDT_1386212.tif","FILENAME":"U:\\P589_AmazoniaRevelada_BR-319\\LiDAR_dataset\\ENTREGAS\\ENTREGA_09\\2_MDT\\GEOTIFF\\MDT_1386212.tif","SHRT_FNAME":"MDT_1386212.tif","UPPER_LEFT_X":"528966.521","UPPER_LEFT_Y":"9261868.208","LOWER_RIGHT_X":"529968.521","LOWER_RIGHT_Y":"9260866.208"},"geometry":{"type":"Polygon","coordinates":[[[-62.737919886533824,-6.677737363151017],[-62.728854168583652,-6.677732458496814],[-62.728849176180141,-6.686796532085664],[-62.737915061045811,-6.686801443455628],[-62.737919886533824,-6.677737363151017]]]}},
{"type":"Feature","properties":{"DESCRIPTION":"MDT_1386211.tif","FILENAME":"U:\\P589_AmazoniaRevelada_BR-319\\LiDAR_dataset\\ENTREGAS\\ENTREGA_09\\2_MDT\\GEOTIFF\\MDT_1386211.tif","SHRT_FNAME":"MDT_1386211.tif","UPPER_LEFT_X":"527966.426","UPPER_LEFT_Y":"9261868.208","LOWER_RIGHT_X":"528968.426","LOWER_RIGHT_Y":"9260866.208"},"geometry":{"type":"Polygon","coordinates":[[[-62.7469683772498,-6.677742092186815],[-62.737902652618956,-6.677737353985493],[-62.737897826813629,-6.686801434277555],[-62.746963718360568,-6.686806178966721],[-62.7469683772498,-6.677742092186815]]]}},
{"type":"Feature","properties":{"DESCRIPTION":"MDT_1386210.tif","FILENAME":"U:\\P589_AmazoniaRevelada_BR-319\\LiDAR_dataset\\ENTREGAS\\ENTREGA_09\\2_MDT\\GEOTIFF\\MDT_1386210.tif","SHRT_FNAME":"MDT_1386210.tif","UPPER_LEFT_X":"526965.833","UPPER_LEFT_Y":"9261868.584","LOWER_RIGHT_X":"527968.833","LOWER_RIGHT_Y":"9260866.084"},"geometry":{"type":"Polygon","coordinates":[[[-62.756021378402124,-6.677743251371022],[-62.746946599748227,-6.677738675062506],[-62.746941938133823,-6.686807284824908],[-62.75601688395431,-6.686811867402726],[-62.756021378402124,-6.677743251371022]]]}},
{"type":"Feature","properties":{"DESCRIPTION":"MDT_1386209.tif","FILENAME":"U:\\P589_AmazoniaRevelada_BR-319\\LiDAR_dataset\\ENTREGAS\\ENTREGA_09\\2_MDT\\GEOTIFF\\MDT_1386209.tif","SHRT_FNAME":"MDT_1386209.tif","UPPER_LEFT_X":"525965.833","UPPER_LEFT_Y":"9261868.584","LOWER_RIGHT_X":"526968.333","LOWER_RIGHT_Y":"9260866.084"},"geometry":{"type":"Polygon","coordinates":[[[-62.765069020364351,-6.677747647636621],[-62.755998759304894,-6.677743240172206],[-62.755994264440425,-6.686811856188568],[-62.765064692583692,-6.686816269690977],[-62.765069020364351,-6.677747647636621]]]}},
{"type":"Feature","properties":{"DESCRIPTION":"MDT_1386208.tif","FILENAME":"U:\\P589_AmazoniaRevelada_BR-319\\LiDAR_dataset\\ENTREGAS\\ENTREGA_09\\2_MDT\\GEOTIFF\\MDT_1386208.tif","SHRT_FNAME":"MDT_1386208.tif","UPPER_LEFT_X":"524965.833","UPPER_LEFT_Y":"9261868.584","LOWER_RIGHT_X":"525968.333","LOWER_RIGHT_Y":"9260866.084"},"geometry":{"type":"Polygon","coordinates":[[[-62.774116668302469,-6.677751877795779],[-62.765046401251887,-6.67774763685307],[-62.76504207305458,-6.686816258892655],[-62.774112507189535,-6.68682050564523],[-62.774116668302469,-6.677751877795779]]]}},
{"type":"Feature","properties":{"DESCRIPTION":"MDT_1386207.tif","FILENAME":"U:\\P589_AmazoniaRevelada_BR-319\\LiDAR_dataset\\ENTREGAS\\ENTREGA_09\\2_MDT\\GEOTIFF\\MDT_1386207.tif","SHRT_FNAME":"MDT_1386207.tif","UPPER_LEFT_X":"523965.833","UPPER_LEFT_Y":"9261868.584","LOWER_RIGHT_X":"524968.333","LOWER_RIGHT_Y":"9260866.084"},"geometry":{"type":"Polygon","coordinates":[[[-62.783164321986348,-6.677755941847971],[-62.774094049175361,-6.677751867427495],[-62.774089887645751,-6.686820495262743],[-62.783160327541637,-6.686824575264959],[-62.783164321986348,-6.677755941847971]]]}},
{"type":"Feature","properties":{"DESCRIPTION":"MDT_1386206.tif","FILENAME":"U:\\P589_AmazoniaRevelada_BR-319\\LiDAR_dataset\\ENTREGAS\\ENTREGA_09\\2_MDT\\GEOTIFF\\MDT_1386206.tif","SHRT_FNAME":"MDT_1386206.tif","UPPER_LEFT_X":"522965.833","UPPER_LEFT_Y":"9261868.584","LOWER_RIGHT_X":"523968.333","LOWER_RIGHT_Y":"9260866.084"},"geometry":{"type":"Polygon","coordinates":[[[-62.792211981185844,-6.67775983979269],[-62.783141702845157,-6.677755931894954],[-62.783137707983791,-6.686824565298307],[-62.79220815340986,-6.686828478549658],[-62.792211981185844,-6.67775983979269]]]}},
{"type":"Feature","properties":{"DESCRIPTION":"MDT_1386205.tif","FILENAME":"U:\\P589_AmazoniaRevelada_BR-319\\LiDAR_dataset\\ENTREGAS\\ENTREGA_09\\2_MDT\\GEOTIFF\\MDT_1386205.tif","SHRT_FNAME":"MDT_1386205.tif","UPPER_LEFT_X":"521965.833","UPPER_LEFT_Y":"9261868.584","LOWER_RIGHT_X":"522968.333","LOWER_RIGHT_Y":"9260866.084"},"geometry":{"type":"Polygon","coordinates":[[[-62.801259645670825,-6.677763571629454],[-62.792189362031159,-6.677759830254943],[-62.792185533838513,-6.686828468998845],[-62.801255984564044,-6.686832215498843],[-62.801259645670825,-6.677763571629454]]]}},
{"type":"Feature","properties":{"DESCRIPTION":"MDT_1386204.tif","FILENAME":"U:\\P589_AmazoniaRevelada_BR-319\\LiDAR_dataset\\ENTREGAS\\ENTREGA_09\\2_MDT\\GEOTIFF\\MDT_1386204.tif","SHRT_FNAME":"MDT_1386204.tif","UPPER_LEFT_X":"520965.333","UPPER_LEFT_Y":"9261868.584","LOWER_RIGHT_X":"521968.333","LOWER_RIGHT_Y":"9260866.084"},"geometry":{"type":"Polygon","coordinates":[[[-62.810311839047138,-6.677767139099116],[-62.801237026503209,-6.677763562506978],[-62.801233364979772,-6.68683220636387],[-62.810308344693375,-6.686835787855751],[-62.810311839047138,-6.677767139099116]]]}},
{"type":"Feature","properties":{"DESCRIPTION":"MDT_1386203.tif","FILENAME":"U:\\P589_AmazoniaRevelada_BR-319\\LiDAR_dataset\\ENTREGAS\\ENTREGA_09\\2_MDT\\GEOTIFF\\MDT_1386203.tif","SHRT_FNAME":"MDT_1386203.tif","UPPER_LEFT_X":"519965.664","UPPER_LEFT_Y":"9261868.208","LOWER_RIGHT_X":"520967.664","LOWER_RIGHT_Y":"9260866.208"},"geometry":{"type":"Polygon","coordinates":[[[-62.819356515391682,-6.677773943494672],[-62.810290745618708,-6.677770536935846],[-62.810287252618799,-6.686834662664106],[-62.81935318931194,-6.686838073887409],[-62.819356515391682,-6.677773943494672]]]}},
{"type":"Feature","properties":{"DESCRIPTION":"MDT_1386202.tif","FILENAME":"U:\\P589_AmazoniaRevelada_BR-319\\LiDAR_dataset\\ENTREGAS\\ENTREGA_09\\2_MDT\\GEOTIFF\\MDT_1386202.tif","SHRT_FNAME":"MDT_1386202.tif","UPPER_LEFT_X":"518965.333","UPPER_LEFT_Y":"9261868.584","LOWER_RIGHT_X":"519967.833","LOWER_RIGHT_Y":"9260866.084"},"geometry":{"type":"Polygon","coordinates":[[[-62.828407192377817,-6.677773772062694],[-62.819336894223262,-6.677770530343824],[-62.819333566122928,-6.686839183746286],[-62.828404031364684,-6.686842429906141],[-62.828407192377817,-6.677773772062694]]]}},
{"type":"Feature","properties":{"DESCRIPTION":"MDT_1386201.tif","FILENAME":"U:\\P589_AmazoniaRevelada_BR-319\\LiDAR_dataset\\ENTREGAS\\ENTREGA_09\\2_MDT\\GEOTIFF\\MDT_1386201.tif","SHRT_FNAME":"MDT_1386201.tif","UPPER_LEFT_X":"517965.333","UPPER_LEFT_Y":"9261868.584","LOWER_RIGHT_X":"518967.833","LOWER_RIGHT_Y":"9260866.084"},"geometry":{"type":"Polygon","coordinates":[[[-62.837454875705433,-6.677776839380157],[-62.82838457317488,-6.677773764186244],[-62.828381411745049,-6.686842422018899],[-62.837451881363208,-6.686845501425666],[-62.837454875705433,-6.677776839380157]]]}},
{"type":"Feature","properties":{"DESCRIPTION":"MDT_1386200.tif","FILENAME":"U:\\P589_AmazoniaRevelada_BR-319\\LiDAR_dataset\\ENTREGAS\\ENTREGA_09\\2_MDT\\GEOTIFF\\MDT_1386200.tif","SHRT_FNAME":"MDT_1386200.tif","UPPER_LEFT_X":"516965.333","UPPER_LEFT_Y":"9261868.584","LOWER_RIGHT_X":"517967.833","LOWER_RIGHT_Y":"9260866.084"},"geometry":{"type":"Polygon","coordinates":[[[-62.846502563167711,-6.677779740587553],[-62.837432256491859,-6.677776831918981],[-62.837429261732957,-6.686845493954269],[-62.846499735496764,-6.686848406607566],[-62.846502563167711,-6.677779740587553]]]}},
{"type":"Feature","properties":{"DESCRIPTION":"MDT_1386199.tif","FILENAME":"U:\\P589_AmazoniaRevelada_BR-319\\LiDAR_dataset\\ENTREGAS\\ENTREGA_09\\2_MDT\\GEOTIFF\\MDT_1386199.tif","SHRT_FNAME":"MDT_1386199.tif","UPPER_LEFT_X":"515964.833","UPPER_LEFT_Y":"9261868.584","LOWER_RIGHT_X":"516967.833","LOWER_RIGHT_Y":"9260866.084"},"geometry":{"type":"Polygon","coordinates":[[[-62.855554778381105,-6.677782477010524],[-62.846479943944082,-6.677779733541653],[-62.846477115856473,-6.686848399552013],[-62.855552117465152,-6.686851146779291],[-62.855554778381105,-6.677782477010524]]]}},
{"type":"Feature","properties":{"DESCRIPTION":"MDT_1386198.tif","FILENAME":"U:\\P589_AmazoniaRevelada_BR-319\\LiDAR_dataset\\ENTREGAS\\ENTREGA_09\\2_MDT\\GEOTIFF\\MDT_1386198.tif","SHRT_FNAME":"MDT_1386198.tif","UPPER_LEFT_X":"514964.833","UPPER_LEFT_Y":"9261868.584","LOWER_RIGHT_X":"515967.333","LOWER_RIGHT_Y":"9260866.084"},"geometry":{"type":"Polygon","coordinates":[[[-62.864602473424036,-6.677785045913676],[-62.855532159148012,-6.67778247038011],[-62.855529497815368,-6.686851140139792],[-62.864599979180056,-6.686853719201704],[-62.864602473424036,-6.677785045913676]]]}},
{"type":"Feature","properties":{"DESCRIPTION":"MDT_1386197.tif","FILENAME":"U:\\P589_AmazoniaRevelada_BR-319\\LiDAR_dataset\\ENTREGAS\\ENTREGA_09\\2_MDT\\GEOTIFF\\MDT_1386197.tif","SHRT_FNAME":"MDT_1386197.tif","UPPER_LEFT_X":"513964.833","UPPER_LEFT_Y":"9261868.584","LOWER_RIGHT_X":"514967.333","LOWER_RIGHT_Y":"9260866.084"},"geometry":{"type":"Polygon","coordinates":[[[-62.873650171911081,-6.67778744870574],[-62.86457985418204,-6.677785039698536],[-62.864577359521377,-6.686853712978052],[-62.873647844339381,-6.686856125285469],[-62.873650171911081,-6.67778744870574]]]}},
{"type":"Feature","properties":{"DESCRIPTION":"MDT_1386196.tif","FILENAME":"U:\\P589_AmazoniaRevelada_BR-319\\LiDAR_dataset\\ENTREGAS\\ENTREGA_09\\2_MDT\\GEOTIFF\\MDT_1386196.tif","SHRT_FNAME":"MDT_1386196.tif","UPPER_LEFT_X":"512964.833","UPPER_LEFT_Y":"9261868.584","LOWER_RIGHT_X":"513967.333","LOWER_RIGHT_Y":"9260866.084"},"geometry":{"type":"Polygon","coordinates":[[[-62.882697873612088,-6.677789685386423],[-62.87362755266075,-6.677787442905879],[-62.873625224672388,-6.686856119477663],[-62.88269571271298,-6.686858365030288],[-62.882697873612088,-6.677789685386423]]]}},
{"type":"Feature","properties":{"DESCRIPTION":"MDT_1386195.tif","FILENAME":"U:\\P589_AmazoniaRevelada_BR-319\\LiDAR_dataset\\ENTREGAS\\ENTREGA_09\\2_MDT\\GEOTIFF\\MDT_1386195.tif","SHRT_FNAME":"MDT_1386195.tif","UPPER_LEFT_X":"511964.833","UPPER_LEFT_Y":"9261868.584","LOWER_RIGHT_X":"512967.333","LOWER_RIGHT_Y":"9260866.084"},"geometry":{"type":"Polygon","coordinates":[[[-62.891745578296899,-6.677791755955446],[-62.882675254354005,-6.677789680001841],[-62.882673093038228,-6.686858359638329],[-62.891743584070653,-6.686860438435881],[-62.891745578296899,-6.677791755955446]]]}},
{"type":"Feature","properties":{"DESCRIPTION":"MDT_1386194.tif","FILENAME":"U:\\P589_AmazoniaRevelada_BR-319\\LiDAR_dataset\\ENTREGAS\\ENTREGA_09\\2_MDT\\GEOTIFF\\MDT_1386194.tif","SHRT_FNAME":"MDT_1386194.tif","UPPER_LEFT_X":"510964.333","UPPER_LEFT_Y":"9261868.584","LOWER_RIGHT_X":"511967.333","LOWER_RIGHT_Y":"9260866.084"},"geometry":{"type":"Polygon","coordinates":[[[-62.900797809589776,-6.677793661323232],[-62.891722959031654,-6.677791750986144],[-62.891720964388732,-6.686860433459772],[-62.900795982119966,-6.686862346413919],[-62.900797809589776,-6.677793661323232]]]}},
{"type":"Feature","properties":{"DESCRIPTION":"MDT_1386193.tif","FILENAME":"U:\\P589_AmazoniaRevelada_BR-319\\LiDAR_dataset\\ENTREGAS\\ENTREGA_09\\2_MDT\\GEOTIFF\\MDT_1386193.tif","SHRT_FNAME":"MDT_1386193.tif","UPPER_LEFT_X":"509964.333","UPPER_LEFT_Y":"9261868.584","LOWER_RIGHT_X":"510966.833","LOWER_RIGHT_Y":"9260866.084"},"geometry":{"type":"Polygon","coordinates":[[[-62.909845519553002,-6.677795399585126],[-62.900775190317937,-6.677793656769416],[-62.90077336243143,-6.686862341853868],[-62.909843858756517,-6.686864087057144],[-62.909845519553002,-6.677795399585126]]]}},
{"type":"Feature","properties":{"DESCRIPTION":"MDT_1385251.tif","FILENAME":"U:\\P589_AmazoniaRevelada_BR-319\\LiDAR_dataset\\ENTREGAS\\ENTREGA_09\\2_MDT\\GEOTIFF\\MDT_1385251.tif","SHRT_FNAME":"MDT_1385251.tif","UPPER_LEFT_X":"567969.833","UPPER_LEFT_Y":"9262868.084","LOWER_RIGHT_X":"568972.333","LOWER_RIGHT_Y":"9261866.084"},"geometry":{"type":"Polygon","coordinates":[[[-62.385051132631141,-6.668378911174939],[-62.375981497893797,-6.668367525453936],[-62.375970024740447,-6.677431163528384],[-62.385039826205556,-6.677442564860198],[-62.385051132631141,-6.668378911174939]]]}},
{"type":"Feature","properties":{"DESCRIPTION":"MDT_1385250.tif","FILENAME":"U:\\P589_AmazoniaRevelada_BR-319\\LiDAR_dataset\\ENTREGAS\\ENTREGA_09\\2_MDT\\GEOTIFF\\MDT_1385250.tif","SHRT_FNAME":"MDT_1385250.tif","UPPER_LEFT_X":"566969.833","UPPER_LEFT_Y":"9262868.084","LOWER_RIGHT_X":"567972.333","LOWER_RIGHT_Y":"9261866.084"},"geometry":{"type":"Polygon","coordinates":[[[-62.394098165485389,-6.668390102456373],[-62.385028515068498,-6.668378882988919],[-62.38501720822714,-6.677442536635533],[-62.39408702537321,-6.677453771485851],[-62.394098165485389,-6.668390102456373]]]}},
{"type":"Feature","properties":{"DESCRIPTION":"MDT_1385249.tif","FILENAME":"U:\\P589_AmazoniaRevelada_BR-319\\LiDAR_dataset\\ENTREGAS\\ENTREGA_09\\2_MDT\\GEOTIFF\\MDT_1385249.tif","SHRT_FNAME":"MDT_1385249.tif","UPPER_LEFT_X":"565969.833","UPPER_LEFT_Y":"9262868.084","LOWER_RIGHT_X":"566972.333","LOWER_RIGHT_Y":"9261866.084"},"geometry":{"type":"Polygon","coordinates":[[[-62.403145213749731,-6.668401127897468],[-62.394075547883943,-6.668390074684952],[-62.394064407355977,-6.677453743676352],[-62.403134239952351,-6.677464812043783],[-62.403145213749731,-6.668401127897468]]]}},
{"type":"Feature","properties":{"DESCRIPTION":"MDT_1385248.tif","FILENAME":"U:\\P589_AmazoniaRevelada_BR-319\\LiDAR_dataset\\ENTREGAS\\ENTREGA_09\\2_MDT\\GEOTIFF\\MDT_1385248.tif","SHRT_FNAME":"MDT_1385248.tif","UPPER_LEFT_X":"564969.833","UPPER_LEFT_Y":"9262868.084","LOWER_RIGHT_X":"565972.333","LOWER_RIGHT_Y":"9261866.084"},"geometry":{"type":"Polygon","coordinates":[[[-62.412192277194109,-6.668411987496855],[-62.403122596110045,-6.668401100540648],[-62.403111621896883,-6.677464784649455],[-62.412181469712898,-6.677475686532626],[-62.412192277194109,-6.668411987496855]]]}},
{"type":"Feature","properties":{"DESCRIPTION":"MDT_1385247.tif","FILENAME":"U:\\P589_AmazoniaRevelada_BR-319\\LiDAR_dataset\\ENTREGAS\\ENTREGA_09\\2_MDT\\GEOTIFF\\MDT_1385247.tif","SHRT_FNAME":"MDT_1385247.tif","UPPER_LEFT_X":"563969.833","UPPER_LEFT_Y":"9262868.084","LOWER_RIGHT_X":"564972.333","LOWER_RIGHT_Y":"9261866.084"},"geometry":{"type":"Polygon","coordinates":[[[-62.421239355588455,-6.668422681253183],[-62.412169659516763,-6.66841196055464],[-62.412158851619758,-6.677475659553471],[-62.421228714424764,-6.677486394951024],[-62.421239355588455,-6.668422681253183]]]}},
{"type":"Feature","properties":{"DESCRIPTION":"MDT_1385246.tif","FILENAME":"U:\\P589_AmazoniaRevelada_BR-319\\LiDAR_dataset\\ENTREGAS\\ENTREGA_09\\2_MDT\\GEOTIFF\\MDT_1385246.tif","SHRT_FNAME":"MDT_1385246.tif","UPPER_LEFT_X":"562969.333","UPPER_LEFT_Y":"9262868.084","LOWER_RIGHT_X":"563972.333","LOWER_RIGHT_Y":"9261866.084"},"geometry":{"type":"Polygon","coordinates":[[[-62.430290972252898,-6.668433214387602],[-62.421216737874012,-6.66842265472558],[-62.421206096294533,-6.677486368387048],[-62.430280497491218,-6.677496942527288],[-62.430290972252898,-6.668433214387602]]]}},
{"type":"Feature","properties":{"DESCRIPTION":"MDT_1385245.tif","FILENAME":"U:\\P589_AmazoniaRevelada_BR-319\\LiDAR_dataset\\ENTREGAS\\ENTREGA_09\\2_MDT\\GEOTIFF\\MDT_1385245.tif","SHRT_FNAME":"MDT_1385245.tif","UPPER_LEFT_X":"561969.333","UPPER_LEFT_Y":"9262868.084","LOWER_RIGHT_X":"562971.833","LOWER_RIGHT_Y":"9261866.084"},"geometry":{"type":"Polygon","coordinates":[[[-62.439338079864172,-6.668443576370935],[-62.430268354501926,-6.668433188274818],[-62.430257879324451,-6.677496916378701],[-62.439327771422654,-6.677507318717803],[-62.439338079864172,-6.668443576370935]]]}},
{"type":"Feature","properties":{"DESCRIPTION":"MDT_1385244.tif","FILENAME":"U:\\P589_AmazoniaRevelada_BR-319\\LiDAR_dataset\\ENTREGAS\\ENTREGA_09\\2_MDT\\GEOTIFF\\MDT_1385244.tif","SHRT_FNAME":"MDT_1385244.tif","UPPER_LEFT_X":"560969.333","UPPER_LEFT_Y":"9262868.084","LOWER_RIGHT_X":"561971.833","LOWER_RIGHT_Y":"9261866.084"},"geometry":{"type":"Polygon","coordinates":[[[-62.448385201735086,-6.668453772507289],[-62.439315462077268,-6.668443550672767],[-62.439305153219948,-6.677507292984399],[-62.448375059615024,-6.677517528833948],[-62.448385201735086,-6.668453772507289]]]}},
{"type":"Feature","properties":{"DESCRIPTION":"MDT_1385243.tif","FILENAME":"U:\\P589_AmazoniaRevelada_BR-319\\LiDAR_dataset\\ENTREGAS\\ENTREGA_09\\2_MDT\\GEOTIFF\\MDT_1385243.tif","SHRT_FNAME":"MDT_1385243.tif","UPPER_LEFT_X":"559969.333","UPPER_LEFT_Y":"9262868.084","LOWER_RIGHT_X":"560971.833","LOWER_RIGHT_Y":"9261866.084"},"geometry":{"type":"Polygon","coordinates":[[[-62.457432337635595,-6.668463802795399],[-62.448362583912825,-6.668453747223738],[-62.448352441376954,-6.677517503515731],[-62.457422361838248,-6.677527572874458],[-62.457432337635595,-6.668463802795399]]]}},
{"type":"Feature","properties":{"DESCRIPTION":"MDT_1385242.tif","FILENAME":"U:\\P589_AmazoniaRevelada_BR-319\\LiDAR_dataset\\ENTREGAS\\ENTREGA_09\\2_MDT\\GEOTIFF\\MDT_1385242.tif","SHRT_FNAME":"MDT_1385242.tif","UPPER_LEFT_X":"558969.333","UPPER_LEFT_Y":"9262868.084","LOWER_RIGHT_X":"559971.833","LOWER_RIGHT_Y":"9261866.084"},"geometry":{"type":"Polygon","coordinates":[[[-62.466479487335597,-6.668473667234021],[-62.457409719778539,-6.668463777926473],[-62.457399743565396,-6.677527547971433],[-62.466469677862236,-6.677537450838087],[-62.466479487335597,-6.668473667234021]]]}},
{"type":"Feature","properties":{"DESCRIPTION":"MDT_1385241.tif","FILENAME":"U:\\P589_AmazoniaRevelada_BR-319\\LiDAR_dataset\\ENTREGAS\\ENTREGA_09\\2_MDT\\GEOTIFF\\MDT_1385241.tif","SHRT_FNAME":"MDT_1385241.tif","UPPER_LEFT_X":"557968.833","UPPER_LEFT_Y":"9262868.084","LOWER_RIGHT_X":"558971.833","LOWER_RIGHT_Y":"9261866.084"},"geometry":{"type":"Polygon","coordinates":[[[-62.475531174190017,-6.668483370629742],[-62.466456869444329,-6.66847364277972],[-62.466447059555151,-6.677537426350256],[-62.475521531125032,-6.67754716753801],[-62.475531174190017,-6.668483370629742]]]}},
{"type":"Feature","properties":{"DESCRIPTION":"MDT_1385240.tif","FILENAME":"U:\\P589_AmazoniaRevelada_BR-319\\LiDAR_dataset\\ENTREGAS\\ENTREGA_09\\2_MDT\\GEOTIFF\\MDT_1385240.tif","SHRT_FNAME":"MDT_1385240.tif","UPPER_LEFT_X":"556968.833","UPPER_LEFT_Y":"9262868.084","LOWER_RIGHT_X":"557971.333","LOWER_RIGHT_Y":"9261866.084"},"geometry":{"type":"Polygon","coordinates":[[[-62.484578350805428,-6.668492903282809],[-62.475508556265105,-6.668483346590276],[-62.475498912784289,-6.677547143465583],[-62.484568874066845,-6.677556713261176],[-62.484578350805428,-6.668492903282809]]]}},
{"type":"Feature","properties":{"DESCRIPTION":"MDT_1385239.tif","FILENAME":"U:\\P589_AmazoniaRevelada_BR-319\\LiDAR_dataset\\ENTREGAS\\ENTREGA_09\\2_MDT\\GEOTIFF\\MDT_1385239.tif","SHRT_FNAME":"MDT_1385239.tif","UPPER_LEFT_X":"555968.833","UPPER_LEFT_Y":"9262868.084","LOWER_RIGHT_X":"556971.333","LOWER_RIGHT_Y":"9261866.084"},"geometry":{"type":"Polygon","coordinates":[[[-62.493625540530005,-6.668502270082776],[-62.484555732847447,-6.668492879657974],[-62.48454625569304,-6.677556689603949],[-62.493616230119002,-6.677566092903844],[-62.493625540530005,-6.668502270082776]]]}},
{"type":"Feature","properties":{"DESCRIPTION":"MDT_1385238.tif","FILENAME":"U:\\P589_AmazoniaRevelada_BR-319\\LiDAR_dataset\\ENTREGAS\\ENTREGA_09\\2_MDT\\GEOTIFF\\MDT_1385238.tif","SHRT_FNAME":"MDT_1385238.tif","UPPER_LEFT_X":"554968.833","UPPER_LEFT_Y":"9262868.084","LOWER_RIGHT_X":"555971.333","LOWER_RIGHT_Y":"9261866.084"},"geometry":{"type":"Polygon","coordinates":[[[-62.502672743133658,-6.668511471028478],[-62.493602922539537,-6.668502246872574],[-62.493593611712726,-6.677566069661821],[-62.502663599051417,-6.677575306464848],[-62.502672743133658,-6.668511471028478]]]}},
{"type":"Feature","properties":{"DESCRIPTION":"MDT_1385237.tif","FILENAME":"U:\\P589_AmazoniaRevelada_BR-319\\LiDAR_dataset\\ENTREGAS\\ENTREGA_09\\2_MDT\\GEOTIFF\\MDT_1385237.tif","SHRT_FNAME":"MDT_1385237.tif","UPPER_LEFT_X":"553968.833","UPPER_LEFT_Y":"9262868.084","LOWER_RIGHT_X":"554971.333","LOWER_RIGHT_Y":"9261866.084"},"geometry":{"type":"Polygon","coordinates":[[[-62.511719958386308,-6.668520506118774],[-62.50265012511128,-6.668511448232914],[-62.502640980613222,-6.67757528363803],[-62.511710980633971,-6.677584353943047],[-62.511719958386308,-6.668520506118774]]]}},
{"type":"Feature","properties":{"DESCRIPTION":"MDT_1385236.tif","FILENAME":"U:\\P589_AmazoniaRevelada_BR-319\\LiDAR_dataset\\ENTREGAS\\ENTREGA_09\\2_MDT\\GEOTIFF\\MDT_1385236.tif","SHRT_FNAME":"MDT_1385236.tif","UPPER_LEFT_X":"552968.333","UPPER_LEFT_Y":"9262868.084","LOWER_RIGHT_X":"553971.333","LOWER_RIGHT_Y":"9261866.084"},"geometry":{"type":"Polygon","coordinates":[[[-62.52077170967479,-6.668529379745678],[-62.511697340332589,-6.66852048373785],[-62.511688362164442,-6.677584331531436],[-62.520762898336656,-6.677593239736468],[-62.52077170967479,-6.668529379745678]]]}},
{"type":"Feature","properties":{"DESCRIPTION":"MDT_1385235.tif","FILENAME":"U:\\P589_AmazoniaRevelada_BR-319\\LiDAR_dataset\\ENTREGAS\\ENTREGA_09\\2_MDT\\GEOTIFF\\MDT_1385235.tif","SHRT_FNAME":"MDT_1385235.tif","UPPER_LEFT_X":"551968.333","UPPER_LEFT_Y":"9262868.084","LOWER_RIGHT_X":"552970.833","LOWER_RIGHT_Y":"9261866.084"},"geometry":{"type":"Polygon","coordinates":[[[-62.529818949541223,-6.668538083038892],[-62.520749091590297,-6.668529357779604],[-62.520740279836339,-6.677593217740275],[-62.529810304535225,-6.677601954962659],[-62.529818949541223,-6.668538083038892]]]}},
{"type":"Feature","properties":{"DESCRIPTION":"MDT_1385234.tif","FILENAME":"U:\\P589_AmazoniaRevelada_BR-319\\LiDAR_dataset\\ENTREGAS\\ENTREGA_09\\2_MDT\\GEOTIFF\\MDT_1385234.tif","SHRT_FNAME":"MDT_1385234.tif","UPPER_LEFT_X":"550968.333","UPPER_LEFT_Y":"9262868.084","LOWER_RIGHT_X":"551970.833","LOWER_RIGHT_Y":"9261866.084"},"geometry":{"type":"Polygon","coordinates":[[[-62.538866201366311,-6.668546620473395],[-62.52979633142656,-6.668538061487463],[-62.529787686004717,-6.677601933381682],[-62.538857722693507,-6.677610504102735],[-62.538866201366311,-6.668546620473395]]]}},
{"type":"Feature","properties":{"DESCRIPTION":"MDT_1385233.tif","FILENAME":"U:\\P589_AmazoniaRevelada_BR-319\\LiDAR_dataset\\ENTREGAS\\ENTREGA_09\\2_MDT\\GEOTIFF\\MDT_1385233.tif","SHRT_FNAME":"MDT_1385233.tif","UPPER_LEFT_X":"549968.333","UPPER_LEFT_Y":"9262868.084","LOWER_RIGHT_X":"550970.833","LOWER_RIGHT_Y":"9261866.084"},"geometry":{"type":"Polygon","coordinates":[[[-62.54791346491993,-6.668554992048131],[-62.538843583222025,-6.668546599336615],[-62.538835104133398,-6.677610482936974],[-62.547905152581414,-6.677618887155634],[-62.54791346491993,-6.668554992048131]]]}},
{"type":"Feature","properties":{"DESCRIPTION":"MDT_1385232.tif","FILENAME":"U:\\P589_AmazoniaRevelada_BR-319\\LiDAR_dataset\\ENTREGAS\\ENTREGA_09\\2_MDT\\GEOTIFF\\MDT_1385232.tif","SHRT_FNAME":"MDT_1385232.tif","UPPER_LEFT_X":"548968.333","UPPER_LEFT_Y":"9262868.084","LOWER_RIGHT_X":"549970.833","LOWER_RIGHT_Y":"9261866.084"},"geometry":{"type":"Polygon","coordinates":[[[-62.556960739972006,-6.668563197762059],[-62.547890846746611,-6.668554971326001],[-62.547882533992258,-6.677618866405094],[-62.556952593968802,-6.677627104120316],[-62.556960739972006,-6.668563197762059]]]}},
{"type":"Feature","properties":{"DESCRIPTION":"MDT_1385231.tif","FILENAME":"U:\\P589_AmazoniaRevelada_BR-319\\LiDAR_dataset\\ENTREGAS\\ENTREGA_09\\2_MDT\\GEOTIFF\\MDT_1385231.tif","SHRT_FNAME":"MDT_1385231.tif","UPPER_LEFT_X":"547967.833","UPPER_LEFT_Y":"9262868.084","LOWER_RIGHT_X":"548970.833","LOWER_RIGHT_Y":"9261866.084"},"geometry":{"type":"Polygon","coordinates":[[[-62.566012549938385,-6.668571241592599],[-62.556938121770223,-6.668563177454583],[-62.556929975351181,-6.677627083784998],[-62.566004570354671,-6.677635158979655],[-62.566012549938385,-6.668571241592599]]]}},
{"type":"Feature","properties":{"DESCRIPTION":"MDT_1385230.tif","FILENAME":"U:\\P589_AmazoniaRevelada_BR-319\\LiDAR_dataset\\ENTREGAS\\ENTREGA_09\\2_MDT\\GEOTIFF\\MDT_1385230.tif","SHRT_FNAME":"MDT_1385230.tif","UPPER_LEFT_X":"546967.833","UPPER_LEFT_Y":"9262868.084","LOWER_RIGHT_X":"547970.333","LOWER_RIGHT_Y":"9261866.084"},"geometry":{"type":"Polygon","coordinates":[[[-62.575059847302555,-6.668579115498946],[-62.565989931708707,-6.668571221699988],[-62.565981951709162,-6.677635139059768],[-62.575052034056185,-6.677643043681817],[-62.575059847302555,-6.668579115498946]]]}},
{"type":"Feature","properties":{"DESCRIPTION":"MDT_1385229.tif","FILENAME":"U:\\P589_AmazoniaRevelada_BR-319\\LiDAR_dataset\\ENTREGAS\\ENTREGA_09\\2_MDT\\GEOTIFF\\MDT_1385229.tif","SHRT_FNAME":"MDT_1385229.tif","UPPER_LEFT_X":"545967.833","UPPER_LEFT_Y":"9262868.084","LOWER_RIGHT_X":"546970.333","LOWER_RIGHT_Y":"9261866.084"},"geometry":{"type":"Polygon","coordinates":[[[-62.58410715547479,-6.66858682354149],[-62.575037229045563,-6.668579096020991],[-62.575029415383355,-6.677643024177156],[-62.584099508566737,-6.677650762292766],[-62.58410715547479,-6.66858682354149]]]}},
{"type":"Feature","properties":{"DESCRIPTION":"MDT_1385228.tif","FILENAME":"U:\\P589_AmazoniaRevelada_BR-319\\LiDAR_dataset\\ENTREGAS\\ENTREGA_09\\2_MDT\\GEOTIFF\\MDT_1385228.tif","SHRT_FNAME":"MDT_1385228.tif","UPPER_LEFT_X":"544967.833","UPPER_LEFT_Y":"9262868.084","LOWER_RIGHT_X":"545970.333","LOWER_RIGHT_Y":"9261866.084"},"geometry":{"type":"Polygon","coordinates":[[[-62.593154474224995,-6.668594365719272],[-62.584084537191075,-6.668586804478195],[-62.584076889867177,-6.677650743203333],[-62.593146993656205,-6.677658314811537],[-62.593154474224995,-6.668594365719272]]]}},
{"type":"Feature","properties":{"DESCRIPTION":"MDT_1385227.tif","FILENAME":"U:\\P589_AmazoniaRevelada_BR-319\\LiDAR_dataset\\ENTREGAS\\ENTREGA_09\\2_MDT\\GEOTIFF\\MDT_1385227.tif","SHRT_FNAME":"MDT_1385227.tif","UPPER_LEFT_X":"543967.833","UPPER_LEFT_Y":"9262868.084","LOWER_RIGHT_X":"544970.333","LOWER_RIGHT_Y":"9261866.084"},"geometry":{"type":"Polygon","coordinates":[[[-62.602201803323062,-6.668601742031361],[-62.593131855915118,-6.668594347070641],[-62.59312437493049,-6.677658296137337],[-62.602194489094487,-6.677665701237198],[-62.602201803323062,-6.668601742031361]]]}},
{"type":"Feature","properties":{"DESCRIPTION":"MDT_1385226.tif","FILENAME":"U:\\P589_AmazoniaRevelada_BR-319\\LiDAR_dataset\\ENTREGAS\\ENTREGA_09\\2_MDT\\GEOTIFF\\MDT_1385226.tif","SHRT_FNAME":"MDT_1385226.tif","UPPER_LEFT_X":"542967.833","UPPER_LEFT_Y":"9262868.084","LOWER_RIGHT_X":"543970.333","LOWER_RIGHT_Y":"9261866.084"},"geometry":{"type":"Polygon","coordinates":[[[-62.611249142538909,-6.668608952476838],[-62.602179184987612,-6.668601723797395],[-62.602171870343184,-6.677665682978232],[-62.611241994651465,-6.67767292156883],[-62.611249142538909,-6.668608952476838]]]}},
{"type":"Feature","properties":{"DESCRIPTION":"MDT_1385225.tif","FILENAME":"U:\\P589_AmazoniaRevelada_BR-319\\LiDAR_dataset\\ENTREGAS\\ENTREGA_09\\2_MDT\\GEOTIFF\\MDT_1385225.tif","SHRT_FNAME":"MDT_1385225.tif","UPPER_LEFT_X":"541967.333","UPPER_LEFT_Y":"9262868.084","LOWER_RIGHT_X":"542970.333","LOWER_RIGHT_Y":"9261866.084"},"geometry":{"type":"Polygon","coordinates":[[[-62.620301015319427,-6.668616000535609],[-62.611226524178448,-6.66860893465754],[-62.611219375875137,-6.6776729037251],[-62.620294033857157,-6.677679979291112],[-62.620301015319427,-6.668616000535609]]]}},
{"type":"Feature","properties":{"DESCRIPTION":"MDT_1385224.tif","FILENAME":"U:\\P589_AmazoniaRevelada_BR-319\\LiDAR_dataset\\ENTREGAS\\ENTREGA_09\\2_MDT\\GEOTIFF\\MDT_1385224.tif","SHRT_FNAME":"MDT_1385224.tif","UPPER_LEFT_X":"540967.333","UPPER_LEFT_Y":"9262868.084","LOWER_RIGHT_X":"541969.833","LOWER_RIGHT_Y":"9261866.084"},"geometry":{"type":"Polygon","coordinates":[[[-62.629348374085289,-6.668622879162265],[-62.620278396934523,-6.66861598313119],[-62.620271415056393,-6.677679961862827],[-62.629341558965919,-6.677686867348971],[-62.629348374085289,-6.668622879162265]]]}},
{"type":"Feature","properties":{"DESCRIPTION":"MDT_1385223.tif","FILENAME":"U:\\P589_AmazoniaRevelada_BR-319\\LiDAR_dataset\\ENTREGAS\\ENTREGA_09\\2_MDT\\GEOTIFF\\MDT_1385223.tif","SHRT_FNAME":"MDT_1385223.tif","UPPER_LEFT_X":"539967.333","UPPER_LEFT_Y":"9262868.084","LOWER_RIGHT_X":"540969.833","LOWER_RIGHT_Y":"9261866.084"},"geometry":{"type":"Polygon","coordinates":[[[-62.638395742278526,-6.668629591919685],[-62.629325755676533,-6.668622862172517],[-62.629318940141289,-6.677686850335927],[-62.638389093502887,-6.677693589310174],[-62.638395742278526,-6.668629591919685]]]}},
{"type":"Feature","properties":{"DESCRIPTION":"MDT_1385222.tif","FILENAME":"U:\\P589_AmazoniaRevelada_BR-319\\LiDAR_dataset\\ENTREGAS\\ENTREGA_09\\2_MDT\\GEOTIFF\\MDT_1385222.tif","SHRT_FNAME":"MDT_1385222.tif","UPPER_LEFT_X":"538967.333","UPPER_LEFT_Y":"9262868.084","LOWER_RIGHT_X":"539969.833","LOWER_RIGHT_Y":"9261866.084"},"geometry":{"type":"Polygon","coordinates":[[[-62.647443119669006,-6.668636138807037],[-62.638373123846478,-6.668629575344611],[-62.638366474654973,-6.677693572712372],[-62.647436637237945,-6.677700145173885],[-62.647443119669006,-6.668636138807037]]]}},
{"type":"Feature","properties":{"DESCRIPTION":"MDT_1385221.tif","FILENAME":"U:\\P589_AmazoniaRevelada_BR-319\\LiDAR_dataset\\ENTREGAS\\ENTREGA_09\\2_MDT\\GEOTIFF\\MDT_1385221.tif","SHRT_FNAME":"MDT_1385221.tif","UPPER_LEFT_X":"537967.333","UPPER_LEFT_Y":"9262868.084","LOWER_RIGHT_X":"538969.833","LOWER_RIGHT_Y":"9261866.084"},"geometry":{"type":"Polygon","coordinates":[[[-62.656490506026628,-6.668642519823509],[-62.647420501214249,-6.668636122646639],[-62.647414018367321,-6.677700128991328],[-62.656484189940954,-6.677706534939293],[-62.656490506026628,-6.668642519823509]]]}},
{"type":"Feature","properties":{"DESCRIPTION":"MDT_1385220.tif","FILENAME":"U:\\P589_AmazoniaRevelada_BR-319\\LiDAR_dataset\\ENTREGAS\\ENTREGA_09\\2_MDT\\GEOTIFF\\MDT_1385220.tif","SHRT_FNAME":"MDT_1385220.tif","UPPER_LEFT_X":"536966.833","UPPER_LEFT_Y":"9262868.084","LOWER_RIGHT_X":"537969.833","LOWER_RIGHT_Y":"9261866.084"},"geometry":{"type":"Polygon","coordinates":[[[-62.665542424821005,-6.66864873803439],[-62.656467887549745,-6.668642504077789],[-62.656461571048212,-6.677706519171983],[-62.665536275164676,-6.677712761675888],[-62.665542424821005,-6.66864873803439]]]}},
{"type":"Feature","properties":{"DESCRIPTION":"MDT_1385219.tif","FILENAME":"U:\\P589_AmazoniaRevelada_BR-319\\LiDAR_dataset\\ENTREGAS\\ENTREGA_09\\2_MDT\\GEOTIFF\\MDT_1385219.tif","SHRT_FNAME":"MDT_1385219.tif","UPPER_LEFT_X":"535966.833","UPPER_LEFT_Y":"9262868.084","LOWER_RIGHT_X":"536969.333","LOWER_RIGHT_Y":"9261866.084"},"geometry":{"type":"Polygon","coordinates":[[[-62.674589828426811,-6.668654787223807],[-62.665519806322557,-6.668648722703558],[-62.665513656250361,-6.677712746324037],[-62.674583845117432,-6.677718819159279],[-62.674589828426811,-6.668654787223807]]]}},
{"type":"Feature","properties":{"DESCRIPTION":"MDT_1385218.tif","FILENAME":"U:\\P589_AmazoniaRevelada_BR-319\\LiDAR_dataset\\ENTREGAS\\ENTREGA_09\\2_MDT\\GEOTIFF\\MDT_1385218.tif","SHRT_FNAME":"MDT_1385218.tif","UPPER_LEFT_X":"534966.833","UPPER_LEFT_Y":"9262868.084","LOWER_RIGHT_X":"535969.333","LOWER_RIGHT_Y":"9261866.084"},"geometry":{"type":"Polygon","coordinates":[[[-62.683637240309338,-6.668660670540027],[-62.674567209907387,-6.668654772307655],[-62.674561226182135,-6.677718804222677],[-62.683631423347656,-6.677724710542046],[-62.683637240309338,-6.668660670540027]]]}},
{"type":"Feature","properties":{"DESCRIPTION":"MDT_1385217.tif","FILENAME":"U:\\P589_AmazoniaRevelada_BR-319\\LiDAR_dataset\\ENTREGAS\\ENTREGA_09\\2_MDT\\GEOTIFF\\MDT_1385217.tif","SHRT_FNAME":"MDT_1385217.tif","UPPER_LEFT_X":"533966.833","UPPER_LEFT_Y":"9262868.084","LOWER_RIGHT_X":"534969.333","LOWER_RIGHT_Y":"9261866.084"},"geometry":{"type":"Polygon","coordinates":[[[-62.692684660238477,-6.668666387982322],[-62.683614621769507,-6.66866065603856],[-62.683608804391959,-6.677724696020695],[-62.692679009625223,-6.677730435823458],[-62.692684660238477,-6.668666387982322]]]}},
{"type":"Feature","properties":{"DESCRIPTION":"MDT_1385216.tif","FILENAME":"U:\\P589_AmazoniaRevelada_BR-319\\LiDAR_dataset\\ENTREGAS\\ENTREGA_09\\2_MDT\\GEOTIFF\\MDT_1385216.tif","SHRT_FNAME":"MDT_1385216.tif","UPPER_LEFT_X":"532966.833","UPPER_LEFT_Y":"9262868.084","LOWER_RIGHT_X":"533969.333","LOWER_RIGHT_Y":"9261866.084"},"geometry":{"type":"Polygon","coordinates":[[[-62.701732087984112,-6.668671939549979],[-62.692662041678815,-6.66866637389554],[-62.692656390649681,-6.677730421717362],[-62.70172660371999,-6.677735995002804],[-62.701732087984112,-6.668671939549979]]]}},
{"type":"Feature","properties":{"DESCRIPTION":"MDT_1385215.tif","FILENAME":"U:\\P589_AmazoniaRevelada_BR-319\\LiDAR_dataset\\ENTREGAS\\ENTREGA_09\\2_MDT\\GEOTIFF\\MDT_1385215.tif","SHRT_FNAME":"MDT_1385215.tif","UPPER_LEFT_X":"531966.333","UPPER_LEFT_Y":"9262868.084","LOWER_RIGHT_X":"532969.333","LOWER_RIGHT_Y":"9261866.084"},"geometry":{"type":"Polygon","coordinates":[[[-62.710784047035659,-6.668677327893668],[-62.701709469405195,-6.668671925877885],[-62.701703984725199,-6.677735981311965],[-62.710778729204527,-6.677741390734389],[-62.710784047035659,-6.668677327893668]]]}},
{"type":"Feature","properties":{"DESCRIPTION":"MDT_1385214.tif","FILENAME":"U:\\P589_AmazoniaRevelada_BR-319\\LiDAR_dataset\\ENTREGAS\\ENTREGA_09\\2_MDT\\GEOTIFF\\MDT_1385214.tif","SHRT_FNAME":"MDT_1385214.tif","UPPER_LEFT_X":"530966.333","UPPER_LEFT_Y":"9262868.084","LOWER_RIGHT_X":"531968.833","LOWER_RIGHT_Y":"9261866.084"},"geometry":{"type":"Polygon","coordinates":[[[-62.719831489727568,-6.668682547627068],[-62.710761428438055,-6.66867731463647],[-62.710756110191049,-6.677741377459015],[-62.719826338246932,-6.677746617624504],[-62.719831489727568,-6.668682547627068]]]}},
{"type":"Feature","properties":{"DESCRIPTION":"MDT_1385213.tif","FILENAME":"U:\\P589_AmazoniaRevelada_BR-319\\LiDAR_dataset\\ENTREGAS\\ENTREGA_09\\2_MDT\\GEOTIFF\\MDT_1385213.tif","SHRT_FNAME":"MDT_1385213.tif","UPPER_LEFT_X":"529966.333","UPPER_LEFT_Y":"9262868.084","LOWER_RIGHT_X":"530968.833","LOWER_RIGHT_Y":"9261866.084"},"geometry":{"type":"Polygon","coordinates":[[[-62.728878939545545,-6.668687601483826],[-62.719808871111866,-6.668682534784561],[-62.719803719215349,-6.677746604764392],[-62.728873954416031,-6.677751678410547],[-62.728878939545545,-6.668687601483826]]]}},
{"type":"Feature","properties":{"DESCRIPTION":"MDT_1385212.tif","FILENAME":"U:\\P589_AmazoniaRevelada_BR-319\\LiDAR_dataset\\ENTREGAS\\ENTREGA_09\\2_MDT\\GEOTIFF\\MDT_1385212.tif","SHRT_FNAME":"MDT_1385212.tif","UPPER_LEFT_X":"528966.333","UPPER_LEFT_Y":"9262868.084","LOWER_RIGHT_X":"529968.833","LOWER_RIGHT_Y":"9261866.084"},"geometry":{"type":"Polygon","coordinates":[[[-62.737926396259454,-6.668692489463314],[-62.7288563209123,-6.668687589056011],[-62.728851335366912,-6.677751665965695],[-62.737921577481671,-6.677756573091889],[-62.737926396259454,-6.668692489463314]]]}},
{"type":"Feature","properties":{"DESCRIPTION":"MDT_1385211.tif","FILENAME":"U:\\P589_AmazoniaRevelada_BR-319\\LiDAR_dataset\\ENTREGAS\\ENTREGA_09\\2_MDT\\GEOTIFF\\MDT_1385211.tif","SHRT_FNAME":"MDT_1385211.tif","UPPER_LEFT_X":"527966.333","UPPER_LEFT_Y":"9262868.084","LOWER_RIGHT_X":"528968.833","LOWER_RIGHT_Y":"9261866.084"},"geometry":{"type":"Polygon","coordinates":[[[-62.746973859639169,-6.668697211564926],[-62.737903777609255,-6.668692477450194],[-62.737898958415613,-6.677756561062298],[-62.746969207213766,-6.67776130166792],[-62.746973859639169,-6.668697211564926]]]}},
{"type":"Feature","properties":{"DESCRIPTION":"MDT_1385210.tif","FILENAME":"U:\\P589_AmazoniaRevelada_BR-319\\LiDAR_dataset\\ENTREGAS\\ENTREGA_09\\2_MDT\\GEOTIFF\\MDT_1385210.tif","SHRT_FNAME":"MDT_1385210.tif","UPPER_LEFT_X":"526965.833","UPPER_LEFT_Y":"9262868.084","LOWER_RIGHT_X":"527968.833","LOWER_RIGHT_Y":"9261866.084"},"geometry":{"type":"Polygon","coordinates":[[[-62.756025853191083,-6.668701770024697],[-62.746951240972592,-6.668697199966501],[-62.746946588131301,-6.677761290053593],[-62.756021367201775,-6.677765866377742],[-62.756025853191083,-6.668701770024697]]]}},
{"type":"Feature","properties":{"DESCRIPTION":"MDT_1385209.tif","FILENAME":"U:\\P589_AmazoniaRevelada_BR-319\\LiDAR_dataset\\ENTREGAS\\ENTREGA_09\\2_MDT\\GEOTIFF\\MDT_1385209.tif","SHRT_FNAME":"MDT_1385209.tif","UPPER_LEFT_X":"525965.833","UPPER_LEFT_Y":"9262868.084","LOWER_RIGHT_X":"526968.333","LOWER_RIGHT_Y":"9261866.084"},"geometry":{"type":"Polygon","coordinates":[[[-62.765073329215141,-6.668706160285877],[-62.756003234508697,-6.668701758841176],[-62.755998748103515,-6.677765855178888],[-62.765069009579342,-6.67777026265836],[-62.765073329215141,-6.668706160285877]]]}},
{"type":"Feature","properties":{"DESCRIPTION":"MDT_1385208.tif","FILENAME":"U:\\P589_AmazoniaRevelada_BR-319\\LiDAR_dataset\\ENTREGAS\\ENTREGA_09\\2_MDT\\GEOTIFF\\MDT_1385208.tif","SHRT_FNAME":"MDT_1385208.tif","UPPER_LEFT_X":"524965.833","UPPER_LEFT_Y":"9262868.084","LOWER_RIGHT_X":"525968.333","LOWER_RIGHT_Y":"9261866.084"},"geometry":{"type":"Polygon","coordinates":[[[-62.774120811214566,-6.668710384667485],[-62.765050710517528,-6.668706149517055],[-62.765046390465855,-6.677770251874772],[-62.774116657932801,-6.677774492831969],[-62.774120811214566,-6.668710384667485]]]}},
{"type":"Feature","properties":{"DESCRIPTION":"MDT_1385207.tif","FILENAME":"U:\\P589_AmazoniaRevelada_BR-319\\LiDAR_dataset\\ENTREGAS\\ENTREGA_09\\2_MDT\\GEOTIFF\\MDT_1385207.tif","SHRT_FNAME":"MDT_1385207.tif","UPPER_LEFT_X":"523965.833","UPPER_LEFT_Y":"9262868.084","LOWER_RIGHT_X":"524968.333","LOWER_RIGHT_Y":"9261866.084"},"geometry":{"type":"Polygon","coordinates":[[[-62.783168298959225,-6.668714443168994],[-62.774098192502308,-6.668710374313363],[-62.77409403880467,-6.677774482463651],[-62.783164312032021,-6.677778556898044],[-62.783168298959225,-6.668714443168994]]]}},
{"type":"Feature","properties":{"DESCRIPTION":"MDT_1385206.tif","FILENAME":"U:\\P589_AmazoniaRevelada_BR-319\\LiDAR_dataset\\ENTREGAS\\ENTREGA_09\\2_MDT\\GEOTIFF\\MDT_1385206.tif","SHRT_FNAME":"MDT_1385206.tif","UPPER_LEFT_X":"522965.833","UPPER_LEFT_Y":"9262868.084","LOWER_RIGHT_X":"523968.333","LOWER_RIGHT_Y":"9261866.084"},"geometry":{"type":"Polygon","coordinates":[[[-62.792215792219004,-6.668718335789904],[-62.783145680232892,-6.668714433229574],[-62.783141692889807,-6.677778546944995],[-62.792211971646879,-6.67778245485608],[-62.792215792219004,-6.668718335789904]]]}},
{"type":"Feature","properties":{"DESCRIPTION":"MDT_1385205.tif","FILENAME":"U:\\P589_AmazoniaRevelada_BR-319\\LiDAR_dataset\\ENTREGAS\\ENTREGA_09\\2_MDT\\GEOTIFF\\MDT_1385205.tif","SHRT_FNAME":"MDT_1385205.tif","UPPER_LEFT_X":"521965.833","UPPER_LEFT_Y":"9262868.084","LOWER_RIGHT_X":"522968.333","LOWER_RIGHT_Y":"9261866.084"},"geometry":{"type":"Polygon","coordinates":[[[-62.801263290763799,-6.668722062529726],[-62.792193173479177,-6.668718326265185],[-62.79218935249115,-6.677782445318301],[-62.801259636547194,-6.677786186705594],[-62.801263290763799,-6.668722062529726]]]}},
{"type":"Feature","properties":{"DESCRIPTION":"MDT_1385204.tif","FILENAME":"U:\\P589_AmazoniaRevelada_BR-319\\LiDAR_dataset\\ENTREGAS\\ENTREGA_09\\2_MDT\\GEOTIFF\\MDT_1385204.tif","SHRT_FNAME":"MDT_1385204.tif","UPPER_LEFT_X":"520965.333","UPPER_LEFT_Y":"9262868.084","LOWER_RIGHT_X":"521968.333","LOWER_RIGHT_Y":"9261866.084"},"geometry":{"type":"Polygon","coordinates":[[[-62.810315318116494,-6.668725625126938],[-62.801240672011033,-6.66872205341971],[-62.80123701737854,-6.677786177583087],[-62.810311830339074,-6.677789754187443],[-62.810315318116494,-6.668725625126938]]]}},
{"type":"Feature","properties":{"DESCRIPTION":"MDT_1385203.tif","FILENAME":"U:\\P589_AmazoniaRevelada_BR-319\\LiDAR_dataset\\ENTREGAS\\ENTREGA_09\\2_MDT\\GEOTIFF\\MDT_1385203.tif","SHRT_FNAME":"MDT_1385203.tif","UPPER_LEFT_X":"519965.333","UPPER_LEFT_Y":"9262868.084","LOWER_RIGHT_X":"520967.833","LOWER_RIGHT_Y":"9261866.084"},"geometry":{"type":"Polygon","coordinates":[[[-62.819362826543284,-6.668729020020284],[-62.810292699351379,-6.668725616431835],[-62.810289211158064,-6.677789745480417],[-62.819359505122293,-6.677793153735487],[-62.819362826543284,-6.668729020020284]]]}},
{"type":"Feature","properties":{"DESCRIPTION":"MDT_1385202.tif","FILENAME":"U:\\P589_AmazoniaRevelada_BR-319\\LiDAR_dataset\\ENTREGAS\\ENTREGA_09\\2_MDT\\GEOTIFF\\MDT_1385202.tif","SHRT_FNAME":"MDT_1385202.tif","UPPER_LEFT_X":"518965.333","UPPER_LEFT_Y":"9262868.084","LOWER_RIGHT_X":"519967.833","LOWER_RIGHT_Y":"9261866.084"},"geometry":{"type":"Polygon","coordinates":[[[-62.828410339564591,-6.668732249031216],[-62.819340207766388,-6.668729011739885],[-62.819336885929509,-6.677793145443736],[-62.828407184500449,-6.677796387173681],[-62.828410339564591,-6.668732249031216]]]}},
{"type":"Feature","properties":{"DESCRIPTION":"MDT_1385201.tif","FILENAME":"U:\\P589_AmazoniaRevelada_BR-319\\LiDAR_dataset\\ENTREGAS\\ENTREGA_09\\2_MDT\\GEOTIFF\\MDT_1385201.tif","SHRT_FNAME":"MDT_1385201.tif","UPPER_LEFT_X":"517965.333","UPPER_LEFT_Y":"9262868.084","LOWER_RIGHT_X":"518967.833","LOWER_RIGHT_Y":"9261866.084"},"geometry":{"type":"Polygon","coordinates":[[[-62.837457856950316,-6.668735312159337],[-62.828387720776504,-6.668732241165525],[-62.828384565296467,-6.677796379297205],[-62.83745486824342,-6.677799454501622],[-62.837457856950316,-6.668735312159337]]]}},
{"type":"Feature","properties":{"DESCRIPTION":"MDT_1385200.tif","FILENAME":"U:\\P589_AmazoniaRevelada_BR-319\\LiDAR_dataset\\ENTREGAS\\ENTREGA_09\\2_MDT\\GEOTIFF\\MDT_1385200.tif","SHRT_FNAME":"MDT_1385200.tif","UPPER_LEFT_X":"516965.333","UPPER_LEFT_Y":"9262868.084","LOWER_RIGHT_X":"517967.833","LOWER_RIGHT_Y":"9261866.084"},"geometry":{"type":"Polygon","coordinates":[[[-62.846505378470312,-6.668738209404266],[-62.837435238151599,-6.668735304708353],[-62.837432249028801,-6.677799447040423],[-62.846502556121038,-6.67780235571893],[-62.846505378470312,-6.668738209404266]]]}},
{"type":"Feature","properties":{"DESCRIPTION":"MDT_1385199.tif","FILENAME":"U:\\P589_AmazoniaRevelada_BR-319\\LiDAR_dataset\\ENTREGAS\\ENTREGA_09\\2_MDT\\GEOTIFF\\MDT_1385199.tif","SHRT_FNAME":"MDT_1385199.tif","UPPER_LEFT_X":"515964.833","UPPER_LEFT_Y":"9262868.084","LOWER_RIGHT_X":"516967.833","LOWER_RIGHT_Y":"9261866.084"},"geometry":{"type":"Polygon","coordinates":[[[-62.855557427658134,-6.668740942089831],[-62.846482759661562,-6.66873820236799],[-62.84647993689638,-6.677802348673007],[-62.85555477175,-6.67780509215125],[-62.855557427658134,-6.668740942089831]]]}},
{"type":"Feature","properties":{"DESCRIPTION":"MDT_1385198.tif","FILENAME":"U:\\P589_AmazoniaRevelada_BR-319\\LiDAR_dataset\\ENTREGAS\\ENTREGA_09\\2_MDT\\GEOTIFF\\MDT_1385198.tif","SHRT_FNAME":"MDT_1385198.tif","UPPER_LEFT_X":"514964.833","UPPER_LEFT_Y":"9262868.084","LOWER_RIGHT_X":"515967.333","LOWER_RIGHT_Y":"9261866.084"},"geometry":{"type":"Polygon","coordinates":[[[-62.864604956758107,-6.668743507484372],[-62.855534808839884,-6.668740935468471],[-62.85553215251587,-6.677805085520811],[-62.864602467208279,-6.677807661063176],[-62.864604956758107,-6.668743507484372]]]}},
{"type":"Feature","properties":{"DESCRIPTION":"MDT_1385197.tif","FILENAME":"U:\\P589_AmazoniaRevelada_BR-319\\LiDAR_dataset\\ENTREGAS\\ENTREGA_09\\2_MDT\\GEOTIFF\\MDT_1385197.tif","SHRT_FNAME":"MDT_1385197.tif","UPPER_LEFT_X":"513964.833","UPPER_LEFT_Y":"9262868.084","LOWER_RIGHT_X":"514967.333","LOWER_RIGHT_Y":"9261866.084"},"geometry":{"type":"Polygon","coordinates":[[[-62.873652489301897,-6.668745906994705],[-62.864582337930969,-6.668743501277725],[-62.864579847965253,-6.677807654848016],[-62.873650166110679,-6.677810063863451],[-62.873652489301897,-6.668745906994705]]]}},
{"type":"Feature","properties":{"DESCRIPTION":"MDT_1385196.tif","FILENAME":"U:\\P589_AmazoniaRevelada_BR-319\\LiDAR_dataset\\ENTREGAS\\ENTREGA_09\\2_MDT\\GEOTIFF\\MDT_1385196.tif","SHRT_FNAME":"MDT_1385196.tif","UPPER_LEFT_X":"512964.833","UPPER_LEFT_Y":"9262868.084","LOWER_RIGHT_X":"513967.333","LOWER_RIGHT_Y":"9261866.084"},"geometry":{"type":"Polygon","coordinates":[[[-62.882700025059343,-6.66874814062053],[-62.873629870466424,-6.668745901202768],[-62.873627546859318,-6.67781005806357],[-62.882697868227041,-6.677812300551776],[-62.882700025059343,-6.66874814062053]]]}},
{"type":"Feature","properties":{"DESCRIPTION":"MDT_1385195.tif","FILENAME":"U:\\P589_AmazoniaRevelada_BR-319\\LiDAR_dataset\\ENTREGAS\\ENTREGA_09\\2_MDT\\GEOTIFF\\MDT_1385195.tif","SHRT_FNAME":"MDT_1385195.tif","UPPER_LEFT_X":"511964.833","UPPER_LEFT_Y":"9262868.084","LOWER_RIGHT_X":"512967.333","LOWER_RIGHT_Y":"9261866.084"},"geometry":{"type":"Polygon","coordinates":[[[-62.891747563800344,-6.668750208361571],[-62.882677406216139,-6.668748135243304],[-62.882675248967928,-6.677812295167175],[-62.891745573327221,-6.67781437112787],[-62.891747563800344,-6.668750208361571]]]}},
{"type":"Feature","properties":{"DESCRIPTION":"MDT_1385194.tif","FILENAME":"U:\\P589_AmazoniaRevelada_BR-319\\LiDAR_dataset\\ENTREGAS\\ENTREGA_09\\2_MDT\\GEOTIFF\\MDT_1385194.tif","SHRT_FNAME":"MDT_1385194.tif","UPPER_LEFT_X":"510964.333","UPPER_LEFT_Y":"9262868.084","LOWER_RIGHT_X":"511967.333","LOWER_RIGHT_Y":"9261866.084"},"geometry":{"type":"Polygon","coordinates":[[[-62.900799629066171,-6.668752111127004],[-62.891724944949964,-6.668750203399055],[-62.891722954060931,-6.677814366158553],[-62.900797805035644,-6.677816276502165],[-62.900799629066171,-6.668752111127004]]]}},
{"type":"Feature","properties":{"DESCRIPTION":"MDT_1385193.tif","FILENAME":"U:\\P589_AmazoniaRevelada_BR-319\\LiDAR_dataset\\ENTREGAS\\ENTREGA_09\\2_MDT\\GEOTIFF\\MDT_1385193.tif","SHRT_FNAME":"MDT_1385193.tif","UPPER_LEFT_X":"509964.333","UPPER_LEFT_Y":"9262868.084","LOWER_RIGHT_X":"510966.833","LOWER_RIGHT_Y":"9261866.084"},"geometry":{"type":"Polygon","coordinates":[[[-62.909847173085112,-6.668753847014782],[-62.900777010209183,-6.668752106579412],[-62.900775185762768,-6.677816271948336],[-62.909845515414233,-6.677818014769999],[-62.909847173085112,-6.668753847014782]]]}},
{"type":"Feature","properties":{"DESCRIPTION":"MDT_1384252.tif","FILENAME":"U:\\P589_AmazoniaRevelada_BR-319\\LiDAR_dataset\\ENTREGAS\\ENTREGA_09\\2_MDT\\GEOTIFF\\MDT_1384252.tif","SHRT_FNAME":"MDT_1384252.tif","UPPER_LEFT_X":"568970.329","UPPER_LEFT_Y":"9263867.958","LOWER_RIGHT_X":"569972.329","LOWER_RIGHT_Y":"9262865.958"},"geometry":{"type":"Polygon","coordinates":[[[-62.376011060348013,-6.659323139380192],[-62.366946131084305,-6.659311608924522],[-62.366934507752084,-6.668375234533984],[-62.375999603428021,-6.668386780820011],[-62.376011060348013,-6.659323139380192]]]}},
{"type":"Feature","properties":{"DESCRIPTION":"MDT_1384251.tif","FILENAME":"U:\\P589_AmazoniaRevelada_BR-319\\LiDAR_dataset\\ENTREGAS\\ENTREGA_09\\2_MDT\\GEOTIFF\\MDT_1384251.tif","SHRT_FNAME":"MDT_1384251.tif","UPPER_LEFT_X":"567970.234","UPPER_LEFT_Y":"9263867.958","LOWER_RIGHT_X":"568972.234","LOWER_RIGHT_Y":"9262865.958"},"geometry":{"type":"Polygon","coordinates":[[[-62.385058773089753,-6.659334482116566],[-62.375993827923672,-6.659323117618565],[-62.375982370687325,-6.668386759028508],[-62.385047482267069,-6.668398139129019],[-62.385058773089753,-6.659334482116566]]]}},
{"type":"Feature","properties":{"DESCRIPTION":"MDT_1384250.tif","FILENAME":"U:\\P589_AmazoniaRevelada_BR-319\\LiDAR_dataset\\ENTREGAS\\ENTREGA_09\\2_MDT\\GEOTIFF\\MDT_1384250.tif","SHRT_FNAME":"MDT_1384250.tif","UPPER_LEFT_X":"566969.833","UPPER_LEFT_Y":"9263868.084","LOWER_RIGHT_X":"567972.333","LOWER_RIGHT_Y":"9262865.584"},"geometry":{"type":"Polygon","coordinates":[[[-62.394109267936301,-6.659344521252696],[-62.385039783684945,-6.659333317136862],[-62.38502848687736,-6.66840149689938],[-62.394098137709946,-6.668412716405216],[-62.394109267936301,-6.659344521252696]]]}},
{"type":"Feature","properties":{"DESCRIPTION":"MDT_1384249.tif","FILENAME":"U:\\P589_AmazoniaRevelada_BR-319\\LiDAR_dataset\\ENTREGAS\\ENTREGA_09\\2_MDT\\GEOTIFF\\MDT_1384249.tif","SHRT_FNAME":"MDT_1384249.tif","UPPER_LEFT_X":"565969.833","UPPER_LEFT_Y":"9263868.084","LOWER_RIGHT_X":"566972.333","LOWER_RIGHT_Y":"9262865.584"},"geometry":{"type":"Polygon","coordinates":[[[-62.403156150448112,-6.659355531607657],[-62.394086650749237,-6.659344493519275],[-62.394075520107464,-6.668412688633699],[-62.403145186388969,-6.668423741884025],[-62.403156150448112,-6.659355531607657]]]}},
{"type":"Feature","properties":{"DESCRIPTION":"MDT_1384248.tif","FILENAME":"U:\\P589_AmazoniaRevelada_BR-319\\LiDAR_dataset\\ENTREGAS\\ENTREGA_09\\2_MDT\\GEOTIFF\\MDT_1384248.tif","SHRT_FNAME":"MDT_1384248.tif","UPPER_LEFT_X":"564969.833","UPPER_LEFT_Y":"9263868.084","LOWER_RIGHT_X":"565972.333","LOWER_RIGHT_Y":"9262865.584"},"geometry":{"type":"Polygon","coordinates":[[[-62.412203048138579,-6.659366376347831],[-62.403133533222814,-6.65935550428827],[-62.403122568748245,-6.668423714527112],[-62.412192250248019,-6.66843460152056],[-62.412203048138579,-6.659366376347831]]]}},
{"type":"Feature","properties":{"DESCRIPTION":"MDT_1384247.tif","FILENAME":"U:\\P589_AmazoniaRevelada_BR-319\\LiDAR_dataset\\ENTREGAS\\ENTREGA_09\\2_MDT\\GEOTIFF\\MDT_1384247.tif","SHRT_FNAME":"MDT_1384247.tif","UPPER_LEFT_X":"563969.853","UPPER_LEFT_Y":"9263867.958","LOWER_RIGHT_X":"564971.853","LOWER_RIGHT_Y":"9262865.958"},"geometry":{"type":"Polygon","coordinates":[[[-62.421249778173767,-6.65937819661232],[-62.412184771703664,-6.65936749595891],[-62.412173978864928,-6.668431198296632],[-62.421239151754236,-6.668441913641153],[-62.421249778173767,-6.65937819661232]]]}},
{"type":"Feature","properties":{"DESCRIPTION":"MDT_1384246.tif","FILENAME":"U:\\P589_AmazoniaRevelada_BR-319\\LiDAR_dataset\\ENTREGAS\\ENTREGA_09\\2_MDT\\GEOTIFF\\MDT_1384246.tif","SHRT_FNAME":"MDT_1384246.tif","UPPER_LEFT_X":"562969.333","UPPER_LEFT_Y":"9263868.084","LOWER_RIGHT_X":"563972.333","LOWER_RIGHT_Y":"9262865.584"},"geometry":{"type":"Polygon","coordinates":[[[-62.430301411602656,-6.659387574193778],[-62.421227343477632,-6.659377028980563],[-62.421216711341557,-6.668445268785777],[-62.430290946136367,-6.668455828483922],[-62.430301411602656,-6.659387574193778]]]}},
{"type":"Feature","properties":{"DESCRIPTION":"MDT_1384245.tif","FILENAME":"U:\\P589_AmazoniaRevelada_BR-319\\LiDAR_dataset\\ENTREGAS\\ENTREGA_09\\2_MDT\\GEOTIFF\\MDT_1384245.tif","SHRT_FNAME":"MDT_1384245.tif","UPPER_LEFT_X":"561969.333","UPPER_LEFT_Y":"9263868.084","LOWER_RIGHT_X":"562971.833","LOWER_RIGHT_Y":"9262865.584"},"geometry":{"type":"Polygon","coordinates":[[[-62.439348353456033,-6.659397921998782],[-62.43027879426608,-6.659387548116722],[-62.430268328384358,-6.668455802371048],[-62.439338054162313,-6.668466190502699],[-62.439348353456033,-6.659397921998782]]]}},
{"type":"Feature","properties":{"DESCRIPTION":"MDT_1384244.tif","FILENAME":"U:\\P589_AmazoniaRevelada_BR-319\\LiDAR_dataset\\ENTREGAS\\ENTREGA_09\\2_MDT\\GEOTIFF\\MDT_1384244.tif","SHRT_FNAME":"MDT_1384244.tif","UPPER_LEFT_X":"560969.333","UPPER_LEFT_Y":"9263868.084","LOWER_RIGHT_X":"561971.833","LOWER_RIGHT_Y":"9262865.584"},"geometry":{"type":"Polygon","coordinates":[[[-62.448395309567786,-6.659408104183739],[-62.439325736083532,-6.659397896335777],[-62.439315436374379,-6.668466164804444],[-62.448385176447921,-6.668476386673934],[-62.448395309567786,-6.659408104183739]]]}},
{"type":"Feature","properties":{"DESCRIPTION":"MDT_1384243.tif","FILENAME":"U:\\P589_AmazoniaRevelada_BR-319\\LiDAR_dataset\\ENTREGAS\\ENTREGA_09\\2_MDT\\GEOTIFF\\MDT_1384243.tif","SHRT_FNAME":"MDT_1384243.tif","UPPER_LEFT_X":"559969.333","UPPER_LEFT_Y":"9263868.084","LOWER_RIGHT_X":"560971.833","LOWER_RIGHT_Y":"9262865.584"},"geometry":{"type":"Polygon","coordinates":[[[-62.457442279707848,-6.659418120747383],[-62.448372692159914,-6.659408078934786],[-62.448362558624616,-6.668476361390298],[-62.457432312763117,-6.668486416996357],[-62.457442279707848,-6.659418120747383]]]}},
{"type":"Feature","properties":{"DESCRIPTION":"MDT_1384242.tif","FILENAME":"U:\\P589_AmazoniaRevelada_BR-319\\LiDAR_dataset\\ENTREGAS\\ENTREGA_09\\2_MDT\\GEOTIFF\\MDT_1384242.tif","SHRT_FNAME":"MDT_1384242.tif","UPPER_LEFT_X":"558969.333","UPPER_LEFT_Y":"9263868.084","LOWER_RIGHT_X":"559971.833","LOWER_RIGHT_Y":"9262865.584"},"geometry":{"type":"Polygon","coordinates":[[[-62.466489263646167,-6.65942797168847],[-62.457419662265188,-6.659418095912484],[-62.457409694905017,-6.668486392127344],[-62.466479462877821,-6.668496281468723],[-62.466489263646167,-6.65942797168847]]]}},
{"type":"Feature","properties":{"DESCRIPTION":"MDT_1384241.tif","FILENAME":"U:\\P589_AmazoniaRevelada_BR-319\\LiDAR_dataset\\ENTREGAS\\ENTREGA_09\\2_MDT\\GEOTIFF\\MDT_1384241.tif","SHRT_FNAME":"MDT_1384241.tif","UPPER_LEFT_X":"557968.833","UPPER_LEFT_Y":"9263868.084","LOWER_RIGHT_X":"558971.833","LOWER_RIGHT_Y":"9262865.584"},"geometry":{"type":"Polygon","coordinates":[[[-62.475540784654804,-6.659437661807008],[-62.466466646169302,-6.659427947267629],[-62.466456844985508,-6.668496257014338],[-62.475531150147148,-6.668505984897636],[-62.475540784654804,-6.659437661807008]]]}},
{"type":"Feature","properties":{"DESCRIPTION":"MDT_1384240.tif","FILENAME":"U:\\P589_AmazoniaRevelada_BR-319\\LiDAR_dataset\\ENTREGAS\\ENTREGA_09\\2_MDT\\GEOTIFF\\MDT_1384240.tif","SHRT_FNAME":"MDT_1384240.tif","UPPER_LEFT_X":"556968.833","UPPER_LEFT_Y":"9263868.084","LOWER_RIGHT_X":"557971.333","LOWER_RIGHT_Y":"9262865.584"},"geometry":{"type":"Polygon","coordinates":[[[-62.484587795506101,-6.65944718141652],[-62.475518167144301,-6.659437637800436],[-62.475508532221191,-6.668505960858089],[-62.484578327177253,-6.668515517583312],[-62.484587795506101,-6.65944718141652]]]}},
{"type":"Feature","properties":{"DESCRIPTION":"MDT_1384239.tif","FILENAME":"U:\\P589_AmazoniaRevelada_BR-319\\LiDAR_dataset\\ENTREGAS\\ENTREGA_09\\2_MDT\\GEOTIFF\\MDT_1384239.tif","SHRT_FNAME":"MDT_1384239.tif","UPPER_LEFT_X":"555968.833","UPPER_LEFT_Y":"9263868.084","LOWER_RIGHT_X":"556971.333","LOWER_RIGHT_Y":"9262865.584"},"geometry":{"type":"Polygon","coordinates":[[[-62.493634819465385,-6.659456535399871],[-62.484565177962537,-6.659447157824013],[-62.484555709218242,-6.668515493958397],[-62.493625517316524,-6.668524884415321],[-62.493634819465385,-6.659456535399871]]]}},
{"type":"Feature","properties":{"DESCRIPTION":"MDT_1384238.tif","FILENAME":"U:\\P589_AmazoniaRevelada_BR-319\\LiDAR_dataset\\ENTREGAS\\ENTREGA_09\\2_MDT\\GEOTIFF\\MDT_1384238.tif","SHRT_FNAME":"MDT_1384238.tif","UPPER_LEFT_X":"554968.833","UPPER_LEFT_Y":"9263868.084","LOWER_RIGHT_X":"555971.333","LOWER_RIGHT_Y":"9262865.584"},"geometry":{"type":"Polygon","coordinates":[[[-62.50268185630258,-6.659465723755894],[-62.493612201889334,-6.659456512221428],[-62.493602899325026,-6.668524861205042],[-62.502672720334886,-6.668534085392499],[-62.50268185630258,-6.659465723755894]]]}},
{"type":"Feature","properties":{"DESCRIPTION":"MDT_1384237.tif","FILENAME":"U:\\P589_AmazoniaRevelada_BR-319\\LiDAR_dataset\\ENTREGAS\\ENTREGA_09\\2_MDT\\GEOTIFF\\MDT_1384237.tif","SHRT_FNAME":"MDT_1384237.tif","UPPER_LEFT_X":"553968.833","UPPER_LEFT_Y":"9263868.084","LOWER_RIGHT_X":"554971.333","LOWER_RIGHT_Y":"9262865.584"},"geometry":{"type":"Polygon","coordinates":[[[-62.511728905787642,-6.659474746483454],[-62.502659238694619,-6.659465700991522],[-62.50265010231147,-6.668534062596856],[-62.511719936002237,-6.668543120513704],[-62.511728905787642,-6.659474746483454]]]}},
{"type":"Feature","properties":{"DESCRIPTION":"MDT_1384236.tif","FILENAME":"U:\\P589_AmazoniaRevelada_BR-319\\LiDAR_dataset\\ENTREGAS\\ENTREGA_09\\2_MDT\\GEOTIFF\\MDT_1384236.tif","SHRT_FNAME":"MDT_1384236.tif","UPPER_LEFT_X":"552968.333","UPPER_LEFT_Y":"9263868.084","LOWER_RIGHT_X":"553971.333","LOWER_RIGHT_Y":"9262865.584"},"geometry":{"type":"Polygon","coordinates":[[[-62.520780491224521,-6.659483607968546],[-62.511706288148353,-6.659474724133153],[-62.511697317947494,-6.668543098132703],[-62.52077168770564,-6.668551994170961],[-62.520780491224521,-6.659483607968546]]]}},
{"type":"Feature","properties":{"DESCRIPTION":"MDT_1384235.tif","FILENAME":"U:\\P589_AmazoniaRevelada_BR-319\\LiDAR_dataset\\ENTREGAS\\ENTREGA_09\\2_MDT\\GEOTIFF\\MDT_1384235.tif","SHRT_FNAME":"MDT_1384235.tif","UPPER_LEFT_X":"551968.333","UPPER_LEFT_Y":"9263868.084","LOWER_RIGHT_X":"552970.833","LOWER_RIGHT_Y":"9262865.584"},"geometry":{"type":"Polygon","coordinates":[[[-62.529827565321149,-6.659492299353019],[-62.520757873554452,-6.659483586032529],[-62.520749069620116,-6.668551972204812],[-62.529818927986796,-6.668560697493946],[-62.529827565321149,-6.659492299353019]]]}},
{"type":"Feature","properties":{"DESCRIPTION":"MDT_1384234.tif","FILENAME":"U:\\P589_AmazoniaRevelada_BR-319\\LiDAR_dataset\\ENTREGAS\\ENTREGA_09\\2_MDT\\GEOTIFF\\MDT_1384234.tif","SHRT_FNAME":"MDT_1384234.tif","UPPER_LEFT_X":"550968.333","UPPER_LEFT_Y":"9263868.084","LOWER_RIGHT_X":"551970.833","LOWER_RIGHT_Y":"9262865.584"},"geometry":{"type":"Polygon","coordinates":[[[-62.538874651375323,-6.659500825105728],[-62.529804947620889,-6.65949227783108],[-62.529796309871088,-6.668560675942445],[-62.538866180226584,-6.668569234957655],[-62.538874651375323,-6.659500825105728]]]}},
{"type":"Feature","properties":{"DESCRIPTION":"MDT_1384233.tif","FILENAME":"U:\\P589_AmazoniaRevelada_BR-319\\LiDAR_dataset\\ENTREGAS\\ENTREGA_09\\2_MDT\\GEOTIFF\\MDT_1384233.tif","SHRT_FNAME":"MDT_1384233.tif","UPPER_LEFT_X":"549968.333","UPPER_LEFT_Y":"9263868.084","LOWER_RIGHT_X":"550970.833","LOWER_RIGHT_Y":"9262865.584"},"geometry":{"type":"Polygon","coordinates":[[[-62.547921749156998,-6.659509185225613],[-62.538852033645476,-6.65950080399787],[-62.538843562081269,-6.668569213820803],[-62.547913444194926,-6.668577606561029],[-62.547921749156998,-6.659509185225613]]]}},
{"type":"Feature","properties":{"DESCRIPTION":"MDT_1384232.tif","FILENAME":"U:\\P589_AmazoniaRevelada_BR-319\\LiDAR_dataset\\ENTREGAS\\ENTREGA_09\\2_MDT\\GEOTIFF\\MDT_1384232.tif","SHRT_FNAME":"MDT_1384232.tif","UPPER_LEFT_X":"548968.333","UPPER_LEFT_Y":"9263868.084","LOWER_RIGHT_X":"549970.833","LOWER_RIGHT_Y":"9262865.584"},"geometry":{"type":"Polygon","coordinates":[[[-62.556968858436079,-6.659517379711639],[-62.547899131398104,-6.659509164531838],[-62.547890826020577,-6.66857758583883],[-62.556960719661717,-6.668585812303028],[-62.556968858436079,-6.659517379711639]]]}},
{"type":"Feature","properties":{"DESCRIPTION":"MDT_1384231.tif","FILENAME":"U:\\P589_AmazoniaRevelada_BR-319\\LiDAR_dataset\\ENTREGAS\\ENTREGA_09\\2_MDT\\GEOTIFF\\MDT_1384231.tif","SHRT_FNAME":"MDT_1384231.tif","UPPER_LEFT_X":"547967.833","UPPER_LEFT_Y":"9263868.084","LOWER_RIGHT_X":"548970.833","LOWER_RIGHT_Y":"9262865.584"},"geometry":{"type":"Polygon","coordinates":[[[-62.56602050254557,-6.659525412535783],[-62.556946240648742,-6.65951735943195],[-62.556938101458911,-6.668585791995482],[-62.566012530043032,-6.668593856161086],[-62.56602050254557,-6.659525412535783]]]}},
{"type":"Feature","properties":{"DESCRIPTION":"MDT_1384230.tif","FILENAME":"U:\\P589_AmazoniaRevelada_BR-319\\LiDAR_dataset\\ENTREGAS\\ENTREGA_09\\2_MDT\\GEOTIFF\\MDT_1384230.tif","SHRT_FNAME":"MDT_1384230.tif","UPPER_LEFT_X":"546967.833","UPPER_LEFT_Y":"9263868.084","LOWER_RIGHT_X":"547970.333","LOWER_RIGHT_Y":"9262865.584"},"geometry":{"type":"Polygon","coordinates":[[[-62.57506763413474,-6.659533275668236],[-62.565997884730344,-6.659525392670388],[-62.565989911812323,-6.668593836268404],[-62.575059827821931,-6.668601730094366],[-62.57506763413474,-6.659533275668236]]]}},
{"type":"Feature","properties":{"DESCRIPTION":"MDT_1384229.tif","FILENAME":"U:\\P589_AmazoniaRevelada_BR-319\\LiDAR_dataset\\ENTREGAS\\ENTREGA_09\\2_MDT\\GEOTIFF\\MDT_1384229.tif","SHRT_FNAME":"MDT_1384229.tif","UPPER_LEFT_X":"545967.833","UPPER_LEFT_Y":"9263868.084","LOWER_RIGHT_X":"546970.333","LOWER_RIGHT_Y":"9262865.584"},"geometry":{"type":"Polygon","coordinates":[[[-62.58411477653101,-6.659540973163844],[-62.575045016292201,-6.659533256216934],[-62.575037209563902,-6.668601710616345],[-62.584107136408896,-6.668609438163278],[-62.58411477653101,-6.659540973163844]]]}},
{"type":"Feature","properties":{"DESCRIPTION":"MDT_1384228.tif","FILENAME":"U:\\P589_AmazoniaRevelada_BR-319\\LiDAR_dataset\\ENTREGAS\\ENTREGA_09\\2_MDT\\GEOTIFF\\MDT_1384228.tif","SHRT_FNAME":"MDT_1384228.tif","UPPER_LEFT_X":"544967.833","UPPER_LEFT_Y":"9263868.084","LOWER_RIGHT_X":"545970.333","LOWER_RIGHT_Y":"9262865.584"},"geometry":{"type":"Polygon","coordinates":[[[-62.593161929504284,-6.659548505021641],[-62.58409215866174,-6.659540954126632],[-62.584084518124143,-6.668609419099918],[-62.593154455573824,-6.668616980366862],[-62.593161929504284,-6.659548505021641]]]}},
{"type":"Feature","properties":{"DESCRIPTION":"MDT_1384227.tif","FILENAME":"U:\\P589_AmazoniaRevelada_BR-319\\LiDAR_dataset\\ENTREGAS\\ENTREGA_09\\2_MDT\\GEOTIFF\\MDT_1384227.tif","SHRT_FNAME":"MDT_1384227.tif","UPPER_LEFT_X":"543967.833","UPPER_LEFT_Y":"9263868.084","LOWER_RIGHT_X":"544970.333","LOWER_RIGHT_Y":"9262865.584"},"geometry":{"type":"Polygon","coordinates":[[[-62.602209092824495,-6.659555871240696],[-62.593139311608844,-6.659548486398526],[-62.593131837262916,-6.668616961718167],[-62.602201785086642,-6.668624356704182],[-62.602209092824495,-6.659555871240696]]]}},
{"type":"Feature","properties":{"DESCRIPTION":"MDT_1384226.tif","FILENAME":"U:\\P589_AmazoniaRevelada_BR-319\\LiDAR_dataset\\ENTREGAS\\ENTREGA_09\\2_MDT\\GEOTIFF\\MDT_1384226.tif","SHRT_FNAME":"MDT_1384226.tif","UPPER_LEFT_X":"542967.833","UPPER_LEFT_Y":"9263868.084","LOWER_RIGHT_X":"543970.333","LOWER_RIGHT_Y":"9262865.584"},"geometry":{"type":"Polygon","coordinates":[[[-62.611256266261577,-6.659563071820098],[-62.602186474903483,-6.659555853031682],[-62.602179166750147,-6.668624338470154],[-62.611249124717219,-6.668631567174323],[-62.611256266261577,-6.659563071820098]]]}},
{"type":"Feature","properties":{"DESCRIPTION":"MDT_1384225.tif","FILENAME":"U:\\P589_AmazoniaRevelada_BR-319\\LiDAR_dataset\\ENTREGAS\\ENTREGA_09\\2_MDT\\GEOTIFF\\MDT_1384225.tif","SHRT_FNAME":"MDT_1384225.tif","UPPER_LEFT_X":"541967.333","UPPER_LEFT_Y":"9263868.084","LOWER_RIGHT_X":"542970.333","LOWER_RIGHT_Y":"9262865.584"},"geometry":{"type":"Polygon","coordinates":[[[-62.620307973179521,-6.659570110234989],[-62.611233648315554,-6.659563054025182],[-62.611226506355713,-6.668631549354966],[-62.620300997912672,-6.668638615257207],[-62.620307973179521,-6.659570110234989]]]}},
{"type":"Feature","properties":{"DESCRIPTION":"MDT_1384224.tif","FILENAME":"U:\\P589_AmazoniaRevelada_BR-319\\LiDAR_dataset\\ENTREGAS\\ENTREGA_09\\2_MDT\\GEOTIFF\\MDT_1384224.tif","SHRT_FNAME":"MDT_1384224.tif","UPPER_LEFT_X":"540967.333","UPPER_LEFT_Y":"9263868.084","LOWER_RIGHT_X":"541969.833","LOWER_RIGHT_Y":"9262865.584"},"geometry":{"type":"Polygon","coordinates":[[[-62.629355166164864,-6.659576979449596],[-62.62028535520907,-6.659570092854383],[-62.620278379526724,-6.668638597852727],[-62.629348357093278,-6.668645493907392],[-62.629355166164864,-6.659576979449596]]]}},
{"type":"Feature","properties":{"DESCRIPTION":"MDT_1384223.tif","FILENAME":"U:\\P589_AmazoniaRevelada_BR-319\\LiDAR_dataset\\ENTREGAS\\ENTREGA_09\\2_MDT\\GEOTIFF\\MDT_1384223.tif","SHRT_FNAME":"MDT_1384223.tif","UPPER_LEFT_X":"539967.333","UPPER_LEFT_Y":"9263868.084","LOWER_RIGHT_X":"540969.833","LOWER_RIGHT_Y":"9262865.584"},"geometry":{"type":"Polygon","coordinates":[[[-62.638402368576699,-6.659583683021929],[-62.629332548170545,-6.659576962483095],[-62.629325738683484,-6.668645476917586],[-62.638395725701258,-6.668652206687777],[-62.638402368576699,-6.659583683021929]]]}},
{"type":"Feature","properties":{"DESCRIPTION":"MDT_1384222.tif","FILENAME":"U:\\P589_AmazoniaRevelada_BR-319\\LiDAR_dataset\\ENTREGAS\\ENTREGA_09\\2_MDT\\GEOTIFF\\MDT_1384222.tif","SHRT_FNAME":"MDT_1384222.tif","UPPER_LEFT_X":"538967.333","UPPER_LEFT_Y":"9263868.084","LOWER_RIGHT_X":"539969.833","LOWER_RIGHT_Y":"9262865.584"},"geometry":{"type":"Polygon","coordinates":[[[-62.647449580184961,-6.659590220951152],[-62.63837975055911,-6.659583666469533],[-62.638373107268166,-6.668652190112646],[-62.647443103506482,-6.668658753597524],[-62.647449580184961,-6.659590220951152]]]}},
{"type":"Feature","properties":{"DESCRIPTION":"MDT_1384221.tif","FILENAME":"U:\\P589_AmazoniaRevelada_BR-319\\LiDAR_dataset\\ENTREGAS\\ENTREGA_09\\2_MDT\\GEOTIFF\\MDT_1384221.tif","SHRT_FNAME":"MDT_1384221.tif","UPPER_LEFT_X":"537967.333","UPPER_LEFT_Y":"9263868.084","LOWER_RIGHT_X":"538969.833","LOWER_RIGHT_Y":"9262865.584"},"geometry":{"type":"Polygon","coordinates":[[[-62.65649680075957,-6.659596593236457],[-62.647426962144671,-6.659590204812867],[-62.647420485050695,-6.66865873743707],[-62.656490490278848,-6.668665134635823],[-62.65649680075957,-6.659596593236457]]]}},
{"type":"Feature","properties":{"DESCRIPTION":"MDT_1384220.tif","FILENAME":"U:\\P589_AmazoniaRevelada_BR-319\\LiDAR_dataset\\ENTREGAS\\ENTREGA_09\\2_MDT\\GEOTIFF\\MDT_1384220.tif","SHRT_FNAME":"MDT_1384220.tif","UPPER_LEFT_X":"536966.833","UPPER_LEFT_Y":"9263868.084","LOWER_RIGHT_X":"537969.833","LOWER_RIGHT_Y":"9262865.584"},"geometry":{"type":"Polygon","coordinates":[[[-62.665548553687245,-6.659602802938939],[-62.656474182697153,-6.659596577512281],[-62.656467871800935,-6.66866511889005],[-62.665542409488182,-6.668671352867977],[-62.665548553687245,-6.659602802938939]]]}},
{"type":"Feature","properties":{"DESCRIPTION":"MDT_1384219.tif","FILENAME":"U:\\P589_AmazoniaRevelada_BR-319\\LiDAR_dataset\\ENTREGAS\\ENTREGA_09\\2_MDT\\GEOTIFF\\MDT_1384219.tif","SHRT_FNAME":"MDT_1384219.tif","UPPER_LEFT_X":"535966.833","UPPER_LEFT_Y":"9263868.084","LOWER_RIGHT_X":"536969.333","LOWER_RIGHT_Y":"9262865.584"},"geometry":{"type":"Polygon","coordinates":[[[-62.674595791508473,-6.65960884385123],[-62.665525935603249,-6.659602787629085],[-62.665519790988697,-6.668671337537092],[-62.674589813508739,-6.668677402078086],[-62.674595791508473,-6.65960884385123]]]}},
{"type":"Feature","properties":{"DESCRIPTION":"MDT_1384218.tif","FILENAME":"U:\\P589_AmazoniaRevelada_BR-319\\LiDAR_dataset\\ENTREGAS\\ENTREGA_09\\2_MDT\\GEOTIFF\\MDT_1384218.tif","SHRT_FNAME":"MDT_1384218.tif","UPPER_LEFT_X":"534966.833","UPPER_LEFT_Y":"9263868.084","LOWER_RIGHT_X":"535969.333","LOWER_RIGHT_Y":"9262865.584"},"geometry":{"type":"Polygon","coordinates":[[[-62.68364303760567,-6.659614719117287],[-62.674573173403495,-6.65960882895549],[-62.674567194988271,-6.668677387161885],[-62.683637225806024,-6.668683285414432],[-62.68364303760567,-6.659614719117287]]]}},
{"type":"Feature","properties":{"DESCRIPTION":"MDT_1384217.tif","FILENAME":"U:\\P589_AmazoniaRevelada_BR-319\\LiDAR_dataset\\ENTREGAS\\ENTREGA_09\\2_MDT\\GEOTIFF\\MDT_1384217.tif","SHRT_FNAME":"MDT_1384217.tif","UPPER_LEFT_X":"533966.833","UPPER_LEFT_Y":"9263868.084","LOWER_RIGHT_X":"534969.333","LOWER_RIGHT_Y":"9262865.584"},"geometry":{"type":"Polygon","coordinates":[[[-62.692690291748754,-6.659620428736385],[-62.683620419480299,-6.659614704635662],[-62.683614607265149,-6.668683270912916],[-62.692684646149907,-6.668689002876285],[-62.692690291748754,-6.659620428736385]]]}},
{"type":"Feature","properties":{"DESCRIPTION":"MDT_1384216.tif","FILENAME":"U:\\P589_AmazoniaRevelada_BR-319\\LiDAR_dataset\\ENTREGAS\\ENTREGA_09\\2_MDT\\GEOTIFF\\MDT_1384216.tif","SHRT_FNAME":"MDT_1384216.tif","UPPER_LEFT_X":"532966.833","UPPER_LEFT_Y":"9263868.084","LOWER_RIGHT_X":"533969.333","LOWER_RIGHT_Y":"9262865.584"},"geometry":{"type":"Polygon","coordinates":[[[-62.70173755370763,-6.659625972707812],[-62.692667673603552,-6.659620414668879],[-62.692662027589208,-6.668688988789457],[-62.7017320743103,-6.668694554462933],[-62.70173755370763,-6.659625972707812]]]}},
{"type":"Feature","properties":{"DESCRIPTION":"MDT_1384215.tif","FILENAME":"U:\\P589_AmazoniaRevelada_BR-319\\LiDAR_dataset\\ENTREGAS\\ENTREGA_09\\2_MDT\\GEOTIFF\\MDT_1384215.tif","SHRT_FNAME":"MDT_1384215.tif","UPPER_LEFT_X":"531966.333","UPPER_LEFT_Y":"9263868.084","LOWER_RIGHT_X":"532969.333","LOWER_RIGHT_Y":"9262865.584"},"geometry":{"type":"Polygon","coordinates":[[[-62.710789346888845,-6.659631353678611],[-62.70171493554318,-6.659625959054426],[-62.701709455730338,-6.668694540790793],[-62.710784033776804,-6.668699942825055],[-62.710789346888845,-6.659631353678611]]]}},
{"type":"Feature","properties":{"DESCRIPTION":"MDT_1384214.tif","FILENAME":"U:\\P589_AmazoniaRevelada_BR-319\\LiDAR_dataset\\ENTREGAS\\ENTREGA_09\\2_MDT\\GEOTIFF\\MDT_1384214.tif","SHRT_FNAME":"MDT_1384214.tif","UPPER_LEFT_X":"530966.333","UPPER_LEFT_Y":"9263868.084","LOWER_RIGHT_X":"531968.833","LOWER_RIGHT_Y":"9262865.584"},"geometry":{"type":"Polygon","coordinates":[[[-62.719836623792652,-6.659636566269833],[-62.710766728705707,-6.659631340439554],[-62.710761415178169,-6.668699929567812],[-62.719831476883485,-6.668705162576312],[-62.719836623792652,-6.659636566269833]]]}},
{"type":"Feature","properties":{"DESCRIPTION":"MDT_1384213.tif","FILENAME":"U:\\P589_AmazoniaRevelada_BR-319\\LiDAR_dataset\\ENTREGAS\\ENTREGA_09\\2_MDT\\GEOTIFF\\MDT_1384213.tif","SHRT_FNAME":"MDT_1384213.tif","UPPER_LEFT_X":"529966.333","UPPER_LEFT_Y":"9263868.084","LOWER_RIGHT_X":"530968.833","LOWER_RIGHT_Y":"9262865.584"},"geometry":{"type":"Polygon","coordinates":[[[-62.728883907821867,-6.65964161321138],[-62.719814005591424,-6.659636553444899],[-62.719808858266738,-6.66870514973376],[-62.728878927116213,-6.668710216450357],[-62.728883907821867,-6.65964161321138]]]}},
{"type":"Feature","properties":{"DESCRIPTION":"MDT_1384212.tif","FILENAME":"U:\\P589_AmazoniaRevelada_BR-319\\LiDAR_dataset\\ENTREGAS\\ENTREGA_09\\2_MDT\\GEOTIFF\\MDT_1384212.tif","SHRT_FNAME":"MDT_1384212.tif","UPPER_LEFT_X":"528966.333","UPPER_LEFT_Y":"9263868.084","LOWER_RIGHT_X":"529968.833","LOWER_RIGHT_Y":"9262865.584"},"geometry":{"type":"Polygon","coordinates":[[[-62.737931198746402,-6.659646494502628],[-62.72886128960311,-6.659641600800572],[-62.72885630848193,-6.6687102040225],[-62.737926384244879,-6.668715104446567],[-62.737931198746402,-6.659646494502628]]]}},
{"type":"Feature","properties":{"DESCRIPTION":"MDT_1384211.tif","FILENAME":"U:\\P589_AmazoniaRevelada_BR-319\\LiDAR_dataset\\ENTREGAS\\ENTREGA_09\\2_MDT\\GEOTIFF\\MDT_1384211.tif","SHRT_FNAME":"MDT_1384211.tif","UPPER_LEFT_X":"527966.333","UPPER_LEFT_Y":"9263868.084","LOWER_RIGHT_X":"528968.833","LOWER_RIGHT_Y":"9262865.584"},"geometry":{"type":"Polygon","coordinates":[[[-62.746978496336155,-6.65965121014297],[-62.737908580510691,-6.659646482505945],[-62.73790376559365,-6.668715092433406],[-62.746973848039367,-6.668719826564332],[-62.746978496336155,-6.65965121014297]]]}},
{"type":"Feature","properties":{"DESCRIPTION":"MDT_1384210.tif","FILENAME":"U:\\P589_AmazoniaRevelada_BR-319\\LiDAR_dataset\\ENTREGAS\\ENTREGA_09\\2_MDT\\GEOTIFF\\MDT_1384210.tif","SHRT_FNAME":"MDT_1384210.tif","UPPER_LEFT_X":"526965.833","UPPER_LEFT_Y":"9263868.084","LOWER_RIGHT_X":"527968.833","LOWER_RIGHT_Y":"9262865.584"},"geometry":{"type":"Polygon","coordinates":[[[-62.756030324014624,-6.659655762365384],[-62.746955878084059,-6.659651198560415],[-62.746951229371753,-6.668719814965868],[-62.756025842006238,-6.668724385039696],[-62.756030324014624,-6.659655762365384]]]}},
{"type":"Feature","properties":{"DESCRIPTION":"MDT_1384209.tif","FILENAME":"U:\\P589_AmazoniaRevelada_BR-319\\LiDAR_dataset\\ENTREGAS\\ENTREGA_09\\2_MDT\\GEOTIFF\\MDT_1384209.tif","SHRT_FNAME":"MDT_1384209.tif","UPPER_LEFT_X":"525965.833","UPPER_LEFT_Y":"9263868.084","LOWER_RIGHT_X":"526968.333","LOWER_RIGHT_Y":"9262865.584"},"geometry":{"type":"Polygon","coordinates":[[[-62.765077634247575,-6.659660146619354],[-62.756007705746718,-6.659655751197166],[-62.756003223322821,-6.668724373856137],[-62.765073318445069,-6.668728775315894],[-62.765077634247575,-6.659660146619354]]]}},
{"type":"Feature","properties":{"DESCRIPTION":"MDT_1384208.tif","FILENAME":"U:\\P589_AmazoniaRevelada_BR-319\\LiDAR_dataset\\ENTREGAS\\ENTREGA_09\\2_MDT\\GEOTIFF\\MDT_1384208.tif","SHRT_FNAME":"MDT_1384208.tif","UPPER_LEFT_X":"524965.833","UPPER_LEFT_Y":"9263868.084","LOWER_RIGHT_X":"525968.333","LOWER_RIGHT_Y":"9262865.584"},"geometry":{"type":"Polygon","coordinates":[[[-62.774124950455345,-6.659664365220724],[-62.765055015964457,-6.659660135865267],[-62.765050699746425,-6.668728764547036],[-62.774120800859265,-6.668732999711953],[-62.774124950455345,-6.659664365220724]]]}},
{"type":"Feature","properties":{"DESCRIPTION":"MDT_1384207.tif","FILENAME":"U:\\P589_AmazoniaRevelada_BR-319\\LiDAR_dataset\\ENTREGAS\\ENTREGA_09\\2_MDT\\GEOTIFF\\MDT_1384207.tif","SHRT_FNAME":"MDT_1384207.tif","UPPER_LEFT_X":"523965.833","UPPER_LEFT_Y":"9263868.084","LOWER_RIGHT_X":"524968.333","LOWER_RIGHT_Y":"9262865.584"},"geometry":{"type":"Polygon","coordinates":[[[-62.783172272407839,-6.65966841816897],[-62.774102332157561,-6.659664354880769],[-62.774098182145963,-6.668732989357795],[-62.78316828901869,-6.668737058227347],[-62.783172272407839,-6.65966841816897]]]}},
{"type":"Feature","properties":{"DESCRIPTION":"MDT_1384206.tif","FILENAME":"U:\\P589_AmazoniaRevelada_BR-319\\LiDAR_dataset\\ENTREGAS\\ENTREGA_09\\2_MDT\\GEOTIFF\\MDT_1384206.tif","SHRT_FNAME":"MDT_1384206.tif","UPPER_LEFT_X":"522965.833","UPPER_LEFT_Y":"9263868.084","LOWER_RIGHT_X":"523968.333","LOWER_RIGHT_Y":"9262865.584"},"geometry":{"type":"Polygon","coordinates":[[[-62.792219599874961,-6.659672305463591],[-62.783149654095993,-6.65966840824315],[-62.783145670291319,-6.668737048287892],[-62.792215782693241,-6.668740950861571],[-62.792219599874961,-6.659672305463591]]]}},
{"type":"Feature","properties":{"DESCRIPTION":"MDT_1384205.tif","FILENAME":"U:\\P589_AmazoniaRevelada_BR-319\\LiDAR_dataset\\ENTREGAS\\ENTREGA_09\\2_MDT\\GEOTIFF\\MDT_1384205.tif","SHRT_FNAME":"MDT_1384205.tif","UPPER_LEFT_X":"521965.833","UPPER_LEFT_Y":"9263868.084","LOWER_RIGHT_X":"522968.333","LOWER_RIGHT_Y":"9262865.584"},"geometry":{"type":"Polygon","coordinates":[[[-62.801266932626611,-6.659676027104101],[-62.792196981549615,-6.659672295951903],[-62.792193163952369,-6.66874094133682],[-62.801263281652808,-6.668744677614141],[-62.801266932626611,-6.659676027104101]]]}},
{"type":"Feature","properties":{"DESCRIPTION":"MDT_1384204.tif","FILENAME":"U:\\P589_AmazoniaRevelada_BR-319\\LiDAR_dataset\\ENTREGAS\\ENTREGA_09\\2_MDT\\GEOTIFF\\MDT_1384204.tif","SHRT_FNAME":"MDT_1384204.tif","UPPER_LEFT_X":"520965.333","UPPER_LEFT_Y":"9263868.084","LOWER_RIGHT_X":"521968.333","LOWER_RIGHT_Y":"9262865.584"},"geometry":{"type":"Polygon","coordinates":[[[-62.810318794102812,-6.659679584826599],[-62.801244314288326,-6.65967601800655],[-62.801240662899012,-6.668744668504095],[-62.810315309420474,-6.668748240223543],[-62.810318794102812,-6.659679584826599]]]}},
{"type":"Feature","properties":{"DESCRIPTION":"MDT_1384203.tif","FILENAME":"U:\\P589_AmazoniaRevelada_BR-319\\LiDAR_dataset\\ENTREGAS\\ENTREGA_09\\2_MDT\\GEOTIFF\\MDT_1384203.tif","SHRT_FNAME":"MDT_1384203.tif","UPPER_LEFT_X":"519965.333","UPPER_LEFT_Y":"9263868.084","LOWER_RIGHT_X":"520967.833","LOWER_RIGHT_Y":"9262865.584"},"geometry":{"type":"Polygon","coordinates":[[[-62.819366136735567,-6.659682975074698],[-62.810296175752171,-6.659679576143392],[-62.810292690654329,-6.668748231528409],[-62.819362818262036,-6.6687516351285],[-62.819366136735567,-6.659682975074698]]]}},
{"type":"Feature","properties":{"DESCRIPTION":"MDT_1384202.tif","FILENAME":"U:\\P589_AmazoniaRevelada_BR-319\\LiDAR_dataset\\ENTREGAS\\ENTREGA_09\\2_MDT\\GEOTIFF\\MDT_1384202.tif","SHRT_FNAME":"MDT_1384202.tif","UPPER_LEFT_X":"518965.333","UPPER_LEFT_Y":"9263868.084","LOWER_RIGHT_X":"519967.833","LOWER_RIGHT_Y":"9262865.584"},"geometry":{"type":"Polygon","coordinates":[[[-62.828413483962429,-6.659686199667362],[-62.819343518373159,-6.659682966805628],[-62.81934019948411,-6.668751626848074],[-62.828410331698137,-6.66875486415048],[-62.828413483962429,-6.659686199667362]]]}},
{"type":"Feature","properties":{"DESCRIPTION":"MDT_1384201.tif","FILENAME":"U:\\P589_AmazoniaRevelada_BR-319\\LiDAR_dataset\\ENTREGAS\\ENTREGA_09\\2_MDT\\GEOTIFF\\MDT_1384201.tif","SHRT_FNAME":"MDT_1384201.tif","UPPER_LEFT_X":"517965.333","UPPER_LEFT_Y":"9263868.084","LOWER_RIGHT_X":"518967.833","LOWER_RIGHT_Y":"9262865.584"},"geometry":{"type":"Polygon","coordinates":[[[-62.837460835553308,-6.659689258604193],[-62.82839086558883,-6.659686191812432],[-62.828387712908999,-6.668754856284759],[-62.837457849498627,-6.668757927289079],[-62.837460835553308,-6.659689258604193]]]}},
{"type":"Feature","properties":{"DESCRIPTION":"MDT_1384200.tif","FILENAME":"U:\\P589_AmazoniaRevelada_BR-319\\LiDAR_dataset\\ENTREGAS\\ENTREGA_09\\2_MDT\\GEOTIFF\\MDT_1384200.tif","SHRT_FNAME":"MDT_1384200.tif","UPPER_LEFT_X":"516965.333","UPPER_LEFT_Y":"9263868.084","LOWER_RIGHT_X":"517967.833","LOWER_RIGHT_Y":"9262865.584"},"geometry":{"type":"Polygon","coordinates":[[[-62.846508191278105,-6.659692151884809],[-62.83743821716908,-6.659689251163404],[-62.837435230698873,-6.668757919838067],[-62.846505371433402,-6.668760824543917],[-62.846508191278105,-6.659692151884809]]]}},
{"type":"Feature","properties":{"DESCRIPTION":"MDT_1384199.tif","FILENAME":"U:\\P589_AmazoniaRevelada_BR-319\\LiDAR_dataset\\ENTREGAS\\ENTREGA_09\\2_MDT\\GEOTIFF\\MDT_1384199.tif","SHRT_FNAME":"MDT_1384199.tif","UPPER_LEFT_X":"515964.833","UPPER_LEFT_Y":"9263868.084","LOWER_RIGHT_X":"516967.833","LOWER_RIGHT_Y":"9262865.584"},"geometry":{"type":"Polygon","coordinates":[[[-62.855560074587451,-6.65969488083123],[-62.846485572883829,-6.659692144858161],[-62.846482752623601,-6.668760817507617],[-62.855557421036202,-6.66876355723883],[-62.855560074587451,-6.65969488083123]]]}},
{"type":"Feature","properties":{"DESCRIPTION":"MDT_1384198.tif","FILENAME":"U:\\P589_AmazoniaRevelada_BR-319\\LiDAR_dataset\\ENTREGAS\\ENTREGA_09\\2_MDT\\GEOTIFF\\MDT_1384198.tif","SHRT_FNAME":"MDT_1384198.tif","UPPER_LEFT_X":"514964.833","UPPER_LEFT_Y":"9263868.084","LOWER_RIGHT_X":"515967.333","LOWER_RIGHT_Y":"9262865.584"},"geometry":{"type":"Polygon","coordinates":[[[-62.864607437891536,-6.659697442715532],[-62.855537456183697,-6.65969487421893],[-62.85553480221693,-6.668763550617448],[-62.864604950550962,-6.668766122642149],[-62.864607437891536,-6.659697442715532]]]}},
{"type":"Feature","properties":{"DESCRIPTION":"MDT_1384197.tif","FILENAME":"U:\\P589_AmazoniaRevelada_BR-319\\LiDAR_dataset\\ENTREGAS\\ENTREGA_09\\2_MDT\\GEOTIFF\\MDT_1384197.tif","SHRT_FNAME":"MDT_1384197.tif","UPPER_LEFT_X":"513964.833","UPPER_LEFT_Y":"9263868.084","LOWER_RIGHT_X":"514967.333","LOWER_RIGHT_Y":"9262865.584"},"geometry":{"type":"Polygon","coordinates":[[[-62.873654804639102,-6.659699838942606],[-62.864584819478885,-6.659697436517376],[-62.864582331722794,-6.668766116435478],[-62.873652483509524,-6.668768522160689],[-62.873654804639102,-6.659699838942606]]]}},
{"type":"Feature","properties":{"DESCRIPTION":"MDT_1384196.tif","FILENAME":"U:\\P589_AmazoniaRevelada_BR-319\\LiDAR_dataset\\ENTREGAS\\ENTREGA_09\\2_MDT\\GEOTIFF\\MDT_1384196.tif","SHRT_FNAME":"MDT_1384196.tif","UPPER_LEFT_X":"512964.833","UPPER_LEFT_Y":"9263868.084","LOWER_RIGHT_X":"513967.333","LOWER_RIGHT_Y":"9262865.584"},"geometry":{"type":"Polygon","coordinates":[[[-62.882702174600063,-6.659702069512151],[-62.873632186218138,-6.659699833158592],[-62.873629864673021,-6.668768516368731],[-62.882700019681749,-6.668770755794156],[-62.882702174600063,-6.659702069512151]]]}},
{"type":"Feature","properties":{"DESCRIPTION":"MDT_1384195.tif","FILENAME":"U:\\P589_AmazoniaRevelada_BR-319\\LiDAR_dataset\\ENTREGAS\\ENTREGA_09\\2_MDT\\GEOTIFF\\MDT_1384195.tif","SHRT_FNAME":"MDT_1384195.tif","UPPER_LEFT_X":"511964.833","UPPER_LEFT_Y":"9263868.084","LOWER_RIGHT_X":"512967.333","LOWER_RIGHT_Y":"9262865.584"},"geometry":{"type":"Polygon","coordinates":[[[-62.891749547544293,-6.659704134423894],[-62.882679556171347,-6.659702064142284],[-62.882677400837501,-6.66877075041691],[-62.891747558837537,-6.66877282354227],[-62.891749547544293,-6.659704134423894]]]}},
{"type":"Feature","properties":{"DESCRIPTION":"MDT_1384194.tif","FILENAME":"U:\\P589_AmazoniaRevelada_BR-319\\LiDAR_dataset\\ENTREGAS\\ENTREGA_09\\2_MDT\\GEOTIFF\\MDT_1384194.tif","SHRT_FNAME":"MDT_1384194.tif","UPPER_LEFT_X":"510964.333","UPPER_LEFT_Y":"9263868.084","LOWER_RIGHT_X":"511967.333","LOWER_RIGHT_Y":"9262865.584"},"geometry":{"type":"Polygon","coordinates":[[[-62.900801446930217,-6.659706034585767],[-62.891726929108415,-6.659704129468168],[-62.891724939986119,-6.668772818579737],[-62.900799624518349,-6.668774726314212],[-62.900801446930217,-6.659706034585767]]]}},
{"type":"Feature","properties":{"DESCRIPTION":"MDT_1384193.tif","FILENAME":"U:\\P589_AmazoniaRevelada_BR-319\\LiDAR_dataset\\ENTREGAS\\ENTREGA_09\\2_MDT\\GEOTIFF\\MDT_1384193.tif","SHRT_FNAME":"MDT_1384193.tif","UPPER_LEFT_X":"509964.333","UPPER_LEFT_Y":"9263868.084","LOWER_RIGHT_X":"510966.833","LOWER_RIGHT_Y":"9262865.584"},"geometry":{"type":"Polygon","coordinates":[[[-62.909848825151897,-6.659707768098321],[-62.900778828487731,-6.659706030044394],[-62.900777005660331,-6.6687747217666],[-62.909847168952069,-6.668776462207928],[-62.909848825151897,-6.659707768098321]]]}},
{"type":"Feature","properties":{"DESCRIPTION":"MDT_1383252.tif","FILENAME":"U:\\P589_AmazoniaRevelada_BR-319\\LiDAR_dataset\\ENTREGAS\\ENTREGA_09\\2_MDT\\GEOTIFF\\MDT_1383252.tif","SHRT_FNAME":"MDT_1383252.tif","UPPER_LEFT_X":"568970.329","UPPER_LEFT_Y":"9264867.833","LOWER_RIGHT_X":"569972.329","LOWER_RIGHT_Y":"9263865.833"},"geometry":{"type":"Polygon","coordinates":[[[-62.376022477090793,-6.650278714887557],[-62.366957713655729,-6.650267200228119],[-62.366946106453078,-6.659330829167641],[-62.376011036069443,-6.659342359656881],[-62.376022477090793,-6.650278714887557]]]}},
{"type":"Feature","properties":{"DESCRIPTION":"MDT_1383251.tif","FILENAME":"U:\\P589_AmazoniaRevelada_BR-319\\LiDAR_dataset\\ENTREGAS\\ENTREGA_09\\2_MDT\\GEOTIFF\\MDT_1383251.tif","SHRT_FNAME":"MDT_1383251.tif","UPPER_LEFT_X":"567970.234","UPPER_LEFT_Y":"9264867.833","LOWER_RIGHT_X":"568972.234","LOWER_RIGHT_Y":"9263865.833"},"geometry":{"type":"Polygon","coordinates":[[[-62.385070024317692,-6.650290042084863],[-62.376005244981698,-6.650278693155743],[-62.375993803644427,-6.659342337895191],[-62.385058749163157,-6.659353702426274],[-62.385070024317692,-6.650290042084863]]]}},
{"type":"Feature","properties":{"DESCRIPTION":"MDT_1383250.tif","FILENAME":"U:\\P589_AmazoniaRevelada_BR-319\\LiDAR_dataset\\ENTREGAS\\ENTREGA_09\\2_MDT\\GEOTIFF\\MDT_1383250.tif","SHRT_FNAME":"MDT_1383250.tif","UPPER_LEFT_X":"566969.833","UPPER_LEFT_Y":"9264868.084","LOWER_RIGHT_X":"567972.333","LOWER_RIGHT_Y":"9263865.584"},"geometry":{"type":"Polygon","coordinates":[[[-62.394120354978519,-6.650298936726836],[-62.385051036662077,-6.650287747962083],[-62.385039755532901,-6.659355931055638],[-62.394109240199398,-6.659367135209853],[-62.394120354978519,-6.650298936726836]]]}},
{"type":"Feature","properties":{"DESCRIPTION":"MDT_1383249.tif","FILENAME":"U:\\P589_AmazoniaRevelada_BR-319\\LiDAR_dataset\\ENTREGAS\\ENTREGA_09\\2_MDT\\GEOTIFF\\MDT_1383249.tif","SHRT_FNAME":"MDT_1383249.tif","UPPER_LEFT_X":"565969.833","UPPER_LEFT_Y":"9264868.084","LOWER_RIGHT_X":"566972.333","LOWER_RIGHT_Y":"9263865.584"},"geometry":{"type":"Polygon","coordinates":[[[-62.403167071967829,-6.650309931996192],[-62.394097738205254,-6.650298909031414],[-62.394086623011283,-6.659367107476334],[-62.403156123125299,-6.659378145602525],[-62.403167071967829,-6.650309931996192]]]}},
{"type":"Feature","properties":{"DESCRIPTION":"MDT_1383248.tif","FILENAME":"U:\\P589_AmazoniaRevelada_BR-319\\LiDAR_dataset\\ENTREGAS\\ENTREGA_09\\2_MDT\\GEOTIFF\\MDT_1383248.tif","SHRT_FNAME":"MDT_1383248.tif","UPPER_LEFT_X":"564969.948","UPPER_LEFT_Y":"9264867.833","LOWER_RIGHT_X":"565971.948","LOWER_RIGHT_Y":"9263865.833"},"geometry":{"type":"Polygon","coordinates":[[[-62.412212758920475,-6.650323031171224],[-62.403147933264805,-6.650312179441428],[-62.403136989532193,-6.659375870216222],[-62.412201981374778,-6.65938673686446],[-62.412212758920475,-6.650323031171224]]]}},
{"type":"Feature","properties":{"DESCRIPTION":"MDT_1383247.tif","FILENAME":"U:\\P589_AmazoniaRevelada_BR-319\\LiDAR_dataset\\ENTREGAS\\ENTREGA_09\\2_MDT\\GEOTIFF\\MDT_1383247.tif","SHRT_FNAME":"MDT_1383247.tif","UPPER_LEFT_X":"563969.853","UPPER_LEFT_Y":"9264867.833","LOWER_RIGHT_X":"564971.853","LOWER_RIGHT_Y":"9263865.833"},"geometry":{"type":"Polygon","coordinates":[[[-62.421260367328486,-6.65033369669361],[-62.412195526693964,-6.650323010699643],[-62.412184748832345,-6.659386716364734],[-62.421249755655126,-6.659397417049298],[-62.421260367328486,-6.65033369669361]]]}},
{"type":"Feature","properties":{"DESCRIPTION":"MDT_1383246.tif","FILENAME":"U:\\P589_AmazoniaRevelada_BR-319\\LiDAR_dataset\\ENTREGAS\\ENTREGA_09\\2_MDT\\GEOTIFF\\MDT_1383246.tif","SHRT_FNAME":"MDT_1383246.tif","UPPER_LEFT_X":"562969.758","UPPER_LEFT_Y":"9264867.833","LOWER_RIGHT_X":"563971.758","LOWER_RIGHT_Y":"9263865.833"},"geometry":{"type":"Polygon","coordinates":[[[-62.430307990456548,-6.650344196793905],[-62.421243135073716,-6.650333676537093],[-62.421232523084441,-6.659397396865071],[-62.430297544656845,-6.659407931584632],[-62.430307990456548,-6.650344196793905]]]}},
{"type":"Feature","properties":{"DESCRIPTION":"MDT_1383245.tif","FILENAME":"U:\\P589_AmazoniaRevelada_BR-319\\LiDAR_dataset\\ENTREGAS\\ENTREGA_09\\2_MDT\\GEOTIFF\\MDT_1383245.tif","SHRT_FNAME":"MDT_1383245.tif","UPPER_LEFT_X":"561969.333","UPPER_LEFT_Y":"9264868.084","LOWER_RIGHT_X":"562971.833","LOWER_RIGHT_Y":"9263865.584"},"geometry":{"type":"Polygon","coordinates":[[[-62.439358612789547,-6.650352264307013],[-62.430289219541258,-6.650341904638511],[-62.430278768184742,-6.659410162221261],[-62.439348327789837,-6.659420536138855],[-62.439358612789547,-6.650352264307013]]]}},
{"type":"Feature","properties":{"DESCRIPTION":"MDT_1383244.tif","FILENAME":"U:\\P589_AmazoniaRevelada_BR-319\\LiDAR_dataset\\ENTREGAS\\ENTREGA_09\\2_MDT\\GEOTIFF\\MDT_1383244.tif","SHRT_FNAME":"MDT_1383244.tif","UPPER_LEFT_X":"560969.333","UPPER_LEFT_Y":"9264868.084","LOWER_RIGHT_X":"561971.833","LOWER_RIGHT_Y":"9263865.584"},"geometry":{"type":"Polygon","coordinates":[[[-62.44840540337217,-6.650362432541061],[-62.439335995830859,-6.65035223867917],[-62.439325710416298,-6.659420510475761],[-62.448395284315694,-6.65943071835869],[-62.44840540337217,-6.650362432541061]]]}},
{"type":"Feature","properties":{"DESCRIPTION":"MDT_1383243.tif","FILENAME":"U:\\P589_AmazoniaRevelada_BR-319\\LiDAR_dataset\\ENTREGAS\\ENTREGA_09\\2_MDT\\GEOTIFF\\MDT_1383243.tif","SHRT_FNAME":"MDT_1383243.tif","UPPER_LEFT_X":"559969.333","UPPER_LEFT_Y":"9264868.084","LOWER_RIGHT_X":"560971.833","LOWER_RIGHT_Y":"9263865.584"},"geometry":{"type":"Polygon","coordinates":[[[-62.457452207981838,-6.650372435380718],[-62.448382786378126,-6.650362407326702],[-62.448372666906792,-6.659430693109648],[-62.457442254869861,-6.659440734956643],[-62.457452207981838,-6.650372435380718]]]}},
{"type":"Feature","properties":{"DESCRIPTION":"MDT_1383242.tif","FILENAME":"U:\\P589_AmazoniaRevelada_BR-319\\LiDAR_dataset\\ENTREGAS\\ENTREGA_09\\2_MDT\\GEOTIFF\\MDT_1383242.tif","SHRT_FNAME":"MDT_1383242.tif","UPPER_LEFT_X":"558969.333","UPPER_LEFT_Y":"9264868.084","LOWER_RIGHT_X":"559971.833","LOWER_RIGHT_Y":"9263865.584"},"geometry":{"type":"Polygon","coordinates":[[[-62.466499026388533,-6.650382272824742],[-62.457429590953005,-6.650372410579847],[-62.457419637426177,-6.659440710121659],[-62.466489239222305,-6.659450585931473],[-62.466499026388533,-6.650382272824742]]]}},
{"type":"Feature","properties":{"DESCRIPTION":"MDT_1383241.tif","FILENAME":"U:\\P589_AmazoniaRevelada_BR-319\\LiDAR_dataset\\ENTREGAS\\ENTREGA_09\\2_MDT\\GEOTIFF\\MDT_1383241.tif","SHRT_FNAME":"MDT_1383241.tif","UPPER_LEFT_X":"557968.833","UPPER_LEFT_Y":"9264868.084","LOWER_RIGHT_X":"558971.833","LOWER_RIGHT_Y":"9263865.584"},"geometry":{"type":"Polygon","coordinates":[[[-62.475550381781552,-6.650391949666565],[-62.466476409325495,-6.65038224843736],[-62.466466621744409,-6.659450561510548],[-62.475540760645281,-6.659460276083204],[-62.475550381781552,-6.650391949666565]]]}},
{"type":"Feature","properties":{"DESCRIPTION":"MDT_1383240.tif","FILENAME":"U:\\P589_AmazoniaRevelada_BR-319\\LiDAR_dataset\\ENTREGAS\\ENTREGA_09\\2_MDT\\GEOTIFF\\MDT_1383240.tif","SHRT_FNAME":"MDT_1383240.tif","UPPER_LEFT_X":"556968.833","UPPER_LEFT_Y":"9264868.084","LOWER_RIGHT_X":"557971.333","LOWER_RIGHT_Y":"9263865.584"},"geometry":{"type":"Polygon","coordinates":[[[-62.484597227098796,-6.650401456232982],[-62.475527764684877,-6.650391925692886],[-62.475518143133733,-6.659460252076548],[-62.484587771910697,-6.659469795725325],[-62.484597227098796,-6.650401456232982]]]}},
{"type":"Feature","properties":{"DESCRIPTION":"MDT_1383239.tif","FILENAME":"U:\\P589_AmazoniaRevelada_BR-319\\LiDAR_dataset\\ENTREGAS\\ENTREGA_09\\2_MDT\\GEOTIFF\\MDT_1383239.tif","SHRT_FNAME":"MDT_1383239.tif","UPPER_LEFT_X":"555968.833","UPPER_LEFT_Y":"9264868.084","LOWER_RIGHT_X":"556971.333","LOWER_RIGHT_Y":"9263865.584"},"geometry":{"type":"Polygon","coordinates":[[[-62.493644085522838,-6.650410797400164],[-62.484574609969066,-6.650401432672798],[-62.484565154366088,-6.659469772132736],[-62.493634796284098,-6.659479149740716],[-62.493644085522838,-6.650410797400164]]]}},
{"type":"Feature","properties":{"DESCRIPTION":"MDT_1383238.tif","FILENAME":"U:\\P589_AmazoniaRevelada_BR-319\\LiDAR_dataset\\ENTREGAS\\ENTREGA_09\\2_MDT\\GEOTIFF\\MDT_1383238.tif","SHRT_FNAME":"MDT_1383238.tif","UPPER_LEFT_X":"554968.833","UPPER_LEFT_Y":"9264868.084","LOWER_RIGHT_X":"555971.333","LOWER_RIGHT_Y":"9263865.584"},"geometry":{"type":"Polygon","coordinates":[[[-62.502690956823635,-6.650419973166951],[-62.493621468360629,-6.650410774253478],[-62.493612178707011,-6.659479126562195],[-62.502681833535426,-6.659488338128214],[-62.502690956823635,-6.650419973166951]]]}},
{"type":"Feature","properties":{"DESCRIPTION":"MDT_1383237.tif","FILENAME":"U:\\P589_AmazoniaRevelada_BR-319\\LiDAR_dataset\\ENTREGAS\\ENTREGA_09\\2_MDT\\GEOTIFF\\MDT_1383237.tif","SHRT_FNAME":"MDT_1383237.tif","UPPER_LEFT_X":"553968.833","UPPER_LEFT_Y":"9264868.084","LOWER_RIGHT_X":"554971.333","LOWER_RIGHT_Y":"9263865.584"},"geometry":{"type":"Polygon","coordinates":[[[-62.511737840771175,-6.650428983532204],[-62.502668339629523,-6.650419950433768],[-62.502659215926428,-6.659488315363764],[-62.511728883434614,-6.659497360886679],[-62.511737840771175,-6.650428983532204]]]}},
{"type":"Feature","properties":{"DESCRIPTION":"MDT_1383236.tif","FILENAME":"U:\\P589_AmazoniaRevelada_BR-319\\LiDAR_dataset\\ENTREGAS\\ENTREGA_09\\2_MDT\\GEOTIFF\\MDT_1383236.tif","SHRT_FNAME":"MDT_1383236.tif","UPPER_LEFT_X":"552968.333","UPPER_LEFT_Y":"9264868.084","LOWER_RIGHT_X":"553971.333","LOWER_RIGHT_Y":"9263865.584"},"geometry":{"type":"Polygon","coordinates":[[[-62.520789260586632,-6.650437832875915],[-62.511715223545721,-6.650428961212526],[-62.511706265794295,-6.659497338536301],[-62.520780469285839,-6.659506222402126],[-62.520789260586632,-6.650437832875915]]]}},
{"type":"Feature","properties":{"DESCRIPTION":"MDT_1383235.tif","FILENAME":"U:\\P589_AmazoniaRevelada_BR-319\\LiDAR_dataset\\ENTREGAS\\ENTREGA_09\\2_MDT\\GEOTIFF\\MDT_1383235.tif","SHRT_FNAME":"MDT_1383235.tif","UPPER_LEFT_X":"551968.333","UPPER_LEFT_Y":"9264868.084","LOWER_RIGHT_X":"552970.833","LOWER_RIGHT_Y":"9263865.584"},"geometry":{"type":"Polygon","coordinates":[[[-62.529836169143508,-6.650446512352064],[-62.520766643330404,-6.650437810969952],[-62.520757851614746,-6.659506200466033],[-62.5298275437966,-6.65951491381637],[-62.529836169143508,-6.650446512352064]]]}},
{"type":"Feature","properties":{"DESCRIPTION":"MDT_1383234.tif","FILENAME":"U:\\P589_AmazoniaRevelada_BR-319\\LiDAR_dataset\\ENTREGAS\\ENTREGA_09\\2_MDT\\GEOTIFF\\MDT_1383234.tif","SHRT_FNAME":"MDT_1383234.tif","UPPER_LEFT_X":"550968.333","UPPER_LEFT_Y":"9264868.084","LOWER_RIGHT_X":"551970.833","LOWER_RIGHT_Y":"9263865.584"},"geometry":{"type":"Polygon","coordinates":[[[-62.538883089656863,-6.650455026423386],[-62.529813551857103,-6.650446490859612],[-62.529804926095316,-6.659514892294356],[-62.538874630264928,-6.659523439598282],[-62.538883089656863,-6.650455026423386]]]}},
{"type":"Feature","properties":{"DESCRIPTION":"MDT_1383233.tif","FILENAME":"U:\\P589_AmazoniaRevelada_BR-319\\LiDAR_dataset\\ENTREGAS\\ENTREGA_09\\2_MDT\\GEOTIFF\\MDT_1383233.tif","SHRT_FNAME":"MDT_1383233.tif","UPPER_LEFT_X":"549968.333","UPPER_LEFT_Y":"9264868.084","LOWER_RIGHT_X":"550970.833","LOWER_RIGHT_Y":"9263865.584"},"geometry":{"type":"Polygon","coordinates":[[[-62.547930021896654,-6.650463375088822],[-62.538860472340858,-6.650455005344448],[-62.538852012534036,-6.659523418490352],[-62.547921728460736,-6.659531799746804],[-62.547930021896654,-6.650463375088822]]]}},
{"type":"Feature","properties":{"DESCRIPTION":"MDT_1383232.tif","FILENAME":"U:\\P589_AmazoniaRevelada_BR-319\\LiDAR_dataset\\ENTREGAS\\ENTREGA_09\\2_MDT\\GEOTIFF\\MDT_1383232.tif","SHRT_FNAME":"MDT_1383232.tif","UPPER_LEFT_X":"548968.333","UPPER_LEFT_Y":"9264868.084","LOWER_RIGHT_X":"549970.833","LOWER_RIGHT_Y":"9263865.584"},"geometry":{"type":"Polygon","coordinates":[[[-62.556976965632813,-6.650471558347339],[-62.547907404551616,-6.6504633544234],[-62.547899110700826,-6.659531779052958],[-62.556968838153978,-6.659539994260899],[-62.556976965632813,-6.650471558347339]]]}},
{"type":"Feature","properties":{"DESCRIPTION":"MDT_1383231.tif","FILENAME":"U:\\P589_AmazoniaRevelada_BR-319\\LiDAR_dataset\\ENTREGAS\\ENTREGA_09\\2_MDT\\GEOTIFF\\MDT_1383231.tif","SHRT_FNAME":"MDT_1383231.tif","UPPER_LEFT_X":"547967.833","UPPER_LEFT_Y":"9264868.084","LOWER_RIGHT_X":"548970.833","LOWER_RIGHT_Y":"9263865.584"},"geometry":{"type":"Polygon","coordinates":[[[-62.566028444115602,-6.650479580165471],[-62.556954348259332,-6.650471538095435],[-62.556946220365596,-6.65953997398114],[-62.566020482677814,-6.659548027112559],[-62.566028444115602,-6.650479580165471]]]}},
{"type":"Feature","properties":{"DESCRIPTION":"MDT_1383230.tif","FILENAME":"U:\\P589_AmazoniaRevelada_BR-319\\LiDAR_dataset\\ENTREGAS\\ENTREGA_09\\2_MDT\\GEOTIFF\\MDT_1383230.tif","SHRT_FNAME":"MDT_1383230.tif","UPPER_LEFT_X":"546967.833","UPPER_LEFT_Y":"9264868.084","LOWER_RIGHT_X":"547970.333","LOWER_RIGHT_Y":"9263865.584"},"geometry":{"type":"Polygon","coordinates":[[[-62.575075410159847,-6.650487432524413],[-62.566005826714232,-6.650479560327296],[-62.565997864861544,-6.659548007247097],[-62.575067614681146,-6.659555890271947],[-62.575075410159847,-6.650487432524413]]]}},
{"type":"Feature","properties":{"DESCRIPTION":"MDT_1383229.tif","FILENAME":"U:\\P589_AmazoniaRevelada_BR-319\\LiDAR_dataset\\ENTREGAS\\ENTREGA_09\\2_MDT\\GEOTIFF\\MDT_1383229.tif","SHRT_FNAME":"MDT_1383229.tif","UPPER_LEFT_X":"545967.833","UPPER_LEFT_Y":"9264868.084","LOWER_RIGHT_X":"546970.333","LOWER_RIGHT_Y":"9263865.584"},"geometry":{"type":"Polygon","coordinates":[[[-62.584122387010211,-6.650495119473451],[-62.575052792731171,-6.650487413099762],[-62.575044996837562,-6.659555870820578],[-62.584114757491562,-6.659563587793919],[-62.584122387010211,-6.650495119473451]]]}},
{"type":"Feature","properties":{"DESCRIPTION":"MDT_1383228.tif","FILENAME":"U:\\P589_AmazoniaRevelada_BR-319\\LiDAR_dataset\\ENTREGAS\\ENTREGA_09\\2_MDT\\GEOTIFF\\MDT_1383228.tif","SHRT_FNAME":"MDT_1383228.tif","UPPER_LEFT_X":"544967.833","UPPER_LEFT_Y":"9264868.084","LOWER_RIGHT_X":"545970.333","LOWER_RIGHT_Y":"9263865.584"},"geometry":{"type":"Polygon","coordinates":[[[-62.593169374436641,-6.650502641011624],[-62.584099769554797,-6.650495100462324],[-62.584092139621248,-6.659563568756644],[-62.593161910878983,-6.659571119677516],[-62.593169374436641,-6.650502641011624]]]}},
{"type":"Feature","properties":{"DESCRIPTION":"MDT_1383227.tif","FILENAME":"U:\\P589_AmazoniaRevelada_BR-319\\LiDAR_dataset\\ENTREGAS\\ENTREGA_09\\2_MDT\\GEOTIFF\\MDT_1383227.tif","SHRT_FNAME":"MDT_1383227.tif","UPPER_LEFT_X":"543967.833","UPPER_LEFT_Y":"9264868.084","LOWER_RIGHT_X":"544970.333","LOWER_RIGHT_Y":"9263865.584"},"geometry":{"type":"Polygon","coordinates":[[[-62.602216372209064,-6.650509997138003],[-62.593146756955079,-6.650502622414026],[-62.593139292982528,-6.659571101054339],[-62.602209074613363,-6.659578485921807],[-62.602216372209064,-6.650509997138003]]]}},
{"type":"Feature","properties":{"DESCRIPTION":"MDT_1383226.tif","FILENAME":"U:\\P589_AmazoniaRevelada_BR-319\\LiDAR_dataset\\ENTREGAS\\ENTREGA_09\\2_MDT\\GEOTIFF\\MDT_1383226.tif","SHRT_FNAME":"MDT_1383226.tif","UPPER_LEFT_X":"542967.833","UPPER_LEFT_Y":"9264868.084","LOWER_RIGHT_X":"543970.333","LOWER_RIGHT_Y":"9263865.584"},"geometry":{"type":"Polygon","coordinates":[[[-62.611263380097448,-6.650517187851675],[-62.602193754701922,-6.650509978953937],[-62.602186456691307,-6.659578467712727],[-62.611256248464592,-6.659585686525873],[-62.611263380097448,-6.650517187851675]]]}},
{"type":"Feature","properties":{"DESCRIPTION":"MDT_1383225.tif","FILENAME":"U:\\P589_AmazoniaRevelada_BR-319\\LiDAR_dataset\\ENTREGAS\\ENTREGA_09\\2_MDT\\GEOTIFF\\MDT_1383225.tif","SHRT_FNAME":"MDT_1383225.tif","UPPER_LEFT_X":"541967.333","UPPER_LEFT_Y":"9264868.084","LOWER_RIGHT_X":"542970.333","LOWER_RIGHT_Y":"9263865.584"},"geometry":{"type":"Polygon","coordinates":[[[-62.620314921383049,-6.650524216623022],[-62.611240762565302,-6.650517170081141],[-62.611233630517539,-6.659585668730895],[-62.62030795579691,-6.65959272496487],[-62.620314921383049,-6.650524216623022]]]}},
{"type":"Feature","properties":{"DESCRIPTION":"MDT_1383224.tif","FILENAME":"U:\\P589_AmazoniaRevelada_BR-319\\LiDAR_dataset\\ENTREGAS\\ENTREGA_09\\2_MDT\\GEOTIFF\\MDT_1383224.tif","SHRT_FNAME":"MDT_1383224.tif","UPPER_LEFT_X":"540967.333","UPPER_LEFT_Y":"9264868.084","LOWER_RIGHT_X":"541969.833","LOWER_RIGHT_Y":"9263865.584"},"geometry":{"type":"Polygon","coordinates":[[[-62.629361948817923,-6.650531076425911],[-62.62029230382646,-6.65052419926623],[-62.620285337825422,-6.659592707584207],[-62.629355149196414,-6.65959959420301],[-62.629361948817923,-6.650531076425911]]]}},
{"type":"Feature","properties":{"DESCRIPTION":"MDT_1383223.tif","FILENAME":"U:\\P589_AmazoniaRevelada_BR-319\\LiDAR_dataset\\ENTREGAS\\ENTREGA_09\\2_MDT\\GEOTIFF\\MDT_1383223.tif","SHRT_FNAME":"MDT_1383223.tif","UPPER_LEFT_X":"539967.333","UPPER_LEFT_Y":"9264868.084","LOWER_RIGHT_X":"540969.833","LOWER_RIGHT_Y":"9263865.584"},"geometry":{"type":"Polygon","coordinates":[[[-62.638408985678446,-6.650537770813479],[-62.629339331237482,-6.650531059482659],[-62.629332531201065,-6.65959957723645],[-62.638402352022418,-6.659606297798303],[-62.638408985678446,-6.650537770813479]]]}},
{"type":"Feature","properties":{"DESCRIPTION":"MDT_1383222.tif","FILENAME":"U:\\P589_AmazoniaRevelada_BR-319\\LiDAR_dataset\\ENTREGAS\\ENTREGA_09\\2_MDT\\GEOTIFF\\MDT_1383222.tif","SHRT_FNAME":"MDT_1383222.tif","UPPER_LEFT_X":"538967.333","UPPER_LEFT_Y":"9264868.084","LOWER_RIGHT_X":"539969.833","LOWER_RIGHT_Y":"9263865.584"},"geometry":{"type":"Polygon","coordinates":[[[-62.647456031734585,-6.650544299784888],[-62.638386368074741,-6.650537754283762],[-62.638379734003792,-6.659606281245853],[-62.647449564044855,-6.659612835749922],[-62.647456031734585,-6.650544299784888]]]}},
{"type":"Feature","properties":{"DESCRIPTION":"MDT_1383221.tif","FILENAME":"U:\\P589_AmazoniaRevelada_BR-319\\LiDAR_dataset\\ENTREGAS\\ENTREGA_09\\2_MDT\\GEOTIFF\\MDT_1383221.tif","SHRT_FNAME":"MDT_1383221.tif","UPPER_LEFT_X":"537967.333","UPPER_LEFT_Y":"9264868.084","LOWER_RIGHT_X":"538969.833","LOWER_RIGHT_Y":"9263865.584"},"geometry":{"type":"Polygon","coordinates":[[[-62.656503086756253,-6.650550663339333],[-62.647433414108164,-6.650544283668715],[-62.64742694600352,-6.65961281961158],[-62.656496785033639,-6.659619208057055],[-62.656503086756253,-6.650550663339333]]]}},
{"type":"Feature","properties":{"DESCRIPTION":"MDT_1383220.tif","FILENAME":"U:\\P589_AmazoniaRevelada_BR-319\\LiDAR_dataset\\ENTREGAS\\ENTREGA_09\\2_MDT\\GEOTIFF\\MDT_1383220.tif","SHRT_FNAME":"MDT_1383220.tif","UPPER_LEFT_X":"536966.833","UPPER_LEFT_Y":"9264868.084","LOWER_RIGHT_X":"537969.833","LOWER_RIGHT_Y":"9263865.584"},"geometry":{"type":"Polygon","coordinates":[[[-62.665554674047407,-6.650556864533713],[-62.656480469107706,-6.650550647636702],[-62.656474166970177,-6.659619192332827],[-62.665548538375681,-6.659625417780808],[-62.665554674047407,-6.650556864533713]]]}},
{"type":"Feature","properties":{"DESCRIPTION":"MDT_1383219.tif","FILENAME":"U:\\P589_AmazoniaRevelada_BR-319\\LiDAR_dataset\\ENTREGAS\\ENTREGA_09\\2_MDT\\GEOTIFF\\MDT_1383219.tif","SHRT_FNAME":"MDT_1383219.tif","UPPER_LEFT_X":"535966.833","UPPER_LEFT_Y":"9264868.084","LOWER_RIGHT_X":"536969.333","LOWER_RIGHT_Y":"9263865.584"},"geometry":{"type":"Polygon","coordinates":[[[-62.674601746314146,-6.650562897169166],[-62.665532056377302,-6.650556849244835],[-62.665525920290655,-6.659625402470899],[-62.674595776611085,-6.65963145871379],[-62.674601746314146,-6.650562897169166]]]}},
{"type":"Feature","properties":{"DESCRIPTION":"MDT_1383218.tif","FILENAME":"U:\\P589_AmazoniaRevelada_BR-319\\LiDAR_dataset\\ENTREGAS\\ENTREGA_09\\2_MDT\\GEOTIFF\\MDT_1383218.tif","SHRT_FNAME":"MDT_1383218.tif","UPPER_LEFT_X":"534966.833","UPPER_LEFT_Y":"9264868.084","LOWER_RIGHT_X":"535969.333","LOWER_RIGHT_Y":"9263865.584"},"geometry":{"type":"Polygon","coordinates":[[[-62.683648826856121,-6.650568764385346],[-62.674579128623066,-6.650562882293835],[-62.674573158505076,-6.659631443817998],[-62.683643023122464,-6.659637333999973],[-62.683648826856121,-6.650568764385346]]]}},
{"type":"Feature","properties":{"DESCRIPTION":"MDT_1383217.tif","FILENAME":"U:\\P589_AmazoniaRevelada_BR-319\\LiDAR_dataset\\ENTREGAS\\ENTREGA_09\\2_MDT\\GEOTIFF\\MDT_1383217.tif","SHRT_FNAME":"MDT_1383217.tif","UPPER_LEFT_X":"533966.833","UPPER_LEFT_Y":"9264868.084","LOWER_RIGHT_X":"534969.333","LOWER_RIGHT_Y":"9263865.584"},"geometry":{"type":"Polygon","coordinates":[[[-62.692695915443231,-6.650574466181522],[-62.683626209144634,-6.650568749923562],[-62.683620404996056,-6.659637319518299],[-62.692690277679723,-6.659643043638629],[-62.692695915443231,-6.650574466181522]]]}},
{"type":"Feature","properties":{"DESCRIPTION":"MDT_1383216.tif","FILENAME":"U:\\P589_AmazoniaRevelada_BR-319\\LiDAR_dataset\\ENTREGAS\\ENTREGA_09\\2_MDT\\GEOTIFF\\MDT_1383216.tif","SHRT_FNAME":"MDT_1383216.tif","UPPER_LEFT_X":"532966.833","UPPER_LEFT_Y":"9264868.084","LOWER_RIGHT_X":"533969.333","LOWER_RIGHT_Y":"9263865.584"},"geometry":{"type":"Polygon","coordinates":[[[-62.701743011845444,-6.650580002556987],[-62.692673297711934,-6.650574452133288],[-62.692667659533484,-6.659643029571074],[-62.701737540052783,-6.659648587629047],[-62.701743011845444,-6.650580002556987]]]}},
{"type":"Feature","properties":{"DESCRIPTION":"MDT_1383215.tif","FILENAME":"U:\\P589_AmazoniaRevelada_BR-319\\LiDAR_dataset\\ENTREGAS\\ENTREGA_09\\2_MDT\\GEOTIFF\\MDT_1383215.tif","SHRT_FNAME":"MDT_1383215.tif","UPPER_LEFT_X":"531966.333","UPPER_LEFT_Y":"9264868.084","LOWER_RIGHT_X":"532969.333","LOWER_RIGHT_Y":"9263865.584"},"geometry":{"type":"Polygon","coordinates":[[[-62.710794639386528,-6.650585376155153],[-62.701720394094885,-6.650579988922306],[-62.701714921887287,-6.659648573975614],[-62.710789333648385,-6.659653968618276],[-62.710794639386528,-6.650585376155153]]]}},
{"type":"Feature","properties":{"DESCRIPTION":"MDT_1383214.tif","FILENAME":"U:\\P589_AmazoniaRevelada_BR-319\\LiDAR_dataset\\ENTREGAS\\ENTREGA_09\\2_MDT\\GEOTIFF\\MDT_1383214.tif","SHRT_FNAME":"MDT_1383214.tif","UPPER_LEFT_X":"530966.333","UPPER_LEFT_Y":"9264868.084","LOWER_RIGHT_X":"531968.833","LOWER_RIGHT_Y":"9263865.584"},"geometry":{"type":"Polygon","coordinates":[[[-62.719841750732321,-6.650590581604443],[-62.710772021617281,-6.650585362934235],[-62.710766715464203,-6.659653955379174],[-62.719836610966382,-6.659659181227352],[-62.719841750732321,-6.650590581604443]]]}},
{"type":"Feature","properties":{"DESCRIPTION":"MDT_1383213.tif","FILENAME":"U:\\P589_AmazoniaRevelada_BR-319\\LiDAR_dataset\\ENTREGAS\\ENTREGA_09\\2_MDT\\GEOTIFF\\MDT_1383213.tif","SHRT_FNAME":"MDT_1383213.tif","UPPER_LEFT_X":"529966.333","UPPER_LEFT_Y":"9264868.084","LOWER_RIGHT_X":"530968.833","LOWER_RIGHT_Y":"9263865.584"},"geometry":{"type":"Polygon","coordinates":[[[-62.728888869202898,-6.650595621631022],[-62.719819132944984,-6.650590568797081],[-62.719813992764102,-6.659659168402374],[-62.72888389540978,-6.659664228186187],[-62.728888869202898,-6.650595621631022]]]}},
{"type":"Feature","properties":{"DESCRIPTION":"MDT_1383212.tif","FILENAME":"U:\\P589_AmazoniaRevelada_BR-319\\LiDAR_dataset\\ENTREGAS\\ENTREGA_09\\2_MDT\\GEOTIFF\\MDT_1383212.tif","SHRT_FNAME":"MDT_1383212.tif","UPPER_LEFT_X":"528966.333","UPPER_LEFT_Y":"9264868.084","LOWER_RIGHT_X":"529968.833","LOWER_RIGHT_Y":"9263865.584"},"geometry":{"type":"Polygon","coordinates":[[[-62.737935994568147,-6.650600496234264],[-62.728866251398024,-6.650595609237218],[-62.728861277189978,-6.659664215775337],[-62.737931186748497,-6.659669109494156],[-62.737935994568147,-6.650600496234264]]]}},
{"type":"Feature","properties":{"DESCRIPTION":"MDT_1383211.tif","FILENAME":"U:\\P589_AmazoniaRevelada_BR-319\\LiDAR_dataset\\ENTREGAS\\ENTREGA_09\\2_MDT\\GEOTIFF\\MDT_1383211.tif","SHRT_FNAME":"MDT_1383211.tif","UPPER_LEFT_X":"527966.333","UPPER_LEFT_Y":"9264868.084","LOWER_RIGHT_X":"528968.833","LOWER_RIGHT_Y":"9263865.584"},"geometry":{"type":"Polygon","coordinates":[[[-62.746983126598032,-6.650605205413566],[-62.737913376746327,-6.65060048425402],[-62.737908568511749,-6.659669097497432],[-62.746978484752447,-6.659673825150652],[-62.746983126598032,-6.650605205413566]]]}},
{"type":"Feature","properties":{"DESCRIPTION":"MDT_1383210.tif","FILENAME":"U:\\P589_AmazoniaRevelada_BR-319\\LiDAR_dataset\\ENTREGAS\\ENTREGA_09\\2_MDT\\GEOTIFF\\MDT_1383210.tif","SHRT_FNAME":"MDT_1383210.tif","UPPER_LEFT_X":"526965.833","UPPER_LEFT_Y":"9264868.084","LOWER_RIGHT_X":"527968.833","LOWER_RIGHT_Y":"9263865.584"},"geometry":{"type":"Polygon","coordinates":[[[-62.756034788633244,-6.650609751398839],[-62.746960508759841,-6.65060519384688],[-62.746955866499313,-6.659673813568057],[-62.756030312845304,-6.659678377388658],[-62.756034788633244,-6.650609751398839]]]}},
{"type":"Feature","properties":{"DESCRIPTION":"MDT_1383209.tif","FILENAME":"U:\\P589_AmazoniaRevelada_BR-319\\LiDAR_dataset\\ENTREGAS\\ENTREGA_09\\2_MDT\\GEOTIFF\\MDT_1383209.tif","SHRT_FNAME":"MDT_1383209.tif","UPPER_LEFT_X":"525965.833","UPPER_LEFT_Y":"9264868.084","LOWER_RIGHT_X":"526968.333","LOWER_RIGHT_Y":"9263865.584"},"geometry":{"type":"Polygon","coordinates":[[[-62.76508193330519,-6.65061412964581],[-62.756012170779258,-6.650609740245923],[-62.756007694576368,-6.6596783662204],[-62.765077623492445,-6.659682761657647],[-62.76508193330519,-6.65061412964581]]]}},
{"type":"Feature","properties":{"DESCRIPTION":"MDT_1383208.tif","FILENAME":"U:\\P589_AmazoniaRevelada_BR-319\\LiDAR_dataset\\ENTREGAS\\ENTREGA_09\\2_MDT\\GEOTIFF\\MDT_1383208.tif","SHRT_FNAME":"MDT_1383208.tif","UPPER_LEFT_X":"524965.833","UPPER_LEFT_Y":"9264868.084","LOWER_RIGHT_X":"525968.333","LOWER_RIGHT_Y":"9263865.584"},"geometry":{"type":"Polygon","coordinates":[[[-62.774129083951408,-6.650618342467146],[-62.76505931543597,-6.650614118906458],[-62.765055005208275,-6.659682750903522],[-62.774124940114405,-6.659686980273467],[-62.774129083951408,-6.650618342467146]]]}},
{"type":"Feature","properties":{"DESCRIPTION":"MDT_1383207.tif","FILENAME":"U:\\P589_AmazoniaRevelada_BR-319\\LiDAR_dataset\\ENTREGAS\\ENTREGA_09\\2_MDT\\GEOTIFF\\MDT_1383207.tif","SHRT_FNAME":"MDT_1383207.tif","UPPER_LEFT_X":"523965.833","UPPER_LEFT_Y":"9264868.084","LOWER_RIGHT_X":"524968.333","LOWER_RIGHT_Y":"9263865.584"},"geometry":{"type":"Polygon","coordinates":[[[-62.783176240341838,-6.650622389862326],[-62.774106466067529,-6.650618332141357],[-62.774102321815597,-6.659686969933476],[-62.783172262481102,-6.659691033235596],[-62.783176240341838,-6.650622389862326]]]}},
{"type":"Feature","properties":{"DESCRIPTION":"MDT_1383206.tif","FILENAME":"U:\\P589_AmazoniaRevelada_BR-319\\LiDAR_dataset\\ENTREGAS\\ENTREGA_09\\2_MDT\\GEOTIFF\\MDT_1383206.tif","SHRT_FNAME":"MDT_1383206.tif","UPPER_LEFT_X":"522965.833","UPPER_LEFT_Y":"9264868.084","LOWER_RIGHT_X":"523968.333","LOWER_RIGHT_Y":"9263865.584"},"geometry":{"type":"Polygon","coordinates":[[[-62.792223402246393,-6.650626271830843],[-62.783153622443891,-6.650622379950103],[-62.783149644168205,-6.659691023309741],[-62.792219590362407,-6.659694920543533],[-62.792223402246393,-6.650626271830843]]]}},
{"type":"Feature","properties":{"DESCRIPTION":"MDT_1383205.tif","FILENAME":"U:\\P589_AmazoniaRevelada_BR-319\\LiDAR_dataset\\ENTREGAS\\ENTREGA_09\\2_MDT\\GEOTIFF\\MDT_1383205.tif","SHRT_FNAME":"MDT_1383205.tif","UPPER_LEFT_X":"521965.833","UPPER_LEFT_Y":"9264868.084","LOWER_RIGHT_X":"522968.333","LOWER_RIGHT_Y":"9263865.584"},"geometry":{"type":"Polygon","coordinates":[[[-62.80127056943499,-6.65062998837222],[-62.792200784334945,-6.65062626233219],[-62.792196972036024,-6.659694911031812],[-62.801266923528253,-6.65969864219679],[-62.80127056943499,-6.65062998837222]]]}},
{"type":"Feature","properties":{"DESCRIPTION":"MDT_1383204.tif","FILENAME":"U:\\P589_AmazoniaRevelada_BR-319\\LiDAR_dataset\\ENTREGAS\\ENTREGA_09\\2_MDT\\GEOTIFF\\MDT_1383204.tif","SHRT_FNAME":"MDT_1383204.tif","UPPER_LEFT_X":"520965.333","UPPER_LEFT_Y":"9264868.084","LOWER_RIGHT_X":"521968.333","LOWER_RIGHT_Y":"9263865.584"},"geometry":{"type":"Polygon","coordinates":[[[-62.810322265264915,-6.650633541220174],[-62.801247951510625,-6.650629979287134],[-62.801244305188938,-6.659698633099209],[-62.81031878541885,-6.659702199931475],[-62.810322265264915,-6.650633541220174]]]}},
{"type":"Feature","properties":{"DESCRIPTION":"MDT_1383203.tif","FILENAME":"U:\\P589_AmazoniaRevelada_BR-319\\LiDAR_dataset\\ENTREGAS\\ENTREGA_09\\2_MDT\\GEOTIFF\\MDT_1383203.tif","SHRT_FNAME":"MDT_1383203.tif","UPPER_LEFT_X":"519965.333","UPPER_LEFT_Y":"9264868.084","LOWER_RIGHT_X":"520967.833","LOWER_RIGHT_Y":"9263865.584"},"geometry":{"type":"Polygon","coordinates":[[[-62.819369442333745,-6.650636926823189],[-62.810299647328193,-6.650633532548863],[-62.810296167067193,-6.659702191248239],[-62.819366128465809,-6.659705590191186],[-62.819369442333745,-6.650636926823189]]]}},
{"type":"Feature","properties":{"DESCRIPTION":"MDT_1383202.tif","FILENAME":"U:\\P589_AmazoniaRevelada_BR-319\\LiDAR_dataset\\ENTREGAS\\ENTREGA_09\\2_MDT\\GEOTIFF\\MDT_1383202.tif","SHRT_FNAME":"MDT_1383202.tif","UPPER_LEFT_X":"518965.333","UPPER_LEFT_Y":"9264868.084","LOWER_RIGHT_X":"519967.833","LOWER_RIGHT_Y":"9263865.584"},"geometry":{"type":"Polygon","coordinates":[[[-62.828416623996262,-6.65064014699774],[-62.819346824385242,-6.65063691856545],[-62.819343510102371,-6.659705581922089],[-62.828413476106881,-6.659708814794896],[-62.828416623996262,-6.65064014699774]]]}},
{"type":"Feature","properties":{"DESCRIPTION":"MDT_1383201.tif","FILENAME":"U:\\P589_AmazoniaRevelada_BR-319\\LiDAR_dataset\\ENTREGAS\\ENTREGA_09\\2_MDT\\GEOTIFF\\MDT_1383201.tif","SHRT_FNAME":"MDT_1383201.tif","UPPER_LEFT_X":"517965.333","UPPER_LEFT_Y":"9264868.084","LOWER_RIGHT_X":"518967.833","LOWER_RIGHT_Y":"9263865.584"},"geometry":{"type":"Polygon","coordinates":[[[-62.837463810022399,-6.650643201743427],[-62.828394006036561,-6.650640139153571],[-62.828390857732231,-6.65970880693994],[-62.837460828111958,-6.659711873742205],[-62.837463810022399,-6.650643201743427]]]}},
{"type":"Feature","properties":{"DESCRIPTION":"MDT_1383200.tif","FILENAME":"U:\\P589_AmazoniaRevelada_BR-319\\LiDAR_dataset\\ENTREGAS\\ENTREGA_09\\2_MDT\\GEOTIFF\\MDT_1383200.tif","SHRT_FNAME":"MDT_1383200.tif","UPPER_LEFT_X":"516965.333","UPPER_LEFT_Y":"9264868.084","LOWER_RIGHT_X":"517967.833","LOWER_RIGHT_Y":"9263865.584"},"geometry":{"type":"Polygon","coordinates":[[[-62.846511000182083,-6.650646091059872],[-62.83744119205209,-6.650643194312832],[-62.837438209726699,-6.659711866301389],[-62.846508184250951,-6.659714767032733],[-62.846511000182083,-6.650646091059872]]]}},
{"type":"Feature","properties":{"DESCRIPTION":"MDT_1383199.tif","FILENAME":"U:\\P589_AmazoniaRevelada_BR-319\\LiDAR_dataset\\ENTREGAS\\ENTREGA_09\\2_MDT\\GEOTIFF\\MDT_1383199.tif","SHRT_FNAME":"MDT_1383199.tif","UPPER_LEFT_X":"515964.833","UPPER_LEFT_Y":"9264868.084","LOWER_RIGHT_X":"516967.833","LOWER_RIGHT_Y":"9263865.584"},"geometry":{"type":"Polygon","coordinates":[[[-62.855562717843178,-6.650648816267279],[-62.846488382201713,-6.650646084042851],[-62.846485565855644,-6.65971476000606],[-62.855560067974707,-6.6597174959885],[-62.855562717843178,-6.650648816267279]]]}},
{"type":"Feature","properties":{"DESCRIPTION":"MDT_1383198.tif","FILENAME":"U:\\P589_AmazoniaRevelada_BR-319\\LiDAR_dataset\\ENTREGAS\\ENTREGA_09\\2_MDT\\GEOTIFF\\MDT_1383198.tif","SHRT_FNAME":"MDT_1383198.tif","UPPER_LEFT_X":"514964.833","UPPER_LEFT_Y":"9264868.084","LOWER_RIGHT_X":"515967.333","LOWER_RIGHT_Y":"9263865.584"},"geometry":{"type":"Polygon","coordinates":[[[-62.864609915581468,-6.650651374641465],[-62.855540099853343,-6.650648809664038],[-62.855537449569923,-6.659717489376177],[-62.864607431692988,-6.65972005788158],[-62.864609915581468,-6.650651374641465]]]}},
{"type":"Feature","properties":{"DESCRIPTION":"MDT_1383197.tif","FILENAME":"U:\\P589_AmazoniaRevelada_BR-319\\LiDAR_dataset\\ENTREGAS\\ENTREGA_09\\2_MDT\\GEOTIFF\\MDT_1383197.tif","SHRT_FNAME":"MDT_1383197.tif","UPPER_LEFT_X":"513964.833","UPPER_LEFT_Y":"9264868.084","LOWER_RIGHT_X":"514967.333","LOWER_RIGHT_Y":"9263865.584"},"geometry":{"type":"Polygon","coordinates":[[[-62.873657116762935,-6.650653767585395],[-62.864587297582737,-6.650651368451801],[-62.864584813279315,-6.6597200516834],[-62.873654798854773,-6.65972245411686],[-62.873657116762935,-6.650653767585395]]]}},
{"type":"Feature","properties":{"DESCRIPTION":"MDT_1383196.tif","FILENAME":"U:\\P589_AmazoniaRevelada_BR-319\\LiDAR_dataset\\ENTREGAS\\ENTREGA_09\\2_MDT\\GEOTIFF\\MDT_1383196.tif","SHRT_FNAME":"MDT_1383196.tif","UPPER_LEFT_X":"512964.833","UPPER_LEFT_Y":"9264868.084","LOWER_RIGHT_X":"513967.333","LOWER_RIGHT_Y":"9263865.584"},"geometry":{"type":"Polygon","coordinates":[[[-62.882704321157497,-6.650655995098768],[-62.873634498755884,-6.650653761809306],[-62.873632180432772,-6.659722448332826],[-62.88270216922993,-6.659724684694047],[-62.882704321157497,-6.650655995098768]]]}},
{"type":"Feature","properties":{"DESCRIPTION":"MDT_1383195.tif","FILENAME":"U:\\P589_AmazoniaRevelada_BR-319\\LiDAR_dataset\\ENTREGAS\\ENTREGA_09\\2_MDT\\GEOTIFF\\MDT_1383195.tif","SHRT_FNAME":"MDT_1383195.tif","UPPER_LEFT_X":"511964.833","UPPER_LEFT_Y":"9264868.084","LOWER_RIGHT_X":"512967.333","LOWER_RIGHT_Y":"9263865.584"},"geometry":{"type":"Polygon","coordinates":[[[-62.891751528535082,-6.65065805718131],[-62.882681703142701,-6.650655989736258],[-62.882679550800177,-6.659724679324159],[-62.891749542588379,-6.659726749612861],[-62.891751528535082,-6.65065805718131]]]}},
{"type":"Feature","properties":{"DESCRIPTION":"MDT_1383194.tif","FILENAME":"U:\\P589_AmazoniaRevelada_BR-319\\LiDAR_dataset\\ENTREGAS\\ENTREGA_09\\2_MDT\\GEOTIFF\\MDT_1383194.tif","SHRT_FNAME":"MDT_1383194.tif","UPPER_LEFT_X":"510964.333","UPPER_LEFT_Y":"9264868.084","LOWER_RIGHT_X":"511967.333","LOWER_RIGHT_Y":"9263865.584"},"geometry":{"type":"Polygon","coordinates":[[[-62.900803262271303,-6.650659954739713],[-62.891728910513109,-6.650658052232376],[-62.891726924151449,-6.65972674465712],[-62.900801442388698,-6.659728649781243],[-62.900803262271303,-6.650659954739713]]]}},
{"type":"Feature","properties":{"DESCRIPTION":"MDT_1383193.tif","FILENAME":"U:\\P589_AmazoniaRevelada_BR-319\\LiDAR_dataset\\ENTREGAS\\ENTREGA_09\\2_MDT\\GEOTIFF\\MDT_1383193.tif","SHRT_FNAME":"MDT_1383193.tif","UPPER_LEFT_X":"509964.333","UPPER_LEFT_Y":"9264868.084","LOWER_RIGHT_X":"510966.833","LOWER_RIGHT_Y":"9263865.584"},"geometry":{"type":"Polygon","coordinates":[[[-62.909850474925854,-6.65066168587713],[-62.900780644242722,-6.650659950204563],[-62.900778823945174,-6.659728645239856],[-62.909848821024596,-6.659730383299735],[-62.909850474925854,-6.65066168587713]]]}},
{"type":"Feature","properties":{"DESCRIPTION":"MDT_1382252.tif","FILENAME":"U:\\P589_AmazoniaRevelada_BR-319\\LiDAR_dataset\\ENTREGAS\\ENTREGA_09\\2_MDT\\GEOTIFF\\MDT_1382252.tif","SHRT_FNAME":"MDT_1382252.tif","UPPER_LEFT_X":"568970.329","UPPER_LEFT_Y":"9265867.708","LOWER_RIGHT_X":"569972.329","LOWER_RIGHT_Y":"9264865.708"},"geometry":{"type":"Polygon","coordinates":[[[-62.376033877970059,-6.641234287076915],[-62.366969280133219,-6.641222788213158],[-62.366957689058701,-6.650286420478295],[-62.376022452845923,-6.650297935171301],[-62.376033877970059,-6.641234287076915]]]}},
{"type":"Feature","properties":{"DESCRIPTION":"MDT_1382251.tif","FILENAME":"U:\\P589_AmazoniaRevelada_BR-319\\LiDAR_dataset\\ENTREGAS\\ENTREGA_09\\2_MDT\\GEOTIFF\\MDT_1382251.tif","SHRT_FNAME":"MDT_1382251.tif","UPPER_LEFT_X":"567969.833","UPPER_LEFT_Y":"9265868.084","LOWER_RIGHT_X":"568972.333","LOWER_RIGHT_Y":"9264865.584"},"geometry":{"type":"Polygon","coordinates":[[[-62.385084890322524,-6.641242203539337],[-62.376015753385694,-6.641230864554011],[-62.376004322230344,-6.65029903539586],[-62.385073625284619,-6.650310389998144],[-62.385084890322524,-6.641242203539337]]]}},
{"type":"Feature","properties":{"DESCRIPTION":"MDT_1382250.tif","FILENAME":"U:\\P589_AmazoniaRevelada_BR-319\\LiDAR_dataset\\ENTREGAS\\ENTREGA_09\\2_MDT\\GEOTIFF\\MDT_1382250.tif","SHRT_FNAME":"MDT_1382250.tif","UPPER_LEFT_X":"566969.833","UPPER_LEFT_Y":"9265868.084","LOWER_RIGHT_X":"567972.333","LOWER_RIGHT_Y":"9264865.584"},"geometry":{"type":"Polygon","coordinates":[[[-62.39413142661342,-6.641253348883222],[-62.385062274001292,-6.641242175469013],[-62.385051008549127,-6.65031036188916],[-62.394120327280127,-6.650321550692291],[-62.39413142661342,-6.641253348883222]]]}},
{"type":"Feature","properties":{"DESCRIPTION":"MDT_1382249.tif","FILENAME":"U:\\P589_AmazoniaRevelada_BR-319\\LiDAR_dataset\\ENTREGAS\\ENTREGA_09\\2_MDT\\GEOTIFF\\MDT_1382249.tif","SHRT_FNAME":"MDT_1382249.tif","UPPER_LEFT_X":"565969.833","UPPER_LEFT_Y":"9265868.084","LOWER_RIGHT_X":"566972.333","LOWER_RIGHT_Y":"9264865.584"},"geometry":{"type":"Polygon","coordinates":[[[-62.403177978310254,-6.6412643290675],[-62.394108810253385,-6.641253321225797],[-62.394097710505832,-6.650321522996772],[-62.403167044682952,-6.650332545999359],[-62.403177978310254,-6.6412643290675]]]}},
{"type":"Feature","properties":{"DESCRIPTION":"MDT_1382248.tif","FILENAME":"U:\\P589_AmazoniaRevelada_BR-319\\LiDAR_dataset\\ENTREGAS\\ENTREGA_09\\2_MDT\\GEOTIFF\\MDT_1382248.tif","SHRT_FNAME":"MDT_1382248.tif","UPPER_LEFT_X":"564969.833","UPPER_LEFT_Y":"9265868.084","LOWER_RIGHT_X":"565972.333","LOWER_RIGHT_Y":"9264865.584"},"geometry":{"type":"Polygon","coordinates":[[[-62.412224545183015,-6.641275144090809],[-62.403155361911992,-6.641264301822974],[-62.40314442787043,-6.650332518717309],[-62.412213777263084,-6.650343375917986],[-62.412224545183015,-6.641275144090809]]]}},
{"type":"Feature","properties":{"DESCRIPTION":"MDT_1382247.tif","FILENAME":"U:\\P589_AmazoniaRevelada_BR-319\\LiDAR_dataset\\ENTREGAS\\ENTREGA_09\\2_MDT\\GEOTIFF\\MDT_1382247.tif","SHRT_FNAME":"MDT_1382247.tif","UPPER_LEFT_X":"563969.853","UPPER_LEFT_Y":"9265867.708","LOWER_RIGHT_X":"564971.853","LOWER_RIGHT_Y":"9264865.708"},"geometry":{"type":"Polygon","coordinates":[[[-62.421270941769613,-6.641289193459534],[-62.412206266740263,-6.641278522124497],[-62.412195503854413,-6.65034223111252],[-62.421260344841102,-6.650352917137639],[-62.421270941769613,-6.641289193459534]]]}},
{"type":"Feature","properties":{"DESCRIPTION":"MDT_1382246.tif","FILENAME":"U:\\P589_AmazoniaRevelada_BR-319\\LiDAR_dataset\\ENTREGAS\\ENTREGA_09\\2_MDT\\GEOTIFF\\MDT_1382246.tif","SHRT_FNAME":"MDT_1382246.tif","UPPER_LEFT_X":"562969.333","UPPER_LEFT_Y":"9265868.084","LOWER_RIGHT_X":"563972.333","LOWER_RIGHT_Y":"9264865.584"},"geometry":{"type":"Polygon","coordinates":[[[-62.430322246838244,-6.641296283850206],[-62.421248510528713,-6.641285767533091],[-62.421237907903233,-6.650354013991725],[-62.430311810419916,-6.650364544792757],[-62.430322246838244,-6.641296283850206]]]}},
{"type":"Feature","properties":{"DESCRIPTION":"MDT_1382245.tif","FILENAME":"U:\\P589_AmazoniaRevelada_BR-319\\LiDAR_dataset\\ENTREGAS\\ENTREGA_09\\2_MDT\\GEOTIFF\\MDT_1382245.tif","SHRT_FNAME":"MDT_1382245.tif","UPPER_LEFT_X":"561969.333","UPPER_LEFT_Y":"9265868.084","LOWER_RIGHT_X":"562971.833","LOWER_RIGHT_Y":"9264865.584"},"geometry":{"type":"Polygon","coordinates":[[[-62.439368857865965,-6.641306603300051],[-62.430299630328733,-6.641296257844608],[-62.430289193496122,-6.650364518751343],[-62.439358587158985,-6.650374878455378],[-62.439368857865965,-6.641306603300051]]]}},
{"type":"Feature","properties":{"DESCRIPTION":"MDT_1382244.tif","FILENAME":"U:\\P589_AmazoniaRevelada_BR-319\\LiDAR_dataset\\ENTREGAS\\ENTREGA_09\\2_MDT\\GEOTIFF\\MDT_1382244.tif","SHRT_FNAME":"MDT_1382244.tif","UPPER_LEFT_X":"560969.333","UPPER_LEFT_Y":"9265868.084","LOWER_RIGHT_X":"561971.833","LOWER_RIGHT_Y":"9264865.584"},"geometry":{"type":"Polygon","coordinates":[[[-62.448415483149489,-6.641316757583678],[-62.439346241320536,-6.641306577707367],[-62.439335970199267,-6.650374852827447],[-62.448405378155137,-6.650385046724303],[-62.448415483149489,-6.641316757583678]]]}},
{"type":"Feature","properties":{"DESCRIPTION":"MDT_1382243.tif","FILENAME":"U:\\P589_AmazoniaRevelada_BR-319\\LiDAR_dataset\\ENTREGAS\\ENTREGA_09\\2_MDT\\GEOTIFF\\MDT_1382243.tif","SHRT_FNAME":"MDT_1382243.tif","UPPER_LEFT_X":"559969.333","UPPER_LEFT_Y":"9265868.084","LOWER_RIGHT_X":"560971.833","LOWER_RIGHT_Y":"9264865.584"},"geometry":{"type":"Polygon","coordinates":[[[-62.457462122458807,-6.641326746699829],[-62.448392866568696,-6.641316732403912],[-62.448382761160062,-6.650385021509856],[-62.457452183178354,-6.650395049598268],[-62.457462122458807,-6.641326746699829]]]}},
{"type":"Feature","properties":{"DESCRIPTION":"MDT_1382242.tif","FILENAME":"U:\\P589_AmazoniaRevelada_BR-319\\LiDAR_dataset\\ENTREGAS\\ENTREGA_09\\2_MDT\\GEOTIFF\\MDT_1382242.tif","SHRT_FNAME":"MDT_1382242.tif","UPPER_LEFT_X":"558969.333","UPPER_LEFT_Y":"9265868.084","LOWER_RIGHT_X":"559971.833","LOWER_RIGHT_Y":"9264865.584"},"geometry":{"type":"Polygon","coordinates":[[[-62.466508775563902,-6.641336570647263],[-62.457439505843233,-6.641326721932982],[-62.457429566148498,-6.650395024797311],[-62.466499001998592,-6.650404887076035],[-62.466508775563902,-6.641336570647263]]]}},
{"type":"Feature","properties":{"DESCRIPTION":"MDT_1382241.tif","FILENAME":"U:\\P589_AmazoniaRevelada_BR-319\\LiDAR_dataset\\ENTREGAS\\ENTREGA_09\\2_MDT\\GEOTIFF\\MDT_1382241.tif","SHRT_FNAME":"MDT_1382241.tif","UPPER_LEFT_X":"557968.833","UPPER_LEFT_Y":"9265868.084","LOWER_RIGHT_X":"558971.833","LOWER_RIGHT_Y":"9264865.584"},"geometry":{"type":"Polygon","coordinates":[[[-62.475559965571456,-6.641346234212837],[-62.46648615891413,-6.64133654629334],[-62.466476384934523,-6.650404862688569],[-62.475550357805361,-6.650414563951051],[-62.475559965571456,-6.641346234212837]]]}},
{"type":"Feature","properties":{"DESCRIPTION":"MDT_1382240.tif","FILENAME":"U:\\P589_AmazoniaRevelada_BR-319\\LiDAR_dataset\\ENTREGAS\\ENTREGA_09\\2_MDT\\GEOTIFF\\MDT_1382240.tif","SHRT_FNAME":"MDT_1382240.tif","UPPER_LEFT_X":"556968.833","UPPER_LEFT_Y":"9265868.084","LOWER_RIGHT_X":"557971.333","LOWER_RIGHT_Y":"9264865.584"},"geometry":{"type":"Polygon","coordinates":[[[-62.484606645584691,-6.641355727736612],[-62.475537348888039,-6.641346210272047],[-62.475527740707655,-6.650414539977286],[-62.484597203536154,-6.650424070550073],[-62.484606645584691,-6.641355727736612]]]}},
{"type":"Feature","properties":{"DESCRIPTION":"MDT_1382239.tif","FILENAME":"U:\\P589_AmazoniaRevelada_BR-319\\LiDAR_dataset\\ENTREGAS\\ENTREGA_09\\2_MDT\\GEOTIFF\\MDT_1382239.tif","SHRT_FNAME":"MDT_1382239.tif","UPPER_LEFT_X":"555968.833","UPPER_LEFT_Y":"9265868.084","LOWER_RIGHT_X":"556971.333","LOWER_RIGHT_Y":"9264865.584"},"geometry":{"type":"Polygon","coordinates":[[[-62.493653338703524,-6.641365056088076],[-62.48458402886822,-6.641355704208753],[-62.484574586405394,-6.650424046989809],[-62.493644062373747,-6.650433411749295],[-62.493653338703524,-6.641365056088076]]]}},
{"type":"Feature","properties":{"DESCRIPTION":"MDT_1382238.tif","FILENAME":"U:\\P589_AmazoniaRevelada_BR-319\\LiDAR_dataset\\ENTREGAS\\ENTREGA_09\\2_MDT\\GEOTIFF\\MDT_1382238.tif","SHRT_FNAME":"MDT_1382238.tif","UPPER_LEFT_X":"554968.833","UPPER_LEFT_Y":"9265868.084","LOWER_RIGHT_X":"555971.333","LOWER_RIGHT_Y":"9264865.584"},"geometry":{"type":"Polygon","coordinates":[[[-62.502700044697981,-6.641374219266065],[-62.493630721954588,-6.641365032973148],[-62.493621445210508,-6.650433388602531],[-62.502690934088101,-6.650442587547554],[-62.502700044697981,-6.641374219266065]]]}},
{"type":"Feature","properties":{"DESCRIPTION":"MDT_1382237.tif","FILENAME":"U:\\P589_AmazoniaRevelada_BR-319\\LiDAR_dataset\\ENTREGAS\\ENTREGA_09\\2_MDT\\GEOTIFF\\MDT_1382237.tif","SHRT_FNAME":"MDT_1382237.tif","UPPER_LEFT_X":"553968.833","UPPER_LEFT_Y":"9265868.084","LOWER_RIGHT_X":"554971.333","LOWER_RIGHT_Y":"9264865.584"},"geometry":{"type":"Polygon","coordinates":[[[-62.511746763338024,-6.641383217269446],[-62.502677427917135,-6.641374196564072],[-62.502668316892958,-6.650442564814293],[-62.511737818449184,-6.650451597943713],[-62.511746763338024,-6.641383217269446]]]}},
{"type":"Feature","properties":{"DESCRIPTION":"MDT_1382236.tif","FILENAME":"U:\\P589_AmazoniaRevelada_BR-319\\LiDAR_dataset\\ENTREGAS\\ENTREGA_09\\2_MDT\\GEOTIFF\\MDT_1382236.tif","SHRT_FNAME":"MDT_1382236.tif","UPPER_LEFT_X":"552968.333","UPPER_LEFT_Y":"9265868.084","LOWER_RIGHT_X":"553971.333","LOWER_RIGHT_Y":"9264865.584"},"geometry":{"type":"Polygon","coordinates":[[[-62.520798017762203,-6.6413920544722],[-62.511724146525843,-6.641383194980391],[-62.511715201222707,-6.650451575623959],[-62.520789238678411,-6.650460447317776],[-62.520798017762203,-6.6413920544722]]]}},
{"type":"Feature","properties":{"DESCRIPTION":"MDT_1382235.tif","FILENAME":"U:\\P589_AmazoniaRevelada_BR-319\\LiDAR_dataset\\ENTREGAS\\ENTREGA_09\\2_MDT\\GEOTIFF\\MDT_1382235.tif","SHRT_FNAME":"MDT_1382235.tif","UPPER_LEFT_X":"551968.333","UPPER_LEFT_Y":"9265868.084","LOWER_RIGHT_X":"552970.833","LOWER_RIGHT_Y":"9264865.584"},"geometry":{"type":"Polygon","coordinates":[[[-62.529844761009379,-6.641400722040443],[-62.520775400919263,-6.641392032596292],[-62.520766621421167,-6.650460425411739],[-62.529836147648858,-6.650469126823696],[-62.529844761009379,-6.641400722040443]]]}},
{"type":"Feature","properties":{"DESCRIPTION":"MDT_1382234.tif","FILENAME":"U:\\P589_AmazoniaRevelada_BR-319\\LiDAR_dataset\\ENTREGAS\\ENTREGA_09\\2_MDT\\GEOTIFF\\MDT_1382234.tif","SHRT_FNAME":"MDT_1382234.tif","UPPER_LEFT_X":"550968.333","UPPER_LEFT_Y":"9265868.084","LOWER_RIGHT_X":"551970.833","LOWER_RIGHT_Y":"9264865.584"},"geometry":{"type":"Polygon","coordinates":[[[-62.538891516211955,-6.641409224430787],[-62.529822144136261,-6.641400700577479],[-62.529813530361423,-6.650469105331171],[-62.538883068575778,-6.650477640924222],[-62.538891516211955,-6.641409224430787]]]}},
{"type":"Feature","properties":{"DESCRIPTION":"MDT_1382233.tif","FILENAME":"U:\\P589_AmazoniaRevelada_BR-319\\LiDAR_dataset\\ENTREGAS\\ENTREGA_09\\2_MDT\\GEOTIFF\\MDT_1382233.tif","SHRT_FNAME":"MDT_1382233.tif","UPPER_LEFT_X":"549968.333","UPPER_LEFT_Y":"9265868.084","LOWER_RIGHT_X":"550970.833","LOWER_RIGHT_Y":"9264865.584"},"geometry":{"type":"Polygon","coordinates":[[[-62.547938283139914,-6.641417561642177],[-62.538868899309243,-6.641409203380768],[-62.538860451258735,-6.65047761984521],[-62.547930001229126,-6.650485989618294],[-62.547938283139914,-6.641417561642177]]]}},
{"type":"Feature","properties":{"DESCRIPTION":"MDT_1382232.tif","FILENAME":"U:\\P589_AmazoniaRevelada_BR-319\\LiDAR_dataset\\ENTREGAS\\ENTREGA_09\\2_MDT\\GEOTIFF\\MDT_1382232.tif","SHRT_FNAME":"MDT_1382232.tif","UPPER_LEFT_X":"548968.333","UPPER_LEFT_Y":"9265868.084","LOWER_RIGHT_X":"549970.833","LOWER_RIGHT_Y":"9264865.584"},"geometry":{"type":"Polygon","coordinates":[[[-62.556985061563225,-6.641425733673577],[-62.547915666208169,-6.641417541005108],[-62.547907383883071,-6.6504859689528],[-62.556976945378878,-6.650494172904878],[-62.556985061563225,-6.641425733673577]]]}},
{"type":"Feature","properties":{"DESCRIPTION":"MDT_1382231.tif","FILENAME":"U:\\P589_AmazoniaRevelada_BR-319\\LiDAR_dataset\\ENTREGAS\\ENTREGA_09\\2_MDT\\GEOTIFF\\MDT_1382231.tif","SHRT_FNAME":"MDT_1382231.tif","UPPER_LEFT_X":"547967.833","UPPER_LEFT_Y":"9265868.084","LOWER_RIGHT_X":"548970.833","LOWER_RIGHT_Y":"9264865.584"},"geometry":{"type":"Polygon","coordinates":[[[-62.566036374649471,-6.641433744486082],[-62.556962444603023,-6.641425713449459],[-62.556954328004352,-6.650494152652904],[-62.566028424275444,-6.650502194750524],[-62.566036374649471,-6.641433744486082]]]}},
{"type":"Feature","properties":{"DESCRIPTION":"MDT_1382230.tif","FILENAME":"U:\\P589_AmazoniaRevelada_BR-319\\LiDAR_dataset\\ENTREGAS\\ENTREGA_09\\2_MDT\\GEOTIFF\\MDT_1382230.tif","SHRT_FNAME":"MDT_1382230.tif","UPPER_LEFT_X":"546967.833","UPPER_LEFT_Y":"9265868.084","LOWER_RIGHT_X":"547970.333","LOWER_RIGHT_Y":"9264865.584"},"geometry":{"type":"Polygon","coordinates":[[[-62.575083175378836,-6.64144158607189],[-62.566013757661381,-6.641433724675124],[-62.566005806873029,-6.650502174912281],[-62.575075390733261,-6.650510047136401],[-62.575083175378836,-6.64144158607189]]]}},
{"type":"Feature","properties":{"DESCRIPTION":"MDT_1382229.tif","FILENAME":"U:\\P589_AmazoniaRevelada_BR-319\\LiDAR_dataset\\ENTREGAS\\ENTREGA_09\\2_MDT\\GEOTIFF\\MDT_1382229.tif","SHRT_FNAME":"MDT_1382229.tif","UPPER_LEFT_X":"545967.833","UPPER_LEFT_Y":"9265868.084","LOWER_RIGHT_X":"546970.333","LOWER_RIGHT_Y":"9264865.584"},"geometry":{"type":"Polygon","coordinates":[[[-62.584129986913346,-6.641449262474728],[-62.575060558363447,-6.64144156667389],[-62.57505277330354,-6.650510027711682],[-62.584122367997203,-6.650517734111802],[-62.584129986913346,-6.641449262474728]]]}},
{"type":"Feature","properties":{"DESCRIPTION":"MDT_1382228.tif","FILENAME":"U:\\P589_AmazoniaRevelada_BR-319\\LiDAR_dataset\\ENTREGAS\\ENTREGA_09\\2_MDT\\GEOTIFF\\MDT_1382228.tif","SHRT_FNAME":"MDT_1382228.tif","UPPER_LEFT_X":"544967.833","UPPER_LEFT_Y":"9265868.084","LOWER_RIGHT_X":"545970.333","LOWER_RIGHT_Y":"9264865.584"},"geometry":{"type":"Polygon","coordinates":[[[-62.593176809022978,-6.641456773693641],[-62.584107369871241,-6.641449243489683],[-62.584099750540751,-6.650517715100611],[-62.593169355837198,-6.650525255675776],[-62.593176809022978,-6.641456773693641]]]}},
{"type":"Feature","properties":{"DESCRIPTION":"MDT_1382227.tif","FILENAME":"U:\\P589_AmazoniaRevelada_BR-319\\LiDAR_dataset\\ENTREGAS\\ENTREGA_09\\2_MDT\\GEOTIFF\\MDT_1382227.tif","SHRT_FNAME":"MDT_1382227.tif","UPPER_LEFT_X":"543967.833","UPPER_LEFT_Y":"9265868.084","LOWER_RIGHT_X":"544970.333","LOWER_RIGHT_Y":"9264865.584"},"geometry":{"type":"Polygon","coordinates":[[[-62.602223641477686,-6.641464119727694],[-62.59315419195471,-6.641456755121557],[-62.593146738354612,-6.650525237078114],[-62.602216354023213,-6.650532611827386],[-62.602223641477686,-6.641464119727694]]]}},
{"type":"Feature","properties":{"DESCRIPTION":"MDT_1382226.tif","FILENAME":"U:\\P589_AmazoniaRevelada_BR-319\\LiDAR_dataset\\ENTREGAS\\ENTREGA_09\\2_MDT\\GEOTIFF\\MDT_1382226.tif","SHRT_FNAME":"MDT_1382226.tif","UPPER_LEFT_X":"542967.833","UPPER_LEFT_Y":"9265868.084","LOWER_RIGHT_X":"543970.333","LOWER_RIGHT_Y":"9264865.584"},"geometry":{"type":"Polygon","coordinates":[[[-62.611270484047431,-6.641471300575982],[-62.602201024383838,-6.641464101568578],[-62.602193736515048,-6.650532593643257],[-62.611263362325182,-6.650539802565722],[-62.611270484047431,-6.641471300575982]]]}},
{"type":"Feature","properties":{"DESCRIPTION":"MDT_1382225.tif","FILENAME":"U:\\P589_AmazoniaRevelada_BR-319\\LiDAR_dataset\\ENTREGAS\\ENTREGA_09\\2_MDT\\GEOTIFF\\MDT_1382225.tif","SHRT_FNAME":"MDT_1382225.tif","UPPER_LEFT_X":"541967.333","UPPER_LEFT_Y":"9265868.084","LOWER_RIGHT_X":"542970.333","LOWER_RIGHT_Y":"9264865.584"},"geometry":{"type":"Polygon","coordinates":[[[-62.62032185993084,-6.641478319704123],[-62.611247866928579,-6.641471282829829],[-62.611240744792006,-6.650539784795128],[-62.620314904024568,-6.650546831361178],[-62.62032185993084,-6.641478319704123]]]}},
{"type":"Feature","properties":{"DESCRIPTION":"MDT_1382224.tif","FILENAME":"U:\\P589_AmazoniaRevelada_BR-319\\LiDAR_dataset\\ENTREGAS\\ENTREGA_09\\2_MDT\\GEOTIFF\\MDT_1382224.tif","SHRT_FNAME":"MDT_1382224.tif","UPPER_LEFT_X":"540967.333","UPPER_LEFT_Y":"9265868.084","LOWER_RIGHT_X":"541969.833","LOWER_RIGHT_Y":"9264865.584"},"geometry":{"type":"Polygon","coordinates":[[[-62.629368722045321,-6.641485170095626],[-62.620299242787553,-6.641478302371144],[-62.620292286466956,-6.650546814004326],[-62.629361931873035,-6.650553691187596],[-62.629368722045321,-6.641485170095626]]]}},
{"type":"Feature","properties":{"DESCRIPTION":"MDT_1382223.tif","FILENAME":"U:\\P589_AmazoniaRevelada_BR-319\\LiDAR_dataset\\ENTREGAS\\ENTREGA_09\\2_MDT\\GEOTIFF\\MDT_1382223.tif","SHRT_FNAME":"MDT_1382223.tif","UPPER_LEFT_X":"539967.333","UPPER_LEFT_Y":"9265868.084","LOWER_RIGHT_X":"540969.833","LOWER_RIGHT_Y":"9264865.584"},"geometry":{"type":"Polygon","coordinates":[[[-62.638415593584604,-6.641491855298749],[-62.629346104878188,-6.641485153175616],[-62.629339314291563,-6.650553674244282],[-62.638408969147157,-6.650560385598124],[-62.638415593584604,-6.641491855298749]]]}},
{"type":"Feature","properties":{"DESCRIPTION":"MDT_1382222.tif","FILENAME":"U:\\P589_AmazoniaRevelada_BR-319\\LiDAR_dataset\\ENTREGAS\\ENTREGA_09\\2_MDT\\GEOTIFF\\MDT_1382222.tif","SHRT_FNAME":"MDT_1382222.tif","UPPER_LEFT_X":"538967.333","UPPER_LEFT_Y":"9265868.084","LOWER_RIGHT_X":"539969.833","LOWER_RIGHT_Y":"9264865.584"},"geometry":{"type":"Polygon","coordinates":[[[-62.647462474318672,-6.641498375312659],[-62.638392976394194,-6.641491838791709],[-62.638386351542422,-6.65056036906835],[-62.647456015616896,-6.650566914591929],[-62.647462474318672,-6.641498375312659]]]}},
{"type":"Feature","properties":{"DESCRIPTION":"MDT_1382221.tif","FILENAME":"U:\\P589_AmazoniaRevelada_BR-319\\LiDAR_dataset\\ENTREGAS\\ENTREGA_09\\2_MDT\\GEOTIFF\\MDT_1382221.tif","SHRT_FNAME":"MDT_1382221.tif","UPPER_LEFT_X":"537967.333","UPPER_LEFT_Y":"9265868.084","LOWER_RIGHT_X":"538969.833","LOWER_RIGHT_Y":"9264865.584"},"geometry":{"type":"Polygon","coordinates":[[[-62.656509364017452,-6.641504730136545],[-62.647439857105553,-6.641498359218595],[-62.647433397989431,-6.650566898475699],[-62.65650307105215,-6.650573278168199],[-62.656509364017452,-6.641504730136545]]]}},
{"type":"Feature","properties":{"DESCRIPTION":"MDT_1382220.tif","FILENAME":"U:\\P589_AmazoniaRevelada_BR-319\\LiDAR_dataset\\ENTREGAS\\ENTREGA_09\\2_MDT\\GEOTIFF\\MDT_1382220.tif","SHRT_FNAME":"MDT_1382220.tif","UPPER_LEFT_X":"536966.833","UPPER_LEFT_Y":"9265868.084","LOWER_RIGHT_X":"537969.833","LOWER_RIGHT_Y":"9264865.584"},"geometry":{"type":"Polygon","coordinates":[[[-62.665560785902294,-6.641510922823126],[-62.656486746782221,-6.641504714455458],[-62.65648045340258,-6.650573262465515],[-62.665554658757117,-6.650579479383851],[-62.665560785902294,-6.641510922823126]]]}},
{"type":"Feature","properties":{"DESCRIPTION":"MDT_1382219.tif","FILENAME":"U:\\P589_AmazoniaRevelada_BR-319\\LiDAR_dataset\\ENTREGAS\\ENTREGA_09\\2_MDT\\GEOTIFF\\MDT_1382219.tif","SHRT_FNAME":"MDT_1382219.tif","UPPER_LEFT_X":"535966.833","UPPER_LEFT_Y":"9265868.084","LOWER_RIGHT_X":"536969.333","LOWER_RIGHT_Y":"9264865.584"},"geometry":{"type":"Polygon","coordinates":[[[-62.67460769284461,-6.641516947182033],[-62.665538168645497,-6.641510907555222],[-62.665532041085982,-6.650579464094919],[-62.674601731437463,-6.650585512039995],[-62.67460769284461,-6.641516947182033]]]}},
{"type":"Feature","properties":{"DESCRIPTION":"MDT_1382218.tif","FILENAME":"U:\\P589_AmazoniaRevelada_BR-319\\LiDAR_dataset\\ENTREGAS\\ENTREGA_09\\2_MDT\\GEOTIFF\\MDT_1382218.tif","SHRT_FNAME":"MDT_1382218.tif","UPPER_LEFT_X":"534966.833","UPPER_LEFT_Y":"9265868.084","LOWER_RIGHT_X":"535969.333","LOWER_RIGHT_Y":"9264865.584"},"geometry":{"type":"Polygon","coordinates":[[[-62.683654608061396,-6.641522806348612],[-62.674585075566846,-6.641516932327108],[-62.674579113745345,-6.650585497164611],[-62.683648812393017,-6.650591379276298],[-62.683654608061396,-6.641522806348612]]]}},
{"type":"Feature","properties":{"DESCRIPTION":"MDT_1382217.tif","FILENAME":"U:\\P589_AmazoniaRevelada_BR-319\\LiDAR_dataset\\ENTREGAS\\ENTREGA_09\\2_MDT\\GEOTIFF\\MDT_1382217.tif","SHRT_FNAME":"MDT_1382217.tif","UPPER_LEFT_X":"533966.833","UPPER_LEFT_Y":"9265868.084","LOWER_RIGHT_X":"534969.333","LOWER_RIGHT_Y":"9264865.584"},"geometry":{"type":"Polygon","coordinates":[[[-62.692701531322626,-6.641528500322139],[-62.683631990763232,-6.64152279190667],[-62.6836261946805,-6.650591364814466],[-62.692695901393741,-6.650597081092031],[-62.692701531322626,-6.641528500322139]]]}},
{"type":"Feature","properties":{"DESCRIPTION":"MDT_1382216.tif","FILENAME":"U:\\P589_AmazoniaRevelada_BR-319\\LiDAR_dataset\\ENTREGAS\\ENTREGA_09\\2_MDT\\GEOTIFF\\MDT_1382216.tif","SHRT_FNAME":"MDT_1382216.tif","UPPER_LEFT_X":"532966.833","UPPER_LEFT_Y":"9265868.084","LOWER_RIGHT_X":"533969.333","LOWER_RIGHT_Y":"9264865.584"},"geometry":{"type":"Polygon","coordinates":[[[-62.701748462398236,-6.641534029101905],[-62.692678914004638,-6.641528486293181],[-62.692673283661399,-6.65059706704375],[-62.701742998209554,-6.650602617486483],[-62.701748462398236,-6.641534029101905]]]}},
{"type":"Feature","properties":{"DESCRIPTION":"MDT_1382215.tif","FILENAME":"U:\\P589_AmazoniaRevelada_BR-319\\LiDAR_dataset\\ENTREGAS\\ENTREGA_09\\2_MDT\\GEOTIFF\\MDT_1382215.tif","SHRT_FNAME":"MDT_1382215.tif","UPPER_LEFT_X":"531966.333","UPPER_LEFT_Y":"9265868.084","LOWER_RIGHT_X":"532969.333","LOWER_RIGHT_Y":"9264865.584"},"geometry":{"type":"Polygon","coordinates":[[[-62.710799924529383,-6.6415393953277],[-62.701725845060992,-6.641534015485933],[-62.701720380457964,-6.650602603851759],[-62.71079462616445,-6.650607991103084],[-62.710799924529383,-6.6415393953277]]]}},
{"type":"Feature","properties":{"DESCRIPTION":"MDT_1382214.tif","FILENAME":"U:\\P589_AmazoniaRevelada_BR-319\\LiDAR_dataset\\ENTREGAS\\ENTREGA_09\\2_MDT\\GEOTIFF\\MDT_1382214.tif","SHRT_FNAME":"MDT_1382214.tif","UPPER_LEFT_X":"530966.333","UPPER_LEFT_Y":"9265868.084","LOWER_RIGHT_X":"531968.833","LOWER_RIGHT_Y":"9264865.584"},"geometry":{"type":"Polygon","coordinates":[[[-62.719846870547237,-6.641544593635311],[-62.710777307173451,-6.641539382124921],[-62.710772008394173,-6.650607977882119],[-62.719841737923865,-6.650613196570228],[-62.719846870547237,-6.641544593635311]]]}},
{"type":"Feature","properties":{"DESCRIPTION":"MDT_1382213.tif","FILENAME":"U:\\P589_AmazoniaRevelada_BR-319\\LiDAR_dataset\\ENTREGAS\\ENTREGA_09\\2_MDT\\GEOTIFF\\MDT_1382213.tif","SHRT_FNAME":"MDT_1382213.tif","UPPER_LEFT_X":"529966.333","UPPER_LEFT_Y":"9265868.084","LOWER_RIGHT_X":"530968.833","LOWER_RIGHT_Y":"9264865.584"},"geometry":{"type":"Polygon","coordinates":[[[-62.728893823689212,-6.641549626747164],[-62.719824253173215,-6.641544580845522],[-62.719819120135483,-6.650613183762823],[-62.728888856808034,-6.650618236614094],[-62.728893823689212,-6.641549626747164]]]}},
{"type":"Feature","properties":{"DESCRIPTION":"MDT_1382212.tif","FILENAME":"U:\\P589_AmazoniaRevelada_BR-319\\LiDAR_dataset\\ENTREGAS\\ENTREGA_09\\2_MDT\\GEOTIFF\\MDT_1382212.tif","SHRT_FNAME":"MDT_1382212.tif","UPPER_LEFT_X":"528966.333","UPPER_LEFT_Y":"9265868.084","LOWER_RIGHT_X":"529968.833","LOWER_RIGHT_Y":"9264865.584"},"geometry":{"type":"Polygon","coordinates":[[[-62.737940783725278,-6.641554494662635],[-62.728871206297661,-6.641549614370364],[-62.72886623900213,-6.650618224220247],[-62.737935982586905,-6.650623111234056],[-62.737940783725278,-6.641554494662635]]]}},
{"type":"Feature","properties":{"DESCRIPTION":"MDT_1382211.tif","FILENAME":"U:\\P589_AmazoniaRevelada_BR-319\\LiDAR_dataset\\ENTREGAS\\ENTREGA_09\\2_MDT\\GEOTIFF\\MDT_1382211.tif","SHRT_FNAME":"MDT_1382211.tif","UPPER_LEFT_X":"527966.333","UPPER_LEFT_Y":"9265868.084","LOWER_RIGHT_X":"528968.833","LOWER_RIGHT_Y":"9264865.584"},"geometry":{"type":"Polygon","coordinates":[[[-62.746987750425347,-6.64155919738112],[-62.737918166316781,-6.641554482698826],[-62.737913364764061,-6.650623099253769],[-62.746983115030389,-6.65062782042951],[-62.746987750425347,-6.64155919738112]]]}},
{"type":"Feature","properties":{"DESCRIPTION":"MDT_1382210.tif","FILENAME":"U:\\P589_AmazoniaRevelada_BR-319\\LiDAR_dataset\\ENTREGAS\\ENTREGA_09\\2_MDT\\GEOTIFF\\MDT_1382210.tif","SHRT_FNAME":"MDT_1382210.tif","UPPER_LEFT_X":"526965.833","UPPER_LEFT_Y":"9265868.084","LOWER_RIGHT_X":"527968.833","LOWER_RIGHT_Y":"9264865.584"},"geometry":{"type":"Polygon","coordinates":[[[-62.756039247047525,-6.641563737129474],[-62.746965133000479,-6.641559185830302],[-62.746960497191168,-6.650627808862785],[-62.756034777479449,-6.650632366430377],[-62.756039247047525,-6.641563737129474]]]}},
{"type":"Feature","properties":{"DESCRIPTION":"MDT_1382209.tif","FILENAME":"U:\\P589_AmazoniaRevelada_BR-319\\LiDAR_dataset\\ENTREGAS\\ENTREGA_09\\2_MDT\\GEOTIFF\\MDT_1382209.tif","SHRT_FNAME":"MDT_1382209.tif","UPPER_LEFT_X":"525965.833","UPPER_LEFT_Y":"9265868.084","LOWER_RIGHT_X":"526968.333","LOWER_RIGHT_Y":"9264865.584"},"geometry":{"type":"Polygon","coordinates":[[[-62.765086226388519,-6.641568109369654],[-62.756016629606854,-6.641563725991858],[-62.756012159624404,-6.650632355277422],[-62.765081922565003,-6.650636744692362],[-62.765086226388519,-6.641568109369654]]]}},
{"type":"Feature","properties":{"DESCRIPTION":"MDT_1382208.tif","FILENAME":"U:\\P589_AmazoniaRevelada_BR-319\\LiDAR_dataset\\ENTREGAS\\ENTREGA_09\\2_MDT\\GEOTIFF\\MDT_1382208.tif","SHRT_FNAME":"MDT_1382208.tif","UPPER_LEFT_X":"524965.833","UPPER_LEFT_Y":"9265868.084","LOWER_RIGHT_X":"525968.333","LOWER_RIGHT_Y":"9264865.584"},"geometry":{"type":"Polygon","coordinates":[[[-62.774133211703273,-6.641572316411159],[-62.765063608932635,-6.641568098645036],[-62.765059304694738,-6.650636733952974],[-62.774129073624835,-6.65064095752815],[-62.774133211703273,-6.641572316411159]]]}},
{"type":"Feature","properties":{"DESCRIPTION":"MDT_1382207.tif","FILENAME":"U:\\P589_AmazoniaRevelada_BR-319\\LiDAR_dataset\\ENTREGAS\\ENTREGA_09\\2_MDT\\GEOTIFF\\MDT_1382207.tif","SHRT_FNAME":"MDT_1382207.tif","UPPER_LEFT_X":"523965.833","UPPER_LEFT_Y":"9265868.084","LOWER_RIGHT_X":"524968.333","LOWER_RIGHT_Y":"9264865.584"},"geometry":{"type":"Polygon","coordinates":[[[-62.783180202761699,-6.641576358253462],[-62.774110594232731,-6.641572306099536],[-62.774106455739926,-6.650640947202326],[-62.783176230428872,-6.650645004937211],[-62.783180202761699,-6.641576358253462]]]}},
{"type":"Feature","properties":{"DESCRIPTION":"MDT_1382206.tif","FILENAME":"U:\\P589_AmazoniaRevelada_BR-319\\LiDAR_dataset\\ENTREGAS\\ENTREGA_09\\2_MDT\\GEOTIFF\\MDT_1382206.tif","SHRT_FNAME":"MDT_1382206.tif","UPPER_LEFT_X":"522965.833","UPPER_LEFT_Y":"9265868.084","LOWER_RIGHT_X":"523968.333","LOWER_RIGHT_Y":"9264865.584"},"geometry":{"type":"Polygon","coordinates":[[[-62.792227199333759,-6.641580234896066],[-62.783157585277088,-6.64157634835484],[-62.783153612529894,-6.650644995024955],[-62.792223392747054,-6.650648886919044],[-62.792227199333759,-6.641580234896066]]]}},
{"type":"Feature","properties":{"DESCRIPTION":"MDT_1382205.tif","FILENAME":"U:\\P589_AmazoniaRevelada_BR-319\\LiDAR_dataset\\ENTREGAS\\ENTREGA_09\\2_MDT\\GEOTIFF\\MDT_1382205.tif","SHRT_FNAME":"MDT_1382205.tif","UPPER_LEFT_X":"521965.833","UPPER_LEFT_Y":"9265868.084","LOWER_RIGHT_X":"522968.333","LOWER_RIGHT_Y":"9264865.584"},"geometry":{"type":"Polygon","coordinates":[[[-62.801274201189408,-6.641583946338488],[-62.792204581835648,-6.641580225410444],[-62.792200774834569,-6.650648877420356],[-62.801270560349266,-6.650652603473168],[-62.801274201189408,-6.641583946338488]]]}},
{"type":"Feature","properties":{"DESCRIPTION":"MDT_1382204.tif","FILENAME":"U:\\P589_AmazoniaRevelada_BR-319\\LiDAR_dataset\\ENTREGAS\\ENTREGA_09\\2_MDT\\GEOTIFF\\MDT_1382204.tif","SHRT_FNAME":"MDT_1382204.tif","UPPER_LEFT_X":"520965.333","UPPER_LEFT_Y":"9265868.084","LOWER_RIGHT_X":"521968.333","LOWER_RIGHT_Y":"9264865.584"},"geometry":{"type":"Polygon","coordinates":[[[-62.81032573160325,-6.641587494312067],[-62.801251583678372,-6.641583937265866],[-62.801247942423863,-6.650652594388051],[-62.810322256593032,-6.650656156333307],[-62.81032573160325,-6.641587494312067]]]}},
{"type":"Feature","properties":{"DESCRIPTION":"MDT_1382203.tif","FILENAME":"U:\\P589_AmazoniaRevelada_BR-319\\LiDAR_dataset\\ENTREGAS\\ENTREGA_09\\2_MDT\\GEOTIFF\\MDT_1382203.tif","SHRT_FNAME":"MDT_1382203.tif","UPPER_LEFT_X":"519965.333","UPPER_LEFT_Y":"9265868.084","LOWER_RIGHT_X":"520967.833","LOWER_RIGHT_Y":"9264865.584"},"geometry":{"type":"Polygon","coordinates":[[[-62.819372743338207,-6.641590875270163],[-62.810303114079858,-6.641587485652655],[-62.810299638655266,-6.650656147661969],[-62.819369434075469,-6.650659541947936],[-62.819372743338207,-6.641590875270163]]]}},
{"type":"Feature","properties":{"DESCRIPTION":"MDT_1382202.tif","FILENAME":"U:\\P589_AmazoniaRevelada_BR-319\\LiDAR_dataset\\ENTREGAS\\ENTREGA_09\\2_MDT\\GEOTIFF\\MDT_1382202.tif","SHRT_FNAME":"MDT_1382202.tif","UPPER_LEFT_X":"518965.333","UPPER_LEFT_Y":"9265868.084","LOWER_RIGHT_X":"519967.833","LOWER_RIGHT_Y":"9264865.584"},"geometry":{"type":"Polygon","coordinates":[[[-62.828419759666474,-6.641594091026756],[-62.819350125803048,-6.641590867023754],[-62.819346816125936,-6.650659533690169],[-62.828416616151614,-6.650662762133532],[-62.828419759666474,-6.641594091026756]]]}},
{"type":"Feature","properties":{"DESCRIPTION":"MDT_1382201.tif","FILENAME":"U:\\P589_AmazoniaRevelada_BR-319\\LiDAR_dataset\\ENTREGAS\\ENTREGA_09\\2_MDT\\GEOTIFF\\MDT_1382201.tif","SHRT_FNAME":"MDT_1382201.tif","UPPER_LEFT_X":"517965.333","UPPER_LEFT_Y":"9265868.084","LOWER_RIGHT_X":"518967.833","LOWER_RIGHT_Y":"9264865.584"},"geometry":{"type":"Polygon","coordinates":[[[-62.83746678035795,-6.641597141581447],[-62.828397142120117,-6.64159408319335],[-62.828393998190883,-6.650662754289338],[-62.837463802591387,-6.650665816889696],[-62.83746678035795,-6.641597141581447]]]}},
{"type":"Feature","properties":{"DESCRIPTION":"MDT_1382200.tif","FILENAME":"U:\\P589_AmazoniaRevelada_BR-319\\LiDAR_dataset\\ENTREGAS\\ENTREGA_09\\2_MDT\\GEOTIFF\\MDT_1382200.tif","SHRT_FNAME":"MDT_1382200.tif","UPPER_LEFT_X":"516965.333","UPPER_LEFT_Y":"9265868.084","LOWER_RIGHT_X":"517967.833","LOWER_RIGHT_Y":"9264865.584"},"geometry":{"type":"Polygon","coordinates":[[[-62.846513805182596,-6.641600026933857],[-62.837444162800971,-6.641597134161046],[-62.837441184620033,-6.650665809459077],[-62.846510993164685,-6.650668706216052],[-62.846513805182596,-6.641600026933857]]]}},
{"type":"Feature","properties":{"DESCRIPTION":"MDT_1382199.tif","FILENAME":"U:\\P589_AmazoniaRevelada_BR-319\\LiDAR_dataset\\ENTREGAS\\ENTREGA_09\\2_MDT\\GEOTIFF\\MDT_1382199.tif","SHRT_FNAME":"MDT_1382199.tif","UPPER_LEFT_X":"515964.833","UPPER_LEFT_Y":"9265868.084","LOWER_RIGHT_X":"516967.833","LOWER_RIGHT_Y":"9264865.584"},"geometry":{"type":"Polygon","coordinates":[[[-62.855565357425647,-6.641602748402383],[-62.846491187615577,-6.641600019926463],[-62.846488375183299,-6.650668699199008],[-62.855562711239621,-6.650671431432806],[-62.855565357425647,-6.641602748402383]]]}},
{"type":"Feature","properties":{"DESCRIPTION":"MDT_1382198.tif","FILENAME":"U:\\P589_AmazoniaRevelada_BR-319\\LiDAR_dataset\\ENTREGAS\\ENTREGA_09\\2_MDT\\GEOTIFF\\MDT_1382198.tif","SHRT_FNAME":"MDT_1382198.tif","UPPER_LEFT_X":"514964.833","UPPER_LEFT_Y":"9265868.084","LOWER_RIGHT_X":"515967.333","LOWER_RIGHT_Y":"9264865.584"},"geometry":{"type":"Polygon","coordinates":[[[-62.864612389828231,-6.641605303266576],[-62.855542739849156,-6.641602741808201],[-62.855540093248756,-6.650671424829545],[-62.86460990939154,-6.650673989815768],[-62.864612389828231,-6.641605303266576]]]}},
{"type":"Feature","properties":{"DESCRIPTION":"MDT_1382197.tif","FILENAME":"U:\\P589_AmazoniaRevelada_BR-319\\LiDAR_dataset\\ENTREGAS\\ENTREGA_09\\2_MDT\\GEOTIFF\\MDT_1382197.tif","SHRT_FNAME":"MDT_1382197.tif","UPPER_LEFT_X":"513964.833","UPPER_LEFT_Y":"9265868.084","LOWER_RIGHT_X":"514967.333","LOWER_RIGHT_Y":"9264865.584"},"geometry":{"type":"Polygon","coordinates":[[[-62.873659425673679,-6.641607692927475],[-62.864589772242837,-6.641605297085403],[-62.864587291391778,-6.650673983626082],[-62.873657110986642,-6.650676382767904],[-62.873659425673679,-6.641607692927475]]]}},
{"type":"Feature","properties":{"DESCRIPTION":"MDT_1382196.tif","FILENAME":"U:\\P589_AmazoniaRevelada_BR-319\\LiDAR_dataset\\ENTREGAS\\ENTREGA_09\\2_MDT\\GEOTIFF\\MDT_1382196.tif","SHRT_FNAME":"MDT_1382196.tif","UPPER_LEFT_X":"512964.833","UPPER_LEFT_Y":"9265868.084","LOWER_RIGHT_X":"513967.333","LOWER_RIGHT_Y":"9264865.584"},"geometry":{"type":"Polygon","coordinates":[[[-62.882706464731932,-6.641609917384785],[-62.873636808079958,-6.641607687159311],[-62.873634492978546,-6.650676376991797],[-62.882704315794832,-6.65067861028892],[-62.882706464731932,-6.641609917384785]]]}},
{"type":"Feature","properties":{"DESCRIPTION":"MDT_1382195.tif","FILENAME":"U:\\P589_AmazoniaRevelada_BR-319\\LiDAR_dataset\\ENTREGAS\\ENTREGA_09\\2_MDT\\GEOTIFF\\MDT_1382195.tif","SHRT_FNAME":"MDT_1382195.tif","UPPER_LEFT_X":"511964.833","UPPER_LEFT_Y":"9265868.084","LOWER_RIGHT_X":"512967.333","LOWER_RIGHT_Y":"9264865.584"},"geometry":{"type":"Polygon","coordinates":[[[-62.891753506772936,-6.641611976638226],[-62.882683847130465,-6.641609912029629],[-62.882681697778992,-6.650678604926388],[-62.891751523586038,-6.650680672378534],[-62.891753506772936,-6.641611976638226]]]}},
{"type":"Feature","properties":{"DESCRIPTION":"MDT_1382194.tif","FILENAME":"U:\\P589_AmazoniaRevelada_BR-319\\LiDAR_dataset\\ENTREGAS\\ENTREGA_09\\2_MDT\\GEOTIFF\\MDT_1382194.tif","SHRT_FNAME":"MDT_1382194.tif","UPPER_LEFT_X":"510964.333","UPPER_LEFT_Y":"9265868.084","LOWER_RIGHT_X":"511967.333","LOWER_RIGHT_Y":"9264865.584"},"geometry":{"type":"Polygon","coordinates":[[[-62.90080507508965,-6.64161387159325],[-62.891730889164307,-6.641611971696081],[-62.891728905563035,-6.650680667429582],[-62.900803257736094,-6.650682569943444],[-62.90080507508965,-6.64161387159325]]]}},
{"type":"Feature","properties":{"DESCRIPTION":"MDT_1382193.tif","FILENAME":"U:\\P589_AmazoniaRevelada_BR-319\\LiDAR_dataset\\ENTREGAS\\ENTREGA_09\\2_MDT\\GEOTIFF\\MDT_1382193.tif","SHRT_FNAME":"MDT_1382193.tif","UPPER_LEFT_X":"509964.333","UPPER_LEFT_Y":"9265868.084","LOWER_RIGHT_X":"510966.833","LOWER_RIGHT_Y":"9264865.584"},"geometry":{"type":"Polygon","coordinates":[[[-62.909852122407152,-6.64161560035561],[-62.900782457474428,-6.641613867064322],[-62.90078063970649,-6.650682565408279],[-62.909850470804273,-6.650684301086799],[-62.909852122407152,-6.64161560035561]]]}},
{"type":"Feature","properties":{"DESCRIPTION":"MDT_1381253.tif","FILENAME":"U:\\P589_AmazoniaRevelada_BR-319\\LiDAR_dataset\\ENTREGAS\\ENTREGA_09\\2_MDT\\GEOTIFF\\MDT_1381253.tif","SHRT_FNAME":"MDT_1381253.tif","UPPER_LEFT_X":"569970.333","UPPER_LEFT_Y":"9266867.584","LOWER_RIGHT_X":"570972.833","LOWER_RIGHT_Y":"9265865.584"},"geometry":{"type":"Polygon","coordinates":[[[-62.366998887348927,-6.63217838983827],[-62.357929947849335,-6.632166735656648],[-62.357918207430863,-6.641230355210161],[-62.366987312731212,-6.641242025456346],[-62.366998887348927,-6.63217838983827]]]}},
{"type":"Feature","properties":{"DESCRIPTION":"MDT_1381252.tif","FILENAME":"U:\\P589_AmazoniaRevelada_BR-319\\LiDAR_dataset\\ENTREGAS\\ENTREGA_09\\2_MDT\\GEOTIFF\\MDT_1381252.tif","SHRT_FNAME":"MDT_1381252.tif","UPPER_LEFT_X":"568970.329","UPPER_LEFT_Y":"9266867.584","LOWER_RIGHT_X":"569972.329","LOWER_RIGHT_Y":"9265865.584"},"geometry":{"type":"Polygon","coordinates":[[[-62.376045262987255,-6.632189855952696],[-62.366980830518251,-6.632178372884066],[-62.366969255570396,-6.641242008470381],[-62.376033853758905,-6.641253507367704],[-62.376045262987255,-6.632189855952696]]]}},
{"type":"Feature","properties":{"DESCRIPTION":"MDT_1381251.tif","FILENAME":"U:\\P589_AmazoniaRevelada_BR-319\\LiDAR_dataset\\ENTREGAS\\ENTREGA_09\\2_MDT\\GEOTIFF\\MDT_1381251.tif","SHRT_FNAME":"MDT_1381251.tif","UPPER_LEFT_X":"567969.833","UPPER_LEFT_Y":"9266867.584","LOWER_RIGHT_X":"568972.333","LOWER_RIGHT_Y":"9265865.584"},"geometry":{"type":"Polygon","coordinates":[[[-62.38509610600584,-6.632201150482595],[-62.376027134458674,-6.632189827066948],[-62.376015724898899,-6.64125347845053],[-62.385084862249698,-6.6412648174748],[-62.38509610600584,-6.632201150482595]]]}},
{"type":"Feature","properties":{"DESCRIPTION":"MDT_1381250.tif","FILENAME":"U:\\P589_AmazoniaRevelada_BR-319\\LiDAR_dataset\\ENTREGAS\\ENTREGA_09\\2_MDT\\GEOTIFF\\MDT_1381250.tif","SHRT_FNAME":"MDT_1381250.tif","UPPER_LEFT_X":"566969.833","UPPER_LEFT_Y":"9266867.584","LOWER_RIGHT_X":"567972.333","LOWER_RIGHT_Y":"9265865.584"},"geometry":{"type":"Polygon","coordinates":[[[-62.39414247731812,-6.63221228052269],[-62.385073490097064,-6.632201122450814],[-62.385062245927436,-6.641264789404381],[-62.394131398953547,-6.641275962856964],[-62.39414247731812,-6.63221228052269]]]}},
{"type":"Feature","properties":{"DESCRIPTION":"MDT_1381249.tif","FILENAME":"U:\\P589_AmazoniaRevelada_BR-319\\LiDAR_dataset\\ENTREGAS\\ENTREGA_09\\2_MDT\\GEOTIFF\\MDT_1381249.tif","SHRT_FNAME":"MDT_1381249.tif","UPPER_LEFT_X":"565969.833","UPPER_LEFT_Y":"9266867.584","LOWER_RIGHT_X":"566972.333","LOWER_RIGHT_Y":"9265865.584"},"geometry":{"type":"Polygon","coordinates":[[[-62.403188864034952,-6.632223245629961],[-62.394119861370541,-6.63221225290324],[-62.394108782592482,-6.641275935199443],[-62.40317795106332,-6.641286943078956],[-62.403188864034952,-6.632223245629961]]]}},
{"type":"Feature","properties":{"DESCRIPTION":"MDT_1381248.tif","FILENAME":"U:\\P589_AmazoniaRevelada_BR-319\\LiDAR_dataset\\ENTREGAS\\ENTREGA_09\\2_MDT\\GEOTIFF\\MDT_1381248.tif","SHRT_FNAME":"MDT_1381248.tif","UPPER_LEFT_X":"564969.833","UPPER_LEFT_Y":"9266867.584","LOWER_RIGHT_X":"565972.333","LOWER_RIGHT_Y":"9265865.584"},"geometry":{"type":"Polygon","coordinates":[[[-62.412235265926348,-6.632234045803046],[-62.403166248049146,-6.632223218422846],[-62.403155334664028,-6.641286915834336],[-62.412224518349028,-6.641297758139408],[-62.412235265926348,-6.632234045803046]]]}},
{"type":"Feature","properties":{"DESCRIPTION":"MDT_1381247.tif","FILENAME":"U:\\P589_AmazoniaRevelada_BR-319\\LiDAR_dataset\\ENTREGAS\\ENTREGA_09\\2_MDT\\GEOTIFF\\MDT_1381247.tif","SHRT_FNAME":"MDT_1381247.tif","UPPER_LEFT_X":"563969.833","UPPER_LEFT_Y":"9266867.584","LOWER_RIGHT_X":"564972.333","LOWER_RIGHT_Y":"9265865.584"},"geometry":{"type":"Polygon","coordinates":[[[-62.421281682762334,-6.632244681040605],[-62.412212649902891,-6.632234019008267],[-62.412201901912091,-6.641297731307694],[-62.421271100580675,-6.641308408036982],[-62.421281682762334,-6.632244681040605]]]}},
{"type":"Feature","properties":{"DESCRIPTION":"MDT_1381246.tif","FILENAME":"U:\\P589_AmazoniaRevelada_BR-319\\LiDAR_dataset\\ENTREGAS\\ENTREGA_09\\2_MDT\\GEOTIFF\\MDT_1381246.tif","SHRT_FNAME":"MDT_1381246.tif","UPPER_LEFT_X":"562969.333","UPPER_LEFT_Y":"9266867.584","LOWER_RIGHT_X":"563972.333","LOWER_RIGHT_Y":"9265865.584"},"geometry":{"type":"Polygon","coordinates":[[[-62.430332637532352,-6.632255156535212],[-62.421259066701808,-6.632244654658166],[-62.421248484106648,-6.641308381618178],[-62.430322220830362,-6.641318897971411],[-62.430332637532352,-6.632255156535212]]]}},
{"type":"Feature","properties":{"DESCRIPTION":"MDT_1381245.tif","FILENAME":"U:\\P589_AmazoniaRevelada_BR-319\\LiDAR_dataset\\ENTREGAS\\ENTREGA_09\\2_MDT\\GEOTIFF\\MDT_1381245.tif","SHRT_FNAME":"MDT_1381245.tif","UPPER_LEFT_X":"561969.333","UPPER_LEFT_Y":"9266867.584","LOWER_RIGHT_X":"562971.833","LOWER_RIGHT_Y":"9265865.584"},"geometry":{"type":"Polygon","coordinates":[[[-62.439379083574742,-6.632265461815309],[-62.430310021435297,-6.632255130565324],[-62.430299604319828,-6.641318871965724],[-62.43936883227105,-6.641329217456697],[-62.439379083574742,-6.632265461815309]]]}},
{"type":"Feature","properties":{"DESCRIPTION":"MDT_1381244.tif","FILENAME":"U:\\P589_AmazoniaRevelada_BR-319\\LiDAR_dataset\\ENTREGAS\\ENTREGA_09\\2_MDT\\GEOTIFF\\MDT_1381244.tif","SHRT_FNAME":"MDT_1381244.tif","UPPER_LEFT_X":"560969.333","UPPER_LEFT_Y":"9266867.584","LOWER_RIGHT_X":"561971.833","LOWER_RIGHT_Y":"9265865.584"},"geometry":{"type":"Polygon","coordinates":[[[-62.448425543871657,-6.632275602155979],[-62.439356467441762,-6.632265436257767],[-62.439346215724576,-6.641329191863927],[-62.448415457967535,-6.641339371775202],[-62.448425543871657,-6.632275602155979]]]}},
{"type":"Feature","properties":{"DESCRIPTION":"MDT_1381243.tif","FILENAME":"U:\\P589_AmazoniaRevelada_BR-319\\LiDAR_dataset\\ENTREGAS\\ENTREGA_09\\2_MDT\\GEOTIFF\\MDT_1381243.tif","SHRT_FNAME":"MDT_1381243.tif","UPPER_LEFT_X":"559969.333","UPPER_LEFT_Y":"9266867.584","LOWER_RIGHT_X":"560971.833","LOWER_RIGHT_Y":"9265865.584"},"geometry":{"type":"Polygon","coordinates":[[[-62.457472018193116,-6.632285577555966],[-62.448402927703334,-6.632275577010788],[-62.448392841385719,-6.641339346595348],[-62.45746209768982,-6.64134936092566],[-62.457472018193116,-6.632285577555966]]]}},
{"type":"Feature","properties":{"DESCRIPTION":"MDT_1381242.tif","FILENAME":"U:\\P589_AmazoniaRevelada_BR-319\\LiDAR_dataset\\ENTREGAS\\ENTREGA_09\\2_MDT\\GEOTIFF\\MDT_1381242.tif","SHRT_FNAME":"MDT_1381242.tif","UPPER_LEFT_X":"558969.333","UPPER_LEFT_Y":"9266867.584","LOWER_RIGHT_X":"559971.833","LOWER_RIGHT_Y":"9265865.584"},"geometry":{"type":"Polygon","coordinates":[[[-62.466518506309093,-6.63229538801403],[-62.457449401990011,-6.632285552823126],[-62.457439481073216,-6.64134933615873],[-62.466508751207883,-6.641359184906835],[-62.466518506309093,-6.63229538801403]]]}},
{"type":"Feature","properties":{"DESCRIPTION":"MDT_1381241.tif","FILENAME":"U:\\P589_AmazoniaRevelada_BR-319\\LiDAR_dataset\\ENTREGAS\\ENTREGA_09\\2_MDT\\GEOTIFF\\MDT_1381241.tif","SHRT_FNAME":"MDT_1381241.tif","UPPER_LEFT_X":"557968.833","UPPER_LEFT_Y":"9266867.584","LOWER_RIGHT_X":"558971.833","LOWER_RIGHT_Y":"9265865.584"},"geometry":{"type":"Polygon","coordinates":[[[-62.475569531243828,-6.632305038310454],[-62.466495890071805,-6.632295363693546],[-62.466486134557073,-6.641359160552829],[-62.47555994162861,-6.641368848505598],[-62.475569531243828,-6.632305038310454]]]}},
{"type":"Feature","properties":{"DESCRIPTION":"MDT_1381240.tif","FILENAME":"U:\\P589_AmazoniaRevelada_BR-319\\LiDAR_dataset\\ENTREGAS\\ENTREGA_09\\2_MDT\\GEOTIFF\\MDT_1381240.tif","SHRT_FNAME":"MDT_1381240.tif","UPPER_LEFT_X":"556968.833","UPPER_LEFT_Y":"9266867.584","LOWER_RIGHT_X":"557971.333","LOWER_RIGHT_Y":"9265865.584"},"geometry":{"type":"Polygon","coordinates":[[[-62.484616046265536,-6.632314518798568],[-62.475546914972888,-6.632305014402538],[-62.475537324944163,-6.641368824564727],[-62.484606622054805,-6.641378342061981],[-62.484616046265536,-6.632314518798568]]]}},
{"type":"Feature","properties":{"DESCRIPTION":"MDT_1381239.tif","FILENAME":"U:\\P589_AmazoniaRevelada_BR-319\\LiDAR_dataset\\ENTREGAS\\ENTREGA_09\\2_MDT\\GEOTIFF\\MDT_1381239.tif","SHRT_FNAME":"MDT_1381239.tif","UPPER_LEFT_X":"555968.833","UPPER_LEFT_Y":"9266867.584","LOWER_RIGHT_X":"556971.333","LOWER_RIGHT_Y":"9265865.584"},"geometry":{"type":"Polygon","coordinates":[[[-62.493662574391685,-6.632323834341167],[-62.484593429961542,-6.632314495303014],[-62.484584005337304,-6.641378318534039],[-62.493653315586627,-6.641387670445483],[-62.493662574391685,-6.632323834341167]]]}},
{"type":"Feature","properties":{"DESCRIPTION":"MDT_1381238.tif","FILENAME":"U:\\P589_AmazoniaRevelada_BR-319\\LiDAR_dataset\\ENTREGAS\\ENTREGA_09\\2_MDT\\GEOTIFF\\MDT_1381238.tif","SHRT_FNAME":"MDT_1381238.tif","UPPER_LEFT_X":"554968.833","UPPER_LEFT_Y":"9266867.584","LOWER_RIGHT_X":"555971.333","LOWER_RIGHT_Y":"9265865.584"},"geometry":{"type":"Polygon","coordinates":[[[-62.502709115392285,-6.632332984937095],[-62.493639958055226,-6.632323811257978],[-62.493630698836647,-6.641387647330474],[-62.502700021994066,-6.641396833654944],[-62.502709115392285,-6.632332984937095]]]}},
{"type":"Feature","properties":{"DESCRIPTION":"MDT_1381237.tif","FILENAME":"U:\\P589_AmazoniaRevelada_BR-319\\LiDAR_dataset\\ENTREGAS\\ENTREGA_09\\2_MDT\\GEOTIFF\\MDT_1381237.tif","SHRT_FNAME":"MDT_1381237.tif","UPPER_LEFT_X":"553968.833","UPPER_LEFT_Y":"9266867.584","LOWER_RIGHT_X":"554971.333","LOWER_RIGHT_Y":"9265865.584"},"geometry":{"type":"Polygon","coordinates":[[[-62.511755669037335,-6.632341970585217],[-62.502686499023916,-6.632332962266273],[-62.502677405212189,-6.641396810952873],[-62.511746741047077,-6.641405831689229],[-62.511755669037335,-6.632341970585217]]]}},
{"type":"Feature","properties":{"DESCRIPTION":"MDT_1381236.tif","FILENAME":"U:\\P589_AmazoniaRevelada_BR-319\\LiDAR_dataset\\ENTREGAS\\ENTREGA_09\\2_MDT\\GEOTIFF\\MDT_1381236.tif","SHRT_FNAME":"MDT_1381236.tif","UPPER_LEFT_X":"552968.333","UPPER_LEFT_Y":"9266867.584","LOWER_RIGHT_X":"553971.333","LOWER_RIGHT_Y":"9265865.584"},"geometry":{"type":"Polygon","coordinates":[[[-62.520806758382918,-6.632350795653507],[-62.511733052637645,-6.632341948326766],[-62.511724124233865,-6.641405809400097],[-62.520797995884472,-6.641414668922335],[-62.520806758382918,-6.632350795653507]]]}},
{"type":"Feature","properties":{"DESCRIPTION":"MDT_1381235.tif","FILENAME":"U:\\P589_AmazoniaRevelada_BR-319\\LiDAR_dataset\\ENTREGAS\\ENTREGA_09\\2_MDT\\GEOTIFF\\MDT_1381235.tif","SHRT_FNAME":"MDT_1381235.tif","UPPER_LEFT_X":"551968.333","UPPER_LEFT_Y":"9266867.584","LOWER_RIGHT_X":"552970.833","LOWER_RIGHT_Y":"9265865.584"},"geometry":{"type":"Polygon","coordinates":[[[-62.52985333663289,-6.632359451320215],[-62.520784141952468,-6.632350773807637],[-62.520775379040494,-6.641414647046352],[-62.529844739544636,-6.641423336520346],[-62.52985333663289,-6.632359451320215]]]}},
{"type":"Feature","properties":{"DESCRIPTION":"MDT_1381234.tif","FILENAME":"U:\\P589_AmazoniaRevelada_BR-319\\LiDAR_dataset\\ENTREGAS\\ENTREGA_09\\2_MDT\\GEOTIFF\\MDT_1381234.tif","SHRT_FNAME":"MDT_1381234.tif","UPPER_LEFT_X":"550968.333","UPPER_LEFT_Y":"9266867.584","LOWER_RIGHT_X":"551970.833","LOWER_RIGHT_Y":"9265865.584"},"geometry":{"type":"Polygon","coordinates":[[[-62.53889992683721,-6.63236794203583],[-62.529830720172278,-6.632359429886721],[-62.529822122670467,-6.641423315057309],[-62.5388914951602,-6.641431838939893],[-62.53889992683721,-6.63236794203583]]]}},
{"type":"Feature","properties":{"DESCRIPTION":"MDT_1381233.tif","FILENAME":"U:\\P589_AmazoniaRevelada_BR-319\\LiDAR_dataset\\ENTREGAS\\ENTREGA_09\\2_MDT\\GEOTIFF\\MDT_1381233.tif","SHRT_FNAME":"MDT_1381233.tif","UPPER_LEFT_X":"549968.333","UPPER_LEFT_Y":"9266867.584","LOWER_RIGHT_X":"550970.833","LOWER_RIGHT_Y":"9265865.584"},"geometry":{"type":"Polygon","coordinates":[[[-62.547946528765841,-6.6323762677993],[-62.538877310346976,-6.632367921014716],[-62.538868878256444,-6.641431817889803],[-62.547938262501141,-6.641440176179918],[-62.547946528765841,-6.6323762677993]]]}},
{"type":"Feature","properties":{"DESCRIPTION":"MDT_1381232.tif","FILENAME":"U:\\P589_AmazoniaRevelada_BR-319\\LiDAR_dataset\\ENTREGAS\\ENTREGA_09\\2_MDT\\GEOTIFF\\MDT_1381232.tif","SHRT_FNAME":"MDT_1381232.tif","UPPER_LEFT_X":"548968.333","UPPER_LEFT_Y":"9266867.584","LOWER_RIGHT_X":"549970.833","LOWER_RIGHT_Y":"9265865.584"},"geometry":{"type":"Polygon","coordinates":[[[-62.55699314218878,-6.63238442860959],[-62.547923912246588,-6.632376247190567],[-62.547915645568359,-6.641440155542777],[-62.556985041337441,-6.641448348239385],[-62.55699314218878,-6.63238442860959]]]}},
{"type":"Feature","properties":{"DESCRIPTION":"MDT_1381231.tif","FILENAME":"U:\\P589_AmazoniaRevelada_BR-319\\LiDAR_dataset\\ENTREGAS\\ENTREGA_09\\2_MDT\\GEOTIFF\\MDT_1381231.tif","SHRT_FNAME":"MDT_1381231.tif","UPPER_LEFT_X":"547967.833","UPPER_LEFT_Y":"9266867.584","LOWER_RIGHT_X":"548970.833","LOWER_RIGHT_Y":"9265865.584"},"geometry":{"type":"Polygon","coordinates":[[[-62.566044290191158,-6.632392428422357],[-62.556970525641077,-6.632384408413241],[-62.556962424376209,-6.641448328015197],[-62.566036354836889,-6.641456359079406],[-62.566044290191158,-6.632392428422357]]]}},
{"type":"Feature","properties":{"DESCRIPTION":"MDT_1381230.tif","FILENAME":"U:\\P589_AmazoniaRevelada_BR-319\\LiDAR_dataset\\ENTREGAS\\ENTREGA_09\\2_MDT\\GEOTIFF\\MDT_1381230.tif","SHRT_FNAME":"MDT_1381230.tif","UPPER_LEFT_X":"546967.833","UPPER_LEFT_Y":"9266867.584","LOWER_RIGHT_X":"547970.333","LOWER_RIGHT_Y":"9265865.584"},"geometry":{"type":"Polygon","coordinates":[[[-62.575090925918168,-6.632400259240792],[-62.566021673615573,-6.632392408638601],[-62.566013737847769,-6.641456339268379],[-62.575083155979257,-6.641464200692145],[-62.575090925918168,-6.632400259240792]]]}},
{"type":"Feature","properties":{"DESCRIPTION":"MDT_1381229.tif","FILENAME":"U:\\P589_AmazoniaRevelada_BR-319\\LiDAR_dataset\\ENTREGAS\\ENTREGA_09\\2_MDT\\GEOTIFF\\MDT_1381229.tif","SHRT_FNAME":"MDT_1381229.tif","UPPER_LEFT_X":"545967.833","UPPER_LEFT_Y":"9266867.584","LOWER_RIGHT_X":"546970.333","LOWER_RIGHT_Y":"9265865.584"},"geometry":{"type":"Polygon","coordinates":[[[-62.584137572449357,-6.63240792510307],[-62.575068309315292,-6.632400239869426],[-62.575060538962838,-6.641464181294077],[-62.584129967926785,-6.641471877121346],[-62.584137572449357,-6.63240792510307]]]}},
{"type":"Feature","properties":{"DESCRIPTION":"MDT_1381228.tif","FILENAME":"U:\\P589_AmazoniaRevelada_BR-319\\LiDAR_dataset\\ENTREGAS\\ENTREGA_09\\2_MDT\\GEOTIFF\\MDT_1381228.tif","SHRT_FNAME":"MDT_1381228.tif","UPPER_LEFT_X":"544967.833","UPPER_LEFT_Y":"9266867.584","LOWER_RIGHT_X":"545970.333","LOWER_RIGHT_Y":"9265865.584"},"geometry":{"type":"Polygon","coordinates":[[[-62.593184229554709,-6.63241542600824],[-62.584114955819757,-6.632407906144095],[-62.584107350883635,-6.641471858136238],[-62.593176790449412,-6.641479388366056],[-62.593184229554709,-6.63241542600824]]]}},
{"type":"Feature","properties":{"DESCRIPTION":"MDT_1381227.tif","FILENAME":"U:\\P589_AmazoniaRevelada_BR-319\\LiDAR_dataset\\ENTREGAS\\ENTREGA_09\\2_MDT\\GEOTIFF\\MDT_1381227.tif","SHRT_FNAME":"MDT_1381227.tif","UPPER_LEFT_X":"543967.833","UPPER_LEFT_Y":"9266867.584","LOWER_RIGHT_X":"544970.333","LOWER_RIGHT_Y":"9265865.584"},"geometry":{"type":"Polygon","coordinates":[[[-62.602230897004205,-6.632422761955371],[-62.59316161289896,-6.632415407461662],[-62.593154173380114,-6.641479369793909],[-62.60222362331713,-6.641486734425342],[-62.602230897004205,-6.632422761955371]]]}},
{"type":"Feature","properties":{"DESCRIPTION":"MDT_1381226.tif","FILENAME":"U:\\P589_AmazoniaRevelada_BR-319\\LiDAR_dataset\\ENTREGAS\\ENTREGA_09\\2_MDT\\GEOTIFF\\MDT_1381226.tif","SHRT_FNAME":"MDT_1381226.tif","UPPER_LEFT_X":"542967.833","UPPER_LEFT_Y":"9266867.584","LOWER_RIGHT_X":"543970.333","LOWER_RIGHT_Y":"9265865.584"},"geometry":{"type":"Polygon","coordinates":[[[-62.611277574567836,-6.632429932943552],[-62.602208280322884,-6.632422743821187],[-62.602201006222245,-6.641486716266161],[-62.611270466299871,-6.641493915298291],[-62.611277574567836,-6.632429932943552]]]}},
{"type":"Feature","properties":{"DESCRIPTION":"MDT_1381225.tif","FILENAME":"U:\\P589_AmazoniaRevelada_BR-319\\LiDAR_dataset\\ENTREGAS\\ENTREGA_09\\2_MDT\\GEOTIFF\\MDT_1381225.tif","SHRT_FNAME":"MDT_1381225.tif","UPPER_LEFT_X":"541967.333","UPPER_LEFT_Y":"9266867.584","LOWER_RIGHT_X":"542970.333","LOWER_RIGHT_Y":"9265865.584"},"geometry":{"type":"Polygon","coordinates":[[[-62.620328785361743,-6.632436942433646],[-62.611254957861505,-6.632429915221765],[-62.611247849180003,-6.641493897552078],[-62.620321842596496,-6.641500934450542],[-62.620328785361743,-6.632436942433646]]]}},
{"type":"Feature","properties":{"DESCRIPTION":"MDT_1381224.tif","FILENAME":"U:\\P589_AmazoniaRevelada_BR-319\\LiDAR_dataset\\ENTREGAS\\ENTREGA_09\\2_MDT\\GEOTIFF\\MDT_1381224.tif","SHRT_FNAME":"MDT_1381224.tif","UPPER_LEFT_X":"540967.333","UPPER_LEFT_Y":"9266867.584","LOWER_RIGHT_X":"541969.833","LOWER_RIGHT_Y":"9265865.584"},"geometry":{"type":"Polygon","coordinates":[[[-62.629375482468362,-6.632443783418794],[-62.620306168630975,-6.632436925124465],[-62.620299225452193,-6.641500917117502],[-62.629368705124001,-6.641507784865572],[-62.629375482468362,-6.632443783418794]]]}},
{"type":"Feature","properties":{"DESCRIPTION":"MDT_1381223.tif","FILENAME":"U:\\P589_AmazoniaRevelada_BR-319\\LiDAR_dataset\\ENTREGAS\\ENTREGA_09\\2_MDT\\GEOTIFF\\MDT_1381223.tif","SHRT_FNAME":"MDT_1381223.tif","UPPER_LEFT_X":"539967.333","UPPER_LEFT_Y":"9266867.584","LOWER_RIGHT_X":"540969.833","LOWER_RIGHT_Y":"9265865.584"},"geometry":{"type":"Polygon","coordinates":[[[-62.638422188998931,-6.632450459442385],[-62.629352865713749,-6.632443766522019],[-62.629346087955831,-6.641507767945503],[-62.638415577076309,-6.641514470091654],[-62.638422188998931,-6.632450459442385]]]}},
{"type":"Feature","properties":{"DESCRIPTION":"MDT_1381222.tif","FILENAME":"U:\\P589_AmazoniaRevelada_BR-319\\LiDAR_dataset\\ENTREGAS\\ENTREGA_09\\2_MDT\\GEOTIFF\\MDT_1381222.tif","SHRT_FNAME":"MDT_1381222.tif","UPPER_LEFT_X":"538967.333","UPPER_LEFT_Y":"9266867.584","LOWER_RIGHT_X":"539969.833","LOWER_RIGHT_Y":"9265865.584"},"geometry":{"type":"Polygon","coordinates":[[[-62.647468904723461,-6.632456970503586],[-62.638399572221047,-6.632450442958012],[-62.638392959884861,-6.641514453584559],[-62.647462458223387,-6.641520990127957],[-62.647468904723461,-6.632456970503586]]]}},
{"type":"Feature","properties":{"DESCRIPTION":"MDT_1381221.tif","FILENAME":"U:\\P589_AmazoniaRevelada_BR-319\\LiDAR_dataset\\ENTREGAS\\ENTREGA_09\\2_MDT\\GEOTIFF\\MDT_1381221.tif","SHRT_FNAME":"MDT_1381221.tif","UPPER_LEFT_X":"537967.333","UPPER_LEFT_Y":"9266867.584","LOWER_RIGHT_X":"538969.833","LOWER_RIGHT_Y":"9265865.584"},"geometry":{"type":"Polygon","coordinates":[[[-62.656515629411906,-6.632463316601592],[-62.647446287922868,-6.632456954431621],[-62.647439841009252,-6.641520974033838],[-62.656509348335199,-6.641527344973674],[-62.656515629411906,-6.632463316601592]]]}},
{"type":"Feature","properties":{"DESCRIPTION":"MDT_1381220.tif","FILENAME":"U:\\P589_AmazoniaRevelada_BR-319\\LiDAR_dataset\\ENTREGAS\\ENTREGA_09\\2_MDT\\GEOTIFF\\MDT_1381220.tif","SHRT_FNAME":"MDT_1381220.tif","UPPER_LEFT_X":"536966.833","UPPER_LEFT_Y":"9266867.584","LOWER_RIGHT_X":"537969.833","LOWER_RIGHT_Y":"9265865.584"},"geometry":{"type":"Polygon","coordinates":[[[-62.665566886203109,-6.632469500784919],[-62.656493012589188,-6.632463300942036],[-62.65648673109893,-6.641527329292531],[-62.66556077063327,-6.64153353768152],[-62.665566886203109,-6.632469500784919]]]}},
{"type":"Feature","properties":{"DESCRIPTION":"MDT_1381219.tif","FILENAME":"U:\\P589_AmazoniaRevelada_BR-319\\LiDAR_dataset\\ENTREGAS\\ENTREGA_09\\2_MDT\\GEOTIFF\\MDT_1381219.tif","SHRT_FNAME":"MDT_1381219.tif","UPPER_LEFT_X":"535966.833","UPPER_LEFT_Y":"9266867.584","LOWER_RIGHT_X":"536969.333","LOWER_RIGHT_Y":"9265865.584"},"geometry":{"type":"Polygon","coordinates":[[[-62.674613628133521,-6.632475516871705],[-62.665544269358847,-6.632469485537978],[-62.665538153375444,-6.641533522413566],[-62.674607677988604,-6.641539562061118],[-62.674613628133521,-6.632475516871705]]]}},
{"type":"Feature","properties":{"DESCRIPTION":"MDT_1381218.tif","FILENAME":"U:\\P589_AmazoniaRevelada_BR-319\\LiDAR_dataset\\ENTREGAS\\ENTREGA_09\\2_MDT\\GEOTIFF\\MDT_1381218.tif","SHRT_FNAME":"MDT_1381218.tif","UPPER_LEFT_X":"534966.833","UPPER_LEFT_Y":"9266867.584","LOWER_RIGHT_X":"535969.333","LOWER_RIGHT_Y":"9265865.584"},"geometry":{"type":"Polygon","coordinates":[[[-62.683660378337677,-6.632481367992993],[-62.674591011268291,-6.632475502037179],[-62.674585060709802,-6.641539547206142],[-62.683654593618421,-6.64154542124782],[-62.683660378337677,-6.632481367992993]]]}},
{"type":"Feature","properties":{"DESCRIPTION":"MDT_1381217.tif","FILENAME":"U:\\P589_AmazoniaRevelada_BR-319\\LiDAR_dataset\\ENTREGAS\\ENTREGA_09\\2_MDT\\GEOTIFF\\MDT_1381217.tif","SHRT_FNAME":"MDT_1381217.tif","UPPER_LEFT_X":"533966.833","UPPER_LEFT_Y":"9266867.584","LOWER_RIGHT_X":"534969.333","LOWER_RIGHT_Y":"9265865.584"},"geometry":{"type":"Polygon","coordinates":[[[-62.692707136585547,-6.632487054148056],[-62.68363776145204,-6.632481353570881],[-62.683631976319212,-6.64154540680583],[-62.692701517292662,-6.641551115240905],[-62.692707136585547,-6.632487054148056]]]}},
{"type":"Feature","properties":{"DESCRIPTION":"MDT_1381216.tif","FILENAME":"U:\\P589_AmazoniaRevelada_BR-319\\LiDAR_dataset\\ENTREGAS\\ENTREGA_09\\2_MDT\\GEOTIFF\\MDT_1381216.tif","SHRT_FNAME":"MDT_1381216.tif","UPPER_LEFT_X":"532966.833","UPPER_LEFT_Y":"9266867.584","LOWER_RIGHT_X":"533969.333","LOWER_RIGHT_Y":"9265865.584"},"geometry":{"type":"Polygon","coordinates":[[[-62.701753902647098,-6.632492575336191],[-62.692684519680085,-6.632487040138362],[-62.692678899973643,-6.641551101211899],[-62.701748448781309,-6.641556644039661],[-62.701753902647098,-6.632492575336191]]]}},
{"type":"Feature","properties":{"DESCRIPTION":"MDT_1381215.tif","FILENAME":"U:\\P589_AmazoniaRevelada_BR-319\\LiDAR_dataset\\ENTREGAS\\ENTREGA_09\\2_MDT\\GEOTIFF\\MDT_1381215.tif","SHRT_FNAME":"MDT_1381215.tif","UPPER_LEFT_X":"531966.333","UPPER_LEFT_Y":"9266867.584","LOWER_RIGHT_X":"532969.333","LOWER_RIGHT_Y":"9265865.584"},"geometry":{"type":"Polygon","coordinates":[[[-62.710805199680991,-6.632497934193554],[-62.701731285722403,-6.632492561738913],[-62.701725831443042,-6.64155663042364],[-62.710799911325694,-6.641562010283885],[-62.710805199680991,-6.632497934193554]]]}},
{"type":"Feature","properties":{"DESCRIPTION":"MDT_1381214.tif","FILENAME":"U:\\P589_AmazoniaRevelada_BR-319\\LiDAR_dataset\\ENTREGAS\\ENTREGA_09\\2_MDT\\GEOTIFF\\MDT_1381214.tif","SHRT_FNAME":"MDT_1381214.tif","UPPER_LEFT_X":"530966.333","UPPER_LEFT_Y":"9266867.584","LOWER_RIGHT_X":"531968.833","LOWER_RIGHT_Y":"9265865.584"},"geometry":{"type":"Polygon","coordinates":[[[-62.719851980683451,-6.632503125363306],[-62.710782582737608,-6.632497921008904],[-62.710777293968732,-6.64156199708106],[-62.719846857756586,-6.64156720860935],[-62.719851980683451,-6.632503125363306]]]}},
{"type":"Feature","properties":{"DESCRIPTION":"MDT_1381213.tif","FILENAME":"U:\\P589_AmazoniaRevelada_BR-319\\LiDAR_dataset\\ENTREGAS\\ENTREGA_09\\2_MDT\\GEOTIFF\\MDT_1381213.tif","SHRT_FNAME":"MDT_1381213.tif","UPPER_LEFT_X":"529966.333","UPPER_LEFT_Y":"9266867.584","LOWER_RIGHT_X":"530968.833","LOWER_RIGHT_Y":"9265865.584"},"geometry":{"type":"Polygon","coordinates":[[[-62.728898768809401,-6.632508151564132],[-62.719829363721963,-6.632503112591078],[-62.71982424038152,-6.641567195819515],[-62.7288938113116,-6.641572241738491],[-62.728898768809401,-6.632508151564132]]]}},
{"type":"Feature","properties":{"DESCRIPTION":"MDT_1381212.tif","FILENAME":"U:\\P589_AmazoniaRevelada_BR-319\\LiDAR_dataset\\ENTREGAS\\ENTREGA_09\\2_MDT\\GEOTIFF\\MDT_1381212.tif","SHRT_FNAME":"MDT_1381212.tif","UPPER_LEFT_X":"528966.333","UPPER_LEFT_Y":"9266867.584","LOWER_RIGHT_X":"529968.833","LOWER_RIGHT_Y":"9265865.584"},"geometry":{"type":"Polygon","coordinates":[[[-62.737945563828795,-6.63251301279541],[-62.728876151830391,-6.632508139204327],[-62.728871193919019,-6.641572229361647],[-62.737940771760691,-6.64157710967068],[-62.737945563828795,-6.63251301279541]]]}},
{"type":"Feature","properties":{"DESCRIPTION":"MDT_1381211.tif","FILENAME":"U:\\P589_AmazoniaRevelada_BR-319\\LiDAR_dataset\\ENTREGAS\\ENTREGA_09\\2_MDT\\GEOTIFF\\MDT_1381211.tif","SHRT_FNAME":"MDT_1381211.tif","UPPER_LEFT_X":"527966.333","UPPER_LEFT_Y":"9266867.584","LOWER_RIGHT_X":"528968.833","LOWER_RIGHT_Y":"9265865.584"},"geometry":{"type":"Polygon","coordinates":[[[-62.746992365511616,-6.632517709056533],[-62.737922946832839,-6.632513000848028],[-62.737918154351163,-6.64157709770683],[-62.746987738873806,-6.641581812405316],[-62.746992365511616,-6.632517709056533]]]}},
{"type":"Feature","properties":{"DESCRIPTION":"MDT_1381210.tif","FILENAME":"U:\\P589_AmazoniaRevelada_BR-319\\LiDAR_dataset\\ENTREGAS\\ENTREGA_09\\2_MDT\\GEOTIFF\\MDT_1381210.tif","SHRT_FNAME":"MDT_1381210.tif","UPPER_LEFT_X":"526965.833","UPPER_LEFT_Y":"9266867.584","LOWER_RIGHT_X":"527968.833","LOWER_RIGHT_Y":"9265865.584"},"geometry":{"type":"Polygon","coordinates":[[[-62.756043697033448,-6.632522242571304],[-62.746969748499289,-6.632517697521579],[-62.7469651214479,-6.64158180085446],[-62.756039235909221,-6.641586352169261],[-62.756043697033448,-6.632522242571304]]]}},
{"type":"Feature","properties":{"DESCRIPTION":"MDT_1381209.tif","FILENAME":"U:\\P589_AmazoniaRevelada_BR-319\\LiDAR_dataset\\ENTREGAS\\ENTREGA_09\\2_MDT\\GEOTIFF\\MDT_1381209.tif","SHRT_FNAME":"MDT_1381209.tif","UPPER_LEFT_X":"525965.833","UPPER_LEFT_Y":"9266867.584","LOWER_RIGHT_X":"526968.333","LOWER_RIGHT_Y":"9265865.584"},"geometry":{"type":"Polygon","coordinates":[[[-62.765090511356057,-6.632526608807907],[-62.756021080005318,-6.632522231448983],[-62.75601661846752,-6.641586341031608],[-62.765086215663274,-6.641590724424459],[-62.765090511356057,-6.632526608807907]]]}},
{"type":"Feature","properties":{"DESCRIPTION":"MDT_1381208.tif","FILENAME":"U:\\P589_AmazoniaRevelada_BR-319\\LiDAR_dataset\\ENTREGAS\\ENTREGA_09\\2_MDT\\GEOTIFF\\MDT_1381208.tif","SHRT_FNAME":"MDT_1381208.tif","UPPER_LEFT_X":"524965.833","UPPER_LEFT_Y":"9266867.584","LOWER_RIGHT_X":"525968.333","LOWER_RIGHT_Y":"9265865.584"},"geometry":{"type":"Polygon","coordinates":[[[-62.774137331651865,-6.632530810072671],[-62.765067894312701,-6.632526598098015],[-62.765063598206339,-6.641590713699803],[-62.774133201391052,-6.641594931480411],[-62.774137331651865,-6.632530810072671]]]}},
{"type":"Feature","properties":{"DESCRIPTION":"MDT_1381207.tif","FILENAME":"U:\\P589_AmazoniaRevelada_BR-319\\LiDAR_dataset\\ENTREGAS\\ENTREGA_09\\2_MDT\\GEOTIFF\\MDT_1381207.tif","SHRT_FNAME":"MDT_1381207.tif","UPPER_LEFT_X":"523965.833","UPPER_LEFT_Y":"9266867.584","LOWER_RIGHT_X":"524968.333","LOWER_RIGHT_Y":"9265865.584"},"geometry":{"type":"Polygon","coordinates":[[[-62.783184157690869,-6.632534846365071],[-62.774114714593878,-6.632530799775208],[-62.77411058391948,-6.641594921168756],[-62.783180192862531,-6.641598973336598],[-62.783184157690869,-6.632534846365071]]]}},
{"type":"Feature","properties":{"DESCRIPTION":"MDT_1381206.tif","FILENAME":"U:\\P589_AmazoniaRevelada_BR-319\\LiDAR_dataset\\ENTREGAS\\ENTREGA_09\\2_MDT\\GEOTIFF\\MDT_1381206.tif","SHRT_FNAME":"MDT_1381206.tif","UPPER_LEFT_X":"522965.833","UPPER_LEFT_Y":"9266867.584","LOWER_RIGHT_X":"523968.333","LOWER_RIGHT_Y":"9265865.584"},"geometry":{"type":"Polygon","coordinates":[[[-62.792230989242988,-6.63253871768461],[-62.783161540618792,-6.632534836480042],[-62.783157575376876,-6.641598963437942],[-62.792227189847644,-6.641602849992516],[-62.792230989242988,-6.63253871768461]]]}},
{"type":"Feature","properties":{"DESCRIPTION":"MDT_1381205.tif","FILENAME":"U:\\P589_AmazoniaRevelada_BR-319\\LiDAR_dataset\\ENTREGAS\\ENTREGA_09\\2_MDT\\GEOTIFF\\MDT_1381205.tif","SHRT_FNAME":"MDT_1381205.tif","UPPER_LEFT_X":"521965.833","UPPER_LEFT_Y":"9266867.584","LOWER_RIGHT_X":"522968.333","LOWER_RIGHT_Y":"9265865.584"},"geometry":{"type":"Polygon","coordinates":[[[-62.801277826078213,-6.632542424030805],[-62.792208372157418,-6.632538708212014],[-62.792204572348489,-6.641602840506863],[-62.801274192116317,-6.641606561447686],[-62.801277826078213,-6.632542424030805]]]}},
{"type":"Feature","properties":{"DESCRIPTION":"MDT_1381204.tif","FILENAME":"U:\\P589_AmazoniaRevelada_BR-319\\LiDAR_dataset\\ENTREGAS\\ENTREGA_09\\2_MDT\\GEOTIFF\\MDT_1381204.tif","SHRT_FNAME":"MDT_1381204.tif","UPPER_LEFT_X":"520965.333","UPPER_LEFT_Y":"9266867.584","LOWER_RIGHT_X":"521968.333","LOWER_RIGHT_Y":"9265865.584"},"geometry":{"type":"Polygon","coordinates":[[[-62.810329191388668,-6.632545967132619],[-62.801255208979732,-6.632542414970641],[-62.801251574604244,-6.641606552375034],[-62.810325722943411,-6.641610109433452],[-62.810329191388668,-6.632545967132619]]]}},
{"type":"Feature","properties":{"DESCRIPTION":"MDT_1381203.tif","FILENAME":"U:\\P589_AmazoniaRevelada_BR-319\\LiDAR_dataset\\ENTREGAS\\ENTREGA_09\\2_MDT\\GEOTIFF\\MDT_1381203.tif","SHRT_FNAME":"MDT_1381203.tif","UPPER_LEFT_X":"519965.333","UPPER_LEFT_Y":"9266867.584","LOWER_RIGHT_X":"520967.833","LOWER_RIGHT_Y":"9265865.584"},"geometry":{"type":"Polygon","coordinates":[[[-62.819376038102341,-6.632549343448278],[-62.810306574277838,-6.632545958485095],[-62.810303105418988,-6.641610100774009],[-62.81937273509142,-6.641613490403159],[-62.819376038102341,-6.632549343448278]]]}},
{"type":"Feature","properties":{"DESCRIPTION":"MDT_1381202.tif","FILENAME":"U:\\P589_AmazoniaRevelada_BR-319\\LiDAR_dataset\\ENTREGAS\\ENTREGA_09\\2_MDT\\GEOTIFF\\MDT_1381202.tif","SHRT_FNAME":"MDT_1381202.tif","UPPER_LEFT_X":"518965.333","UPPER_LEFT_Y":"9266867.584","LOWER_RIGHT_X":"519967.833","LOWER_RIGHT_Y":"9265865.584"},"geometry":{"type":"Polygon","coordinates":[[[-62.828422889408891,-6.632552554789276],[-62.819353420979745,-6.632549335213192],[-62.819350117555231,-6.641613482156721],[-62.828419751832726,-6.641616706170796],[-62.828422889408891,-6.632552554789276]]]}},
{"type":"Feature","properties":{"DESCRIPTION":"MDT_1381201.tif","FILENAME":"U:\\P589_AmazoniaRevelada_BR-319\\LiDAR_dataset\\ENTREGAS\\ENTREGA_09\\2_MDT\\GEOTIFF\\MDT_1381201.tif","SHRT_FNAME":"MDT_1381201.tif","UPPER_LEFT_X":"517965.333","UPPER_LEFT_Y":"9266867.584","LOWER_RIGHT_X":"518967.833","LOWER_RIGHT_Y":"9265865.584"},"geometry":{"type":"Polygon","coordinates":[[[-62.837469745078266,-6.632555601155213],[-62.828400272275083,-6.632552546966627],[-62.828397134285339,-6.641616698337363],[-62.837466772937269,-6.641619756735966],[-62.837469745078266,-6.632555601155213]]]}},
{"type":"Feature","properties":{"DESCRIPTION":"MDT_1381200.tif","FILENAME":"U:\\P589_AmazoniaRevelada_BR-319\\LiDAR_dataset\\ENTREGAS\\ENTREGA_09\\2_MDT\\GEOTIFF\\MDT_1381200.tif","SHRT_FNAME":"MDT_1381200.tif","UPPER_LEFT_X":"516965.333","UPPER_LEFT_Y":"9266867.584","LOWER_RIGHT_X":"517967.833","LOWER_RIGHT_Y":"9265865.584"},"geometry":{"type":"Polygon","coordinates":[[[-62.846516604880442,-6.63255848254571],[-62.837447127933849,-6.632555593745001],[-62.837444155379259,-6.641619749315538],[-62.846513798174968,-6.641622642098285],[-62.846516604880442,-6.63255848254571]]]}},
{"type":"Feature","properties":{"DESCRIPTION":"MDT_1381199.tif","FILENAME":"U:\\P589_AmazoniaRevelada_BR-319\\LiDAR_dataset\\ENTREGAS\\ENTREGA_09\\2_MDT\\GEOTIFF\\MDT_1381199.tif","SHRT_FNAME":"MDT_1381199.tif","UPPER_LEFT_X":"515964.833","UPPER_LEFT_Y":"9266867.584","LOWER_RIGHT_X":"516967.833","LOWER_RIGHT_Y":"9265865.584"},"geometry":{"type":"Polygon","coordinates":[[[-62.855567992018159,-6.632561200277352],[-62.846493987725971,-6.632558475547937],[-62.846491180606911,-6.641622635090868],[-62.855565350831277,-6.641625363576158],[-62.855567992018159,-6.632561200277352]]]}},
{"type":"Feature","properties":{"DESCRIPTION":"MDT_1381198.tif","FILENAME":"U:\\P589_AmazoniaRevelada_BR-319\\LiDAR_dataset\\ENTREGAS\\ENTREGA_09\\2_MDT\\GEOTIFF\\MDT_1381198.tif","SHRT_FNAME":"MDT_1381198.tif","UPPER_LEFT_X":"514964.833","UPPER_LEFT_Y":"9266867.584","LOWER_RIGHT_X":"515967.333","LOWER_RIGHT_Y":"9265865.584"},"geometry":{"type":"Polygon","coordinates":[[[-62.864614859397591,-6.632563751633429],[-62.855545374854223,-6.632561193692226],[-62.855542733253742,-6.641625356981955],[-62.8646123836469,-6.641627918449125],[-62.864614859397591,-6.632563751633429]]]}},
{"type":"Feature","properties":{"DESCRIPTION":"MDT_1381197.tif","FILENAME":"U:\\P589_AmazoniaRevelada_BR-319\\LiDAR_dataset\\ENTREGAS\\ENTREGA_09\\2_MDT\\GEOTIFF\\MDT_1381197.tif","SHRT_FNAME":"MDT_1381197.tif","UPPER_LEFT_X":"513964.833","UPPER_LEFT_Y":"9266867.584","LOWER_RIGHT_X":"514967.333","LOWER_RIGHT_Y":"9265865.584"},"geometry":{"type":"Polygon","coordinates":[[[-62.87366173021956,-6.632566138013057],[-62.864592242224745,-6.632563745460744],[-62.864589766060483,-6.641627912267931],[-62.873659419905415,-6.641630308118232],[-62.87366173021956,-6.632566138013057]]]}},
{"type":"Feature","properties":{"DESCRIPTION":"MDT_1381196.tif","FILENAME":"U:\\P589_AmazoniaRevelada_BR-319\\LiDAR_dataset\\ENTREGAS\\ENTREGA_09\\2_MDT\\GEOTIFF\\MDT_1381196.tif","SHRT_FNAME":"MDT_1381196.tif","UPPER_LEFT_X":"512964.833","UPPER_LEFT_Y":"9266867.584","LOWER_RIGHT_X":"513967.333","LOWER_RIGHT_Y":"9265865.584"},"geometry":{"type":"Polygon","coordinates":[[[-62.88270860425407,-6.632568359415934],[-62.873639113038408,-6.632566132252813],[-62.873636802310664,-6.641630302350048],[-62.88270645937672,-6.641632532583182],[-62.88270860425407,-6.632568359415934]]]}},
{"type":"Feature","properties":{"DESCRIPTION":"MDT_1381195.tif","FILENAME":"U:\\P589_AmazoniaRevelada_BR-319\\LiDAR_dataset\\ENTREGAS\\ENTREGA_09\\2_MDT\\GEOTIFF\\MDT_1381195.tif","SHRT_FNAME":"MDT_1381195.tif","UPPER_LEFT_X":"511964.833","UPPER_LEFT_Y":"9266867.584","LOWER_RIGHT_X":"512967.333","LOWER_RIGHT_Y":"9265865.584"},"geometry":{"type":"Polygon","coordinates":[[[-62.891755481271041,-6.632570415841791],[-62.882685987065159,-6.632568354068134],[-62.882683841774224,-6.641632527228007],[-62.89175350183077,-6.641634591843697],[-62.891755481271041,-6.632570415841791]]]}},
{"type":"Feature","properties":{"DESCRIPTION":"MDT_1381194.tif","FILENAME":"U:\\P589_AmazoniaRevelada_BR-319\\LiDAR_dataset\\ENTREGAS\\ENTREGA_09\\2_MDT\\GEOTIFF\\MDT_1381194.tif","SHRT_FNAME":"MDT_1381194.tif","UPPER_LEFT_X":"510964.333","UPPER_LEFT_Y":"9266867.584","LOWER_RIGHT_X":"511967.333","LOWER_RIGHT_Y":"9265865.584"},"geometry":{"type":"Polygon","coordinates":[[[-62.900806884480986,-6.632572308194828],[-62.891732864074974,-6.632570410906433],[-62.891730884221097,-6.641634586901535],[-62.900805070560757,-6.641636486805228],[-62.900806884480986,-6.632572308194828]]]}},
{"type":"Feature","properties":{"DESCRIPTION":"MDT_1381193.tif","FILENAME":"U:\\P589_AmazoniaRevelada_BR-319\\LiDAR_dataset\\ENTREGAS\\ENTREGA_09\\2_MDT\\GEOTIFF\\MDT_1381193.tif","SHRT_FNAME":"MDT_1381193.tif","UPPER_LEFT_X":"509964.333","UPPER_LEFT_Y":"9266867.584","LOWER_RIGHT_X":"510966.833","LOWER_RIGHT_Y":"9265865.584"},"geometry":{"type":"Polygon","coordinates":[[[-62.909853766773999,-6.632574034583404],[-62.900784267278318,-6.632572303672118],[-62.90078245294449,-6.641636482276285],[-62.909852118291312,-6.641638215573526],[-62.909853766773999,-6.632574034583404]]]}},
{"type":"Feature","properties":{"DESCRIPTION":"MDT_1380253.tif","FILENAME":"U:\\P589_AmazoniaRevelada_BR-319\\LiDAR_dataset\\ENTREGAS\\ENTREGA_09\\2_MDT\\GEOTIFF\\MDT_1380253.tif","SHRT_FNAME":"MDT_1380253.tif","UPPER_LEFT_X":"569970.333","UPPER_LEFT_Y":"9267867.584","LOWER_RIGHT_X":"570972.833","LOWER_RIGHT_Y":"9266865.084"},"geometry":{"type":"Polygon","coordinates":[[[-62.367010422752941,-6.623132841995417],[-62.357941648492364,-6.623121203845733],[-62.357929918577263,-6.632189349482028],[-62.366998858490255,-6.632201003703731],[-62.367010422752941,-6.623132841995417]]]}},
{"type":"Feature","properties":{"DESCRIPTION":"MDT_1380252.tif","FILENAME":"U:\\P589_AmazoniaRevelada_BR-319\\LiDAR_dataset\\ENTREGAS\\ENTREGA_09\\2_MDT\\GEOTIFF\\MDT_1380252.tif","SHRT_FNAME":"MDT_1380252.tif","UPPER_LEFT_X":"568969.833","UPPER_LEFT_Y":"9267867.584","LOWER_RIGHT_X":"569972.833","LOWER_RIGHT_Y":"9266865.084"},"geometry":{"type":"Polygon","coordinates":[[[-62.376061120821269,-6.623144291895584],[-62.366987807335562,-6.623132813178477],[-62.366976242659788,-6.632200974846993],[-62.376049721881969,-6.632212469415947],[-62.376061120821269,-6.623144291895584]]]}},
{"type":"Feature","properties":{"DESCRIPTION":"MDT_1380251.tif","FILENAME":"U:\\P589_AmazoniaRevelada_BR-319\\LiDAR_dataset\\ENTREGAS\\ENTREGA_09\\2_MDT\\GEOTIFF\\MDT_1380251.tif","SHRT_FNAME":"MDT_1380251.tif","UPPER_LEFT_X":"567969.833","UPPER_LEFT_Y":"9267867.584","LOWER_RIGHT_X":"568972.333","LOWER_RIGHT_Y":"9266865.084"},"geometry":{"type":"Polygon","coordinates":[[[-62.385107311669195,-6.623155571329329],[-62.376038505363937,-6.623144263490605],[-62.376027106011527,-6.632212440971744],[-62.385096077972101,-6.632223764426333],[-62.385107311669195,-6.623155571329329]]]}},
{"type":"Feature","properties":{"DESCRIPTION":"MDT_1380250.tif","FILENAME":"U:\\P589_AmazoniaRevelada_BR-319\\LiDAR_dataset\\ENTREGAS\\ENTREGA_09\\2_MDT\\GEOTIFF\\MDT_1380250.tif","SHRT_FNAME":"MDT_1380250.tif","UPPER_LEFT_X":"566969.833","UPPER_LEFT_Y":"9267867.584","LOWER_RIGHT_X":"567972.333","LOWER_RIGHT_Y":"9266865.084"},"geometry":{"type":"Polygon","coordinates":[[[-62.394153518150254,-6.623166686058514],[-62.385084696172491,-6.623155543336109],[-62.38507346206228,-6.632223736394456],[-62.394142449696744,-6.632234894504707],[-62.394153518150254,-6.623166686058514]]]}},
{"type":"Feature","properties":{"DESCRIPTION":"MDT_1380249.tif","FILENAME":"U:\\P589_AmazoniaRevelada_BR-319\\LiDAR_dataset\\ENTREGAS\\ENTREGA_09\\2_MDT\\GEOTIFF\\MDT_1380249.tif","SHRT_FNAME":"MDT_1380249.tif","UPPER_LEFT_X":"565969.833","UPPER_LEFT_Y":"9267867.584","LOWER_RIGHT_X":"566972.333","LOWER_RIGHT_Y":"9266865.084"},"geometry":{"type":"Polygon","coordinates":[[[-62.403199740034466,-6.623177636081762],[-62.394130902614748,-6.623166658477059],[-62.394119833748128,-6.632234866885161],[-62.40318883682594,-6.632245859649689],[-62.403199740034466,-6.623177636081762]]]}},
{"type":"Feature","properties":{"DESCRIPTION":"MDT_1380248.tif","FILENAME":"U:\\P589_AmazoniaRevelada_BR-319\\LiDAR_dataset\\ENTREGAS\\ENTREGA_09\\2_MDT\\GEOTIFF\\MDT_1380248.tif","SHRT_FNAME":"MDT_1380248.tif","UPPER_LEFT_X":"564969.833","UPPER_LEFT_Y":"9267867.584","LOWER_RIGHT_X":"565972.333","LOWER_RIGHT_Y":"9266865.084"},"geometry":{"type":"Polygon","coordinates":[[[-62.412245977091885,-6.623188421397712],[-62.403177124460733,-6.623177608912072],[-62.403166220839104,-6.632245832442479],[-62.412235239129714,-6.632256659859917],[-62.412245977091885,-6.623188421397712]]]}},
{"type":"Feature","properties":{"DESCRIPTION":"MDT_1380247.tif","FILENAME":"U:\\P589_AmazoniaRevelada_BR-319\\LiDAR_dataset\\ENTREGAS\\ENTREGA_09\\2_MDT\\GEOTIFF\\MDT_1380247.tif","SHRT_FNAME":"MDT_1380247.tif","UPPER_LEFT_X":"563969.833","UPPER_LEFT_Y":"9267867.584","LOWER_RIGHT_X":"564972.333","LOWER_RIGHT_Y":"9266865.084"},"geometry":{"type":"Polygon","coordinates":[[[-62.421292229092558,-6.623199042005028],[-62.412223361480521,-6.623188394639794],[-62.412212623105219,-6.632256633065044],[-62.421281656378078,-6.63226729513405],[-62.421292229092558,-6.623199042005028]]]}},
{"type":"Feature","properties":{"DESCRIPTION":"MDT_1380246.tif","FILENAME":"U:\\P589_AmazoniaRevelada_BR-319\\LiDAR_dataset\\ENTREGAS\\ENTREGA_09\\2_MDT\\GEOTIFF\\MDT_1380246.tif","SHRT_FNAME":"MDT_1380246.tif","UPPER_LEFT_X":"562969.333","UPPER_LEFT_Y":"9267867.584","LOWER_RIGHT_X":"563972.333","LOWER_RIGHT_Y":"9266865.084"},"geometry":{"type":"Polygon","coordinates":[[[-62.430343018943518,-6.623209503089141],[-62.421269613444117,-6.623199015658883],[-62.421259040316507,-6.632267268751521],[-62.430332611560665,-6.632277770664685],[-62.430343018943518,-6.623209503089141]]]}},
{"type":"Feature","properties":{"DESCRIPTION":"MDT_1380245.tif","FILENAME":"U:\\P589_AmazoniaRevelada_BR-319\\LiDAR_dataset\\ENTREGAS\\ENTREGA_09\\2_MDT\\GEOTIFF\\MDT_1380245.tif","SHRT_FNAME":"MDT_1380245.tif","UPPER_LEFT_X":"561969.333","UPPER_LEFT_Y":"9267867.584","LOWER_RIGHT_X":"562971.833","LOWER_RIGHT_Y":"9266865.084"},"geometry":{"type":"Polygon","coordinates":[[[-62.43938930014798,-6.623219794192896],[-62.430320403258563,-6.623209477154976],[-62.430309995462586,-6.632277744694707],[-62.439379058015454,-6.632288075980223],[-62.43938930014798,-6.623219794192896]]]}},
{"type":"Feature","properties":{"DESCRIPTION":"MDT_1380244.tif","FILENAME":"U:\\P589_AmazoniaRevelada_BR-319\\LiDAR_dataset\\ENTREGAS\\ENTREGA_09\\2_MDT\\GEOTIFF\\MDT_1380244.tif","SHRT_FNAME":"MDT_1380244.tif","UPPER_LEFT_X":"560969.333","UPPER_LEFT_Y":"9267867.584","LOWER_RIGHT_X":"561971.833","LOWER_RIGHT_Y":"9266865.084"},"geometry":{"type":"Polygon","coordinates":[[[-62.448435595605687,-6.62322992058412],[-62.439366684427092,-6.623219768670513],[-62.439356441881444,-6.632288050422593],[-62.448425518724754,-6.632298216355768],[-62.448435595605687,-6.62322992058412]]]}},
{"type":"Feature","properties":{"DESCRIPTION":"MDT_1380243.tif","FILENAME":"U:\\P589_AmazoniaRevelada_BR-319\\LiDAR_dataset\\ENTREGAS\\ENTREGA_09\\2_MDT\\GEOTIFF\\MDT_1380243.tif","SHRT_FNAME":"MDT_1380243.tif","UPPER_LEFT_X":"559969.333","UPPER_LEFT_Y":"9267867.584","LOWER_RIGHT_X":"560971.833","LOWER_RIGHT_Y":"9266865.084"},"geometry":{"type":"Polygon","coordinates":[[[-62.457481905086667,-6.62323988226156],[-62.448412979849465,-6.623229895473521],[-62.448402902555394,-6.632298191210491],[-62.45747199345859,-6.632308191790062],[-62.457481905086667,-6.62323988226156]]]}},
{"type":"Feature","properties":{"DESCRIPTION":"MDT_1380242.tif","FILENAME":"U:\\P589_AmazoniaRevelada_BR-319\\LiDAR_dataset\\ENTREGAS\\ENTREGA_09\\2_MDT\\GEOTIFF\\MDT_1380242.tif","SHRT_FNAME":"MDT_1380242.tif","UPPER_LEFT_X":"558969.333","UPPER_LEFT_Y":"9267867.584","LOWER_RIGHT_X":"559971.833","LOWER_RIGHT_Y":"9266865.084"},"geometry":{"type":"Polygon","coordinates":[[[-62.466528228360943,-6.623249679223976],[-62.457459289295656,-6.623239857562746],[-62.457449377254456,-6.632308167057137],[-62.466518481986974,-6.632318002281866],[-62.466528228360943,-6.623249679223976]]]}},
{"type":"Feature","properties":{"DESCRIPTION":"MDT_1380241.tif","FILENAME":"U:\\P589_AmazoniaRevelada_BR-319\\LiDAR_dataset\\ENTREGAS\\ENTREGA_09\\2_MDT\\GEOTIFF\\MDT_1380241.tif","SHRT_FNAME":"MDT_1380241.tif","UPPER_LEFT_X":"557968.833","UPPER_LEFT_Y":"9267867.584","LOWER_RIGHT_X":"558971.833","LOWER_RIGHT_Y":"9266865.084"},"geometry":{"type":"Polygon","coordinates":[[[-62.475579088370331,-6.623259316245078],[-62.466505612535755,-6.62324965493695],[-62.466495865748641,-6.632317977961299],[-62.475569507334299,-6.632327652611478],[-62.475579088370331,-6.623259316245078]]]}},
{"type":"Feature","properties":{"DESCRIPTION":"MDT_1380240.tif","FILENAME":"U:\\P589_AmazoniaRevelada_BR-319\\LiDAR_dataset\\ENTREGAS\\ENTREGA_09\\2_MDT\\GEOTIFF\\MDT_1380240.tif","SHRT_FNAME":"MDT_1380240.tif","UPPER_LEFT_X":"556968.833","UPPER_LEFT_Y":"9267867.584","LOWER_RIGHT_X":"557971.333","LOWER_RIGHT_Y":"9266865.084"},"geometry":{"type":"Polygon","coordinates":[[[-62.484625438547909,-6.623268783691463],[-62.475556472511492,-6.623259292370051],[-62.475546891062329,-6.63232762870348],[-62.484616022768407,-6.632337133132197],[-62.484625438547909,-6.623268783691463]]]}},
{"type":"Feature","properties":{"DESCRIPTION":"MDT_1380239.tif","FILENAME":"U:\\P589_AmazoniaRevelada_BR-319\\LiDAR_dataset\\ENTREGAS\\ENTREGA_09\\2_MDT\\GEOTIFF\\MDT_1380239.tif","SHRT_FNAME":"MDT_1380239.tif","UPPER_LEFT_X":"555968.833","UPPER_LEFT_Y":"9267867.584","LOWER_RIGHT_X":"556971.333","LOWER_RIGHT_Y":"9266865.084"},"geometry":{"type":"Polygon","coordinates":[[[-62.493671801828768,-6.623278086419239],[-62.484602822656036,-6.623268760228231],[-62.484593406463389,-6.632337109636562],[-62.493662551306961,-6.632346448706834],[-62.493671801828768,-6.623278086419239]]]}},
{"type":"Feature","properties":{"DESCRIPTION":"MDT_1380238.tif","FILENAME":"U:\\P589_AmazoniaRevelada_BR-319\\LiDAR_dataset\\ENTREGAS\\ENTREGA_09\\2_MDT\\GEOTIFF\\MDT_1380238.tif","SHRT_FNAME":"MDT_1380238.tif","UPPER_LEFT_X":"554968.833","UPPER_LEFT_Y":"9267867.584","LOWER_RIGHT_X":"555971.333","LOWER_RIGHT_Y":"9266865.084"},"geometry":{"type":"Polygon","coordinates":[[[-62.502718177982914,-6.62328722442725],[-62.493649185904424,-6.623278063367804],[-62.493639934969458,-6.632346425623566],[-62.502709092719954,-6.632355599334232],[-62.502718177982914,-6.62328722442725]]]}},
{"type":"Feature","properties":{"DESCRIPTION":"MDT_1380237.tif","FILENAME":"U:\\P589_AmazoniaRevelada_BR-319\\LiDAR_dataset\\ENTREGAS\\ENTREGA_09\\2_MDT\\GEOTIFF\\MDT_1380237.tif","SHRT_FNAME":"MDT_1380237.tif","UPPER_LEFT_X":"553968.833","UPPER_LEFT_Y":"9267867.584","LOWER_RIGHT_X":"554971.333","LOWER_RIGHT_Y":"9266865.084"},"geometry":{"type":"Polygon","coordinates":[[[-62.511764566780371,-6.623296197714364],[-62.502695562026659,-6.623287201787615],[-62.502686476350569,-6.632355576663334],[-62.511755646777424,-6.632364585013255],[-62.511764566780371,-6.623296197714364]]]}},
{"type":"Feature","properties":{"DESCRIPTION":"MDT_1380236.tif","FILENAME":"U:\\P589_AmazoniaRevelada_BR-319\\LiDAR_dataset\\ENTREGAS\\ENTREGA_09\\2_MDT\\GEOTIFF\\MDT_1380236.tif","SHRT_FNAME":"MDT_1380236.tif","UPPER_LEFT_X":"552968.333","UPPER_LEFT_Y":"9267867.584","LOWER_RIGHT_X":"553971.333","LOWER_RIGHT_Y":"9266865.084"},"geometry":{"type":"Polygon","coordinates":[[[-62.520815491194838,-6.623305010642544],[-62.51174195079281,-6.623296175486533],[-62.511733030376703,-6.63236456275473],[-62.520806736535626,-6.632373410111899],[-62.520815491194838,-6.623305010642544]]]}},
{"type":"Feature","properties":{"DESCRIPTION":"MDT_1380235.tif","FILENAME":"U:\\P589_AmazoniaRevelada_BR-319\\LiDAR_dataset\\ENTREGAS\\ENTREGA_09\\2_MDT\\GEOTIFF\\MDT_1380235.tif","SHRT_FNAME":"MDT_1380235.tif","UPPER_LEFT_X":"551968.333","UPPER_LEFT_Y":"9267867.584","LOWER_RIGHT_X":"552970.833","LOWER_RIGHT_Y":"9266865.084"},"geometry":{"type":"Polygon","coordinates":[[[-62.52986190459503,-6.623313654402177],[-62.520792875176511,-6.623304988826726],[-62.520784120104146,-6.632373388265952],[-62.529853315198011,-6.632382065808373],[-62.52986190459503,-6.623313654402177]]]}},
{"type":"Feature","properties":{"DESCRIPTION":"MDT_1380234.tif","FILENAME":"U:\\P589_AmazoniaRevelada_BR-319\\LiDAR_dataset\\ENTREGAS\\ENTREGA_09\\2_MDT\\GEOTIFF\\MDT_1380234.tif","SHRT_FNAME":"MDT_1380234.tif","UPPER_LEFT_X":"550968.333","UPPER_LEFT_Y":"9267867.584","LOWER_RIGHT_X":"551970.833","LOWER_RIGHT_Y":"9266865.084"},"geometry":{"type":"Polygon","coordinates":[[[-62.538908329948462,-6.623322133437632],[-62.529839288546526,-6.623313632998169],[-62.529830698736355,-6.632382044374808],[-62.538899905814738,-6.63239055655319],[-62.538908329948462,-6.623322133437632]]]}},
{"type":"Feature","properties":{"DESCRIPTION":"MDT_1380233.tif","FILENAME":"U:\\P589_AmazoniaRevelada_BR-319\\LiDAR_dataset\\ENTREGAS\\ENTREGA_09\\2_MDT\\GEOTIFF\\MDT_1380233.tif","SHRT_FNAME":"MDT_1380233.tif","UPPER_LEFT_X":"549968.333","UPPER_LEFT_Y":"9267867.584","LOWER_RIGHT_X":"550970.833","LOWER_RIGHT_Y":"9266865.084"},"geometry":{"type":"Polygon","coordinates":[[[-62.547954767025182,-6.623330447747853],[-62.538885713870364,-6.623322112445436],[-62.538877289323487,-6.632390535532003],[-62.547946508155782,-6.632398882345294],[-62.547954767025182,-6.623330447747853]]]}},
{"type":"Feature","properties":{"DESCRIPTION":"MDT_1380232.tif","FILENAME":"U:\\P589_AmazoniaRevelada_BR-319\\LiDAR_dataset\\ENTREGAS\\ENTREGA_09\\2_MDT\\GEOTIFF\\MDT_1380232.tif","SHRT_FNAME":"MDT_1380232.tif","UPPER_LEFT_X":"548968.333","UPPER_LEFT_Y":"9267867.584","LOWER_RIGHT_X":"549970.833","LOWER_RIGHT_Y":"9266865.084"},"geometry":{"type":"Polygon","coordinates":[[[-62.557001215595186,-6.623338597331813],[-62.547932150918065,-6.62333042716747],[-62.547923891635499,-6.632398861736489],[-62.556993121991148,-6.632407043183648],[-62.557001215595186,-6.623338597331813]]]}},
{"type":"Feature","properties":{"DESCRIPTION":"MDT_1380231.tif","FILENAME":"U:\\P589_AmazoniaRevelada_BR-319\\LiDAR_dataset\\ENTREGAS\\ENTREGA_09\\2_MDT\\GEOTIFF\\MDT_1380231.tif","SHRT_FNAME":"MDT_1380231.tif","UPPER_LEFT_X":"547967.833","UPPER_LEFT_Y":"9267867.584","LOWER_RIGHT_X":"548970.833","LOWER_RIGHT_Y":"9266865.084"},"geometry":{"type":"Polygon","coordinates":[[[-62.566052198661176,-6.623346586139722],[-62.556978599459626,-6.623338577163246],[-62.556970505442422,-6.632407022987231],[-62.566044270406159,-6.632415043023927],[-62.566052198661176,-6.623346586139722]]]}},
{"type":"Feature","properties":{"DESCRIPTION":"MDT_1380230.tif","FILENAME":"U:\\P589_AmazoniaRevelada_BR-319\\LiDAR_dataset\\ENTREGAS\\ENTREGA_09\\2_MDT\\GEOTIFF\\MDT_1380230.tif","SHRT_FNAME":"MDT_1380230.tif","UPPER_LEFT_X":"546967.833","UPPER_LEFT_Y":"9267867.584","LOWER_RIGHT_X":"547970.333","LOWER_RIGHT_Y":"9266865.084"},"geometry":{"type":"Polygon","coordinates":[[[-62.57509866953324,-6.623354406185776],[-62.566029582497727,-6.623346566383181],[-62.566021653829544,-6.632415023240105],[-62.575090906545604,-6.632422873869296],[-62.57509866953324,-6.623354406185776]]]}},
{"type":"Feature","properties":{"DESCRIPTION":"MDT_1380229.tif","FILENAME":"U:\\P589_AmazoniaRevelada_BR-319\\LiDAR_dataset\\ENTREGAS\\ENTREGA_09\\2_MDT\\GEOTIFF\\MDT_1380229.tif","SHRT_FNAME":"MDT_1380229.tif","UPPER_LEFT_X":"545967.833","UPPER_LEFT_Y":"9267867.584","LOWER_RIGHT_X":"546970.333","LOWER_RIGHT_Y":"9266865.084"},"geometry":{"type":"Polygon","coordinates":[[[-62.584145151208524,-6.623362061502593],[-62.575076053342507,-6.623354386841057],[-62.575068289941683,-6.632422854497864],[-62.584137553489221,-6.63243053975794],[-62.584145151208524,-6.623362061502593]]]}},
{"type":"Feature","properties":{"DESCRIPTION":"MDT_1380228.tif","FILENAME":"U:\\P589_AmazoniaRevelada_BR-319\\LiDAR_dataset\\ENTREGAS\\ENTREGA_09\\2_MDT\\GEOTIFF\\MDT_1380228.tif","SHRT_FNAME":"MDT_1380228.tif","UPPER_LEFT_X":"544967.833","UPPER_LEFT_Y":"9267867.584","LOWER_RIGHT_X":"545970.333","LOWER_RIGHT_Y":"9266865.084"},"geometry":{"type":"Polygon","coordinates":[[[-62.593191643457011,-6.623369552089221],[-62.584122534991053,-6.623362042569698],[-62.584114936858569,-6.632430520798898],[-62.593184211006999,-6.632438040688907],[-62.593191643457011,-6.623369552089221]]]}},
{"type":"Feature","properties":{"DESCRIPTION":"MDT_1380227.tif","FILENAME":"U:\\P589_AmazoniaRevelada_BR-319\\LiDAR_dataset\\ENTREGAS\\ENTREGA_09\\2_MDT\\GEOTIFF\\MDT_1380227.tif","SHRT_FNAME":"MDT_1380227.tif","UPPER_LEFT_X":"543967.833","UPPER_LEFT_Y":"9267867.584","LOWER_RIGHT_X":"544970.333","LOWER_RIGHT_Y":"9266865.084"},"geometry":{"type":"Polygon","coordinates":[[[-62.602238146048713,-6.623376877944732],[-62.593169027213399,-6.623369533568153],[-62.593161594350207,-6.632438022142262],[-62.602230878868923,-6.632445376661265],[-62.602238146048713,-6.623376877944732]]]}},
{"type":"Feature","properties":{"DESCRIPTION":"MDT_1380226.tif","FILENAME":"U:\\P589_AmazoniaRevelada_BR-319\\LiDAR_dataset\\ENTREGAS\\ENTREGA_09\\2_MDT\\GEOTIFF\\MDT_1380226.tif","SHRT_FNAME":"MDT_1380226.tif","UPPER_LEFT_X":"542967.833","UPPER_LEFT_Y":"9267867.584","LOWER_RIGHT_X":"543970.333","LOWER_RIGHT_Y":"9266865.084"},"geometry":{"type":"Polygon","coordinates":[[[-62.611284658753632,-6.623384039068219],[-62.602215529779528,-6.623376859835495],[-62.602208262186558,-6.632445358527018],[-62.611277556844982,-6.632452547674109],[-62.611284658753632,-6.623384039068219]]]}},
{"type":"Feature","properties":{"DESCRIPTION":"MDT_1380225.tif","FILENAME":"U:\\P589_AmazoniaRevelada_BR-319\\LiDAR_dataset\\ENTREGAS\\ENTREGA_09\\2_MDT\\GEOTIFF\\MDT_1380225.tif","SHRT_FNAME":"MDT_1380225.tif","UPPER_LEFT_X":"541967.333","UPPER_LEFT_Y":"9267867.584","LOWER_RIGHT_X":"542970.333","LOWER_RIGHT_Y":"9266865.084"},"geometry":{"type":"Polygon","coordinates":[[[-62.62033570460553,-6.623391038915779],[-62.611262042459465,-6.62338402137081],[-62.61125494013762,-6.632452529952261],[-62.620328768051536,-6.632459557188309],[-62.62033570460553,-6.623391038915779]]]}},
{"type":"Feature","properties":{"DESCRIPTION":"MDT_1380224.tif","FILENAME":"U:\\P589_AmazoniaRevelada_BR-319\\LiDAR_dataset\\ENTREGAS\\ENTREGA_09\\2_MDT\\GEOTIFF\\MDT_1380224.tif","SHRT_FNAME":"MDT_1380224.tif","UPPER_LEFT_X":"540967.333","UPPER_LEFT_Y":"9267867.584","LOWER_RIGHT_X":"541969.833","LOWER_RIGHT_Y":"9266865.084"},"geometry":{"type":"Polygon","coordinates":[[[-62.62938223685169,-6.623397870490198],[-62.620313088286906,-6.623391021630411],[-62.620306151319738,-6.63245953987907],[-62.629375465570597,-6.632466398196985],[-62.62938223685169,-6.623397870490198]]]}},
{"type":"Feature","properties":{"DESCRIPTION":"MDT_1380223.tif","FILENAME":"U:\\P589_AmazoniaRevelada_BR-319\\LiDAR_dataset\\ENTREGAS\\ENTREGA_09\\2_MDT\\GEOTIFF\\MDT_1380223.tif","SHRT_FNAME":"MDT_1380223.tif","UPPER_LEFT_X":"539967.333","UPPER_LEFT_Y":"9267867.584","LOWER_RIGHT_X":"540969.833","LOWER_RIGHT_Y":"9266865.084"},"geometry":{"type":"Polygon","coordinates":[[[-62.638428778520975,-6.623404537329984],[-62.629359620509227,-6.623397853616666],[-62.629352848814939,-6.63246638130015],[-62.638422172513607,-6.632473074243534],[-62.638428778520975,-6.623404537329984]]]}},
{"type":"Feature","properties":{"DESCRIPTION":"MDT_1380222.tif","FILENAME":"U:\\P589_AmazoniaRevelada_BR-319\\LiDAR_dataset\\ENTREGAS\\ENTREGA_09\\2_MDT\\GEOTIFF\\MDT_1380222.tif","SHRT_FNAME":"MDT_1380222.tif","UPPER_LEFT_X":"538967.333","UPPER_LEFT_Y":"9267867.584","LOWER_RIGHT_X":"539969.833","LOWER_RIGHT_Y":"9266865.084"},"geometry":{"type":"Polygon","coordinates":[[[-62.647475329383369,-6.623411039434314],[-62.638406162155242,-6.623404520868291],[-62.638399555734694,-6.632473057759107],[-62.647468888650579,-6.63247958532713],[-62.647475329383369,-6.623411039434314]]]}},
{"type":"Feature","properties":{"DESCRIPTION":"MDT_1380221.tif","FILENAME":"U:\\P589_AmazoniaRevelada_BR-319\\LiDAR_dataset\\ENTREGAS\\ENTREGA_09\\2_MDT\\GEOTIFF\\MDT_1380221.tif","SHRT_FNAME":"MDT_1380221.tif","UPPER_LEFT_X":"537967.333","UPPER_LEFT_Y":"9267867.584","LOWER_RIGHT_X":"538969.833","LOWER_RIGHT_Y":"9266865.084"},"geometry":{"type":"Polygon","coordinates":[[[-62.656521889208882,-6.623417376802373],[-62.647452712994941,-6.623411023384458],[-62.647446271848956,-6.632479569255109],[-62.656515613751466,-6.63248593144696],[-62.656521889208882,-6.623417376802373]]]}},
{"type":"Feature","properties":{"DESCRIPTION":"MDT_1380220.tif","FILENAME":"U:\\P589_AmazoniaRevelada_BR-319\\LiDAR_dataset\\ENTREGAS\\ENTREGA_09\\2_MDT\\GEOTIFF\\MDT_1380220.tif","SHRT_FNAME":"MDT_1380220.tif","UPPER_LEFT_X":"536966.833","UPPER_LEFT_Y":"9267867.584","LOWER_RIGHT_X":"537969.833","LOWER_RIGHT_Y":"9266865.084"},"geometry":{"type":"Polygon","coordinates":[[[-62.665572981053955,-6.623423552478491],[-62.656499272798342,-6.62341736116436],[-62.656492996927732,-6.632485915787351],[-62.665566870955324,-6.632492115651554],[-62.665572981053955,-6.623423552478491]]]}},
{"type":"Feature","properties":{"DESCRIPTION":"MDT_1380219.tif","FILENAME":"U:\\P589_AmazoniaRevelada_BR-319\\LiDAR_dataset\\ENTREGAS\\ENTREGA_09\\2_MDT\\GEOTIFF\\MDT_1380219.tif","SHRT_FNAME":"MDT_1380219.tif","UPPER_LEFT_X":"535966.833","UPPER_LEFT_Y":"9267867.584","LOWER_RIGHT_X":"536969.333","LOWER_RIGHT_Y":"9266865.084"},"geometry":{"type":"Polygon","coordinates":[[[-62.674619558119893,-6.62342956028931],[-62.665550364621851,-6.623423537252526],[-62.665544254110031,-6.632492100404564],[-62.674613613298199,-6.632498131759031],[-62.674619558119893,-6.62342956028931]]]}},
{"type":"Feature","properties":{"DESCRIPTION":"MDT_1380218.tif","FILENAME":"U:\\P589_AmazoniaRevelada_BR-319\\LiDAR_dataset\\ENTREGAS\\ENTREGA_09\\2_MDT\\GEOTIFF\\MDT_1380218.tif","SHRT_FNAME":"MDT_1380218.tif","UPPER_LEFT_X":"534966.833","UPPER_LEFT_Y":"9267867.584","LOWER_RIGHT_X":"535969.333","LOWER_RIGHT_Y":"9266865.084"},"geometry":{"type":"Polygon","coordinates":[[[-62.683666143458844,-6.623435403361563],[-62.674596941666827,-6.623429545475191],[-62.674590996431917,-6.632498116924455],[-62.68366036391479,-6.632503982900444],[-62.683666143458844,-6.623435403361563]]]}},
{"type":"Feature","properties":{"DESCRIPTION":"MDT_1380217.tif","FILENAME":"U:\\P589_AmazoniaRevelada_BR-319\\LiDAR_dataset\\ENTREGAS\\ENTREGA_09\\2_MDT\\GEOTIFF\\MDT_1380217.tif","SHRT_FNAME":"MDT_1380217.tif","UPPER_LEFT_X":"533966.833","UPPER_LEFT_Y":"9267867.584","LOWER_RIGHT_X":"534969.333","LOWER_RIGHT_Y":"9266865.084"},"geometry":{"type":"Polygon","coordinates":[[[-62.692712736840775,-6.623441081694524],[-62.683643526985364,-6.623435388959291],[-62.683637747028136,-6.632503968478282],[-62.692707122575115,-6.632509669075062],[-62.692712736840775,-6.623441081694524]]]}},
{"type":"Feature","properties":{"DESCRIPTION":"MDT_1380216.tif","FILENAME":"U:\\P589_AmazoniaRevelada_BR-319\\LiDAR_dataset\\ENTREGAS\\ENTREGA_09\\2_MDT\\GEOTIFF\\MDT_1380216.tif","SHRT_FNAME":"MDT_1380216.tif","UPPER_LEFT_X":"532966.833","UPPER_LEFT_Y":"9267867.584","LOWER_RIGHT_X":"533969.333","LOWER_RIGHT_Y":"9266865.084"},"geometry":{"type":"Polygon","coordinates":[[[-62.701759338035686,-6.623446595287492],[-62.692690120347478,-6.623441067704102],[-62.692684505668623,-6.63250965506532],[-62.701753889049129,-6.632515190282184],[-62.701759338035686,-6.623446595287492]]]}},
{"type":"Feature","properties":{"DESCRIPTION":"MDT_1380215.tif","FILENAME":"U:\\P589_AmazoniaRevelada_BR-319\\LiDAR_dataset\\ENTREGAS\\ENTREGA_09\\2_MDT\\GEOTIFF\\MDT_1380215.tif","SHRT_FNAME":"MDT_1380215.tif","UPPER_LEFT_X":"531966.333","UPPER_LEFT_Y":"9267867.584","LOWER_RIGHT_X":"532969.333","LOWER_RIGHT_Y":"9266865.084"},"geometry":{"type":"Polygon","coordinates":[[[-62.710810470119839,-6.623451946772997],[-62.701736721523154,-6.62344658170892],[-62.701731272123389,-6.63251517668486],[-62.710805186495683,-6.632520549157979],[-62.710810470119839,-6.623451946772997]]]}},
{"type":"Feature","properties":{"DESCRIPTION":"MDT_1380214.tif","FILENAME":"U:\\P589_AmazoniaRevelada_BR-319\\LiDAR_dataset\\ENTREGAS\\ENTREGA_09\\2_MDT\\GEOTIFF\\MDT_1380214.tif","SHRT_FNAME":"MDT_1380214.tif","UPPER_LEFT_X":"530966.333","UPPER_LEFT_Y":"9267867.584","LOWER_RIGHT_X":"531968.833","LOWER_RIGHT_Y":"9266865.084"},"geometry":{"type":"Polygon","coordinates":[[[-62.719857086254315,-6.623457130801569],[-62.710787853588613,-6.623451933606484],[-62.71078256955127,-6.632520535973281],[-62.7198519679106,-6.632525740345584],[-62.719857086254315,-6.623457130801569]]]}},
{"type":"Feature","properties":{"DESCRIPTION":"MDT_1380213.tif","FILENAME":"U:\\P589_AmazoniaRevelada_BR-319\\LiDAR_dataset\\ENTREGAS\\ENTREGA_09\\2_MDT\\GEOTIFF\\MDT_1380213.tif","SHRT_FNAME":"MDT_1380213.tif","UPPER_LEFT_X":"529966.333","UPPER_LEFT_Y":"9267867.584","LOWER_RIGHT_X":"530968.833","LOWER_RIGHT_Y":"9266865.084"},"geometry":{"type":"Polygon","coordinates":[[[-62.728903709511641,-6.623462150088153],[-62.719834469704999,-6.623457118046909],[-62.719829350948082,-6.63252572757331],[-62.728898756448999,-6.632530766563695],[-62.728903709511641,-6.623462150088153]]]}},
{"type":"Feature","properties":{"DESCRIPTION":"MDT_1380212.tif","FILENAME":"U:\\P589_AmazoniaRevelada_BR-319\\LiDAR_dataset\\ENTREGAS\\ENTREGA_09\\2_MDT\\GEOTIFF\\MDT_1380212.tif","SHRT_FNAME":"MDT_1380212.tif","UPPER_LEFT_X":"528966.333","UPPER_LEFT_Y":"9267867.584","LOWER_RIGHT_X":"529968.833","LOWER_RIGHT_Y":"9266865.084"},"geometry":{"type":"Polygon","coordinates":[[[-62.737950339661808,-6.623467004632125],[-62.72888109294481,-6.623462137745348],[-62.728876139468966,-6.632530754203846],[-62.737945551880863,-6.63253562781169],[-62.737950339661808,-6.623467004632125]]]}},
{"type":"Feature","properties":{"DESCRIPTION":"MDT_1380211.tif","FILENAME":"U:\\P589_AmazoniaRevelada_BR-319\\LiDAR_dataset\\ENTREGAS\\ENTREGA_09\\2_MDT\\GEOTIFF\\MDT_1380211.tif","SHRT_FNAME":"MDT_1380211.tif","UPPER_LEFT_X":"527966.333","UPPER_LEFT_Y":"9267867.584","LOWER_RIGHT_X":"528968.833","LOWER_RIGHT_Y":"9266865.084"},"geometry":{"type":"Polygon","coordinates":[[[-62.746996976474797,-6.623471694432884],[-62.737927723078023,-6.623466992701179],[-62.737922934883876,-6.632535615864269],[-62.746992353976133,-6.632540324088966],[-62.746996976474797,-6.623471694432884]]]}},
{"type":"Feature","properties":{"DESCRIPTION":"MDT_1380210.tif","FILENAME":"U:\\P589_AmazoniaRevelada_BR-319\\LiDAR_dataset\\ENTREGAS\\ENTREGA_09\\2_MDT\\GEOTIFF\\MDT_1380210.tif","SHRT_FNAME":"MDT_1380210.tif","UPPER_LEFT_X":"526965.833","UPPER_LEFT_Y":"9267867.584","LOWER_RIGHT_X":"527968.833","LOWER_RIGHT_Y":"9266865.084"},"geometry":{"type":"Polygon","coordinates":[[[-62.756048143043778,-6.62347622171117],[-62.746974359874642,-6.623471682913797],[-62.746969736962789,-6.632540312553972],[-62.756043685910655,-6.632544857619327],[-62.756048143043778,-6.62347622171117]]]}},
{"type":"Feature","properties":{"DESCRIPTION":"MDT_1380209.tif","FILENAME":"U:\\P589_AmazoniaRevelada_BR-319\\LiDAR_dataset\\ENTREGAS\\ENTREGA_09\\2_MDT\\GEOTIFF\\MDT_1380209.tif","SHRT_FNAME":"MDT_1380209.tif","UPPER_LEFT_X":"525965.833","UPPER_LEFT_Y":"9267867.584","LOWER_RIGHT_X":"526968.333","LOWER_RIGHT_Y":"9266865.084"},"geometry":{"type":"Polygon","coordinates":[[[-62.765094792495432,-6.623480581941403],[-62.756025526427827,-6.623476210604148],[-62.756021068881481,-6.632544846496969],[-62.765090500645719,-6.632549223870948],[-62.765094792495432,-6.623480581941403]]]}},
{"type":"Feature","properties":{"DESCRIPTION":"MDT_1380208.tif","FILENAME":"U:\\P589_AmazoniaRevelada_BR-319\\LiDAR_dataset\\ENTREGAS\\ENTREGA_09\\2_MDT\\GEOTIFF\\MDT_1380208.tif","SHRT_FNAME":"MDT_1380208.tif","UPPER_LEFT_X":"524965.833","UPPER_LEFT_Y":"9267867.584","LOWER_RIGHT_X":"525968.333","LOWER_RIGHT_Y":"9266865.084"},"geometry":{"type":"Polygon","coordinates":[[[-62.774141447919746,-6.623484777426739],[-62.765072175864248,-6.623480571246244],[-62.765067883601347,-6.632549213161017],[-62.774137321354004,-6.63255342515016],[-62.774141447919746,-6.623484777426739]]]}},
{"type":"Feature","properties":{"DESCRIPTION":"MDT_1380207.tif","FILENAME":"U:\\P589_AmazoniaRevelada_BR-319\\LiDAR_dataset\\ENTREGAS\\ENTREGA_09\\2_MDT\\GEOTIFF\\MDT_1380207.tif","SHRT_FNAME":"MDT_1380207.tif","UPPER_LEFT_X":"523965.833","UPPER_LEFT_Y":"9267867.584","LOWER_RIGHT_X":"524968.333","LOWER_RIGHT_Y":"9266865.084"},"geometry":{"type":"Polygon","coordinates":[[[-62.783188109086716,-6.623488808166654],[-62.774118831273917,-6.623484767143442],[-62.774114704294973,-6.632553414852662],[-62.783184147805457,-6.632557461456443],[-62.783188109086716,-6.623488808166654]]]}},
{"type":"Feature","properties":{"DESCRIPTION":"MDT_1380206.tif","FILENAME":"U:\\P589_AmazoniaRevelada_BR-319\\LiDAR_dataset\\ENTREGAS\\ENTREGA_09\\2_MDT\\GEOTIFF\\MDT_1380206.tif","SHRT_FNAME":"MDT_1380206.tif","UPPER_LEFT_X":"522965.833","UPPER_LEFT_Y":"9267867.584","LOWER_RIGHT_X":"523968.333","LOWER_RIGHT_Y":"9266865.084"},"geometry":{"type":"Polygon","coordinates":[[[-62.792234775766325,-6.623492674160649],[-62.783165492426832,-6.623488798295221],[-62.783161530732357,-6.632557451571379],[-62.792230979770061,-6.632561332789295],[-62.792234775766325,-6.623492674160649]]]}},
{"type":"Feature","properties":{"DESCRIPTION":"MDT_1380205.tif","FILENAME":"U:\\P589_AmazoniaRevelada_BR-319\\LiDAR_dataset\\ENTREGAS\\ENTREGA_09\\2_MDT\\GEOTIFF\\MDT_1380205.tif","SHRT_FNAME":"MDT_1380205.tif","UPPER_LEFT_X":"521965.833","UPPER_LEFT_Y":"9267867.584","LOWER_RIGHT_X":"522968.333","LOWER_RIGHT_Y":"9266865.084"},"geometry":{"type":"Polygon","coordinates":[[[-62.801281447728563,-6.623496375408245],[-62.792212159092941,-6.623492664701083],[-62.792208362683461,-6.632561323316665],[-62.801277817017755,-6.632565039148237],[-62.801281447728563,-6.623496375408245]]]}},
{"type":"Feature","properties":{"DESCRIPTION":"MDT_1380204.tif","FILENAME":"U:\\P589_AmazoniaRevelada_BR-319\\LiDAR_dataset\\ENTREGAS\\ENTREGA_09\\2_MDT\\GEOTIFF\\MDT_1380204.tif","SHRT_FNAME":"MDT_1380204.tif","UPPER_LEFT_X":"520965.333","UPPER_LEFT_Y":"9267867.584","LOWER_RIGHT_X":"521968.333","LOWER_RIGHT_Y":"9266865.084"},"geometry":{"type":"Polygon","coordinates":[[[-62.810332648083154,-6.623499913636025],[-62.801258831042269,-6.623496366360546],[-62.801255199918245,-6.632565030088041],[-62.810329182740894,-6.632568582262234],[-62.810332648083154,-6.623499913636025]]]}},
{"type":"Feature","properties":{"DESCRIPTION":"MDT_1380203.tif","FILENAME":"U:\\P589_AmazoniaRevelada_BR-319\\LiDAR_dataset\\ENTREGAS\\ENTREGA_09\\2_MDT\\GEOTIFF\\MDT_1380203.tif","SHRT_FNAME":"MDT_1380203.tif","UPPER_LEFT_X":"519965.333","UPPER_LEFT_Y":"9267867.584","LOWER_RIGHT_X":"520967.833","LOWER_RIGHT_Y":"9266865.084"},"geometry":{"type":"Polygon","coordinates":[[[-62.819379329922953,-6.62350328530709],[-62.81031003138451,-6.623499905000398],[-62.810306565629027,-6.632568573614683],[-62.819376029867037,-6.632571958589507],[-62.819379329922953,-6.62350328530709]]]}},
{"type":"Feature","properties":{"DESCRIPTION":"MDT_1380202.tif","FILENAME":"U:\\P589_AmazoniaRevelada_BR-319\\LiDAR_dataset\\ENTREGAS\\ENTREGA_09\\2_MDT\\GEOTIFF\\MDT_1380202.tif","SHRT_FNAME":"MDT_1380202.tif","UPPER_LEFT_X":"518965.333","UPPER_LEFT_Y":"9267867.584","LOWER_RIGHT_X":"519967.833","LOWER_RIGHT_Y":"9266865.084"},"geometry":{"type":"Polygon","coordinates":[[[-62.828426016355223,-6.623506492230439],[-62.819356713212528,-6.623503277083332],[-62.819353412743403,-6.632571950354393],[-62.82842288158605,-6.63257516994155],[-62.828426016355223,-6.623506492230439]]]}},
{"type":"Feature","properties":{"DESCRIPTION":"MDT_1380201.tif","FILENAME":"U:\\P589_AmazoniaRevelada_BR-319\\LiDAR_dataset\\ENTREGAS\\ENTREGA_09\\2_MDT\\GEOTIFF\\MDT_1380201.tif","SHRT_FNAME":"MDT_1380201.tif","UPPER_LEFT_X":"517965.333","UPPER_LEFT_Y":"9267867.584","LOWER_RIGHT_X":"518967.833","LOWER_RIGHT_Y":"9266865.084"},"geometry":{"type":"Polygon","coordinates":[[[-62.837472707149921,-6.623509534405672],[-62.828403399633601,-6.62350648441855],[-62.828400264451219,-6.632575162118872],[-62.837469737667909,-6.632578216317962],[-62.837472707149921,-6.623509534405672]]]}},
{"type":"Feature","properties":{"DESCRIPTION":"MDT_1380200.tif","FILENAME":"U:\\P589_AmazoniaRevelada_BR-319\\LiDAR_dataset\\ENTREGAS\\ENTREGA_09\\2_MDT\\GEOTIFF\\MDT_1380200.tif","SHRT_FNAME":"MDT_1380200.tif","UPPER_LEFT_X":"516965.333","UPPER_LEFT_Y":"9267867.584","LOWER_RIGHT_X":"517967.833","LOWER_RIGHT_Y":"9266865.084"},"geometry":{"type":"Polygon","coordinates":[[[-62.846519402077043,-6.623512411832412],[-62.83745009041769,-6.623509527005653],[-62.837447120522455,-6.632578208907725],[-62.846516597882562,-6.632581097718369],[-62.846519402077043,-6.623512411832412]]]}},
{"type":"Feature","properties":{"DESCRIPTION":"MDT_1380199.tif","FILENAME":"U:\\P589_AmazoniaRevelada_BR-319\\LiDAR_dataset\\ENTREGAS\\ENTREGA_09\\2_MDT\\GEOTIFF\\MDT_1380199.tif","SHRT_FNAME":"MDT_1380199.tif","UPPER_LEFT_X":"515964.833","UPPER_LEFT_Y":"9267867.584","LOWER_RIGHT_X":"516967.833","LOWER_RIGHT_Y":"9266865.084"},"geometry":{"type":"Polygon","coordinates":[[[-62.855570624256927,-6.623515125825433],[-62.846496785334772,-6.623512404844266],[-62.846493980727061,-6.632581090720572],[-62.855567985432963,-6.632583815459358],[-62.855570624256927,-6.623515125825433]]]}},
{"type":"Feature","properties":{"DESCRIPTION":"MDT_1380198.tif","FILENAME":"U:\\P589_AmazoniaRevelada_BR-319\\LiDAR_dataset\\ENTREGAS\\ENTREGA_09\\2_MDT\\GEOTIFF\\MDT_1380198.tif","SHRT_FNAME":"MDT_1380198.tif","UPPER_LEFT_X":"514964.833","UPPER_LEFT_Y":"9267867.584","LOWER_RIGHT_X":"515967.333","LOWER_RIGHT_Y":"9266865.084"},"geometry":{"type":"Polygon","coordinates":[[[-62.864617326760644,-6.623517673671762],[-62.855548007505178,-6.623515119249366],[-62.85554536826799,-6.63258380887421],[-62.864614853224857,-6.632586366824211],[-62.864617326760644,-6.623517673671762]]]}},
{"type":"Feature","properties":{"DESCRIPTION":"MDT_1380197.tif","FILENAME":"U:\\P589_AmazoniaRevelada_BR-319\\LiDAR_dataset\\ENTREGAS\\ENTREGA_09\\2_MDT\\GEOTIFF\\MDT_1380197.tif","SHRT_FNAME":"MDT_1380197.tif","UPPER_LEFT_X":"513964.833","UPPER_LEFT_Y":"9267867.584","LOWER_RIGHT_X":"514967.333","LOWER_RIGHT_Y":"9266865.084"},"geometry":{"type":"Polygon","coordinates":[[[-62.873664032706593,-6.623520056768589],[-62.864594709999984,-6.623517667507569],[-62.864592236050996,-6.632586360651505],[-62.873661724459318,-6.632588753212044],[-62.873664032706593,-6.623520056768589]]]}},
{"type":"Feature","properties":{"DESCRIPTION":"MDT_1380196.tif","FILENAME":"U:\\P589_AmazoniaRevelada_BR-319\\LiDAR_dataset\\ENTREGAS\\ENTREGA_09\\2_MDT\\GEOTIFF\\MDT_1380196.tif","SHRT_FNAME":"MDT_1380196.tif","UPPER_LEFT_X":"512964.833","UPPER_LEFT_Y":"9267867.584","LOWER_RIGHT_X":"513967.333","LOWER_RIGHT_Y":"9266865.084"},"geometry":{"type":"Polygon","coordinates":[[[-62.882710741864756,-6.623522275115616],[-62.873641415937612,-6.623520051016269],[-62.873639107277143,-6.632588747451781],[-62.882708598906298,-6.632590974622563],[-62.882710741864756,-6.623522275115616]]]}},
{"type":"Feature","properties":{"DESCRIPTION":"MDT_1380195.tif","FILENAME":"U:\\P589_AmazoniaRevelada_BR-319\\LiDAR_dataset\\ENTREGAS\\ENTREGA_09\\2_MDT\\GEOTIFF\\MDT_1380195.tif","SHRT_FNAME":"MDT_1380195.tif","UPPER_LEFT_X":"511964.902","UPPER_LEFT_Y":"9267867.459","LOWER_RIGHT_X":"512966.902","LOWER_RIGHT_Y":"9266865.459"},"geometry":{"type":"Polygon","coordinates":[[[-62.891756823948903,-6.62352546390067],[-62.882692018366626,-6.623523406019595],[-62.882689876135416,-6.632587582478699],[-62.891754847254717,-6.632589643200249],[-62.891756823948903,-6.62352546390067]]]}},
{"type":"Feature","properties":{"DESCRIPTION":"MDT_1380194.tif","FILENAME":"U:\\P589_AmazoniaRevelada_BR-319\\LiDAR_dataset\\ENTREGAS\\ENTREGA_09\\2_MDT\\GEOTIFF\\MDT_1380194.tif","SHRT_FNAME":"MDT_1380194.tif","UPPER_LEFT_X":"510964.333","UPPER_LEFT_Y":"9267867.584","LOWER_RIGHT_X":"511967.333","LOWER_RIGHT_Y":"9266865.084"},"geometry":{"type":"Polygon","coordinates":[[[-62.900808692255822,-6.623526218462409],[-62.891734837221271,-6.623524323784001],[-62.891732859138656,-6.632593026120114],[-62.900806879958388,-6.632594923415036],[-62.900808692255822,-6.623526218462409]]]}},
{"type":"Feature","properties":{"DESCRIPTION":"MDT_1380193.tif","FILENAME":"U:\\P589_AmazoniaRevelada_BR-319\\LiDAR_dataset\\ENTREGAS\\ENTREGA_09\\2_MDT\\GEOTIFF\\MDT_1380193.tif","SHRT_FNAME":"MDT_1380193.tif","UPPER_LEFT_X":"509964.712","UPPER_LEFT_Y":"9267867.459","LOWER_RIGHT_X":"510966.712","LOWER_RIGHT_Y":"9266865.459"},"geometry":{"type":"Polygon","coordinates":[[[-62.909851978799011,-6.623529077179501],[-62.900787167930872,-6.623527349489809],[-62.900785356144588,-6.632591531392048],[-62.909850332550207,-6.632593261466456],[-62.909851978799011,-6.623529077179501]]]}},
{"type":"Feature","properties":{"DESCRIPTION":"MDT_1379253.tif","FILENAME":"U:\\P589_AmazoniaRevelada_BR-319\\LiDAR_dataset\\ENTREGAS\\ENTREGA_09\\2_MDT\\GEOTIFF\\MDT_1379253.tif","SHRT_FNAME":"MDT_1379253.tif","UPPER_LEFT_X":"569970.333","UPPER_LEFT_Y":"9268867.584","LOWER_RIGHT_X":"570972.833","LOWER_RIGHT_Y":"9267865.084"},"geometry":{"type":"Polygon","coordinates":[[[-62.367021942063801,-6.61408729084648],[-62.357953332811725,-6.614075668728174],[-62.357941619261112,-6.623143817679387],[-62.367010393934493,-6.62315545586915],[-62.367021942063801,-6.61408729084648]]]}},
{"type":"Feature","properties":{"DESCRIPTION":"MDT_1379252.tif","FILENAME":"U:\\P589_AmazoniaRevelada_BR-319\\LiDAR_dataset\\ENTREGAS\\ENTREGA_09\\2_MDT\\GEOTIFF\\MDT_1379252.tif","SHRT_FNAME":"MDT_1379252.tif","UPPER_LEFT_X":"568969.833","UPPER_LEFT_Y":"9268867.584","LOWER_RIGHT_X":"569972.833","LOWER_RIGHT_Y":"9267865.084"},"geometry":{"type":"Polygon","coordinates":[[[-62.37607247545138,-6.614098724974578],[-62.366999327057918,-6.614087262069234],[-62.366987778516098,-6.62315542705211],[-62.376061092414815,-6.623166905808747],[-62.37607247545138,-6.614098724974578]]]}},
{"type":"Feature","properties":{"DESCRIPTION":"MDT_1379251.tif","FILENAME":"U:\\P589_AmazoniaRevelada_BR-319\\LiDAR_dataset\\ENTREGAS\\ENTREGA_09\\2_MDT\\GEOTIFF\\MDT_1379251.tif","SHRT_FNAME":"MDT_1379251.tif","UPPER_LEFT_X":"567969.833","UPPER_LEFT_Y":"9268867.584","LOWER_RIGHT_X":"568972.333","LOWER_RIGHT_Y":"9267865.084"},"geometry":{"type":"Polygon","coordinates":[[[-62.385118501699431,-6.614109988871067],[-62.376049860405537,-6.614098696608727],[-62.376038476956445,-6.623166877403671],[-62.385107283674529,-6.623178185281335],[-62.385118501699431,-6.614109988871067]]]}},
{"type":"Feature","properties":{"DESCRIPTION":"MDT_1379250.tif","FILENAME":"U:\\P589_AmazoniaRevelada_BR-319\\LiDAR_dataset\\ENTREGAS\\ENTREGA_09\\2_MDT\\GEOTIFF\\MDT_1379250.tif","SHRT_FNAME":"MDT_1379250.tif","UPPER_LEFT_X":"566969.833","UPPER_LEFT_Y":"9268867.584","LOWER_RIGHT_X":"567972.333","LOWER_RIGHT_Y":"9267865.084"},"geometry":{"type":"Polygon","coordinates":[[[-62.394164543579201,-6.614121088289878],[-62.385095886614231,-6.61410996091641],[-62.385084668176795,-6.623178157288018],[-62.394153490567376,-6.623189300048796],[-62.394164543579201,-6.614121088289878]]]}},
{"type":"Feature","properties":{"DESCRIPTION":"MDT_1379249.tif","FILENAME":"U:\\P589_AmazoniaRevelada_BR-319\\LiDAR_dataset\\ENTREGAS\\ENTREGA_09\\2_MDT\\GEOTIFF\\MDT_1379249.tif","SHRT_FNAME":"MDT_1379249.tif","UPPER_LEFT_X":"565969.833","UPPER_LEFT_Y":"9268867.584","LOWER_RIGHT_X":"566972.333","LOWER_RIGHT_Y":"9267865.084"},"geometry":{"type":"Polygon","coordinates":[[[-62.403210600860767,-6.614132023229629],[-62.394141928455205,-6.614121060746415],[-62.394130875030839,-6.623189272467246],[-62.403199712863383,-6.623200250109754],[-62.403210600860767,-6.614132023229629]]]}},
{"type":"Feature","properties":{"DESCRIPTION":"MDT_1379248.tif","FILENAME":"U:\\P589_AmazoniaRevelada_BR-319\\LiDAR_dataset\\ENTREGAS\\ENTREGA_09\\2_MDT\\GEOTIFF\\MDT_1379248.tif","SHRT_FNAME":"MDT_1379248.tif","UPPER_LEFT_X":"564969.833","UPPER_LEFT_Y":"9268867.584","LOWER_RIGHT_X":"565972.333","LOWER_RIGHT_Y":"9267865.084"},"geometry":{"type":"Polygon","coordinates":[[[-62.412256673314175,-6.614142793688964],[-62.403187985698544,-6.614131996097365],[-62.403177097288626,-6.623200222939972],[-62.412245950332611,-6.623211035462848],[-62.412256673314175,-6.614142793688964]]]}},
{"type":"Feature","properties":{"DESCRIPTION":"MDT_1379247.tif","FILENAME":"U:\\P589_AmazoniaRevelada_BR-319\\LiDAR_dataset\\ENTREGAS\\ENTREGA_09\\2_MDT\\GEOTIFF\\MDT_1379247.tif","SHRT_FNAME":"MDT_1379247.tif","UPPER_LEFT_X":"563969.833","UPPER_LEFT_Y":"9268867.584","LOWER_RIGHT_X":"564972.333","LOWER_RIGHT_Y":"9267865.084"},"geometry":{"type":"Polygon","coordinates":[[[-62.421302760709487,-6.614153399666546],[-62.412234058114308,-6.614142766967903],[-62.41222333472021,-6.623211008704835],[-62.421292202745072,-6.623221656106738],[-62.421302760709487,-6.614153399666546]]]}},
{"type":"Feature","properties":{"DESCRIPTION":"MDT_1379246.tif","FILENAME":"U:\\P589_AmazoniaRevelada_BR-319\\LiDAR_dataset\\ENTREGAS\\ENTREGA_09\\2_MDT\\GEOTIFF\\MDT_1379246.tif","SHRT_FNAME":"MDT_1379246.tif","UPPER_LEFT_X":"562969.333","UPPER_LEFT_Y":"9268867.584","LOWER_RIGHT_X":"563972.333","LOWER_RIGHT_Y":"9267865.084"},"geometry":{"type":"Polygon","coordinates":[[[-62.430353385871477,-6.614163846340666],[-62.421280145472565,-6.614153373356691],[-62.421269587095601,-6.623221629760501],[-62.430342993008054,-6.623232117226875],[-62.430353385871477,-6.614163846340666]]]}},
{"type":"Feature","properties":{"DESCRIPTION":"MDT_1379245.tif","FILENAME":"U:\\P589_AmazoniaRevelada_BR-319\\LiDAR_dataset\\ENTREGAS\\ENTREGA_09\\2_MDT\\GEOTIFF\\MDT_1379245.tif","SHRT_FNAME":"MDT_1379245.tif","UPPER_LEFT_X":"561969.333","UPPER_LEFT_Y":"9268867.584","LOWER_RIGHT_X":"562971.833","LOWER_RIGHT_Y":"9267865.084"},"geometry":{"type":"Polygon","coordinates":[[[-62.439399502467971,-6.614174123268572],[-62.430330770598033,-6.614163820442228],[-62.430320377322055,-6.623232091292623],[-62.439389274624318,-6.623242408366072],[-62.439399502467971,-6.614174123268572]]]}},
{"type":"Feature","properties":{"DESCRIPTION":"MDT_1379244.tif","FILENAME":"U:\\P589_AmazoniaRevelada_BR-319\\LiDAR_dataset\\ENTREGAS\\ENTREGA_09\\2_MDT\\GEOTIFF\\MDT_1379244.tif","SHRT_FNAME":"MDT_1379244.tif","UPPER_LEFT_X":"560969.333","UPPER_LEFT_Y":"9268867.584","LOWER_RIGHT_X":"561971.833","LOWER_RIGHT_Y":"9267865.084"},"geometry":{"type":"Polygon","coordinates":[[[-62.448445633316432,-6.61418423571084],[-62.439376887158616,-6.614174097781346],[-62.439366658902408,-6.623242382843601],[-62.448435570493835,-6.62325253479217],[-62.448445633316432,-6.61418423571084]]]}},
{"type":"Feature","properties":{"DESCRIPTION":"MDT_1379243.tif","FILENAME":"U:\\P589_AmazoniaRevelada_BR-319\\LiDAR_dataset\\ENTREGAS\\ENTREGA_09\\2_MDT\\GEOTIFF\\MDT_1379243.tif","SHRT_FNAME":"MDT_1379243.tif","UPPER_LEFT_X":"559969.333","UPPER_LEFT_Y":"9268867.584","LOWER_RIGHT_X":"560971.833","LOWER_RIGHT_Y":"9267865.084"},"geometry":{"type":"Polygon","coordinates":[[[-62.457491778186913,-6.614194183666211],[-62.448423017971734,-6.614184210634829],[-62.448412954736575,-6.623252509681482],[-62.457481880386631,-6.623262496503915],[-62.457491778186913,-6.614194183666211]]]}},
{"type":"Feature","properties":{"DESCRIPTION":"MDT_1379242.tif","FILENAME":"U:\\P589_AmazoniaRevelada_BR-319\\LiDAR_dataset\\ENTREGAS\\ENTREGA_09\\2_MDT\\GEOTIFF\\MDT_1379242.tif","SHRT_FNAME":"MDT_1379242.tif","UPPER_LEFT_X":"558969.333","UPPER_LEFT_Y":"9268867.584","LOWER_RIGHT_X":"559971.833","LOWER_RIGHT_Y":"9267865.084"},"geometry":{"type":"Polygon","coordinates":[[[-62.466537936849448,-6.614203967133451],[-62.457469162807428,-6.614194159001419],[-62.45745926459459,-6.623262471805015],[-62.466528204072731,-6.623272293500071],[-62.466537936849448,-6.614203967133451]]]}},
{"type":"Feature","properties":{"DESCRIPTION":"MDT_1379241.tif","FILENAME":"U:\\P589_AmazoniaRevelada_BR-319\\LiDAR_dataset\\ENTREGAS\\ENTREGA_09\\2_MDT\\GEOTIFF\\MDT_1379241.tif","SHRT_FNAME":"MDT_1379241.tif","UPPER_LEFT_X":"557968.833","UPPER_LEFT_Y":"9268867.584","LOWER_RIGHT_X":"558971.833","LOWER_RIGHT_Y":"9267865.084"},"geometry":{"type":"Polygon","coordinates":[[[-62.475588632163578,-6.614213590879693],[-62.466515321435793,-6.614203942879881],[-62.466505588246505,-6.62327226921296],[-62.475579064494134,-6.623281930554359],[-62.475588632163578,-6.614213590879693]]]}},
{"type":"Feature","properties":{"DESCRIPTION":"MDT_1379240.tif","FILENAME":"U:\\P589_AmazoniaRevelada_BR-319\\LiDAR_dataset\\ENTREGAS\\ENTREGA_09\\2_MDT\\GEOTIFF\\MDT_1379240.tif","SHRT_FNAME":"MDT_1379240.tif","UPPER_LEFT_X":"556968.833","UPPER_LEFT_Y":"9268867.584","LOWER_RIGHT_X":"557971.333","LOWER_RIGHT_Y":"9267865.084"},"geometry":{"type":"Polygon","coordinates":[[[-62.48463481772702,-6.614223045284804],[-62.475566016716279,-6.614213567037551],[-62.475556448634279,-6.623281906679249],[-62.484625415083542,-6.623291398033348],[-62.48463481772702,-6.614223045284804]]]}},
{"type":"Feature","properties":{"DESCRIPTION":"MDT_1379239.tif","FILENAME":"U:\\P589_AmazoniaRevelada_BR-319\\LiDAR_dataset\\ENTREGAS\\ENTREGA_09\\2_MDT\\GEOTIFF\\MDT_1379239.tif","SHRT_FNAME":"MDT_1379239.tif","UPPER_LEFT_X":"555968.833","UPPER_LEFT_Y":"9268867.584","LOWER_RIGHT_X":"556971.333","LOWER_RIGHT_Y":"9267865.084"},"geometry":{"type":"Polygon","coordinates":[[[-62.49368101639255,-6.614232335198203],[-62.484612202246673,-6.614223021853892],[-62.484602799190633,-6.623291374570035],[-62.493671778776225,-6.62330070079316],[-62.49368101639255,-6.614232335198203]]]}},
{"type":"Feature","properties":{"DESCRIPTION":"MDT_1379238.tif","FILENAME":"U:\\P589_AmazoniaRevelada_BR-319\\LiDAR_dataset\\ENTREGAS\\ENTREGA_09\\2_MDT\\GEOTIFF\\MDT_1379238.tif","SHRT_FNAME":"MDT_1379238.tif","UPPER_LEFT_X":"554968.833","UPPER_LEFT_Y":"9268867.584","LOWER_RIGHT_X":"555971.333","LOWER_RIGHT_Y":"9267865.084"},"geometry":{"type":"Polygon","coordinates":[[[-62.50272722793023,-6.614241460618735],[-62.493658400879738,-6.614232312178522],[-62.493649162850843,-6.623300677741646],[-62.502718155342201,-6.623309838832641],[-62.50272722793023,-6.614241460618735]]]}},
{"type":"Feature","properties":{"DESCRIPTION":"MDT_1379237.tif","FILENAME":"U:\\P589_AmazoniaRevelada_BR-319\\LiDAR_dataset\\ENTREGAS\\ENTREGA_09\\2_MDT\\GEOTIFF\\MDT_1379237.tif","SHRT_FNAME":"MDT_1379237.tif","UPPER_LEFT_X":"553968.833","UPPER_LEFT_Y":"9268867.584","LOWER_RIGHT_X":"554971.333","LOWER_RIGHT_Y":"9267865.084"},"geometry":{"type":"Polygon","coordinates":[[[-62.511773452110077,-6.614250421545273],[-62.502704612385521,-6.614241438010288],[-62.502695539384924,-6.623309816192927],[-62.51176454455149,-6.623318812150655],[-62.511773452110077,-6.614250421545273]]]}},
{"type":"Feature","properties":{"DESCRIPTION":"MDT_1379236.tif","FILENAME":"U:\\P589_AmazoniaRevelada_BR-319\\LiDAR_dataset\\ENTREGAS\\ENTREGA_09\\2_MDT\\GEOTIFF\\MDT_1379236.tif","SHRT_FNAME":"MDT_1379236.tif","UPPER_LEFT_X":"552968.333","UPPER_LEFT_Y":"9268867.584","LOWER_RIGHT_X":"553971.333","LOWER_RIGHT_Y":"9267865.084"},"geometry":{"type":"Polygon","coordinates":[[[-62.520824211823523,-6.614259222333767],[-62.511750836534048,-6.61425039934806],[-62.511741928562891,-6.623318789922748],[-62.520815469378,-6.623327625109185],[-62.520824211823523,-6.614259222333767]]]}},
{"type":"Feature","properties":{"DESCRIPTION":"MDT_1379235.tif","FILENAME":"U:\\P589_AmazoniaRevelada_BR-319\\LiDAR_dataset\\ENTREGAS\\ENTREGA_09\\2_MDT\\GEOTIFF\\MDT_1379235.tif","SHRT_FNAME":"MDT_1379235.tif","UPPER_LEFT_X":"551968.333","UPPER_LEFT_Y":"9268867.584","LOWER_RIGHT_X":"552970.833","LOWER_RIGHT_Y":"9267865.084"},"geometry":{"type":"Polygon","coordinates":[[[-62.529870460603895,-6.61426785418674],[-62.520801596216749,-6.614259200547999],[-62.520792853358643,-6.623327603293294],[-62.529861883190023,-6.623336268898586],[-62.529870460603895,-6.61426785418674]]]}},
{"type":"Feature","properties":{"DESCRIPTION":"MDT_1379234.tif","FILENAME":"U:\\P589_AmazoniaRevelada_BR-319\\LiDAR_dataset\\ENTREGAS\\ENTREGA_09\\2_MDT\\GEOTIFF\\MDT_1379234.tif","SHRT_FNAME":"MDT_1379234.tif","UPPER_LEFT_X":"550968.333","UPPER_LEFT_Y":"9268867.584","LOWER_RIGHT_X":"551970.833","LOWER_RIGHT_Y":"9267865.084"},"geometry":{"type":"Polygon","coordinates":[[[-62.538916721336463,-6.614276321542441],[-62.529847844966952,-6.614267832812216],[-62.529839267140488,-6.623336247494503],[-62.538908308955314,-6.623344747963239],[-62.538916721336463,-6.614276321542441]]]}},
{"type":"Feature","properties":{"DESCRIPTION":"MDT_1379233.tif","FILENAME":"U:\\P589_AmazoniaRevelada_BR-319\\LiDAR_dataset\\ENTREGAS\\ENTREGA_09\\2_MDT\\GEOTIFF\\MDT_1379233.tif","SHRT_FNAME":"MDT_1379233.tif","UPPER_LEFT_X":"549968.333","UPPER_LEFT_Y":"9268867.584","LOWER_RIGHT_X":"550970.833","LOWER_RIGHT_Y":"9267865.084"},"geometry":{"type":"Polygon","coordinates":[[[-62.547962993791252,-6.614284624399815],[-62.538894105669918,-6.61427630057916],[-62.538885692876185,-6.62334472697097],[-62.547954746443871,-6.623353062302096],[-62.547962993791252,-6.614284624399815]]]}},
{"type":"Feature","properties":{"DESCRIPTION":"MDT_1379232.tif","FILENAME":"U:\\P589_AmazoniaRevelada_BR-319\\LiDAR_dataset\\ENTREGAS\\ENTREGA_09\\2_MDT\\GEOTIFF\\MDT_1379232.tif","SHRT_FNAME":"MDT_1379232.tif","UPPER_LEFT_X":"548968.333","UPPER_LEFT_Y":"9268867.584","LOWER_RIGHT_X":"549970.833","LOWER_RIGHT_Y":"9267865.084"},"geometry":{"type":"Polygon","coordinates":[[[-62.557009277738295,-6.614292762757834],[-62.547940378095689,-6.61428460384778],[-62.547932130335717,-6.62335304172164],[-62.557001195425713,-6.62336121191412],[-62.557009277738295,-6.614292762757834]]]}},
{"type":"Feature","properties":{"DESCRIPTION":"MDT_1379231.tif","FILENAME":"U:\\P589_AmazoniaRevelada_BR-319\\LiDAR_dataset\\ENTREGAS\\ENTREGA_09\\2_MDT\\GEOTIFF\\MDT_1379231.tif","SHRT_FNAME":"MDT_1379231.tif","UPPER_LEFT_X":"547967.833","UPPER_LEFT_Y":"9268867.584","LOWER_RIGHT_X":"548970.833","LOWER_RIGHT_Y":"9267865.084"},"geometry":{"type":"Polygon","coordinates":[[[-62.566060096097999,-6.614300740561269],[-62.556986662014282,-6.61429274261705],[-62.556978579289115,-6.623361191745484],[-62.56605217890376,-6.623369200749541],[-62.566060096097999,-6.614300740561269]]]}},
{"type":"Feature","properties":{"DESCRIPTION":"MDT_1379230.tif","FILENAME":"U:\\P589_AmazoniaRevelada_BR-319\\LiDAR_dataset\\ENTREGAS\\ENTREGA_09\\2_MDT\\GEOTIFF\\MDT_1379230.tif","SHRT_FNAME":"MDT_1379230.tif","UPPER_LEFT_X":"546967.833","UPPER_LEFT_Y":"9268867.584","LOWER_RIGHT_X":"547970.333","LOWER_RIGHT_Y":"9267865.084"},"geometry":{"type":"Polygon","coordinates":[[[-62.575106402345114,-6.614308549835318],[-62.566037480346111,-6.614300720831944],[-62.566029562739281,-6.623369180992932],[-62.575098650187684,-6.623377020822526],[-62.575106402345114,-6.614308549835318]]]}},
{"type":"Feature","properties":{"DESCRIPTION":"MDT_1379229.tif","FILENAME":"U:\\P589_AmazoniaRevelada_BR-319\\LiDAR_dataset\\ENTREGAS\\ENTREGA_09\\2_MDT\\GEOTIFF\\MDT_1379229.tif","SHRT_FNAME":"MDT_1379229.tif","UPPER_LEFT_X":"545967.833","UPPER_LEFT_Y":"9268867.584","LOWER_RIGHT_X":"546970.333","LOWER_RIGHT_Y":"9267865.084"},"geometry":{"type":"Polygon","coordinates":[[[-62.584152719394467,-6.614316194607038],[-62.575083786565926,-6.614308530517246],[-62.575076033995899,-6.623377001477739],[-62.584145132274806,-6.623384676165704],[-62.584152719394467,-6.614316194607038]]]}},
{"type":"Feature","properties":{"DESCRIPTION":"MDT_1379228.tif","FILENAME":"U:\\P589_AmazoniaRevelada_BR-319\\LiDAR_dataset\\ENTREGAS\\ENTREGA_09\\2_MDT\\GEOTIFF\\MDT_1379228.tif","SHRT_FNAME":"MDT_1379228.tif","UPPER_LEFT_X":"544967.833","UPPER_LEFT_Y":"9268867.584","LOWER_RIGHT_X":"545970.333","LOWER_RIGHT_Y":"9267865.084"},"geometry":{"type":"Polygon","coordinates":[[[-62.593199047016078,-6.614323674875486],[-62.584130103588564,-6.614316175700224],[-62.584122516056311,-6.623384657232744],[-62.593191624935152,-6.623392166778128],[-62.593199047016078,-6.614323674875486]]]}},
{"type":"Feature","properties":{"DESCRIPTION":"MDT_1379227.tif","FILENAME":"U:\\P589_AmazoniaRevelada_BR-319\\LiDAR_dataset\\ENTREGAS\\ENTREGA_09\\2_MDT\\GEOTIFF\\MDT_1379227.tif","SHRT_FNAME":"MDT_1379227.tif","UPPER_LEFT_X":"543967.833","UPPER_LEFT_Y":"9268867.584","LOWER_RIGHT_X":"544970.333","LOWER_RIGHT_Y":"9267865.084"},"geometry":{"type":"Polygon","coordinates":[[[-62.60224538497998,-6.61433099063973],[-62.593176431184034,-6.61432365637993],[-62.593169008690509,-6.623392148256999],[-62.602238127938712,-6.623399492658869],[-62.60224538497998,-6.61433099063973]]]}},
{"type":"Feature","properties":{"DESCRIPTION":"MDT_1379226.tif","FILENAME":"U:\\P589_AmazoniaRevelada_BR-319\\LiDAR_dataset\\ENTREGAS\\ENTREGA_09\\2_MDT\\GEOTIFF\\MDT_1379226.tif","SHRT_FNAME":"MDT_1379226.tif","UPPER_LEFT_X":"542967.833","UPPER_LEFT_Y":"9268867.584","LOWER_RIGHT_X":"543970.333","LOWER_RIGHT_Y":"9267865.084"},"geometry":{"type":"Polygon","coordinates":[[[-62.61129173305622,-6.614338141898866],[-62.602222769122378,-6.614330972555436],[-62.602215511668497,-6.623399474549569],[-62.611284641055505,-6.623406653807018],[-62.61129173305622,-6.614338141898866]]]}},
{"type":"Feature","properties":{"DESCRIPTION":"MDT_1379225.tif","FILENAME":"U:\\P589_AmazoniaRevelada_BR-319\\LiDAR_dataset\\ENTREGAS\\ENTREGA_09\\2_MDT\\GEOTIFF\\MDT_1379225.tif","SHRT_FNAME":"MDT_1379225.tif","UPPER_LEFT_X":"541967.333","UPPER_LEFT_Y":"9268867.584","LOWER_RIGHT_X":"542970.333","LOWER_RIGHT_Y":"9267865.084"},"geometry":{"type":"Polygon","coordinates":[[[-62.62034261419619,-6.61434513210423],[-62.611269117173613,-6.614338124225835],[-62.611262024760286,-6.623406636109548],[-62.620335687319454,-6.623413653678684],[-62.62034261419619,-6.61434513210423]]]}},
{"type":"Feature","properties":{"DESCRIPTION":"MDT_1379224.tif","FILENAME":"U:\\P589_AmazoniaRevelada_BR-319\\LiDAR_dataset\\ENTREGAS\\ENTREGA_09\\2_MDT\\GEOTIFF\\MDT_1379224.tif","SHRT_FNAME":"MDT_1379224.tif","UPPER_LEFT_X":"540967.333","UPPER_LEFT_Y":"9268867.584","LOWER_RIGHT_X":"541969.833","LOWER_RIGHT_Y":"9267865.084"},"geometry":{"type":"Polygon","coordinates":[[[-62.629388981811907,-6.614351954268247],[-62.620319998289155,-6.614345114842672],[-62.620313070999813,-6.623413636393254],[-62.629382219977472,-6.623420485276628],[-62.629388981811907,-6.614351954268247]]]}},
{"type":"Feature","properties":{"DESCRIPTION":"MDT_1379223.tif","FILENAME":"U:\\P589_AmazoniaRevelada_BR-319\\LiDAR_dataset\\ENTREGAS\\ENTREGA_09\\2_MDT\\GEOTIFF\\MDT_1379223.tif","SHRT_FNAME":"MDT_1379223.tif","UPPER_LEFT_X":"539967.333","UPPER_LEFT_Y":"9268867.584","LOWER_RIGHT_X":"540969.833","LOWER_RIGHT_Y":"9267865.084"},"geometry":{"type":"Polygon","coordinates":[[[-62.63843535884989,-6.614358611924551],[-62.629366365881019,-6.614351937417958],[-62.629359603633993,-6.623420468403038],[-62.638428762058624,-6.623427152139374],[-62.63843535884989,-6.614358611924551]]]}},
{"type":"Feature","properties":{"DESCRIPTION":"MDT_1379222.tif","FILENAME":"U:\\P589_AmazoniaRevelada_BR-319\\LiDAR_dataset\\ENTREGAS\\ENTREGA_09\\2_MDT\\GEOTIFF\\MDT_1379222.tif","SHRT_FNAME":"MDT_1379222.tif","UPPER_LEFT_X":"538967.333","UPPER_LEFT_Y":"9268867.584","LOWER_RIGHT_X":"539969.833","LOWER_RIGHT_Y":"9267865.084"},"geometry":{"type":"Polygon","coordinates":[[[-62.647481745080171,-6.614365105072317],[-62.638412742895731,-6.614358595485531],[-62.63840614569186,-6.623427135677622],[-62.647475313332905,-6.623433654266094],[-62.647481745080171,-6.614365105072317]]]}},
{"type":"Feature","properties":{"DESCRIPTION":"MDT_1379221.tif","FILENAME":"U:\\P589_AmazoniaRevelada_BR-319\\LiDAR_dataset\\ENTREGAS\\ENTREGA_09\\2_MDT\\GEOTIFF\\MDT_1379221.tif","SHRT_FNAME":"MDT_1379221.tif","UPPER_LEFT_X":"537967.333","UPPER_LEFT_Y":"9268867.584","LOWER_RIGHT_X":"538969.833","LOWER_RIGHT_Y":"9267865.084"},"geometry":{"type":"Polygon","coordinates":[[[-62.656528140272762,-6.614371433710738],[-62.647459129103318,-6.61436508904457],[-62.647452696943446,-6.623433638216182],[-62.656521873570291,-6.623439991655979],[-62.656528140272762,-6.614371433710738]]]}},
{"type":"Feature","properties":{"DESCRIPTION":"MDT_1379220.tif","FILENAME":"U:\\P589_AmazoniaRevelada_BR-319\\LiDAR_dataset\\ENTREGAS\\ENTREGA_09\\2_MDT\\GEOTIFF\\MDT_1379220.tif","SHRT_FNAME":"MDT_1379220.tif","UPPER_LEFT_X":"536966.833","UPPER_LEFT_Y":"9268867.584","LOWER_RIGHT_X":"537969.833","LOWER_RIGHT_Y":"9267865.084"},"geometry":{"type":"Polygon","coordinates":[[[-62.665579067401801,-6.614377600879944],[-62.656505524273797,-6.614371418094264],[-62.656499257158707,-6.623439976017911],[-62.66557296582743,-6.623446167353364],[-62.665579067401801,-6.614377600879944]]]}},
{"type":"Feature","properties":{"DESCRIPTION":"MDT_1379219.tif","FILENAME":"U:\\P589_AmazoniaRevelada_BR-319\\LiDAR_dataset\\ENTREGAS\\ENTREGA_09\\2_MDT\\GEOTIFF\\MDT_1379219.tif","SHRT_FNAME":"MDT_1379219.tif","UPPER_LEFT_X":"535966.833","UPPER_LEFT_Y":"9268867.584","LOWER_RIGHT_X":"536969.333","LOWER_RIGHT_Y":"9267865.084"},"geometry":{"type":"Polygon","coordinates":[[[-62.674625479833274,-6.614383600415082],[-62.665556451381285,-6.614377585674952],[-62.665550349394294,-6.623446152127348],[-62.674619543305255,-6.623452175184872],[-62.674625479833274,-6.614383600415082]]]}},
{"type":"Feature","properties":{"DESCRIPTION":"MDT_1379218.tif","FILENAME":"U:\\P589_AmazoniaRevelada_BR-319\\LiDAR_dataset\\ENTREGAS\\ENTREGA_09\\2_MDT\\GEOTIFF\\MDT_1379218.tif","SHRT_FNAME":"MDT_1379218.tif","UPPER_LEFT_X":"534966.833","UPPER_LEFT_Y":"9268867.584","LOWER_RIGHT_X":"535969.333","LOWER_RIGHT_Y":"9267865.084"},"geometry":{"type":"Polygon","coordinates":[[[-62.683671900537014,-6.61438943543858],[-62.674602863791797,-6.614383585621369],[-62.674596926851137,-6.623452160370703],[-62.683666129056071,-6.623458018277248],[-62.683671900537014,-6.61438943543858]]]}},
{"type":"Feature","properties":{"DESCRIPTION":"MDT_1379217.tif","FILENAME":"U:\\P589_AmazoniaRevelada_BR-319\\LiDAR_dataset\\ENTREGAS\\ENTREGA_09\\2_MDT\\GEOTIFF\\MDT_1379217.tif","SHRT_FNAME":"MDT_1379217.tif","UPPER_LEFT_X":"533966.833","UPPER_LEFT_Y":"9268867.584","LOWER_RIGHT_X":"534969.333","LOWER_RIGHT_Y":"9267865.084"},"geometry":{"type":"Polygon","coordinates":[[[-62.692718329283018,-6.614395105949713],[-62.683649284475131,-6.614389421056147],[-62.683643512581561,-6.623458003874926],[-62.692712722849883,-6.623463696629766],[-62.692718329283018,-6.614395105949713]]]}},
{"type":"Feature","properties":{"DESCRIPTION":"MDT_1379216.tif","FILENAME":"U:\\P589_AmazoniaRevelada_BR-319\\LiDAR_dataset\\ENTREGAS\\ENTREGA_09\\2_MDT\\GEOTIFF\\MDT_1379216.tif","SHRT_FNAME":"MDT_1379216.tif","UPPER_LEFT_X":"532966.833","UPPER_LEFT_Y":"9268867.584","LOWER_RIGHT_X":"533969.333","LOWER_RIGHT_Y":"9267865.084"},"geometry":{"type":"Polygon","coordinates":[[[-62.701764765841304,-6.614400611947778],[-62.69269571320131,-6.614395091978562],[-62.692690106355556,-6.623463682639295],[-62.701759324456681,-6.623469210241719],[-62.701764765841304,-6.614400611947778]]]}},
{"type":"Feature","properties":{"DESCRIPTION":"MDT_1379215.tif","FILENAME":"U:\\P589_AmazoniaRevelada_BR-319\\LiDAR_dataset\\ENTREGAS\\ENTREGA_09\\2_MDT\\GEOTIFF\\MDT_1379215.tif","SHRT_FNAME":"MDT_1379215.tif","UPPER_LEFT_X":"531966.333","UPPER_LEFT_Y":"9268867.584","LOWER_RIGHT_X":"532969.333","LOWER_RIGHT_Y":"9267865.084"},"geometry":{"type":"Polygon","coordinates":[[[-62.710815733205813,-6.614405956061684],[-62.701742149740362,-6.614400598387911],[-62.701736707943105,-6.6234691966631],[-62.710810456952899,-6.623474561745654],[-62.710815733205813,-6.614405956061684]]]}},
{"type":"Feature","properties":{"DESCRIPTION":"MDT_1379214.tif","FILENAME":"U:\\P589_AmazoniaRevelada_BR-319\\LiDAR_dataset\\ENTREGAS\\ENTREGA_09\\2_MDT\\GEOTIFF\\MDT_1379214.tif","SHRT_FNAME":"MDT_1379214.tif","UPPER_LEFT_X":"530966.333","UPPER_LEFT_Y":"9268867.584","LOWER_RIGHT_X":"531968.833","LOWER_RIGHT_Y":"9267865.084"},"geometry":{"type":"Polygon","coordinates":[[[-62.719862184702336,-6.614411132949322],[-62.71079311708619,-6.614405942913306],[-62.710787840420657,-6.623474548579096],[-62.71985707349927,-6.623479745792078],[-62.719862184702336,-6.614411132949322]]]}},
{"type":"Feature","properties":{"DESCRIPTION":"MDT_1379213.tif","FILENAME":"U:\\P589_AmazoniaRevelada_BR-319\\LiDAR_dataset\\ENTREGAS\\ENTREGA_09\\2_MDT\\GEOTIFF\\MDT_1379213.tif","SHRT_FNAME":"MDT_1379213.tif","UPPER_LEFT_X":"529966.333","UPPER_LEFT_Y":"9268867.584","LOWER_RIGHT_X":"530968.833","LOWER_RIGHT_Y":"9267865.084"},"geometry":{"type":"Polygon","coordinates":[[[-62.728908643321049,-6.614416145321904],[-62.719839568564609,-6.614411120212234],[-62.719834456948924,-6.623479733037376],[-62.728903697168484,-6.623484765095948],[-62.728908643321049,-6.614416145321904]]]}},
{"type":"Feature","properties":{"DESCRIPTION":"MDT_1379212.tif","FILENAME":"U:\\P589_AmazoniaRevelada_BR-319\\LiDAR_dataset\\ENTREGAS\\ENTREGA_09\\2_MDT\\GEOTIFF\\MDT_1379212.tif","SHRT_FNAME":"MDT_1379212.tif","UPPER_LEFT_X":"528966.333","UPPER_LEFT_Y":"9268867.584","LOWER_RIGHT_X":"529968.833","LOWER_RIGHT_Y":"9267865.084"},"geometry":{"type":"Polygon","coordinates":[[[-62.73795510883199,-6.614420993178807],[-62.728886027165821,-6.614416132996104],[-62.728881080600615,-6.623484752753102],[-62.737950327730523,-6.623489619656638],[-62.73795510883199,-6.614420993178807]]]}},
{"type":"Feature","properties":{"DESCRIPTION":"MDT_1379211.tif","FILENAME":"U:\\P589_AmazoniaRevelada_BR-319\\LiDAR_dataset\\ENTREGAS\\ENTREGA_09\\2_MDT\\GEOTIFF\\MDT_1379211.tif","SHRT_FNAME":"MDT_1379211.tif","UPPER_LEFT_X":"527966.333","UPPER_LEFT_Y":"9268867.584","LOWER_RIGHT_X":"528968.833","LOWER_RIGHT_Y":"9267865.084"},"geometry":{"type":"Polygon","coordinates":[[[-62.747001581005158,-6.614425676519426],[-62.737932492659809,-6.614420981264295],[-62.737927711145716,-6.62348960772565],[-62.7469969649554,-6.623494309473547],[-62.747001581005158,-6.614425676519426]]]}},
{"type":"Feature","properties":{"DESCRIPTION":"MDT_1379210.tif","FILENAME":"U:\\P589_AmazoniaRevelada_BR-319\\LiDAR_dataset\\ENTREGAS\\ENTREGA_09\\2_MDT\\GEOTIFF\\MDT_1379210.tif","SHRT_FNAME":"MDT_1379210.tif","UPPER_LEFT_X":"526965.833","UPPER_LEFT_Y":"9268867.584","LOWER_RIGHT_X":"527968.833","LOWER_RIGHT_Y":"9267865.084"},"geometry":{"type":"Polygon","coordinates":[[[-62.756052582851432,-6.614430197561445],[-62.746978964816606,-6.614425665016207],[-62.746974348354229,-6.623494297954421],[-62.756048131936495,-6.623498836767424],[-62.756052582851432,-6.614430197561445]]]}},
{"type":"Feature","properties":{"DESCRIPTION":"MDT_1379209.tif","FILENAME":"U:\\P589_AmazoniaRevelada_BR-319\\LiDAR_dataset\\ENTREGAS\\ENTREGA_09\\2_MDT\\GEOTIFF\\MDT_1379209.tif","SHRT_FNAME":"MDT_1379209.tif","UPPER_LEFT_X":"525965.833","UPPER_LEFT_Y":"9268867.584","LOWER_RIGHT_X":"526968.333","LOWER_RIGHT_Y":"9267865.084"},"geometry":{"type":"Polygon","coordinates":[[[-62.765099067662128,-6.614434551785518],[-62.756029966647077,-6.614430186469723],[-62.756025515319507,-6.623498825660366],[-62.765094781800023,-6.623503197012674],[-62.765099067662128,-6.614434551785518]]]}},
{"type":"Feature","properties":{"DESCRIPTION":"MDT_1379208.tif","FILENAME":"U:\\P589_AmazoniaRevelada_BR-319\\LiDAR_dataset\\ENTREGAS\\ENTREGA_09\\2_MDT\\GEOTIFF\\MDT_1379208.tif","SHRT_FNAME":"MDT_1379208.tif","UPPER_LEFT_X":"524965.833","UPPER_LEFT_Y":"9268867.584","LOWER_RIGHT_X":"525968.333","LOWER_RIGHT_Y":"9267865.084"},"geometry":{"type":"Polygon","coordinates":[[[-62.77414555844495,-6.614438741491626],[-62.76507645144256,-6.614434541105092],[-62.76507216516783,-6.623503186317477],[-62.774141437636231,-6.623507392512457],[-62.77414555844495,-6.614438741491626]]]}},
{"type":"Feature","properties":{"DESCRIPTION":"MDT_1379207.tif","FILENAME":"U:\\P589_AmazoniaRevelada_BR-319\\LiDAR_dataset\\ENTREGAS\\ENTREGA_09\\2_MDT\\GEOTIFF\\MDT_1379207.tif","SHRT_FNAME":"MDT_1379207.tif","UPPER_LEFT_X":"523965.833","UPPER_LEFT_Y":"9268867.584","LOWER_RIGHT_X":"524968.333","LOWER_RIGHT_Y":"9267865.084"},"geometry":{"type":"Polygon","coordinates":[[[-62.783192054969923,-6.614442766679249],[-62.774122942210738,-6.614438731222496],[-62.774118820989379,-6.623507382229125],[-62.783188099215096,-6.623511423266253],[-62.783192054969923,-6.614442766679249]]]}},
{"type":"Feature","properties":{"DESCRIPTION":"MDT_1379206.tif","FILENAME":"U:\\P589_AmazoniaRevelada_BR-319\\LiDAR_dataset\\ENTREGAS\\ENTREGA_09\\2_MDT\\GEOTIFF\\MDT_1379206.tif","SHRT_FNAME":"MDT_1379206.tif","UPPER_LEFT_X":"522965.833","UPPER_LEFT_Y":"9268867.584","LOWER_RIGHT_X":"523968.333","LOWER_RIGHT_Y":"9267865.084"},"geometry":{"type":"Polygon","coordinates":[[[-62.792238557007039,-6.614446627347889],[-62.783169438721643,-6.614442756821416],[-62.783165482554182,-6.623511413394787],[-62.792234766306606,-6.623515289273564],[-62.792238557007039,-6.614446627347889]]]}},
{"type":"Feature","properties":{"DESCRIPTION":"MDT_1379205.tif","FILENAME":"U:\\P589_AmazoniaRevelada_BR-319\\LiDAR_dataset\\ENTREGAS\\ENTREGA_09\\2_MDT\\GEOTIFF\\MDT_1379205.tif","SHRT_FNAME":"MDT_1379205.tif","UPPER_LEFT_X":"521965.833","UPPER_LEFT_Y":"9268867.584","LOWER_RIGHT_X":"522968.333","LOWER_RIGHT_Y":"9267865.084"},"geometry":{"type":"Polygon","coordinates":[[[-62.801285064326315,-6.614450323497064],[-62.792215940745272,-6.614446617901351],[-62.792212149632192,-6.623515279813963],[-62.801281438680739,-6.623518990533905],[-62.801285064326315,-6.614450323497064]]]}},
{"type":"Feature","properties":{"DESCRIPTION":"MDT_1379204.tif","FILENAME":"U:\\P589_AmazoniaRevelada_BR-319\\LiDAR_dataset\\ENTREGAS\\ENTREGA_09\\2_MDT\\GEOTIFF\\MDT_1379204.tif","SHRT_FNAME":"MDT_1379204.tif","UPPER_LEFT_X":"520965.333","UPPER_LEFT_Y":"9268867.584","LOWER_RIGHT_X":"521968.333","LOWER_RIGHT_Y":"9267865.084"},"geometry":{"type":"Polygon","coordinates":[[[-62.810336099955158,-6.614453856850981],[-62.801262448051624,-6.614450314461827],[-62.801258821993414,-6.623518981486174],[-62.810332639447431,-6.62352252877387],[-62.810336099955158,-6.614453856850981]]]}},
{"type":"Feature","properties":{"DESCRIPTION":"MDT_1379203.tif","FILENAME":"U:\\P589_AmazoniaRevelada_BR-319\\LiDAR_dataset\\ENTREGAS\\ENTREGA_09\\2_MDT\\GEOTIFF\\MDT_1379203.tif","SHRT_FNAME":"MDT_1379203.tif","UPPER_LEFT_X":"519965.333","UPPER_LEFT_Y":"9268867.584","LOWER_RIGHT_X":"520967.833","LOWER_RIGHT_Y":"9267865.084"},"geometry":{"type":"Polygon","coordinates":[[[-62.819382617151099,-6.614457223877612],[-62.810313483668111,-6.614453848227249],[-62.81031002274775,-6.623522520138214],[-62.819379321699138,-6.623525900456546],[-62.819382617151099,-6.614457223877612]]]}},
{"type":"Feature","properties":{"DESCRIPTION":"MDT_1379202.tif","FILENAME":"U:\\P589_AmazoniaRevelada_BR-319\\LiDAR_dataset\\ENTREGAS\\ENTREGA_09\\2_MDT\\GEOTIFF\\MDT_1379202.tif","SHRT_FNAME":"MDT_1379202.tif","UPPER_LEFT_X":"518965.333","UPPER_LEFT_Y":"9268867.584","LOWER_RIGHT_X":"519967.833","LOWER_RIGHT_Y":"9267865.084"},"geometry":{"type":"Polygon","coordinates":[[[-62.8284291389391,-6.614460426383464],[-62.819360000852299,-6.614457215665181],[-62.819356704987676,-6.62352589223276],[-62.828426008543296,-6.623529107390937],[-62.8284291389391,-6.614460426383464]]]}},
{"type":"Feature","properties":{"DESCRIPTION":"MDT_1379201.tif","FILENAME":"U:\\P589_AmazoniaRevelada_BR-319\\LiDAR_dataset\\ENTREGAS\\ENTREGA_09\\2_MDT\\GEOTIFF\\MDT_1379201.tif","SHRT_FNAME":"MDT_1379201.tif","UPPER_LEFT_X":"517965.333","UPPER_LEFT_Y":"9268867.584","LOWER_RIGHT_X":"518967.833","LOWER_RIGHT_Y":"9267865.084"},"geometry":{"type":"Polygon","coordinates":[[[-62.837475665089151,-6.614463464368139],[-62.828406522629095,-6.614460418582336],[-62.828403391820643,-6.623529099579023],[-62.837472699749895,-6.623532149576647],[-62.837475665089151,-6.614463464368139]]]}},
{"type":"Feature","properties":{"DESCRIPTION":"MDT_1379200.tif","FILENAME":"U:\\P589_AmazoniaRevelada_BR-319\\LiDAR_dataset\\ENTREGAS\\ENTREGA_09\\2_MDT\\GEOTIFF\\MDT_1379200.tif","SHRT_FNAME":"MDT_1379200.tif","UPPER_LEFT_X":"516965.333","UPPER_LEFT_Y":"9268867.584","LOWER_RIGHT_X":"517967.833","LOWER_RIGHT_Y":"9267865.084"},"geometry":{"type":"Polygon","coordinates":[[[-62.846522195371257,-6.61446633783126],[-62.837453048768531,-6.614463456978315],[-62.837450083016627,-6.623532142176604],[-62.846519395088919,-6.623535027013297],[-62.846522195371257,-6.61446633783126]]]}},
{"type":"Feature","properties":{"DESCRIPTION":"MDT_1379199.tif","FILENAME":"U:\\P589_AmazoniaRevelada_BR-319\\LiDAR_dataset\\ENTREGAS\\ENTREGA_09\\2_MDT\\GEOTIFF\\MDT_1379199.tif","SHRT_FNAME":"MDT_1379199.tif","UPPER_LEFT_X":"515964.833","UPPER_LEFT_Y":"9268867.584","LOWER_RIGHT_X":"516967.833","LOWER_RIGHT_Y":"9267865.084"},"geometry":{"type":"Polygon","coordinates":[[[-62.855573252823447,-6.614469048085792],[-62.846499579040582,-6.614466330852741],[-62.846496778345617,-6.623535020025128],[-62.855570617680918,-6.623537741015664],[-62.855573252823447,-6.614469048085792]]]}},
{"type":"Feature","properties":{"DESCRIPTION":"MDT_1379198.tif","FILENAME":"U:\\P589_AmazoniaRevelada_BR-319\\LiDAR_dataset\\ENTREGAS\\ENTREGA_09\\2_MDT\\GEOTIFF\\MDT_1379198.tif","SHRT_FNAME":"MDT_1379198.tif","UPPER_LEFT_X":"514964.833","UPPER_LEFT_Y":"9268867.584","LOWER_RIGHT_X":"515967.333","LOWER_RIGHT_Y":"9267865.084"},"geometry":{"type":"Polygon","coordinates":[[[-62.864619790681445,-6.614471592422495],[-62.855550636483301,-6.614469041518783],[-62.855548000928138,-6.623537734439575],[-62.864617320596523,-6.623540288870768],[-62.864619790681445,-6.614471592422495]]]}},
{"type":"Feature","properties":{"DESCRIPTION":"MDT_1379197.tif","FILENAME":"U:\\P589_AmazoniaRevelada_BR-319\\LiDAR_dataset\\ENTREGAS\\ENTREGA_09\\2_MDT\\GEOTIFF\\MDT_1379197.tif","SHRT_FNAME":"MDT_1379197.tif","UPPER_LEFT_X":"513964.833","UPPER_LEFT_Y":"9268867.584","LOWER_RIGHT_X":"514967.333","LOWER_RIGHT_Y":"9267865.084"},"geometry":{"type":"Polygon","coordinates":[[[-62.873666331981376,-6.614473972236636],[-62.864597174332403,-6.614471586266792],[-62.864594703834847,-6.623540282706553],[-62.87366402695438,-6.623542671975801],[-62.873666331981376,-6.614473972236636]]]}},
{"type":"Feature","properties":{"DESCRIPTION":"MDT_1379196.tif","FILENAME":"U:\\P589_AmazoniaRevelada_BR-319\\LiDAR_dataset\\ENTREGAS\\ENTREGA_09\\2_MDT\\GEOTIFF\\MDT_1379196.tif","SHRT_FNAME":"MDT_1379196.tif","UPPER_LEFT_X":"512964.833","UPPER_LEFT_Y":"9268867.584","LOWER_RIGHT_X":"513967.333","LOWER_RIGHT_Y":"9267865.084"},"geometry":{"type":"Polygon","coordinates":[[[-62.882712876493258,-6.614476187527918],[-62.873643715624027,-6.614473966492239],[-62.873641410184369,-6.623542666223462],[-62.882710736524452,-6.623544890330468],[-62.882712876493258,-6.614476187527918]]]}},
{"type":"Feature","properties":{"DESCRIPTION":"MDT_1379195.tif","FILENAME":"U:\\P589_AmazoniaRevelada_BR-319\\LiDAR_dataset\\ENTREGAS\\ENTREGA_09\\2_MDT\\GEOTIFF\\MDT_1379195.tif","SHRT_FNAME":"MDT_1379195.tif","UPPER_LEFT_X":"511964.902","UPPER_LEFT_Y":"9268867.334","LOWER_RIGHT_X":"512966.902","LOWER_RIGHT_Y":"9267865.334"},"geometry":{"type":"Polygon","coordinates":[[[-62.891758793696887,-6.61448050272487],[-62.88269415306992,-6.614478447678146],[-62.882692013826997,-6.6235426274308],[-62.891756819760062,-6.623544685317899],[-62.891758793696887,-6.61448050272487]]]}},
{"type":"Feature","properties":{"DESCRIPTION":"MDT_1379194.tif","FILENAME":"U:\\P589_AmazoniaRevelada_BR-319\\LiDAR_dataset\\ENTREGAS\\ENTREGA_09\\2_MDT\\GEOTIFF\\MDT_1379194.tif","SHRT_FNAME":"MDT_1379194.tif","UPPER_LEFT_X":"510964.807","UPPER_LEFT_Y":"9268867.334","LOWER_RIGHT_X":"511966.807","LOWER_RIGHT_Y":"9267865.334"},"geometry":{"type":"Polygon","coordinates":[[[-62.900806205218636,-6.614482389153477],[-62.891741561833733,-6.614480498974938],[-62.891739587582656,-6.623544681562784],[-62.900804396273926,-6.623546574353827],[-62.900806205218636,-6.614482389153477]]]}},
{"type":"Feature","properties":{"DESCRIPTION":"MDT_1379193.tif","FILENAME":"U:\\P589_AmazoniaRevelada_BR-319\\LiDAR_dataset\\ENTREGAS\\ENTREGA_09\\2_MDT\\GEOTIFF\\MDT_1379193.tif","SHRT_FNAME":"MDT_1379193.tif","UPPER_LEFT_X":"509964.712","UPPER_LEFT_Y":"9268867.334","LOWER_RIGHT_X":"510966.712","LOWER_RIGHT_Y":"9267865.334"},"geometry":{"type":"Polygon","coordinates":[[[-62.909853619262812,-6.61448411102708],[-62.900788973350458,-6.614482385716959],[-62.900787164091497,-6.623546570912558],[-62.909851975310431,-6.623548298607308],[-62.909853619262812,-6.61448411102708]]]}},
{"type":"Feature","properties":{"DESCRIPTION":"MDT_1378253.tif","FILENAME":"U:\\P589_AmazoniaRevelada_BR-319\\LiDAR_dataset\\ENTREGAS\\ENTREGA_09\\2_MDT\\GEOTIFF\\MDT_1378253.tif","SHRT_FNAME":"MDT_1378253.tif","UPPER_LEFT_X":"569970.333","UPPER_LEFT_Y":"9269867.584","LOWER_RIGHT_X":"570972.833","LOWER_RIGHT_Y":"9268865.084"},"geometry":{"type":"Polygon","coordinates":[[[-62.367033445282956,-6.605041736395887],[-62.357965000808889,-6.605030130308404],[-62.357953303621279,-6.614098282570088],[-62.367021913285583,-6.614109904728471],[-62.367033445282956,-6.605041736395887]]]}},
{"type":"Feature","properties":{"DESCRIPTION":"MDT_1378252.tif","FILENAME":"U:\\P589_AmazoniaRevelada_BR-319\\LiDAR_dataset\\ENTREGAS\\ENTREGA_09\\2_MDT\\GEOTIFF\\MDT_1378252.tif","SHRT_FNAME":"MDT_1378252.tif","UPPER_LEFT_X":"568969.833","UPPER_LEFT_Y":"9269867.584","LOWER_RIGHT_X":"569972.833","LOWER_RIGHT_Y":"9268865.084"},"geometry":{"type":"Polygon","coordinates":[[[-62.376083814219832,-6.605053154752468],[-62.367010830687995,-6.605041707658336],[-62.366999298278685,-6.614109875951127],[-62.376072447084582,-6.614121338895999],[-62.376083814219832,-6.605053154752468]]]}},
{"type":"Feature","properties":{"DESCRIPTION":"MDT_1378251.tif","FILENAME":"U:\\P589_AmazoniaRevelada_BR-319\\LiDAR_dataset\\ENTREGAS\\ENTREGA_09\\2_MDT\\GEOTIFF\\MDT_1378251.tif","SHRT_FNAME":"MDT_1378251.tif","UPPER_LEFT_X":"567969.833","UPPER_LEFT_Y":"9269867.584","LOWER_RIGHT_X":"568972.333","LOWER_RIGHT_Y":"9268865.084"},"geometry":{"type":"Polygon","coordinates":[[[-62.385129676097939,-6.605064403112245],[-62.376061199584917,-6.605053126425743],[-62.376049832037708,-6.61412131053005],[-62.385118473743844,-6.614132602831331],[-62.385129676097939,-6.605064403112245]]]}},
{"type":"Feature","properties":{"DESCRIPTION":"MDT_1378250.tif","FILENAME":"U:\\P589_AmazoniaRevelada_BR-319\\LiDAR_dataset\\ENTREGAS\\ENTREGA_09\\2_MDT\\GEOTIFF\\MDT_1378250.tif","SHRT_FNAME":"MDT_1378250.tif","UPPER_LEFT_X":"566969.833","UPPER_LEFT_Y":"9269867.584","LOWER_RIGHT_X":"567972.333","LOWER_RIGHT_Y":"9268865.084"},"geometry":{"type":"Polygon","coordinates":[[[-62.394175553606374,-6.60507548722121],[-62.38510706142366,-6.605064375196145],[-62.385095858657614,-6.614132574876577],[-62.394164516034834,-6.614143702288416],[-62.394175553606374,-6.60507548722121]]]}},
{"type":"Feature","properties":{"DESCRIPTION":"MDT_1378249.tif","FILENAME":"U:\\P589_AmazoniaRevelada_BR-319\\LiDAR_dataset\\ENTREGAS\\ENTREGA_09\\2_MDT\\GEOTIFF\\MDT_1378249.tif","SHRT_FNAME":"MDT_1378249.tif","UPPER_LEFT_X":"565969.833","UPPER_LEFT_Y":"9269867.584","LOWER_RIGHT_X":"566972.333","LOWER_RIGHT_Y":"9268865.084"},"geometry":{"type":"Polygon","coordinates":[[[-62.403221446515211,-6.60508640707799],[-62.394152938893306,-6.605075459715739],[-62.394141900909808,-6.614143674744859],[-62.40321057372762,-6.614154637265875],[-62.403221446515211,-6.60508640707799]]]}},
{"type":"Feature","properties":{"DESCRIPTION":"MDT_1378248.tif","FILENAME":"U:\\P589_AmazoniaRevelada_BR-319\\LiDAR_dataset\\ENTREGAS\\ENTREGA_09\\2_MDT\\GEOTIFF\\MDT_1378248.tif","SHRT_FNAME":"MDT_1378248.tif","UPPER_LEFT_X":"564969.833","UPPER_LEFT_Y":"9269867.584","LOWER_RIGHT_X":"565972.333","LOWER_RIGHT_Y":"9268865.084"},"geometry":{"type":"Polygon","coordinates":[[[-62.412267354594547,-6.605097162681227],[-62.403198831763923,-6.605086379983151],[-62.403187958564367,-6.614154610133518],[-62.412256646592247,-6.614165407762351],[-62.412267354594547,-6.605097162681227]]]}},
{"type":"Feature","properties":{"DESCRIPTION":"MDT_1378247.tif","FILENAME":"U:\\P589_AmazoniaRevelada_BR-319\\LiDAR_dataset\\ENTREGAS\\ENTREGA_09\\2_MDT\\GEOTIFF\\MDT_1378247.tif","SHRT_FNAME":"MDT_1378247.tif","UPPER_LEFT_X":"563969.833","UPPER_LEFT_Y":"9269867.584","LOWER_RIGHT_X":"564972.333","LOWER_RIGHT_Y":"9268865.084"},"geometry":{"type":"Polygon","coordinates":[[[-62.421313277614459,-6.605107754029587],[-62.412244739805622,-6.605097135997023],[-62.412234031391364,-6.614165381041199],[-62.421302734398793,-6.614176013776508],[-62.421313277614459,-6.605107754029587]]]}},
{"type":"Feature","properties":{"DESCRIPTION":"MDT_1378246.tif","FILENAME":"U:\\P589_AmazoniaRevelada_BR-319\\LiDAR_dataset\\ENTREGAS\\ENTREGA_09\\2_MDT\\GEOTIFF\\MDT_1378246.tif","SHRT_FNAME":"MDT_1378246.tif","UPPER_LEFT_X":"562969.333","UPPER_LEFT_Y":"9269867.584","LOWER_RIGHT_X":"563972.333","LOWER_RIGHT_Y":"9268865.084"},"geometry":{"type":"Polygon","coordinates":[[[-62.430363738317524,-6.605118186294215],[-62.421290662788472,-6.605107727756022],[-62.421280119160841,-6.614175987466561],[-62.430353359972209,-6.614186460486652],[-62.430363738317524,-6.605118186294215]]]}},
{"type":"Feature","properties":{"DESCRIPTION":"MDT_1378245.tif","FILENAME":"U:\\P589_AmazoniaRevelada_BR-319\\LiDAR_dataset\\ENTREGAS\\ENTREGA_09\\2_MDT\\GEOTIFF\\MDT_1378245.tif","SHRT_FNAME":"MDT_1378245.tif","UPPER_LEFT_X":"561969.333","UPPER_LEFT_Y":"9269867.584","LOWER_RIGHT_X":"562971.833","LOWER_RIGHT_Y":"9268865.084"},"geometry":{"type":"Polygon","coordinates":[[[-62.439409690535989,-6.605128449046768],[-62.430341123455023,-6.605118160431498],[-62.430330744697748,-6.614186434588124],[-62.439399476979936,-6.614196737449998],[-62.439409690535989,-6.605128449046768]]]}},
{"type":"Feature","properties":{"DESCRIPTION":"MDT_1378244.tif","FILENAME":"U:\\P589_AmazoniaRevelada_BR-319\\LiDAR_dataset\\ENTREGAS\\ENTREGA_09\\2_MDT\\GEOTIFF\\MDT_1378244.tif","SHRT_FNAME":"MDT_1378244.tif","UPPER_LEFT_X":"560969.333","UPPER_LEFT_Y":"9269867.584","LOWER_RIGHT_X":"561971.833","LOWER_RIGHT_Y":"9268865.084"},"geometry":{"type":"Polygon","coordinates":[[[-62.448455657005148,-6.605138547540562],[-62.43938707563759,-6.605128423594697],[-62.439376861669551,-6.614196711962683],[-62.448445608239638,-6.614206849927137],[-62.448455657005148,-6.605138547540562]]]}},
{"type":"Feature","properties":{"DESCRIPTION":"MDT_1378243.tif","FILENAME":"U:\\P589_AmazoniaRevelada_BR-319\\LiDAR_dataset\\ENTREGAS\\ENTREGA_09\\2_MDT\\GEOTIFF\\MDT_1378243.tif","SHRT_FNAME":"MDT_1378243.tif","UPPER_LEFT_X":"559969.333","UPPER_LEFT_Y":"9269867.584","LOWER_RIGHT_X":"560971.833","LOWER_RIGHT_Y":"9268865.084"},"geometry":{"type":"Polygon","coordinates":[[[-62.457501637495078,-6.605148481774343],[-62.448433042071407,-6.605138522499139],[-62.44842299289391,-6.614206824851038],[-62.457491753521353,-6.614216797916812],[-62.457501637495078,-6.605148481774343]]]}},
{"type":"Feature","properties":{"DESCRIPTION":"MDT_1378242.tif","FILENAME":"U:\\P589_AmazoniaRevelada_BR-319\\LiDAR_dataset\\ENTREGAS\\ENTREGA_09\\2_MDT\\GEOTIFF\\MDT_1378242.tif","SHRT_FNAME":"MDT_1378242.tif","UPPER_LEFT_X":"558969.333","UPPER_LEFT_Y":"9269867.584","LOWER_RIGHT_X":"559971.833","LOWER_RIGHT_Y":"9268865.084"},"geometry":{"type":"Polygon","coordinates":[[[-62.466547631775846,-6.605158251746875],[-62.457479022526563,-6.605148457143571],[-62.457469138140851,-6.614216773251933],[-62.466537912595136,-6.61422658141779],[-62.466547631775846,-6.605158251746875]]]}},
{"type":"Feature","properties":{"DESCRIPTION":"MDT_1378241.tif","FILENAME":"U:\\P589_AmazoniaRevelada_BR-319\\LiDAR_dataset\\ENTREGAS\\ENTREGA_09\\2_MDT\\GEOTIFF\\MDT_1378241.tif","SHRT_FNAME":"MDT_1378241.tif","UPPER_LEFT_X":"557968.833","UPPER_LEFT_Y":"9269867.584","LOWER_RIGHT_X":"558971.833","LOWER_RIGHT_Y":"9268865.084"},"geometry":{"type":"Polygon","coordinates":[[[-62.475598162624784,-6.60516786221872],[-62.466525016773133,-6.605158227526759],[-62.46651529718045,-6.614226557164134],[-62.475588608320713,-6.614236205197218],[-62.475598162624784,-6.60516786221872]]]}},
{"type":"Feature","properties":{"DESCRIPTION":"MDT_1378240.tif","FILENAME":"U:\\P589_AmazoniaRevelada_BR-319\\LiDAR_dataset\\ENTREGAS\\ENTREGA_09\\2_MDT\\GEOTIFF\\MDT_1378240.tif","SHRT_FNAME":"MDT_1378240.tif","UPPER_LEFT_X":"556968.833","UPPER_LEFT_Y":"9269867.584","LOWER_RIGHT_X":"557971.333","LOWER_RIGHT_Y":"9268865.084"},"geometry":{"type":"Polygon","coordinates":[[[-62.484644183804022,-6.605177303583012],[-62.475575547588441,-6.605167838409465],[-62.475565992872397,-6.614236181354994],[-62.484634794295403,-6.614245659634931],[-62.484644183804022,-6.605177303583012]]]}},
{"type":"Feature","properties":{"DESCRIPTION":"MDT_1378239.tif","FILENAME":"U:\\P589_AmazoniaRevelada_BR-319\\LiDAR_dataset\\ENTREGAS\\ENTREGA_09\\2_MDT\\GEOTIFF\\MDT_1378239.tif","SHRT_FNAME":"MDT_1378239.tif","UPPER_LEFT_X":"555968.833","UPPER_LEFT_Y":"9269867.584","LOWER_RIGHT_X":"556971.333","LOWER_RIGHT_Y":"9268865.084"},"geometry":{"type":"Polygon","coordinates":[[[-62.49369021808419,-6.60518658068248],[-62.484621568734646,-6.605177280184418],[-62.484612178814039,-6.614245636203939],[-62.493680993372188,-6.614254949580365],[-62.49369021808419,-6.60518658068248]]]}},
{"type":"Feature","properties":{"DESCRIPTION":"MDT_1378238.tif","FILENAME":"U:\\P589_AmazoniaRevelada_BR-319\\LiDAR_dataset\\ENTREGAS\\ENTREGA_09\\2_MDT\\GEOTIFF\\MDT_1378238.tif","SHRT_FNAME":"MDT_1378238.tif","UPPER_LEFT_X":"554968.833","UPPER_LEFT_Y":"9269867.584","LOWER_RIGHT_X":"555971.333","LOWER_RIGHT_Y":"9268865.084"},"geometry":{"type":"Polygon","coordinates":[[[-62.502736265235356,-6.605195693515975],[-62.493667602982342,-6.605186557694549],[-62.493658377858345,-6.614254926560604],[-62.502727205321115,-6.614264075032368],[-62.502736265235356,-6.605195693515975]]]}},
{"type":"Feature","properties":{"DESCRIPTION":"MDT_1378237.tif","FILENAME":"U:\\P589_AmazoniaRevelada_BR-319\\LiDAR_dataset\\ENTREGAS\\ENTREGA_09\\2_MDT\\GEOTIFF\\MDT_1378237.tif","SHRT_FNAME":"MDT_1378237.tif","UPPER_LEFT_X":"553968.833","UPPER_LEFT_Y":"9269867.584","LOWER_RIGHT_X":"554971.333","LOWER_RIGHT_Y":"9268865.084"},"geometry":{"type":"Polygon","coordinates":[[[-62.511782325027568,-6.605204642082361],[-62.502713650101619,-6.605195670938711],[-62.502704589775391,-6.614264052423842],[-62.511773429912239,-6.614273035989804],[-62.511782325027568,-6.605204642082361]]]}},
{"type":"Feature","properties":{"DESCRIPTION":"MDT_1378236.tif","FILENAME":"U:\\P589_AmazoniaRevelada_BR-319\\LiDAR_dataset\\ENTREGAS\\ENTREGA_09\\2_MDT\\GEOTIFF\\MDT_1378236.tif","SHRT_FNAME":"MDT_1378236.tif","UPPER_LEFT_X":"552968.333","UPPER_LEFT_Y":"9269867.584","LOWER_RIGHT_X":"553971.333","LOWER_RIGHT_Y":"9268865.084"},"geometry":{"type":"Polygon","coordinates":[[[-62.520832920270045,-6.605213430731594],[-62.511759709862517,-6.605204619915765],[-62.51175081433518,-6.614273013792515],[-62.520824190037139,-6.614281836808647],[-62.520832920270045,-6.605213430731594]]]}},
{"type":"Feature","properties":{"DESCRIPTION":"MDT_1378235.tif","FILENAME":"U:\\P589_AmazoniaRevelada_BR-319\\LiDAR_dataset\\ENTREGAS\\ENTREGA_09\\2_MDT\\GEOTIFF\\MDT_1378235.tif","SHRT_FNAME":"MDT_1378235.tif","UPPER_LEFT_X":"551968.333","UPPER_LEFT_Y":"9269867.584","LOWER_RIGHT_X":"552970.833","LOWER_RIGHT_Y":"9268865.084"},"geometry":{"type":"Polygon","coordinates":[[[-62.529879004660593,-6.605222050678324],[-62.520810305074249,-6.605213408975877],[-62.520801574429335,-6.614281815022805],[-62.529870439228787,-6.614290468691388],[-62.529879004660593,-6.605222050678324]]]}},
{"type":"Feature","properties":{"DESCRIPTION":"MDT_1378234.tif","FILENAME":"U:\\P589_AmazoniaRevelada_BR-319\\LiDAR_dataset\\ENTREGAS\\ENTREGA_09\\2_MDT\\GEOTIFF\\MDT_1378234.tif","SHRT_FNAME":"MDT_1378234.tif","UPPER_LEFT_X":"550968.333","UPPER_LEFT_Y":"9269867.584","LOWER_RIGHT_X":"551970.833","LOWER_RIGHT_Y":"9268865.084"},"geometry":{"type":"Polygon","coordinates":[[[-62.538925101002228,-6.605230506354676],[-62.529856389434613,-6.605222029333281],[-62.529847823590799,-6.614290447316789],[-62.53891670037261,-6.614298936076286],[-62.538925101002228,-6.605230506354676]]]}},
{"type":"Feature","properties":{"DESCRIPTION":"MDT_1378233.tif","FILENAME":"U:\\P589_AmazoniaRevelada_BR-319\\LiDAR_dataset\\ENTREGAS\\ENTREGA_09\\2_MDT\\GEOTIFF\\MDT_1378233.tif","SHRT_FNAME":"MDT_1378233.tif","UPPER_LEFT_X":"549968.333","UPPER_LEFT_Y":"9269867.584","LOWER_RIGHT_X":"550970.833","LOWER_RIGHT_Y":"9268865.084"},"geometry":{"type":"Polygon","coordinates":[[[-62.547971209065054,-6.605238797759601],[-62.538902485746661,-6.60523048542031],[-62.538894084705035,-6.614298915112935],[-62.547962973238661,-6.614307238962292],[-62.547971209065054,-6.605238797759601]]]}},
{"type":"Feature","properties":{"DESCRIPTION":"MDT_1378232.tif","FILENAME":"U:\\P589_AmazoniaRevelada_BR-319\\LiDAR_dataset\\ENTREGAS\\ENTREGA_09\\2_MDT\\GEOTIFF\\MDT_1378232.tif","SHRT_FNAME":"MDT_1378232.tif","UPPER_LEFT_X":"548968.333","UPPER_LEFT_Y":"9269867.584","LOWER_RIGHT_X":"549970.833","LOWER_RIGHT_Y":"9268865.084"},"geometry":{"type":"Polygon","coordinates":[[[-62.557017328619111,-6.605246924892072],[-62.547948593780468,-6.605238777235916],[-62.547940357542068,-6.614307218410188],[-62.557009257596974,-6.614315377348376],[-62.557017328619111,-6.605246924892072]]]}},
{"type":"Feature","properties":{"DESCRIPTION":"MDT_1378231.tif","FILENAME":"U:\\P589_AmazoniaRevelada_BR-319\\LiDAR_dataset\\ENTREGAS\\ENTREGA_09\\2_MDT\\GEOTIFF\\MDT_1378231.tif","SHRT_FNAME":"MDT_1378231.tif","UPPER_LEFT_X":"547967.833","UPPER_LEFT_Y":"9269867.584","LOWER_RIGHT_X":"548970.833","LOWER_RIGHT_Y":"9268865.084"},"geometry":{"type":"Polygon","coordinates":[[[-62.566067982502624,-6.605254891691418],[-62.556994713306075,-6.605246904779069],[-62.556986641871944,-6.614315357207522],[-62.566060076368167,-6.614323355179323],[-62.566067982502624,-6.605254891691418]]]}},
{"type":"Feature","properties":{"DESCRIPTION":"MDT_1378230.tif","FILENAME":"U:\\P589_AmazoniaRevelada_BR-319\\LiDAR_dataset\\ENTREGAS\\ENTREGA_09\\2_MDT\\GEOTIFF\\MDT_1378230.tif","SHRT_FNAME":"MDT_1378230.tif","UPPER_LEFT_X":"546967.833","UPPER_LEFT_Y":"9269867.584","LOWER_RIGHT_X":"547970.333","LOWER_RIGHT_Y":"9268865.084"},"geometry":{"type":"Polygon","coordinates":[[[-62.575114124354748,-6.605262690193832],[-62.56604536716172,-6.605254871989306],[-62.566037460615249,-6.614323335449929],[-62.575106383026551,-6.6143311644803],[-62.575114124354748,-6.605262690193832]]]}},
{"type":"Feature","properties":{"DESCRIPTION":"MDT_1378229.tif","FILENAME":"U:\\P589_AmazoniaRevelada_BR-319\\LiDAR_dataset\\ENTREGAS\\ENTREGA_09\\2_MDT\\GEOTIFF\\MDT_1378229.tif","SHRT_FNAME":"MDT_1378229.tif","UPPER_LEFT_X":"545967.833","UPPER_LEFT_Y":"9269867.584","LOWER_RIGHT_X":"546970.333","LOWER_RIGHT_Y":"9268865.084"},"geometry":{"type":"Polygon","coordinates":[[[-62.584160277008145,-6.605270324420827],[-62.575091508986546,-6.605262670902407],[-62.575083767246348,-6.614331145162162],[-62.584152700487174,-6.614338809278382],[-62.584160277008145,-6.605270324420827]]]}},
{"type":"Feature","properties":{"DESCRIPTION":"MDT_1378228.tif","FILENAME":"U:\\P589_AmazoniaRevelada_BR-319\\LiDAR_dataset\\ENTREGAS\\ENTREGA_09\\2_MDT\\GEOTIFF\\MDT_1378228.tif","SHRT_FNAME":"MDT_1378228.tif","UPPER_LEFT_X":"544967.833","UPPER_LEFT_Y":"9269867.584","LOWER_RIGHT_X":"545970.333","LOWER_RIGHT_Y":"9268865.084"},"geometry":{"type":"Polygon","coordinates":[[[-62.593206440232855,-6.605277794371451],[-62.584137661613234,-6.60527030554009],[-62.584130084680254,-6.614338790371503],[-62.593199028520075,-6.614346289572625],[-62.593206440232855,-6.605277794371451]]]}},
{"type":"Feature","properties":{"DESCRIPTION":"MDT_1378227.tif","FILENAME":"U:\\P589_AmazoniaRevelada_BR-319\\LiDAR_dataset\\ENTREGAS\\ENTREGA_09\\2_MDT\\GEOTIFF\\MDT_1378227.tif","SHRT_FNAME":"MDT_1378227.tif","UPPER_LEFT_X":"543967.833","UPPER_LEFT_Y":"9269867.584","LOWER_RIGHT_X":"544970.333","LOWER_RIGHT_Y":"9268865.084"},"geometry":{"type":"Polygon","coordinates":[[[-62.602252613798939,-6.605285100044782],[-62.59318382481181,-6.605277775901409],[-62.593176412687008,-6.614346271077006],[-62.602245366895275,-6.614353605362098],[-62.602252613798939,-6.605285100044782]]]}},
{"type":"Feature","properties":{"DESCRIPTION":"MDT_1378226.tif","FILENAME":"U:\\P589_AmazoniaRevelada_BR-319\\LiDAR_dataset\\ENTREGAS\\ENTREGA_09\\2_MDT\\GEOTIFF\\MDT_1378226.tif","SHRT_FNAME":"MDT_1378226.tif","UPPER_LEFT_X":"542967.833","UPPER_LEFT_Y":"9269867.584","LOWER_RIGHT_X":"543970.333","LOWER_RIGHT_Y":"9268865.084"},"geometry":{"type":"Polygon","coordinates":[[[-62.611298797476444,-6.605292241439908],[-62.602229998352321,-6.605285081985431],[-62.602222751036621,-6.614353587277741],[-62.611291715382777,-6.614360756645892],[-62.611298797476444,-6.605292241439908]]]}},
{"type":"Feature","properties":{"DESCRIPTION":"MDT_1378225.tif","FILENAME":"U:\\P589_AmazoniaRevelada_BR-319\\LiDAR_dataset\\ENTREGAS\\ENTREGA_09\\2_MDT\\GEOTIFF\\MDT_1378225.tif","SHRT_FNAME":"MDT_1378225.tif","UPPER_LEFT_X":"541967.333","UPPER_LEFT_Y":"9269867.584","LOWER_RIGHT_X":"542970.333","LOWER_RIGHT_Y":"9268865.084"},"geometry":{"type":"Polygon","coordinates":[[[-62.62034951413461,-6.605299222003413],[-62.611276182004829,-6.605292223791254],[-62.61126909949914,-6.614360738972802],[-62.62034259693425,-6.614367746875363],[-62.62034951413461,-6.605299222003413]]]}},
{"type":"Feature","properties":{"DESCRIPTION":"MDT_1378224.tif","FILENAME":"U:\\P589_AmazoniaRevelada_BR-319\\LiDAR_dataset\\ENTREGAS\\ENTREGA_09\\2_MDT\\GEOTIFF\\MDT_1378224.tif","SHRT_FNAME":"MDT_1378224.tif","UPPER_LEFT_X":"540967.333","UPPER_LEFT_Y":"9269867.584","LOWER_RIGHT_X":"541969.833","LOWER_RIGHT_Y":"9268865.084"},"geometry":{"type":"Polygon","coordinates":[[[-62.629395717349844,-6.605306034757355],[-62.620326898638581,-6.605299204765664],[-62.620319981026185,-6.614367729613745],[-62.629388964961251,-6.614374569062907],[-62.629395717349844,-6.605306034757355]]]}},
{"type":"Feature","properties":{"DESCRIPTION":"MDT_1378223.tif","FILENAME":"U:\\P589_AmazoniaRevelada_BR-319\\LiDAR_dataset\\ENTREGAS\\ENTREGA_09\\2_MDT\\GEOTIFF\\MDT_1378223.tif","SHRT_FNAME":"MDT_1378223.tif","UPPER_LEFT_X":"539967.333","UPPER_LEFT_Y":"9269867.584","LOWER_RIGHT_X":"540969.833","LOWER_RIGHT_Y":"9268865.084"},"geometry":{"type":"Polygon","coordinates":[[[-62.638441929986506,-6.605312683230497],[-62.629373101829962,-6.605306017930308],[-62.629366349029333,-6.614374552212557],[-62.638435342410531,-6.614381226742168],[-62.638441929986506,-6.605312683230497]]]}},
{"type":"Feature","properties":{"DESCRIPTION":"MDT_1378222.tif","FILENAME":"U:\\P589_AmazoniaRevelada_BR-319\\LiDAR_dataset\\ENTREGAS\\ENTREGA_09\\2_MDT\\GEOTIFF\\MDT_1378222.tif","SHRT_FNAME":"MDT_1378222.tif","UPPER_LEFT_X":"538967.333","UPPER_LEFT_Y":"9269867.584","LOWER_RIGHT_X":"539969.833","LOWER_RIGHT_Y":"9268865.084"},"geometry":{"type":"Polygon","coordinates":[[[-62.647488151814642,-6.605319167422014],[-62.638419314443354,-6.605312666814154],[-62.638412726455343,-6.614381210303092],[-62.647481729052096,-6.614387719912325],[-62.647488151814642,-6.605319167422014]]]}},
{"type":"Feature","properties":{"DESCRIPTION":"MDT_1378221.tif","FILENAME":"U:\\P589_AmazoniaRevelada_BR-319\\LiDAR_dataset\\ENTREGAS\\ENTREGA_09\\2_MDT\\GEOTIFF\\MDT_1378221.tif","SHRT_FNAME":"MDT_1378221.tif","UPPER_LEFT_X":"537967.333","UPPER_LEFT_Y":"9269867.584","LOWER_RIGHT_X":"538969.833","LOWER_RIGHT_Y":"9268865.084"},"geometry":{"type":"Polygon","coordinates":[[[-62.656534382604299,-6.605325487331097],[-62.647465536248809,-6.605319151416373],[-62.647459113074227,-6.614387703884522],[-62.656528124655999,-6.614394048572568],[-62.656534382604299,-6.605325487331097]]]}},
{"type":"Feature","properties":{"DESCRIPTION":"MDT_1378220.tif","FILENAME":"U:\\P589_AmazoniaRevelada_BR-319\\LiDAR_dataset\\ENTREGAS\\ENTREGA_09\\2_MDT\\GEOTIFF\\MDT_1378220.tif","SHRT_FNAME":"MDT_1378220.tif","UPPER_LEFT_X":"536966.833","UPPER_LEFT_Y":"9269867.584","LOWER_RIGHT_X":"537969.833","LOWER_RIGHT_Y":"9268865.084"},"geometry":{"type":"Polygon","coordinates":[[[-62.665585145247412,-6.605331645993687],[-62.656511767016333,-6.605325471736164],[-62.656505508656004,-6.614394032956041],[-62.665579052196534,-6.614400215763042],[-62.665585145247412,-6.605331645993687]]]}},
{"type":"Feature","properties":{"DESCRIPTION":"MDT_1378219.tif","FILENAME":"U:\\P589_AmazoniaRevelada_BR-319\\LiDAR_dataset\\ENTREGAS\\ENTREGA_09\\2_MDT\\GEOTIFF\\MDT_1378219.tif","SHRT_FNAME":"MDT_1378219.tif","UPPER_LEFT_X":"535966.833","UPPER_LEFT_Y":"9269867.584","LOWER_RIGHT_X":"536969.333","LOWER_RIGHT_Y":"9268865.084"},"geometry":{"type":"Polygon","coordinates":[[[-62.674631393274403,-6.605337637253433],[-62.665562529637903,-6.605331630809669],[-62.665556436174988,-6.614400200557998],[-62.674625465039306,-6.614406215318869],[-62.674631393274403,-6.605337637253433]]]}},
{"type":"Feature","properties":{"DESCRIPTION":"MDT_1378218.tif","FILENAME":"U:\\P589_AmazoniaRevelada_BR-319\\LiDAR_dataset\\ENTREGAS\\ENTREGA_09\\2_MDT\\GEOTIFF\\MDT_1378218.tif","SHRT_FNAME":"MDT_1378218.tif","UPPER_LEFT_X":"534966.833","UPPER_LEFT_Y":"9269867.584","LOWER_RIGHT_X":"535969.333","LOWER_RIGHT_Y":"9268865.084"},"geometry":{"type":"Polygon","coordinates":[[[-62.683677649572921,-6.605343464228458],[-62.674608777643925,-6.605337622480127],[-62.674602848996798,-6.614406200525106],[-62.683671886154343,-6.614412050362489],[-62.683677649572921,-6.605343464228458]]]}},
{"type":"Feature","properties":{"DESCRIPTION":"MDT_1378217.tif","FILENAME":"U:\\P589_AmazoniaRevelada_BR-319\\LiDAR_dataset\\ENTREGAS\\ENTREGA_09\\2_MDT\\GEOTIFF\\MDT_1378217.tif","SHRT_FNAME":"MDT_1378217.tif","UPPER_LEFT_X":"533966.833","UPPER_LEFT_Y":"9269867.584","LOWER_RIGHT_X":"534969.333","LOWER_RIGHT_Y":"9268865.084"},"geometry":{"type":"Polygon","coordinates":[[[-62.692723913912971,-6.605349126918035],[-62.683655033922044,-6.605343449865864],[-62.683649270091436,-6.614412035980006],[-62.692718315311659,-6.614417720893176],[-62.692723913912971,-6.605349126918035]]]}},
{"type":"Feature","properties":{"DESCRIPTION":"MDT_1378216.tif","FILENAME":"U:\\P589_AmazoniaRevelada_BR-319\\LiDAR_dataset\\ENTREGAS\\ENTREGA_09\\2_MDT\\GEOTIFF\\MDT_1378216.tif","SHRT_FNAME":"MDT_1378216.tif","UPPER_LEFT_X":"532966.833","UPPER_LEFT_Y":"9269867.584","LOWER_RIGHT_X":"533969.333","LOWER_RIGHT_Y":"9268865.084"},"geometry":{"type":"Polygon","coordinates":[[[-62.701770186064621,-6.605354625321461],[-62.692701298242291,-6.605349112966155],[-62.692695699228921,-6.614417706921977],[-62.701764752281242,-6.614423226910228],[-62.701770186064621,-6.605354625321461]]]}},
{"type":"Feature","properties":{"DESCRIPTION":"MDT_1378215.tif","FILENAME":"U:\\P589_AmazoniaRevelada_BR-319\\LiDAR_dataset\\ENTREGAS\\ENTREGA_09\\2_MDT\\GEOTIFF\\MDT_1378215.tif","SHRT_FNAME":"MDT_1378215.tif","UPPER_LEFT_X":"531966.333","UPPER_LEFT_Y":"9269867.584","LOWER_RIGHT_X":"532969.333","LOWER_RIGHT_Y":"9268865.084"},"geometry":{"type":"Polygon","coordinates":[[[-62.710820988939602,-6.605359962064023],[-62.701747570374692,-6.605354611780299],[-62.701742136179263,-6.614423213350314],[-62.710815720057269,-6.614428571042562],[-62.710820988939602,-6.605359962064023]]]}},
{"type":"Feature","properties":{"DESCRIPTION":"MDT_1378214.tif","FILENAME":"U:\\P589_AmazoniaRevelada_BR-319\\LiDAR_dataset\\ENTREGAS\\ENTREGA_09\\2_MDT\\GEOTIFF\\MDT_1378214.tif","SHRT_FNAME":"MDT_1378214.tif","UPPER_LEFT_X":"530966.333","UPPER_LEFT_Y":"9269867.584","LOWER_RIGHT_X":"531968.833","LOWER_RIGHT_Y":"9268865.084"},"geometry":{"type":"Polygon","coordinates":[[[-62.71986727602814,-6.60536513181098],[-62.710798373231,-6.605359948933782],[-62.710793103936616,-6.614428557894139],[-62.71986217196509,-6.614433747948054],[-62.71986727602814,-6.60536513181098]]]}},
{"type":"Feature","properties":{"DESCRIPTION":"MDT_1378213.tif","FILENAME":"U:\\P589_AmazoniaRevelada_BR-319\\LiDAR_dataset\\ENTREGAS\\ENTREGA_09\\2_MDT\\GEOTIFF\\MDT_1378213.tif","SHRT_FNAME":"MDT_1378213.tif","UPPER_LEFT_X":"529966.333","UPPER_LEFT_Y":"9269867.584","LOWER_RIGHT_X":"530968.833","LOWER_RIGHT_Y":"9268865.084"},"geometry":{"type":"Polygon","coordinates":[[[-62.728913570238248,-6.605370137269801],[-62.719844660301447,-6.60536511909146],[-62.719839555826347,-6.614433735210921],[-62.728908630995129,-6.61443876033792],[-62.728913570238248,-6.605370137269801]]]}},
{"type":"Feature","properties":{"DESCRIPTION":"MDT_1378212.tif","FILENAME":"U:\\P589_AmazoniaRevelada_BR-319\\LiDAR_dataset\\ENTREGAS\\ENTREGA_09\\2_MDT\\GEOTIFF\\MDT_1378212.tif","SHRT_FNAME":"MDT_1378212.tif","UPPER_LEFT_X":"528966.333","UPPER_LEFT_Y":"9269867.584","LOWER_RIGHT_X":"529968.833","LOWER_RIGHT_Y":"9268865.084"},"geometry":{"type":"Polygon","coordinates":[[[-62.737959871339953,-6.605374978439865],[-62.728890954494034,-6.605370124961001],[-62.728886014838857,-6.614438748012076],[-62.737955096917375,-6.614443608211539],[-62.737959871339953,-6.605374978439865]]]}},
{"type":"Feature","properties":{"DESCRIPTION":"MDT_1378211.tif","FILENAME":"U:\\P589_AmazoniaRevelada_BR-319\\LiDAR_dataset\\ENTREGAS\\ENTREGA_09\\2_MDT\\GEOTIFF\\MDT_1378211.tif","SHRT_FNAME":"MDT_1378211.tif","UPPER_LEFT_X":"527966.333","UPPER_LEFT_Y":"9269867.584","LOWER_RIGHT_X":"528968.833","LOWER_RIGHT_Y":"9268865.084"},"geometry":{"type":"Polygon","coordinates":[[[-62.747006179103288,-6.605379655320569],[-62.737937255578792,-6.605374966541787],[-62.737932480744171,-6.614443596296987],[-62.747001569501855,-6.614448291568308],[-62.747006179103288,-6.605379655320569]]]}},
{"type":"Feature","properties":{"DESCRIPTION":"MDT_1378210.tif","FILENAME":"U:\\P589_AmazoniaRevelada_BR-319\\LiDAR_dataset\\ENTREGAS\\ENTREGA_09\\2_MDT\\GEOTIFF\\MDT_1378210.tif","SHRT_FNAME":"MDT_1378210.tif","UPPER_LEFT_X":"526965.833","UPPER_LEFT_Y":"9269867.584","LOWER_RIGHT_X":"527968.833","LOWER_RIGHT_Y":"9268865.084"},"geometry":{"type":"Polygon","coordinates":[[[-62.75605701645695,-6.605384170126537],[-62.74698356332577,-6.605379643833216],[-62.746978953312272,-6.61444828006505],[-62.756052571759653,-6.614452812625919],[-62.75605701645695,-6.605384170126537]]]}},
{"type":"Feature","properties":{"DESCRIPTION":"MDT_1378209.tif","FILENAME":"U:\\P589_AmazoniaRevelada_BR-319\\LiDAR_dataset\\ENTREGAS\\ENTREGA_09\\2_MDT\\GEOTIFF\\MDT_1378209.tif","SHRT_FNAME":"MDT_1378209.tif","UPPER_LEFT_X":"525965.833","UPPER_LEFT_Y":"9269867.584","LOWER_RIGHT_X":"526968.333","LOWER_RIGHT_Y":"9268865.084"},"geometry":{"type":"Polygon","coordinates":[[[-62.765103336856683,-6.605388518344659],[-62.75603440066363,-6.605384159050116],[-62.756029955554268,-6.614452801534157],[-62.765099056981661,-6.614457166865006],[-62.765103336856683,-6.605388518344659]]]}},
{"type":"Feature","properties":{"DESCRIPTION":"MDT_1378208.tif","FILENAME":"U:\\P589_AmazoniaRevelada_BR-319\\LiDAR_dataset\\ENTREGAS\\ENTREGA_09\\2_MDT\\GEOTIFF\\MDT_1378208.tif","SHRT_FNAME":"MDT_1378208.tif","UPPER_LEFT_X":"524965.833","UPPER_LEFT_Y":"9269867.584","LOWER_RIGHT_X":"525968.333","LOWER_RIGHT_Y":"9268865.084"},"geometry":{"type":"Polygon","coordinates":[[[-62.774149663228023,-6.605392702271743],[-62.765080721048143,-6.605388507678965],[-62.765076440761064,-6.614457156184542],[-62.774145548175802,-6.614461356585561],[-62.774149663228023,-6.605392702271743]]]}},
{"type":"Feature","properties":{"DESCRIPTION":"MDT_1378207.tif","FILENAME":"U:\\P589_AmazoniaRevelada_BR-319\\LiDAR_dataset\\ENTREGAS\\ENTREGA_09\\2_MDT\\GEOTIFF\\MDT_1378207.tif","SHRT_FNAME":"MDT_1378207.tif","UPPER_LEFT_X":"523965.833","UPPER_LEFT_Y":"9269867.584","LOWER_RIGHT_X":"524968.333","LOWER_RIGHT_Y":"9268865.084"},"geometry":{"type":"Polygon","coordinates":[[[-62.783195995340989,-6.605396721907267],[-62.774127047404839,-6.605392692016777],[-62.77412293194056,-6.614461346316395],[-62.783192045112088,-6.614465381787066],[-62.783195995340989,-6.605396721907267]]]}},
{"type":"Feature","properties":{"DESCRIPTION":"MDT_1378206.tif","FILENAME":"U:\\P589_AmazoniaRevelada_BR-319\\LiDAR_dataset\\ENTREGAS\\ENTREGA_09\\2_MDT\\GEOTIFF\\MDT_1378206.tif","SHRT_FNAME":"MDT_1378206.tif","UPPER_LEFT_X":"522965.833","UPPER_LEFT_Y":"9269867.584","LOWER_RIGHT_X":"523968.333","LOWER_RIGHT_Y":"9268865.084"},"geometry":{"type":"Polygon","coordinates":[[[-62.7922423329656,-6.605400577250735],[-62.783173379503737,-6.605396712063031],[-62.783169428862777,-6.614465371929199],[-62.792238547560522,-6.614469242469018],[-62.7922423329656,-6.605400577250735]]]}},
{"type":"Feature","properties":{"DESCRIPTION":"MDT_1378205.tif","FILENAME":"U:\\P589_AmazoniaRevelada_BR-319\\LiDAR_dataset\\ENTREGAS\\ENTREGA_09\\2_MDT\\GEOTIFF\\MDT_1378205.tif","SHRT_FNAME":"MDT_1378205.tif","UPPER_LEFT_X":"521965.833","UPPER_LEFT_Y":"9269867.584","LOWER_RIGHT_X":"522968.333","LOWER_RIGHT_Y":"9268865.084"},"geometry":{"type":"Polygon","coordinates":[[[-62.801288675871909,-6.605404268301666],[-62.792219717114861,-6.605400567817229],[-62.792215931297726,-6.614469233022448],[-62.801285055291125,-6.614472938630939],[-62.801288675871909,-6.605404268301666]]]}},
{"type":"Feature","properties":{"DESCRIPTION":"MDT_1378204.tif","FILENAME":"U:\\P589_AmazoniaRevelada_BR-319\\LiDAR_dataset\\ENTREGAS\\ENTREGA_09\\2_MDT\\GEOTIFF\\MDT_1378204.tif","SHRT_FNAME":"MDT_1378204.tif","UPPER_LEFT_X":"520965.759","UPPER_LEFT_Y":"9269867.209","LOWER_RIGHT_X":"521967.759","LOWER_RIGHT_Y":"9268865.209"},"geometry":{"type":"Polygon","coordinates":[[[-62.810335688161835,-6.605411189107598],[-62.801271247450778,-6.605407655141804],[-62.80126762835777,-6.614471802433446],[-62.810332234140887,-6.61447534129027],[-62.810335688161835,-6.605411189107598]]]}},
{"type":"Feature","properties":{"DESCRIPTION":"MDT_1378203.tif","FILENAME":"U:\\P589_AmazoniaRevelada_BR-319\\LiDAR_dataset\\ENTREGAS\\ENTREGA_09\\2_MDT\\GEOTIFF\\MDT_1378203.tif","SHRT_FNAME":"MDT_1378203.tif","UPPER_LEFT_X":"519965.333","UPPER_LEFT_Y":"9269867.584","LOWER_RIGHT_X":"520967.833","LOWER_RIGHT_Y":"9268865.084"},"geometry":{"type":"Polygon","coordinates":[[[-62.819385899787214,-6.605411159164249],[-62.810316931129101,-6.605407788170054],[-62.810313475043415,-6.614476463373279],[-62.819382608938753,-6.614479839035282],[-62.819385899787214,-6.605411159164249]]]}},
{"type":"Feature","properties":{"DESCRIPTION":"MDT_1378202.tif","FILENAME":"U:\\P589_AmazoniaRevelada_BR-319\\LiDAR_dataset\\ENTREGAS\\ENTREGA_09\\2_MDT\\GEOTIFF\\MDT_1378202.tif","SHRT_FNAME":"MDT_1378202.tif","UPPER_LEFT_X":"518965.333","UPPER_LEFT_Y":"9269867.584","LOWER_RIGHT_X":"519967.833","LOWER_RIGHT_Y":"9268865.084"},"geometry":{"type":"Polygon","coordinates":[[[-62.828432257160934,-6.605414357252759],[-62.819363283899428,-6.605411150963147],[-62.819359992638923,-6.614479830822824],[-62.82842913113808,-6.614483041552178],[-62.828432257160934,-6.605414357252759]]]}},
{"type":"Feature","properties":{"DESCRIPTION":"MDT_1378201.tif","FILENAME":"U:\\P589_AmazoniaRevelada_BR-319\\LiDAR_dataset\\ENTREGAS\\ENTREGA_09\\2_MDT\\GEOTIFF\\MDT_1378201.tif","SHRT_FNAME":"MDT_1378201.tif","UPPER_LEFT_X":"517965.333","UPPER_LEFT_Y":"9269867.584","LOWER_RIGHT_X":"518967.833","LOWER_RIGHT_Y":"9268865.084"},"geometry":{"type":"Polygon","coordinates":[[[-62.83747861889632,-6.605417391047022],[-62.828409641261963,-6.605414349462392],[-62.828406514827051,-6.614483033751023],[-62.837475657699457,-6.614486079547329],[-62.83747861889632,-6.605417391047022]]]}},
{"type":"Feature","properties":{"DESCRIPTION":"MDT_1378200.tif","FILENAME":"U:\\P589_AmazoniaRevelada_BR-319\\LiDAR_dataset\\ENTREGAS\\ENTREGA_09\\2_MDT\\GEOTIFF\\MDT_1378200.tif","SHRT_FNAME":"MDT_1378200.tif","UPPER_LEFT_X":"516965.333","UPPER_LEFT_Y":"9269867.584","LOWER_RIGHT_X":"517967.833","LOWER_RIGHT_Y":"9268865.084"},"geometry":{"type":"Polygon","coordinates":[[[-62.846524984763406,-6.605420260546666],[-62.837456002986748,-6.605417383667391],[-62.837453041377813,-6.61448607215748],[-62.846522188392889,-6.614488953020359],[-62.846524984763406,-6.605420260546666]]]}},
{"type":"Feature","properties":{"DESCRIPTION":"MDT_1378199.tif","FILENAME":"U:\\P589_AmazoniaRevelada_BR-319\\LiDAR_dataset\\ENTREGAS\\ENTREGA_09\\2_MDT\\GEOTIFF\\MDT_1378199.tif","SHRT_FNAME":"MDT_1378199.tif","UPPER_LEFT_X":"515964.833","UPPER_LEFT_Y":"9269867.584","LOWER_RIGHT_X":"516967.833","LOWER_RIGHT_Y":"9268865.084"},"geometry":{"type":"Polygon","coordinates":[[[-62.85557587771801,-6.605422967062835],[-62.84650236884378,-6.60542025357777],[-62.846499572061191,-6.614488946041816],[-62.855573246256604,-6.614491663284237],[-62.85557587771801,-6.605422967062835]]]}},
{"type":"Feature","properties":{"DESCRIPTION":"MDT_1378198.tif","FILENAME":"U:\\P589_AmazoniaRevelada_BR-319\\LiDAR_dataset\\ENTREGAS\\ENTREGA_09\\2_MDT\\GEOTIFF\\MDT_1378198.tif","SHRT_FNAME":"MDT_1378198.tif","UPPER_LEFT_X":"514964.833","UPPER_LEFT_Y":"9269867.584","LOWER_RIGHT_X":"515967.333","LOWER_RIGHT_Y":"9268865.084"},"geometry":{"type":"Polygon","coordinates":[[[-62.864622251160299,-6.605425507890034],[-62.855553261788906,-6.605422960504884],[-62.855550629915442,-6.614491656717205],[-62.864619784525928,-6.614494207629715],[-62.864622251160299,-6.605425507890034]]]}},
{"type":"Feature","properties":{"DESCRIPTION":"MDT_1378197.tif","FILENAME":"U:\\P589_AmazoniaRevelada_BR-319\\LiDAR_dataset\\ENTREGAS\\ENTREGA_09\\2_MDT\\GEOTIFF\\MDT_1378197.tif","SHRT_FNAME":"MDT_1378197.tif","UPPER_LEFT_X":"513964.833","UPPER_LEFT_Y":"9269867.584","LOWER_RIGHT_X":"514967.333","LOWER_RIGHT_Y":"9268865.084"},"geometry":{"type":"Polygon","coordinates":[[[-62.873668628044214,-6.605427884421604],[-62.864599635222305,-6.605425501742822],[-62.86459716817587,-6.614494201473991],[-62.873666326237192,-6.614496587452062],[-62.873668628044214,-6.605427884421604]]]}},
{"type":"Feature","properties":{"DESCRIPTION":"MDT_1378196.tif","FILENAME":"U:\\P589_AmazoniaRevelada_BR-319\\LiDAR_dataset\\ENTREGAS\\ENTREGA_09\\2_MDT\\GEOTIFF\\MDT_1378196.tif","SHRT_FNAME":"MDT_1378196.tif","UPPER_LEFT_X":"512964.833","UPPER_LEFT_Y":"9269867.584","LOWER_RIGHT_X":"513967.333","LOWER_RIGHT_Y":"9268865.084"},"geometry":{"type":"Polygon","coordinates":[[[-62.882715008139805,-6.605430096657248],[-62.873646012097915,-6.605427878685132],[-62.873643709878813,-6.614496581707646],[-62.882712871160393,-6.614498802750984],[-62.882715008139805,-6.605430096657248]]]}},
{"type":"Feature","properties":{"DESCRIPTION":"MDT_1378195.tif","FILENAME":"U:\\P589_AmazoniaRevelada_BR-319\\LiDAR_dataset\\ENTREGAS\\ENTREGA_09\\2_MDT\\GEOTIFF\\MDT_1378195.tif","SHRT_FNAME":"MDT_1378195.tif","UPPER_LEFT_X":"511964.833","UPPER_LEFT_Y":"9269867.584","LOWER_RIGHT_X":"512967.333","LOWER_RIGHT_Y":"9268865.084"},"geometry":{"type":"Polygon","coordinates":[[[-62.891761391217052,-6.605432144596693],[-62.882692392185753,-6.605430091331517],[-62.882690254794284,-6.614498797417877],[-62.891759419065551,-6.614500853526206],[-62.891761391217052,-6.605432144596693]]]}},
{"type":"Feature","properties":{"DESCRIPTION":"MDT_1378194.tif","FILENAME":"U:\\P589_AmazoniaRevelada_BR-319\\LiDAR_dataset\\ENTREGAS\\ENTREGA_09\\2_MDT\\GEOTIFF\\MDT_1378194.tif","SHRT_FNAME":"MDT_1378194.tif","UPPER_LEFT_X":"510964.807","UPPER_LEFT_Y":"9269867.209","LOWER_RIGHT_X":"511966.807","LOWER_RIGHT_Y":"9268865.209"},"geometry":{"type":"Polygon","coordinates":[[[-62.900808007803349,-6.605437422093907],[-62.891743529143582,-6.605435534522239],[-62.891741557650072,-6.614499720399119],[-62.900806201385294,-6.614501610583198],[-62.900808007803349,-6.605437422093907]]]}},
{"type":"Feature","properties":{"DESCRIPTION":"MDT_1378193.tif","FILENAME":"U:\\P589_AmazoniaRevelada_BR-319\\LiDAR_dataset\\ENTREGAS\\ENTREGA_09\\2_MDT\\GEOTIFF\\MDT_1378193.tif","SHRT_FNAME":"MDT_1378193.tif","UPPER_LEFT_X":"509964.712","UPPER_LEFT_Y":"9269867.209","LOWER_RIGHT_X":"510966.712","LOWER_RIGHT_Y":"9268865.209"},"geometry":{"type":"Polygon","coordinates":[[[-62.909855257435282,-6.605439141592758],[-62.900790776248314,-6.605437418662128],[-62.900788969516441,-6.61450160714667],[-62.909853615779099,-6.614503332461848],[-62.909855257435282,-6.605439141592758]]]}},
{"type":"Feature","properties":{"DESCRIPTION":"MDT_1377254.tif","FILENAME":"U:\\P589_AmazoniaRevelada_BR-319\\LiDAR_dataset\\ENTREGAS\\ENTREGA_09\\2_MDT\\GEOTIFF\\MDT_1377254.tif","SHRT_FNAME":"MDT_1377254.tif","UPPER_LEFT_X":"570970.333","UPPER_LEFT_Y":"9270867.084","LOWER_RIGHT_X":"571972.833","LOWER_RIGHT_Y":"9269865.084"},"geometry":{"type":"Polygon","coordinates":[[[-62.357999260807851,-6.59598914047047],[-62.348930997158888,-6.595977385975367],[-62.348919157690261,-6.605041002521532],[-62.357987586214719,-6.605052773306837],[-62.357999260807851,-6.59598914047047]]]}},
{"type":"Feature","properties":{"DESCRIPTION":"MDT_1377253.tif","FILENAME":"U:\\P589_AmazoniaRevelada_BR-319\\LiDAR_dataset\\ENTREGAS\\ENTREGA_09\\2_MDT\\GEOTIFF\\MDT_1377253.tif","SHRT_FNAME":"MDT_1377253.tif","UPPER_LEFT_X":"569970.333","UPPER_LEFT_Y":"9270867.084","LOWER_RIGHT_X":"570972.833","LOWER_RIGHT_Y":"9269865.084"},"geometry":{"type":"Polygon","coordinates":[[[-62.367044926672307,-6.596000701427776],[-62.357976646663545,-6.595989111362539],[-62.357964971659243,-6.605052744158566],[-62.36703341654497,-6.605064350286129],[-62.367044926672307,-6.596000701427776]]]}},
{"type":"Feature","properties":{"DESCRIPTION":"MDT_1377252.tif","FILENAME":"U:\\P589_AmazoniaRevelada_BR-319\\LiDAR_dataset\\ENTREGAS\\ENTREGA_09\\2_MDT\\GEOTIFF\\MDT_1377252.tif","SHRT_FNAME":"MDT_1377252.tif","UPPER_LEFT_X":"568969.833","UPPER_LEFT_Y":"9270867.084","LOWER_RIGHT_X":"569972.833","LOWER_RIGHT_Y":"9269865.084"},"geometry":{"type":"Polygon","coordinates":[[[-62.376095131470549,-6.596012104021271],[-62.367022312487492,-6.596000672729897],[-62.367010801948986,-6.605064321548476],[-62.376083785892689,-6.605075768682135],[-62.376095131470549,-6.596012104021271]]]}},
{"type":"Feature","properties":{"DESCRIPTION":"MDT_1377251.tif","FILENAME":"U:\\P589_AmazoniaRevelada_BR-319\\LiDAR_dataset\\ENTREGAS\\ENTREGA_09\\2_MDT\\GEOTIFF\\MDT_1377251.tif","SHRT_FNAME":"MDT_1377251.tif","UPPER_LEFT_X":"567969.833","UPPER_LEFT_Y":"9270867.084","LOWER_RIGHT_X":"568972.333","LOWER_RIGHT_Y":"9269865.084"},"geometry":{"type":"Polygon","coordinates":[[[-62.385140829290648,-6.596023336852643],[-62.376072517245788,-6.59601207573365],[-62.376061171256751,-6.605075740355314],[-62.385129648181433,-6.605087017080754],[-62.385140829290648,-6.596023336852643]]]}},
{"type":"Feature","properties":{"DESCRIPTION":"MDT_1377250.tif","FILENAME":"U:\\P589_AmazoniaRevelada_BR-319\\LiDAR_dataset\\ENTREGAS\\ENTREGA_09\\2_MDT\\GEOTIFF\\MDT_1377250.tif","SHRT_FNAME":"MDT_1377250.tif","UPPER_LEFT_X":"566969.833","UPPER_LEFT_Y":"9270867.084","LOWER_RIGHT_X":"567972.333","LOWER_RIGHT_Y":"9269865.084"},"geometry":{"type":"Polygon","coordinates":[[[-62.394186542739675,-6.596034405659954],[-62.385118215026509,-6.596023308975082],[-62.385107033506131,-6.605086989164558],[-62.394175526100504,-6.605098101227995],[-62.394186542739675,-6.596034405659954]]]}},
{"type":"Feature","properties":{"DESCRIPTION":"MDT_1377249.tif","FILENAME":"U:\\P589_AmazoniaRevelada_BR-319\\LiDAR_dataset\\ENTREGAS\\ENTREGA_09\\2_MDT\\GEOTIFF\\MDT_1377249.tif","SHRT_FNAME":"MDT_1377249.tif","UPPER_LEFT_X":"565969.833","UPPER_LEFT_Y":"9270867.084","LOWER_RIGHT_X":"566972.333","LOWER_RIGHT_Y":"9269865.084"},"geometry":{"type":"Polygon","coordinates":[[[-62.403232271587719,-6.596045310441825],[-62.394163928436747,-6.596034378192453],[-62.394152911386406,-6.605098073722428],[-62.403221419419999,-6.605109021122479],[-62.403232271587719,-6.596045310441825]]]}},
{"type":"Feature","properties":{"DESCRIPTION":"MDT_1377248.tif","FILENAME":"U:\\P589_AmazoniaRevelada_BR-319\\LiDAR_dataset\\ENTREGAS\\ENTREGA_09\\2_MDT\\GEOTIFF\\MDT_1377248.tif","SHRT_FNAME":"MDT_1377248.tif","UPPER_LEFT_X":"564969.833","UPPER_LEFT_Y":"9270867.084","LOWER_RIGHT_X":"565972.333","LOWER_RIGHT_Y":"9269865.084"},"geometry":{"type":"Polygon","coordinates":[[[-62.412278015604919,-6.596056051196908],[-62.403209657246592,-6.596045283384391],[-62.403198804667689,-6.605108994027547],[-62.41226732790998,-6.605119776762856],[-62.412278015604919,-6.596056051196908]]]}},
{"type":"Feature","properties":{"DESCRIPTION":"MDT_1377247.tif","FILENAME":"U:\\P589_AmazoniaRevelada_BR-319\\LiDAR_dataset\\ENTREGAS\\ENTREGA_09\\2_MDT\\GEOTIFF\\MDT_1377247.tif","SHRT_FNAME":"MDT_1377247.tif","UPPER_LEFT_X":"563969.833","UPPER_LEFT_Y":"9270867.084","LOWER_RIGHT_X":"564972.333","LOWER_RIGHT_Y":"9269865.084"},"geometry":{"type":"Polygon","coordinates":[[[-62.421323774561344,-6.596066627923867],[-62.412255401226155,-6.596056024549542],[-62.412244713120032,-6.60511975007856],[-62.421313251340536,-6.605130368147788],[-62.421323774561344,-6.596066627923867]]]}},
{"type":"Feature","properties":{"DESCRIPTION":"MDT_1377246.tif","FILENAME":"U:\\P589_AmazoniaRevelada_BR-319\\LiDAR_dataset\\ENTREGAS\\ENTREGA_09\\2_MDT\\GEOTIFF\\MDT_1377246.tif","SHRT_FNAME":"MDT_1377246.tif","UPPER_LEFT_X":"562969.333","UPPER_LEFT_Y":"9270867.084","LOWER_RIGHT_X":"563972.333","LOWER_RIGHT_Y":"9269865.084"},"geometry":{"type":"Polygon","coordinates":[[[-62.430374071117598,-6.596077045786712],[-62.421301160145525,-6.596066601686573],[-62.421290636513525,-6.605130341874132],[-62.430363712454458,-6.605140800448441],[-62.430374071117598,-6.596077045786712]]]}},
{"type":"Feature","properties":{"DESCRIPTION":"MDT_1377245.tif","FILENAME":"U:\\P589_AmazoniaRevelada_BR-319\\LiDAR_dataset\\ENTREGAS\\ENTREGA_09\\2_MDT\\GEOTIFF\\MDT_1377245.tif","SHRT_FNAME":"MDT_1377245.tif","UPPER_LEFT_X":"561969.333","UPPER_LEFT_Y":"9270867.084","LOWER_RIGHT_X":"562971.833","LOWER_RIGHT_Y":"9269865.084"},"geometry":{"type":"Polygon","coordinates":[[[-62.439419859269975,-6.596087294371491],[-62.430351456665264,-6.596077019959697],[-62.43034109759094,-6.605140774585633],[-62.439409665083588,-6.605151063236431],[-62.439419859269975,-6.596087294371491]]]}},
{"type":"Feature","properties":{"DESCRIPTION":"MDT_1377244.tif","FILENAME":"U:\\P589_AmazoniaRevelada_BR-319\\LiDAR_dataset\\ENTREGAS\\ENTREGA_09\\2_MDT\\GEOTIFF\\MDT_1377244.tif","SHRT_FNAME":"MDT_1377244.tif","UPPER_LEFT_X":"560969.333","UPPER_LEFT_Y":"9270867.084","LOWER_RIGHT_X":"561971.833","LOWER_RIGHT_Y":"9269865.084"},"geometry":{"type":"Polygon","coordinates":[[[-62.44846566167179,-6.59609737892427],[-62.439397244781738,-6.596087268954557],[-62.439387050184159,-6.605151037784273],[-62.448455631963419,-6.605161161765095],[-62.44846566167179,-6.59609737892427]]]}},
{"type":"Feature","properties":{"DESCRIPTION":"MDT_1377243.tif","FILENAME":"U:\\P589_AmazoniaRevelada_BR-319\\LiDAR_dataset\\ENTREGAS\\ENTREGA_09\\2_MDT\\GEOTIFF\\MDT_1377243.tif","SHRT_FNAME":"MDT_1377243.tif","UPPER_LEFT_X":"559969.333","UPPER_LEFT_Y":"9270867.084","LOWER_RIGHT_X":"560971.833","LOWER_RIGHT_Y":"9269865.084"},"geometry":{"type":"Polygon","coordinates":[[[-62.457511478093103,-6.596107299443797],[-62.44844304714821,-6.596097353917417],[-62.448433017028634,-6.605161136723586],[-62.457501612864007,-6.60517109603318],[-62.457511478093103,-6.596107299443797]]]}},
{"type":"Feature","properties":{"DESCRIPTION":"MDT_1377242.tif","FILENAME":"U:\\P589_AmazoniaRevelada_BR-319\\LiDAR_dataset\\ENTREGAS\\ENTREGA_09\\2_MDT\\GEOTIFF\\MDT_1377242.tif","SHRT_FNAME":"MDT_1377242.tif","UPPER_LEFT_X":"558969.333","UPPER_LEFT_Y":"9270867.084","LOWER_RIGHT_X":"559971.833","LOWER_RIGHT_Y":"9269865.084"},"geometry":{"type":"Polygon","coordinates":[[[-62.466557308304033,-6.596117055928841],[-62.45748886353477,-6.596107274847029],[-62.457478997894462,-6.605171071402322],[-62.466547607555441,-6.60518086603945],[-62.466557308304033,-6.596117055928841]]]}},
{"type":"Feature","properties":{"DESCRIPTION":"MDT_1377241.tif","FILENAME":"U:\\P589_AmazoniaRevelada_BR-319\\LiDAR_dataset\\ENTREGAS\\ENTREGA_09\\2_MDT\\GEOTIFF\\MDT_1377241.tif","SHRT_FNAME":"MDT_1377241.tif","UPPER_LEFT_X":"557968.833","UPPER_LEFT_Y":"9270867.084","LOWER_RIGHT_X":"558971.833","LOWER_RIGHT_Y":"9269865.084"},"geometry":{"type":"Polygon","coordinates":[[[-62.475607674999885,-6.596126653133386],[-62.466534693711502,-6.59611703174216],[-62.466524992551697,-6.605180841819248],[-62.475598138815251,-6.605190476544478],[-62.475607674999885,-6.596126653133386]]]}},
{"type":"Feature","properties":{"DESCRIPTION":"MDT_1377240.tif","FILENAME":"U:\\P589_AmazoniaRevelada_BR-319\\LiDAR_dataset\\ENTREGAS\\ENTREGA_09\\2_MDT\\GEOTIFF\\MDT_1377240.tif","SHRT_FNAME":"MDT_1377240.tif","UPPER_LEFT_X":"556968.833","UPPER_LEFT_Y":"9270867.084","LOWER_RIGHT_X":"557971.333","LOWER_RIGHT_Y":"9269865.084"},"geometry":{"type":"Polygon","coordinates":[[[-62.484653532106897,-6.596136081463832],[-62.475585060373724,-6.596126629357],[-62.475575523777884,-6.605190452735142],[-62.484644160405168,-6.605199917941371],[-62.484653532106897,-6.596136081463832]]]}},
{"type":"Feature","properties":{"DESCRIPTION":"MDT_1377239.tif","FILENAME":"U:\\P589_AmazoniaRevelada_BR-319\\LiDAR_dataset\\ENTREGAS\\ENTREGA_09\\2_MDT\\GEOTIFF\\MDT_1377239.tif","SHRT_FNAME":"MDT_1377239.tif","UPPER_LEFT_X":"555968.833","UPPER_LEFT_Y":"9270867.084","LOWER_RIGHT_X":"556971.333","LOWER_RIGHT_Y":"9269865.084"},"geometry":{"type":"Polygon","coordinates":[[[-62.493699402313652,-6.59614534575622],[-62.484630917447696,-6.59613605809754],[-62.484621545334761,-6.605199894542697],[-62.493690195096015,-6.605209195072874],[-62.493699402313652,-6.59614534575622]]]}},
{"type":"Feature","properties":{"DESCRIPTION":"MDT_1377238.tif","FILENAME":"U:\\P589_AmazoniaRevelada_BR-319\\LiDAR_dataset\\ENTREGAS\\ENTREGA_09\\2_MDT\\GEOTIFF\\MDT_1377238.tif","SHRT_FNAME":"MDT_1377238.tif","UPPER_LEFT_X":"554968.833","UPPER_LEFT_Y":"9270867.084","LOWER_RIGHT_X":"555971.333","LOWER_RIGHT_Y":"9269865.084"},"geometry":{"type":"Polygon","coordinates":[[[-62.502745285390247,-6.596154446009406],[-62.493676787621986,-6.596145322800026],[-62.493667579993144,-6.605209172084865],[-62.502736242657846,-6.605218307937835],[-62.502745285390247,-6.596154446009406]]]}},
{"type":"Feature","properties":{"DESCRIPTION":"MDT_1377237.tif","FILENAME":"U:\\P589_AmazoniaRevelada_BR-319\\LiDAR_dataset\\ENTREGAS\\ENTREGA_09\\2_MDT\\GEOTIFF\\MDT_1377237.tif","SHRT_FNAME":"MDT_1377237.tif","UPPER_LEFT_X":"553968.833","UPPER_LEFT_Y":"9270867.084","LOWER_RIGHT_X":"554971.333","LOWER_RIGHT_Y":"9269865.084"},"geometry":{"type":"Polygon","coordinates":[[[-62.511791181106773,-6.596163382222256],[-62.502722670666699,-6.59615442346331],[-62.502713627523093,-6.605218285360493],[-62.511782302860738,-6.605227256535121],[-62.511791181106773,-6.596163382222256]]]}},
{"type":"Feature","properties":{"DESCRIPTION":"MDT_1377236.tif","FILENAME":"U:\\P589_AmazoniaRevelada_BR-319\\LiDAR_dataset\\ENTREGAS\\ENTREGA_09\\2_MDT\\GEOTIFF\\MDT_1377236.tif","SHRT_FNAME":"MDT_1377236.tif","UPPER_LEFT_X":"552968.333","UPPER_LEFT_Y":"9270867.084","LOWER_RIGHT_X":"553971.333","LOWER_RIGHT_Y":"9269865.084"},"geometry":{"type":"Polygon","coordinates":[[[-62.520841612190438,-6.596172158738717],[-62.511768566351918,-6.596163360086263],[-62.511759687694664,-6.605227234368451],[-62.520832898514129,-6.605236045214703],[-62.520841612190438,-6.596172158738717]]]}},
{"type":"Feature","properties":{"DESCRIPTION":"MDT_1377235.tif","FILENAME":"U:\\P589_AmazoniaRevelada_BR-319\\LiDAR_dataset\\ENTREGAS\\ENTREGA_09\\2_MDT\\GEOTIFF\\MDT_1377235.tif","SHRT_FNAME":"MDT_1377235.tif","UPPER_LEFT_X":"551968.333","UPPER_LEFT_Y":"9270867.084","LOWER_RIGHT_X":"552970.833","LOWER_RIGHT_Y":"9269865.084"},"geometry":{"type":"Polygon","coordinates":[[[-62.529887532503082,-6.596180766785568],[-62.520818997404817,-6.596172137013034],[-62.520810283317296,-6.60523602345891],[-62.529878983315342,-6.605244665191197],[-62.529887532503082,-6.596180766785568]]]}},
{"type":"Feature","properties":{"DESCRIPTION":"MDT_1377234.tif","FILENAME":"U:\\P589_AmazoniaRevelada_BR-319\\LiDAR_dataset\\ENTREGAS\\ENTREGA_09\\2_MDT\\GEOTIFF\\MDT_1377234.tif","SHRT_FNAME":"MDT_1377234.tif","UPPER_LEFT_X":"550968.333","UPPER_LEFT_Y":"9270867.084","LOWER_RIGHT_X":"551970.833","LOWER_RIGHT_Y":"9269865.084"},"geometry":{"type":"Polygon","coordinates":[[[-62.538933464765783,-6.596189210788819],[-62.529864917687313,-6.596180745469994],[-62.529856368088346,-6.605244643846081],[-62.538925080067678,-6.605253120896747],[-62.538933464765783,-6.596189210788819]]]}},
{"type":"Feature","properties":{"DESCRIPTION":"MDT_1377233.tif","FILENAME":"U:\\P589_AmazoniaRevelada_BR-319\\LiDAR_dataset\\ENTREGAS\\ENTREGA_09\\2_MDT\\GEOTIFF\\MDT_1377233.tif","SHRT_FNAME":"MDT_1377233.tif","UPPER_LEFT_X":"549968.333","UPPER_LEFT_Y":"9270867.084","LOWER_RIGHT_X":"550970.833","LOWER_RIGHT_Y":"9269865.084"},"geometry":{"type":"Polygon","coordinates":[[[-62.547979408748617,-6.59619749074742],[-62.53891084992042,-6.596189189883353],[-62.538902464811095,-6.60525309996231],[-62.547971188541204,-6.605261412330302],[-62.547979408748617,-6.59619749074742]]]}},
{"type":"Feature","properties":{"DESCRIPTION":"MDT_1377232.tif","FILENAME":"U:\\P589_AmazoniaRevelada_BR-319\\LiDAR_dataset\\ENTREGAS\\ENTREGA_09\\2_MDT\\GEOTIFF\\MDT_1377232.tif","SHRT_FNAME":"MDT_1377232.tif","UPPER_LEFT_X":"548968.333","UPPER_LEFT_Y":"9270867.084","LOWER_RIGHT_X":"549970.833","LOWER_RIGHT_Y":"9269865.084"},"geometry":{"type":"Polygon","coordinates":[[[-62.55702536422163,-6.596205606660344],[-62.547956793874235,-6.596197470252068],[-62.547948573255589,-6.605261391806547],[-62.557017308505941,-6.605269539490838],[-62.55702536422163,-6.596205606660344]]]}},
{"type":"Feature","properties":{"DESCRIPTION":"MDT_1377231.tif","FILENAME":"U:\\P589_AmazoniaRevelada_BR-319\\LiDAR_dataset\\ENTREGAS\\ENTREGA_09\\2_MDT\\GEOTIFF\\MDT_1377231.tif","SHRT_FNAME":"MDT_1377231.tif","UPPER_LEFT_X":"547967.833","UPPER_LEFT_Y":"9270867.084","LOWER_RIGHT_X":"548970.833","LOWER_RIGHT_Y":"9269865.084"},"geometry":{"type":"Polygon","coordinates":[[[-62.566075853941086,-6.596213562461483],[-62.557002749318812,-6.596205586575106],[-62.556994693191889,-6.605269519377764],[-62.566067962800361,-6.605277506317693],[-62.566075853941086,-6.596213562461483]]]}},
{"type":"Feature","properties":{"DESCRIPTION":"MDT_1377230.tif","FILENAME":"U:\\P589_AmazoniaRevelada_BR-319\\LiDAR_dataset\\ENTREGAS\\ENTREGA_09\\2_MDT\\GEOTIFF\\MDT_1377230.tif","SHRT_FNAME":"MDT_1377230.tif","UPPER_LEFT_X":"546967.833","UPPER_LEFT_Y":"9270867.084","LOWER_RIGHT_X":"547970.333","LOWER_RIGHT_Y":"9269865.084"},"geometry":{"type":"Polygon","coordinates":[[[-62.575121831710199,-6.596221350198028],[-62.566053239010394,-6.59621354278657],[-62.566045347458434,-6.605277486615512],[-62.575114105063193,-6.605285304847036],[-62.575121831710199,-6.596221350198028]]]}},
{"type":"Feature","properties":{"DESCRIPTION":"MDT_1377229.tif","FILENAME":"U:\\P589_AmazoniaRevelada_BR-319\\LiDAR_dataset\\ENTREGAS\\ENTREGA_09\\2_MDT\\GEOTIFF\\MDT_1377229.tif","SHRT_FNAME":"MDT_1377229.tif","UPPER_LEFT_X":"545967.833","UPPER_LEFT_Y":"9270867.084","LOWER_RIGHT_X":"546970.333","LOWER_RIGHT_Y":"9269865.084"},"geometry":{"type":"Polygon","coordinates":[[[-62.584167820279617,-6.596228973885934],[-62.575099216752214,-6.596221330933234],[-62.575091489693968,-6.605285285555544],[-62.584160258127291,-6.605292939100392],[-62.584167820279617,-6.596228973885934]]]}},
{"type":"Feature","properties":{"DESCRIPTION":"MDT_1377228.tif","FILENAME":"U:\\P589_AmazoniaRevelada_BR-319\\LiDAR_dataset\\ENTREGAS\\ENTREGA_09\\2_MDT\\GEOTIFF\\MDT_1377228.tif","SHRT_FNAME":"MDT_1377228.tif","UPPER_LEFT_X":"544967.833","UPPER_LEFT_Y":"9270867.084","LOWER_RIGHT_X":"545970.333","LOWER_RIGHT_Y":"9269865.084"},"geometry":{"type":"Polygon","coordinates":[[[-62.593213819419411,-6.596236433524255],[-62.584145205294924,-6.596228955031263],[-62.584137642731349,-6.605292920219591],[-62.593206421762716,-6.605300409076811],[-62.593213819419411,-6.596236433524255]]]}},
{"type":"Feature","properties":{"DESCRIPTION":"MDT_1377227.tif","FILENAME":"U:\\P589_AmazoniaRevelada_BR-319\\LiDAR_dataset\\ENTREGAS\\ENTREGA_09\\2_MDT\\GEOTIFF\\MDT_1377227.tif","SHRT_FNAME":"MDT_1377227.tif","UPPER_LEFT_X":"543967.833","UPPER_LEFT_Y":"9270867.084","LOWER_RIGHT_X":"544970.333","LOWER_RIGHT_Y":"9269865.084"},"geometry":{"type":"Polygon","coordinates":[[[-62.602259828899662,-6.596243729112064],[-62.593191204408569,-6.596236415079709],[-62.59318380634064,-6.605300390606703],[-62.602252595739508,-6.605307714775367],[-62.602259828899662,-6.596243729112064]]]}},
{"type":"Feature","properties":{"DESCRIPTION":"MDT_1377226.tif","FILENAME":"U:\\P589_AmazoniaRevelada_BR-319\\LiDAR_dataset\\ENTREGAS\\ENTREGA_09\\2_MDT\\GEOTIFF\\MDT_1377226.tif","SHRT_FNAME":"MDT_1377226.tif","UPPER_LEFT_X":"542967.833","UPPER_LEFT_Y":"9270867.084","LOWER_RIGHT_X":"543970.333","LOWER_RIGHT_Y":"9269865.084"},"geometry":{"type":"Polygon","coordinates":[[[-62.61130584849041,-6.596250860648458],[-62.602237213863248,-6.596243711077646],[-62.60222998029186,-6.605307696715957],[-62.611298779827713,-6.605314856195154],[-62.61130584849041,-6.596250860648458]]]}},
{"type":"Feature","properties":{"DESCRIPTION":"MDT_1377225.tif","FILENAME":"U:\\P589_AmazoniaRevelada_BR-319\\LiDAR_dataset\\ENTREGAS\\ENTREGA_09\\2_MDT\\GEOTIFF\\MDT_1377225.tif","SHRT_FNAME":"MDT_1377225.tif","UPPER_LEFT_X":"541967.333","UPPER_LEFT_Y":"9270867.084","LOWER_RIGHT_X":"542970.333","LOWER_RIGHT_Y":"9269865.084"},"geometry":{"type":"Polygon","coordinates":[[[-62.620356400978906,-6.596257831575259],[-62.611283233429006,-6.596250843024169],[-62.611276164355068,-6.60531483854644],[-62.6203494968968,-6.605321836782764],[-62.620356400978906,-6.596257831575259]]]}},
{"type":"Feature","properties":{"DESCRIPTION":"MDT_1377224.tif","FILENAME":"U:\\P589_AmazoniaRevelada_BR-319\\LiDAR_dataset\\ENTREGAS\\ENTREGA_09\\2_MDT\\GEOTIFF\\MDT_1377224.tif","SHRT_FNAME":"MDT_1377224.tif","UPPER_LEFT_X":"540967.333","UPPER_LEFT_Y":"9270867.084","LOWER_RIGHT_X":"541969.833","LOWER_RIGHT_Y":"9269865.084"},"geometry":{"type":"Polygon","coordinates":[[[-62.629402440105643,-6.59626463492416],[-62.620333785893081,-6.596257814361308],[-62.620326881399727,-6.605321819544955],[-62.62939570052275,-6.605328649560231],[-62.629402440105643,-6.59626463492416]]]}},
{"type":"Feature","properties":{"DESCRIPTION":"MDT_1377223.tif","FILENAME":"U:\\P589_AmazoniaRevelada_BR-319\\LiDAR_dataset\\ENTREGAS\\ENTREGA_09\\2_MDT\\GEOTIFF\\MDT_1377223.tif","SHRT_FNAME":"MDT_1377223.tif","UPPER_LEFT_X":"539967.333","UPPER_LEFT_Y":"9270867.084","LOWER_RIGHT_X":"540969.833","LOWER_RIGHT_Y":"9269865.084"},"geometry":{"type":"Polygon","coordinates":[[[-62.638448488652983,-6.596271274219049],[-62.629379824995986,-6.596264618120342],[-62.629373085001838,-6.605328632733125],[-62.638441913570126,-6.605335298056331],[-62.638448488652983,-6.596271274219049]]]}},
{"type":"Feature","properties":{"DESCRIPTION":"MDT_1377222.tif","FILENAME":"U:\\P589_AmazoniaRevelada_BR-319\\LiDAR_dataset\\ENTREGAS\\ENTREGA_09\\2_MDT\\GEOTIFF\\MDT_1377222.tif","SHRT_FNAME":"MDT_1377222.tif","UPPER_LEFT_X":"538967.333","UPPER_LEFT_Y":"9270867.084","LOWER_RIGHT_X":"539969.833","LOWER_RIGHT_Y":"9269865.084"},"geometry":{"type":"Polygon","coordinates":[[[-62.647494546390959,-6.596277749459103],[-62.638425873520056,-6.596271257825367],[-62.638419298025958,-6.60533528163993],[-62.647488135808985,-6.605341782270235],[-62.647494546390959,-6.596277749459103]]]}},
{"type":"Feature","properties":{"DESCRIPTION":"MDT_1377221.tif","FILENAME":"U:\\P589_AmazoniaRevelada_BR-319\\LiDAR_dataset\\ENTREGAS\\ENTREGA_09\\2_MDT\\GEOTIFF\\MDT_1377221.tif","SHRT_FNAME":"MDT_1377221.tif","UPPER_LEFT_X":"537967.333","UPPER_LEFT_Y":"9270867.084","LOWER_RIGHT_X":"538969.833","LOWER_RIGHT_Y":"9269865.084"},"geometry":{"type":"Polygon","coordinates":[[[-62.656540613089668,-6.59628406064352],[-62.647471931235351,-6.596277733475559],[-62.647465520242122,-6.605341766264541],[-62.656534367009364,-6.605348102201144],[-62.656540613089668,-6.59628406064352]]]}},
{"type":"Feature","properties":{"DESCRIPTION":"MDT_1377220.tif","FILENAME":"U:\\P589_AmazoniaRevelada_BR-319\\LiDAR_dataset\\ENTREGAS\\ENTREGA_09\\2_MDT\\GEOTIFF\\MDT_1377220.tif","SHRT_FNAME":"MDT_1377220.tif","UPPER_LEFT_X":"536966.833","UPPER_LEFT_Y":"9270867.084","LOWER_RIGHT_X":"537969.833","LOWER_RIGHT_Y":"9269865.084"},"geometry":{"type":"Polygon","coordinates":[[[-62.665591211558997,-6.596290210804043],[-62.656517997911934,-6.596284045070116],[-62.656511751420375,-6.605348086606155],[-62.665585130063398,-6.605354260884998],[-62.665591211558997,-6.596290210804043]]]}},
{"type":"Feature","properties":{"DESCRIPTION":"MDT_1377219.tif","FILENAME":"U:\\P589_AmazoniaRevelada_BR-319\\LiDAR_dataset\\ENTREGAS\\ENTREGA_09\\2_MDT\\GEOTIFF\\MDT_1377219.tif","SHRT_FNAME":"MDT_1377219.tif","UPPER_LEFT_X":"535966.833","UPPER_LEFT_Y":"9270867.084","LOWER_RIGHT_X":"536969.333","LOWER_RIGHT_Y":"9269865.084"},"geometry":{"type":"Polygon","coordinates":[[[-62.674637295493504,-6.596296193792824],[-62.665568596359719,-6.596290195640986],[-62.665562514452866,-6.605354245700929],[-62.674631378501118,-6.605360252165435],[-62.674637295493504,-6.596296193792824]]]}},
{"type":"Feature","properties":{"DESCRIPTION":"MDT_1377218.tif","FILENAME":"U:\\P589_AmazoniaRevelada_BR-319\\LiDAR_dataset\\ENTREGAS\\ENTREGA_09\\2_MDT\\GEOTIFF\\MDT_1377218.tif","SHRT_FNAME":"MDT_1377218.tif","UPPER_LEFT_X":"534966.833","UPPER_LEFT_Y":"9270867.084","LOWER_RIGHT_X":"535969.333","LOWER_RIGHT_Y":"9269865.084"},"geometry":{"type":"Polygon","coordinates":[[[-62.683683387698778,-6.596302012723678],[-62.674614680273251,-6.596296179039912],[-62.67460876286961,-6.605360237392075],[-62.683677635210344,-6.605366079160578],[-62.683683387698778,-6.596302012723678]]]}},
{"type":"Feature","properties":{"DESCRIPTION":"MDT_1377217.tif","FILENAME":"U:\\P589_AmazoniaRevelada_BR-319\\LiDAR_dataset\\ENTREGAS\\ENTREGA_09\\2_MDT\\GEOTIFF\\MDT_1377217.tif","SHRT_FNAME":"MDT_1377217.tif","UPPER_LEFT_X":"533966.833","UPPER_LEFT_Y":"9270867.084","LOWER_RIGHT_X":"534969.333","LOWER_RIGHT_Y":"9269865.084"},"geometry":{"type":"Polygon","coordinates":[[[-62.692729487944881,-6.596307667595879],[-62.683660772458133,-6.596301998380911],[-62.683655019558458,-6.605366064797934],[-62.692723899961138,-6.605371741869709],[-62.692729487944881,-6.596307667595879]]]}},
{"type":"Feature","properties":{"DESCRIPTION":"MDT_1377216.tif","FILENAME":"U:\\P589_AmazoniaRevelada_BR-319\\LiDAR_dataset\\ENTREGAS\\ENTREGA_09\\2_MDT\\GEOTIFF\\MDT_1377216.tif","SHRT_FNAME":"MDT_1377216.tif","UPPER_LEFT_X":"532966.902","UPPER_LEFT_Y":"9270867.084","LOWER_RIGHT_X":"533968.902","LOWER_RIGHT_Y":"9269865.084"},"geometry":{"type":"Polygon","coordinates":[[[-62.701774973402877,-6.59631315803647],[-62.69271077313806,-6.596307656066292],[-62.692705184813967,-6.605371730324143],[-62.701769549913188,-6.605377239919346],[-62.701774973402877,-6.59631315803647]]]}},
{"type":"Feature","properties":{"DESCRIPTION":"MDT_1377215.tif","FILENAME":"U:\\P589_AmazoniaRevelada_BR-319\\LiDAR_dataset\\ENTREGAS\\ENTREGA_09\\2_MDT\\GEOTIFF\\MDT_1377215.tif","SHRT_FNAME":"MDT_1377215.tif","UPPER_LEFT_X":"531966.333","UPPER_LEFT_Y":"9270867.084","LOWER_RIGHT_X":"532969.333","LOWER_RIGHT_Y":"9269865.084"},"geometry":{"type":"Polygon","coordinates":[[[-62.710826234699503,-6.596318487783891],[-62.701752980722191,-6.596313144886262],[-62.701747556832551,-6.605377226750913],[-62.710820975809433,-6.605382577053112],[-62.710826234699503,-6.596318487783891]]]}},
{"type":"Feature","properties":{"DESCRIPTION":"MDT_1377214.tif","FILENAME":"U:\\P589_AmazoniaRevelada_BR-319\\LiDAR_dataset\\ENTREGAS\\ENTREGA_09\\2_MDT\\GEOTIFF\\MDT_1377214.tif","SHRT_FNAME":"MDT_1377214.tif","UPPER_LEFT_X":"530966.333","UPPER_LEFT_Y":"9270867.084","LOWER_RIGHT_X":"531968.833","LOWER_RIGHT_Y":"9269865.084"},"geometry":{"type":"Polygon","coordinates":[[[-62.719872357692054,-6.596323650393984],[-62.710803619401126,-6.596318474671776],[-62.710798360099808,-6.605382563922826],[-62.719867263308707,-6.605387746817921],[-62.719872357692054,-6.596323650393984]]]}},
{"type":"Feature","properties":{"DESCRIPTION":"MDT_1377213.tif","FILENAME":"U:\\P589_AmazoniaRevelada_BR-319\\LiDAR_dataset\\ENTREGAS\\ENTREGA_09\\2_MDT\\GEOTIFF\\MDT_1377213.tif","SHRT_FNAME":"MDT_1377213.tif","UPPER_LEFT_X":"529966.333","UPPER_LEFT_Y":"9270867.084","LOWER_RIGHT_X":"530968.833","LOWER_RIGHT_Y":"9269865.084"},"geometry":{"type":"Polygon","coordinates":[[[-62.728918487805537,-6.596328648942738],[-62.719849742375601,-6.596323637692021],[-62.719844647580985,-6.605387734098356],[-62.728913557929552,-6.605392752294025],[-62.728918487805537,-6.596328648942738]]]}},
{"type":"Feature","properties":{"DESCRIPTION":"MDT_1377212.tif","FILENAME":"U:\\P589_AmazoniaRevelada_BR-319\\LiDAR_dataset\\ENTREGAS\\ENTREGA_09\\2_MDT\\GEOTIFF\\MDT_1377212.tif","SHRT_FNAME":"MDT_1377212.tif","UPPER_LEFT_X":"528966.333","UPPER_LEFT_Y":"9270867.084","LOWER_RIGHT_X":"529968.833","LOWER_RIGHT_Y":"9269865.084"},"geometry":{"type":"Polygon","coordinates":[[[-62.737964624810026,-6.59633348342954],[-62.728895872471576,-6.596328636650933],[-62.728890942184307,-6.605392739985182],[-62.737959859441993,-6.605397593480806],[-62.737964624810026,-6.59633348342954]]]}},
{"type":"Feature","properties":{"DESCRIPTION":"MDT_1377211.tif","FILENAME":"U:\\P589_AmazoniaRevelada_BR-319\\LiDAR_dataset\\ENTREGAS\\ENTREGA_09\\2_MDT\\GEOTIFF\\MDT_1377211.tif","SHRT_FNAME":"MDT_1377211.tif","UPPER_LEFT_X":"527966.333","UPPER_LEFT_Y":"9270867.084","LOWER_RIGHT_X":"528968.833","LOWER_RIGHT_Y":"9269865.084"},"geometry":{"type":"Polygon","coordinates":[[[-62.747010768475533,-6.596338153853785],[-62.737942009459104,-6.596333471547888],[-62.737937243679802,-6.605397581582688],[-62.747006167616064,-6.60540227037766],[-62.747010768475533,-6.596338153853785]]]}},
{"type":"Feature","properties":{"DESCRIPTION":"MDT_1377210.tif","FILENAME":"U:\\P589_AmazoniaRevelada_BR-319\\LiDAR_dataset\\ENTREGAS\\ENTREGA_09\\2_MDT\\GEOTIFF\\MDT_1377210.tif","SHRT_FNAME":"MDT_1377210.tif","UPPER_LEFT_X":"526965.833","UPPER_LEFT_Y":"9270867.084","LOWER_RIGHT_X":"527968.833","LOWER_RIGHT_Y":"9269865.084"},"geometry":{"type":"Polygon","coordinates":[[[-62.756061441648747,-6.596342662427039],[-62.746988153108255,-6.596338142382292],[-62.746983551837516,-6.605402258890267],[-62.756057005380669,-6.605406785199219],[-62.756061441648747,-6.596342662427039]]]}},
{"type":"Feature","properties":{"DESCRIPTION":"MDT_1377209.tif","FILENAME":"U:\\P589_AmazoniaRevelada_BR-319\\LiDAR_dataset\\ENTREGAS\\ENTREGA_09\\2_MDT\\GEOTIFF\\MDT_1377209.tif","SHRT_FNAME":"MDT_1377209.tif","UPPER_LEFT_X":"525966.235","UPPER_LEFT_Y":"9270867.084","LOWER_RIGHT_X":"526968.235","LOWER_RIGHT_Y":"9269865.084"},"geometry":{"type":"Polygon","coordinates":[[[-62.765103957571498,-6.596347002928014],[-62.756039708966711,-6.596342651797654],[-62.7560352723034,-6.605406774555103],[-62.765099685746911,-6.605411131715573],[-62.765103957571498,-6.596347002928014]]]}},
{"type":"Feature","properties":{"DESCRIPTION":"MDT_1377208.tif","FILENAME":"U:\\P589_AmazoniaRevelada_BR-319\\LiDAR_dataset\\ENTREGAS\\ENTREGA_09\\2_MDT\\GEOTIFF\\MDT_1377208.tif","SHRT_FNAME":"MDT_1377208.tif","UPPER_LEFT_X":"524966.140","UPPER_LEFT_Y":"9270867.084","LOWER_RIGHT_X":"525968.140","LOWER_RIGHT_Y":"9269865.084"},"geometry":{"type":"Polygon","coordinates":[[[-62.774150981039192,-6.596351181535144],[-62.765086726450505,-6.596346994812795],[-62.765082454312562,-6.605411123589107],[-62.774146873740492,-6.605415316113715],[-62.774150981039192,-6.596351181535144]]]}},
{"type":"Feature","properties":{"DESCRIPTION":"MDT_1377207.tif","FILENAME":"U:\\P589_AmazoniaRevelada_BR-319\\LiDAR_dataset\\ENTREGAS\\ENTREGA_09\\2_MDT\\GEOTIFF\\MDT_1377207.tif","SHRT_FNAME":"MDT_1377207.tif","UPPER_LEFT_X":"523966.045","UPPER_LEFT_Y":"9270867.084","LOWER_RIGHT_X":"524968.045","LOWER_RIGHT_Y":"9269865.084"},"geometry":{"type":"Polygon","coordinates":[[[-62.783198010249173,-6.59635519604628],[-62.774133749907044,-6.596351173732464],[-62.774129642294994,-6.605415308300222],[-62.783194067476877,-6.605419336188451],[-62.783198010249173,-6.59635519604628]]]}},
{"type":"Feature","properties":{"DESCRIPTION":"MDT_1377206.tif","FILENAME":"U:\\P589_AmazoniaRevelada_BR-319\\LiDAR_dataset\\ENTREGAS\\ENTREGA_09\\2_MDT\\GEOTIFF\\MDT_1377206.tif","SHRT_FNAME":"MDT_1377206.tif","UPPER_LEFT_X":"522965.950","UPPER_LEFT_Y":"9270867.084","LOWER_RIGHT_X":"523967.950","LOWER_RIGHT_Y":"9269865.084"},"geometry":{"type":"Polygon","coordinates":[[[-62.792245044971409,-6.596359046460925],[-62.78318077910631,-6.596355188556141],[-62.783176836020658,-6.605419328687931],[-62.792241266726016,-6.605423191939277],[-62.792245044971409,-6.596359046460925]]]}},
{"type":"Feature","properties":{"DESCRIPTION":"MDT_1377205.tif","FILENAME":"U:\\P589_AmazoniaRevelada_BR-319\\LiDAR_dataset\\ENTREGAS\\ENTREGA_09\\2_MDT\\GEOTIFF\\MDT_1377205.tif","SHRT_FNAME":"MDT_1377205.tif","UPPER_LEFT_X":"521965.833","UPPER_LEFT_Y":"9270867.084","LOWER_RIGHT_X":"522968.333","LOWER_RIGHT_Y":"9269865.084"},"geometry":{"type":"Polygon","coordinates":[[[-62.801292280563793,-6.596362732856522],[-62.792223486317965,-6.596359037480624],[-62.792219707680523,-6.60542318294653],[-62.801288666849331,-6.605426883443747],[-62.801292280563793,-6.596362732856522]]]}},
{"type":"Feature","properties":{"DESCRIPTION":"MDT_1377204.tif","FILENAME":"U:\\P589_AmazoniaRevelada_BR-319\\LiDAR_dataset\\ENTREGAS\\ENTREGA_09\\2_MDT\\GEOTIFF\\MDT_1377204.tif","SHRT_FNAME":"MDT_1377204.tif","UPPER_LEFT_X":"520965.759","UPPER_LEFT_Y":"9270867.084","LOWER_RIGHT_X":"521967.759","LOWER_RIGHT_Y":"9269865.084"},"geometry":{"type":"Polygon","coordinates":[[[-62.810339130032595,-6.596366254998852],[-62.801274853812906,-6.596362725913547],[-62.801271239781535,-6.605426876491149],[-62.8103356808424,-6.605430410467315],[-62.810339130032595,-6.596366254998852]]]}},
{"type":"Feature","properties":{"DESCRIPTION":"MDT_1377203.tif","FILENAME":"U:\\P589_AmazoniaRevelada_BR-319\\LiDAR_dataset\\ENTREGAS\\ENTREGA_09\\2_MDT\\GEOTIFF\\MDT_1377203.tif","SHRT_FNAME":"MDT_1377203.tif","UPPER_LEFT_X":"519965.664","UPPER_LEFT_Y":"9270867.084","LOWER_RIGHT_X":"520967.664","LOWER_RIGHT_Y":"9269865.084"},"geometry":{"type":"Polygon","coordinates":[[[-62.819386179911497,-6.596369613121239],[-62.810321898860202,-6.596366248446341],[-62.81031844935665,-6.605430403905724],[-62.819382895249554,-6.60543377324363],[-62.819386179911497,-6.596369613121239]]]}},
{"type":"Feature","properties":{"DESCRIPTION":"MDT_1377202.tif","FILENAME":"U:\\P589_AmazoniaRevelada_BR-319\\LiDAR_dataset\\ENTREGAS\\ENTREGA_09\\2_MDT\\GEOTIFF\\MDT_1377202.tif","SHRT_FNAME":"MDT_1377202.tif","UPPER_LEFT_X":"518965.333","UPPER_LEFT_Y":"9270867.084","LOWER_RIGHT_X":"519967.833","LOWER_RIGHT_Y":"9269865.084"},"geometry":{"type":"Polygon","coordinates":[[[-62.828435369465261,-6.59637280787976],[-62.819366560716269,-6.596369606016447],[-62.81936327569754,-6.605433766128993],[-62.82843224937082,-6.605436972429676],[-62.828435369465261,-6.59637280787976]]]}},
{"type":"Feature","properties":{"DESCRIPTION":"MDT_1377201.tif","FILENAME":"U:\\P589_AmazoniaRevelada_BR-319\\LiDAR_dataset\\ENTREGAS\\ENTREGA_09\\2_MDT\\GEOTIFF\\MDT_1377201.tif","SHRT_FNAME":"MDT_1377201.tif","UPPER_LEFT_X":"517965.333","UPPER_LEFT_Y":"9270867.084","LOWER_RIGHT_X":"518967.833","LOWER_RIGHT_Y":"9269865.084"},"geometry":{"type":"Polygon","coordinates":[[[-62.83748156709801,-6.596375837485853],[-62.828412753976558,-6.596372800100146],[-62.828409633470827,-6.605436964639283],[-62.837478611516964,-6.605440006234416],[-62.83748156709801,-6.596375837485853]]]}},
{"type":"Feature","properties":{"DESCRIPTION":"MDT_1377200.tif","FILENAME":"U:\\P589_AmazoniaRevelada_BR-319\\LiDAR_dataset\\ENTREGAS\\ENTREGA_09\\2_MDT\\GEOTIFF\\MDT_1377200.tif","SHRT_FNAME":"MDT_1377200.tif","UPPER_LEFT_X":"516965.333","UPPER_LEFT_Y":"9270867.084","LOWER_RIGHT_X":"517967.833","LOWER_RIGHT_Y":"9269865.084"},"geometry":{"type":"Polygon","coordinates":[[[-62.846527768862074,-6.596378703024133],[-62.837458951598691,-6.596375830116409],[-62.837455995606348,-6.60543999885476],[-62.846524977794786,-6.605442875743966],[-62.846527768862074,-6.596378703024133]]]}},
{"type":"Feature","properties":{"DESCRIPTION":"MDT_1377199.tif","FILENAME":"U:\\P589_AmazoniaRevelada_BR-319\\LiDAR_dataset\\ENTREGAS\\ENTREGA_09\\2_MDT\\GEOTIFF\\MDT_1377199.tif","SHRT_FNAME":"MDT_1377199.tif","UPPER_LEFT_X":"515964.833","UPPER_LEFT_Y":"9270867.084","LOWER_RIGHT_X":"516967.833","LOWER_RIGHT_Y":"9269865.084"},"geometry":{"type":"Polygon","coordinates":[[[-62.855578497631271,-6.596381405803942],[-62.846505153352702,-6.59637869606486],[-62.84650236187413,-6.605442868775048],[-62.855575871160354,-6.605445582269483],[-62.855578497631271,-6.596381405803942]]]}},
{"type":"Feature","properties":{"DESCRIPTION":"MDT_1377198.tif","FILENAME":"U:\\P589_AmazoniaRevelada_BR-319\\LiDAR_dataset\\ENTREGAS\\ENTREGA_09\\2_MDT\\GEOTIFF\\MDT_1377198.tif","SHRT_FNAME":"MDT_1377198.tif","UPPER_LEFT_X":"514964.833","UPPER_LEFT_Y":"9270867.084","LOWER_RIGHT_X":"515967.333","LOWER_RIGHT_Y":"9269865.084"},"geometry":{"type":"Polygon","coordinates":[[[-62.864624706969863,-6.596383943123516],[-62.855555882112427,-6.596381399255044],[-62.85555325523022,-6.60544557571151],[-62.864622245013393,-6.605448123105458],[-62.864624706969863,-6.596383943123516]]]}},
{"type":"Feature","properties":{"DESCRIPTION":"MDT_1377197.tif","FILENAME":"U:\\P589_AmazoniaRevelada_BR-319\\LiDAR_dataset\\ENTREGAS\\ENTREGA_09\\2_MDT\\GEOTIFF\\MDT_1377197.tif","SHRT_FNAME":"MDT_1377197.tif","UPPER_LEFT_X":"513964.833","UPPER_LEFT_Y":"9270867.084","LOWER_RIGHT_X":"514967.333","LOWER_RIGHT_Y":"9269865.084"},"geometry":{"type":"Polygon","coordinates":[[[-62.873670919749792,-6.596386316374269],[-62.86460209144213,-6.596383936984789],[-62.864599629074377,-6.605448116958224],[-62.873668622308074,-6.605450499645233],[-62.873670919749792,-6.596386316374269]]]}},
{"type":"Feature","properties":{"DESCRIPTION":"MDT_1377196.tif","FILENAME":"U:\\P589_AmazoniaRevelada_BR-319\\LiDAR_dataset\\ENTREGAS\\ENTREGA_09\\2_MDT\\GEOTIFF\\MDT_1377196.tif","SHRT_FNAME":"MDT_1377196.tif","UPPER_LEFT_X":"512964.833","UPPER_LEFT_Y":"9270867.084","LOWER_RIGHT_X":"513967.333","LOWER_RIGHT_Y":"9269865.084"},"geometry":{"type":"Polygon","coordinates":[[[-62.882717135741089,-6.596388525555909],[-62.873648304213738,-6.596386310645716],[-62.873646006360737,-6.605450493908739],[-62.8827150028144,-6.605452711888515],[-62.882717135741089,-6.596388525555909]]]}},
{"type":"Feature","properties":{"DESCRIPTION":"MDT_1377195.tif","FILENAME":"U:\\P589_AmazoniaRevelada_BR-319\\LiDAR_dataset\\ENTREGAS\\ENTREGA_09\\2_MDT\\GEOTIFF\\MDT_1377195.tif","SHRT_FNAME":"MDT_1377195.tif","UPPER_LEFT_X":"511964.833","UPPER_LEFT_Y":"9270867.084","LOWER_RIGHT_X":"512967.333","LOWER_RIGHT_Y":"9269865.084"},"geometry":{"type":"Polygon","coordinates":[[[-62.891763354713795,-6.59639057066816],[-62.882694520197298,-6.596388520237529],[-62.882692386859333,-6.605452706562764],[-62.891761386302406,-6.605454759835033],[-62.891763354713795,-6.59639057066816]]]}},
{"type":"Feature","properties":{"DESCRIPTION":"MDT_1377194.tif","FILENAME":"U:\\P589_AmazoniaRevelada_BR-319\\LiDAR_dataset\\ENTREGAS\\ENTREGA_09\\2_MDT\\GEOTIFF\\MDT_1377194.tif","SHRT_FNAME":"MDT_1377194.tif","UPPER_LEFT_X":"510964.333","UPPER_LEFT_Y":"9270867.084","LOWER_RIGHT_X":"511967.333","LOWER_RIGHT_Y":"9269865.084"},"geometry":{"type":"Polygon","coordinates":[[[-62.900814099549457,-6.596392452610254],[-62.891740739162834,-6.596390565759954],[-62.891738770340162,-6.605454754920023],[-62.900812295735882,-6.605456644385257],[-62.900814099549457,-6.596392452610254]]]}},
{"type":"Feature","properties":{"DESCRIPTION":"MDT_1377193.tif","FILENAME":"U:\\P589_AmazoniaRevelada_BR-319\\LiDAR_dataset\\ENTREGAS\\ENTREGA_09\\2_MDT\\GEOTIFF\\MDT_1377193.tif","SHRT_FNAME":"MDT_1377193.tif","UPPER_LEFT_X":"509964.333","UPPER_LEFT_Y":"9270867.084","LOWER_RIGHT_X":"510966.833","LOWER_RIGHT_Y":"9269865.084"},"geometry":{"type":"Polygon","coordinates":[[[-62.909860323796302,-6.596394169500956],[-62.900791483991902,-6.596392448112427],[-62.900789679767051,-6.605456639881197],[-62.909858684498509,-6.605458363655348],[-62.909860323796302,-6.596394169500956]]]}}
]
}
