{
"type": "FeatureCollection",
"name": "ENTREGA_05_LIMITE_FICHEIRO",
"crs": { "type": "name", "properties": { "name": "urn:ogc:def:crs:OGC:1.3:CRS84" } },
"features": [
{"type":"Feature","properties":{"DESCRIPTION":"MDT_1441193.tif","FILENAME":"U:\\P589_AmazoniaRevelada_BR-319\\LiDAR_dataset\\ENTREGAS\\ENTREGA_05\\2_MDT\\GEOTIFF\\MDT_1441193.tif","SHRT_FNAME":"MDT_1441193.tif","UPPER_LEFT_X":"509964.712","UPPER_LEFT_Y":"9206875.074","LOWER_RIGHT_X":"510966.712","LOWER_RIGHT_Y":"9205873.074"},"geometry":{"type":"Polygon","coordinates":[[[509964.712,9206875.073999999091029],[510966.712,9206875.073999999091029],[510966.712,9205873.073999999091029],[509964.712,9205873.073999999091029],[509964.712,9206875.073999999091029]]]}},
{"type":"Feature","properties":{"DESCRIPTION":"MDT_1441192.tif","FILENAME":"U:\\P589_AmazoniaRevelada_BR-319\\LiDAR_dataset\\ENTREGAS\\ENTREGA_05\\2_MDT\\GEOTIFF\\MDT_1441192.tif","SHRT_FNAME":"MDT_1441192.tif","UPPER_LEFT_X":"508964.617","UPPER_LEFT_Y":"9206875.074","LOWER_RIGHT_X":"509966.617","LOWER_RIGHT_Y":"9205873.074"},"geometry":{"type":"Polygon","coordinates":[[[508964.617000000027474,9206875.073999999091029],[509966.617000000027474,9206875.073999999091029],[509966.617000000027474,9205873.073999999091029],[508964.617000000027474,9205873.073999999091029],[508964.617000000027474,9206875.073999999091029]]]}},
{"type":"Feature","properties":{"DESCRIPTION":"MDT_1441191.tif","FILENAME":"U:\\P589_AmazoniaRevelada_BR-319\\LiDAR_dataset\\ENTREGAS\\ENTREGA_05\\2_MDT\\GEOTIFF\\MDT_1441191.tif","SHRT_FNAME":"MDT_1441191.tif","UPPER_LEFT_X":"507964.522","UPPER_LEFT_Y":"9206875.074","LOWER_RIGHT_X":"508966.522","LOWER_RIGHT_Y":"9205873.074"},"geometry":{"type":"Polygon","coordinates":[[[507964.522,9206875.073999999091029],[508966.522,9206875.073999999091029],[508966.522,9205873.073999999091029],[507964.522,9205873.073999999091029],[507964.522,9206875.073999999091029]]]}},
{"type":"Feature","properties":{"DESCRIPTION":"MDT_1441190.tif","FILENAME":"U:\\P589_AmazoniaRevelada_BR-319\\LiDAR_dataset\\ENTREGAS\\ENTREGA_05\\2_MDT\\GEOTIFF\\MDT_1441190.tif","SHRT_FNAME":"MDT_1441190.tif","UPPER_LEFT_X":"506964.426","UPPER_LEFT_Y":"9206875.074","LOWER_RIGHT_X":"507966.426","LOWER_RIGHT_Y":"9205873.074"},"geometry":{"type":"Polygon","coordinates":[[[506964.425999999977648,9206875.073999999091029],[507966.425999999977648,9206875.073999999091029],[507966.425999999977648,9205873.073999999091029],[506964.425999999977648,9205873.073999999091029],[506964.425999999977648,9206875.073999999091029]]]}},
{"type":"Feature","properties":{"DESCRIPTION":"MDT_1441189.tif","FILENAME":"U:\\P589_AmazoniaRevelada_BR-319\\LiDAR_dataset\\ENTREGAS\\ENTREGA_05\\2_MDT\\GEOTIFF\\MDT_1441189.tif","SHRT_FNAME":"MDT_1441189.tif","UPPER_LEFT_X":"505964.331","UPPER_LEFT_Y":"9206875.074","LOWER_RIGHT_X":"506966.331","LOWER_RIGHT_Y":"9205873.074"},"geometry":{"type":"Polygon","coordinates":[[[505964.331,9206875.073999999091029],[506966.331,9206875.073999999091029],[506966.331,9205873.073999999091029],[505964.331,9205873.073999999091029],[505964.331,9206875.073999999091029]]]}},
{"type":"Feature","properties":{"DESCRIPTION":"MDT_1441188.tif","FILENAME":"U:\\P589_AmazoniaRevelada_BR-319\\LiDAR_dataset\\ENTREGAS\\ENTREGA_05\\2_MDT\\GEOTIFF\\MDT_1441188.tif","SHRT_FNAME":"MDT_1441188.tif","UPPER_LEFT_X":"504964.236","UPPER_LEFT_Y":"9206875.074","LOWER_RIGHT_X":"505966.236","LOWER_RIGHT_Y":"9205873.074"},"geometry":{"type":"Polygon","coordinates":[[[504964.23599999997532,9206875.073999999091029],[505966.23599999997532,9206875.073999999091029],[505966.23599999997532,9205873.073999999091029],[504964.23599999997532,9205873.073999999091029],[504964.23599999997532,9206875.073999999091029]]]}},
{"type":"Feature","properties":{"DESCRIPTION":"MDT_1441187.tif","FILENAME":"U:\\P589_AmazoniaRevelada_BR-319\\LiDAR_dataset\\ENTREGAS\\ENTREGA_05\\2_MDT\\GEOTIFF\\MDT_1441187.tif","SHRT_FNAME":"MDT_1441187.tif","UPPER_LEFT_X":"503964.141","UPPER_LEFT_Y":"9206875.074","LOWER_RIGHT_X":"504966.141","LOWER_RIGHT_Y":"9205873.074"},"geometry":{"type":"Polygon","coordinates":[[[503964.141,9206875.073999999091029],[504966.141,9206875.073999999091029],[504966.141,9205873.073999999091029],[503964.141,9205873.073999999091029],[503964.141,9206875.073999999091029]]]}},
{"type":"Feature","properties":{"DESCRIPTION":"MDT_1441186.tif","FILENAME":"U:\\P589_AmazoniaRevelada_BR-319\\LiDAR_dataset\\ENTREGAS\\ENTREGA_05\\2_MDT\\GEOTIFF\\MDT_1441186.tif","SHRT_FNAME":"MDT_1441186.tif","UPPER_LEFT_X":"502964.046","UPPER_LEFT_Y":"9206875.074","LOWER_RIGHT_X":"503966.046","LOWER_RIGHT_Y":"9205873.074"},"geometry":{"type":"Polygon","coordinates":[[[502964.045999999972992,9206875.073999999091029],[503966.045999999972992,9206875.073999999091029],[503966.045999999972992,9205873.073999999091029],[502964.045999999972992,9205873.073999999091029],[502964.045999999972992,9206875.073999999091029]]]}},
{"type":"Feature","properties":{"DESCRIPTION":"MDT_1441185.tif","FILENAME":"U:\\P589_AmazoniaRevelada_BR-319\\LiDAR_dataset\\ENTREGAS\\ENTREGA_05\\2_MDT\\GEOTIFF\\MDT_1441185.tif","SHRT_FNAME":"MDT_1441185.tif","UPPER_LEFT_X":"501963.950","UPPER_LEFT_Y":"9206875.074","LOWER_RIGHT_X":"502965.950","LOWER_RIGHT_Y":"9205873.074"},"geometry":{"type":"Polygon","coordinates":[[[501963.950000000011642,9206875.073999999091029],[502965.950000000011642,9206875.073999999091029],[502965.950000000011642,9205873.073999999091029],[501963.950000000011642,9205873.073999999091029],[501963.950000000011642,9206875.073999999091029]]]}},
{"type":"Feature","properties":{"DESCRIPTION":"MDT_1441184.tif","FILENAME":"U:\\P589_AmazoniaRevelada_BR-319\\LiDAR_dataset\\ENTREGAS\\ENTREGA_05\\2_MDT\\GEOTIFF\\MDT_1441184.tif","SHRT_FNAME":"MDT_1441184.tif","UPPER_LEFT_X":"500963.855","UPPER_LEFT_Y":"9206875.074","LOWER_RIGHT_X":"501965.855","LOWER_RIGHT_Y":"9205873.074"},"geometry":{"type":"Polygon","coordinates":[[[500963.854999999981374,9206875.073999999091029],[501965.854999999981374,9206875.073999999091029],[501965.854999999981374,9205873.073999999091029],[500963.854999999981374,9205873.073999999091029],[500963.854999999981374,9206875.073999999091029]]]}},
{"type":"Feature","properties":{"DESCRIPTION":"MDT_1441183.tif","FILENAME":"U:\\P589_AmazoniaRevelada_BR-319\\LiDAR_dataset\\ENTREGAS\\ENTREGA_05\\2_MDT\\GEOTIFF\\MDT_1441183.tif","SHRT_FNAME":"MDT_1441183.tif","UPPER_LEFT_X":"499963.760","UPPER_LEFT_Y":"9206875.074","LOWER_RIGHT_X":"500965.760","LOWER_RIGHT_Y":"9205873.074"},"geometry":{"type":"Polygon","coordinates":[[[499963.76,9206875.073999999091029],[500965.76,9206875.073999999091029],[500965.76,9205873.073999999091029],[499963.76,9205873.073999999091029],[499963.76,9206875.073999999091029]]]}},
{"type":"Feature","properties":{"DESCRIPTION":"MDT_1441182.tif","FILENAME":"U:\\P589_AmazoniaRevelada_BR-319\\LiDAR_dataset\\ENTREGAS\\ENTREGA_05\\2_MDT\\GEOTIFF\\MDT_1441182.tif","SHRT_FNAME":"MDT_1441182.tif","UPPER_LEFT_X":"498963.665","UPPER_LEFT_Y":"9206875.074","LOWER_RIGHT_X":"499965.665","LOWER_RIGHT_Y":"9205873.074"},"geometry":{"type":"Polygon","coordinates":[[[498963.664999999979045,9206875.073999999091029],[499965.664999999979045,9206875.073999999091029],[499965.664999999979045,9205873.073999999091029],[498963.664999999979045,9205873.073999999091029],[498963.664999999979045,9206875.073999999091029]]]}},
{"type":"Feature","properties":{"DESCRIPTION":"MDT_1441181.tif","FILENAME":"U:\\P589_AmazoniaRevelada_BR-319\\LiDAR_dataset\\ENTREGAS\\ENTREGA_05\\2_MDT\\GEOTIFF\\MDT_1441181.tif","SHRT_FNAME":"MDT_1441181.tif","UPPER_LEFT_X":"497963.570","UPPER_LEFT_Y":"9206875.074","LOWER_RIGHT_X":"498965.570","LOWER_RIGHT_Y":"9205873.074"},"geometry":{"type":"Polygon","coordinates":[[[497963.57,9206875.073999999091029],[498965.57,9206875.073999999091029],[498965.57,9205873.073999999091029],[497963.57,9205873.073999999091029],[497963.57,9206875.073999999091029]]]}},
{"type":"Feature","properties":{"DESCRIPTION":"MDT_1441180.tif","FILENAME":"U:\\P589_AmazoniaRevelada_BR-319\\LiDAR_dataset\\ENTREGAS\\ENTREGA_05\\2_MDT\\GEOTIFF\\MDT_1441180.tif","SHRT_FNAME":"MDT_1441180.tif","UPPER_LEFT_X":"496963.474","UPPER_LEFT_Y":"9206875.074","LOWER_RIGHT_X":"497965.474","LOWER_RIGHT_Y":"9205873.074"},"geometry":{"type":"Polygon","coordinates":[[[496963.473999999987427,9206875.073999999091029],[497965.473999999987427,9206875.073999999091029],[497965.473999999987427,9205873.073999999091029],[496963.473999999987427,9205873.073999999091029],[496963.473999999987427,9206875.073999999091029]]]}},
{"type":"Feature","properties":{"DESCRIPTION":"MDT_1441179.tif","FILENAME":"U:\\P589_AmazoniaRevelada_BR-319\\LiDAR_dataset\\ENTREGAS\\ENTREGA_05\\2_MDT\\GEOTIFF\\MDT_1441179.tif","SHRT_FNAME":"MDT_1441179.tif","UPPER_LEFT_X":"495963.379","UPPER_LEFT_Y":"9206875.074","LOWER_RIGHT_X":"496965.379","LOWER_RIGHT_Y":"9205873.074"},"geometry":{"type":"Polygon","coordinates":[[[495963.379000000015367,9206875.073999999091029],[496965.379000000015367,9206875.073999999091029],[496965.379000000015367,9205873.073999999091029],[495963.379000000015367,9205873.073999999091029],[495963.379000000015367,9206875.073999999091029]]]}},
{"type":"Feature","properties":{"DESCRIPTION":"MDT_1441178.tif","FILENAME":"U:\\P589_AmazoniaRevelada_BR-319\\LiDAR_dataset\\ENTREGAS\\ENTREGA_05\\2_MDT\\GEOTIFF\\MDT_1441178.tif","SHRT_FNAME":"MDT_1441178.tif","UPPER_LEFT_X":"494963.284","UPPER_LEFT_Y":"9206875.074","LOWER_RIGHT_X":"495965.284","LOWER_RIGHT_Y":"9205873.074"},"geometry":{"type":"Polygon","coordinates":[[[494963.283999999985099,9206875.073999999091029],[495965.283999999985099,9206875.073999999091029],[495965.283999999985099,9205873.073999999091029],[494963.283999999985099,9205873.073999999091029],[494963.283999999985099,9206875.073999999091029]]]}},
{"type":"Feature","properties":{"DESCRIPTION":"MDT_1441177.tif","FILENAME":"U:\\P589_AmazoniaRevelada_BR-319\\LiDAR_dataset\\ENTREGAS\\ENTREGA_05\\2_MDT\\GEOTIFF\\MDT_1441177.tif","SHRT_FNAME":"MDT_1441177.tif","UPPER_LEFT_X":"493963.189","UPPER_LEFT_Y":"9206875.074","LOWER_RIGHT_X":"494965.189","LOWER_RIGHT_Y":"9205873.074"},"geometry":{"type":"Polygon","coordinates":[[[493963.189000000013039,9206875.073999999091029],[494965.189000000013039,9206875.073999999091029],[494965.189000000013039,9205873.073999999091029],[493963.189000000013039,9205873.073999999091029],[493963.189000000013039,9206875.073999999091029]]]}},
{"type":"Feature","properties":{"DESCRIPTION":"MDT_1441176.tif","FILENAME":"U:\\P589_AmazoniaRevelada_BR-319\\LiDAR_dataset\\ENTREGAS\\ENTREGA_05\\2_MDT\\GEOTIFF\\MDT_1441176.tif","SHRT_FNAME":"MDT_1441176.tif","UPPER_LEFT_X":"492963.094","UPPER_LEFT_Y":"9206875.074","LOWER_RIGHT_X":"493965.094","LOWER_RIGHT_Y":"9205873.074"},"geometry":{"type":"Polygon","coordinates":[[[492963.093999999982771,9206875.073999999091029],[493965.093999999982771,9206875.073999999091029],[493965.093999999982771,9205873.073999999091029],[492963.093999999982771,9205873.073999999091029],[492963.093999999982771,9206875.073999999091029]]]}},
{"type":"Feature","properties":{"DESCRIPTION":"MDT_1441175.tif","FILENAME":"U:\\P589_AmazoniaRevelada_BR-319\\LiDAR_dataset\\ENTREGAS\\ENTREGA_05\\2_MDT\\GEOTIFF\\MDT_1441175.tif","SHRT_FNAME":"MDT_1441175.tif","UPPER_LEFT_X":"491962.998","UPPER_LEFT_Y":"9206875.074","LOWER_RIGHT_X":"492964.998","LOWER_RIGHT_Y":"9205873.074"},"geometry":{"type":"Polygon","coordinates":[[[491962.99800000002142,9206875.073999999091029],[492964.99800000002142,9206875.073999999091029],[492964.99800000002142,9205873.073999999091029],[491962.99800000002142,9205873.073999999091029],[491962.99800000002142,9206875.073999999091029]]]}},
{"type":"Feature","properties":{"DESCRIPTION":"MDT_1441174.tif","FILENAME":"U:\\P589_AmazoniaRevelada_BR-319\\LiDAR_dataset\\ENTREGAS\\ENTREGA_05\\2_MDT\\GEOTIFF\\MDT_1441174.tif","SHRT_FNAME":"MDT_1441174.tif","UPPER_LEFT_X":"490962.903","UPPER_LEFT_Y":"9206875.074","LOWER_RIGHT_X":"491964.903","LOWER_RIGHT_Y":"9205873.074"},"geometry":{"type":"Polygon","coordinates":[[[490962.903,9206875.073999999091029],[491964.903,9206875.073999999091029],[491964.903,9205873.073999999091029],[490962.903,9205873.073999999091029],[490962.903,9206875.073999999091029]]]}},
{"type":"Feature","properties":{"DESCRIPTION":"MDT_1441173.tif","FILENAME":"U:\\P589_AmazoniaRevelada_BR-319\\LiDAR_dataset\\ENTREGAS\\ENTREGA_05\\2_MDT\\GEOTIFF\\MDT_1441173.tif","SHRT_FNAME":"MDT_1441173.tif","UPPER_LEFT_X":"489962.808","UPPER_LEFT_Y":"9206875.074","LOWER_RIGHT_X":"490964.808","LOWER_RIGHT_Y":"9205873.074"},"geometry":{"type":"Polygon","coordinates":[[[489962.808000000019092,9206875.073999999091029],[490964.808000000019092,9206875.073999999091029],[490964.808000000019092,9205873.073999999091029],[489962.808000000019092,9205873.073999999091029],[489962.808000000019092,9206875.073999999091029]]]}},
{"type":"Feature","properties":{"DESCRIPTION":"MDT_1441172.tif","FILENAME":"U:\\P589_AmazoniaRevelada_BR-319\\LiDAR_dataset\\ENTREGAS\\ENTREGA_05\\2_MDT\\GEOTIFF\\MDT_1441172.tif","SHRT_FNAME":"MDT_1441172.tif","UPPER_LEFT_X":"488962.713","UPPER_LEFT_Y":"9206875.074","LOWER_RIGHT_X":"489964.713","LOWER_RIGHT_Y":"9205873.074"},"geometry":{"type":"Polygon","coordinates":[[[488962.712999999988824,9206875.073999999091029],[489964.712999999988824,9206875.073999999091029],[489964.712999999988824,9205873.073999999091029],[488962.712999999988824,9205873.073999999091029],[488962.712999999988824,9206875.073999999091029]]]}},
{"type":"Feature","properties":{"DESCRIPTION":"MDT_1441171.tif","FILENAME":"U:\\P589_AmazoniaRevelada_BR-319\\LiDAR_dataset\\ENTREGAS\\ENTREGA_05\\2_MDT\\GEOTIFF\\MDT_1441171.tif","SHRT_FNAME":"MDT_1441171.tif","UPPER_LEFT_X":"487962.618","UPPER_LEFT_Y":"9206875.074","LOWER_RIGHT_X":"488964.618","LOWER_RIGHT_Y":"9205873.074"},"geometry":{"type":"Polygon","coordinates":[[[487962.618000000016764,9206875.073999999091029],[488964.618000000016764,9206875.073999999091029],[488964.618000000016764,9205873.073999999091029],[487962.618000000016764,9205873.073999999091029],[487962.618000000016764,9206875.073999999091029]]]}},
{"type":"Feature","properties":{"DESCRIPTION":"MDT_1441170.tif","FILENAME":"U:\\P589_AmazoniaRevelada_BR-319\\LiDAR_dataset\\ENTREGAS\\ENTREGA_05\\2_MDT\\GEOTIFF\\MDT_1441170.tif","SHRT_FNAME":"MDT_1441170.tif","UPPER_LEFT_X":"486962.522","UPPER_LEFT_Y":"9206875.074","LOWER_RIGHT_X":"487964.522","LOWER_RIGHT_Y":"9205873.074"},"geometry":{"type":"Polygon","coordinates":[[[486962.522,9206875.073999999091029],[487964.522,9206875.073999999091029],[487964.522,9205873.073999999091029],[486962.522,9205873.073999999091029],[486962.522,9206875.073999999091029]]]}},
{"type":"Feature","properties":{"DESCRIPTION":"MDT_1441169.tif","FILENAME":"U:\\P589_AmazoniaRevelada_BR-319\\LiDAR_dataset\\ENTREGAS\\ENTREGA_05\\2_MDT\\GEOTIFF\\MDT_1441169.tif","SHRT_FNAME":"MDT_1441169.tif","UPPER_LEFT_X":"485962.427","UPPER_LEFT_Y":"9206875.074","LOWER_RIGHT_X":"486964.427","LOWER_RIGHT_Y":"9205873.074"},"geometry":{"type":"Polygon","coordinates":[[[485962.427000000025146,9206875.073999999091029],[486964.427000000025146,9206875.073999999091029],[486964.427000000025146,9205873.073999999091029],[485962.427000000025146,9205873.073999999091029],[485962.427000000025146,9206875.073999999091029]]]}},
{"type":"Feature","properties":{"DESCRIPTION":"MDT_1441168.tif","FILENAME":"U:\\P589_AmazoniaRevelada_BR-319\\LiDAR_dataset\\ENTREGAS\\ENTREGA_05\\2_MDT\\GEOTIFF\\MDT_1441168.tif","SHRT_FNAME":"MDT_1441168.tif","UPPER_LEFT_X":"484962.332","UPPER_LEFT_Y":"9206875.074","LOWER_RIGHT_X":"485964.332","LOWER_RIGHT_Y":"9205873.074"},"geometry":{"type":"Polygon","coordinates":[[[484962.332,9206875.073999999091029],[485964.332,9206875.073999999091029],[485964.332,9205873.073999999091029],[484962.332,9205873.073999999091029],[484962.332,9206875.073999999091029]]]}},
{"type":"Feature","properties":{"DESCRIPTION":"MDT_1441167.tif","FILENAME":"U:\\P589_AmazoniaRevelada_BR-319\\LiDAR_dataset\\ENTREGAS\\ENTREGA_05\\2_MDT\\GEOTIFF\\MDT_1441167.tif","SHRT_FNAME":"MDT_1441167.tif","UPPER_LEFT_X":"483962.237","UPPER_LEFT_Y":"9206875.074","LOWER_RIGHT_X":"484964.237","LOWER_RIGHT_Y":"9205873.074"},"geometry":{"type":"Polygon","coordinates":[[[483962.237000000022817,9206875.073999999091029],[484964.237000000022817,9206875.073999999091029],[484964.237000000022817,9205873.073999999091029],[483962.237000000022817,9205873.073999999091029],[483962.237000000022817,9206875.073999999091029]]]}},
{"type":"Feature","properties":{"DESCRIPTION":"MDT_1441166.tif","FILENAME":"U:\\P589_AmazoniaRevelada_BR-319\\LiDAR_dataset\\ENTREGAS\\ENTREGA_05\\2_MDT\\GEOTIFF\\MDT_1441166.tif","SHRT_FNAME":"MDT_1441166.tif","UPPER_LEFT_X":"482962.142","UPPER_LEFT_Y":"9206875.074","LOWER_RIGHT_X":"483964.142","LOWER_RIGHT_Y":"9205873.074"},"geometry":{"type":"Polygon","coordinates":[[[482962.142,9206875.073999999091029],[483964.142,9206875.073999999091029],[483964.142,9205873.073999999091029],[482962.142,9205873.073999999091029],[482962.142,9206875.073999999091029]]]}},
{"type":"Feature","properties":{"DESCRIPTION":"MDT_1441165.tif","FILENAME":"U:\\P589_AmazoniaRevelada_BR-319\\LiDAR_dataset\\ENTREGAS\\ENTREGA_05\\2_MDT\\GEOTIFF\\MDT_1441165.tif","SHRT_FNAME":"MDT_1441165.tif","UPPER_LEFT_X":"481962.046","UPPER_LEFT_Y":"9206875.074","LOWER_RIGHT_X":"482964.046","LOWER_RIGHT_Y":"9205873.074"},"geometry":{"type":"Polygon","coordinates":[[[481962.045999999972992,9206875.073999999091029],[482964.045999999972992,9206875.073999999091029],[482964.045999999972992,9205873.073999999091029],[481962.045999999972992,9205873.073999999091029],[481962.045999999972992,9206875.073999999091029]]]}},
{"type":"Feature","properties":{"DESCRIPTION":"MDT_1441164.tif","FILENAME":"U:\\P589_AmazoniaRevelada_BR-319\\LiDAR_dataset\\ENTREGAS\\ENTREGA_05\\2_MDT\\GEOTIFF\\MDT_1441164.tif","SHRT_FNAME":"MDT_1441164.tif","UPPER_LEFT_X":"480961.951","UPPER_LEFT_Y":"9206875.074","LOWER_RIGHT_X":"481963.951","LOWER_RIGHT_Y":"9205873.074"},"geometry":{"type":"Polygon","coordinates":[[[480961.951,9206875.073999999091029],[481963.951,9206875.073999999091029],[481963.951,9205873.073999999091029],[480961.951,9205873.073999999091029],[480961.951,9206875.073999999091029]]]}},
{"type":"Feature","properties":{"DESCRIPTION":"MDT_1441163.tif","FILENAME":"U:\\P589_AmazoniaRevelada_BR-319\\LiDAR_dataset\\ENTREGAS\\ENTREGA_05\\2_MDT\\GEOTIFF\\MDT_1441163.tif","SHRT_FNAME":"MDT_1441163.tif","UPPER_LEFT_X":"479961.856","UPPER_LEFT_Y":"9206875.074","LOWER_RIGHT_X":"480963.856","LOWER_RIGHT_Y":"9205873.074"},"geometry":{"type":"Polygon","coordinates":[[[479961.856000000028871,9206875.073999999091029],[480963.856000000028871,9206875.073999999091029],[480963.856000000028871,9205873.073999999091029],[479961.856000000028871,9205873.073999999091029],[479961.856000000028871,9206875.073999999091029]]]}},
{"type":"Feature","properties":{"DESCRIPTION":"MDT_1441162.tif","FILENAME":"U:\\P589_AmazoniaRevelada_BR-319\\LiDAR_dataset\\ENTREGAS\\ENTREGA_05\\2_MDT\\GEOTIFF\\MDT_1441162.tif","SHRT_FNAME":"MDT_1441162.tif","UPPER_LEFT_X":"478961.761","UPPER_LEFT_Y":"9206875.074","LOWER_RIGHT_X":"479963.761","LOWER_RIGHT_Y":"9205873.074"},"geometry":{"type":"Polygon","coordinates":[[[478961.761,9206875.073999999091029],[479963.761,9206875.073999999091029],[479963.761,9205873.073999999091029],[478961.761,9205873.073999999091029],[478961.761,9206875.073999999091029]]]}},
{"type":"Feature","properties":{"DESCRIPTION":"MDT_1441161.tif","FILENAME":"U:\\P589_AmazoniaRevelada_BR-319\\LiDAR_dataset\\ENTREGAS\\ENTREGA_05\\2_MDT\\GEOTIFF\\MDT_1441161.tif","SHRT_FNAME":"MDT_1441161.tif","UPPER_LEFT_X":"477961.666","UPPER_LEFT_Y":"9206875.074","LOWER_RIGHT_X":"478963.666","LOWER_RIGHT_Y":"9205873.074"},"geometry":{"type":"Polygon","coordinates":[[[477961.666000000026543,9206875.073999999091029],[478963.666000000026543,9206875.073999999091029],[478963.666000000026543,9205873.073999999091029],[477961.666000000026543,9205873.073999999091029],[477961.666000000026543,9206875.073999999091029]]]}},
{"type":"Feature","properties":{"DESCRIPTION":"MDT_1441160.tif","FILENAME":"U:\\P589_AmazoniaRevelada_BR-319\\LiDAR_dataset\\ENTREGAS\\ENTREGA_05\\2_MDT\\GEOTIFF\\MDT_1441160.tif","SHRT_FNAME":"MDT_1441160.tif","UPPER_LEFT_X":"476961.570","UPPER_LEFT_Y":"9206875.074","LOWER_RIGHT_X":"477963.570","LOWER_RIGHT_Y":"9205873.074"},"geometry":{"type":"Polygon","coordinates":[[[476961.57,9206875.073999999091029],[477963.57,9206875.073999999091029],[477963.57,9205873.073999999091029],[476961.57,9205873.073999999091029],[476961.57,9206875.073999999091029]]]}},
{"type":"Feature","properties":{"DESCRIPTION":"MDT_1441159.tif","FILENAME":"U:\\P589_AmazoniaRevelada_BR-319\\LiDAR_dataset\\ENTREGAS\\ENTREGA_05\\2_MDT\\GEOTIFF\\MDT_1441159.tif","SHRT_FNAME":"MDT_1441159.tif","UPPER_LEFT_X":"475961.475","UPPER_LEFT_Y":"9206875.074","LOWER_RIGHT_X":"476963.475","LOWER_RIGHT_Y":"9205873.074"},"geometry":{"type":"Polygon","coordinates":[[[475961.474999999976717,9206875.073999999091029],[476963.474999999976717,9206875.073999999091029],[476963.474999999976717,9205873.073999999091029],[475961.474999999976717,9205873.073999999091029],[475961.474999999976717,9206875.073999999091029]]]}},
{"type":"Feature","properties":{"DESCRIPTION":"MDT_1441158.tif","FILENAME":"U:\\P589_AmazoniaRevelada_BR-319\\LiDAR_dataset\\ENTREGAS\\ENTREGA_05\\2_MDT\\GEOTIFF\\MDT_1441158.tif","SHRT_FNAME":"MDT_1441158.tif","UPPER_LEFT_X":"474961.380","UPPER_LEFT_Y":"9206875.074","LOWER_RIGHT_X":"475963.380","LOWER_RIGHT_Y":"9205873.074"},"geometry":{"type":"Polygon","coordinates":[[[474961.38,9206875.073999999091029],[475963.38,9206875.073999999091029],[475963.38,9205873.073999999091029],[474961.38,9205873.073999999091029],[474961.38,9206875.073999999091029]]]}},
{"type":"Feature","properties":{"DESCRIPTION":"MDT_1441157.tif","FILENAME":"U:\\P589_AmazoniaRevelada_BR-319\\LiDAR_dataset\\ENTREGAS\\ENTREGA_05\\2_MDT\\GEOTIFF\\MDT_1441157.tif","SHRT_FNAME":"MDT_1441157.tif","UPPER_LEFT_X":"473961.285","UPPER_LEFT_Y":"9206875.074","LOWER_RIGHT_X":"474963.285","LOWER_RIGHT_Y":"9205873.074"},"geometry":{"type":"Polygon","coordinates":[[[473961.284999999974389,9206875.073999999091029],[474963.284999999974389,9206875.073999999091029],[474963.284999999974389,9205873.073999999091029],[473961.284999999974389,9205873.073999999091029],[473961.284999999974389,9206875.073999999091029]]]}},
{"type":"Feature","properties":{"DESCRIPTION":"MDT_1441156.tif","FILENAME":"U:\\P589_AmazoniaRevelada_BR-319\\LiDAR_dataset\\ENTREGAS\\ENTREGA_05\\2_MDT\\GEOTIFF\\MDT_1441156.tif","SHRT_FNAME":"MDT_1441156.tif","UPPER_LEFT_X":"472961.190","UPPER_LEFT_Y":"9206875.074","LOWER_RIGHT_X":"473963.190","LOWER_RIGHT_Y":"9205873.074"},"geometry":{"type":"Polygon","coordinates":[[[472961.19,9206875.073999999091029],[473963.19,9206875.073999999091029],[473963.19,9205873.073999999091029],[472961.19,9205873.073999999091029],[472961.19,9206875.073999999091029]]]}},
{"type":"Feature","properties":{"DESCRIPTION":"MDT_1441155.tif","FILENAME":"U:\\P589_AmazoniaRevelada_BR-319\\LiDAR_dataset\\ENTREGAS\\ENTREGA_05\\2_MDT\\GEOTIFF\\MDT_1441155.tif","SHRT_FNAME":"MDT_1441155.tif","UPPER_LEFT_X":"471961.094","UPPER_LEFT_Y":"9206875.074","LOWER_RIGHT_X":"472963.094","LOWER_RIGHT_Y":"9205873.074"},"geometry":{"type":"Polygon","coordinates":[[[471961.093999999982771,9206875.073999999091029],[472963.093999999982771,9206875.073999999091029],[472963.093999999982771,9205873.073999999091029],[471961.093999999982771,9205873.073999999091029],[471961.093999999982771,9206875.073999999091029]]]}},
{"type":"Feature","properties":{"DESCRIPTION":"MDT_1441154.tif","FILENAME":"U:\\P589_AmazoniaRevelada_BR-319\\LiDAR_dataset\\ENTREGAS\\ENTREGA_05\\2_MDT\\GEOTIFF\\MDT_1441154.tif","SHRT_FNAME":"MDT_1441154.tif","UPPER_LEFT_X":"470960.999","UPPER_LEFT_Y":"9206875.074","LOWER_RIGHT_X":"471962.999","LOWER_RIGHT_Y":"9205873.074"},"geometry":{"type":"Polygon","coordinates":[[[470960.99900000001071,9206875.073999999091029],[471962.99900000001071,9206875.073999999091029],[471962.99900000001071,9205873.073999999091029],[470960.99900000001071,9205873.073999999091029],[470960.99900000001071,9206875.073999999091029]]]}},
{"type":"Feature","properties":{"DESCRIPTION":"MDT_1441153.tif","FILENAME":"U:\\P589_AmazoniaRevelada_BR-319\\LiDAR_dataset\\ENTREGAS\\ENTREGA_05\\2_MDT\\GEOTIFF\\MDT_1441153.tif","SHRT_FNAME":"MDT_1441153.tif","UPPER_LEFT_X":"469960.904","UPPER_LEFT_Y":"9206875.074","LOWER_RIGHT_X":"470962.904","LOWER_RIGHT_Y":"9205873.074"},"geometry":{"type":"Polygon","coordinates":[[[469960.903999999980442,9206875.073999999091029],[470962.903999999980442,9206875.073999999091029],[470962.903999999980442,9205873.073999999091029],[469960.903999999980442,9205873.073999999091029],[469960.903999999980442,9206875.073999999091029]]]}},
{"type":"Feature","properties":{"DESCRIPTION":"MDT_1441152.tif","FILENAME":"U:\\P589_AmazoniaRevelada_BR-319\\LiDAR_dataset\\ENTREGAS\\ENTREGA_05\\2_MDT\\GEOTIFF\\MDT_1441152.tif","SHRT_FNAME":"MDT_1441152.tif","UPPER_LEFT_X":"468960.809","UPPER_LEFT_Y":"9206875.074","LOWER_RIGHT_X":"469962.809","LOWER_RIGHT_Y":"9205873.074"},"geometry":{"type":"Polygon","coordinates":[[[468960.809,9206875.073999999091029],[469962.809,9206875.073999999091029],[469962.809,9205873.073999999091029],[468960.809,9205873.073999999091029],[468960.809,9206875.073999999091029]]]}},
{"type":"Feature","properties":{"DESCRIPTION":"MDT_1441151.tif","FILENAME":"U:\\P589_AmazoniaRevelada_BR-319\\LiDAR_dataset\\ENTREGAS\\ENTREGA_05\\2_MDT\\GEOTIFF\\MDT_1441151.tif","SHRT_FNAME":"MDT_1441151.tif","UPPER_LEFT_X":"467960.714","UPPER_LEFT_Y":"9206875.074","LOWER_RIGHT_X":"468962.714","LOWER_RIGHT_Y":"9205873.074"},"geometry":{"type":"Polygon","coordinates":[[[467960.713999999978114,9206875.073999999091029],[468962.713999999978114,9206875.073999999091029],[468962.713999999978114,9205873.073999999091029],[467960.713999999978114,9205873.073999999091029],[467960.713999999978114,9206875.073999999091029]]]}},
{"type":"Feature","properties":{"DESCRIPTION":"MDT_1441150.tif","FILENAME":"U:\\P589_AmazoniaRevelada_BR-319\\LiDAR_dataset\\ENTREGAS\\ENTREGA_05\\2_MDT\\GEOTIFF\\MDT_1441150.tif","SHRT_FNAME":"MDT_1441150.tif","UPPER_LEFT_X":"466960.618","UPPER_LEFT_Y":"9206875.074","LOWER_RIGHT_X":"467962.618","LOWER_RIGHT_Y":"9205873.074"},"geometry":{"type":"Polygon","coordinates":[[[466960.618000000016764,9206875.073999999091029],[467962.618000000016764,9206875.073999999091029],[467962.618000000016764,9205873.073999999091029],[466960.618000000016764,9205873.073999999091029],[466960.618000000016764,9206875.073999999091029]]]}},
{"type":"Feature","properties":{"DESCRIPTION":"MDT_1441149.tif","FILENAME":"U:\\P589_AmazoniaRevelada_BR-319\\LiDAR_dataset\\ENTREGAS\\ENTREGA_05\\2_MDT\\GEOTIFF\\MDT_1441149.tif","SHRT_FNAME":"MDT_1441149.tif","UPPER_LEFT_X":"465960.523","UPPER_LEFT_Y":"9206875.074","LOWER_RIGHT_X":"466962.523","LOWER_RIGHT_Y":"9205873.074"},"geometry":{"type":"Polygon","coordinates":[[[465960.522999999986496,9206875.073999999091029],[466962.522999999986496,9206875.073999999091029],[466962.522999999986496,9205873.073999999091029],[465960.522999999986496,9205873.073999999091029],[465960.522999999986496,9206875.073999999091029]]]}},
{"type":"Feature","properties":{"DESCRIPTION":"MDT_1441148.tif","FILENAME":"U:\\P589_AmazoniaRevelada_BR-319\\LiDAR_dataset\\ENTREGAS\\ENTREGA_05\\2_MDT\\GEOTIFF\\MDT_1441148.tif","SHRT_FNAME":"MDT_1441148.tif","UPPER_LEFT_X":"464960.428","UPPER_LEFT_Y":"9206875.074","LOWER_RIGHT_X":"465962.428","LOWER_RIGHT_Y":"9205873.074"},"geometry":{"type":"Polygon","coordinates":[[[464960.428000000014435,9206875.073999999091029],[465962.428000000014435,9206875.073999999091029],[465962.428000000014435,9205873.073999999091029],[464960.428000000014435,9205873.073999999091029],[464960.428000000014435,9206875.073999999091029]]]}},
{"type":"Feature","properties":{"DESCRIPTION":"MDT_1441147.tif","FILENAME":"U:\\P589_AmazoniaRevelada_BR-319\\LiDAR_dataset\\ENTREGAS\\ENTREGA_05\\2_MDT\\GEOTIFF\\MDT_1441147.tif","SHRT_FNAME":"MDT_1441147.tif","UPPER_LEFT_X":"463960.333","UPPER_LEFT_Y":"9206875.074","LOWER_RIGHT_X":"464962.333","LOWER_RIGHT_Y":"9205873.074"},"geometry":{"type":"Polygon","coordinates":[[[463960.332999999984168,9206875.073999999091029],[464962.332999999984168,9206875.073999999091029],[464962.332999999984168,9205873.073999999091029],[463960.332999999984168,9205873.073999999091029],[463960.332999999984168,9206875.073999999091029]]]}},
{"type":"Feature","properties":{"DESCRIPTION":"MDT_1440193.tif","FILENAME":"U:\\P589_AmazoniaRevelada_BR-319\\LiDAR_dataset\\ENTREGAS\\ENTREGA_05\\2_MDT\\GEOTIFF\\MDT_1440193.tif","SHRT_FNAME":"MDT_1440193.tif","UPPER_LEFT_X":"509964.712","UPPER_LEFT_Y":"9207874.949","LOWER_RIGHT_X":"510966.712","LOWER_RIGHT_Y":"9206872.949"},"geometry":{"type":"Polygon","coordinates":[[[509964.712,9207874.948999999091029],[510966.712,9207874.948999999091029],[510966.712,9206872.948999999091029],[509964.712,9206872.948999999091029],[509964.712,9207874.948999999091029]]]}},
{"type":"Feature","properties":{"DESCRIPTION":"MDT_1440192.tif","FILENAME":"U:\\P589_AmazoniaRevelada_BR-319\\LiDAR_dataset\\ENTREGAS\\ENTREGA_05\\2_MDT\\GEOTIFF\\MDT_1440192.tif","SHRT_FNAME":"MDT_1440192.tif","UPPER_LEFT_X":"508964.617","UPPER_LEFT_Y":"9207874.949","LOWER_RIGHT_X":"509966.617","LOWER_RIGHT_Y":"9206872.949"},"geometry":{"type":"Polygon","coordinates":[[[508964.617000000027474,9207874.948999999091029],[509966.617000000027474,9207874.948999999091029],[509966.617000000027474,9206872.948999999091029],[508964.617000000027474,9206872.948999999091029],[508964.617000000027474,9207874.948999999091029]]]}},
{"type":"Feature","properties":{"DESCRIPTION":"MDT_1440191.tif","FILENAME":"U:\\P589_AmazoniaRevelada_BR-319\\LiDAR_dataset\\ENTREGAS\\ENTREGA_05\\2_MDT\\GEOTIFF\\MDT_1440191.tif","SHRT_FNAME":"MDT_1440191.tif","UPPER_LEFT_X":"507964.522","UPPER_LEFT_Y":"9207874.949","LOWER_RIGHT_X":"508966.522","LOWER_RIGHT_Y":"9206872.949"},"geometry":{"type":"Polygon","coordinates":[[[507964.522,9207874.948999999091029],[508966.522,9207874.948999999091029],[508966.522,9206872.948999999091029],[507964.522,9206872.948999999091029],[507964.522,9207874.948999999091029]]]}},
{"type":"Feature","properties":{"DESCRIPTION":"MDT_1440190.tif","FILENAME":"U:\\P589_AmazoniaRevelada_BR-319\\LiDAR_dataset\\ENTREGAS\\ENTREGA_05\\2_MDT\\GEOTIFF\\MDT_1440190.tif","SHRT_FNAME":"MDT_1440190.tif","UPPER_LEFT_X":"506964.426","UPPER_LEFT_Y":"9207874.949","LOWER_RIGHT_X":"507966.426","LOWER_RIGHT_Y":"9206872.949"},"geometry":{"type":"Polygon","coordinates":[[[506964.425999999977648,9207874.948999999091029],[507966.425999999977648,9207874.948999999091029],[507966.425999999977648,9206872.948999999091029],[506964.425999999977648,9206872.948999999091029],[506964.425999999977648,9207874.948999999091029]]]}},
{"type":"Feature","properties":{"DESCRIPTION":"MDT_1440189.tif","FILENAME":"U:\\P589_AmazoniaRevelada_BR-319\\LiDAR_dataset\\ENTREGAS\\ENTREGA_05\\2_MDT\\GEOTIFF\\MDT_1440189.tif","SHRT_FNAME":"MDT_1440189.tif","UPPER_LEFT_X":"505964.331","UPPER_LEFT_Y":"9207874.949","LOWER_RIGHT_X":"506966.331","LOWER_RIGHT_Y":"9206872.949"},"geometry":{"type":"Polygon","coordinates":[[[505964.331,9207874.948999999091029],[506966.331,9207874.948999999091029],[506966.331,9206872.948999999091029],[505964.331,9206872.948999999091029],[505964.331,9207874.948999999091029]]]}},
{"type":"Feature","properties":{"DESCRIPTION":"MDT_1440188.tif","FILENAME":"U:\\P589_AmazoniaRevelada_BR-319\\LiDAR_dataset\\ENTREGAS\\ENTREGA_05\\2_MDT\\GEOTIFF\\MDT_1440188.tif","SHRT_FNAME":"MDT_1440188.tif","UPPER_LEFT_X":"504964.236","UPPER_LEFT_Y":"9207874.949","LOWER_RIGHT_X":"505966.236","LOWER_RIGHT_Y":"9206872.949"},"geometry":{"type":"Polygon","coordinates":[[[504964.23599999997532,9207874.948999999091029],[505966.23599999997532,9207874.948999999091029],[505966.23599999997532,9206872.948999999091029],[504964.23599999997532,9206872.948999999091029],[504964.23599999997532,9207874.948999999091029]]]}},
{"type":"Feature","properties":{"DESCRIPTION":"MDT_1440187.tif","FILENAME":"U:\\P589_AmazoniaRevelada_BR-319\\LiDAR_dataset\\ENTREGAS\\ENTREGA_05\\2_MDT\\GEOTIFF\\MDT_1440187.tif","SHRT_FNAME":"MDT_1440187.tif","UPPER_LEFT_X":"503964.141","UPPER_LEFT_Y":"9207874.949","LOWER_RIGHT_X":"504966.141","LOWER_RIGHT_Y":"9206872.949"},"geometry":{"type":"Polygon","coordinates":[[[503964.141,9207874.948999999091029],[504966.141,9207874.948999999091029],[504966.141,9206872.948999999091029],[503964.141,9206872.948999999091029],[503964.141,9207874.948999999091029]]]}},
{"type":"Feature","properties":{"DESCRIPTION":"MDT_1440186.tif","FILENAME":"U:\\P589_AmazoniaRevelada_BR-319\\LiDAR_dataset\\ENTREGAS\\ENTREGA_05\\2_MDT\\GEOTIFF\\MDT_1440186.tif","SHRT_FNAME":"MDT_1440186.tif","UPPER_LEFT_X":"502964.046","UPPER_LEFT_Y":"9207874.949","LOWER_RIGHT_X":"503966.046","LOWER_RIGHT_Y":"9206872.949"},"geometry":{"type":"Polygon","coordinates":[[[502964.045999999972992,9207874.948999999091029],[503966.045999999972992,9207874.948999999091029],[503966.045999999972992,9206872.948999999091029],[502964.045999999972992,9206872.948999999091029],[502964.045999999972992,9207874.948999999091029]]]}},
{"type":"Feature","properties":{"DESCRIPTION":"MDT_1440185.tif","FILENAME":"U:\\P589_AmazoniaRevelada_BR-319\\LiDAR_dataset\\ENTREGAS\\ENTREGA_05\\2_MDT\\GEOTIFF\\MDT_1440185.tif","SHRT_FNAME":"MDT_1440185.tif","UPPER_LEFT_X":"501963.950","UPPER_LEFT_Y":"9207874.949","LOWER_RIGHT_X":"502965.950","LOWER_RIGHT_Y":"9206872.949"},"geometry":{"type":"Polygon","coordinates":[[[501963.950000000011642,9207874.948999999091029],[502965.950000000011642,9207874.948999999091029],[502965.950000000011642,9206872.948999999091029],[501963.950000000011642,9206872.948999999091029],[501963.950000000011642,9207874.948999999091029]]]}},
{"type":"Feature","properties":{"DESCRIPTION":"MDT_1440184.tif","FILENAME":"U:\\P589_AmazoniaRevelada_BR-319\\LiDAR_dataset\\ENTREGAS\\ENTREGA_05\\2_MDT\\GEOTIFF\\MDT_1440184.tif","SHRT_FNAME":"MDT_1440184.tif","UPPER_LEFT_X":"500963.855","UPPER_LEFT_Y":"9207874.949","LOWER_RIGHT_X":"501965.855","LOWER_RIGHT_Y":"9206872.949"},"geometry":{"type":"Polygon","coordinates":[[[500963.854999999981374,9207874.948999999091029],[501965.854999999981374,9207874.948999999091029],[501965.854999999981374,9206872.948999999091029],[500963.854999999981374,9206872.948999999091029],[500963.854999999981374,9207874.948999999091029]]]}},
{"type":"Feature","properties":{"DESCRIPTION":"MDT_1440183.tif","FILENAME":"U:\\P589_AmazoniaRevelada_BR-319\\LiDAR_dataset\\ENTREGAS\\ENTREGA_05\\2_MDT\\GEOTIFF\\MDT_1440183.tif","SHRT_FNAME":"MDT_1440183.tif","UPPER_LEFT_X":"499963.760","UPPER_LEFT_Y":"9207874.949","LOWER_RIGHT_X":"500965.760","LOWER_RIGHT_Y":"9206872.949"},"geometry":{"type":"Polygon","coordinates":[[[499963.76,9207874.948999999091029],[500965.76,9207874.948999999091029],[500965.76,9206872.948999999091029],[499963.76,9206872.948999999091029],[499963.76,9207874.948999999091029]]]}},
{"type":"Feature","properties":{"DESCRIPTION":"MDT_1440182.tif","FILENAME":"U:\\P589_AmazoniaRevelada_BR-319\\LiDAR_dataset\\ENTREGAS\\ENTREGA_05\\2_MDT\\GEOTIFF\\MDT_1440182.tif","SHRT_FNAME":"MDT_1440182.tif","UPPER_LEFT_X":"498963.665","UPPER_LEFT_Y":"9207874.949","LOWER_RIGHT_X":"499965.665","LOWER_RIGHT_Y":"9206872.949"},"geometry":{"type":"Polygon","coordinates":[[[498963.664999999979045,9207874.948999999091029],[499965.664999999979045,9207874.948999999091029],[499965.664999999979045,9206872.948999999091029],[498963.664999999979045,9206872.948999999091029],[498963.664999999979045,9207874.948999999091029]]]}},
{"type":"Feature","properties":{"DESCRIPTION":"MDT_1440181.tif","FILENAME":"U:\\P589_AmazoniaRevelada_BR-319\\LiDAR_dataset\\ENTREGAS\\ENTREGA_05\\2_MDT\\GEOTIFF\\MDT_1440181.tif","SHRT_FNAME":"MDT_1440181.tif","UPPER_LEFT_X":"497963.570","UPPER_LEFT_Y":"9207874.949","LOWER_RIGHT_X":"498965.570","LOWER_RIGHT_Y":"9206872.949"},"geometry":{"type":"Polygon","coordinates":[[[497963.57,9207874.948999999091029],[498965.57,9207874.948999999091029],[498965.57,9206872.948999999091029],[497963.57,9206872.948999999091029],[497963.57,9207874.948999999091029]]]}},
{"type":"Feature","properties":{"DESCRIPTION":"MDT_1440180.tif","FILENAME":"U:\\P589_AmazoniaRevelada_BR-319\\LiDAR_dataset\\ENTREGAS\\ENTREGA_05\\2_MDT\\GEOTIFF\\MDT_1440180.tif","SHRT_FNAME":"MDT_1440180.tif","UPPER_LEFT_X":"496963.474","UPPER_LEFT_Y":"9207874.949","LOWER_RIGHT_X":"497965.474","LOWER_RIGHT_Y":"9206872.949"},"geometry":{"type":"Polygon","coordinates":[[[496963.473999999987427,9207874.948999999091029],[497965.473999999987427,9207874.948999999091029],[497965.473999999987427,9206872.948999999091029],[496963.473999999987427,9206872.948999999091029],[496963.473999999987427,9207874.948999999091029]]]}},
{"type":"Feature","properties":{"DESCRIPTION":"MDT_1440179.tif","FILENAME":"U:\\P589_AmazoniaRevelada_BR-319\\LiDAR_dataset\\ENTREGAS\\ENTREGA_05\\2_MDT\\GEOTIFF\\MDT_1440179.tif","SHRT_FNAME":"MDT_1440179.tif","UPPER_LEFT_X":"495963.379","UPPER_LEFT_Y":"9207874.949","LOWER_RIGHT_X":"496965.379","LOWER_RIGHT_Y":"9206872.949"},"geometry":{"type":"Polygon","coordinates":[[[495963.379000000015367,9207874.948999999091029],[496965.379000000015367,9207874.948999999091029],[496965.379000000015367,9206872.948999999091029],[495963.379000000015367,9206872.948999999091029],[495963.379000000015367,9207874.948999999091029]]]}},
{"type":"Feature","properties":{"DESCRIPTION":"MDT_1440178.tif","FILENAME":"U:\\P589_AmazoniaRevelada_BR-319\\LiDAR_dataset\\ENTREGAS\\ENTREGA_05\\2_MDT\\GEOTIFF\\MDT_1440178.tif","SHRT_FNAME":"MDT_1440178.tif","UPPER_LEFT_X":"494963.284","UPPER_LEFT_Y":"9207874.949","LOWER_RIGHT_X":"495965.284","LOWER_RIGHT_Y":"9206872.949"},"geometry":{"type":"Polygon","coordinates":[[[494963.283999999985099,9207874.948999999091029],[495965.283999999985099,9207874.948999999091029],[495965.283999999985099,9206872.948999999091029],[494963.283999999985099,9206872.948999999091029],[494963.283999999985099,9207874.948999999091029]]]}},
{"type":"Feature","properties":{"DESCRIPTION":"MDT_1440177.tif","FILENAME":"U:\\P589_AmazoniaRevelada_BR-319\\LiDAR_dataset\\ENTREGAS\\ENTREGA_05\\2_MDT\\GEOTIFF\\MDT_1440177.tif","SHRT_FNAME":"MDT_1440177.tif","UPPER_LEFT_X":"493963.189","UPPER_LEFT_Y":"9207874.949","LOWER_RIGHT_X":"494965.189","LOWER_RIGHT_Y":"9206872.949"},"geometry":{"type":"Polygon","coordinates":[[[493963.189000000013039,9207874.948999999091029],[494965.189000000013039,9207874.948999999091029],[494965.189000000013039,9206872.948999999091029],[493963.189000000013039,9206872.948999999091029],[493963.189000000013039,9207874.948999999091029]]]}},
{"type":"Feature","properties":{"DESCRIPTION":"MDT_1440176.tif","FILENAME":"U:\\P589_AmazoniaRevelada_BR-319\\LiDAR_dataset\\ENTREGAS\\ENTREGA_05\\2_MDT\\GEOTIFF\\MDT_1440176.tif","SHRT_FNAME":"MDT_1440176.tif","UPPER_LEFT_X":"492963.094","UPPER_LEFT_Y":"9207874.949","LOWER_RIGHT_X":"493965.094","LOWER_RIGHT_Y":"9206872.949"},"geometry":{"type":"Polygon","coordinates":[[[492963.093999999982771,9207874.948999999091029],[493965.093999999982771,9207874.948999999091029],[493965.093999999982771,9206872.948999999091029],[492963.093999999982771,9206872.948999999091029],[492963.093999999982771,9207874.948999999091029]]]}},
{"type":"Feature","properties":{"DESCRIPTION":"MDT_1440175.tif","FILENAME":"U:\\P589_AmazoniaRevelada_BR-319\\LiDAR_dataset\\ENTREGAS\\ENTREGA_05\\2_MDT\\GEOTIFF\\MDT_1440175.tif","SHRT_FNAME":"MDT_1440175.tif","UPPER_LEFT_X":"491962.998","UPPER_LEFT_Y":"9207874.949","LOWER_RIGHT_X":"492964.998","LOWER_RIGHT_Y":"9206872.949"},"geometry":{"type":"Polygon","coordinates":[[[491962.99800000002142,9207874.948999999091029],[492964.99800000002142,9207874.948999999091029],[492964.99800000002142,9206872.948999999091029],[491962.99800000002142,9206872.948999999091029],[491962.99800000002142,9207874.948999999091029]]]}},
{"type":"Feature","properties":{"DESCRIPTION":"MDT_1440174.tif","FILENAME":"U:\\P589_AmazoniaRevelada_BR-319\\LiDAR_dataset\\ENTREGAS\\ENTREGA_05\\2_MDT\\GEOTIFF\\MDT_1440174.tif","SHRT_FNAME":"MDT_1440174.tif","UPPER_LEFT_X":"490962.903","UPPER_LEFT_Y":"9207874.949","LOWER_RIGHT_X":"491964.903","LOWER_RIGHT_Y":"9206872.949"},"geometry":{"type":"Polygon","coordinates":[[[490962.903,9207874.948999999091029],[491964.903,9207874.948999999091029],[491964.903,9206872.948999999091029],[490962.903,9206872.948999999091029],[490962.903,9207874.948999999091029]]]}},
{"type":"Feature","properties":{"DESCRIPTION":"MDT_1440173.tif","FILENAME":"U:\\P589_AmazoniaRevelada_BR-319\\LiDAR_dataset\\ENTREGAS\\ENTREGA_05\\2_MDT\\GEOTIFF\\MDT_1440173.tif","SHRT_FNAME":"MDT_1440173.tif","UPPER_LEFT_X":"489962.808","UPPER_LEFT_Y":"9207874.949","LOWER_RIGHT_X":"490964.808","LOWER_RIGHT_Y":"9206872.949"},"geometry":{"type":"Polygon","coordinates":[[[489962.808000000019092,9207874.948999999091029],[490964.808000000019092,9207874.948999999091029],[490964.808000000019092,9206872.948999999091029],[489962.808000000019092,9206872.948999999091029],[489962.808000000019092,9207874.948999999091029]]]}},
{"type":"Feature","properties":{"DESCRIPTION":"MDT_1440172.tif","FILENAME":"U:\\P589_AmazoniaRevelada_BR-319\\LiDAR_dataset\\ENTREGAS\\ENTREGA_05\\2_MDT\\GEOTIFF\\MDT_1440172.tif","SHRT_FNAME":"MDT_1440172.tif","UPPER_LEFT_X":"488962.713","UPPER_LEFT_Y":"9207874.949","LOWER_RIGHT_X":"489964.713","LOWER_RIGHT_Y":"9206872.949"},"geometry":{"type":"Polygon","coordinates":[[[488962.712999999988824,9207874.948999999091029],[489964.712999999988824,9207874.948999999091029],[489964.712999999988824,9206872.948999999091029],[488962.712999999988824,9206872.948999999091029],[488962.712999999988824,9207874.948999999091029]]]}},
{"type":"Feature","properties":{"DESCRIPTION":"MDT_1440171.tif","FILENAME":"U:\\P589_AmazoniaRevelada_BR-319\\LiDAR_dataset\\ENTREGAS\\ENTREGA_05\\2_MDT\\GEOTIFF\\MDT_1440171.tif","SHRT_FNAME":"MDT_1440171.tif","UPPER_LEFT_X":"487962.618","UPPER_LEFT_Y":"9207874.949","LOWER_RIGHT_X":"488964.618","LOWER_RIGHT_Y":"9206872.949"},"geometry":{"type":"Polygon","coordinates":[[[487962.618000000016764,9207874.948999999091029],[488964.618000000016764,9207874.948999999091029],[488964.618000000016764,9206872.948999999091029],[487962.618000000016764,9206872.948999999091029],[487962.618000000016764,9207874.948999999091029]]]}},
{"type":"Feature","properties":{"DESCRIPTION":"MDT_1440170.tif","FILENAME":"U:\\P589_AmazoniaRevelada_BR-319\\LiDAR_dataset\\ENTREGAS\\ENTREGA_05\\2_MDT\\GEOTIFF\\MDT_1440170.tif","SHRT_FNAME":"MDT_1440170.tif","UPPER_LEFT_X":"486962.522","UPPER_LEFT_Y":"9207874.949","LOWER_RIGHT_X":"487964.522","LOWER_RIGHT_Y":"9206872.949"},"geometry":{"type":"Polygon","coordinates":[[[486962.522,9207874.948999999091029],[487964.522,9207874.948999999091029],[487964.522,9206872.948999999091029],[486962.522,9206872.948999999091029],[486962.522,9207874.948999999091029]]]}},
{"type":"Feature","properties":{"DESCRIPTION":"MDT_1440169.tif","FILENAME":"U:\\P589_AmazoniaRevelada_BR-319\\LiDAR_dataset\\ENTREGAS\\ENTREGA_05\\2_MDT\\GEOTIFF\\MDT_1440169.tif","SHRT_FNAME":"MDT_1440169.tif","UPPER_LEFT_X":"485962.427","UPPER_LEFT_Y":"9207874.949","LOWER_RIGHT_X":"486964.427","LOWER_RIGHT_Y":"9206872.949"},"geometry":{"type":"Polygon","coordinates":[[[485962.427000000025146,9207874.948999999091029],[486964.427000000025146,9207874.948999999091029],[486964.427000000025146,9206872.948999999091029],[485962.427000000025146,9206872.948999999091029],[485962.427000000025146,9207874.948999999091029]]]}},
{"type":"Feature","properties":{"DESCRIPTION":"MDT_1440168.tif","FILENAME":"U:\\P589_AmazoniaRevelada_BR-319\\LiDAR_dataset\\ENTREGAS\\ENTREGA_05\\2_MDT\\GEOTIFF\\MDT_1440168.tif","SHRT_FNAME":"MDT_1440168.tif","UPPER_LEFT_X":"484962.332","UPPER_LEFT_Y":"9207874.949","LOWER_RIGHT_X":"485964.332","LOWER_RIGHT_Y":"9206872.949"},"geometry":{"type":"Polygon","coordinates":[[[484962.332,9207874.948999999091029],[485964.332,9207874.948999999091029],[485964.332,9206872.948999999091029],[484962.332,9206872.948999999091029],[484962.332,9207874.948999999091029]]]}},
{"type":"Feature","properties":{"DESCRIPTION":"MDT_1440167.tif","FILENAME":"U:\\P589_AmazoniaRevelada_BR-319\\LiDAR_dataset\\ENTREGAS\\ENTREGA_05\\2_MDT\\GEOTIFF\\MDT_1440167.tif","SHRT_FNAME":"MDT_1440167.tif","UPPER_LEFT_X":"483962.237","UPPER_LEFT_Y":"9207874.949","LOWER_RIGHT_X":"484964.237","LOWER_RIGHT_Y":"9206872.949"},"geometry":{"type":"Polygon","coordinates":[[[483962.237000000022817,9207874.948999999091029],[484964.237000000022817,9207874.948999999091029],[484964.237000000022817,9206872.948999999091029],[483962.237000000022817,9206872.948999999091029],[483962.237000000022817,9207874.948999999091029]]]}},
{"type":"Feature","properties":{"DESCRIPTION":"MDT_1440166.tif","FILENAME":"U:\\P589_AmazoniaRevelada_BR-319\\LiDAR_dataset\\ENTREGAS\\ENTREGA_05\\2_MDT\\GEOTIFF\\MDT_1440166.tif","SHRT_FNAME":"MDT_1440166.tif","UPPER_LEFT_X":"482962.142","UPPER_LEFT_Y":"9207874.949","LOWER_RIGHT_X":"483964.142","LOWER_RIGHT_Y":"9206872.949"},"geometry":{"type":"Polygon","coordinates":[[[482962.142,9207874.948999999091029],[483964.142,9207874.948999999091029],[483964.142,9206872.948999999091029],[482962.142,9206872.948999999091029],[482962.142,9207874.948999999091029]]]}},
{"type":"Feature","properties":{"DESCRIPTION":"MDT_1440165.tif","FILENAME":"U:\\P589_AmazoniaRevelada_BR-319\\LiDAR_dataset\\ENTREGAS\\ENTREGA_05\\2_MDT\\GEOTIFF\\MDT_1440165.tif","SHRT_FNAME":"MDT_1440165.tif","UPPER_LEFT_X":"481962.046","UPPER_LEFT_Y":"9207874.949","LOWER_RIGHT_X":"482964.046","LOWER_RIGHT_Y":"9206872.949"},"geometry":{"type":"Polygon","coordinates":[[[481962.045999999972992,9207874.948999999091029],[482964.045999999972992,9207874.948999999091029],[482964.045999999972992,9206872.948999999091029],[481962.045999999972992,9206872.948999999091029],[481962.045999999972992,9207874.948999999091029]]]}},
{"type":"Feature","properties":{"DESCRIPTION":"MDT_1440164.tif","FILENAME":"U:\\P589_AmazoniaRevelada_BR-319\\LiDAR_dataset\\ENTREGAS\\ENTREGA_05\\2_MDT\\GEOTIFF\\MDT_1440164.tif","SHRT_FNAME":"MDT_1440164.tif","UPPER_LEFT_X":"480961.951","UPPER_LEFT_Y":"9207874.949","LOWER_RIGHT_X":"481963.951","LOWER_RIGHT_Y":"9206872.949"},"geometry":{"type":"Polygon","coordinates":[[[480961.951,9207874.948999999091029],[481963.951,9207874.948999999091029],[481963.951,9206872.948999999091029],[480961.951,9206872.948999999091029],[480961.951,9207874.948999999091029]]]}},
{"type":"Feature","properties":{"DESCRIPTION":"MDT_1440163.tif","FILENAME":"U:\\P589_AmazoniaRevelada_BR-319\\LiDAR_dataset\\ENTREGAS\\ENTREGA_05\\2_MDT\\GEOTIFF\\MDT_1440163.tif","SHRT_FNAME":"MDT_1440163.tif","UPPER_LEFT_X":"479961.856","UPPER_LEFT_Y":"9207874.949","LOWER_RIGHT_X":"480963.856","LOWER_RIGHT_Y":"9206872.949"},"geometry":{"type":"Polygon","coordinates":[[[479961.856000000028871,9207874.948999999091029],[480963.856000000028871,9207874.948999999091029],[480963.856000000028871,9206872.948999999091029],[479961.856000000028871,9206872.948999999091029],[479961.856000000028871,9207874.948999999091029]]]}},
{"type":"Feature","properties":{"DESCRIPTION":"MDT_1440162.tif","FILENAME":"U:\\P589_AmazoniaRevelada_BR-319\\LiDAR_dataset\\ENTREGAS\\ENTREGA_05\\2_MDT\\GEOTIFF\\MDT_1440162.tif","SHRT_FNAME":"MDT_1440162.tif","UPPER_LEFT_X":"478961.761","UPPER_LEFT_Y":"9207874.949","LOWER_RIGHT_X":"479963.761","LOWER_RIGHT_Y":"9206872.949"},"geometry":{"type":"Polygon","coordinates":[[[478961.761,9207874.948999999091029],[479963.761,9207874.948999999091029],[479963.761,9206872.948999999091029],[478961.761,9206872.948999999091029],[478961.761,9207874.948999999091029]]]}},
{"type":"Feature","properties":{"DESCRIPTION":"MDT_1440161.tif","FILENAME":"U:\\P589_AmazoniaRevelada_BR-319\\LiDAR_dataset\\ENTREGAS\\ENTREGA_05\\2_MDT\\GEOTIFF\\MDT_1440161.tif","SHRT_FNAME":"MDT_1440161.tif","UPPER_LEFT_X":"477961.666","UPPER_LEFT_Y":"9207874.949","LOWER_RIGHT_X":"478963.666","LOWER_RIGHT_Y":"9206872.949"},"geometry":{"type":"Polygon","coordinates":[[[477961.666000000026543,9207874.948999999091029],[478963.666000000026543,9207874.948999999091029],[478963.666000000026543,9206872.948999999091029],[477961.666000000026543,9206872.948999999091029],[477961.666000000026543,9207874.948999999091029]]]}},
{"type":"Feature","properties":{"DESCRIPTION":"MDT_1440160.tif","FILENAME":"U:\\P589_AmazoniaRevelada_BR-319\\LiDAR_dataset\\ENTREGAS\\ENTREGA_05\\2_MDT\\GEOTIFF\\MDT_1440160.tif","SHRT_FNAME":"MDT_1440160.tif","UPPER_LEFT_X":"476961.570","UPPER_LEFT_Y":"9207874.949","LOWER_RIGHT_X":"477963.570","LOWER_RIGHT_Y":"9206872.949"},"geometry":{"type":"Polygon","coordinates":[[[476961.57,9207874.948999999091029],[477963.57,9207874.948999999091029],[477963.57,9206872.948999999091029],[476961.57,9206872.948999999091029],[476961.57,9207874.948999999091029]]]}},
{"type":"Feature","properties":{"DESCRIPTION":"MDT_1440159.tif","FILENAME":"U:\\P589_AmazoniaRevelada_BR-319\\LiDAR_dataset\\ENTREGAS\\ENTREGA_05\\2_MDT\\GEOTIFF\\MDT_1440159.tif","SHRT_FNAME":"MDT_1440159.tif","UPPER_LEFT_X":"475961.475","UPPER_LEFT_Y":"9207874.949","LOWER_RIGHT_X":"476963.475","LOWER_RIGHT_Y":"9206872.949"},"geometry":{"type":"Polygon","coordinates":[[[475961.474999999976717,9207874.948999999091029],[476963.474999999976717,9207874.948999999091029],[476963.474999999976717,9206872.948999999091029],[475961.474999999976717,9206872.948999999091029],[475961.474999999976717,9207874.948999999091029]]]}},
{"type":"Feature","properties":{"DESCRIPTION":"MDT_1440158.tif","FILENAME":"U:\\P589_AmazoniaRevelada_BR-319\\LiDAR_dataset\\ENTREGAS\\ENTREGA_05\\2_MDT\\GEOTIFF\\MDT_1440158.tif","SHRT_FNAME":"MDT_1440158.tif","UPPER_LEFT_X":"474961.380","UPPER_LEFT_Y":"9207874.949","LOWER_RIGHT_X":"475963.380","LOWER_RIGHT_Y":"9206872.949"},"geometry":{"type":"Polygon","coordinates":[[[474961.38,9207874.948999999091029],[475963.38,9207874.948999999091029],[475963.38,9206872.948999999091029],[474961.38,9206872.948999999091029],[474961.38,9207874.948999999091029]]]}},
{"type":"Feature","properties":{"DESCRIPTION":"MDT_1440157.tif","FILENAME":"U:\\P589_AmazoniaRevelada_BR-319\\LiDAR_dataset\\ENTREGAS\\ENTREGA_05\\2_MDT\\GEOTIFF\\MDT_1440157.tif","SHRT_FNAME":"MDT_1440157.tif","UPPER_LEFT_X":"473961.285","UPPER_LEFT_Y":"9207874.949","LOWER_RIGHT_X":"474963.285","LOWER_RIGHT_Y":"9206872.949"},"geometry":{"type":"Polygon","coordinates":[[[473961.284999999974389,9207874.948999999091029],[474963.284999999974389,9207874.948999999091029],[474963.284999999974389,9206872.948999999091029],[473961.284999999974389,9206872.948999999091029],[473961.284999999974389,9207874.948999999091029]]]}},
{"type":"Feature","properties":{"DESCRIPTION":"MDT_1440156.tif","FILENAME":"U:\\P589_AmazoniaRevelada_BR-319\\LiDAR_dataset\\ENTREGAS\\ENTREGA_05\\2_MDT\\GEOTIFF\\MDT_1440156.tif","SHRT_FNAME":"MDT_1440156.tif","UPPER_LEFT_X":"472961.190","UPPER_LEFT_Y":"9207874.949","LOWER_RIGHT_X":"473963.190","LOWER_RIGHT_Y":"9206872.949"},"geometry":{"type":"Polygon","coordinates":[[[472961.19,9207874.948999999091029],[473963.19,9207874.948999999091029],[473963.19,9206872.948999999091029],[472961.19,9206872.948999999091029],[472961.19,9207874.948999999091029]]]}},
{"type":"Feature","properties":{"DESCRIPTION":"MDT_1440155.tif","FILENAME":"U:\\P589_AmazoniaRevelada_BR-319\\LiDAR_dataset\\ENTREGAS\\ENTREGA_05\\2_MDT\\GEOTIFF\\MDT_1440155.tif","SHRT_FNAME":"MDT_1440155.tif","UPPER_LEFT_X":"471961.094","UPPER_LEFT_Y":"9207874.949","LOWER_RIGHT_X":"472963.094","LOWER_RIGHT_Y":"9206872.949"},"geometry":{"type":"Polygon","coordinates":[[[471961.093999999982771,9207874.948999999091029],[472963.093999999982771,9207874.948999999091029],[472963.093999999982771,9206872.948999999091029],[471961.093999999982771,9206872.948999999091029],[471961.093999999982771,9207874.948999999091029]]]}},
{"type":"Feature","properties":{"DESCRIPTION":"MDT_1440154.tif","FILENAME":"U:\\P589_AmazoniaRevelada_BR-319\\LiDAR_dataset\\ENTREGAS\\ENTREGA_05\\2_MDT\\GEOTIFF\\MDT_1440154.tif","SHRT_FNAME":"MDT_1440154.tif","UPPER_LEFT_X":"470960.999","UPPER_LEFT_Y":"9207874.949","LOWER_RIGHT_X":"471962.999","LOWER_RIGHT_Y":"9206872.949"},"geometry":{"type":"Polygon","coordinates":[[[470960.99900000001071,9207874.948999999091029],[471962.99900000001071,9207874.948999999091029],[471962.99900000001071,9206872.948999999091029],[470960.99900000001071,9206872.948999999091029],[470960.99900000001071,9207874.948999999091029]]]}},
{"type":"Feature","properties":{"DESCRIPTION":"MDT_1440153.tif","FILENAME":"U:\\P589_AmazoniaRevelada_BR-319\\LiDAR_dataset\\ENTREGAS\\ENTREGA_05\\2_MDT\\GEOTIFF\\MDT_1440153.tif","SHRT_FNAME":"MDT_1440153.tif","UPPER_LEFT_X":"469960.904","UPPER_LEFT_Y":"9207874.949","LOWER_RIGHT_X":"470962.904","LOWER_RIGHT_Y":"9206872.949"},"geometry":{"type":"Polygon","coordinates":[[[469960.903999999980442,9207874.948999999091029],[470962.903999999980442,9207874.948999999091029],[470962.903999999980442,9206872.948999999091029],[469960.903999999980442,9206872.948999999091029],[469960.903999999980442,9207874.948999999091029]]]}},
{"type":"Feature","properties":{"DESCRIPTION":"MDT_1440152.tif","FILENAME":"U:\\P589_AmazoniaRevelada_BR-319\\LiDAR_dataset\\ENTREGAS\\ENTREGA_05\\2_MDT\\GEOTIFF\\MDT_1440152.tif","SHRT_FNAME":"MDT_1440152.tif","UPPER_LEFT_X":"468960.809","UPPER_LEFT_Y":"9207874.949","LOWER_RIGHT_X":"469962.809","LOWER_RIGHT_Y":"9206872.949"},"geometry":{"type":"Polygon","coordinates":[[[468960.809,9207874.948999999091029],[469962.809,9207874.948999999091029],[469962.809,9206872.948999999091029],[468960.809,9206872.948999999091029],[468960.809,9207874.948999999091029]]]}},
{"type":"Feature","properties":{"DESCRIPTION":"MDT_1440151.tif","FILENAME":"U:\\P589_AmazoniaRevelada_BR-319\\LiDAR_dataset\\ENTREGAS\\ENTREGA_05\\2_MDT\\GEOTIFF\\MDT_1440151.tif","SHRT_FNAME":"MDT_1440151.tif","UPPER_LEFT_X":"467960.714","UPPER_LEFT_Y":"9207874.949","LOWER_RIGHT_X":"468962.714","LOWER_RIGHT_Y":"9206872.949"},"geometry":{"type":"Polygon","coordinates":[[[467960.713999999978114,9207874.948999999091029],[468962.713999999978114,9207874.948999999091029],[468962.713999999978114,9206872.948999999091029],[467960.713999999978114,9206872.948999999091029],[467960.713999999978114,9207874.948999999091029]]]}},
{"type":"Feature","properties":{"DESCRIPTION":"MDT_1440150.tif","FILENAME":"U:\\P589_AmazoniaRevelada_BR-319\\LiDAR_dataset\\ENTREGAS\\ENTREGA_05\\2_MDT\\GEOTIFF\\MDT_1440150.tif","SHRT_FNAME":"MDT_1440150.tif","UPPER_LEFT_X":"466960.618","UPPER_LEFT_Y":"9207874.949","LOWER_RIGHT_X":"467962.618","LOWER_RIGHT_Y":"9206872.949"},"geometry":{"type":"Polygon","coordinates":[[[466960.618000000016764,9207874.948999999091029],[467962.618000000016764,9207874.948999999091029],[467962.618000000016764,9206872.948999999091029],[466960.618000000016764,9206872.948999999091029],[466960.618000000016764,9207874.948999999091029]]]}},
{"type":"Feature","properties":{"DESCRIPTION":"MDT_1440149.tif","FILENAME":"U:\\P589_AmazoniaRevelada_BR-319\\LiDAR_dataset\\ENTREGAS\\ENTREGA_05\\2_MDT\\GEOTIFF\\MDT_1440149.tif","SHRT_FNAME":"MDT_1440149.tif","UPPER_LEFT_X":"465960.523","UPPER_LEFT_Y":"9207874.949","LOWER_RIGHT_X":"466962.523","LOWER_RIGHT_Y":"9206872.949"},"geometry":{"type":"Polygon","coordinates":[[[465960.522999999986496,9207874.948999999091029],[466962.522999999986496,9207874.948999999091029],[466962.522999999986496,9206872.948999999091029],[465960.522999999986496,9206872.948999999091029],[465960.522999999986496,9207874.948999999091029]]]}},
{"type":"Feature","properties":{"DESCRIPTION":"MDT_1440148.tif","FILENAME":"U:\\P589_AmazoniaRevelada_BR-319\\LiDAR_dataset\\ENTREGAS\\ENTREGA_05\\2_MDT\\GEOTIFF\\MDT_1440148.tif","SHRT_FNAME":"MDT_1440148.tif","UPPER_LEFT_X":"464960.428","UPPER_LEFT_Y":"9207874.949","LOWER_RIGHT_X":"465962.428","LOWER_RIGHT_Y":"9206872.949"},"geometry":{"type":"Polygon","coordinates":[[[464960.428000000014435,9207874.948999999091029],[465962.428000000014435,9207874.948999999091029],[465962.428000000014435,9206872.948999999091029],[464960.428000000014435,9206872.948999999091029],[464960.428000000014435,9207874.948999999091029]]]}},
{"type":"Feature","properties":{"DESCRIPTION":"MDT_1440147.tif","FILENAME":"U:\\P589_AmazoniaRevelada_BR-319\\LiDAR_dataset\\ENTREGAS\\ENTREGA_05\\2_MDT\\GEOTIFF\\MDT_1440147.tif","SHRT_FNAME":"MDT_1440147.tif","UPPER_LEFT_X":"463960.333","UPPER_LEFT_Y":"9207874.949","LOWER_RIGHT_X":"464962.333","LOWER_RIGHT_Y":"9206872.949"},"geometry":{"type":"Polygon","coordinates":[[[463960.332999999984168,9207874.948999999091029],[464962.332999999984168,9207874.948999999091029],[464962.332999999984168,9206872.948999999091029],[463960.332999999984168,9206872.948999999091029],[463960.332999999984168,9207874.948999999091029]]]}},
{"type":"Feature","properties":{"DESCRIPTION":"MDT_1439193.tif","FILENAME":"U:\\P589_AmazoniaRevelada_BR-319\\LiDAR_dataset\\ENTREGAS\\ENTREGA_05\\2_MDT\\GEOTIFF\\MDT_1439193.tif","SHRT_FNAME":"MDT_1439193.tif","UPPER_LEFT_X":"509964.712","UPPER_LEFT_Y":"9208874.824","LOWER_RIGHT_X":"510966.712","LOWER_RIGHT_Y":"9207872.824"},"geometry":{"type":"Polygon","coordinates":[[[509964.712,9208874.823999999091029],[510966.712,9208874.823999999091029],[510966.712,9207872.823999999091029],[509964.712,9207872.823999999091029],[509964.712,9208874.823999999091029]]]}},
{"type":"Feature","properties":{"DESCRIPTION":"MDT_1439192.tif","FILENAME":"U:\\P589_AmazoniaRevelada_BR-319\\LiDAR_dataset\\ENTREGAS\\ENTREGA_05\\2_MDT\\GEOTIFF\\MDT_1439192.tif","SHRT_FNAME":"MDT_1439192.tif","UPPER_LEFT_X":"508964.617","UPPER_LEFT_Y":"9208874.824","LOWER_RIGHT_X":"509966.617","LOWER_RIGHT_Y":"9207872.824"},"geometry":{"type":"Polygon","coordinates":[[[508964.617000000027474,9208874.823999999091029],[509966.617000000027474,9208874.823999999091029],[509966.617000000027474,9207872.823999999091029],[508964.617000000027474,9207872.823999999091029],[508964.617000000027474,9208874.823999999091029]]]}},
{"type":"Feature","properties":{"DESCRIPTION":"MDT_1439191.tif","FILENAME":"U:\\P589_AmazoniaRevelada_BR-319\\LiDAR_dataset\\ENTREGAS\\ENTREGA_05\\2_MDT\\GEOTIFF\\MDT_1439191.tif","SHRT_FNAME":"MDT_1439191.tif","UPPER_LEFT_X":"507964.522","UPPER_LEFT_Y":"9208874.824","LOWER_RIGHT_X":"508966.522","LOWER_RIGHT_Y":"9207872.824"},"geometry":{"type":"Polygon","coordinates":[[[507964.522,9208874.823999999091029],[508966.522,9208874.823999999091029],[508966.522,9207872.823999999091029],[507964.522,9207872.823999999091029],[507964.522,9208874.823999999091029]]]}},
{"type":"Feature","properties":{"DESCRIPTION":"MDT_1439190.tif","FILENAME":"U:\\P589_AmazoniaRevelada_BR-319\\LiDAR_dataset\\ENTREGAS\\ENTREGA_05\\2_MDT\\GEOTIFF\\MDT_1439190.tif","SHRT_FNAME":"MDT_1439190.tif","UPPER_LEFT_X":"506964.426","UPPER_LEFT_Y":"9208874.824","LOWER_RIGHT_X":"507966.426","LOWER_RIGHT_Y":"9207872.824"},"geometry":{"type":"Polygon","coordinates":[[[506964.425999999977648,9208874.823999999091029],[507966.425999999977648,9208874.823999999091029],[507966.425999999977648,9207872.823999999091029],[506964.425999999977648,9207872.823999999091029],[506964.425999999977648,9208874.823999999091029]]]}},
{"type":"Feature","properties":{"DESCRIPTION":"MDT_1439189.tif","FILENAME":"U:\\P589_AmazoniaRevelada_BR-319\\LiDAR_dataset\\ENTREGAS\\ENTREGA_05\\2_MDT\\GEOTIFF\\MDT_1439189.tif","SHRT_FNAME":"MDT_1439189.tif","UPPER_LEFT_X":"505964.331","UPPER_LEFT_Y":"9208874.824","LOWER_RIGHT_X":"506966.331","LOWER_RIGHT_Y":"9207872.824"},"geometry":{"type":"Polygon","coordinates":[[[505964.331,9208874.823999999091029],[506966.331,9208874.823999999091029],[506966.331,9207872.823999999091029],[505964.331,9207872.823999999091029],[505964.331,9208874.823999999091029]]]}},
{"type":"Feature","properties":{"DESCRIPTION":"MDT_1439188.tif","FILENAME":"U:\\P589_AmazoniaRevelada_BR-319\\LiDAR_dataset\\ENTREGAS\\ENTREGA_05\\2_MDT\\GEOTIFF\\MDT_1439188.tif","SHRT_FNAME":"MDT_1439188.tif","UPPER_LEFT_X":"504964.236","UPPER_LEFT_Y":"9208874.824","LOWER_RIGHT_X":"505966.236","LOWER_RIGHT_Y":"9207872.824"},"geometry":{"type":"Polygon","coordinates":[[[504964.23599999997532,9208874.823999999091029],[505966.23599999997532,9208874.823999999091029],[505966.23599999997532,9207872.823999999091029],[504964.23599999997532,9207872.823999999091029],[504964.23599999997532,9208874.823999999091029]]]}},
{"type":"Feature","properties":{"DESCRIPTION":"MDT_1439187.tif","FILENAME":"U:\\P589_AmazoniaRevelada_BR-319\\LiDAR_dataset\\ENTREGAS\\ENTREGA_05\\2_MDT\\GEOTIFF\\MDT_1439187.tif","SHRT_FNAME":"MDT_1439187.tif","UPPER_LEFT_X":"503964.141","UPPER_LEFT_Y":"9208874.824","LOWER_RIGHT_X":"504966.141","LOWER_RIGHT_Y":"9207872.824"},"geometry":{"type":"Polygon","coordinates":[[[503964.141,9208874.823999999091029],[504966.141,9208874.823999999091029],[504966.141,9207872.823999999091029],[503964.141,9207872.823999999091029],[503964.141,9208874.823999999091029]]]}},
{"type":"Feature","properties":{"DESCRIPTION":"MDT_1439186.tif","FILENAME":"U:\\P589_AmazoniaRevelada_BR-319\\LiDAR_dataset\\ENTREGAS\\ENTREGA_05\\2_MDT\\GEOTIFF\\MDT_1439186.tif","SHRT_FNAME":"MDT_1439186.tif","UPPER_LEFT_X":"502964.046","UPPER_LEFT_Y":"9208874.824","LOWER_RIGHT_X":"503966.046","LOWER_RIGHT_Y":"9207872.824"},"geometry":{"type":"Polygon","coordinates":[[[502964.045999999972992,9208874.823999999091029],[503966.045999999972992,9208874.823999999091029],[503966.045999999972992,9207872.823999999091029],[502964.045999999972992,9207872.823999999091029],[502964.045999999972992,9208874.823999999091029]]]}},
{"type":"Feature","properties":{"DESCRIPTION":"MDT_1439185.tif","FILENAME":"U:\\P589_AmazoniaRevelada_BR-319\\LiDAR_dataset\\ENTREGAS\\ENTREGA_05\\2_MDT\\GEOTIFF\\MDT_1439185.tif","SHRT_FNAME":"MDT_1439185.tif","UPPER_LEFT_X":"501963.950","UPPER_LEFT_Y":"9208874.824","LOWER_RIGHT_X":"502965.950","LOWER_RIGHT_Y":"9207872.824"},"geometry":{"type":"Polygon","coordinates":[[[501963.950000000011642,9208874.823999999091029],[502965.950000000011642,9208874.823999999091029],[502965.950000000011642,9207872.823999999091029],[501963.950000000011642,9207872.823999999091029],[501963.950000000011642,9208874.823999999091029]]]}},
{"type":"Feature","properties":{"DESCRIPTION":"MDT_1439184.tif","FILENAME":"U:\\P589_AmazoniaRevelada_BR-319\\LiDAR_dataset\\ENTREGAS\\ENTREGA_05\\2_MDT\\GEOTIFF\\MDT_1439184.tif","SHRT_FNAME":"MDT_1439184.tif","UPPER_LEFT_X":"500963.855","UPPER_LEFT_Y":"9208874.824","LOWER_RIGHT_X":"501965.855","LOWER_RIGHT_Y":"9207872.824"},"geometry":{"type":"Polygon","coordinates":[[[500963.854999999981374,9208874.823999999091029],[501965.854999999981374,9208874.823999999091029],[501965.854999999981374,9207872.823999999091029],[500963.854999999981374,9207872.823999999091029],[500963.854999999981374,9208874.823999999091029]]]}},
{"type":"Feature","properties":{"DESCRIPTION":"MDT_1439183.tif","FILENAME":"U:\\P589_AmazoniaRevelada_BR-319\\LiDAR_dataset\\ENTREGAS\\ENTREGA_05\\2_MDT\\GEOTIFF\\MDT_1439183.tif","SHRT_FNAME":"MDT_1439183.tif","UPPER_LEFT_X":"499963.760","UPPER_LEFT_Y":"9208874.824","LOWER_RIGHT_X":"500965.760","LOWER_RIGHT_Y":"9207872.824"},"geometry":{"type":"Polygon","coordinates":[[[499963.76,9208874.823999999091029],[500965.76,9208874.823999999091029],[500965.76,9207872.823999999091029],[499963.76,9207872.823999999091029],[499963.76,9208874.823999999091029]]]}},
{"type":"Feature","properties":{"DESCRIPTION":"MDT_1439182.tif","FILENAME":"U:\\P589_AmazoniaRevelada_BR-319\\LiDAR_dataset\\ENTREGAS\\ENTREGA_05\\2_MDT\\GEOTIFF\\MDT_1439182.tif","SHRT_FNAME":"MDT_1439182.tif","UPPER_LEFT_X":"498963.665","UPPER_LEFT_Y":"9208874.824","LOWER_RIGHT_X":"499965.665","LOWER_RIGHT_Y":"9207872.824"},"geometry":{"type":"Polygon","coordinates":[[[498963.664999999979045,9208874.823999999091029],[499965.664999999979045,9208874.823999999091029],[499965.664999999979045,9207872.823999999091029],[498963.664999999979045,9207872.823999999091029],[498963.664999999979045,9208874.823999999091029]]]}},
{"type":"Feature","properties":{"DESCRIPTION":"MDT_1439181.tif","FILENAME":"U:\\P589_AmazoniaRevelada_BR-319\\LiDAR_dataset\\ENTREGAS\\ENTREGA_05\\2_MDT\\GEOTIFF\\MDT_1439181.tif","SHRT_FNAME":"MDT_1439181.tif","UPPER_LEFT_X":"497963.570","UPPER_LEFT_Y":"9208874.824","LOWER_RIGHT_X":"498965.570","LOWER_RIGHT_Y":"9207872.824"},"geometry":{"type":"Polygon","coordinates":[[[497963.57,9208874.823999999091029],[498965.57,9208874.823999999091029],[498965.57,9207872.823999999091029],[497963.57,9207872.823999999091029],[497963.57,9208874.823999999091029]]]}},
{"type":"Feature","properties":{"DESCRIPTION":"MDT_1439180.tif","FILENAME":"U:\\P589_AmazoniaRevelada_BR-319\\LiDAR_dataset\\ENTREGAS\\ENTREGA_05\\2_MDT\\GEOTIFF\\MDT_1439180.tif","SHRT_FNAME":"MDT_1439180.tif","UPPER_LEFT_X":"496963.474","UPPER_LEFT_Y":"9208874.824","LOWER_RIGHT_X":"497965.474","LOWER_RIGHT_Y":"9207872.824"},"geometry":{"type":"Polygon","coordinates":[[[496963.473999999987427,9208874.823999999091029],[497965.473999999987427,9208874.823999999091029],[497965.473999999987427,9207872.823999999091029],[496963.473999999987427,9207872.823999999091029],[496963.473999999987427,9208874.823999999091029]]]}},
{"type":"Feature","properties":{"DESCRIPTION":"MDT_1439179.tif","FILENAME":"U:\\P589_AmazoniaRevelada_BR-319\\LiDAR_dataset\\ENTREGAS\\ENTREGA_05\\2_MDT\\GEOTIFF\\MDT_1439179.tif","SHRT_FNAME":"MDT_1439179.tif","UPPER_LEFT_X":"495963.379","UPPER_LEFT_Y":"9208874.824","LOWER_RIGHT_X":"496965.379","LOWER_RIGHT_Y":"9207872.824"},"geometry":{"type":"Polygon","coordinates":[[[495963.379000000015367,9208874.823999999091029],[496965.379000000015367,9208874.823999999091029],[496965.379000000015367,9207872.823999999091029],[495963.379000000015367,9207872.823999999091029],[495963.379000000015367,9208874.823999999091029]]]}},
{"type":"Feature","properties":{"DESCRIPTION":"MDT_1439178.tif","FILENAME":"U:\\P589_AmazoniaRevelada_BR-319\\LiDAR_dataset\\ENTREGAS\\ENTREGA_05\\2_MDT\\GEOTIFF\\MDT_1439178.tif","SHRT_FNAME":"MDT_1439178.tif","UPPER_LEFT_X":"494963.284","UPPER_LEFT_Y":"9208874.824","LOWER_RIGHT_X":"495965.284","LOWER_RIGHT_Y":"9207872.824"},"geometry":{"type":"Polygon","coordinates":[[[494963.283999999985099,9208874.823999999091029],[495965.283999999985099,9208874.823999999091029],[495965.283999999985099,9207872.823999999091029],[494963.283999999985099,9207872.823999999091029],[494963.283999999985099,9208874.823999999091029]]]}},
{"type":"Feature","properties":{"DESCRIPTION":"MDT_1439177.tif","FILENAME":"U:\\P589_AmazoniaRevelada_BR-319\\LiDAR_dataset\\ENTREGAS\\ENTREGA_05\\2_MDT\\GEOTIFF\\MDT_1439177.tif","SHRT_FNAME":"MDT_1439177.tif","UPPER_LEFT_X":"493963.189","UPPER_LEFT_Y":"9208874.824","LOWER_RIGHT_X":"494965.189","LOWER_RIGHT_Y":"9207872.824"},"geometry":{"type":"Polygon","coordinates":[[[493963.189000000013039,9208874.823999999091029],[494965.189000000013039,9208874.823999999091029],[494965.189000000013039,9207872.823999999091029],[493963.189000000013039,9207872.823999999091029],[493963.189000000013039,9208874.823999999091029]]]}},
{"type":"Feature","properties":{"DESCRIPTION":"MDT_1439176.tif","FILENAME":"U:\\P589_AmazoniaRevelada_BR-319\\LiDAR_dataset\\ENTREGAS\\ENTREGA_05\\2_MDT\\GEOTIFF\\MDT_1439176.tif","SHRT_FNAME":"MDT_1439176.tif","UPPER_LEFT_X":"492963.094","UPPER_LEFT_Y":"9208874.824","LOWER_RIGHT_X":"493965.094","LOWER_RIGHT_Y":"9207872.824"},"geometry":{"type":"Polygon","coordinates":[[[492963.093999999982771,9208874.823999999091029],[493965.093999999982771,9208874.823999999091029],[493965.093999999982771,9207872.823999999091029],[492963.093999999982771,9207872.823999999091029],[492963.093999999982771,9208874.823999999091029]]]}},
{"type":"Feature","properties":{"DESCRIPTION":"MDT_1439175.tif","FILENAME":"U:\\P589_AmazoniaRevelada_BR-319\\LiDAR_dataset\\ENTREGAS\\ENTREGA_05\\2_MDT\\GEOTIFF\\MDT_1439175.tif","SHRT_FNAME":"MDT_1439175.tif","UPPER_LEFT_X":"491962.998","UPPER_LEFT_Y":"9208874.824","LOWER_RIGHT_X":"492964.998","LOWER_RIGHT_Y":"9207872.824"},"geometry":{"type":"Polygon","coordinates":[[[491962.99800000002142,9208874.823999999091029],[492964.99800000002142,9208874.823999999091029],[492964.99800000002142,9207872.823999999091029],[491962.99800000002142,9207872.823999999091029],[491962.99800000002142,9208874.823999999091029]]]}},
{"type":"Feature","properties":{"DESCRIPTION":"MDT_1439174.tif","FILENAME":"U:\\P589_AmazoniaRevelada_BR-319\\LiDAR_dataset\\ENTREGAS\\ENTREGA_05\\2_MDT\\GEOTIFF\\MDT_1439174.tif","SHRT_FNAME":"MDT_1439174.tif","UPPER_LEFT_X":"490962.903","UPPER_LEFT_Y":"9208874.824","LOWER_RIGHT_X":"491964.903","LOWER_RIGHT_Y":"9207872.824"},"geometry":{"type":"Polygon","coordinates":[[[490962.903,9208874.823999999091029],[491964.903,9208874.823999999091029],[491964.903,9207872.823999999091029],[490962.903,9207872.823999999091029],[490962.903,9208874.823999999091029]]]}},
{"type":"Feature","properties":{"DESCRIPTION":"MDT_1439173.tif","FILENAME":"U:\\P589_AmazoniaRevelada_BR-319\\LiDAR_dataset\\ENTREGAS\\ENTREGA_05\\2_MDT\\GEOTIFF\\MDT_1439173.tif","SHRT_FNAME":"MDT_1439173.tif","UPPER_LEFT_X":"489962.808","UPPER_LEFT_Y":"9208874.824","LOWER_RIGHT_X":"490964.808","LOWER_RIGHT_Y":"9207872.824"},"geometry":{"type":"Polygon","coordinates":[[[489962.808000000019092,9208874.823999999091029],[490964.808000000019092,9208874.823999999091029],[490964.808000000019092,9207872.823999999091029],[489962.808000000019092,9207872.823999999091029],[489962.808000000019092,9208874.823999999091029]]]}},
{"type":"Feature","properties":{"DESCRIPTION":"MDT_1439172.tif","FILENAME":"U:\\P589_AmazoniaRevelada_BR-319\\LiDAR_dataset\\ENTREGAS\\ENTREGA_05\\2_MDT\\GEOTIFF\\MDT_1439172.tif","SHRT_FNAME":"MDT_1439172.tif","UPPER_LEFT_X":"488962.713","UPPER_LEFT_Y":"9208874.824","LOWER_RIGHT_X":"489964.713","LOWER_RIGHT_Y":"9207872.824"},"geometry":{"type":"Polygon","coordinates":[[[488962.712999999988824,9208874.823999999091029],[489964.712999999988824,9208874.823999999091029],[489964.712999999988824,9207872.823999999091029],[488962.712999999988824,9207872.823999999091029],[488962.712999999988824,9208874.823999999091029]]]}},
{"type":"Feature","properties":{"DESCRIPTION":"MDT_1439171.tif","FILENAME":"U:\\P589_AmazoniaRevelada_BR-319\\LiDAR_dataset\\ENTREGAS\\ENTREGA_05\\2_MDT\\GEOTIFF\\MDT_1439171.tif","SHRT_FNAME":"MDT_1439171.tif","UPPER_LEFT_X":"487962.618","UPPER_LEFT_Y":"9208874.824","LOWER_RIGHT_X":"488964.618","LOWER_RIGHT_Y":"9207872.824"},"geometry":{"type":"Polygon","coordinates":[[[487962.618000000016764,9208874.823999999091029],[488964.618000000016764,9208874.823999999091029],[488964.618000000016764,9207872.823999999091029],[487962.618000000016764,9207872.823999999091029],[487962.618000000016764,9208874.823999999091029]]]}},
{"type":"Feature","properties":{"DESCRIPTION":"MDT_1439170.tif","FILENAME":"U:\\P589_AmazoniaRevelada_BR-319\\LiDAR_dataset\\ENTREGAS\\ENTREGA_05\\2_MDT\\GEOTIFF\\MDT_1439170.tif","SHRT_FNAME":"MDT_1439170.tif","UPPER_LEFT_X":"486962.522","UPPER_LEFT_Y":"9208874.824","LOWER_RIGHT_X":"487964.522","LOWER_RIGHT_Y":"9207872.824"},"geometry":{"type":"Polygon","coordinates":[[[486962.522,9208874.823999999091029],[487964.522,9208874.823999999091029],[487964.522,9207872.823999999091029],[486962.522,9207872.823999999091029],[486962.522,9208874.823999999091029]]]}},
{"type":"Feature","properties":{"DESCRIPTION":"MDT_1439169.tif","FILENAME":"U:\\P589_AmazoniaRevelada_BR-319\\LiDAR_dataset\\ENTREGAS\\ENTREGA_05\\2_MDT\\GEOTIFF\\MDT_1439169.tif","SHRT_FNAME":"MDT_1439169.tif","UPPER_LEFT_X":"485962.427","UPPER_LEFT_Y":"9208874.824","LOWER_RIGHT_X":"486964.427","LOWER_RIGHT_Y":"9207872.824"},"geometry":{"type":"Polygon","coordinates":[[[485962.427000000025146,9208874.823999999091029],[486964.427000000025146,9208874.823999999091029],[486964.427000000025146,9207872.823999999091029],[485962.427000000025146,9207872.823999999091029],[485962.427000000025146,9208874.823999999091029]]]}},
{"type":"Feature","properties":{"DESCRIPTION":"MDT_1439168.tif","FILENAME":"U:\\P589_AmazoniaRevelada_BR-319\\LiDAR_dataset\\ENTREGAS\\ENTREGA_05\\2_MDT\\GEOTIFF\\MDT_1439168.tif","SHRT_FNAME":"MDT_1439168.tif","UPPER_LEFT_X":"484962.332","UPPER_LEFT_Y":"9208874.824","LOWER_RIGHT_X":"485964.332","LOWER_RIGHT_Y":"9207872.824"},"geometry":{"type":"Polygon","coordinates":[[[484962.332,9208874.823999999091029],[485964.332,9208874.823999999091029],[485964.332,9207872.823999999091029],[484962.332,9207872.823999999091029],[484962.332,9208874.823999999091029]]]}},
{"type":"Feature","properties":{"DESCRIPTION":"MDT_1439167.tif","FILENAME":"U:\\P589_AmazoniaRevelada_BR-319\\LiDAR_dataset\\ENTREGAS\\ENTREGA_05\\2_MDT\\GEOTIFF\\MDT_1439167.tif","SHRT_FNAME":"MDT_1439167.tif","UPPER_LEFT_X":"483962.237","UPPER_LEFT_Y":"9208874.824","LOWER_RIGHT_X":"484964.237","LOWER_RIGHT_Y":"9207872.824"},"geometry":{"type":"Polygon","coordinates":[[[483962.237000000022817,9208874.823999999091029],[484964.237000000022817,9208874.823999999091029],[484964.237000000022817,9207872.823999999091029],[483962.237000000022817,9207872.823999999091029],[483962.237000000022817,9208874.823999999091029]]]}},
{"type":"Feature","properties":{"DESCRIPTION":"MDT_1439166.tif","FILENAME":"U:\\P589_AmazoniaRevelada_BR-319\\LiDAR_dataset\\ENTREGAS\\ENTREGA_05\\2_MDT\\GEOTIFF\\MDT_1439166.tif","SHRT_FNAME":"MDT_1439166.tif","UPPER_LEFT_X":"482962.142","UPPER_LEFT_Y":"9208874.824","LOWER_RIGHT_X":"483964.142","LOWER_RIGHT_Y":"9207872.824"},"geometry":{"type":"Polygon","coordinates":[[[482962.142,9208874.823999999091029],[483964.142,9208874.823999999091029],[483964.142,9207872.823999999091029],[482962.142,9207872.823999999091029],[482962.142,9208874.823999999091029]]]}},
{"type":"Feature","properties":{"DESCRIPTION":"MDT_1439165.tif","FILENAME":"U:\\P589_AmazoniaRevelada_BR-319\\LiDAR_dataset\\ENTREGAS\\ENTREGA_05\\2_MDT\\GEOTIFF\\MDT_1439165.tif","SHRT_FNAME":"MDT_1439165.tif","UPPER_LEFT_X":"481962.046","UPPER_LEFT_Y":"9208874.824","LOWER_RIGHT_X":"482964.046","LOWER_RIGHT_Y":"9207872.824"},"geometry":{"type":"Polygon","coordinates":[[[481962.045999999972992,9208874.823999999091029],[482964.045999999972992,9208874.823999999091029],[482964.045999999972992,9207872.823999999091029],[481962.045999999972992,9207872.823999999091029],[481962.045999999972992,9208874.823999999091029]]]}},
{"type":"Feature","properties":{"DESCRIPTION":"MDT_1439164.tif","FILENAME":"U:\\P589_AmazoniaRevelada_BR-319\\LiDAR_dataset\\ENTREGAS\\ENTREGA_05\\2_MDT\\GEOTIFF\\MDT_1439164.tif","SHRT_FNAME":"MDT_1439164.tif","UPPER_LEFT_X":"480961.951","UPPER_LEFT_Y":"9208874.824","LOWER_RIGHT_X":"481963.951","LOWER_RIGHT_Y":"9207872.824"},"geometry":{"type":"Polygon","coordinates":[[[480961.951,9208874.823999999091029],[481963.951,9208874.823999999091029],[481963.951,9207872.823999999091029],[480961.951,9207872.823999999091029],[480961.951,9208874.823999999091029]]]}},
{"type":"Feature","properties":{"DESCRIPTION":"MDT_1439163.tif","FILENAME":"U:\\P589_AmazoniaRevelada_BR-319\\LiDAR_dataset\\ENTREGAS\\ENTREGA_05\\2_MDT\\GEOTIFF\\MDT_1439163.tif","SHRT_FNAME":"MDT_1439163.tif","UPPER_LEFT_X":"479961.856","UPPER_LEFT_Y":"9208874.824","LOWER_RIGHT_X":"480963.856","LOWER_RIGHT_Y":"9207872.824"},"geometry":{"type":"Polygon","coordinates":[[[479961.856000000028871,9208874.823999999091029],[480963.856000000028871,9208874.823999999091029],[480963.856000000028871,9207872.823999999091029],[479961.856000000028871,9207872.823999999091029],[479961.856000000028871,9208874.823999999091029]]]}},
{"type":"Feature","properties":{"DESCRIPTION":"MDT_1439162.tif","FILENAME":"U:\\P589_AmazoniaRevelada_BR-319\\LiDAR_dataset\\ENTREGAS\\ENTREGA_05\\2_MDT\\GEOTIFF\\MDT_1439162.tif","SHRT_FNAME":"MDT_1439162.tif","UPPER_LEFT_X":"478961.761","UPPER_LEFT_Y":"9208874.824","LOWER_RIGHT_X":"479963.761","LOWER_RIGHT_Y":"9207872.824"},"geometry":{"type":"Polygon","coordinates":[[[478961.761,9208874.823999999091029],[479963.761,9208874.823999999091029],[479963.761,9207872.823999999091029],[478961.761,9207872.823999999091029],[478961.761,9208874.823999999091029]]]}},
{"type":"Feature","properties":{"DESCRIPTION":"MDT_1439161.tif","FILENAME":"U:\\P589_AmazoniaRevelada_BR-319\\LiDAR_dataset\\ENTREGAS\\ENTREGA_05\\2_MDT\\GEOTIFF\\MDT_1439161.tif","SHRT_FNAME":"MDT_1439161.tif","UPPER_LEFT_X":"477961.666","UPPER_LEFT_Y":"9208874.824","LOWER_RIGHT_X":"478963.666","LOWER_RIGHT_Y":"9207872.824"},"geometry":{"type":"Polygon","coordinates":[[[477961.666000000026543,9208874.823999999091029],[478963.666000000026543,9208874.823999999091029],[478963.666000000026543,9207872.823999999091029],[477961.666000000026543,9207872.823999999091029],[477961.666000000026543,9208874.823999999091029]]]}},
{"type":"Feature","properties":{"DESCRIPTION":"MDT_1439160.tif","FILENAME":"U:\\P589_AmazoniaRevelada_BR-319\\LiDAR_dataset\\ENTREGAS\\ENTREGA_05\\2_MDT\\GEOTIFF\\MDT_1439160.tif","SHRT_FNAME":"MDT_1439160.tif","UPPER_LEFT_X":"476961.570","UPPER_LEFT_Y":"9208874.824","LOWER_RIGHT_X":"477963.570","LOWER_RIGHT_Y":"9207872.824"},"geometry":{"type":"Polygon","coordinates":[[[476961.57,9208874.823999999091029],[477963.57,9208874.823999999091029],[477963.57,9207872.823999999091029],[476961.57,9207872.823999999091029],[476961.57,9208874.823999999091029]]]}},
{"type":"Feature","properties":{"DESCRIPTION":"MDT_1439159.tif","FILENAME":"U:\\P589_AmazoniaRevelada_BR-319\\LiDAR_dataset\\ENTREGAS\\ENTREGA_05\\2_MDT\\GEOTIFF\\MDT_1439159.tif","SHRT_FNAME":"MDT_1439159.tif","UPPER_LEFT_X":"475961.475","UPPER_LEFT_Y":"9208874.824","LOWER_RIGHT_X":"476963.475","LOWER_RIGHT_Y":"9207872.824"},"geometry":{"type":"Polygon","coordinates":[[[475961.474999999976717,9208874.823999999091029],[476963.474999999976717,9208874.823999999091029],[476963.474999999976717,9207872.823999999091029],[475961.474999999976717,9207872.823999999091029],[475961.474999999976717,9208874.823999999091029]]]}},
{"type":"Feature","properties":{"DESCRIPTION":"MDT_1439158.tif","FILENAME":"U:\\P589_AmazoniaRevelada_BR-319\\LiDAR_dataset\\ENTREGAS\\ENTREGA_05\\2_MDT\\GEOTIFF\\MDT_1439158.tif","SHRT_FNAME":"MDT_1439158.tif","UPPER_LEFT_X":"474961.380","UPPER_LEFT_Y":"9208874.824","LOWER_RIGHT_X":"475963.380","LOWER_RIGHT_Y":"9207872.824"},"geometry":{"type":"Polygon","coordinates":[[[474961.38,9208874.823999999091029],[475963.38,9208874.823999999091029],[475963.38,9207872.823999999091029],[474961.38,9207872.823999999091029],[474961.38,9208874.823999999091029]]]}},
{"type":"Feature","properties":{"DESCRIPTION":"MDT_1439157.tif","FILENAME":"U:\\P589_AmazoniaRevelada_BR-319\\LiDAR_dataset\\ENTREGAS\\ENTREGA_05\\2_MDT\\GEOTIFF\\MDT_1439157.tif","SHRT_FNAME":"MDT_1439157.tif","UPPER_LEFT_X":"473961.285","UPPER_LEFT_Y":"9208874.824","LOWER_RIGHT_X":"474963.285","LOWER_RIGHT_Y":"9207872.824"},"geometry":{"type":"Polygon","coordinates":[[[473961.284999999974389,9208874.823999999091029],[474963.284999999974389,9208874.823999999091029],[474963.284999999974389,9207872.823999999091029],[473961.284999999974389,9207872.823999999091029],[473961.284999999974389,9208874.823999999091029]]]}},
{"type":"Feature","properties":{"DESCRIPTION":"MDT_1439156.tif","FILENAME":"U:\\P589_AmazoniaRevelada_BR-319\\LiDAR_dataset\\ENTREGAS\\ENTREGA_05\\2_MDT\\GEOTIFF\\MDT_1439156.tif","SHRT_FNAME":"MDT_1439156.tif","UPPER_LEFT_X":"472961.190","UPPER_LEFT_Y":"9208874.824","LOWER_RIGHT_X":"473963.190","LOWER_RIGHT_Y":"9207872.824"},"geometry":{"type":"Polygon","coordinates":[[[472961.19,9208874.823999999091029],[473963.19,9208874.823999999091029],[473963.19,9207872.823999999091029],[472961.19,9207872.823999999091029],[472961.19,9208874.823999999091029]]]}},
{"type":"Feature","properties":{"DESCRIPTION":"MDT_1439155.tif","FILENAME":"U:\\P589_AmazoniaRevelada_BR-319\\LiDAR_dataset\\ENTREGAS\\ENTREGA_05\\2_MDT\\GEOTIFF\\MDT_1439155.tif","SHRT_FNAME":"MDT_1439155.tif","UPPER_LEFT_X":"471961.094","UPPER_LEFT_Y":"9208874.824","LOWER_RIGHT_X":"472963.094","LOWER_RIGHT_Y":"9207872.824"},"geometry":{"type":"Polygon","coordinates":[[[471961.093999999982771,9208874.823999999091029],[472963.093999999982771,9208874.823999999091029],[472963.093999999982771,9207872.823999999091029],[471961.093999999982771,9207872.823999999091029],[471961.093999999982771,9208874.823999999091029]]]}},
{"type":"Feature","properties":{"DESCRIPTION":"MDT_1439154.tif","FILENAME":"U:\\P589_AmazoniaRevelada_BR-319\\LiDAR_dataset\\ENTREGAS\\ENTREGA_05\\2_MDT\\GEOTIFF\\MDT_1439154.tif","SHRT_FNAME":"MDT_1439154.tif","UPPER_LEFT_X":"470960.999","UPPER_LEFT_Y":"9208874.824","LOWER_RIGHT_X":"471962.999","LOWER_RIGHT_Y":"9207872.824"},"geometry":{"type":"Polygon","coordinates":[[[470960.99900000001071,9208874.823999999091029],[471962.99900000001071,9208874.823999999091029],[471962.99900000001071,9207872.823999999091029],[470960.99900000001071,9207872.823999999091029],[470960.99900000001071,9208874.823999999091029]]]}},
{"type":"Feature","properties":{"DESCRIPTION":"MDT_1439153.tif","FILENAME":"U:\\P589_AmazoniaRevelada_BR-319\\LiDAR_dataset\\ENTREGAS\\ENTREGA_05\\2_MDT\\GEOTIFF\\MDT_1439153.tif","SHRT_FNAME":"MDT_1439153.tif","UPPER_LEFT_X":"469960.904","UPPER_LEFT_Y":"9208874.824","LOWER_RIGHT_X":"470962.904","LOWER_RIGHT_Y":"9207872.824"},"geometry":{"type":"Polygon","coordinates":[[[469960.903999999980442,9208874.823999999091029],[470962.903999999980442,9208874.823999999091029],[470962.903999999980442,9207872.823999999091029],[469960.903999999980442,9207872.823999999091029],[469960.903999999980442,9208874.823999999091029]]]}},
{"type":"Feature","properties":{"DESCRIPTION":"MDT_1439152.tif","FILENAME":"U:\\P589_AmazoniaRevelada_BR-319\\LiDAR_dataset\\ENTREGAS\\ENTREGA_05\\2_MDT\\GEOTIFF\\MDT_1439152.tif","SHRT_FNAME":"MDT_1439152.tif","UPPER_LEFT_X":"468960.809","UPPER_LEFT_Y":"9208874.824","LOWER_RIGHT_X":"469962.809","LOWER_RIGHT_Y":"9207872.824"},"geometry":{"type":"Polygon","coordinates":[[[468960.809,9208874.823999999091029],[469962.809,9208874.823999999091029],[469962.809,9207872.823999999091029],[468960.809,9207872.823999999091029],[468960.809,9208874.823999999091029]]]}},
{"type":"Feature","properties":{"DESCRIPTION":"MDT_1439151.tif","FILENAME":"U:\\P589_AmazoniaRevelada_BR-319\\LiDAR_dataset\\ENTREGAS\\ENTREGA_05\\2_MDT\\GEOTIFF\\MDT_1439151.tif","SHRT_FNAME":"MDT_1439151.tif","UPPER_LEFT_X":"467960.714","UPPER_LEFT_Y":"9208874.824","LOWER_RIGHT_X":"468962.714","LOWER_RIGHT_Y":"9207872.824"},"geometry":{"type":"Polygon","coordinates":[[[467960.713999999978114,9208874.823999999091029],[468962.713999999978114,9208874.823999999091029],[468962.713999999978114,9207872.823999999091029],[467960.713999999978114,9207872.823999999091029],[467960.713999999978114,9208874.823999999091029]]]}},
{"type":"Feature","properties":{"DESCRIPTION":"MDT_1439150.tif","FILENAME":"U:\\P589_AmazoniaRevelada_BR-319\\LiDAR_dataset\\ENTREGAS\\ENTREGA_05\\2_MDT\\GEOTIFF\\MDT_1439150.tif","SHRT_FNAME":"MDT_1439150.tif","UPPER_LEFT_X":"466960.618","UPPER_LEFT_Y":"9208874.824","LOWER_RIGHT_X":"467962.618","LOWER_RIGHT_Y":"9207872.824"},"geometry":{"type":"Polygon","coordinates":[[[466960.618000000016764,9208874.823999999091029],[467962.618000000016764,9208874.823999999091029],[467962.618000000016764,9207872.823999999091029],[466960.618000000016764,9207872.823999999091029],[466960.618000000016764,9208874.823999999091029]]]}},
{"type":"Feature","properties":{"DESCRIPTION":"MDT_1439149.tif","FILENAME":"U:\\P589_AmazoniaRevelada_BR-319\\LiDAR_dataset\\ENTREGAS\\ENTREGA_05\\2_MDT\\GEOTIFF\\MDT_1439149.tif","SHRT_FNAME":"MDT_1439149.tif","UPPER_LEFT_X":"465960.523","UPPER_LEFT_Y":"9208874.824","LOWER_RIGHT_X":"466962.523","LOWER_RIGHT_Y":"9207872.824"},"geometry":{"type":"Polygon","coordinates":[[[465960.522999999986496,9208874.823999999091029],[466962.522999999986496,9208874.823999999091029],[466962.522999999986496,9207872.823999999091029],[465960.522999999986496,9207872.823999999091029],[465960.522999999986496,9208874.823999999091029]]]}},
{"type":"Feature","properties":{"DESCRIPTION":"MDT_1439148.tif","FILENAME":"U:\\P589_AmazoniaRevelada_BR-319\\LiDAR_dataset\\ENTREGAS\\ENTREGA_05\\2_MDT\\GEOTIFF\\MDT_1439148.tif","SHRT_FNAME":"MDT_1439148.tif","UPPER_LEFT_X":"464960.428","UPPER_LEFT_Y":"9208874.824","LOWER_RIGHT_X":"465962.428","LOWER_RIGHT_Y":"9207872.824"},"geometry":{"type":"Polygon","coordinates":[[[464960.428000000014435,9208874.823999999091029],[465962.428000000014435,9208874.823999999091029],[465962.428000000014435,9207872.823999999091029],[464960.428000000014435,9207872.823999999091029],[464960.428000000014435,9208874.823999999091029]]]}},
{"type":"Feature","properties":{"DESCRIPTION":"MDT_1439147.tif","FILENAME":"U:\\P589_AmazoniaRevelada_BR-319\\LiDAR_dataset\\ENTREGAS\\ENTREGA_05\\2_MDT\\GEOTIFF\\MDT_1439147.tif","SHRT_FNAME":"MDT_1439147.tif","UPPER_LEFT_X":"463960.333","UPPER_LEFT_Y":"9208874.824","LOWER_RIGHT_X":"464962.333","LOWER_RIGHT_Y":"9207872.824"},"geometry":{"type":"Polygon","coordinates":[[[463960.332999999984168,9208874.823999999091029],[464962.332999999984168,9208874.823999999091029],[464962.332999999984168,9207872.823999999091029],[463960.332999999984168,9207872.823999999091029],[463960.332999999984168,9208874.823999999091029]]]}},
{"type":"Feature","properties":{"DESCRIPTION":"MDT_1438193.tif","FILENAME":"U:\\P589_AmazoniaRevelada_BR-319\\LiDAR_dataset\\ENTREGAS\\ENTREGA_05\\2_MDT\\GEOTIFF\\MDT_1438193.tif","SHRT_FNAME":"MDT_1438193.tif","UPPER_LEFT_X":"509964.712","UPPER_LEFT_Y":"9209874.699","LOWER_RIGHT_X":"510966.712","LOWER_RIGHT_Y":"9208872.699"},"geometry":{"type":"Polygon","coordinates":[[[509964.712,9209874.698999999091029],[510966.712,9209874.698999999091029],[510966.712,9208872.698999999091029],[509964.712,9208872.698999999091029],[509964.712,9209874.698999999091029]]]}},
{"type":"Feature","properties":{"DESCRIPTION":"MDT_1438192.tif","FILENAME":"U:\\P589_AmazoniaRevelada_BR-319\\LiDAR_dataset\\ENTREGAS\\ENTREGA_05\\2_MDT\\GEOTIFF\\MDT_1438192.tif","SHRT_FNAME":"MDT_1438192.tif","UPPER_LEFT_X":"508964.617","UPPER_LEFT_Y":"9209874.699","LOWER_RIGHT_X":"509966.617","LOWER_RIGHT_Y":"9208872.699"},"geometry":{"type":"Polygon","coordinates":[[[508964.617000000027474,9209874.698999999091029],[509966.617000000027474,9209874.698999999091029],[509966.617000000027474,9208872.698999999091029],[508964.617000000027474,9208872.698999999091029],[508964.617000000027474,9209874.698999999091029]]]}},
{"type":"Feature","properties":{"DESCRIPTION":"MDT_1438191.tif","FILENAME":"U:\\P589_AmazoniaRevelada_BR-319\\LiDAR_dataset\\ENTREGAS\\ENTREGA_05\\2_MDT\\GEOTIFF\\MDT_1438191.tif","SHRT_FNAME":"MDT_1438191.tif","UPPER_LEFT_X":"507964.522","UPPER_LEFT_Y":"9209874.699","LOWER_RIGHT_X":"508966.522","LOWER_RIGHT_Y":"9208872.699"},"geometry":{"type":"Polygon","coordinates":[[[507964.522,9209874.698999999091029],[508966.522,9209874.698999999091029],[508966.522,9208872.698999999091029],[507964.522,9208872.698999999091029],[507964.522,9209874.698999999091029]]]}},
{"type":"Feature","properties":{"DESCRIPTION":"MDT_1438190.tif","FILENAME":"U:\\P589_AmazoniaRevelada_BR-319\\LiDAR_dataset\\ENTREGAS\\ENTREGA_05\\2_MDT\\GEOTIFF\\MDT_1438190.tif","SHRT_FNAME":"MDT_1438190.tif","UPPER_LEFT_X":"506964.426","UPPER_LEFT_Y":"9209874.699","LOWER_RIGHT_X":"507966.426","LOWER_RIGHT_Y":"9208872.699"},"geometry":{"type":"Polygon","coordinates":[[[506964.425999999977648,9209874.698999999091029],[507966.425999999977648,9209874.698999999091029],[507966.425999999977648,9208872.698999999091029],[506964.425999999977648,9208872.698999999091029],[506964.425999999977648,9209874.698999999091029]]]}},
{"type":"Feature","properties":{"DESCRIPTION":"MDT_1438189.tif","FILENAME":"U:\\P589_AmazoniaRevelada_BR-319\\LiDAR_dataset\\ENTREGAS\\ENTREGA_05\\2_MDT\\GEOTIFF\\MDT_1438189.tif","SHRT_FNAME":"MDT_1438189.tif","UPPER_LEFT_X":"505964.331","UPPER_LEFT_Y":"9209874.699","LOWER_RIGHT_X":"506966.331","LOWER_RIGHT_Y":"9208872.699"},"geometry":{"type":"Polygon","coordinates":[[[505964.331,9209874.698999999091029],[506966.331,9209874.698999999091029],[506966.331,9208872.698999999091029],[505964.331,9208872.698999999091029],[505964.331,9209874.698999999091029]]]}},
{"type":"Feature","properties":{"DESCRIPTION":"MDT_1438188.tif","FILENAME":"U:\\P589_AmazoniaRevelada_BR-319\\LiDAR_dataset\\ENTREGAS\\ENTREGA_05\\2_MDT\\GEOTIFF\\MDT_1438188.tif","SHRT_FNAME":"MDT_1438188.tif","UPPER_LEFT_X":"504964.236","UPPER_LEFT_Y":"9209874.699","LOWER_RIGHT_X":"505966.236","LOWER_RIGHT_Y":"9208872.699"},"geometry":{"type":"Polygon","coordinates":[[[504964.23599999997532,9209874.698999999091029],[505966.23599999997532,9209874.698999999091029],[505966.23599999997532,9208872.698999999091029],[504964.23599999997532,9208872.698999999091029],[504964.23599999997532,9209874.698999999091029]]]}},
{"type":"Feature","properties":{"DESCRIPTION":"MDT_1438187.tif","FILENAME":"U:\\P589_AmazoniaRevelada_BR-319\\LiDAR_dataset\\ENTREGAS\\ENTREGA_05\\2_MDT\\GEOTIFF\\MDT_1438187.tif","SHRT_FNAME":"MDT_1438187.tif","UPPER_LEFT_X":"503964.141","UPPER_LEFT_Y":"9209874.699","LOWER_RIGHT_X":"504966.141","LOWER_RIGHT_Y":"9208872.699"},"geometry":{"type":"Polygon","coordinates":[[[503964.141,9209874.698999999091029],[504966.141,9209874.698999999091029],[504966.141,9208872.698999999091029],[503964.141,9208872.698999999091029],[503964.141,9209874.698999999091029]]]}},
{"type":"Feature","properties":{"DESCRIPTION":"MDT_1438186.tif","FILENAME":"U:\\P589_AmazoniaRevelada_BR-319\\LiDAR_dataset\\ENTREGAS\\ENTREGA_05\\2_MDT\\GEOTIFF\\MDT_1438186.tif","SHRT_FNAME":"MDT_1438186.tif","UPPER_LEFT_X":"502964.046","UPPER_LEFT_Y":"9209874.699","LOWER_RIGHT_X":"503966.046","LOWER_RIGHT_Y":"9208872.699"},"geometry":{"type":"Polygon","coordinates":[[[502964.045999999972992,9209874.698999999091029],[503966.045999999972992,9209874.698999999091029],[503966.045999999972992,9208872.698999999091029],[502964.045999999972992,9208872.698999999091029],[502964.045999999972992,9209874.698999999091029]]]}},
{"type":"Feature","properties":{"DESCRIPTION":"MDT_1438185.tif","FILENAME":"U:\\P589_AmazoniaRevelada_BR-319\\LiDAR_dataset\\ENTREGAS\\ENTREGA_05\\2_MDT\\GEOTIFF\\MDT_1438185.tif","SHRT_FNAME":"MDT_1438185.tif","UPPER_LEFT_X":"501963.950","UPPER_LEFT_Y":"9209874.699","LOWER_RIGHT_X":"502965.950","LOWER_RIGHT_Y":"9208872.699"},"geometry":{"type":"Polygon","coordinates":[[[501963.950000000011642,9209874.698999999091029],[502965.950000000011642,9209874.698999999091029],[502965.950000000011642,9208872.698999999091029],[501963.950000000011642,9208872.698999999091029],[501963.950000000011642,9209874.698999999091029]]]}},
{"type":"Feature","properties":{"DESCRIPTION":"MDT_1438184.tif","FILENAME":"U:\\P589_AmazoniaRevelada_BR-319\\LiDAR_dataset\\ENTREGAS\\ENTREGA_05\\2_MDT\\GEOTIFF\\MDT_1438184.tif","SHRT_FNAME":"MDT_1438184.tif","UPPER_LEFT_X":"500963.855","UPPER_LEFT_Y":"9209874.699","LOWER_RIGHT_X":"501965.855","LOWER_RIGHT_Y":"9208872.699"},"geometry":{"type":"Polygon","coordinates":[[[500963.854999999981374,9209874.698999999091029],[501965.854999999981374,9209874.698999999091029],[501965.854999999981374,9208872.698999999091029],[500963.854999999981374,9208872.698999999091029],[500963.854999999981374,9209874.698999999091029]]]}},
{"type":"Feature","properties":{"DESCRIPTION":"MDT_1438183.tif","FILENAME":"U:\\P589_AmazoniaRevelada_BR-319\\LiDAR_dataset\\ENTREGAS\\ENTREGA_05\\2_MDT\\GEOTIFF\\MDT_1438183.tif","SHRT_FNAME":"MDT_1438183.tif","UPPER_LEFT_X":"499963.760","UPPER_LEFT_Y":"9209874.699","LOWER_RIGHT_X":"500965.760","LOWER_RIGHT_Y":"9208872.699"},"geometry":{"type":"Polygon","coordinates":[[[499963.76,9209874.698999999091029],[500965.76,9209874.698999999091029],[500965.76,9208872.698999999091029],[499963.76,9208872.698999999091029],[499963.76,9209874.698999999091029]]]}},
{"type":"Feature","properties":{"DESCRIPTION":"MDT_1438182.tif","FILENAME":"U:\\P589_AmazoniaRevelada_BR-319\\LiDAR_dataset\\ENTREGAS\\ENTREGA_05\\2_MDT\\GEOTIFF\\MDT_1438182.tif","SHRT_FNAME":"MDT_1438182.tif","UPPER_LEFT_X":"498963.665","UPPER_LEFT_Y":"9209874.699","LOWER_RIGHT_X":"499965.665","LOWER_RIGHT_Y":"9208872.699"},"geometry":{"type":"Polygon","coordinates":[[[498963.664999999979045,9209874.698999999091029],[499965.664999999979045,9209874.698999999091029],[499965.664999999979045,9208872.698999999091029],[498963.664999999979045,9208872.698999999091029],[498963.664999999979045,9209874.698999999091029]]]}},
{"type":"Feature","properties":{"DESCRIPTION":"MDT_1438181.tif","FILENAME":"U:\\P589_AmazoniaRevelada_BR-319\\LiDAR_dataset\\ENTREGAS\\ENTREGA_05\\2_MDT\\GEOTIFF\\MDT_1438181.tif","SHRT_FNAME":"MDT_1438181.tif","UPPER_LEFT_X":"497963.570","UPPER_LEFT_Y":"9209874.699","LOWER_RIGHT_X":"498965.570","LOWER_RIGHT_Y":"9208872.699"},"geometry":{"type":"Polygon","coordinates":[[[497963.57,9209874.698999999091029],[498965.57,9209874.698999999091029],[498965.57,9208872.698999999091029],[497963.57,9208872.698999999091029],[497963.57,9209874.698999999091029]]]}},
{"type":"Feature","properties":{"DESCRIPTION":"MDT_1438180.tif","FILENAME":"U:\\P589_AmazoniaRevelada_BR-319\\LiDAR_dataset\\ENTREGAS\\ENTREGA_05\\2_MDT\\GEOTIFF\\MDT_1438180.tif","SHRT_FNAME":"MDT_1438180.tif","UPPER_LEFT_X":"496963.474","UPPER_LEFT_Y":"9209874.699","LOWER_RIGHT_X":"497965.474","LOWER_RIGHT_Y":"9208872.699"},"geometry":{"type":"Polygon","coordinates":[[[496963.473999999987427,9209874.698999999091029],[497965.473999999987427,9209874.698999999091029],[497965.473999999987427,9208872.698999999091029],[496963.473999999987427,9208872.698999999091029],[496963.473999999987427,9209874.698999999091029]]]}},
{"type":"Feature","properties":{"DESCRIPTION":"MDT_1438179.tif","FILENAME":"U:\\P589_AmazoniaRevelada_BR-319\\LiDAR_dataset\\ENTREGAS\\ENTREGA_05\\2_MDT\\GEOTIFF\\MDT_1438179.tif","SHRT_FNAME":"MDT_1438179.tif","UPPER_LEFT_X":"495963.379","UPPER_LEFT_Y":"9209874.699","LOWER_RIGHT_X":"496965.379","LOWER_RIGHT_Y":"9208872.699"},"geometry":{"type":"Polygon","coordinates":[[[495963.379000000015367,9209874.698999999091029],[496965.379000000015367,9209874.698999999091029],[496965.379000000015367,9208872.698999999091029],[495963.379000000015367,9208872.698999999091029],[495963.379000000015367,9209874.698999999091029]]]}},
{"type":"Feature","properties":{"DESCRIPTION":"MDT_1438178.tif","FILENAME":"U:\\P589_AmazoniaRevelada_BR-319\\LiDAR_dataset\\ENTREGAS\\ENTREGA_05\\2_MDT\\GEOTIFF\\MDT_1438178.tif","SHRT_FNAME":"MDT_1438178.tif","UPPER_LEFT_X":"494963.284","UPPER_LEFT_Y":"9209874.699","LOWER_RIGHT_X":"495965.284","LOWER_RIGHT_Y":"9208872.699"},"geometry":{"type":"Polygon","coordinates":[[[494963.283999999985099,9209874.698999999091029],[495965.283999999985099,9209874.698999999091029],[495965.283999999985099,9208872.698999999091029],[494963.283999999985099,9208872.698999999091029],[494963.283999999985099,9209874.698999999091029]]]}},
{"type":"Feature","properties":{"DESCRIPTION":"MDT_1438177.tif","FILENAME":"U:\\P589_AmazoniaRevelada_BR-319\\LiDAR_dataset\\ENTREGAS\\ENTREGA_05\\2_MDT\\GEOTIFF\\MDT_1438177.tif","SHRT_FNAME":"MDT_1438177.tif","UPPER_LEFT_X":"493963.189","UPPER_LEFT_Y":"9209874.699","LOWER_RIGHT_X":"494965.189","LOWER_RIGHT_Y":"9208872.699"},"geometry":{"type":"Polygon","coordinates":[[[493963.189000000013039,9209874.698999999091029],[494965.189000000013039,9209874.698999999091029],[494965.189000000013039,9208872.698999999091029],[493963.189000000013039,9208872.698999999091029],[493963.189000000013039,9209874.698999999091029]]]}},
{"type":"Feature","properties":{"DESCRIPTION":"MDT_1438176.tif","FILENAME":"U:\\P589_AmazoniaRevelada_BR-319\\LiDAR_dataset\\ENTREGAS\\ENTREGA_05\\2_MDT\\GEOTIFF\\MDT_1438176.tif","SHRT_FNAME":"MDT_1438176.tif","UPPER_LEFT_X":"492963.094","UPPER_LEFT_Y":"9209874.699","LOWER_RIGHT_X":"493965.094","LOWER_RIGHT_Y":"9208872.699"},"geometry":{"type":"Polygon","coordinates":[[[492963.093999999982771,9209874.698999999091029],[493965.093999999982771,9209874.698999999091029],[493965.093999999982771,9208872.698999999091029],[492963.093999999982771,9208872.698999999091029],[492963.093999999982771,9209874.698999999091029]]]}},
{"type":"Feature","properties":{"DESCRIPTION":"MDT_1438175.tif","FILENAME":"U:\\P589_AmazoniaRevelada_BR-319\\LiDAR_dataset\\ENTREGAS\\ENTREGA_05\\2_MDT\\GEOTIFF\\MDT_1438175.tif","SHRT_FNAME":"MDT_1438175.tif","UPPER_LEFT_X":"491962.998","UPPER_LEFT_Y":"9209874.699","LOWER_RIGHT_X":"492964.998","LOWER_RIGHT_Y":"9208872.699"},"geometry":{"type":"Polygon","coordinates":[[[491962.99800000002142,9209874.698999999091029],[492964.99800000002142,9209874.698999999091029],[492964.99800000002142,9208872.698999999091029],[491962.99800000002142,9208872.698999999091029],[491962.99800000002142,9209874.698999999091029]]]}},
{"type":"Feature","properties":{"DESCRIPTION":"MDT_1438174.tif","FILENAME":"U:\\P589_AmazoniaRevelada_BR-319\\LiDAR_dataset\\ENTREGAS\\ENTREGA_05\\2_MDT\\GEOTIFF\\MDT_1438174.tif","SHRT_FNAME":"MDT_1438174.tif","UPPER_LEFT_X":"490962.903","UPPER_LEFT_Y":"9209874.699","LOWER_RIGHT_X":"491964.903","LOWER_RIGHT_Y":"9208872.699"},"geometry":{"type":"Polygon","coordinates":[[[490962.903,9209874.698999999091029],[491964.903,9209874.698999999091029],[491964.903,9208872.698999999091029],[490962.903,9208872.698999999091029],[490962.903,9209874.698999999091029]]]}},
{"type":"Feature","properties":{"DESCRIPTION":"MDT_1438173.tif","FILENAME":"U:\\P589_AmazoniaRevelada_BR-319\\LiDAR_dataset\\ENTREGAS\\ENTREGA_05\\2_MDT\\GEOTIFF\\MDT_1438173.tif","SHRT_FNAME":"MDT_1438173.tif","UPPER_LEFT_X":"489962.808","UPPER_LEFT_Y":"9209874.699","LOWER_RIGHT_X":"490964.808","LOWER_RIGHT_Y":"9208872.699"},"geometry":{"type":"Polygon","coordinates":[[[489962.808000000019092,9209874.698999999091029],[490964.808000000019092,9209874.698999999091029],[490964.808000000019092,9208872.698999999091029],[489962.808000000019092,9208872.698999999091029],[489962.808000000019092,9209874.698999999091029]]]}},
{"type":"Feature","properties":{"DESCRIPTION":"MDT_1438172.tif","FILENAME":"U:\\P589_AmazoniaRevelada_BR-319\\LiDAR_dataset\\ENTREGAS\\ENTREGA_05\\2_MDT\\GEOTIFF\\MDT_1438172.tif","SHRT_FNAME":"MDT_1438172.tif","UPPER_LEFT_X":"488962.713","UPPER_LEFT_Y":"9209874.699","LOWER_RIGHT_X":"489964.713","LOWER_RIGHT_Y":"9208872.699"},"geometry":{"type":"Polygon","coordinates":[[[488962.712999999988824,9209874.698999999091029],[489964.712999999988824,9209874.698999999091029],[489964.712999999988824,9208872.698999999091029],[488962.712999999988824,9208872.698999999091029],[488962.712999999988824,9209874.698999999091029]]]}},
{"type":"Feature","properties":{"DESCRIPTION":"MDT_1438171.tif","FILENAME":"U:\\P589_AmazoniaRevelada_BR-319\\LiDAR_dataset\\ENTREGAS\\ENTREGA_05\\2_MDT\\GEOTIFF\\MDT_1438171.tif","SHRT_FNAME":"MDT_1438171.tif","UPPER_LEFT_X":"487962.618","UPPER_LEFT_Y":"9209874.699","LOWER_RIGHT_X":"488964.618","LOWER_RIGHT_Y":"9208872.699"},"geometry":{"type":"Polygon","coordinates":[[[487962.618000000016764,9209874.698999999091029],[488964.618000000016764,9209874.698999999091029],[488964.618000000016764,9208872.698999999091029],[487962.618000000016764,9208872.698999999091029],[487962.618000000016764,9209874.698999999091029]]]}},
{"type":"Feature","properties":{"DESCRIPTION":"MDT_1438170.tif","FILENAME":"U:\\P589_AmazoniaRevelada_BR-319\\LiDAR_dataset\\ENTREGAS\\ENTREGA_05\\2_MDT\\GEOTIFF\\MDT_1438170.tif","SHRT_FNAME":"MDT_1438170.tif","UPPER_LEFT_X":"486962.522","UPPER_LEFT_Y":"9209874.699","LOWER_RIGHT_X":"487964.522","LOWER_RIGHT_Y":"9208872.699"},"geometry":{"type":"Polygon","coordinates":[[[486962.522,9209874.698999999091029],[487964.522,9209874.698999999091029],[487964.522,9208872.698999999091029],[486962.522,9208872.698999999091029],[486962.522,9209874.698999999091029]]]}},
{"type":"Feature","properties":{"DESCRIPTION":"MDT_1438169.tif","FILENAME":"U:\\P589_AmazoniaRevelada_BR-319\\LiDAR_dataset\\ENTREGAS\\ENTREGA_05\\2_MDT\\GEOTIFF\\MDT_1438169.tif","SHRT_FNAME":"MDT_1438169.tif","UPPER_LEFT_X":"485962.427","UPPER_LEFT_Y":"9209874.699","LOWER_RIGHT_X":"486964.427","LOWER_RIGHT_Y":"9208872.699"},"geometry":{"type":"Polygon","coordinates":[[[485962.427000000025146,9209874.698999999091029],[486964.427000000025146,9209874.698999999091029],[486964.427000000025146,9208872.698999999091029],[485962.427000000025146,9208872.698999999091029],[485962.427000000025146,9209874.698999999091029]]]}},
{"type":"Feature","properties":{"DESCRIPTION":"MDT_1438168.tif","FILENAME":"U:\\P589_AmazoniaRevelada_BR-319\\LiDAR_dataset\\ENTREGAS\\ENTREGA_05\\2_MDT\\GEOTIFF\\MDT_1438168.tif","SHRT_FNAME":"MDT_1438168.tif","UPPER_LEFT_X":"484962.332","UPPER_LEFT_Y":"9209874.699","LOWER_RIGHT_X":"485964.332","LOWER_RIGHT_Y":"9208872.699"},"geometry":{"type":"Polygon","coordinates":[[[484962.332,9209874.698999999091029],[485964.332,9209874.698999999091029],[485964.332,9208872.698999999091029],[484962.332,9208872.698999999091029],[484962.332,9209874.698999999091029]]]}},
{"type":"Feature","properties":{"DESCRIPTION":"MDT_1438167.tif","FILENAME":"U:\\P589_AmazoniaRevelada_BR-319\\LiDAR_dataset\\ENTREGAS\\ENTREGA_05\\2_MDT\\GEOTIFF\\MDT_1438167.tif","SHRT_FNAME":"MDT_1438167.tif","UPPER_LEFT_X":"483962.237","UPPER_LEFT_Y":"9209874.699","LOWER_RIGHT_X":"484964.237","LOWER_RIGHT_Y":"9208872.699"},"geometry":{"type":"Polygon","coordinates":[[[483962.237000000022817,9209874.698999999091029],[484964.237000000022817,9209874.698999999091029],[484964.237000000022817,9208872.698999999091029],[483962.237000000022817,9208872.698999999091029],[483962.237000000022817,9209874.698999999091029]]]}},
{"type":"Feature","properties":{"DESCRIPTION":"MDT_1438166.tif","FILENAME":"U:\\P589_AmazoniaRevelada_BR-319\\LiDAR_dataset\\ENTREGAS\\ENTREGA_05\\2_MDT\\GEOTIFF\\MDT_1438166.tif","SHRT_FNAME":"MDT_1438166.tif","UPPER_LEFT_X":"482962.142","UPPER_LEFT_Y":"9209874.699","LOWER_RIGHT_X":"483964.142","LOWER_RIGHT_Y":"9208872.699"},"geometry":{"type":"Polygon","coordinates":[[[482962.142,9209874.698999999091029],[483964.142,9209874.698999999091029],[483964.142,9208872.698999999091029],[482962.142,9208872.698999999091029],[482962.142,9209874.698999999091029]]]}},
{"type":"Feature","properties":{"DESCRIPTION":"MDT_1438165.tif","FILENAME":"U:\\P589_AmazoniaRevelada_BR-319\\LiDAR_dataset\\ENTREGAS\\ENTREGA_05\\2_MDT\\GEOTIFF\\MDT_1438165.tif","SHRT_FNAME":"MDT_1438165.tif","UPPER_LEFT_X":"481962.046","UPPER_LEFT_Y":"9209874.699","LOWER_RIGHT_X":"482964.046","LOWER_RIGHT_Y":"9208872.699"},"geometry":{"type":"Polygon","coordinates":[[[481962.045999999972992,9209874.698999999091029],[482964.045999999972992,9209874.698999999091029],[482964.045999999972992,9208872.698999999091029],[481962.045999999972992,9208872.698999999091029],[481962.045999999972992,9209874.698999999091029]]]}},
{"type":"Feature","properties":{"DESCRIPTION":"MDT_1438164.tif","FILENAME":"U:\\P589_AmazoniaRevelada_BR-319\\LiDAR_dataset\\ENTREGAS\\ENTREGA_05\\2_MDT\\GEOTIFF\\MDT_1438164.tif","SHRT_FNAME":"MDT_1438164.tif","UPPER_LEFT_X":"480961.951","UPPER_LEFT_Y":"9209874.699","LOWER_RIGHT_X":"481963.951","LOWER_RIGHT_Y":"9208872.699"},"geometry":{"type":"Polygon","coordinates":[[[480961.951,9209874.698999999091029],[481963.951,9209874.698999999091029],[481963.951,9208872.698999999091029],[480961.951,9208872.698999999091029],[480961.951,9209874.698999999091029]]]}},
{"type":"Feature","properties":{"DESCRIPTION":"MDT_1438163.tif","FILENAME":"U:\\P589_AmazoniaRevelada_BR-319\\LiDAR_dataset\\ENTREGAS\\ENTREGA_05\\2_MDT\\GEOTIFF\\MDT_1438163.tif","SHRT_FNAME":"MDT_1438163.tif","UPPER_LEFT_X":"479961.856","UPPER_LEFT_Y":"9209874.699","LOWER_RIGHT_X":"480963.856","LOWER_RIGHT_Y":"9208872.699"},"geometry":{"type":"Polygon","coordinates":[[[479961.856000000028871,9209874.698999999091029],[480963.856000000028871,9209874.698999999091029],[480963.856000000028871,9208872.698999999091029],[479961.856000000028871,9208872.698999999091029],[479961.856000000028871,9209874.698999999091029]]]}},
{"type":"Feature","properties":{"DESCRIPTION":"MDT_1438162.tif","FILENAME":"U:\\P589_AmazoniaRevelada_BR-319\\LiDAR_dataset\\ENTREGAS\\ENTREGA_05\\2_MDT\\GEOTIFF\\MDT_1438162.tif","SHRT_FNAME":"MDT_1438162.tif","UPPER_LEFT_X":"478961.761","UPPER_LEFT_Y":"9209874.699","LOWER_RIGHT_X":"479963.761","LOWER_RIGHT_Y":"9208872.699"},"geometry":{"type":"Polygon","coordinates":[[[478961.761,9209874.698999999091029],[479963.761,9209874.698999999091029],[479963.761,9208872.698999999091029],[478961.761,9208872.698999999091029],[478961.761,9209874.698999999091029]]]}},
{"type":"Feature","properties":{"DESCRIPTION":"MDT_1438161.tif","FILENAME":"U:\\P589_AmazoniaRevelada_BR-319\\LiDAR_dataset\\ENTREGAS\\ENTREGA_05\\2_MDT\\GEOTIFF\\MDT_1438161.tif","SHRT_FNAME":"MDT_1438161.tif","UPPER_LEFT_X":"477961.666","UPPER_LEFT_Y":"9209874.699","LOWER_RIGHT_X":"478963.666","LOWER_RIGHT_Y":"9208872.699"},"geometry":{"type":"Polygon","coordinates":[[[477961.666000000026543,9209874.698999999091029],[478963.666000000026543,9209874.698999999091029],[478963.666000000026543,9208872.698999999091029],[477961.666000000026543,9208872.698999999091029],[477961.666000000026543,9209874.698999999091029]]]}},
{"type":"Feature","properties":{"DESCRIPTION":"MDT_1438160.tif","FILENAME":"U:\\P589_AmazoniaRevelada_BR-319\\LiDAR_dataset\\ENTREGAS\\ENTREGA_05\\2_MDT\\GEOTIFF\\MDT_1438160.tif","SHRT_FNAME":"MDT_1438160.tif","UPPER_LEFT_X":"476961.570","UPPER_LEFT_Y":"9209874.699","LOWER_RIGHT_X":"477963.570","LOWER_RIGHT_Y":"9208872.699"},"geometry":{"type":"Polygon","coordinates":[[[476961.57,9209874.698999999091029],[477963.57,9209874.698999999091029],[477963.57,9208872.698999999091029],[476961.57,9208872.698999999091029],[476961.57,9209874.698999999091029]]]}},
{"type":"Feature","properties":{"DESCRIPTION":"MDT_1438159.tif","FILENAME":"U:\\P589_AmazoniaRevelada_BR-319\\LiDAR_dataset\\ENTREGAS\\ENTREGA_05\\2_MDT\\GEOTIFF\\MDT_1438159.tif","SHRT_FNAME":"MDT_1438159.tif","UPPER_LEFT_X":"475961.475","UPPER_LEFT_Y":"9209874.699","LOWER_RIGHT_X":"476963.475","LOWER_RIGHT_Y":"9208872.699"},"geometry":{"type":"Polygon","coordinates":[[[475961.474999999976717,9209874.698999999091029],[476963.474999999976717,9209874.698999999091029],[476963.474999999976717,9208872.698999999091029],[475961.474999999976717,9208872.698999999091029],[475961.474999999976717,9209874.698999999091029]]]}},
{"type":"Feature","properties":{"DESCRIPTION":"MDT_1438158.tif","FILENAME":"U:\\P589_AmazoniaRevelada_BR-319\\LiDAR_dataset\\ENTREGAS\\ENTREGA_05\\2_MDT\\GEOTIFF\\MDT_1438158.tif","SHRT_FNAME":"MDT_1438158.tif","UPPER_LEFT_X":"474961.380","UPPER_LEFT_Y":"9209874.699","LOWER_RIGHT_X":"475963.380","LOWER_RIGHT_Y":"9208872.699"},"geometry":{"type":"Polygon","coordinates":[[[474961.38,9209874.698999999091029],[475963.38,9209874.698999999091029],[475963.38,9208872.698999999091029],[474961.38,9208872.698999999091029],[474961.38,9209874.698999999091029]]]}},
{"type":"Feature","properties":{"DESCRIPTION":"MDT_1438157.tif","FILENAME":"U:\\P589_AmazoniaRevelada_BR-319\\LiDAR_dataset\\ENTREGAS\\ENTREGA_05\\2_MDT\\GEOTIFF\\MDT_1438157.tif","SHRT_FNAME":"MDT_1438157.tif","UPPER_LEFT_X":"473961.285","UPPER_LEFT_Y":"9209874.699","LOWER_RIGHT_X":"474963.285","LOWER_RIGHT_Y":"9208872.699"},"geometry":{"type":"Polygon","coordinates":[[[473961.284999999974389,9209874.698999999091029],[474963.284999999974389,9209874.698999999091029],[474963.284999999974389,9208872.698999999091029],[473961.284999999974389,9208872.698999999091029],[473961.284999999974389,9209874.698999999091029]]]}},
{"type":"Feature","properties":{"DESCRIPTION":"MDT_1438156.tif","FILENAME":"U:\\P589_AmazoniaRevelada_BR-319\\LiDAR_dataset\\ENTREGAS\\ENTREGA_05\\2_MDT\\GEOTIFF\\MDT_1438156.tif","SHRT_FNAME":"MDT_1438156.tif","UPPER_LEFT_X":"472961.190","UPPER_LEFT_Y":"9209874.699","LOWER_RIGHT_X":"473963.190","LOWER_RIGHT_Y":"9208872.699"},"geometry":{"type":"Polygon","coordinates":[[[472961.19,9209874.698999999091029],[473963.19,9209874.698999999091029],[473963.19,9208872.698999999091029],[472961.19,9208872.698999999091029],[472961.19,9209874.698999999091029]]]}},
{"type":"Feature","properties":{"DESCRIPTION":"MDT_1438155.tif","FILENAME":"U:\\P589_AmazoniaRevelada_BR-319\\LiDAR_dataset\\ENTREGAS\\ENTREGA_05\\2_MDT\\GEOTIFF\\MDT_1438155.tif","SHRT_FNAME":"MDT_1438155.tif","UPPER_LEFT_X":"471961.094","UPPER_LEFT_Y":"9209874.699","LOWER_RIGHT_X":"472963.094","LOWER_RIGHT_Y":"9208872.699"},"geometry":{"type":"Polygon","coordinates":[[[471961.093999999982771,9209874.698999999091029],[472963.093999999982771,9209874.698999999091029],[472963.093999999982771,9208872.698999999091029],[471961.093999999982771,9208872.698999999091029],[471961.093999999982771,9209874.698999999091029]]]}},
{"type":"Feature","properties":{"DESCRIPTION":"MDT_1438154.tif","FILENAME":"U:\\P589_AmazoniaRevelada_BR-319\\LiDAR_dataset\\ENTREGAS\\ENTREGA_05\\2_MDT\\GEOTIFF\\MDT_1438154.tif","SHRT_FNAME":"MDT_1438154.tif","UPPER_LEFT_X":"470960.999","UPPER_LEFT_Y":"9209874.699","LOWER_RIGHT_X":"471962.999","LOWER_RIGHT_Y":"9208872.699"},"geometry":{"type":"Polygon","coordinates":[[[470960.99900000001071,9209874.698999999091029],[471962.99900000001071,9209874.698999999091029],[471962.99900000001071,9208872.698999999091029],[470960.99900000001071,9208872.698999999091029],[470960.99900000001071,9209874.698999999091029]]]}},
{"type":"Feature","properties":{"DESCRIPTION":"MDT_1438153.tif","FILENAME":"U:\\P589_AmazoniaRevelada_BR-319\\LiDAR_dataset\\ENTREGAS\\ENTREGA_05\\2_MDT\\GEOTIFF\\MDT_1438153.tif","SHRT_FNAME":"MDT_1438153.tif","UPPER_LEFT_X":"469960.904","UPPER_LEFT_Y":"9209874.699","LOWER_RIGHT_X":"470962.904","LOWER_RIGHT_Y":"9208872.699"},"geometry":{"type":"Polygon","coordinates":[[[469960.903999999980442,9209874.698999999091029],[470962.903999999980442,9209874.698999999091029],[470962.903999999980442,9208872.698999999091029],[469960.903999999980442,9208872.698999999091029],[469960.903999999980442,9209874.698999999091029]]]}},
{"type":"Feature","properties":{"DESCRIPTION":"MDT_1438152.tif","FILENAME":"U:\\P589_AmazoniaRevelada_BR-319\\LiDAR_dataset\\ENTREGAS\\ENTREGA_05\\2_MDT\\GEOTIFF\\MDT_1438152.tif","SHRT_FNAME":"MDT_1438152.tif","UPPER_LEFT_X":"468960.809","UPPER_LEFT_Y":"9209874.699","LOWER_RIGHT_X":"469962.809","LOWER_RIGHT_Y":"9208872.699"},"geometry":{"type":"Polygon","coordinates":[[[468960.809,9209874.698999999091029],[469962.809,9209874.698999999091029],[469962.809,9208872.698999999091029],[468960.809,9208872.698999999091029],[468960.809,9209874.698999999091029]]]}},
{"type":"Feature","properties":{"DESCRIPTION":"MDT_1438151.tif","FILENAME":"U:\\P589_AmazoniaRevelada_BR-319\\LiDAR_dataset\\ENTREGAS\\ENTREGA_05\\2_MDT\\GEOTIFF\\MDT_1438151.tif","SHRT_FNAME":"MDT_1438151.tif","UPPER_LEFT_X":"467960.714","UPPER_LEFT_Y":"9209874.699","LOWER_RIGHT_X":"468962.714","LOWER_RIGHT_Y":"9208872.699"},"geometry":{"type":"Polygon","coordinates":[[[467960.713999999978114,9209874.698999999091029],[468962.713999999978114,9209874.698999999091029],[468962.713999999978114,9208872.698999999091029],[467960.713999999978114,9208872.698999999091029],[467960.713999999978114,9209874.698999999091029]]]}},
{"type":"Feature","properties":{"DESCRIPTION":"MDT_1438150.tif","FILENAME":"U:\\P589_AmazoniaRevelada_BR-319\\LiDAR_dataset\\ENTREGAS\\ENTREGA_05\\2_MDT\\GEOTIFF\\MDT_1438150.tif","SHRT_FNAME":"MDT_1438150.tif","UPPER_LEFT_X":"466960.618","UPPER_LEFT_Y":"9209874.699","LOWER_RIGHT_X":"467962.618","LOWER_RIGHT_Y":"9208872.699"},"geometry":{"type":"Polygon","coordinates":[[[466960.618000000016764,9209874.698999999091029],[467962.618000000016764,9209874.698999999091029],[467962.618000000016764,9208872.698999999091029],[466960.618000000016764,9208872.698999999091029],[466960.618000000016764,9209874.698999999091029]]]}},
{"type":"Feature","properties":{"DESCRIPTION":"MDT_1438149.tif","FILENAME":"U:\\P589_AmazoniaRevelada_BR-319\\LiDAR_dataset\\ENTREGAS\\ENTREGA_05\\2_MDT\\GEOTIFF\\MDT_1438149.tif","SHRT_FNAME":"MDT_1438149.tif","UPPER_LEFT_X":"465960.523","UPPER_LEFT_Y":"9209874.699","LOWER_RIGHT_X":"466962.523","LOWER_RIGHT_Y":"9208872.699"},"geometry":{"type":"Polygon","coordinates":[[[465960.522999999986496,9209874.698999999091029],[466962.522999999986496,9209874.698999999091029],[466962.522999999986496,9208872.698999999091029],[465960.522999999986496,9208872.698999999091029],[465960.522999999986496,9209874.698999999091029]]]}},
{"type":"Feature","properties":{"DESCRIPTION":"MDT_1438148.tif","FILENAME":"U:\\P589_AmazoniaRevelada_BR-319\\LiDAR_dataset\\ENTREGAS\\ENTREGA_05\\2_MDT\\GEOTIFF\\MDT_1438148.tif","SHRT_FNAME":"MDT_1438148.tif","UPPER_LEFT_X":"464960.428","UPPER_LEFT_Y":"9209874.699","LOWER_RIGHT_X":"465962.428","LOWER_RIGHT_Y":"9208872.699"},"geometry":{"type":"Polygon","coordinates":[[[464960.428000000014435,9209874.698999999091029],[465962.428000000014435,9209874.698999999091029],[465962.428000000014435,9208872.698999999091029],[464960.428000000014435,9208872.698999999091029],[464960.428000000014435,9209874.698999999091029]]]}},
{"type":"Feature","properties":{"DESCRIPTION":"MDT_1438147.tif","FILENAME":"U:\\P589_AmazoniaRevelada_BR-319\\LiDAR_dataset\\ENTREGAS\\ENTREGA_05\\2_MDT\\GEOTIFF\\MDT_1438147.tif","SHRT_FNAME":"MDT_1438147.tif","UPPER_LEFT_X":"463960.333","UPPER_LEFT_Y":"9209874.699","LOWER_RIGHT_X":"464962.333","LOWER_RIGHT_Y":"9208872.699"},"geometry":{"type":"Polygon","coordinates":[[[463960.332999999984168,9209874.698999999091029],[464962.332999999984168,9209874.698999999091029],[464962.332999999984168,9208872.698999999091029],[463960.332999999984168,9208872.698999999091029],[463960.332999999984168,9209874.698999999091029]]]}},
{"type":"Feature","properties":{"DESCRIPTION":"MDT_1437193.tif","FILENAME":"U:\\P589_AmazoniaRevelada_BR-319\\LiDAR_dataset\\ENTREGAS\\ENTREGA_05\\2_MDT\\GEOTIFF\\MDT_1437193.tif","SHRT_FNAME":"MDT_1437193.tif","UPPER_LEFT_X":"509964.712","UPPER_LEFT_Y":"9210874.574","LOWER_RIGHT_X":"510966.712","LOWER_RIGHT_Y":"9209872.574"},"geometry":{"type":"Polygon","coordinates":[[[509964.712,9210874.573999999091029],[510966.712,9210874.573999999091029],[510966.712,9209872.573999999091029],[509964.712,9209872.573999999091029],[509964.712,9210874.573999999091029]]]}},
{"type":"Feature","properties":{"DESCRIPTION":"MDT_1437192.tif","FILENAME":"U:\\P589_AmazoniaRevelada_BR-319\\LiDAR_dataset\\ENTREGAS\\ENTREGA_05\\2_MDT\\GEOTIFF\\MDT_1437192.tif","SHRT_FNAME":"MDT_1437192.tif","UPPER_LEFT_X":"508964.617","UPPER_LEFT_Y":"9210874.574","LOWER_RIGHT_X":"509966.617","LOWER_RIGHT_Y":"9209872.574"},"geometry":{"type":"Polygon","coordinates":[[[508964.617000000027474,9210874.573999999091029],[509966.617000000027474,9210874.573999999091029],[509966.617000000027474,9209872.573999999091029],[508964.617000000027474,9209872.573999999091029],[508964.617000000027474,9210874.573999999091029]]]}},
{"type":"Feature","properties":{"DESCRIPTION":"MDT_1437191.tif","FILENAME":"U:\\P589_AmazoniaRevelada_BR-319\\LiDAR_dataset\\ENTREGAS\\ENTREGA_05\\2_MDT\\GEOTIFF\\MDT_1437191.tif","SHRT_FNAME":"MDT_1437191.tif","UPPER_LEFT_X":"507964.522","UPPER_LEFT_Y":"9210874.574","LOWER_RIGHT_X":"508966.522","LOWER_RIGHT_Y":"9209872.574"},"geometry":{"type":"Polygon","coordinates":[[[507964.522,9210874.573999999091029],[508966.522,9210874.573999999091029],[508966.522,9209872.573999999091029],[507964.522,9209872.573999999091029],[507964.522,9210874.573999999091029]]]}},
{"type":"Feature","properties":{"DESCRIPTION":"MDT_1437190.tif","FILENAME":"U:\\P589_AmazoniaRevelada_BR-319\\LiDAR_dataset\\ENTREGAS\\ENTREGA_05\\2_MDT\\GEOTIFF\\MDT_1437190.tif","SHRT_FNAME":"MDT_1437190.tif","UPPER_LEFT_X":"506964.426","UPPER_LEFT_Y":"9210874.574","LOWER_RIGHT_X":"507966.426","LOWER_RIGHT_Y":"9209872.574"},"geometry":{"type":"Polygon","coordinates":[[[506964.425999999977648,9210874.573999999091029],[507966.425999999977648,9210874.573999999091029],[507966.425999999977648,9209872.573999999091029],[506964.425999999977648,9209872.573999999091029],[506964.425999999977648,9210874.573999999091029]]]}},
{"type":"Feature","properties":{"DESCRIPTION":"MDT_1437189.tif","FILENAME":"U:\\P589_AmazoniaRevelada_BR-319\\LiDAR_dataset\\ENTREGAS\\ENTREGA_05\\2_MDT\\GEOTIFF\\MDT_1437189.tif","SHRT_FNAME":"MDT_1437189.tif","UPPER_LEFT_X":"505964.331","UPPER_LEFT_Y":"9210874.574","LOWER_RIGHT_X":"506966.331","LOWER_RIGHT_Y":"9209872.574"},"geometry":{"type":"Polygon","coordinates":[[[505964.331,9210874.573999999091029],[506966.331,9210874.573999999091029],[506966.331,9209872.573999999091029],[505964.331,9209872.573999999091029],[505964.331,9210874.573999999091029]]]}},
{"type":"Feature","properties":{"DESCRIPTION":"MDT_1437188.tif","FILENAME":"U:\\P589_AmazoniaRevelada_BR-319\\LiDAR_dataset\\ENTREGAS\\ENTREGA_05\\2_MDT\\GEOTIFF\\MDT_1437188.tif","SHRT_FNAME":"MDT_1437188.tif","UPPER_LEFT_X":"504964.236","UPPER_LEFT_Y":"9210874.574","LOWER_RIGHT_X":"505966.236","LOWER_RIGHT_Y":"9209872.574"},"geometry":{"type":"Polygon","coordinates":[[[504964.23599999997532,9210874.573999999091029],[505966.23599999997532,9210874.573999999091029],[505966.23599999997532,9209872.573999999091029],[504964.23599999997532,9209872.573999999091029],[504964.23599999997532,9210874.573999999091029]]]}},
{"type":"Feature","properties":{"DESCRIPTION":"MDT_1437187.tif","FILENAME":"U:\\P589_AmazoniaRevelada_BR-319\\LiDAR_dataset\\ENTREGAS\\ENTREGA_05\\2_MDT\\GEOTIFF\\MDT_1437187.tif","SHRT_FNAME":"MDT_1437187.tif","UPPER_LEFT_X":"503964.141","UPPER_LEFT_Y":"9210874.574","LOWER_RIGHT_X":"504966.141","LOWER_RIGHT_Y":"9209872.574"},"geometry":{"type":"Polygon","coordinates":[[[503964.141,9210874.573999999091029],[504966.141,9210874.573999999091029],[504966.141,9209872.573999999091029],[503964.141,9209872.573999999091029],[503964.141,9210874.573999999091029]]]}},
{"type":"Feature","properties":{"DESCRIPTION":"MDT_1437186.tif","FILENAME":"U:\\P589_AmazoniaRevelada_BR-319\\LiDAR_dataset\\ENTREGAS\\ENTREGA_05\\2_MDT\\GEOTIFF\\MDT_1437186.tif","SHRT_FNAME":"MDT_1437186.tif","UPPER_LEFT_X":"502964.046","UPPER_LEFT_Y":"9210874.574","LOWER_RIGHT_X":"503966.046","LOWER_RIGHT_Y":"9209872.574"},"geometry":{"type":"Polygon","coordinates":[[[502964.045999999972992,9210874.573999999091029],[503966.045999999972992,9210874.573999999091029],[503966.045999999972992,9209872.573999999091029],[502964.045999999972992,9209872.573999999091029],[502964.045999999972992,9210874.573999999091029]]]}},
{"type":"Feature","properties":{"DESCRIPTION":"MDT_1437185.tif","FILENAME":"U:\\P589_AmazoniaRevelada_BR-319\\LiDAR_dataset\\ENTREGAS\\ENTREGA_05\\2_MDT\\GEOTIFF\\MDT_1437185.tif","SHRT_FNAME":"MDT_1437185.tif","UPPER_LEFT_X":"501963.950","UPPER_LEFT_Y":"9210874.574","LOWER_RIGHT_X":"502965.950","LOWER_RIGHT_Y":"9209872.574"},"geometry":{"type":"Polygon","coordinates":[[[501963.950000000011642,9210874.573999999091029],[502965.950000000011642,9210874.573999999091029],[502965.950000000011642,9209872.573999999091029],[501963.950000000011642,9209872.573999999091029],[501963.950000000011642,9210874.573999999091029]]]}},
{"type":"Feature","properties":{"DESCRIPTION":"MDT_1437184.tif","FILENAME":"U:\\P589_AmazoniaRevelada_BR-319\\LiDAR_dataset\\ENTREGAS\\ENTREGA_05\\2_MDT\\GEOTIFF\\MDT_1437184.tif","SHRT_FNAME":"MDT_1437184.tif","UPPER_LEFT_X":"500963.855","UPPER_LEFT_Y":"9210874.574","LOWER_RIGHT_X":"501965.855","LOWER_RIGHT_Y":"9209872.574"},"geometry":{"type":"Polygon","coordinates":[[[500963.854999999981374,9210874.573999999091029],[501965.854999999981374,9210874.573999999091029],[501965.854999999981374,9209872.573999999091029],[500963.854999999981374,9209872.573999999091029],[500963.854999999981374,9210874.573999999091029]]]}},
{"type":"Feature","properties":{"DESCRIPTION":"MDT_1437183.tif","FILENAME":"U:\\P589_AmazoniaRevelada_BR-319\\LiDAR_dataset\\ENTREGAS\\ENTREGA_05\\2_MDT\\GEOTIFF\\MDT_1437183.tif","SHRT_FNAME":"MDT_1437183.tif","UPPER_LEFT_X":"499963.760","UPPER_LEFT_Y":"9210874.574","LOWER_RIGHT_X":"500965.760","LOWER_RIGHT_Y":"9209872.574"},"geometry":{"type":"Polygon","coordinates":[[[499963.76,9210874.573999999091029],[500965.76,9210874.573999999091029],[500965.76,9209872.573999999091029],[499963.76,9209872.573999999091029],[499963.76,9210874.573999999091029]]]}},
{"type":"Feature","properties":{"DESCRIPTION":"MDT_1437182.tif","FILENAME":"U:\\P589_AmazoniaRevelada_BR-319\\LiDAR_dataset\\ENTREGAS\\ENTREGA_05\\2_MDT\\GEOTIFF\\MDT_1437182.tif","SHRT_FNAME":"MDT_1437182.tif","UPPER_LEFT_X":"498963.665","UPPER_LEFT_Y":"9210874.574","LOWER_RIGHT_X":"499965.665","LOWER_RIGHT_Y":"9209872.574"},"geometry":{"type":"Polygon","coordinates":[[[498963.664999999979045,9210874.573999999091029],[499965.664999999979045,9210874.573999999091029],[499965.664999999979045,9209872.573999999091029],[498963.664999999979045,9209872.573999999091029],[498963.664999999979045,9210874.573999999091029]]]}},
{"type":"Feature","properties":{"DESCRIPTION":"MDT_1437181.tif","FILENAME":"U:\\P589_AmazoniaRevelada_BR-319\\LiDAR_dataset\\ENTREGAS\\ENTREGA_05\\2_MDT\\GEOTIFF\\MDT_1437181.tif","SHRT_FNAME":"MDT_1437181.tif","UPPER_LEFT_X":"497963.570","UPPER_LEFT_Y":"9210874.574","LOWER_RIGHT_X":"498965.570","LOWER_RIGHT_Y":"9209872.574"},"geometry":{"type":"Polygon","coordinates":[[[497963.57,9210874.573999999091029],[498965.57,9210874.573999999091029],[498965.57,9209872.573999999091029],[497963.57,9209872.573999999091029],[497963.57,9210874.573999999091029]]]}},
{"type":"Feature","properties":{"DESCRIPTION":"MDT_1437180.tif","FILENAME":"U:\\P589_AmazoniaRevelada_BR-319\\LiDAR_dataset\\ENTREGAS\\ENTREGA_05\\2_MDT\\GEOTIFF\\MDT_1437180.tif","SHRT_FNAME":"MDT_1437180.tif","UPPER_LEFT_X":"496963.474","UPPER_LEFT_Y":"9210874.574","LOWER_RIGHT_X":"497965.474","LOWER_RIGHT_Y":"9209872.574"},"geometry":{"type":"Polygon","coordinates":[[[496963.473999999987427,9210874.573999999091029],[497965.473999999987427,9210874.573999999091029],[497965.473999999987427,9209872.573999999091029],[496963.473999999987427,9209872.573999999091029],[496963.473999999987427,9210874.573999999091029]]]}},
{"type":"Feature","properties":{"DESCRIPTION":"MDT_1437179.tif","FILENAME":"U:\\P589_AmazoniaRevelada_BR-319\\LiDAR_dataset\\ENTREGAS\\ENTREGA_05\\2_MDT\\GEOTIFF\\MDT_1437179.tif","SHRT_FNAME":"MDT_1437179.tif","UPPER_LEFT_X":"495963.379","UPPER_LEFT_Y":"9210874.574","LOWER_RIGHT_X":"496965.379","LOWER_RIGHT_Y":"9209872.574"},"geometry":{"type":"Polygon","coordinates":[[[495963.379000000015367,9210874.573999999091029],[496965.379000000015367,9210874.573999999091029],[496965.379000000015367,9209872.573999999091029],[495963.379000000015367,9209872.573999999091029],[495963.379000000015367,9210874.573999999091029]]]}},
{"type":"Feature","properties":{"DESCRIPTION":"MDT_1437178.tif","FILENAME":"U:\\P589_AmazoniaRevelada_BR-319\\LiDAR_dataset\\ENTREGAS\\ENTREGA_05\\2_MDT\\GEOTIFF\\MDT_1437178.tif","SHRT_FNAME":"MDT_1437178.tif","UPPER_LEFT_X":"494963.284","UPPER_LEFT_Y":"9210874.574","LOWER_RIGHT_X":"495965.284","LOWER_RIGHT_Y":"9209872.574"},"geometry":{"type":"Polygon","coordinates":[[[494963.283999999985099,9210874.573999999091029],[495965.283999999985099,9210874.573999999091029],[495965.283999999985099,9209872.573999999091029],[494963.283999999985099,9209872.573999999091029],[494963.283999999985099,9210874.573999999091029]]]}},
{"type":"Feature","properties":{"DESCRIPTION":"MDT_1437177.tif","FILENAME":"U:\\P589_AmazoniaRevelada_BR-319\\LiDAR_dataset\\ENTREGAS\\ENTREGA_05\\2_MDT\\GEOTIFF\\MDT_1437177.tif","SHRT_FNAME":"MDT_1437177.tif","UPPER_LEFT_X":"493963.189","UPPER_LEFT_Y":"9210874.574","LOWER_RIGHT_X":"494965.189","LOWER_RIGHT_Y":"9209872.574"},"geometry":{"type":"Polygon","coordinates":[[[493963.189000000013039,9210874.573999999091029],[494965.189000000013039,9210874.573999999091029],[494965.189000000013039,9209872.573999999091029],[493963.189000000013039,9209872.573999999091029],[493963.189000000013039,9210874.573999999091029]]]}},
{"type":"Feature","properties":{"DESCRIPTION":"MDT_1437176.tif","FILENAME":"U:\\P589_AmazoniaRevelada_BR-319\\LiDAR_dataset\\ENTREGAS\\ENTREGA_05\\2_MDT\\GEOTIFF\\MDT_1437176.tif","SHRT_FNAME":"MDT_1437176.tif","UPPER_LEFT_X":"492963.094","UPPER_LEFT_Y":"9210874.574","LOWER_RIGHT_X":"493965.094","LOWER_RIGHT_Y":"9209872.574"},"geometry":{"type":"Polygon","coordinates":[[[492963.093999999982771,9210874.573999999091029],[493965.093999999982771,9210874.573999999091029],[493965.093999999982771,9209872.573999999091029],[492963.093999999982771,9209872.573999999091029],[492963.093999999982771,9210874.573999999091029]]]}},
{"type":"Feature","properties":{"DESCRIPTION":"MDT_1437175.tif","FILENAME":"U:\\P589_AmazoniaRevelada_BR-319\\LiDAR_dataset\\ENTREGAS\\ENTREGA_05\\2_MDT\\GEOTIFF\\MDT_1437175.tif","SHRT_FNAME":"MDT_1437175.tif","UPPER_LEFT_X":"491962.998","UPPER_LEFT_Y":"9210874.574","LOWER_RIGHT_X":"492964.998","LOWER_RIGHT_Y":"9209872.574"},"geometry":{"type":"Polygon","coordinates":[[[491962.99800000002142,9210874.573999999091029],[492964.99800000002142,9210874.573999999091029],[492964.99800000002142,9209872.573999999091029],[491962.99800000002142,9209872.573999999091029],[491962.99800000002142,9210874.573999999091029]]]}},
{"type":"Feature","properties":{"DESCRIPTION":"MDT_1437174.tif","FILENAME":"U:\\P589_AmazoniaRevelada_BR-319\\LiDAR_dataset\\ENTREGAS\\ENTREGA_05\\2_MDT\\GEOTIFF\\MDT_1437174.tif","SHRT_FNAME":"MDT_1437174.tif","UPPER_LEFT_X":"490962.903","UPPER_LEFT_Y":"9210874.574","LOWER_RIGHT_X":"491964.903","LOWER_RIGHT_Y":"9209872.574"},"geometry":{"type":"Polygon","coordinates":[[[490962.903,9210874.573999999091029],[491964.903,9210874.573999999091029],[491964.903,9209872.573999999091029],[490962.903,9209872.573999999091029],[490962.903,9210874.573999999091029]]]}},
{"type":"Feature","properties":{"DESCRIPTION":"MDT_1437173.tif","FILENAME":"U:\\P589_AmazoniaRevelada_BR-319\\LiDAR_dataset\\ENTREGAS\\ENTREGA_05\\2_MDT\\GEOTIFF\\MDT_1437173.tif","SHRT_FNAME":"MDT_1437173.tif","UPPER_LEFT_X":"489962.808","UPPER_LEFT_Y":"9210874.574","LOWER_RIGHT_X":"490964.808","LOWER_RIGHT_Y":"9209872.574"},"geometry":{"type":"Polygon","coordinates":[[[489962.808000000019092,9210874.573999999091029],[490964.808000000019092,9210874.573999999091029],[490964.808000000019092,9209872.573999999091029],[489962.808000000019092,9209872.573999999091029],[489962.808000000019092,9210874.573999999091029]]]}},
{"type":"Feature","properties":{"DESCRIPTION":"MDT_1437172.tif","FILENAME":"U:\\P589_AmazoniaRevelada_BR-319\\LiDAR_dataset\\ENTREGAS\\ENTREGA_05\\2_MDT\\GEOTIFF\\MDT_1437172.tif","SHRT_FNAME":"MDT_1437172.tif","UPPER_LEFT_X":"488962.713","UPPER_LEFT_Y":"9210874.574","LOWER_RIGHT_X":"489964.713","LOWER_RIGHT_Y":"9209872.574"},"geometry":{"type":"Polygon","coordinates":[[[488962.712999999988824,9210874.573999999091029],[489964.712999999988824,9210874.573999999091029],[489964.712999999988824,9209872.573999999091029],[488962.712999999988824,9209872.573999999091029],[488962.712999999988824,9210874.573999999091029]]]}},
{"type":"Feature","properties":{"DESCRIPTION":"MDT_1437171.tif","FILENAME":"U:\\P589_AmazoniaRevelada_BR-319\\LiDAR_dataset\\ENTREGAS\\ENTREGA_05\\2_MDT\\GEOTIFF\\MDT_1437171.tif","SHRT_FNAME":"MDT_1437171.tif","UPPER_LEFT_X":"487962.618","UPPER_LEFT_Y":"9210874.574","LOWER_RIGHT_X":"488964.618","LOWER_RIGHT_Y":"9209872.574"},"geometry":{"type":"Polygon","coordinates":[[[487962.618000000016764,9210874.573999999091029],[488964.618000000016764,9210874.573999999091029],[488964.618000000016764,9209872.573999999091029],[487962.618000000016764,9209872.573999999091029],[487962.618000000016764,9210874.573999999091029]]]}},
{"type":"Feature","properties":{"DESCRIPTION":"MDT_1437170.tif","FILENAME":"U:\\P589_AmazoniaRevelada_BR-319\\LiDAR_dataset\\ENTREGAS\\ENTREGA_05\\2_MDT\\GEOTIFF\\MDT_1437170.tif","SHRT_FNAME":"MDT_1437170.tif","UPPER_LEFT_X":"486962.522","UPPER_LEFT_Y":"9210874.574","LOWER_RIGHT_X":"487964.522","LOWER_RIGHT_Y":"9209872.574"},"geometry":{"type":"Polygon","coordinates":[[[486962.522,9210874.573999999091029],[487964.522,9210874.573999999091029],[487964.522,9209872.573999999091029],[486962.522,9209872.573999999091029],[486962.522,9210874.573999999091029]]]}},
{"type":"Feature","properties":{"DESCRIPTION":"MDT_1437169.tif","FILENAME":"U:\\P589_AmazoniaRevelada_BR-319\\LiDAR_dataset\\ENTREGAS\\ENTREGA_05\\2_MDT\\GEOTIFF\\MDT_1437169.tif","SHRT_FNAME":"MDT_1437169.tif","UPPER_LEFT_X":"485962.427","UPPER_LEFT_Y":"9210874.574","LOWER_RIGHT_X":"486964.427","LOWER_RIGHT_Y":"9209872.574"},"geometry":{"type":"Polygon","coordinates":[[[485962.427000000025146,9210874.573999999091029],[486964.427000000025146,9210874.573999999091029],[486964.427000000025146,9209872.573999999091029],[485962.427000000025146,9209872.573999999091029],[485962.427000000025146,9210874.573999999091029]]]}},
{"type":"Feature","properties":{"DESCRIPTION":"MDT_1437168.tif","FILENAME":"U:\\P589_AmazoniaRevelada_BR-319\\LiDAR_dataset\\ENTREGAS\\ENTREGA_05\\2_MDT\\GEOTIFF\\MDT_1437168.tif","SHRT_FNAME":"MDT_1437168.tif","UPPER_LEFT_X":"484962.332","UPPER_LEFT_Y":"9210874.574","LOWER_RIGHT_X":"485964.332","LOWER_RIGHT_Y":"9209872.574"},"geometry":{"type":"Polygon","coordinates":[[[484962.332,9210874.573999999091029],[485964.332,9210874.573999999091029],[485964.332,9209872.573999999091029],[484962.332,9209872.573999999091029],[484962.332,9210874.573999999091029]]]}},
{"type":"Feature","properties":{"DESCRIPTION":"MDT_1437167.tif","FILENAME":"U:\\P589_AmazoniaRevelada_BR-319\\LiDAR_dataset\\ENTREGAS\\ENTREGA_05\\2_MDT\\GEOTIFF\\MDT_1437167.tif","SHRT_FNAME":"MDT_1437167.tif","UPPER_LEFT_X":"483962.237","UPPER_LEFT_Y":"9210874.574","LOWER_RIGHT_X":"484964.237","LOWER_RIGHT_Y":"9209872.574"},"geometry":{"type":"Polygon","coordinates":[[[483962.237000000022817,9210874.573999999091029],[484964.237000000022817,9210874.573999999091029],[484964.237000000022817,9209872.573999999091029],[483962.237000000022817,9209872.573999999091029],[483962.237000000022817,9210874.573999999091029]]]}},
{"type":"Feature","properties":{"DESCRIPTION":"MDT_1437166.tif","FILENAME":"U:\\P589_AmazoniaRevelada_BR-319\\LiDAR_dataset\\ENTREGAS\\ENTREGA_05\\2_MDT\\GEOTIFF\\MDT_1437166.tif","SHRT_FNAME":"MDT_1437166.tif","UPPER_LEFT_X":"482962.142","UPPER_LEFT_Y":"9210874.574","LOWER_RIGHT_X":"483964.142","LOWER_RIGHT_Y":"9209872.574"},"geometry":{"type":"Polygon","coordinates":[[[482962.142,9210874.573999999091029],[483964.142,9210874.573999999091029],[483964.142,9209872.573999999091029],[482962.142,9209872.573999999091029],[482962.142,9210874.573999999091029]]]}},
{"type":"Feature","properties":{"DESCRIPTION":"MDT_1437165.tif","FILENAME":"U:\\P589_AmazoniaRevelada_BR-319\\LiDAR_dataset\\ENTREGAS\\ENTREGA_05\\2_MDT\\GEOTIFF\\MDT_1437165.tif","SHRT_FNAME":"MDT_1437165.tif","UPPER_LEFT_X":"481962.046","UPPER_LEFT_Y":"9210874.574","LOWER_RIGHT_X":"482964.046","LOWER_RIGHT_Y":"9209872.574"},"geometry":{"type":"Polygon","coordinates":[[[481962.045999999972992,9210874.573999999091029],[482964.045999999972992,9210874.573999999091029],[482964.045999999972992,9209872.573999999091029],[481962.045999999972992,9209872.573999999091029],[481962.045999999972992,9210874.573999999091029]]]}},
{"type":"Feature","properties":{"DESCRIPTION":"MDT_1437164.tif","FILENAME":"U:\\P589_AmazoniaRevelada_BR-319\\LiDAR_dataset\\ENTREGAS\\ENTREGA_05\\2_MDT\\GEOTIFF\\MDT_1437164.tif","SHRT_FNAME":"MDT_1437164.tif","UPPER_LEFT_X":"480961.951","UPPER_LEFT_Y":"9210874.574","LOWER_RIGHT_X":"481963.951","LOWER_RIGHT_Y":"9209872.574"},"geometry":{"type":"Polygon","coordinates":[[[480961.951,9210874.573999999091029],[481963.951,9210874.573999999091029],[481963.951,9209872.573999999091029],[480961.951,9209872.573999999091029],[480961.951,9210874.573999999091029]]]}},
{"type":"Feature","properties":{"DESCRIPTION":"MDT_1437163.tif","FILENAME":"U:\\P589_AmazoniaRevelada_BR-319\\LiDAR_dataset\\ENTREGAS\\ENTREGA_05\\2_MDT\\GEOTIFF\\MDT_1437163.tif","SHRT_FNAME":"MDT_1437163.tif","UPPER_LEFT_X":"479961.856","UPPER_LEFT_Y":"9210874.574","LOWER_RIGHT_X":"480963.856","LOWER_RIGHT_Y":"9209872.574"},"geometry":{"type":"Polygon","coordinates":[[[479961.856000000028871,9210874.573999999091029],[480963.856000000028871,9210874.573999999091029],[480963.856000000028871,9209872.573999999091029],[479961.856000000028871,9209872.573999999091029],[479961.856000000028871,9210874.573999999091029]]]}},
{"type":"Feature","properties":{"DESCRIPTION":"MDT_1437162.tif","FILENAME":"U:\\P589_AmazoniaRevelada_BR-319\\LiDAR_dataset\\ENTREGAS\\ENTREGA_05\\2_MDT\\GEOTIFF\\MDT_1437162.tif","SHRT_FNAME":"MDT_1437162.tif","UPPER_LEFT_X":"478961.761","UPPER_LEFT_Y":"9210874.574","LOWER_RIGHT_X":"479963.761","LOWER_RIGHT_Y":"9209872.574"},"geometry":{"type":"Polygon","coordinates":[[[478961.761,9210874.573999999091029],[479963.761,9210874.573999999091029],[479963.761,9209872.573999999091029],[478961.761,9209872.573999999091029],[478961.761,9210874.573999999091029]]]}},
{"type":"Feature","properties":{"DESCRIPTION":"MDT_1437161.tif","FILENAME":"U:\\P589_AmazoniaRevelada_BR-319\\LiDAR_dataset\\ENTREGAS\\ENTREGA_05\\2_MDT\\GEOTIFF\\MDT_1437161.tif","SHRT_FNAME":"MDT_1437161.tif","UPPER_LEFT_X":"477961.666","UPPER_LEFT_Y":"9210874.574","LOWER_RIGHT_X":"478963.666","LOWER_RIGHT_Y":"9209872.574"},"geometry":{"type":"Polygon","coordinates":[[[477961.666000000026543,9210874.573999999091029],[478963.666000000026543,9210874.573999999091029],[478963.666000000026543,9209872.573999999091029],[477961.666000000026543,9209872.573999999091029],[477961.666000000026543,9210874.573999999091029]]]}},
{"type":"Feature","properties":{"DESCRIPTION":"MDT_1437160.tif","FILENAME":"U:\\P589_AmazoniaRevelada_BR-319\\LiDAR_dataset\\ENTREGAS\\ENTREGA_05\\2_MDT\\GEOTIFF\\MDT_1437160.tif","SHRT_FNAME":"MDT_1437160.tif","UPPER_LEFT_X":"476961.570","UPPER_LEFT_Y":"9210874.574","LOWER_RIGHT_X":"477963.570","LOWER_RIGHT_Y":"9209872.574"},"geometry":{"type":"Polygon","coordinates":[[[476961.57,9210874.573999999091029],[477963.57,9210874.573999999091029],[477963.57,9209872.573999999091029],[476961.57,9209872.573999999091029],[476961.57,9210874.573999999091029]]]}},
{"type":"Feature","properties":{"DESCRIPTION":"MDT_1437159.tif","FILENAME":"U:\\P589_AmazoniaRevelada_BR-319\\LiDAR_dataset\\ENTREGAS\\ENTREGA_05\\2_MDT\\GEOTIFF\\MDT_1437159.tif","SHRT_FNAME":"MDT_1437159.tif","UPPER_LEFT_X":"475961.475","UPPER_LEFT_Y":"9210874.574","LOWER_RIGHT_X":"476963.475","LOWER_RIGHT_Y":"9209872.574"},"geometry":{"type":"Polygon","coordinates":[[[475961.474999999976717,9210874.573999999091029],[476963.474999999976717,9210874.573999999091029],[476963.474999999976717,9209872.573999999091029],[475961.474999999976717,9209872.573999999091029],[475961.474999999976717,9210874.573999999091029]]]}},
{"type":"Feature","properties":{"DESCRIPTION":"MDT_1437158.tif","FILENAME":"U:\\P589_AmazoniaRevelada_BR-319\\LiDAR_dataset\\ENTREGAS\\ENTREGA_05\\2_MDT\\GEOTIFF\\MDT_1437158.tif","SHRT_FNAME":"MDT_1437158.tif","UPPER_LEFT_X":"474961.380","UPPER_LEFT_Y":"9210874.574","LOWER_RIGHT_X":"475963.380","LOWER_RIGHT_Y":"9209872.574"},"geometry":{"type":"Polygon","coordinates":[[[474961.38,9210874.573999999091029],[475963.38,9210874.573999999091029],[475963.38,9209872.573999999091029],[474961.38,9209872.573999999091029],[474961.38,9210874.573999999091029]]]}},
{"type":"Feature","properties":{"DESCRIPTION":"MDT_1437157.tif","FILENAME":"U:\\P589_AmazoniaRevelada_BR-319\\LiDAR_dataset\\ENTREGAS\\ENTREGA_05\\2_MDT\\GEOTIFF\\MDT_1437157.tif","SHRT_FNAME":"MDT_1437157.tif","UPPER_LEFT_X":"473961.285","UPPER_LEFT_Y":"9210874.574","LOWER_RIGHT_X":"474963.285","LOWER_RIGHT_Y":"9209872.574"},"geometry":{"type":"Polygon","coordinates":[[[473961.284999999974389,9210874.573999999091029],[474963.284999999974389,9210874.573999999091029],[474963.284999999974389,9209872.573999999091029],[473961.284999999974389,9209872.573999999091029],[473961.284999999974389,9210874.573999999091029]]]}},
{"type":"Feature","properties":{"DESCRIPTION":"MDT_1437156.tif","FILENAME":"U:\\P589_AmazoniaRevelada_BR-319\\LiDAR_dataset\\ENTREGAS\\ENTREGA_05\\2_MDT\\GEOTIFF\\MDT_1437156.tif","SHRT_FNAME":"MDT_1437156.tif","UPPER_LEFT_X":"472961.190","UPPER_LEFT_Y":"9210874.574","LOWER_RIGHT_X":"473963.190","LOWER_RIGHT_Y":"9209872.574"},"geometry":{"type":"Polygon","coordinates":[[[472961.19,9210874.573999999091029],[473963.19,9210874.573999999091029],[473963.19,9209872.573999999091029],[472961.19,9209872.573999999091029],[472961.19,9210874.573999999091029]]]}},
{"type":"Feature","properties":{"DESCRIPTION":"MDT_1437155.tif","FILENAME":"U:\\P589_AmazoniaRevelada_BR-319\\LiDAR_dataset\\ENTREGAS\\ENTREGA_05\\2_MDT\\GEOTIFF\\MDT_1437155.tif","SHRT_FNAME":"MDT_1437155.tif","UPPER_LEFT_X":"471961.094","UPPER_LEFT_Y":"9210874.574","LOWER_RIGHT_X":"472963.094","LOWER_RIGHT_Y":"9209872.574"},"geometry":{"type":"Polygon","coordinates":[[[471961.093999999982771,9210874.573999999091029],[472963.093999999982771,9210874.573999999091029],[472963.093999999982771,9209872.573999999091029],[471961.093999999982771,9209872.573999999091029],[471961.093999999982771,9210874.573999999091029]]]}},
{"type":"Feature","properties":{"DESCRIPTION":"MDT_1437154.tif","FILENAME":"U:\\P589_AmazoniaRevelada_BR-319\\LiDAR_dataset\\ENTREGAS\\ENTREGA_05\\2_MDT\\GEOTIFF\\MDT_1437154.tif","SHRT_FNAME":"MDT_1437154.tif","UPPER_LEFT_X":"470960.999","UPPER_LEFT_Y":"9210874.574","LOWER_RIGHT_X":"471962.999","LOWER_RIGHT_Y":"9209872.574"},"geometry":{"type":"Polygon","coordinates":[[[470960.99900000001071,9210874.573999999091029],[471962.99900000001071,9210874.573999999091029],[471962.99900000001071,9209872.573999999091029],[470960.99900000001071,9209872.573999999091029],[470960.99900000001071,9210874.573999999091029]]]}},
{"type":"Feature","properties":{"DESCRIPTION":"MDT_1437153.tif","FILENAME":"U:\\P589_AmazoniaRevelada_BR-319\\LiDAR_dataset\\ENTREGAS\\ENTREGA_05\\2_MDT\\GEOTIFF\\MDT_1437153.tif","SHRT_FNAME":"MDT_1437153.tif","UPPER_LEFT_X":"469960.904","UPPER_LEFT_Y":"9210874.574","LOWER_RIGHT_X":"470962.904","LOWER_RIGHT_Y":"9209872.574"},"geometry":{"type":"Polygon","coordinates":[[[469960.903999999980442,9210874.573999999091029],[470962.903999999980442,9210874.573999999091029],[470962.903999999980442,9209872.573999999091029],[469960.903999999980442,9209872.573999999091029],[469960.903999999980442,9210874.573999999091029]]]}},
{"type":"Feature","properties":{"DESCRIPTION":"MDT_1437152.tif","FILENAME":"U:\\P589_AmazoniaRevelada_BR-319\\LiDAR_dataset\\ENTREGAS\\ENTREGA_05\\2_MDT\\GEOTIFF\\MDT_1437152.tif","SHRT_FNAME":"MDT_1437152.tif","UPPER_LEFT_X":"468960.809","UPPER_LEFT_Y":"9210874.574","LOWER_RIGHT_X":"469962.809","LOWER_RIGHT_Y":"9209872.574"},"geometry":{"type":"Polygon","coordinates":[[[468960.809,9210874.573999999091029],[469962.809,9210874.573999999091029],[469962.809,9209872.573999999091029],[468960.809,9209872.573999999091029],[468960.809,9210874.573999999091029]]]}},
{"type":"Feature","properties":{"DESCRIPTION":"MDT_1437151.tif","FILENAME":"U:\\P589_AmazoniaRevelada_BR-319\\LiDAR_dataset\\ENTREGAS\\ENTREGA_05\\2_MDT\\GEOTIFF\\MDT_1437151.tif","SHRT_FNAME":"MDT_1437151.tif","UPPER_LEFT_X":"467960.714","UPPER_LEFT_Y":"9210874.574","LOWER_RIGHT_X":"468962.714","LOWER_RIGHT_Y":"9209872.574"},"geometry":{"type":"Polygon","coordinates":[[[467960.713999999978114,9210874.573999999091029],[468962.713999999978114,9210874.573999999091029],[468962.713999999978114,9209872.573999999091029],[467960.713999999978114,9209872.573999999091029],[467960.713999999978114,9210874.573999999091029]]]}},
{"type":"Feature","properties":{"DESCRIPTION":"MDT_1437150.tif","FILENAME":"U:\\P589_AmazoniaRevelada_BR-319\\LiDAR_dataset\\ENTREGAS\\ENTREGA_05\\2_MDT\\GEOTIFF\\MDT_1437150.tif","SHRT_FNAME":"MDT_1437150.tif","UPPER_LEFT_X":"466960.618","UPPER_LEFT_Y":"9210874.574","LOWER_RIGHT_X":"467962.618","LOWER_RIGHT_Y":"9209872.574"},"geometry":{"type":"Polygon","coordinates":[[[466960.618000000016764,9210874.573999999091029],[467962.618000000016764,9210874.573999999091029],[467962.618000000016764,9209872.573999999091029],[466960.618000000016764,9209872.573999999091029],[466960.618000000016764,9210874.573999999091029]]]}},
{"type":"Feature","properties":{"DESCRIPTION":"MDT_1437149.tif","FILENAME":"U:\\P589_AmazoniaRevelada_BR-319\\LiDAR_dataset\\ENTREGAS\\ENTREGA_05\\2_MDT\\GEOTIFF\\MDT_1437149.tif","SHRT_FNAME":"MDT_1437149.tif","UPPER_LEFT_X":"465960.523","UPPER_LEFT_Y":"9210874.574","LOWER_RIGHT_X":"466962.523","LOWER_RIGHT_Y":"9209872.574"},"geometry":{"type":"Polygon","coordinates":[[[465960.522999999986496,9210874.573999999091029],[466962.522999999986496,9210874.573999999091029],[466962.522999999986496,9209872.573999999091029],[465960.522999999986496,9209872.573999999091029],[465960.522999999986496,9210874.573999999091029]]]}},
{"type":"Feature","properties":{"DESCRIPTION":"MDT_1437148.tif","FILENAME":"U:\\P589_AmazoniaRevelada_BR-319\\LiDAR_dataset\\ENTREGAS\\ENTREGA_05\\2_MDT\\GEOTIFF\\MDT_1437148.tif","SHRT_FNAME":"MDT_1437148.tif","UPPER_LEFT_X":"464960.428","UPPER_LEFT_Y":"9210874.574","LOWER_RIGHT_X":"465962.428","LOWER_RIGHT_Y":"9209872.574"},"geometry":{"type":"Polygon","coordinates":[[[464960.428000000014435,9210874.573999999091029],[465962.428000000014435,9210874.573999999091029],[465962.428000000014435,9209872.573999999091029],[464960.428000000014435,9209872.573999999091029],[464960.428000000014435,9210874.573999999091029]]]}},
{"type":"Feature","properties":{"DESCRIPTION":"MDT_1437147.tif","FILENAME":"U:\\P589_AmazoniaRevelada_BR-319\\LiDAR_dataset\\ENTREGAS\\ENTREGA_05\\2_MDT\\GEOTIFF\\MDT_1437147.tif","SHRT_FNAME":"MDT_1437147.tif","UPPER_LEFT_X":"463960.333","UPPER_LEFT_Y":"9210874.574","LOWER_RIGHT_X":"464962.333","LOWER_RIGHT_Y":"9209872.574"},"geometry":{"type":"Polygon","coordinates":[[[463960.332999999984168,9210874.573999999091029],[464962.332999999984168,9210874.573999999091029],[464962.332999999984168,9209872.573999999091029],[463960.332999999984168,9209872.573999999091029],[463960.332999999984168,9210874.573999999091029]]]}},
{"type":"Feature","properties":{"DESCRIPTION":"MDT_1436193.tif","FILENAME":"U:\\P589_AmazoniaRevelada_BR-319\\LiDAR_dataset\\ENTREGAS\\ENTREGA_05\\2_MDT\\GEOTIFF\\MDT_1436193.tif","SHRT_FNAME":"MDT_1436193.tif","UPPER_LEFT_X":"509964.712","UPPER_LEFT_Y":"9211874.449","LOWER_RIGHT_X":"510966.712","LOWER_RIGHT_Y":"9210872.449"},"geometry":{"type":"Polygon","coordinates":[[[509964.712,9211874.448999999091029],[510966.712,9211874.448999999091029],[510966.712,9210872.448999999091029],[509964.712,9210872.448999999091029],[509964.712,9211874.448999999091029]]]}},
{"type":"Feature","properties":{"DESCRIPTION":"MDT_1436192.tif","FILENAME":"U:\\P589_AmazoniaRevelada_BR-319\\LiDAR_dataset\\ENTREGAS\\ENTREGA_05\\2_MDT\\GEOTIFF\\MDT_1436192.tif","SHRT_FNAME":"MDT_1436192.tif","UPPER_LEFT_X":"508964.617","UPPER_LEFT_Y":"9211874.449","LOWER_RIGHT_X":"509966.617","LOWER_RIGHT_Y":"9210872.449"},"geometry":{"type":"Polygon","coordinates":[[[508964.617000000027474,9211874.448999999091029],[509966.617000000027474,9211874.448999999091029],[509966.617000000027474,9210872.448999999091029],[508964.617000000027474,9210872.448999999091029],[508964.617000000027474,9211874.448999999091029]]]}},
{"type":"Feature","properties":{"DESCRIPTION":"MDT_1436191.tif","FILENAME":"U:\\P589_AmazoniaRevelada_BR-319\\LiDAR_dataset\\ENTREGAS\\ENTREGA_05\\2_MDT\\GEOTIFF\\MDT_1436191.tif","SHRT_FNAME":"MDT_1436191.tif","UPPER_LEFT_X":"507964.522","UPPER_LEFT_Y":"9211874.449","LOWER_RIGHT_X":"508966.522","LOWER_RIGHT_Y":"9210872.449"},"geometry":{"type":"Polygon","coordinates":[[[507964.522,9211874.448999999091029],[508966.522,9211874.448999999091029],[508966.522,9210872.448999999091029],[507964.522,9210872.448999999091029],[507964.522,9211874.448999999091029]]]}},
{"type":"Feature","properties":{"DESCRIPTION":"MDT_1436190.tif","FILENAME":"U:\\P589_AmazoniaRevelada_BR-319\\LiDAR_dataset\\ENTREGAS\\ENTREGA_05\\2_MDT\\GEOTIFF\\MDT_1436190.tif","SHRT_FNAME":"MDT_1436190.tif","UPPER_LEFT_X":"506964.426","UPPER_LEFT_Y":"9211874.449","LOWER_RIGHT_X":"507966.426","LOWER_RIGHT_Y":"9210872.449"},"geometry":{"type":"Polygon","coordinates":[[[506964.425999999977648,9211874.448999999091029],[507966.425999999977648,9211874.448999999091029],[507966.425999999977648,9210872.448999999091029],[506964.425999999977648,9210872.448999999091029],[506964.425999999977648,9211874.448999999091029]]]}},
{"type":"Feature","properties":{"DESCRIPTION":"MDT_1436189.tif","FILENAME":"U:\\P589_AmazoniaRevelada_BR-319\\LiDAR_dataset\\ENTREGAS\\ENTREGA_05\\2_MDT\\GEOTIFF\\MDT_1436189.tif","SHRT_FNAME":"MDT_1436189.tif","UPPER_LEFT_X":"505964.331","UPPER_LEFT_Y":"9211874.449","LOWER_RIGHT_X":"506966.331","LOWER_RIGHT_Y":"9210872.449"},"geometry":{"type":"Polygon","coordinates":[[[505964.331,9211874.448999999091029],[506966.331,9211874.448999999091029],[506966.331,9210872.448999999091029],[505964.331,9210872.448999999091029],[505964.331,9211874.448999999091029]]]}},
{"type":"Feature","properties":{"DESCRIPTION":"MDT_1436188.tif","FILENAME":"U:\\P589_AmazoniaRevelada_BR-319\\LiDAR_dataset\\ENTREGAS\\ENTREGA_05\\2_MDT\\GEOTIFF\\MDT_1436188.tif","SHRT_FNAME":"MDT_1436188.tif","UPPER_LEFT_X":"504964.236","UPPER_LEFT_Y":"9211874.449","LOWER_RIGHT_X":"505966.236","LOWER_RIGHT_Y":"9210872.449"},"geometry":{"type":"Polygon","coordinates":[[[504964.23599999997532,9211874.448999999091029],[505966.23599999997532,9211874.448999999091029],[505966.23599999997532,9210872.448999999091029],[504964.23599999997532,9210872.448999999091029],[504964.23599999997532,9211874.448999999091029]]]}},
{"type":"Feature","properties":{"DESCRIPTION":"MDT_1436187.tif","FILENAME":"U:\\P589_AmazoniaRevelada_BR-319\\LiDAR_dataset\\ENTREGAS\\ENTREGA_05\\2_MDT\\GEOTIFF\\MDT_1436187.tif","SHRT_FNAME":"MDT_1436187.tif","UPPER_LEFT_X":"503964.141","UPPER_LEFT_Y":"9211874.449","LOWER_RIGHT_X":"504966.141","LOWER_RIGHT_Y":"9210872.449"},"geometry":{"type":"Polygon","coordinates":[[[503964.141,9211874.448999999091029],[504966.141,9211874.448999999091029],[504966.141,9210872.448999999091029],[503964.141,9210872.448999999091029],[503964.141,9211874.448999999091029]]]}},
{"type":"Feature","properties":{"DESCRIPTION":"MDT_1436186.tif","FILENAME":"U:\\P589_AmazoniaRevelada_BR-319\\LiDAR_dataset\\ENTREGAS\\ENTREGA_05\\2_MDT\\GEOTIFF\\MDT_1436186.tif","SHRT_FNAME":"MDT_1436186.tif","UPPER_LEFT_X":"502964.046","UPPER_LEFT_Y":"9211874.449","LOWER_RIGHT_X":"503966.046","LOWER_RIGHT_Y":"9210872.449"},"geometry":{"type":"Polygon","coordinates":[[[502964.045999999972992,9211874.448999999091029],[503966.045999999972992,9211874.448999999091029],[503966.045999999972992,9210872.448999999091029],[502964.045999999972992,9210872.448999999091029],[502964.045999999972992,9211874.448999999091029]]]}},
{"type":"Feature","properties":{"DESCRIPTION":"MDT_1436185.tif","FILENAME":"U:\\P589_AmazoniaRevelada_BR-319\\LiDAR_dataset\\ENTREGAS\\ENTREGA_05\\2_MDT\\GEOTIFF\\MDT_1436185.tif","SHRT_FNAME":"MDT_1436185.tif","UPPER_LEFT_X":"501963.950","UPPER_LEFT_Y":"9211874.449","LOWER_RIGHT_X":"502965.950","LOWER_RIGHT_Y":"9210872.449"},"geometry":{"type":"Polygon","coordinates":[[[501963.950000000011642,9211874.448999999091029],[502965.950000000011642,9211874.448999999091029],[502965.950000000011642,9210872.448999999091029],[501963.950000000011642,9210872.448999999091029],[501963.950000000011642,9211874.448999999091029]]]}},
{"type":"Feature","properties":{"DESCRIPTION":"MDT_1436184.tif","FILENAME":"U:\\P589_AmazoniaRevelada_BR-319\\LiDAR_dataset\\ENTREGAS\\ENTREGA_05\\2_MDT\\GEOTIFF\\MDT_1436184.tif","SHRT_FNAME":"MDT_1436184.tif","UPPER_LEFT_X":"500963.855","UPPER_LEFT_Y":"9211874.449","LOWER_RIGHT_X":"501965.855","LOWER_RIGHT_Y":"9210872.449"},"geometry":{"type":"Polygon","coordinates":[[[500963.854999999981374,9211874.448999999091029],[501965.854999999981374,9211874.448999999091029],[501965.854999999981374,9210872.448999999091029],[500963.854999999981374,9210872.448999999091029],[500963.854999999981374,9211874.448999999091029]]]}},
{"type":"Feature","properties":{"DESCRIPTION":"MDT_1436183.tif","FILENAME":"U:\\P589_AmazoniaRevelada_BR-319\\LiDAR_dataset\\ENTREGAS\\ENTREGA_05\\2_MDT\\GEOTIFF\\MDT_1436183.tif","SHRT_FNAME":"MDT_1436183.tif","UPPER_LEFT_X":"499963.760","UPPER_LEFT_Y":"9211874.449","LOWER_RIGHT_X":"500965.760","LOWER_RIGHT_Y":"9210872.449"},"geometry":{"type":"Polygon","coordinates":[[[499963.76,9211874.448999999091029],[500965.76,9211874.448999999091029],[500965.76,9210872.448999999091029],[499963.76,9210872.448999999091029],[499963.76,9211874.448999999091029]]]}},
{"type":"Feature","properties":{"DESCRIPTION":"MDT_1436182.tif","FILENAME":"U:\\P589_AmazoniaRevelada_BR-319\\LiDAR_dataset\\ENTREGAS\\ENTREGA_05\\2_MDT\\GEOTIFF\\MDT_1436182.tif","SHRT_FNAME":"MDT_1436182.tif","UPPER_LEFT_X":"498963.665","UPPER_LEFT_Y":"9211874.449","LOWER_RIGHT_X":"499965.665","LOWER_RIGHT_Y":"9210872.449"},"geometry":{"type":"Polygon","coordinates":[[[498963.664999999979045,9211874.448999999091029],[499965.664999999979045,9211874.448999999091029],[499965.664999999979045,9210872.448999999091029],[498963.664999999979045,9210872.448999999091029],[498963.664999999979045,9211874.448999999091029]]]}},
{"type":"Feature","properties":{"DESCRIPTION":"MDT_1436181.tif","FILENAME":"U:\\P589_AmazoniaRevelada_BR-319\\LiDAR_dataset\\ENTREGAS\\ENTREGA_05\\2_MDT\\GEOTIFF\\MDT_1436181.tif","SHRT_FNAME":"MDT_1436181.tif","UPPER_LEFT_X":"497963.570","UPPER_LEFT_Y":"9211874.449","LOWER_RIGHT_X":"498965.570","LOWER_RIGHT_Y":"9210872.449"},"geometry":{"type":"Polygon","coordinates":[[[497963.57,9211874.448999999091029],[498965.57,9211874.448999999091029],[498965.57,9210872.448999999091029],[497963.57,9210872.448999999091029],[497963.57,9211874.448999999091029]]]}},
{"type":"Feature","properties":{"DESCRIPTION":"MDT_1436180.tif","FILENAME":"U:\\P589_AmazoniaRevelada_BR-319\\LiDAR_dataset\\ENTREGAS\\ENTREGA_05\\2_MDT\\GEOTIFF\\MDT_1436180.tif","SHRT_FNAME":"MDT_1436180.tif","UPPER_LEFT_X":"496963.474","UPPER_LEFT_Y":"9211874.449","LOWER_RIGHT_X":"497965.474","LOWER_RIGHT_Y":"9210872.449"},"geometry":{"type":"Polygon","coordinates":[[[496963.473999999987427,9211874.448999999091029],[497965.473999999987427,9211874.448999999091029],[497965.473999999987427,9210872.448999999091029],[496963.473999999987427,9210872.448999999091029],[496963.473999999987427,9211874.448999999091029]]]}},
{"type":"Feature","properties":{"DESCRIPTION":"MDT_1436179.tif","FILENAME":"U:\\P589_AmazoniaRevelada_BR-319\\LiDAR_dataset\\ENTREGAS\\ENTREGA_05\\2_MDT\\GEOTIFF\\MDT_1436179.tif","SHRT_FNAME":"MDT_1436179.tif","UPPER_LEFT_X":"495963.379","UPPER_LEFT_Y":"9211874.449","LOWER_RIGHT_X":"496965.379","LOWER_RIGHT_Y":"9210872.449"},"geometry":{"type":"Polygon","coordinates":[[[495963.379000000015367,9211874.448999999091029],[496965.379000000015367,9211874.448999999091029],[496965.379000000015367,9210872.448999999091029],[495963.379000000015367,9210872.448999999091029],[495963.379000000015367,9211874.448999999091029]]]}},
{"type":"Feature","properties":{"DESCRIPTION":"MDT_1436178.tif","FILENAME":"U:\\P589_AmazoniaRevelada_BR-319\\LiDAR_dataset\\ENTREGAS\\ENTREGA_05\\2_MDT\\GEOTIFF\\MDT_1436178.tif","SHRT_FNAME":"MDT_1436178.tif","UPPER_LEFT_X":"494963.284","UPPER_LEFT_Y":"9211874.449","LOWER_RIGHT_X":"495965.284","LOWER_RIGHT_Y":"9210872.449"},"geometry":{"type":"Polygon","coordinates":[[[494963.283999999985099,9211874.448999999091029],[495965.283999999985099,9211874.448999999091029],[495965.283999999985099,9210872.448999999091029],[494963.283999999985099,9210872.448999999091029],[494963.283999999985099,9211874.448999999091029]]]}},
{"type":"Feature","properties":{"DESCRIPTION":"MDT_1436177.tif","FILENAME":"U:\\P589_AmazoniaRevelada_BR-319\\LiDAR_dataset\\ENTREGAS\\ENTREGA_05\\2_MDT\\GEOTIFF\\MDT_1436177.tif","SHRT_FNAME":"MDT_1436177.tif","UPPER_LEFT_X":"493963.189","UPPER_LEFT_Y":"9211874.449","LOWER_RIGHT_X":"494965.189","LOWER_RIGHT_Y":"9210872.449"},"geometry":{"type":"Polygon","coordinates":[[[493963.189000000013039,9211874.448999999091029],[494965.189000000013039,9211874.448999999091029],[494965.189000000013039,9210872.448999999091029],[493963.189000000013039,9210872.448999999091029],[493963.189000000013039,9211874.448999999091029]]]}},
{"type":"Feature","properties":{"DESCRIPTION":"MDT_1436176.tif","FILENAME":"U:\\P589_AmazoniaRevelada_BR-319\\LiDAR_dataset\\ENTREGAS\\ENTREGA_05\\2_MDT\\GEOTIFF\\MDT_1436176.tif","SHRT_FNAME":"MDT_1436176.tif","UPPER_LEFT_X":"492963.094","UPPER_LEFT_Y":"9211874.449","LOWER_RIGHT_X":"493965.094","LOWER_RIGHT_Y":"9210872.449"},"geometry":{"type":"Polygon","coordinates":[[[492963.093999999982771,9211874.448999999091029],[493965.093999999982771,9211874.448999999091029],[493965.093999999982771,9210872.448999999091029],[492963.093999999982771,9210872.448999999091029],[492963.093999999982771,9211874.448999999091029]]]}},
{"type":"Feature","properties":{"DESCRIPTION":"MDT_1436175.tif","FILENAME":"U:\\P589_AmazoniaRevelada_BR-319\\LiDAR_dataset\\ENTREGAS\\ENTREGA_05\\2_MDT\\GEOTIFF\\MDT_1436175.tif","SHRT_FNAME":"MDT_1436175.tif","UPPER_LEFT_X":"491962.998","UPPER_LEFT_Y":"9211874.449","LOWER_RIGHT_X":"492964.998","LOWER_RIGHT_Y":"9210872.449"},"geometry":{"type":"Polygon","coordinates":[[[491962.99800000002142,9211874.448999999091029],[492964.99800000002142,9211874.448999999091029],[492964.99800000002142,9210872.448999999091029],[491962.99800000002142,9210872.448999999091029],[491962.99800000002142,9211874.448999999091029]]]}},
{"type":"Feature","properties":{"DESCRIPTION":"MDT_1436174.tif","FILENAME":"U:\\P589_AmazoniaRevelada_BR-319\\LiDAR_dataset\\ENTREGAS\\ENTREGA_05\\2_MDT\\GEOTIFF\\MDT_1436174.tif","SHRT_FNAME":"MDT_1436174.tif","UPPER_LEFT_X":"490962.903","UPPER_LEFT_Y":"9211874.449","LOWER_RIGHT_X":"491964.903","LOWER_RIGHT_Y":"9210872.449"},"geometry":{"type":"Polygon","coordinates":[[[490962.903,9211874.448999999091029],[491964.903,9211874.448999999091029],[491964.903,9210872.448999999091029],[490962.903,9210872.448999999091029],[490962.903,9211874.448999999091029]]]}},
{"type":"Feature","properties":{"DESCRIPTION":"MDT_1436173.tif","FILENAME":"U:\\P589_AmazoniaRevelada_BR-319\\LiDAR_dataset\\ENTREGAS\\ENTREGA_05\\2_MDT\\GEOTIFF\\MDT_1436173.tif","SHRT_FNAME":"MDT_1436173.tif","UPPER_LEFT_X":"489962.808","UPPER_LEFT_Y":"9211874.449","LOWER_RIGHT_X":"490964.808","LOWER_RIGHT_Y":"9210872.449"},"geometry":{"type":"Polygon","coordinates":[[[489962.808000000019092,9211874.448999999091029],[490964.808000000019092,9211874.448999999091029],[490964.808000000019092,9210872.448999999091029],[489962.808000000019092,9210872.448999999091029],[489962.808000000019092,9211874.448999999091029]]]}},
{"type":"Feature","properties":{"DESCRIPTION":"MDT_1436172.tif","FILENAME":"U:\\P589_AmazoniaRevelada_BR-319\\LiDAR_dataset\\ENTREGAS\\ENTREGA_05\\2_MDT\\GEOTIFF\\MDT_1436172.tif","SHRT_FNAME":"MDT_1436172.tif","UPPER_LEFT_X":"488962.713","UPPER_LEFT_Y":"9211874.449","LOWER_RIGHT_X":"489964.713","LOWER_RIGHT_Y":"9210872.449"},"geometry":{"type":"Polygon","coordinates":[[[488962.712999999988824,9211874.448999999091029],[489964.712999999988824,9211874.448999999091029],[489964.712999999988824,9210872.448999999091029],[488962.712999999988824,9210872.448999999091029],[488962.712999999988824,9211874.448999999091029]]]}},
{"type":"Feature","properties":{"DESCRIPTION":"MDT_1436171.tif","FILENAME":"U:\\P589_AmazoniaRevelada_BR-319\\LiDAR_dataset\\ENTREGAS\\ENTREGA_05\\2_MDT\\GEOTIFF\\MDT_1436171.tif","SHRT_FNAME":"MDT_1436171.tif","UPPER_LEFT_X":"487962.618","UPPER_LEFT_Y":"9211874.449","LOWER_RIGHT_X":"488964.618","LOWER_RIGHT_Y":"9210872.449"},"geometry":{"type":"Polygon","coordinates":[[[487962.618000000016764,9211874.448999999091029],[488964.618000000016764,9211874.448999999091029],[488964.618000000016764,9210872.448999999091029],[487962.618000000016764,9210872.448999999091029],[487962.618000000016764,9211874.448999999091029]]]}},
{"type":"Feature","properties":{"DESCRIPTION":"MDT_1436170.tif","FILENAME":"U:\\P589_AmazoniaRevelada_BR-319\\LiDAR_dataset\\ENTREGAS\\ENTREGA_05\\2_MDT\\GEOTIFF\\MDT_1436170.tif","SHRT_FNAME":"MDT_1436170.tif","UPPER_LEFT_X":"486962.522","UPPER_LEFT_Y":"9211874.449","LOWER_RIGHT_X":"487964.522","LOWER_RIGHT_Y":"9210872.449"},"geometry":{"type":"Polygon","coordinates":[[[486962.522,9211874.448999999091029],[487964.522,9211874.448999999091029],[487964.522,9210872.448999999091029],[486962.522,9210872.448999999091029],[486962.522,9211874.448999999091029]]]}},
{"type":"Feature","properties":{"DESCRIPTION":"MDT_1436169.tif","FILENAME":"U:\\P589_AmazoniaRevelada_BR-319\\LiDAR_dataset\\ENTREGAS\\ENTREGA_05\\2_MDT\\GEOTIFF\\MDT_1436169.tif","SHRT_FNAME":"MDT_1436169.tif","UPPER_LEFT_X":"485962.427","UPPER_LEFT_Y":"9211874.449","LOWER_RIGHT_X":"486964.427","LOWER_RIGHT_Y":"9210872.449"},"geometry":{"type":"Polygon","coordinates":[[[485962.427000000025146,9211874.448999999091029],[486964.427000000025146,9211874.448999999091029],[486964.427000000025146,9210872.448999999091029],[485962.427000000025146,9210872.448999999091029],[485962.427000000025146,9211874.448999999091029]]]}},
{"type":"Feature","properties":{"DESCRIPTION":"MDT_1436168.tif","FILENAME":"U:\\P589_AmazoniaRevelada_BR-319\\LiDAR_dataset\\ENTREGAS\\ENTREGA_05\\2_MDT\\GEOTIFF\\MDT_1436168.tif","SHRT_FNAME":"MDT_1436168.tif","UPPER_LEFT_X":"484962.332","UPPER_LEFT_Y":"9211874.449","LOWER_RIGHT_X":"485964.332","LOWER_RIGHT_Y":"9210872.449"},"geometry":{"type":"Polygon","coordinates":[[[484962.332,9211874.448999999091029],[485964.332,9211874.448999999091029],[485964.332,9210872.448999999091029],[484962.332,9210872.448999999091029],[484962.332,9211874.448999999091029]]]}},
{"type":"Feature","properties":{"DESCRIPTION":"MDT_1436167.tif","FILENAME":"U:\\P589_AmazoniaRevelada_BR-319\\LiDAR_dataset\\ENTREGAS\\ENTREGA_05\\2_MDT\\GEOTIFF\\MDT_1436167.tif","SHRT_FNAME":"MDT_1436167.tif","UPPER_LEFT_X":"483962.237","UPPER_LEFT_Y":"9211874.449","LOWER_RIGHT_X":"484964.237","LOWER_RIGHT_Y":"9210872.449"},"geometry":{"type":"Polygon","coordinates":[[[483962.237000000022817,9211874.448999999091029],[484964.237000000022817,9211874.448999999091029],[484964.237000000022817,9210872.448999999091029],[483962.237000000022817,9210872.448999999091029],[483962.237000000022817,9211874.448999999091029]]]}},
{"type":"Feature","properties":{"DESCRIPTION":"MDT_1436166.tif","FILENAME":"U:\\P589_AmazoniaRevelada_BR-319\\LiDAR_dataset\\ENTREGAS\\ENTREGA_05\\2_MDT\\GEOTIFF\\MDT_1436166.tif","SHRT_FNAME":"MDT_1436166.tif","UPPER_LEFT_X":"482962.142","UPPER_LEFT_Y":"9211874.449","LOWER_RIGHT_X":"483964.142","LOWER_RIGHT_Y":"9210872.449"},"geometry":{"type":"Polygon","coordinates":[[[482962.142,9211874.448999999091029],[483964.142,9211874.448999999091029],[483964.142,9210872.448999999091029],[482962.142,9210872.448999999091029],[482962.142,9211874.448999999091029]]]}},
{"type":"Feature","properties":{"DESCRIPTION":"MDT_1436165.tif","FILENAME":"U:\\P589_AmazoniaRevelada_BR-319\\LiDAR_dataset\\ENTREGAS\\ENTREGA_05\\2_MDT\\GEOTIFF\\MDT_1436165.tif","SHRT_FNAME":"MDT_1436165.tif","UPPER_LEFT_X":"481962.046","UPPER_LEFT_Y":"9211874.449","LOWER_RIGHT_X":"482964.046","LOWER_RIGHT_Y":"9210872.449"},"geometry":{"type":"Polygon","coordinates":[[[481962.045999999972992,9211874.448999999091029],[482964.045999999972992,9211874.448999999091029],[482964.045999999972992,9210872.448999999091029],[481962.045999999972992,9210872.448999999091029],[481962.045999999972992,9211874.448999999091029]]]}},
{"type":"Feature","properties":{"DESCRIPTION":"MDT_1436164.tif","FILENAME":"U:\\P589_AmazoniaRevelada_BR-319\\LiDAR_dataset\\ENTREGAS\\ENTREGA_05\\2_MDT\\GEOTIFF\\MDT_1436164.tif","SHRT_FNAME":"MDT_1436164.tif","UPPER_LEFT_X":"480961.951","UPPER_LEFT_Y":"9211874.449","LOWER_RIGHT_X":"481963.951","LOWER_RIGHT_Y":"9210872.449"},"geometry":{"type":"Polygon","coordinates":[[[480961.951,9211874.448999999091029],[481963.951,9211874.448999999091029],[481963.951,9210872.448999999091029],[480961.951,9210872.448999999091029],[480961.951,9211874.448999999091029]]]}},
{"type":"Feature","properties":{"DESCRIPTION":"MDT_1436163.tif","FILENAME":"U:\\P589_AmazoniaRevelada_BR-319\\LiDAR_dataset\\ENTREGAS\\ENTREGA_05\\2_MDT\\GEOTIFF\\MDT_1436163.tif","SHRT_FNAME":"MDT_1436163.tif","UPPER_LEFT_X":"479961.856","UPPER_LEFT_Y":"9211874.449","LOWER_RIGHT_X":"480963.856","LOWER_RIGHT_Y":"9210872.449"},"geometry":{"type":"Polygon","coordinates":[[[479961.856000000028871,9211874.448999999091029],[480963.856000000028871,9211874.448999999091029],[480963.856000000028871,9210872.448999999091029],[479961.856000000028871,9210872.448999999091029],[479961.856000000028871,9211874.448999999091029]]]}},
{"type":"Feature","properties":{"DESCRIPTION":"MDT_1436162.tif","FILENAME":"U:\\P589_AmazoniaRevelada_BR-319\\LiDAR_dataset\\ENTREGAS\\ENTREGA_05\\2_MDT\\GEOTIFF\\MDT_1436162.tif","SHRT_FNAME":"MDT_1436162.tif","UPPER_LEFT_X":"478961.761","UPPER_LEFT_Y":"9211874.449","LOWER_RIGHT_X":"479963.761","LOWER_RIGHT_Y":"9210872.449"},"geometry":{"type":"Polygon","coordinates":[[[478961.761,9211874.448999999091029],[479963.761,9211874.448999999091029],[479963.761,9210872.448999999091029],[478961.761,9210872.448999999091029],[478961.761,9211874.448999999091029]]]}},
{"type":"Feature","properties":{"DESCRIPTION":"MDT_1436161.tif","FILENAME":"U:\\P589_AmazoniaRevelada_BR-319\\LiDAR_dataset\\ENTREGAS\\ENTREGA_05\\2_MDT\\GEOTIFF\\MDT_1436161.tif","SHRT_FNAME":"MDT_1436161.tif","UPPER_LEFT_X":"477961.666","UPPER_LEFT_Y":"9211874.449","LOWER_RIGHT_X":"478963.666","LOWER_RIGHT_Y":"9210872.449"},"geometry":{"type":"Polygon","coordinates":[[[477961.666000000026543,9211874.448999999091029],[478963.666000000026543,9211874.448999999091029],[478963.666000000026543,9210872.448999999091029],[477961.666000000026543,9210872.448999999091029],[477961.666000000026543,9211874.448999999091029]]]}},
{"type":"Feature","properties":{"DESCRIPTION":"MDT_1436160.tif","FILENAME":"U:\\P589_AmazoniaRevelada_BR-319\\LiDAR_dataset\\ENTREGAS\\ENTREGA_05\\2_MDT\\GEOTIFF\\MDT_1436160.tif","SHRT_FNAME":"MDT_1436160.tif","UPPER_LEFT_X":"476961.570","UPPER_LEFT_Y":"9211874.449","LOWER_RIGHT_X":"477963.570","LOWER_RIGHT_Y":"9210872.449"},"geometry":{"type":"Polygon","coordinates":[[[476961.57,9211874.448999999091029],[477963.57,9211874.448999999091029],[477963.57,9210872.448999999091029],[476961.57,9210872.448999999091029],[476961.57,9211874.448999999091029]]]}},
{"type":"Feature","properties":{"DESCRIPTION":"MDT_1436159.tif","FILENAME":"U:\\P589_AmazoniaRevelada_BR-319\\LiDAR_dataset\\ENTREGAS\\ENTREGA_05\\2_MDT\\GEOTIFF\\MDT_1436159.tif","SHRT_FNAME":"MDT_1436159.tif","UPPER_LEFT_X":"475961.475","UPPER_LEFT_Y":"9211874.449","LOWER_RIGHT_X":"476963.475","LOWER_RIGHT_Y":"9210872.449"},"geometry":{"type":"Polygon","coordinates":[[[475961.474999999976717,9211874.448999999091029],[476963.474999999976717,9211874.448999999091029],[476963.474999999976717,9210872.448999999091029],[475961.474999999976717,9210872.448999999091029],[475961.474999999976717,9211874.448999999091029]]]}},
{"type":"Feature","properties":{"DESCRIPTION":"MDT_1436158.tif","FILENAME":"U:\\P589_AmazoniaRevelada_BR-319\\LiDAR_dataset\\ENTREGAS\\ENTREGA_05\\2_MDT\\GEOTIFF\\MDT_1436158.tif","SHRT_FNAME":"MDT_1436158.tif","UPPER_LEFT_X":"474961.380","UPPER_LEFT_Y":"9211874.449","LOWER_RIGHT_X":"475963.380","LOWER_RIGHT_Y":"9210872.449"},"geometry":{"type":"Polygon","coordinates":[[[474961.38,9211874.448999999091029],[475963.38,9211874.448999999091029],[475963.38,9210872.448999999091029],[474961.38,9210872.448999999091029],[474961.38,9211874.448999999091029]]]}},
{"type":"Feature","properties":{"DESCRIPTION":"MDT_1436157.tif","FILENAME":"U:\\P589_AmazoniaRevelada_BR-319\\LiDAR_dataset\\ENTREGAS\\ENTREGA_05\\2_MDT\\GEOTIFF\\MDT_1436157.tif","SHRT_FNAME":"MDT_1436157.tif","UPPER_LEFT_X":"473961.285","UPPER_LEFT_Y":"9211874.449","LOWER_RIGHT_X":"474963.285","LOWER_RIGHT_Y":"9210872.449"},"geometry":{"type":"Polygon","coordinates":[[[473961.284999999974389,9211874.448999999091029],[474963.284999999974389,9211874.448999999091029],[474963.284999999974389,9210872.448999999091029],[473961.284999999974389,9210872.448999999091029],[473961.284999999974389,9211874.448999999091029]]]}},
{"type":"Feature","properties":{"DESCRIPTION":"MDT_1436156.tif","FILENAME":"U:\\P589_AmazoniaRevelada_BR-319\\LiDAR_dataset\\ENTREGAS\\ENTREGA_05\\2_MDT\\GEOTIFF\\MDT_1436156.tif","SHRT_FNAME":"MDT_1436156.tif","UPPER_LEFT_X":"472961.190","UPPER_LEFT_Y":"9211874.449","LOWER_RIGHT_X":"473963.190","LOWER_RIGHT_Y":"9210872.449"},"geometry":{"type":"Polygon","coordinates":[[[472961.19,9211874.448999999091029],[473963.19,9211874.448999999091029],[473963.19,9210872.448999999091029],[472961.19,9210872.448999999091029],[472961.19,9211874.448999999091029]]]}},
{"type":"Feature","properties":{"DESCRIPTION":"MDT_1436155.tif","FILENAME":"U:\\P589_AmazoniaRevelada_BR-319\\LiDAR_dataset\\ENTREGAS\\ENTREGA_05\\2_MDT\\GEOTIFF\\MDT_1436155.tif","SHRT_FNAME":"MDT_1436155.tif","UPPER_LEFT_X":"471961.094","UPPER_LEFT_Y":"9211874.449","LOWER_RIGHT_X":"472963.094","LOWER_RIGHT_Y":"9210872.449"},"geometry":{"type":"Polygon","coordinates":[[[471961.093999999982771,9211874.448999999091029],[472963.093999999982771,9211874.448999999091029],[472963.093999999982771,9210872.448999999091029],[471961.093999999982771,9210872.448999999091029],[471961.093999999982771,9211874.448999999091029]]]}},
{"type":"Feature","properties":{"DESCRIPTION":"MDT_1436154.tif","FILENAME":"U:\\P589_AmazoniaRevelada_BR-319\\LiDAR_dataset\\ENTREGAS\\ENTREGA_05\\2_MDT\\GEOTIFF\\MDT_1436154.tif","SHRT_FNAME":"MDT_1436154.tif","UPPER_LEFT_X":"470960.999","UPPER_LEFT_Y":"9211874.449","LOWER_RIGHT_X":"471962.999","LOWER_RIGHT_Y":"9210872.449"},"geometry":{"type":"Polygon","coordinates":[[[470960.99900000001071,9211874.448999999091029],[471962.99900000001071,9211874.448999999091029],[471962.99900000001071,9210872.448999999091029],[470960.99900000001071,9210872.448999999091029],[470960.99900000001071,9211874.448999999091029]]]}},
{"type":"Feature","properties":{"DESCRIPTION":"MDT_1436153.tif","FILENAME":"U:\\P589_AmazoniaRevelada_BR-319\\LiDAR_dataset\\ENTREGAS\\ENTREGA_05\\2_MDT\\GEOTIFF\\MDT_1436153.tif","SHRT_FNAME":"MDT_1436153.tif","UPPER_LEFT_X":"469960.904","UPPER_LEFT_Y":"9211874.449","LOWER_RIGHT_X":"470962.904","LOWER_RIGHT_Y":"9210872.449"},"geometry":{"type":"Polygon","coordinates":[[[469960.903999999980442,9211874.448999999091029],[470962.903999999980442,9211874.448999999091029],[470962.903999999980442,9210872.448999999091029],[469960.903999999980442,9210872.448999999091029],[469960.903999999980442,9211874.448999999091029]]]}},
{"type":"Feature","properties":{"DESCRIPTION":"MDT_1436152.tif","FILENAME":"U:\\P589_AmazoniaRevelada_BR-319\\LiDAR_dataset\\ENTREGAS\\ENTREGA_05\\2_MDT\\GEOTIFF\\MDT_1436152.tif","SHRT_FNAME":"MDT_1436152.tif","UPPER_LEFT_X":"468960.809","UPPER_LEFT_Y":"9211874.449","LOWER_RIGHT_X":"469962.809","LOWER_RIGHT_Y":"9210872.449"},"geometry":{"type":"Polygon","coordinates":[[[468960.809,9211874.448999999091029],[469962.809,9211874.448999999091029],[469962.809,9210872.448999999091029],[468960.809,9210872.448999999091029],[468960.809,9211874.448999999091029]]]}},
{"type":"Feature","properties":{"DESCRIPTION":"MDT_1436151.tif","FILENAME":"U:\\P589_AmazoniaRevelada_BR-319\\LiDAR_dataset\\ENTREGAS\\ENTREGA_05\\2_MDT\\GEOTIFF\\MDT_1436151.tif","SHRT_FNAME":"MDT_1436151.tif","UPPER_LEFT_X":"467960.714","UPPER_LEFT_Y":"9211874.449","LOWER_RIGHT_X":"468962.714","LOWER_RIGHT_Y":"9210872.449"},"geometry":{"type":"Polygon","coordinates":[[[467960.713999999978114,9211874.448999999091029],[468962.713999999978114,9211874.448999999091029],[468962.713999999978114,9210872.448999999091029],[467960.713999999978114,9210872.448999999091029],[467960.713999999978114,9211874.448999999091029]]]}},
{"type":"Feature","properties":{"DESCRIPTION":"MDT_1436150.tif","FILENAME":"U:\\P589_AmazoniaRevelada_BR-319\\LiDAR_dataset\\ENTREGAS\\ENTREGA_05\\2_MDT\\GEOTIFF\\MDT_1436150.tif","SHRT_FNAME":"MDT_1436150.tif","UPPER_LEFT_X":"466960.618","UPPER_LEFT_Y":"9211874.449","LOWER_RIGHT_X":"467962.618","LOWER_RIGHT_Y":"9210872.449"},"geometry":{"type":"Polygon","coordinates":[[[466960.618000000016764,9211874.448999999091029],[467962.618000000016764,9211874.448999999091029],[467962.618000000016764,9210872.448999999091029],[466960.618000000016764,9210872.448999999091029],[466960.618000000016764,9211874.448999999091029]]]}},
{"type":"Feature","properties":{"DESCRIPTION":"MDT_1436149.tif","FILENAME":"U:\\P589_AmazoniaRevelada_BR-319\\LiDAR_dataset\\ENTREGAS\\ENTREGA_05\\2_MDT\\GEOTIFF\\MDT_1436149.tif","SHRT_FNAME":"MDT_1436149.tif","UPPER_LEFT_X":"465960.523","UPPER_LEFT_Y":"9211874.449","LOWER_RIGHT_X":"466962.523","LOWER_RIGHT_Y":"9210872.449"},"geometry":{"type":"Polygon","coordinates":[[[465960.522999999986496,9211874.448999999091029],[466962.522999999986496,9211874.448999999091029],[466962.522999999986496,9210872.448999999091029],[465960.522999999986496,9210872.448999999091029],[465960.522999999986496,9211874.448999999091029]]]}},
{"type":"Feature","properties":{"DESCRIPTION":"MDT_1436148.tif","FILENAME":"U:\\P589_AmazoniaRevelada_BR-319\\LiDAR_dataset\\ENTREGAS\\ENTREGA_05\\2_MDT\\GEOTIFF\\MDT_1436148.tif","SHRT_FNAME":"MDT_1436148.tif","UPPER_LEFT_X":"464960.428","UPPER_LEFT_Y":"9211874.449","LOWER_RIGHT_X":"465962.428","LOWER_RIGHT_Y":"9210872.449"},"geometry":{"type":"Polygon","coordinates":[[[464960.428000000014435,9211874.448999999091029],[465962.428000000014435,9211874.448999999091029],[465962.428000000014435,9210872.448999999091029],[464960.428000000014435,9210872.448999999091029],[464960.428000000014435,9211874.448999999091029]]]}},
{"type":"Feature","properties":{"DESCRIPTION":"MDT_1436147.tif","FILENAME":"U:\\P589_AmazoniaRevelada_BR-319\\LiDAR_dataset\\ENTREGAS\\ENTREGA_05\\2_MDT\\GEOTIFF\\MDT_1436147.tif","SHRT_FNAME":"MDT_1436147.tif","UPPER_LEFT_X":"463960.333","UPPER_LEFT_Y":"9211874.449","LOWER_RIGHT_X":"464962.333","LOWER_RIGHT_Y":"9210872.449"},"geometry":{"type":"Polygon","coordinates":[[[463960.332999999984168,9211874.448999999091029],[464962.332999999984168,9211874.448999999091029],[464962.332999999984168,9210872.448999999091029],[463960.332999999984168,9210872.448999999091029],[463960.332999999984168,9211874.448999999091029]]]}},
{"type":"Feature","properties":{"DESCRIPTION":"MDT_1435193.tif","FILENAME":"U:\\P589_AmazoniaRevelada_BR-319\\LiDAR_dataset\\ENTREGAS\\ENTREGA_05\\2_MDT\\GEOTIFF\\MDT_1435193.tif","SHRT_FNAME":"MDT_1435193.tif","UPPER_LEFT_X":"509964.712","UPPER_LEFT_Y":"9212874.325","LOWER_RIGHT_X":"510966.712","LOWER_RIGHT_Y":"9211872.325"},"geometry":{"type":"Polygon","coordinates":[[[509964.712,9212874.324999999254942],[510966.712,9212874.324999999254942],[510966.712,9211872.324999999254942],[509964.712,9211872.324999999254942],[509964.712,9212874.324999999254942]]]}},
{"type":"Feature","properties":{"DESCRIPTION":"MDT_1435192.tif","FILENAME":"U:\\P589_AmazoniaRevelada_BR-319\\LiDAR_dataset\\ENTREGAS\\ENTREGA_05\\2_MDT\\GEOTIFF\\MDT_1435192.tif","SHRT_FNAME":"MDT_1435192.tif","UPPER_LEFT_X":"508964.617","UPPER_LEFT_Y":"9212874.325","LOWER_RIGHT_X":"509966.617","LOWER_RIGHT_Y":"9211872.325"},"geometry":{"type":"Polygon","coordinates":[[[508964.617000000027474,9212874.324999999254942],[509966.617000000027474,9212874.324999999254942],[509966.617000000027474,9211872.324999999254942],[508964.617000000027474,9211872.324999999254942],[508964.617000000027474,9212874.324999999254942]]]}},
{"type":"Feature","properties":{"DESCRIPTION":"MDT_1435191.tif","FILENAME":"U:\\P589_AmazoniaRevelada_BR-319\\LiDAR_dataset\\ENTREGAS\\ENTREGA_05\\2_MDT\\GEOTIFF\\MDT_1435191.tif","SHRT_FNAME":"MDT_1435191.tif","UPPER_LEFT_X":"507964.522","UPPER_LEFT_Y":"9212874.325","LOWER_RIGHT_X":"508966.522","LOWER_RIGHT_Y":"9211872.325"},"geometry":{"type":"Polygon","coordinates":[[[507964.522,9212874.324999999254942],[508966.522,9212874.324999999254942],[508966.522,9211872.324999999254942],[507964.522,9211872.324999999254942],[507964.522,9212874.324999999254942]]]}},
{"type":"Feature","properties":{"DESCRIPTION":"MDT_1435190.tif","FILENAME":"U:\\P589_AmazoniaRevelada_BR-319\\LiDAR_dataset\\ENTREGAS\\ENTREGA_05\\2_MDT\\GEOTIFF\\MDT_1435190.tif","SHRT_FNAME":"MDT_1435190.tif","UPPER_LEFT_X":"506964.426","UPPER_LEFT_Y":"9212874.325","LOWER_RIGHT_X":"507966.426","LOWER_RIGHT_Y":"9211872.325"},"geometry":{"type":"Polygon","coordinates":[[[506964.425999999977648,9212874.324999999254942],[507966.425999999977648,9212874.324999999254942],[507966.425999999977648,9211872.324999999254942],[506964.425999999977648,9211872.324999999254942],[506964.425999999977648,9212874.324999999254942]]]}},
{"type":"Feature","properties":{"DESCRIPTION":"MDT_1435189.tif","FILENAME":"U:\\P589_AmazoniaRevelada_BR-319\\LiDAR_dataset\\ENTREGAS\\ENTREGA_05\\2_MDT\\GEOTIFF\\MDT_1435189.tif","SHRT_FNAME":"MDT_1435189.tif","UPPER_LEFT_X":"505964.331","UPPER_LEFT_Y":"9212874.325","LOWER_RIGHT_X":"506966.331","LOWER_RIGHT_Y":"9211872.325"},"geometry":{"type":"Polygon","coordinates":[[[505964.331,9212874.324999999254942],[506966.331,9212874.324999999254942],[506966.331,9211872.324999999254942],[505964.331,9211872.324999999254942],[505964.331,9212874.324999999254942]]]}},
{"type":"Feature","properties":{"DESCRIPTION":"MDT_1435188.tif","FILENAME":"U:\\P589_AmazoniaRevelada_BR-319\\LiDAR_dataset\\ENTREGAS\\ENTREGA_05\\2_MDT\\GEOTIFF\\MDT_1435188.tif","SHRT_FNAME":"MDT_1435188.tif","UPPER_LEFT_X":"504964.236","UPPER_LEFT_Y":"9212874.325","LOWER_RIGHT_X":"505966.236","LOWER_RIGHT_Y":"9211872.325"},"geometry":{"type":"Polygon","coordinates":[[[504964.23599999997532,9212874.324999999254942],[505966.23599999997532,9212874.324999999254942],[505966.23599999997532,9211872.324999999254942],[504964.23599999997532,9211872.324999999254942],[504964.23599999997532,9212874.324999999254942]]]}},
{"type":"Feature","properties":{"DESCRIPTION":"MDT_1435187.tif","FILENAME":"U:\\P589_AmazoniaRevelada_BR-319\\LiDAR_dataset\\ENTREGAS\\ENTREGA_05\\2_MDT\\GEOTIFF\\MDT_1435187.tif","SHRT_FNAME":"MDT_1435187.tif","UPPER_LEFT_X":"503964.141","UPPER_LEFT_Y":"9212874.325","LOWER_RIGHT_X":"504966.141","LOWER_RIGHT_Y":"9211872.325"},"geometry":{"type":"Polygon","coordinates":[[[503964.141,9212874.324999999254942],[504966.141,9212874.324999999254942],[504966.141,9211872.324999999254942],[503964.141,9211872.324999999254942],[503964.141,9212874.324999999254942]]]}},
{"type":"Feature","properties":{"DESCRIPTION":"MDT_1435186.tif","FILENAME":"U:\\P589_AmazoniaRevelada_BR-319\\LiDAR_dataset\\ENTREGAS\\ENTREGA_05\\2_MDT\\GEOTIFF\\MDT_1435186.tif","SHRT_FNAME":"MDT_1435186.tif","UPPER_LEFT_X":"502964.046","UPPER_LEFT_Y":"9212874.325","LOWER_RIGHT_X":"503966.046","LOWER_RIGHT_Y":"9211872.325"},"geometry":{"type":"Polygon","coordinates":[[[502964.045999999972992,9212874.324999999254942],[503966.045999999972992,9212874.324999999254942],[503966.045999999972992,9211872.324999999254942],[502964.045999999972992,9211872.324999999254942],[502964.045999999972992,9212874.324999999254942]]]}},
{"type":"Feature","properties":{"DESCRIPTION":"MDT_1435185.tif","FILENAME":"U:\\P589_AmazoniaRevelada_BR-319\\LiDAR_dataset\\ENTREGAS\\ENTREGA_05\\2_MDT\\GEOTIFF\\MDT_1435185.tif","SHRT_FNAME":"MDT_1435185.tif","UPPER_LEFT_X":"501963.950","UPPER_LEFT_Y":"9212874.325","LOWER_RIGHT_X":"502965.950","LOWER_RIGHT_Y":"9211872.325"},"geometry":{"type":"Polygon","coordinates":[[[501963.950000000011642,9212874.324999999254942],[502965.950000000011642,9212874.324999999254942],[502965.950000000011642,9211872.324999999254942],[501963.950000000011642,9211872.324999999254942],[501963.950000000011642,9212874.324999999254942]]]}},
{"type":"Feature","properties":{"DESCRIPTION":"MDT_1435184.tif","FILENAME":"U:\\P589_AmazoniaRevelada_BR-319\\LiDAR_dataset\\ENTREGAS\\ENTREGA_05\\2_MDT\\GEOTIFF\\MDT_1435184.tif","SHRT_FNAME":"MDT_1435184.tif","UPPER_LEFT_X":"500963.855","UPPER_LEFT_Y":"9212874.325","LOWER_RIGHT_X":"501965.855","LOWER_RIGHT_Y":"9211872.325"},"geometry":{"type":"Polygon","coordinates":[[[500963.854999999981374,9212874.324999999254942],[501965.854999999981374,9212874.324999999254942],[501965.854999999981374,9211872.324999999254942],[500963.854999999981374,9211872.324999999254942],[500963.854999999981374,9212874.324999999254942]]]}},
{"type":"Feature","properties":{"DESCRIPTION":"MDT_1435183.tif","FILENAME":"U:\\P589_AmazoniaRevelada_BR-319\\LiDAR_dataset\\ENTREGAS\\ENTREGA_05\\2_MDT\\GEOTIFF\\MDT_1435183.tif","SHRT_FNAME":"MDT_1435183.tif","UPPER_LEFT_X":"499963.760","UPPER_LEFT_Y":"9212874.325","LOWER_RIGHT_X":"500965.760","LOWER_RIGHT_Y":"9211872.325"},"geometry":{"type":"Polygon","coordinates":[[[499963.76,9212874.324999999254942],[500965.76,9212874.324999999254942],[500965.76,9211872.324999999254942],[499963.76,9211872.324999999254942],[499963.76,9212874.324999999254942]]]}},
{"type":"Feature","properties":{"DESCRIPTION":"MDT_1435182.tif","FILENAME":"U:\\P589_AmazoniaRevelada_BR-319\\LiDAR_dataset\\ENTREGAS\\ENTREGA_05\\2_MDT\\GEOTIFF\\MDT_1435182.tif","SHRT_FNAME":"MDT_1435182.tif","UPPER_LEFT_X":"498963.665","UPPER_LEFT_Y":"9212874.325","LOWER_RIGHT_X":"499965.665","LOWER_RIGHT_Y":"9211872.325"},"geometry":{"type":"Polygon","coordinates":[[[498963.664999999979045,9212874.324999999254942],[499965.664999999979045,9212874.324999999254942],[499965.664999999979045,9211872.324999999254942],[498963.664999999979045,9211872.324999999254942],[498963.664999999979045,9212874.324999999254942]]]}},
{"type":"Feature","properties":{"DESCRIPTION":"MDT_1435181.tif","FILENAME":"U:\\P589_AmazoniaRevelada_BR-319\\LiDAR_dataset\\ENTREGAS\\ENTREGA_05\\2_MDT\\GEOTIFF\\MDT_1435181.tif","SHRT_FNAME":"MDT_1435181.tif","UPPER_LEFT_X":"497963.570","UPPER_LEFT_Y":"9212874.325","LOWER_RIGHT_X":"498965.570","LOWER_RIGHT_Y":"9211872.325"},"geometry":{"type":"Polygon","coordinates":[[[497963.57,9212874.324999999254942],[498965.57,9212874.324999999254942],[498965.57,9211872.324999999254942],[497963.57,9211872.324999999254942],[497963.57,9212874.324999999254942]]]}},
{"type":"Feature","properties":{"DESCRIPTION":"MDT_1435180.tif","FILENAME":"U:\\P589_AmazoniaRevelada_BR-319\\LiDAR_dataset\\ENTREGAS\\ENTREGA_05\\2_MDT\\GEOTIFF\\MDT_1435180.tif","SHRT_FNAME":"MDT_1435180.tif","UPPER_LEFT_X":"496963.474","UPPER_LEFT_Y":"9212874.325","LOWER_RIGHT_X":"497965.474","LOWER_RIGHT_Y":"9211872.325"},"geometry":{"type":"Polygon","coordinates":[[[496963.473999999987427,9212874.324999999254942],[497965.473999999987427,9212874.324999999254942],[497965.473999999987427,9211872.324999999254942],[496963.473999999987427,9211872.324999999254942],[496963.473999999987427,9212874.324999999254942]]]}},
{"type":"Feature","properties":{"DESCRIPTION":"MDT_1435179.tif","FILENAME":"U:\\P589_AmazoniaRevelada_BR-319\\LiDAR_dataset\\ENTREGAS\\ENTREGA_05\\2_MDT\\GEOTIFF\\MDT_1435179.tif","SHRT_FNAME":"MDT_1435179.tif","UPPER_LEFT_X":"495963.379","UPPER_LEFT_Y":"9212874.325","LOWER_RIGHT_X":"496965.379","LOWER_RIGHT_Y":"9211872.325"},"geometry":{"type":"Polygon","coordinates":[[[495963.379000000015367,9212874.324999999254942],[496965.379000000015367,9212874.324999999254942],[496965.379000000015367,9211872.324999999254942],[495963.379000000015367,9211872.324999999254942],[495963.379000000015367,9212874.324999999254942]]]}},
{"type":"Feature","properties":{"DESCRIPTION":"MDT_1435178.tif","FILENAME":"U:\\P589_AmazoniaRevelada_BR-319\\LiDAR_dataset\\ENTREGAS\\ENTREGA_05\\2_MDT\\GEOTIFF\\MDT_1435178.tif","SHRT_FNAME":"MDT_1435178.tif","UPPER_LEFT_X":"494963.284","UPPER_LEFT_Y":"9212874.325","LOWER_RIGHT_X":"495965.284","LOWER_RIGHT_Y":"9211872.325"},"geometry":{"type":"Polygon","coordinates":[[[494963.283999999985099,9212874.324999999254942],[495965.283999999985099,9212874.324999999254942],[495965.283999999985099,9211872.324999999254942],[494963.283999999985099,9211872.324999999254942],[494963.283999999985099,9212874.324999999254942]]]}},
{"type":"Feature","properties":{"DESCRIPTION":"MDT_1435177.tif","FILENAME":"U:\\P589_AmazoniaRevelada_BR-319\\LiDAR_dataset\\ENTREGAS\\ENTREGA_05\\2_MDT\\GEOTIFF\\MDT_1435177.tif","SHRT_FNAME":"MDT_1435177.tif","UPPER_LEFT_X":"493963.189","UPPER_LEFT_Y":"9212874.325","LOWER_RIGHT_X":"494965.189","LOWER_RIGHT_Y":"9211872.325"},"geometry":{"type":"Polygon","coordinates":[[[493963.189000000013039,9212874.324999999254942],[494965.189000000013039,9212874.324999999254942],[494965.189000000013039,9211872.324999999254942],[493963.189000000013039,9211872.324999999254942],[493963.189000000013039,9212874.324999999254942]]]}},
{"type":"Feature","properties":{"DESCRIPTION":"MDT_1435176.tif","FILENAME":"U:\\P589_AmazoniaRevelada_BR-319\\LiDAR_dataset\\ENTREGAS\\ENTREGA_05\\2_MDT\\GEOTIFF\\MDT_1435176.tif","SHRT_FNAME":"MDT_1435176.tif","UPPER_LEFT_X":"492963.094","UPPER_LEFT_Y":"9212874.325","LOWER_RIGHT_X":"493965.094","LOWER_RIGHT_Y":"9211872.325"},"geometry":{"type":"Polygon","coordinates":[[[492963.093999999982771,9212874.324999999254942],[493965.093999999982771,9212874.324999999254942],[493965.093999999982771,9211872.324999999254942],[492963.093999999982771,9211872.324999999254942],[492963.093999999982771,9212874.324999999254942]]]}},
{"type":"Feature","properties":{"DESCRIPTION":"MDT_1435175.tif","FILENAME":"U:\\P589_AmazoniaRevelada_BR-319\\LiDAR_dataset\\ENTREGAS\\ENTREGA_05\\2_MDT\\GEOTIFF\\MDT_1435175.tif","SHRT_FNAME":"MDT_1435175.tif","UPPER_LEFT_X":"491962.998","UPPER_LEFT_Y":"9212874.325","LOWER_RIGHT_X":"492964.998","LOWER_RIGHT_Y":"9211872.325"},"geometry":{"type":"Polygon","coordinates":[[[491962.99800000002142,9212874.324999999254942],[492964.99800000002142,9212874.324999999254942],[492964.99800000002142,9211872.324999999254942],[491962.99800000002142,9211872.324999999254942],[491962.99800000002142,9212874.324999999254942]]]}},
{"type":"Feature","properties":{"DESCRIPTION":"MDT_1435174.tif","FILENAME":"U:\\P589_AmazoniaRevelada_BR-319\\LiDAR_dataset\\ENTREGAS\\ENTREGA_05\\2_MDT\\GEOTIFF\\MDT_1435174.tif","SHRT_FNAME":"MDT_1435174.tif","UPPER_LEFT_X":"490962.903","UPPER_LEFT_Y":"9212874.325","LOWER_RIGHT_X":"491964.903","LOWER_RIGHT_Y":"9211872.325"},"geometry":{"type":"Polygon","coordinates":[[[490962.903,9212874.324999999254942],[491964.903,9212874.324999999254942],[491964.903,9211872.324999999254942],[490962.903,9211872.324999999254942],[490962.903,9212874.324999999254942]]]}},
{"type":"Feature","properties":{"DESCRIPTION":"MDT_1435173.tif","FILENAME":"U:\\P589_AmazoniaRevelada_BR-319\\LiDAR_dataset\\ENTREGAS\\ENTREGA_05\\2_MDT\\GEOTIFF\\MDT_1435173.tif","SHRT_FNAME":"MDT_1435173.tif","UPPER_LEFT_X":"489962.808","UPPER_LEFT_Y":"9212874.325","LOWER_RIGHT_X":"490964.808","LOWER_RIGHT_Y":"9211872.325"},"geometry":{"type":"Polygon","coordinates":[[[489962.808000000019092,9212874.324999999254942],[490964.808000000019092,9212874.324999999254942],[490964.808000000019092,9211872.324999999254942],[489962.808000000019092,9211872.324999999254942],[489962.808000000019092,9212874.324999999254942]]]}},
{"type":"Feature","properties":{"DESCRIPTION":"MDT_1435172.tif","FILENAME":"U:\\P589_AmazoniaRevelada_BR-319\\LiDAR_dataset\\ENTREGAS\\ENTREGA_05\\2_MDT\\GEOTIFF\\MDT_1435172.tif","SHRT_FNAME":"MDT_1435172.tif","UPPER_LEFT_X":"488962.713","UPPER_LEFT_Y":"9212874.325","LOWER_RIGHT_X":"489964.713","LOWER_RIGHT_Y":"9211872.325"},"geometry":{"type":"Polygon","coordinates":[[[488962.712999999988824,9212874.324999999254942],[489964.712999999988824,9212874.324999999254942],[489964.712999999988824,9211872.324999999254942],[488962.712999999988824,9211872.324999999254942],[488962.712999999988824,9212874.324999999254942]]]}},
{"type":"Feature","properties":{"DESCRIPTION":"MDT_1435171.tif","FILENAME":"U:\\P589_AmazoniaRevelada_BR-319\\LiDAR_dataset\\ENTREGAS\\ENTREGA_05\\2_MDT\\GEOTIFF\\MDT_1435171.tif","SHRT_FNAME":"MDT_1435171.tif","UPPER_LEFT_X":"487962.618","UPPER_LEFT_Y":"9212874.325","LOWER_RIGHT_X":"488964.618","LOWER_RIGHT_Y":"9211872.325"},"geometry":{"type":"Polygon","coordinates":[[[487962.618000000016764,9212874.324999999254942],[488964.618000000016764,9212874.324999999254942],[488964.618000000016764,9211872.324999999254942],[487962.618000000016764,9211872.324999999254942],[487962.618000000016764,9212874.324999999254942]]]}},
{"type":"Feature","properties":{"DESCRIPTION":"MDT_1435170.tif","FILENAME":"U:\\P589_AmazoniaRevelada_BR-319\\LiDAR_dataset\\ENTREGAS\\ENTREGA_05\\2_MDT\\GEOTIFF\\MDT_1435170.tif","SHRT_FNAME":"MDT_1435170.tif","UPPER_LEFT_X":"486962.522","UPPER_LEFT_Y":"9212874.325","LOWER_RIGHT_X":"487964.522","LOWER_RIGHT_Y":"9211872.325"},"geometry":{"type":"Polygon","coordinates":[[[486962.522,9212874.324999999254942],[487964.522,9212874.324999999254942],[487964.522,9211872.324999999254942],[486962.522,9211872.324999999254942],[486962.522,9212874.324999999254942]]]}},
{"type":"Feature","properties":{"DESCRIPTION":"MDT_1435169.tif","FILENAME":"U:\\P589_AmazoniaRevelada_BR-319\\LiDAR_dataset\\ENTREGAS\\ENTREGA_05\\2_MDT\\GEOTIFF\\MDT_1435169.tif","SHRT_FNAME":"MDT_1435169.tif","UPPER_LEFT_X":"485962.427","UPPER_LEFT_Y":"9212874.325","LOWER_RIGHT_X":"486964.427","LOWER_RIGHT_Y":"9211872.325"},"geometry":{"type":"Polygon","coordinates":[[[485962.427000000025146,9212874.324999999254942],[486964.427000000025146,9212874.324999999254942],[486964.427000000025146,9211872.324999999254942],[485962.427000000025146,9211872.324999999254942],[485962.427000000025146,9212874.324999999254942]]]}},
{"type":"Feature","properties":{"DESCRIPTION":"MDT_1435168.tif","FILENAME":"U:\\P589_AmazoniaRevelada_BR-319\\LiDAR_dataset\\ENTREGAS\\ENTREGA_05\\2_MDT\\GEOTIFF\\MDT_1435168.tif","SHRT_FNAME":"MDT_1435168.tif","UPPER_LEFT_X":"484962.332","UPPER_LEFT_Y":"9212874.325","LOWER_RIGHT_X":"485964.332","LOWER_RIGHT_Y":"9211872.325"},"geometry":{"type":"Polygon","coordinates":[[[484962.332,9212874.324999999254942],[485964.332,9212874.324999999254942],[485964.332,9211872.324999999254942],[484962.332,9211872.324999999254942],[484962.332,9212874.324999999254942]]]}},
{"type":"Feature","properties":{"DESCRIPTION":"MDT_1435167.tif","FILENAME":"U:\\P589_AmazoniaRevelada_BR-319\\LiDAR_dataset\\ENTREGAS\\ENTREGA_05\\2_MDT\\GEOTIFF\\MDT_1435167.tif","SHRT_FNAME":"MDT_1435167.tif","UPPER_LEFT_X":"483962.237","UPPER_LEFT_Y":"9212874.325","LOWER_RIGHT_X":"484964.237","LOWER_RIGHT_Y":"9211872.325"},"geometry":{"type":"Polygon","coordinates":[[[483962.237000000022817,9212874.324999999254942],[484964.237000000022817,9212874.324999999254942],[484964.237000000022817,9211872.324999999254942],[483962.237000000022817,9211872.324999999254942],[483962.237000000022817,9212874.324999999254942]]]}},
{"type":"Feature","properties":{"DESCRIPTION":"MDT_1435166.tif","FILENAME":"U:\\P589_AmazoniaRevelada_BR-319\\LiDAR_dataset\\ENTREGAS\\ENTREGA_05\\2_MDT\\GEOTIFF\\MDT_1435166.tif","SHRT_FNAME":"MDT_1435166.tif","UPPER_LEFT_X":"482962.142","UPPER_LEFT_Y":"9212874.325","LOWER_RIGHT_X":"483964.142","LOWER_RIGHT_Y":"9211872.325"},"geometry":{"type":"Polygon","coordinates":[[[482962.142,9212874.324999999254942],[483964.142,9212874.324999999254942],[483964.142,9211872.324999999254942],[482962.142,9211872.324999999254942],[482962.142,9212874.324999999254942]]]}},
{"type":"Feature","properties":{"DESCRIPTION":"MDT_1435165.tif","FILENAME":"U:\\P589_AmazoniaRevelada_BR-319\\LiDAR_dataset\\ENTREGAS\\ENTREGA_05\\2_MDT\\GEOTIFF\\MDT_1435165.tif","SHRT_FNAME":"MDT_1435165.tif","UPPER_LEFT_X":"481962.046","UPPER_LEFT_Y":"9212874.325","LOWER_RIGHT_X":"482964.046","LOWER_RIGHT_Y":"9211872.325"},"geometry":{"type":"Polygon","coordinates":[[[481962.045999999972992,9212874.324999999254942],[482964.045999999972992,9212874.324999999254942],[482964.045999999972992,9211872.324999999254942],[481962.045999999972992,9211872.324999999254942],[481962.045999999972992,9212874.324999999254942]]]}},
{"type":"Feature","properties":{"DESCRIPTION":"MDT_1435164.tif","FILENAME":"U:\\P589_AmazoniaRevelada_BR-319\\LiDAR_dataset\\ENTREGAS\\ENTREGA_05\\2_MDT\\GEOTIFF\\MDT_1435164.tif","SHRT_FNAME":"MDT_1435164.tif","UPPER_LEFT_X":"480961.951","UPPER_LEFT_Y":"9212874.325","LOWER_RIGHT_X":"481963.951","LOWER_RIGHT_Y":"9211872.325"},"geometry":{"type":"Polygon","coordinates":[[[480961.951,9212874.324999999254942],[481963.951,9212874.324999999254942],[481963.951,9211872.324999999254942],[480961.951,9211872.324999999254942],[480961.951,9212874.324999999254942]]]}},
{"type":"Feature","properties":{"DESCRIPTION":"MDT_1435163.tif","FILENAME":"U:\\P589_AmazoniaRevelada_BR-319\\LiDAR_dataset\\ENTREGAS\\ENTREGA_05\\2_MDT\\GEOTIFF\\MDT_1435163.tif","SHRT_FNAME":"MDT_1435163.tif","UPPER_LEFT_X":"479961.856","UPPER_LEFT_Y":"9212874.325","LOWER_RIGHT_X":"480963.856","LOWER_RIGHT_Y":"9211872.325"},"geometry":{"type":"Polygon","coordinates":[[[479961.856000000028871,9212874.324999999254942],[480963.856000000028871,9212874.324999999254942],[480963.856000000028871,9211872.324999999254942],[479961.856000000028871,9211872.324999999254942],[479961.856000000028871,9212874.324999999254942]]]}},
{"type":"Feature","properties":{"DESCRIPTION":"MDT_1435162.tif","FILENAME":"U:\\P589_AmazoniaRevelada_BR-319\\LiDAR_dataset\\ENTREGAS\\ENTREGA_05\\2_MDT\\GEOTIFF\\MDT_1435162.tif","SHRT_FNAME":"MDT_1435162.tif","UPPER_LEFT_X":"478961.761","UPPER_LEFT_Y":"9212874.325","LOWER_RIGHT_X":"479963.761","LOWER_RIGHT_Y":"9211872.325"},"geometry":{"type":"Polygon","coordinates":[[[478961.761,9212874.324999999254942],[479963.761,9212874.324999999254942],[479963.761,9211872.324999999254942],[478961.761,9211872.324999999254942],[478961.761,9212874.324999999254942]]]}},
{"type":"Feature","properties":{"DESCRIPTION":"MDT_1435161.tif","FILENAME":"U:\\P589_AmazoniaRevelada_BR-319\\LiDAR_dataset\\ENTREGAS\\ENTREGA_05\\2_MDT\\GEOTIFF\\MDT_1435161.tif","SHRT_FNAME":"MDT_1435161.tif","UPPER_LEFT_X":"477961.666","UPPER_LEFT_Y":"9212874.325","LOWER_RIGHT_X":"478963.666","LOWER_RIGHT_Y":"9211872.325"},"geometry":{"type":"Polygon","coordinates":[[[477961.666000000026543,9212874.324999999254942],[478963.666000000026543,9212874.324999999254942],[478963.666000000026543,9211872.324999999254942],[477961.666000000026543,9211872.324999999254942],[477961.666000000026543,9212874.324999999254942]]]}},
{"type":"Feature","properties":{"DESCRIPTION":"MDT_1435160.tif","FILENAME":"U:\\P589_AmazoniaRevelada_BR-319\\LiDAR_dataset\\ENTREGAS\\ENTREGA_05\\2_MDT\\GEOTIFF\\MDT_1435160.tif","SHRT_FNAME":"MDT_1435160.tif","UPPER_LEFT_X":"476961.570","UPPER_LEFT_Y":"9212874.325","LOWER_RIGHT_X":"477963.570","LOWER_RIGHT_Y":"9211872.325"},"geometry":{"type":"Polygon","coordinates":[[[476961.57,9212874.324999999254942],[477963.57,9212874.324999999254942],[477963.57,9211872.324999999254942],[476961.57,9211872.324999999254942],[476961.57,9212874.324999999254942]]]}},
{"type":"Feature","properties":{"DESCRIPTION":"MDT_1435159.tif","FILENAME":"U:\\P589_AmazoniaRevelada_BR-319\\LiDAR_dataset\\ENTREGAS\\ENTREGA_05\\2_MDT\\GEOTIFF\\MDT_1435159.tif","SHRT_FNAME":"MDT_1435159.tif","UPPER_LEFT_X":"475961.475","UPPER_LEFT_Y":"9212874.325","LOWER_RIGHT_X":"476963.475","LOWER_RIGHT_Y":"9211872.325"},"geometry":{"type":"Polygon","coordinates":[[[475961.474999999976717,9212874.324999999254942],[476963.474999999976717,9212874.324999999254942],[476963.474999999976717,9211872.324999999254942],[475961.474999999976717,9211872.324999999254942],[475961.474999999976717,9212874.324999999254942]]]}},
{"type":"Feature","properties":{"DESCRIPTION":"MDT_1434193.tif","FILENAME":"U:\\P589_AmazoniaRevelada_BR-319\\LiDAR_dataset\\ENTREGAS\\ENTREGA_05\\2_MDT\\GEOTIFF\\MDT_1434193.tif","SHRT_FNAME":"MDT_1434193.tif","UPPER_LEFT_X":"509964.712","UPPER_LEFT_Y":"9213874.200","LOWER_RIGHT_X":"510966.712","LOWER_RIGHT_Y":"9212872.200"},"geometry":{"type":"Polygon","coordinates":[[[509964.712,9213874.199999999254942],[510966.712,9213874.199999999254942],[510966.712,9212872.199999999254942],[509964.712,9212872.199999999254942],[509964.712,9213874.199999999254942]]]}},
{"type":"Feature","properties":{"DESCRIPTION":"MDT_1434192.tif","FILENAME":"U:\\P589_AmazoniaRevelada_BR-319\\LiDAR_dataset\\ENTREGAS\\ENTREGA_05\\2_MDT\\GEOTIFF\\MDT_1434192.tif","SHRT_FNAME":"MDT_1434192.tif","UPPER_LEFT_X":"508964.617","UPPER_LEFT_Y":"9213874.200","LOWER_RIGHT_X":"509966.617","LOWER_RIGHT_Y":"9212872.200"},"geometry":{"type":"Polygon","coordinates":[[[508964.617000000027474,9213874.199999999254942],[509966.617000000027474,9213874.199999999254942],[509966.617000000027474,9212872.199999999254942],[508964.617000000027474,9212872.199999999254942],[508964.617000000027474,9213874.199999999254942]]]}},
{"type":"Feature","properties":{"DESCRIPTION":"MDT_1434191.tif","FILENAME":"U:\\P589_AmazoniaRevelada_BR-319\\LiDAR_dataset\\ENTREGAS\\ENTREGA_05\\2_MDT\\GEOTIFF\\MDT_1434191.tif","SHRT_FNAME":"MDT_1434191.tif","UPPER_LEFT_X":"507964.522","UPPER_LEFT_Y":"9213874.200","LOWER_RIGHT_X":"508966.522","LOWER_RIGHT_Y":"9212872.200"},"geometry":{"type":"Polygon","coordinates":[[[507964.522,9213874.199999999254942],[508966.522,9213874.199999999254942],[508966.522,9212872.199999999254942],[507964.522,9212872.199999999254942],[507964.522,9213874.199999999254942]]]}},
{"type":"Feature","properties":{"DESCRIPTION":"MDT_1434190.tif","FILENAME":"U:\\P589_AmazoniaRevelada_BR-319\\LiDAR_dataset\\ENTREGAS\\ENTREGA_05\\2_MDT\\GEOTIFF\\MDT_1434190.tif","SHRT_FNAME":"MDT_1434190.tif","UPPER_LEFT_X":"506964.426","UPPER_LEFT_Y":"9213874.200","LOWER_RIGHT_X":"507966.426","LOWER_RIGHT_Y":"9212872.200"},"geometry":{"type":"Polygon","coordinates":[[[506964.425999999977648,9213874.199999999254942],[507966.425999999977648,9213874.199999999254942],[507966.425999999977648,9212872.199999999254942],[506964.425999999977648,9212872.199999999254942],[506964.425999999977648,9213874.199999999254942]]]}},
{"type":"Feature","properties":{"DESCRIPTION":"MDT_1434189.tif","FILENAME":"U:\\P589_AmazoniaRevelada_BR-319\\LiDAR_dataset\\ENTREGAS\\ENTREGA_05\\2_MDT\\GEOTIFF\\MDT_1434189.tif","SHRT_FNAME":"MDT_1434189.tif","UPPER_LEFT_X":"505964.331","UPPER_LEFT_Y":"9213874.200","LOWER_RIGHT_X":"506966.331","LOWER_RIGHT_Y":"9212872.200"},"geometry":{"type":"Polygon","coordinates":[[[505964.331,9213874.199999999254942],[506966.331,9213874.199999999254942],[506966.331,9212872.199999999254942],[505964.331,9212872.199999999254942],[505964.331,9213874.199999999254942]]]}},
{"type":"Feature","properties":{"DESCRIPTION":"MDT_1434188.tif","FILENAME":"U:\\P589_AmazoniaRevelada_BR-319\\LiDAR_dataset\\ENTREGAS\\ENTREGA_05\\2_MDT\\GEOTIFF\\MDT_1434188.tif","SHRT_FNAME":"MDT_1434188.tif","UPPER_LEFT_X":"504964.236","UPPER_LEFT_Y":"9213874.200","LOWER_RIGHT_X":"505966.236","LOWER_RIGHT_Y":"9212872.200"},"geometry":{"type":"Polygon","coordinates":[[[504964.23599999997532,9213874.199999999254942],[505966.23599999997532,9213874.199999999254942],[505966.23599999997532,9212872.199999999254942],[504964.23599999997532,9212872.199999999254942],[504964.23599999997532,9213874.199999999254942]]]}},
{"type":"Feature","properties":{"DESCRIPTION":"MDT_1434187.tif","FILENAME":"U:\\P589_AmazoniaRevelada_BR-319\\LiDAR_dataset\\ENTREGAS\\ENTREGA_05\\2_MDT\\GEOTIFF\\MDT_1434187.tif","SHRT_FNAME":"MDT_1434187.tif","UPPER_LEFT_X":"503964.141","UPPER_LEFT_Y":"9213874.200","LOWER_RIGHT_X":"504966.141","LOWER_RIGHT_Y":"9212872.200"},"geometry":{"type":"Polygon","coordinates":[[[503964.141,9213874.199999999254942],[504966.141,9213874.199999999254942],[504966.141,9212872.199999999254942],[503964.141,9212872.199999999254942],[503964.141,9213874.199999999254942]]]}},
{"type":"Feature","properties":{"DESCRIPTION":"MDT_1434186.tif","FILENAME":"U:\\P589_AmazoniaRevelada_BR-319\\LiDAR_dataset\\ENTREGAS\\ENTREGA_05\\2_MDT\\GEOTIFF\\MDT_1434186.tif","SHRT_FNAME":"MDT_1434186.tif","UPPER_LEFT_X":"502964.046","UPPER_LEFT_Y":"9213874.200","LOWER_RIGHT_X":"503966.046","LOWER_RIGHT_Y":"9212872.200"},"geometry":{"type":"Polygon","coordinates":[[[502964.045999999972992,9213874.199999999254942],[503966.045999999972992,9213874.199999999254942],[503966.045999999972992,9212872.199999999254942],[502964.045999999972992,9212872.199999999254942],[502964.045999999972992,9213874.199999999254942]]]}},
{"type":"Feature","properties":{"DESCRIPTION":"MDT_1434185.tif","FILENAME":"U:\\P589_AmazoniaRevelada_BR-319\\LiDAR_dataset\\ENTREGAS\\ENTREGA_05\\2_MDT\\GEOTIFF\\MDT_1434185.tif","SHRT_FNAME":"MDT_1434185.tif","UPPER_LEFT_X":"501963.950","UPPER_LEFT_Y":"9213874.200","LOWER_RIGHT_X":"502965.950","LOWER_RIGHT_Y":"9212872.200"},"geometry":{"type":"Polygon","coordinates":[[[501963.950000000011642,9213874.199999999254942],[502965.950000000011642,9213874.199999999254942],[502965.950000000011642,9212872.199999999254942],[501963.950000000011642,9212872.199999999254942],[501963.950000000011642,9213874.199999999254942]]]}},
{"type":"Feature","properties":{"DESCRIPTION":"MDT_1434184.tif","FILENAME":"U:\\P589_AmazoniaRevelada_BR-319\\LiDAR_dataset\\ENTREGAS\\ENTREGA_05\\2_MDT\\GEOTIFF\\MDT_1434184.tif","SHRT_FNAME":"MDT_1434184.tif","UPPER_LEFT_X":"500963.855","UPPER_LEFT_Y":"9213874.200","LOWER_RIGHT_X":"501965.855","LOWER_RIGHT_Y":"9212872.200"},"geometry":{"type":"Polygon","coordinates":[[[500963.854999999981374,9213874.199999999254942],[501965.854999999981374,9213874.199999999254942],[501965.854999999981374,9212872.199999999254942],[500963.854999999981374,9212872.199999999254942],[500963.854999999981374,9213874.199999999254942]]]}},
{"type":"Feature","properties":{"DESCRIPTION":"MDT_1434183.tif","FILENAME":"U:\\P589_AmazoniaRevelada_BR-319\\LiDAR_dataset\\ENTREGAS\\ENTREGA_05\\2_MDT\\GEOTIFF\\MDT_1434183.tif","SHRT_FNAME":"MDT_1434183.tif","UPPER_LEFT_X":"499963.760","UPPER_LEFT_Y":"9213874.200","LOWER_RIGHT_X":"500965.760","LOWER_RIGHT_Y":"9212872.200"},"geometry":{"type":"Polygon","coordinates":[[[499963.76,9213874.199999999254942],[500965.76,9213874.199999999254942],[500965.76,9212872.199999999254942],[499963.76,9212872.199999999254942],[499963.76,9213874.199999999254942]]]}},
{"type":"Feature","properties":{"DESCRIPTION":"MDT_1434182.tif","FILENAME":"U:\\P589_AmazoniaRevelada_BR-319\\LiDAR_dataset\\ENTREGAS\\ENTREGA_05\\2_MDT\\GEOTIFF\\MDT_1434182.tif","SHRT_FNAME":"MDT_1434182.tif","UPPER_LEFT_X":"498963.665","UPPER_LEFT_Y":"9213874.200","LOWER_RIGHT_X":"499965.665","LOWER_RIGHT_Y":"9212872.200"},"geometry":{"type":"Polygon","coordinates":[[[498963.664999999979045,9213874.199999999254942],[499965.664999999979045,9213874.199999999254942],[499965.664999999979045,9212872.199999999254942],[498963.664999999979045,9212872.199999999254942],[498963.664999999979045,9213874.199999999254942]]]}},
{"type":"Feature","properties":{"DESCRIPTION":"MDT_1434181.tif","FILENAME":"U:\\P589_AmazoniaRevelada_BR-319\\LiDAR_dataset\\ENTREGAS\\ENTREGA_05\\2_MDT\\GEOTIFF\\MDT_1434181.tif","SHRT_FNAME":"MDT_1434181.tif","UPPER_LEFT_X":"497963.570","UPPER_LEFT_Y":"9213874.200","LOWER_RIGHT_X":"498965.570","LOWER_RIGHT_Y":"9212872.200"},"geometry":{"type":"Polygon","coordinates":[[[497963.57,9213874.199999999254942],[498965.57,9213874.199999999254942],[498965.57,9212872.199999999254942],[497963.57,9212872.199999999254942],[497963.57,9213874.199999999254942]]]}},
{"type":"Feature","properties":{"DESCRIPTION":"MDT_1434180.tif","FILENAME":"U:\\P589_AmazoniaRevelada_BR-319\\LiDAR_dataset\\ENTREGAS\\ENTREGA_05\\2_MDT\\GEOTIFF\\MDT_1434180.tif","SHRT_FNAME":"MDT_1434180.tif","UPPER_LEFT_X":"496963.474","UPPER_LEFT_Y":"9213874.200","LOWER_RIGHT_X":"497965.474","LOWER_RIGHT_Y":"9212872.200"},"geometry":{"type":"Polygon","coordinates":[[[496963.473999999987427,9213874.199999999254942],[497965.473999999987427,9213874.199999999254942],[497965.473999999987427,9212872.199999999254942],[496963.473999999987427,9212872.199999999254942],[496963.473999999987427,9213874.199999999254942]]]}},
{"type":"Feature","properties":{"DESCRIPTION":"MDT_1434179.tif","FILENAME":"U:\\P589_AmazoniaRevelada_BR-319\\LiDAR_dataset\\ENTREGAS\\ENTREGA_05\\2_MDT\\GEOTIFF\\MDT_1434179.tif","SHRT_FNAME":"MDT_1434179.tif","UPPER_LEFT_X":"495963.379","UPPER_LEFT_Y":"9213874.200","LOWER_RIGHT_X":"496965.379","LOWER_RIGHT_Y":"9212872.200"},"geometry":{"type":"Polygon","coordinates":[[[495963.379000000015367,9213874.199999999254942],[496965.379000000015367,9213874.199999999254942],[496965.379000000015367,9212872.199999999254942],[495963.379000000015367,9212872.199999999254942],[495963.379000000015367,9213874.199999999254942]]]}},
{"type":"Feature","properties":{"DESCRIPTION":"MDT_1434178.tif","FILENAME":"U:\\P589_AmazoniaRevelada_BR-319\\LiDAR_dataset\\ENTREGAS\\ENTREGA_05\\2_MDT\\GEOTIFF\\MDT_1434178.tif","SHRT_FNAME":"MDT_1434178.tif","UPPER_LEFT_X":"494963.284","UPPER_LEFT_Y":"9213874.200","LOWER_RIGHT_X":"495965.284","LOWER_RIGHT_Y":"9212872.200"},"geometry":{"type":"Polygon","coordinates":[[[494963.283999999985099,9213874.199999999254942],[495965.283999999985099,9213874.199999999254942],[495965.283999999985099,9212872.199999999254942],[494963.283999999985099,9212872.199999999254942],[494963.283999999985099,9213874.199999999254942]]]}},
{"type":"Feature","properties":{"DESCRIPTION":"MDT_1434177.tif","FILENAME":"U:\\P589_AmazoniaRevelada_BR-319\\LiDAR_dataset\\ENTREGAS\\ENTREGA_05\\2_MDT\\GEOTIFF\\MDT_1434177.tif","SHRT_FNAME":"MDT_1434177.tif","UPPER_LEFT_X":"493963.189","UPPER_LEFT_Y":"9213874.200","LOWER_RIGHT_X":"494965.189","LOWER_RIGHT_Y":"9212872.200"},"geometry":{"type":"Polygon","coordinates":[[[493963.189000000013039,9213874.199999999254942],[494965.189000000013039,9213874.199999999254942],[494965.189000000013039,9212872.199999999254942],[493963.189000000013039,9212872.199999999254942],[493963.189000000013039,9213874.199999999254942]]]}},
{"type":"Feature","properties":{"DESCRIPTION":"MDT_1434176.tif","FILENAME":"U:\\P589_AmazoniaRevelada_BR-319\\LiDAR_dataset\\ENTREGAS\\ENTREGA_05\\2_MDT\\GEOTIFF\\MDT_1434176.tif","SHRT_FNAME":"MDT_1434176.tif","UPPER_LEFT_X":"492963.094","UPPER_LEFT_Y":"9213874.200","LOWER_RIGHT_X":"493965.094","LOWER_RIGHT_Y":"9212872.200"},"geometry":{"type":"Polygon","coordinates":[[[492963.093999999982771,9213874.199999999254942],[493965.093999999982771,9213874.199999999254942],[493965.093999999982771,9212872.199999999254942],[492963.093999999982771,9212872.199999999254942],[492963.093999999982771,9213874.199999999254942]]]}},
{"type":"Feature","properties":{"DESCRIPTION":"MDT_1434175.tif","FILENAME":"U:\\P589_AmazoniaRevelada_BR-319\\LiDAR_dataset\\ENTREGAS\\ENTREGA_05\\2_MDT\\GEOTIFF\\MDT_1434175.tif","SHRT_FNAME":"MDT_1434175.tif","UPPER_LEFT_X":"491962.998","UPPER_LEFT_Y":"9213874.200","LOWER_RIGHT_X":"492964.998","LOWER_RIGHT_Y":"9212872.200"},"geometry":{"type":"Polygon","coordinates":[[[491962.99800000002142,9213874.199999999254942],[492964.99800000002142,9213874.199999999254942],[492964.99800000002142,9212872.199999999254942],[491962.99800000002142,9212872.199999999254942],[491962.99800000002142,9213874.199999999254942]]]}},
{"type":"Feature","properties":{"DESCRIPTION":"MDT_1434174.tif","FILENAME":"U:\\P589_AmazoniaRevelada_BR-319\\LiDAR_dataset\\ENTREGAS\\ENTREGA_05\\2_MDT\\GEOTIFF\\MDT_1434174.tif","SHRT_FNAME":"MDT_1434174.tif","UPPER_LEFT_X":"490962.903","UPPER_LEFT_Y":"9213874.200","LOWER_RIGHT_X":"491964.903","LOWER_RIGHT_Y":"9212872.200"},"geometry":{"type":"Polygon","coordinates":[[[490962.903,9213874.199999999254942],[491964.903,9213874.199999999254942],[491964.903,9212872.199999999254942],[490962.903,9212872.199999999254942],[490962.903,9213874.199999999254942]]]}},
{"type":"Feature","properties":{"DESCRIPTION":"MDT_1434173.tif","FILENAME":"U:\\P589_AmazoniaRevelada_BR-319\\LiDAR_dataset\\ENTREGAS\\ENTREGA_05\\2_MDT\\GEOTIFF\\MDT_1434173.tif","SHRT_FNAME":"MDT_1434173.tif","UPPER_LEFT_X":"489962.808","UPPER_LEFT_Y":"9213874.200","LOWER_RIGHT_X":"490964.808","LOWER_RIGHT_Y":"9212872.200"},"geometry":{"type":"Polygon","coordinates":[[[489962.808000000019092,9213874.199999999254942],[490964.808000000019092,9213874.199999999254942],[490964.808000000019092,9212872.199999999254942],[489962.808000000019092,9212872.199999999254942],[489962.808000000019092,9213874.199999999254942]]]}},
{"type":"Feature","properties":{"DESCRIPTION":"MDT_1434172.tif","FILENAME":"U:\\P589_AmazoniaRevelada_BR-319\\LiDAR_dataset\\ENTREGAS\\ENTREGA_05\\2_MDT\\GEOTIFF\\MDT_1434172.tif","SHRT_FNAME":"MDT_1434172.tif","UPPER_LEFT_X":"488962.713","UPPER_LEFT_Y":"9213874.200","LOWER_RIGHT_X":"489964.713","LOWER_RIGHT_Y":"9212872.200"},"geometry":{"type":"Polygon","coordinates":[[[488962.712999999988824,9213874.199999999254942],[489964.712999999988824,9213874.199999999254942],[489964.712999999988824,9212872.199999999254942],[488962.712999999988824,9212872.199999999254942],[488962.712999999988824,9213874.199999999254942]]]}},
{"type":"Feature","properties":{"DESCRIPTION":"MDT_1434171.tif","FILENAME":"U:\\P589_AmazoniaRevelada_BR-319\\LiDAR_dataset\\ENTREGAS\\ENTREGA_05\\2_MDT\\GEOTIFF\\MDT_1434171.tif","SHRT_FNAME":"MDT_1434171.tif","UPPER_LEFT_X":"487962.618","UPPER_LEFT_Y":"9213874.200","LOWER_RIGHT_X":"488964.618","LOWER_RIGHT_Y":"9212872.200"},"geometry":{"type":"Polygon","coordinates":[[[487962.618000000016764,9213874.199999999254942],[488964.618000000016764,9213874.199999999254942],[488964.618000000016764,9212872.199999999254942],[487962.618000000016764,9212872.199999999254942],[487962.618000000016764,9213874.199999999254942]]]}},
{"type":"Feature","properties":{"DESCRIPTION":"MDT_1434170.tif","FILENAME":"U:\\P589_AmazoniaRevelada_BR-319\\LiDAR_dataset\\ENTREGAS\\ENTREGA_05\\2_MDT\\GEOTIFF\\MDT_1434170.tif","SHRT_FNAME":"MDT_1434170.tif","UPPER_LEFT_X":"486962.522","UPPER_LEFT_Y":"9213874.200","LOWER_RIGHT_X":"487964.522","LOWER_RIGHT_Y":"9212872.200"},"geometry":{"type":"Polygon","coordinates":[[[486962.522,9213874.199999999254942],[487964.522,9213874.199999999254942],[487964.522,9212872.199999999254942],[486962.522,9212872.199999999254942],[486962.522,9213874.199999999254942]]]}},
{"type":"Feature","properties":{"DESCRIPTION":"MDT_1434169.tif","FILENAME":"U:\\P589_AmazoniaRevelada_BR-319\\LiDAR_dataset\\ENTREGAS\\ENTREGA_05\\2_MDT\\GEOTIFF\\MDT_1434169.tif","SHRT_FNAME":"MDT_1434169.tif","UPPER_LEFT_X":"485962.427","UPPER_LEFT_Y":"9213874.200","LOWER_RIGHT_X":"486964.427","LOWER_RIGHT_Y":"9212872.200"},"geometry":{"type":"Polygon","coordinates":[[[485962.427000000025146,9213874.199999999254942],[486964.427000000025146,9213874.199999999254942],[486964.427000000025146,9212872.199999999254942],[485962.427000000025146,9212872.199999999254942],[485962.427000000025146,9213874.199999999254942]]]}},
{"type":"Feature","properties":{"DESCRIPTION":"MDT_1434168.tif","FILENAME":"U:\\P589_AmazoniaRevelada_BR-319\\LiDAR_dataset\\ENTREGAS\\ENTREGA_05\\2_MDT\\GEOTIFF\\MDT_1434168.tif","SHRT_FNAME":"MDT_1434168.tif","UPPER_LEFT_X":"484962.332","UPPER_LEFT_Y":"9213874.200","LOWER_RIGHT_X":"485964.332","LOWER_RIGHT_Y":"9212872.200"},"geometry":{"type":"Polygon","coordinates":[[[484962.332,9213874.199999999254942],[485964.332,9213874.199999999254942],[485964.332,9212872.199999999254942],[484962.332,9212872.199999999254942],[484962.332,9213874.199999999254942]]]}},
{"type":"Feature","properties":{"DESCRIPTION":"MDT_1434167.tif","FILENAME":"U:\\P589_AmazoniaRevelada_BR-319\\LiDAR_dataset\\ENTREGAS\\ENTREGA_05\\2_MDT\\GEOTIFF\\MDT_1434167.tif","SHRT_FNAME":"MDT_1434167.tif","UPPER_LEFT_X":"483962.237","UPPER_LEFT_Y":"9213874.200","LOWER_RIGHT_X":"484964.237","LOWER_RIGHT_Y":"9212872.200"},"geometry":{"type":"Polygon","coordinates":[[[483962.237000000022817,9213874.199999999254942],[484964.237000000022817,9213874.199999999254942],[484964.237000000022817,9212872.199999999254942],[483962.237000000022817,9212872.199999999254942],[483962.237000000022817,9213874.199999999254942]]]}},
{"type":"Feature","properties":{"DESCRIPTION":"MDT_1434166.tif","FILENAME":"U:\\P589_AmazoniaRevelada_BR-319\\LiDAR_dataset\\ENTREGAS\\ENTREGA_05\\2_MDT\\GEOTIFF\\MDT_1434166.tif","SHRT_FNAME":"MDT_1434166.tif","UPPER_LEFT_X":"482962.142","UPPER_LEFT_Y":"9213874.200","LOWER_RIGHT_X":"483964.142","LOWER_RIGHT_Y":"9212872.200"},"geometry":{"type":"Polygon","coordinates":[[[482962.142,9213874.199999999254942],[483964.142,9213874.199999999254942],[483964.142,9212872.199999999254942],[482962.142,9212872.199999999254942],[482962.142,9213874.199999999254942]]]}},
{"type":"Feature","properties":{"DESCRIPTION":"MDT_1434165.tif","FILENAME":"U:\\P589_AmazoniaRevelada_BR-319\\LiDAR_dataset\\ENTREGAS\\ENTREGA_05\\2_MDT\\GEOTIFF\\MDT_1434165.tif","SHRT_FNAME":"MDT_1434165.tif","UPPER_LEFT_X":"481962.046","UPPER_LEFT_Y":"9213874.200","LOWER_RIGHT_X":"482964.046","LOWER_RIGHT_Y":"9212872.200"},"geometry":{"type":"Polygon","coordinates":[[[481962.045999999972992,9213874.199999999254942],[482964.045999999972992,9213874.199999999254942],[482964.045999999972992,9212872.199999999254942],[481962.045999999972992,9212872.199999999254942],[481962.045999999972992,9213874.199999999254942]]]}},
{"type":"Feature","properties":{"DESCRIPTION":"MDT_1434164.tif","FILENAME":"U:\\P589_AmazoniaRevelada_BR-319\\LiDAR_dataset\\ENTREGAS\\ENTREGA_05\\2_MDT\\GEOTIFF\\MDT_1434164.tif","SHRT_FNAME":"MDT_1434164.tif","UPPER_LEFT_X":"480961.951","UPPER_LEFT_Y":"9213874.200","LOWER_RIGHT_X":"481963.951","LOWER_RIGHT_Y":"9212872.200"},"geometry":{"type":"Polygon","coordinates":[[[480961.951,9213874.199999999254942],[481963.951,9213874.199999999254942],[481963.951,9212872.199999999254942],[480961.951,9212872.199999999254942],[480961.951,9213874.199999999254942]]]}},
{"type":"Feature","properties":{"DESCRIPTION":"MDT_1434163.tif","FILENAME":"U:\\P589_AmazoniaRevelada_BR-319\\LiDAR_dataset\\ENTREGAS\\ENTREGA_05\\2_MDT\\GEOTIFF\\MDT_1434163.tif","SHRT_FNAME":"MDT_1434163.tif","UPPER_LEFT_X":"479961.856","UPPER_LEFT_Y":"9213874.200","LOWER_RIGHT_X":"480963.856","LOWER_RIGHT_Y":"9212872.200"},"geometry":{"type":"Polygon","coordinates":[[[479961.856000000028871,9213874.199999999254942],[480963.856000000028871,9213874.199999999254942],[480963.856000000028871,9212872.199999999254942],[479961.856000000028871,9212872.199999999254942],[479961.856000000028871,9213874.199999999254942]]]}},
{"type":"Feature","properties":{"DESCRIPTION":"MDT_1434162.tif","FILENAME":"U:\\P589_AmazoniaRevelada_BR-319\\LiDAR_dataset\\ENTREGAS\\ENTREGA_05\\2_MDT\\GEOTIFF\\MDT_1434162.tif","SHRT_FNAME":"MDT_1434162.tif","UPPER_LEFT_X":"478961.761","UPPER_LEFT_Y":"9213874.200","LOWER_RIGHT_X":"479963.761","LOWER_RIGHT_Y":"9212872.200"},"geometry":{"type":"Polygon","coordinates":[[[478961.761,9213874.199999999254942],[479963.761,9213874.199999999254942],[479963.761,9212872.199999999254942],[478961.761,9212872.199999999254942],[478961.761,9213874.199999999254942]]]}},
{"type":"Feature","properties":{"DESCRIPTION":"MDT_1434161.tif","FILENAME":"U:\\P589_AmazoniaRevelada_BR-319\\LiDAR_dataset\\ENTREGAS\\ENTREGA_05\\2_MDT\\GEOTIFF\\MDT_1434161.tif","SHRT_FNAME":"MDT_1434161.tif","UPPER_LEFT_X":"477961.666","UPPER_LEFT_Y":"9213874.200","LOWER_RIGHT_X":"478963.666","LOWER_RIGHT_Y":"9212872.200"},"geometry":{"type":"Polygon","coordinates":[[[477961.666000000026543,9213874.199999999254942],[478963.666000000026543,9213874.199999999254942],[478963.666000000026543,9212872.199999999254942],[477961.666000000026543,9212872.199999999254942],[477961.666000000026543,9213874.199999999254942]]]}},
{"type":"Feature","properties":{"DESCRIPTION":"MDT_1434160.tif","FILENAME":"U:\\P589_AmazoniaRevelada_BR-319\\LiDAR_dataset\\ENTREGAS\\ENTREGA_05\\2_MDT\\GEOTIFF\\MDT_1434160.tif","SHRT_FNAME":"MDT_1434160.tif","UPPER_LEFT_X":"476961.570","UPPER_LEFT_Y":"9213874.200","LOWER_RIGHT_X":"477963.570","LOWER_RIGHT_Y":"9212872.200"},"geometry":{"type":"Polygon","coordinates":[[[476961.57,9213874.199999999254942],[477963.57,9213874.199999999254942],[477963.57,9212872.199999999254942],[476961.57,9212872.199999999254942],[476961.57,9213874.199999999254942]]]}},
{"type":"Feature","properties":{"DESCRIPTION":"MDT_1434159.tif","FILENAME":"U:\\P589_AmazoniaRevelada_BR-319\\LiDAR_dataset\\ENTREGAS\\ENTREGA_05\\2_MDT\\GEOTIFF\\MDT_1434159.tif","SHRT_FNAME":"MDT_1434159.tif","UPPER_LEFT_X":"475961.475","UPPER_LEFT_Y":"9213874.200","LOWER_RIGHT_X":"476963.475","LOWER_RIGHT_Y":"9212872.200"},"geometry":{"type":"Polygon","coordinates":[[[475961.474999999976717,9213874.199999999254942],[476963.474999999976717,9213874.199999999254942],[476963.474999999976717,9212872.199999999254942],[475961.474999999976717,9212872.199999999254942],[475961.474999999976717,9213874.199999999254942]]]}},
{"type":"Feature","properties":{"DESCRIPTION":"MDT_1433193.tif","FILENAME":"U:\\P589_AmazoniaRevelada_BR-319\\LiDAR_dataset\\ENTREGAS\\ENTREGA_05\\2_MDT\\GEOTIFF\\MDT_1433193.tif","SHRT_FNAME":"MDT_1433193.tif","UPPER_LEFT_X":"509964.712","UPPER_LEFT_Y":"9214874.075","LOWER_RIGHT_X":"510966.712","LOWER_RIGHT_Y":"9213872.075"},"geometry":{"type":"Polygon","coordinates":[[[509964.712,9214874.074999999254942],[510966.712,9214874.074999999254942],[510966.712,9213872.074999999254942],[509964.712,9213872.074999999254942],[509964.712,9214874.074999999254942]]]}},
{"type":"Feature","properties":{"DESCRIPTION":"MDT_1433192.tif","FILENAME":"U:\\P589_AmazoniaRevelada_BR-319\\LiDAR_dataset\\ENTREGAS\\ENTREGA_05\\2_MDT\\GEOTIFF\\MDT_1433192.tif","SHRT_FNAME":"MDT_1433192.tif","UPPER_LEFT_X":"508964.617","UPPER_LEFT_Y":"9214874.075","LOWER_RIGHT_X":"509966.617","LOWER_RIGHT_Y":"9213872.075"},"geometry":{"type":"Polygon","coordinates":[[[508964.617000000027474,9214874.074999999254942],[509966.617000000027474,9214874.074999999254942],[509966.617000000027474,9213872.074999999254942],[508964.617000000027474,9213872.074999999254942],[508964.617000000027474,9214874.074999999254942]]]}},
{"type":"Feature","properties":{"DESCRIPTION":"MDT_1433191.tif","FILENAME":"U:\\P589_AmazoniaRevelada_BR-319\\LiDAR_dataset\\ENTREGAS\\ENTREGA_05\\2_MDT\\GEOTIFF\\MDT_1433191.tif","SHRT_FNAME":"MDT_1433191.tif","UPPER_LEFT_X":"507964.522","UPPER_LEFT_Y":"9214874.075","LOWER_RIGHT_X":"508966.522","LOWER_RIGHT_Y":"9213872.075"},"geometry":{"type":"Polygon","coordinates":[[[507964.522,9214874.074999999254942],[508966.522,9214874.074999999254942],[508966.522,9213872.074999999254942],[507964.522,9213872.074999999254942],[507964.522,9214874.074999999254942]]]}},
{"type":"Feature","properties":{"DESCRIPTION":"MDT_1433178.tif","FILENAME":"U:\\P589_AmazoniaRevelada_BR-319\\LiDAR_dataset\\ENTREGAS\\ENTREGA_05\\2_MDT\\GEOTIFF\\MDT_1433178.tif","SHRT_FNAME":"MDT_1433178.tif","UPPER_LEFT_X":"494963.284","UPPER_LEFT_Y":"9214874.075","LOWER_RIGHT_X":"495965.284","LOWER_RIGHT_Y":"9213872.075"},"geometry":{"type":"Polygon","coordinates":[[[494963.283999999985099,9214874.074999999254942],[495965.283999999985099,9214874.074999999254942],[495965.283999999985099,9213872.074999999254942],[494963.283999999985099,9213872.074999999254942],[494963.283999999985099,9214874.074999999254942]]]}},
{"type":"Feature","properties":{"DESCRIPTION":"MDT_1433177.tif","FILENAME":"U:\\P589_AmazoniaRevelada_BR-319\\LiDAR_dataset\\ENTREGAS\\ENTREGA_05\\2_MDT\\GEOTIFF\\MDT_1433177.tif","SHRT_FNAME":"MDT_1433177.tif","UPPER_LEFT_X":"493963.189","UPPER_LEFT_Y":"9214874.075","LOWER_RIGHT_X":"494965.189","LOWER_RIGHT_Y":"9213872.075"},"geometry":{"type":"Polygon","coordinates":[[[493963.189000000013039,9214874.074999999254942],[494965.189000000013039,9214874.074999999254942],[494965.189000000013039,9213872.074999999254942],[493963.189000000013039,9213872.074999999254942],[493963.189000000013039,9214874.074999999254942]]]}},
{"type":"Feature","properties":{"DESCRIPTION":"MDT_1433176.tif","FILENAME":"U:\\P589_AmazoniaRevelada_BR-319\\LiDAR_dataset\\ENTREGAS\\ENTREGA_05\\2_MDT\\GEOTIFF\\MDT_1433176.tif","SHRT_FNAME":"MDT_1433176.tif","UPPER_LEFT_X":"492963.094","UPPER_LEFT_Y":"9214874.075","LOWER_RIGHT_X":"493965.094","LOWER_RIGHT_Y":"9213872.075"},"geometry":{"type":"Polygon","coordinates":[[[492963.093999999982771,9214874.074999999254942],[493965.093999999982771,9214874.074999999254942],[493965.093999999982771,9213872.074999999254942],[492963.093999999982771,9213872.074999999254942],[492963.093999999982771,9214874.074999999254942]]]}},
{"type":"Feature","properties":{"DESCRIPTION":"MDT_1433175.tif","FILENAME":"U:\\P589_AmazoniaRevelada_BR-319\\LiDAR_dataset\\ENTREGAS\\ENTREGA_05\\2_MDT\\GEOTIFF\\MDT_1433175.tif","SHRT_FNAME":"MDT_1433175.tif","UPPER_LEFT_X":"491962.998","UPPER_LEFT_Y":"9214874.075","LOWER_RIGHT_X":"492964.998","LOWER_RIGHT_Y":"9213872.075"},"geometry":{"type":"Polygon","coordinates":[[[491962.99800000002142,9214874.074999999254942],[492964.99800000002142,9214874.074999999254942],[492964.99800000002142,9213872.074999999254942],[491962.99800000002142,9213872.074999999254942],[491962.99800000002142,9214874.074999999254942]]]}},
{"type":"Feature","properties":{"DESCRIPTION":"MDT_1433174.tif","FILENAME":"U:\\P589_AmazoniaRevelada_BR-319\\LiDAR_dataset\\ENTREGAS\\ENTREGA_05\\2_MDT\\GEOTIFF\\MDT_1433174.tif","SHRT_FNAME":"MDT_1433174.tif","UPPER_LEFT_X":"490962.903","UPPER_LEFT_Y":"9214874.075","LOWER_RIGHT_X":"491964.903","LOWER_RIGHT_Y":"9213872.075"},"geometry":{"type":"Polygon","coordinates":[[[490962.903,9214874.074999999254942],[491964.903,9214874.074999999254942],[491964.903,9213872.074999999254942],[490962.903,9213872.074999999254942],[490962.903,9214874.074999999254942]]]}},
{"type":"Feature","properties":{"DESCRIPTION":"MDT_1433173.tif","FILENAME":"U:\\P589_AmazoniaRevelada_BR-319\\LiDAR_dataset\\ENTREGAS\\ENTREGA_05\\2_MDT\\GEOTIFF\\MDT_1433173.tif","SHRT_FNAME":"MDT_1433173.tif","UPPER_LEFT_X":"489962.808","UPPER_LEFT_Y":"9214874.075","LOWER_RIGHT_X":"490964.808","LOWER_RIGHT_Y":"9213872.075"},"geometry":{"type":"Polygon","coordinates":[[[489962.808000000019092,9214874.074999999254942],[490964.808000000019092,9214874.074999999254942],[490964.808000000019092,9213872.074999999254942],[489962.808000000019092,9213872.074999999254942],[489962.808000000019092,9214874.074999999254942]]]}},
{"type":"Feature","properties":{"DESCRIPTION":"MDT_1433172.tif","FILENAME":"U:\\P589_AmazoniaRevelada_BR-319\\LiDAR_dataset\\ENTREGAS\\ENTREGA_05\\2_MDT\\GEOTIFF\\MDT_1433172.tif","SHRT_FNAME":"MDT_1433172.tif","UPPER_LEFT_X":"488962.713","UPPER_LEFT_Y":"9214874.075","LOWER_RIGHT_X":"489964.713","LOWER_RIGHT_Y":"9213872.075"},"geometry":{"type":"Polygon","coordinates":[[[488962.712999999988824,9214874.074999999254942],[489964.712999999988824,9214874.074999999254942],[489964.712999999988824,9213872.074999999254942],[488962.712999999988824,9213872.074999999254942],[488962.712999999988824,9214874.074999999254942]]]}},
{"type":"Feature","properties":{"DESCRIPTION":"MDT_1433171.tif","FILENAME":"U:\\P589_AmazoniaRevelada_BR-319\\LiDAR_dataset\\ENTREGAS\\ENTREGA_05\\2_MDT\\GEOTIFF\\MDT_1433171.tif","SHRT_FNAME":"MDT_1433171.tif","UPPER_LEFT_X":"487962.618","UPPER_LEFT_Y":"9214874.075","LOWER_RIGHT_X":"488964.618","LOWER_RIGHT_Y":"9213872.075"},"geometry":{"type":"Polygon","coordinates":[[[487962.618000000016764,9214874.074999999254942],[488964.618000000016764,9214874.074999999254942],[488964.618000000016764,9213872.074999999254942],[487962.618000000016764,9213872.074999999254942],[487962.618000000016764,9214874.074999999254942]]]}},
{"type":"Feature","properties":{"DESCRIPTION":"MDT_1433170.tif","FILENAME":"U:\\P589_AmazoniaRevelada_BR-319\\LiDAR_dataset\\ENTREGAS\\ENTREGA_05\\2_MDT\\GEOTIFF\\MDT_1433170.tif","SHRT_FNAME":"MDT_1433170.tif","UPPER_LEFT_X":"486962.522","UPPER_LEFT_Y":"9214874.075","LOWER_RIGHT_X":"487964.522","LOWER_RIGHT_Y":"9213872.075"},"geometry":{"type":"Polygon","coordinates":[[[486962.522,9214874.074999999254942],[487964.522,9214874.074999999254942],[487964.522,9213872.074999999254942],[486962.522,9213872.074999999254942],[486962.522,9214874.074999999254942]]]}},
{"type":"Feature","properties":{"DESCRIPTION":"MDT_1433169.tif","FILENAME":"U:\\P589_AmazoniaRevelada_BR-319\\LiDAR_dataset\\ENTREGAS\\ENTREGA_05\\2_MDT\\GEOTIFF\\MDT_1433169.tif","SHRT_FNAME":"MDT_1433169.tif","UPPER_LEFT_X":"485962.427","UPPER_LEFT_Y":"9214874.075","LOWER_RIGHT_X":"486964.427","LOWER_RIGHT_Y":"9213872.075"},"geometry":{"type":"Polygon","coordinates":[[[485962.427000000025146,9214874.074999999254942],[486964.427000000025146,9214874.074999999254942],[486964.427000000025146,9213872.074999999254942],[485962.427000000025146,9213872.074999999254942],[485962.427000000025146,9214874.074999999254942]]]}},
{"type":"Feature","properties":{"DESCRIPTION":"MDT_1433168.tif","FILENAME":"U:\\P589_AmazoniaRevelada_BR-319\\LiDAR_dataset\\ENTREGAS\\ENTREGA_05\\2_MDT\\GEOTIFF\\MDT_1433168.tif","SHRT_FNAME":"MDT_1433168.tif","UPPER_LEFT_X":"484962.332","UPPER_LEFT_Y":"9214874.075","LOWER_RIGHT_X":"485964.332","LOWER_RIGHT_Y":"9213872.075"},"geometry":{"type":"Polygon","coordinates":[[[484962.332,9214874.074999999254942],[485964.332,9214874.074999999254942],[485964.332,9213872.074999999254942],[484962.332,9213872.074999999254942],[484962.332,9214874.074999999254942]]]}},
{"type":"Feature","properties":{"DESCRIPTION":"MDT_1433167.tif","FILENAME":"U:\\P589_AmazoniaRevelada_BR-319\\LiDAR_dataset\\ENTREGAS\\ENTREGA_05\\2_MDT\\GEOTIFF\\MDT_1433167.tif","SHRT_FNAME":"MDT_1433167.tif","UPPER_LEFT_X":"483962.237","UPPER_LEFT_Y":"9214874.075","LOWER_RIGHT_X":"484964.237","LOWER_RIGHT_Y":"9213872.075"},"geometry":{"type":"Polygon","coordinates":[[[483962.237000000022817,9214874.074999999254942],[484964.237000000022817,9214874.074999999254942],[484964.237000000022817,9213872.074999999254942],[483962.237000000022817,9213872.074999999254942],[483962.237000000022817,9214874.074999999254942]]]}},
{"type":"Feature","properties":{"DESCRIPTION":"MDT_1433166.tif","FILENAME":"U:\\P589_AmazoniaRevelada_BR-319\\LiDAR_dataset\\ENTREGAS\\ENTREGA_05\\2_MDT\\GEOTIFF\\MDT_1433166.tif","SHRT_FNAME":"MDT_1433166.tif","UPPER_LEFT_X":"482962.142","UPPER_LEFT_Y":"9214874.075","LOWER_RIGHT_X":"483964.142","LOWER_RIGHT_Y":"9213872.075"},"geometry":{"type":"Polygon","coordinates":[[[482962.142,9214874.074999999254942],[483964.142,9214874.074999999254942],[483964.142,9213872.074999999254942],[482962.142,9213872.074999999254942],[482962.142,9214874.074999999254942]]]}},
{"type":"Feature","properties":{"DESCRIPTION":"MDT_1433165.tif","FILENAME":"U:\\P589_AmazoniaRevelada_BR-319\\LiDAR_dataset\\ENTREGAS\\ENTREGA_05\\2_MDT\\GEOTIFF\\MDT_1433165.tif","SHRT_FNAME":"MDT_1433165.tif","UPPER_LEFT_X":"481962.046","UPPER_LEFT_Y":"9214874.075","LOWER_RIGHT_X":"482964.046","LOWER_RIGHT_Y":"9213872.075"},"geometry":{"type":"Polygon","coordinates":[[[481962.045999999972992,9214874.074999999254942],[482964.045999999972992,9214874.074999999254942],[482964.045999999972992,9213872.074999999254942],[481962.045999999972992,9213872.074999999254942],[481962.045999999972992,9214874.074999999254942]]]}},
{"type":"Feature","properties":{"DESCRIPTION":"MDT_1433164.tif","FILENAME":"U:\\P589_AmazoniaRevelada_BR-319\\LiDAR_dataset\\ENTREGAS\\ENTREGA_05\\2_MDT\\GEOTIFF\\MDT_1433164.tif","SHRT_FNAME":"MDT_1433164.tif","UPPER_LEFT_X":"480961.951","UPPER_LEFT_Y":"9214874.075","LOWER_RIGHT_X":"481963.951","LOWER_RIGHT_Y":"9213872.075"},"geometry":{"type":"Polygon","coordinates":[[[480961.951,9214874.074999999254942],[481963.951,9214874.074999999254942],[481963.951,9213872.074999999254942],[480961.951,9213872.074999999254942],[480961.951,9214874.074999999254942]]]}},
{"type":"Feature","properties":{"DESCRIPTION":"MDT_1433163.tif","FILENAME":"U:\\P589_AmazoniaRevelada_BR-319\\LiDAR_dataset\\ENTREGAS\\ENTREGA_05\\2_MDT\\GEOTIFF\\MDT_1433163.tif","SHRT_FNAME":"MDT_1433163.tif","UPPER_LEFT_X":"479961.856","UPPER_LEFT_Y":"9214874.075","LOWER_RIGHT_X":"480963.856","LOWER_RIGHT_Y":"9213872.075"},"geometry":{"type":"Polygon","coordinates":[[[479961.856000000028871,9214874.074999999254942],[480963.856000000028871,9214874.074999999254942],[480963.856000000028871,9213872.074999999254942],[479961.856000000028871,9213872.074999999254942],[479961.856000000028871,9214874.074999999254942]]]}},
{"type":"Feature","properties":{"DESCRIPTION":"MDT_1433162.tif","FILENAME":"U:\\P589_AmazoniaRevelada_BR-319\\LiDAR_dataset\\ENTREGAS\\ENTREGA_05\\2_MDT\\GEOTIFF\\MDT_1433162.tif","SHRT_FNAME":"MDT_1433162.tif","UPPER_LEFT_X":"478961.761","UPPER_LEFT_Y":"9214874.075","LOWER_RIGHT_X":"479963.761","LOWER_RIGHT_Y":"9213872.075"},"geometry":{"type":"Polygon","coordinates":[[[478961.761,9214874.074999999254942],[479963.761,9214874.074999999254942],[479963.761,9213872.074999999254942],[478961.761,9213872.074999999254942],[478961.761,9214874.074999999254942]]]}},
{"type":"Feature","properties":{"DESCRIPTION":"MDT_1433161.tif","FILENAME":"U:\\P589_AmazoniaRevelada_BR-319\\LiDAR_dataset\\ENTREGAS\\ENTREGA_05\\2_MDT\\GEOTIFF\\MDT_1433161.tif","SHRT_FNAME":"MDT_1433161.tif","UPPER_LEFT_X":"477961.666","UPPER_LEFT_Y":"9214874.075","LOWER_RIGHT_X":"478963.666","LOWER_RIGHT_Y":"9213872.075"},"geometry":{"type":"Polygon","coordinates":[[[477961.666000000026543,9214874.074999999254942],[478963.666000000026543,9214874.074999999254942],[478963.666000000026543,9213872.074999999254942],[477961.666000000026543,9213872.074999999254942],[477961.666000000026543,9214874.074999999254942]]]}},
{"type":"Feature","properties":{"DESCRIPTION":"MDT_1433160.tif","FILENAME":"U:\\P589_AmazoniaRevelada_BR-319\\LiDAR_dataset\\ENTREGAS\\ENTREGA_05\\2_MDT\\GEOTIFF\\MDT_1433160.tif","SHRT_FNAME":"MDT_1433160.tif","UPPER_LEFT_X":"476961.570","UPPER_LEFT_Y":"9214874.075","LOWER_RIGHT_X":"477963.570","LOWER_RIGHT_Y":"9213872.075"},"geometry":{"type":"Polygon","coordinates":[[[476961.57,9214874.074999999254942],[477963.57,9214874.074999999254942],[477963.57,9213872.074999999254942],[476961.57,9213872.074999999254942],[476961.57,9214874.074999999254942]]]}},
{"type":"Feature","properties":{"DESCRIPTION":"MDT_1433159.tif","FILENAME":"U:\\P589_AmazoniaRevelada_BR-319\\LiDAR_dataset\\ENTREGAS\\ENTREGA_05\\2_MDT\\GEOTIFF\\MDT_1433159.tif","SHRT_FNAME":"MDT_1433159.tif","UPPER_LEFT_X":"475961.475","UPPER_LEFT_Y":"9214874.075","LOWER_RIGHT_X":"476963.475","LOWER_RIGHT_Y":"9213872.075"},"geometry":{"type":"Polygon","coordinates":[[[475961.474999999976717,9214874.074999999254942],[476963.474999999976717,9214874.074999999254942],[476963.474999999976717,9213872.074999999254942],[475961.474999999976717,9213872.074999999254942],[475961.474999999976717,9214874.074999999254942]]]}},
{"type":"Feature","properties":{"DESCRIPTION":"MDT_1433158.tif","FILENAME":"U:\\P589_AmazoniaRevelada_BR-319\\LiDAR_dataset\\ENTREGAS\\ENTREGA_05\\2_MDT\\GEOTIFF\\MDT_1433158.tif","SHRT_FNAME":"MDT_1433158.tif","UPPER_LEFT_X":"474961.380","UPPER_LEFT_Y":"9214874.075","LOWER_RIGHT_X":"475963.380","LOWER_RIGHT_Y":"9213872.075"},"geometry":{"type":"Polygon","coordinates":[[[474961.38,9214874.074999999254942],[475963.38,9214874.074999999254942],[475963.38,9213872.074999999254942],[474961.38,9213872.074999999254942],[474961.38,9214874.074999999254942]]]}},
{"type":"Feature","properties":{"DESCRIPTION":"MDT_1433157.tif","FILENAME":"U:\\P589_AmazoniaRevelada_BR-319\\LiDAR_dataset\\ENTREGAS\\ENTREGA_05\\2_MDT\\GEOTIFF\\MDT_1433157.tif","SHRT_FNAME":"MDT_1433157.tif","UPPER_LEFT_X":"473961.285","UPPER_LEFT_Y":"9214874.075","LOWER_RIGHT_X":"474963.285","LOWER_RIGHT_Y":"9213872.075"},"geometry":{"type":"Polygon","coordinates":[[[473961.284999999974389,9214874.074999999254942],[474963.284999999974389,9214874.074999999254942],[474963.284999999974389,9213872.074999999254942],[473961.284999999974389,9213872.074999999254942],[473961.284999999974389,9214874.074999999254942]]]}},
{"type":"Feature","properties":{"DESCRIPTION":"MDT_1433156.tif","FILENAME":"U:\\P589_AmazoniaRevelada_BR-319\\LiDAR_dataset\\ENTREGAS\\ENTREGA_05\\2_MDT\\GEOTIFF\\MDT_1433156.tif","SHRT_FNAME":"MDT_1433156.tif","UPPER_LEFT_X":"472961.190","UPPER_LEFT_Y":"9214874.075","LOWER_RIGHT_X":"473963.190","LOWER_RIGHT_Y":"9213872.075"},"geometry":{"type":"Polygon","coordinates":[[[472961.19,9214874.074999999254942],[473963.19,9214874.074999999254942],[473963.19,9213872.074999999254942],[472961.19,9213872.074999999254942],[472961.19,9214874.074999999254942]]]}},
{"type":"Feature","properties":{"DESCRIPTION":"MDT_1433155.tif","FILENAME":"U:\\P589_AmazoniaRevelada_BR-319\\LiDAR_dataset\\ENTREGAS\\ENTREGA_05\\2_MDT\\GEOTIFF\\MDT_1433155.tif","SHRT_FNAME":"MDT_1433155.tif","UPPER_LEFT_X":"471961.094","UPPER_LEFT_Y":"9214874.075","LOWER_RIGHT_X":"472963.094","LOWER_RIGHT_Y":"9213872.075"},"geometry":{"type":"Polygon","coordinates":[[[471961.093999999982771,9214874.074999999254942],[472963.093999999982771,9214874.074999999254942],[472963.093999999982771,9213872.074999999254942],[471961.093999999982771,9213872.074999999254942],[471961.093999999982771,9214874.074999999254942]]]}},
{"type":"Feature","properties":{"DESCRIPTION":"MDT_1433154.tif","FILENAME":"U:\\P589_AmazoniaRevelada_BR-319\\LiDAR_dataset\\ENTREGAS\\ENTREGA_05\\2_MDT\\GEOTIFF\\MDT_1433154.tif","SHRT_FNAME":"MDT_1433154.tif","UPPER_LEFT_X":"470960.999","UPPER_LEFT_Y":"9214874.075","LOWER_RIGHT_X":"471962.999","LOWER_RIGHT_Y":"9213872.075"},"geometry":{"type":"Polygon","coordinates":[[[470960.99900000001071,9214874.074999999254942],[471962.99900000001071,9214874.074999999254942],[471962.99900000001071,9213872.074999999254942],[470960.99900000001071,9213872.074999999254942],[470960.99900000001071,9214874.074999999254942]]]}},
{"type":"Feature","properties":{"DESCRIPTION":"MDT_1433153.tif","FILENAME":"U:\\P589_AmazoniaRevelada_BR-319\\LiDAR_dataset\\ENTREGAS\\ENTREGA_05\\2_MDT\\GEOTIFF\\MDT_1433153.tif","SHRT_FNAME":"MDT_1433153.tif","UPPER_LEFT_X":"469960.904","UPPER_LEFT_Y":"9214874.075","LOWER_RIGHT_X":"470962.904","LOWER_RIGHT_Y":"9213872.075"},"geometry":{"type":"Polygon","coordinates":[[[469960.903999999980442,9214874.074999999254942],[470962.903999999980442,9214874.074999999254942],[470962.903999999980442,9213872.074999999254942],[469960.903999999980442,9213872.074999999254942],[469960.903999999980442,9214874.074999999254942]]]}},
{"type":"Feature","properties":{"DESCRIPTION":"MDT_1433152.tif","FILENAME":"U:\\P589_AmazoniaRevelada_BR-319\\LiDAR_dataset\\ENTREGAS\\ENTREGA_05\\2_MDT\\GEOTIFF\\MDT_1433152.tif","SHRT_FNAME":"MDT_1433152.tif","UPPER_LEFT_X":"468960.809","UPPER_LEFT_Y":"9214874.075","LOWER_RIGHT_X":"469962.809","LOWER_RIGHT_Y":"9213872.075"},"geometry":{"type":"Polygon","coordinates":[[[468960.809,9214874.074999999254942],[469962.809,9214874.074999999254942],[469962.809,9213872.074999999254942],[468960.809,9213872.074999999254942],[468960.809,9214874.074999999254942]]]}},
{"type":"Feature","properties":{"DESCRIPTION":"MDT_1433151.tif","FILENAME":"U:\\P589_AmazoniaRevelada_BR-319\\LiDAR_dataset\\ENTREGAS\\ENTREGA_05\\2_MDT\\GEOTIFF\\MDT_1433151.tif","SHRT_FNAME":"MDT_1433151.tif","UPPER_LEFT_X":"467960.714","UPPER_LEFT_Y":"9214874.075","LOWER_RIGHT_X":"468962.714","LOWER_RIGHT_Y":"9213872.075"},"geometry":{"type":"Polygon","coordinates":[[[467960.713999999978114,9214874.074999999254942],[468962.713999999978114,9214874.074999999254942],[468962.713999999978114,9213872.074999999254942],[467960.713999999978114,9213872.074999999254942],[467960.713999999978114,9214874.074999999254942]]]}},
{"type":"Feature","properties":{"DESCRIPTION":"MDT_1433150.tif","FILENAME":"U:\\P589_AmazoniaRevelada_BR-319\\LiDAR_dataset\\ENTREGAS\\ENTREGA_05\\2_MDT\\GEOTIFF\\MDT_1433150.tif","SHRT_FNAME":"MDT_1433150.tif","UPPER_LEFT_X":"466960.618","UPPER_LEFT_Y":"9214874.075","LOWER_RIGHT_X":"467962.618","LOWER_RIGHT_Y":"9213872.075"},"geometry":{"type":"Polygon","coordinates":[[[466960.618000000016764,9214874.074999999254942],[467962.618000000016764,9214874.074999999254942],[467962.618000000016764,9213872.074999999254942],[466960.618000000016764,9213872.074999999254942],[466960.618000000016764,9214874.074999999254942]]]}},
{"type":"Feature","properties":{"DESCRIPTION":"MDT_1433149.tif","FILENAME":"U:\\P589_AmazoniaRevelada_BR-319\\LiDAR_dataset\\ENTREGAS\\ENTREGA_05\\2_MDT\\GEOTIFF\\MDT_1433149.tif","SHRT_FNAME":"MDT_1433149.tif","UPPER_LEFT_X":"465960.523","UPPER_LEFT_Y":"9214874.075","LOWER_RIGHT_X":"466962.523","LOWER_RIGHT_Y":"9213872.075"},"geometry":{"type":"Polygon","coordinates":[[[465960.522999999986496,9214874.074999999254942],[466962.522999999986496,9214874.074999999254942],[466962.522999999986496,9213872.074999999254942],[465960.522999999986496,9213872.074999999254942],[465960.522999999986496,9214874.074999999254942]]]}},
{"type":"Feature","properties":{"DESCRIPTION":"MDT_1433148.tif","FILENAME":"U:\\P589_AmazoniaRevelada_BR-319\\LiDAR_dataset\\ENTREGAS\\ENTREGA_05\\2_MDT\\GEOTIFF\\MDT_1433148.tif","SHRT_FNAME":"MDT_1433148.tif","UPPER_LEFT_X":"464960.428","UPPER_LEFT_Y":"9214874.075","LOWER_RIGHT_X":"465962.428","LOWER_RIGHT_Y":"9213872.075"},"geometry":{"type":"Polygon","coordinates":[[[464960.428000000014435,9214874.074999999254942],[465962.428000000014435,9214874.074999999254942],[465962.428000000014435,9213872.074999999254942],[464960.428000000014435,9213872.074999999254942],[464960.428000000014435,9214874.074999999254942]]]}},
{"type":"Feature","properties":{"DESCRIPTION":"MDT_1433147.tif","FILENAME":"U:\\P589_AmazoniaRevelada_BR-319\\LiDAR_dataset\\ENTREGAS\\ENTREGA_05\\2_MDT\\GEOTIFF\\MDT_1433147.tif","SHRT_FNAME":"MDT_1433147.tif","UPPER_LEFT_X":"463960.333","UPPER_LEFT_Y":"9214874.075","LOWER_RIGHT_X":"464962.333","LOWER_RIGHT_Y":"9213872.075"},"geometry":{"type":"Polygon","coordinates":[[[463960.332999999984168,9214874.074999999254942],[464962.332999999984168,9214874.074999999254942],[464962.332999999984168,9213872.074999999254942],[463960.332999999984168,9213872.074999999254942],[463960.332999999984168,9214874.074999999254942]]]}},
{"type":"Feature","properties":{"DESCRIPTION":"MDT_1429193.tif","FILENAME":"U:\\P589_AmazoniaRevelada_BR-319\\LiDAR_dataset\\ENTREGAS\\ENTREGA_05\\2_MDT\\GEOTIFF\\MDT_1429193.tif","SHRT_FNAME":"MDT_1429193.tif","UPPER_LEFT_X":"509964.712","UPPER_LEFT_Y":"9218873.576","LOWER_RIGHT_X":"510966.712","LOWER_RIGHT_Y":"9217871.576"},"geometry":{"type":"Polygon","coordinates":[[[509964.712,9218873.575999999418855],[510966.712,9218873.575999999418855],[510966.712,9217871.575999999418855],[509964.712,9217871.575999999418855],[509964.712,9218873.575999999418855]]]}},
{"type":"Feature","properties":{"DESCRIPTION":"MDT_1429192.tif","FILENAME":"U:\\P589_AmazoniaRevelada_BR-319\\LiDAR_dataset\\ENTREGAS\\ENTREGA_05\\2_MDT\\GEOTIFF\\MDT_1429192.tif","SHRT_FNAME":"MDT_1429192.tif","UPPER_LEFT_X":"508964.617","UPPER_LEFT_Y":"9218873.576","LOWER_RIGHT_X":"509966.617","LOWER_RIGHT_Y":"9217871.576"},"geometry":{"type":"Polygon","coordinates":[[[508964.617000000027474,9218873.575999999418855],[509966.617000000027474,9218873.575999999418855],[509966.617000000027474,9217871.575999999418855],[508964.617000000027474,9217871.575999999418855],[508964.617000000027474,9218873.575999999418855]]]}},
{"type":"Feature","properties":{"DESCRIPTION":"MDT_1429191.tif","FILENAME":"U:\\P589_AmazoniaRevelada_BR-319\\LiDAR_dataset\\ENTREGAS\\ENTREGA_05\\2_MDT\\GEOTIFF\\MDT_1429191.tif","SHRT_FNAME":"MDT_1429191.tif","UPPER_LEFT_X":"507964.522","UPPER_LEFT_Y":"9218873.576","LOWER_RIGHT_X":"508966.522","LOWER_RIGHT_Y":"9217871.576"},"geometry":{"type":"Polygon","coordinates":[[[507964.522,9218873.575999999418855],[508966.522,9218873.575999999418855],[508966.522,9217871.575999999418855],[507964.522,9217871.575999999418855],[507964.522,9218873.575999999418855]]]}},
{"type":"Feature","properties":{"DESCRIPTION":"MDT_1429190.tif","FILENAME":"U:\\P589_AmazoniaRevelada_BR-319\\LiDAR_dataset\\ENTREGAS\\ENTREGA_05\\2_MDT\\GEOTIFF\\MDT_1429190.tif","SHRT_FNAME":"MDT_1429190.tif","UPPER_LEFT_X":"506964.426","UPPER_LEFT_Y":"9218873.576","LOWER_RIGHT_X":"507966.426","LOWER_RIGHT_Y":"9217871.576"},"geometry":{"type":"Polygon","coordinates":[[[506964.425999999977648,9218873.575999999418855],[507966.425999999977648,9218873.575999999418855],[507966.425999999977648,9217871.575999999418855],[506964.425999999977648,9217871.575999999418855],[506964.425999999977648,9218873.575999999418855]]]}},
{"type":"Feature","properties":{"DESCRIPTION":"MDT_1429189.tif","FILENAME":"U:\\P589_AmazoniaRevelada_BR-319\\LiDAR_dataset\\ENTREGAS\\ENTREGA_05\\2_MDT\\GEOTIFF\\MDT_1429189.tif","SHRT_FNAME":"MDT_1429189.tif","UPPER_LEFT_X":"505964.331","UPPER_LEFT_Y":"9218873.576","LOWER_RIGHT_X":"506966.331","LOWER_RIGHT_Y":"9217871.576"},"geometry":{"type":"Polygon","coordinates":[[[505964.331,9218873.575999999418855],[506966.331,9218873.575999999418855],[506966.331,9217871.575999999418855],[505964.331,9217871.575999999418855],[505964.331,9218873.575999999418855]]]}},
{"type":"Feature","properties":{"DESCRIPTION":"MDT_1429188.tif","FILENAME":"U:\\P589_AmazoniaRevelada_BR-319\\LiDAR_dataset\\ENTREGAS\\ENTREGA_05\\2_MDT\\GEOTIFF\\MDT_1429188.tif","SHRT_FNAME":"MDT_1429188.tif","UPPER_LEFT_X":"504964.236","UPPER_LEFT_Y":"9218873.576","LOWER_RIGHT_X":"505966.236","LOWER_RIGHT_Y":"9217871.576"},"geometry":{"type":"Polygon","coordinates":[[[504964.23599999997532,9218873.575999999418855],[505966.23599999997532,9218873.575999999418855],[505966.23599999997532,9217871.575999999418855],[504964.23599999997532,9217871.575999999418855],[504964.23599999997532,9218873.575999999418855]]]}},
{"type":"Feature","properties":{"DESCRIPTION":"MDT_1429187.tif","FILENAME":"U:\\P589_AmazoniaRevelada_BR-319\\LiDAR_dataset\\ENTREGAS\\ENTREGA_05\\2_MDT\\GEOTIFF\\MDT_1429187.tif","SHRT_FNAME":"MDT_1429187.tif","UPPER_LEFT_X":"503964.141","UPPER_LEFT_Y":"9218873.576","LOWER_RIGHT_X":"504966.141","LOWER_RIGHT_Y":"9217871.576"},"geometry":{"type":"Polygon","coordinates":[[[503964.141,9218873.575999999418855],[504966.141,9218873.575999999418855],[504966.141,9217871.575999999418855],[503964.141,9217871.575999999418855],[503964.141,9218873.575999999418855]]]}},
{"type":"Feature","properties":{"DESCRIPTION":"MDT_1429186.tif","FILENAME":"U:\\P589_AmazoniaRevelada_BR-319\\LiDAR_dataset\\ENTREGAS\\ENTREGA_05\\2_MDT\\GEOTIFF\\MDT_1429186.tif","SHRT_FNAME":"MDT_1429186.tif","UPPER_LEFT_X":"502964.046","UPPER_LEFT_Y":"9218873.576","LOWER_RIGHT_X":"503966.046","LOWER_RIGHT_Y":"9217871.576"},"geometry":{"type":"Polygon","coordinates":[[[502964.045999999972992,9218873.575999999418855],[503966.045999999972992,9218873.575999999418855],[503966.045999999972992,9217871.575999999418855],[502964.045999999972992,9217871.575999999418855],[502964.045999999972992,9218873.575999999418855]]]}},
{"type":"Feature","properties":{"DESCRIPTION":"MDT_1429185.tif","FILENAME":"U:\\P589_AmazoniaRevelada_BR-319\\LiDAR_dataset\\ENTREGAS\\ENTREGA_05\\2_MDT\\GEOTIFF\\MDT_1429185.tif","SHRT_FNAME":"MDT_1429185.tif","UPPER_LEFT_X":"501963.950","UPPER_LEFT_Y":"9218873.576","LOWER_RIGHT_X":"502965.950","LOWER_RIGHT_Y":"9217871.576"},"geometry":{"type":"Polygon","coordinates":[[[501963.950000000011642,9218873.575999999418855],[502965.950000000011642,9218873.575999999418855],[502965.950000000011642,9217871.575999999418855],[501963.950000000011642,9217871.575999999418855],[501963.950000000011642,9218873.575999999418855]]]}},
{"type":"Feature","properties":{"DESCRIPTION":"MDT_1429184.tif","FILENAME":"U:\\P589_AmazoniaRevelada_BR-319\\LiDAR_dataset\\ENTREGAS\\ENTREGA_05\\2_MDT\\GEOTIFF\\MDT_1429184.tif","SHRT_FNAME":"MDT_1429184.tif","UPPER_LEFT_X":"500963.855","UPPER_LEFT_Y":"9218873.576","LOWER_RIGHT_X":"501965.855","LOWER_RIGHT_Y":"9217871.576"},"geometry":{"type":"Polygon","coordinates":[[[500963.854999999981374,9218873.575999999418855],[501965.854999999981374,9218873.575999999418855],[501965.854999999981374,9217871.575999999418855],[500963.854999999981374,9217871.575999999418855],[500963.854999999981374,9218873.575999999418855]]]}},
{"type":"Feature","properties":{"DESCRIPTION":"MDT_1429183.tif","FILENAME":"U:\\P589_AmazoniaRevelada_BR-319\\LiDAR_dataset\\ENTREGAS\\ENTREGA_05\\2_MDT\\GEOTIFF\\MDT_1429183.tif","SHRT_FNAME":"MDT_1429183.tif","UPPER_LEFT_X":"499963.760","UPPER_LEFT_Y":"9218873.576","LOWER_RIGHT_X":"500965.760","LOWER_RIGHT_Y":"9217871.576"},"geometry":{"type":"Polygon","coordinates":[[[499963.76,9218873.575999999418855],[500965.76,9218873.575999999418855],[500965.76,9217871.575999999418855],[499963.76,9217871.575999999418855],[499963.76,9218873.575999999418855]]]}},
{"type":"Feature","properties":{"DESCRIPTION":"MDT_1429182.tif","FILENAME":"U:\\P589_AmazoniaRevelada_BR-319\\LiDAR_dataset\\ENTREGAS\\ENTREGA_05\\2_MDT\\GEOTIFF\\MDT_1429182.tif","SHRT_FNAME":"MDT_1429182.tif","UPPER_LEFT_X":"498963.665","UPPER_LEFT_Y":"9218873.576","LOWER_RIGHT_X":"499965.665","LOWER_RIGHT_Y":"9217871.576"},"geometry":{"type":"Polygon","coordinates":[[[498963.664999999979045,9218873.575999999418855],[499965.664999999979045,9218873.575999999418855],[499965.664999999979045,9217871.575999999418855],[498963.664999999979045,9217871.575999999418855],[498963.664999999979045,9218873.575999999418855]]]}},
{"type":"Feature","properties":{"DESCRIPTION":"MDT_1429181.tif","FILENAME":"U:\\P589_AmazoniaRevelada_BR-319\\LiDAR_dataset\\ENTREGAS\\ENTREGA_05\\2_MDT\\GEOTIFF\\MDT_1429181.tif","SHRT_FNAME":"MDT_1429181.tif","UPPER_LEFT_X":"497963.570","UPPER_LEFT_Y":"9218873.576","LOWER_RIGHT_X":"498965.570","LOWER_RIGHT_Y":"9217871.576"},"geometry":{"type":"Polygon","coordinates":[[[497963.57,9218873.575999999418855],[498965.57,9218873.575999999418855],[498965.57,9217871.575999999418855],[497963.57,9217871.575999999418855],[497963.57,9218873.575999999418855]]]}},
{"type":"Feature","properties":{"DESCRIPTION":"MDT_1429180.tif","FILENAME":"U:\\P589_AmazoniaRevelada_BR-319\\LiDAR_dataset\\ENTREGAS\\ENTREGA_05\\2_MDT\\GEOTIFF\\MDT_1429180.tif","SHRT_FNAME":"MDT_1429180.tif","UPPER_LEFT_X":"496963.474","UPPER_LEFT_Y":"9218873.576","LOWER_RIGHT_X":"497965.474","LOWER_RIGHT_Y":"9217871.576"},"geometry":{"type":"Polygon","coordinates":[[[496963.473999999987427,9218873.575999999418855],[497965.473999999987427,9218873.575999999418855],[497965.473999999987427,9217871.575999999418855],[496963.473999999987427,9217871.575999999418855],[496963.473999999987427,9218873.575999999418855]]]}},
{"type":"Feature","properties":{"DESCRIPTION":"MDT_1429179.tif","FILENAME":"U:\\P589_AmazoniaRevelada_BR-319\\LiDAR_dataset\\ENTREGAS\\ENTREGA_05\\2_MDT\\GEOTIFF\\MDT_1429179.tif","SHRT_FNAME":"MDT_1429179.tif","UPPER_LEFT_X":"495963.379","UPPER_LEFT_Y":"9218873.576","LOWER_RIGHT_X":"496965.379","LOWER_RIGHT_Y":"9217871.576"},"geometry":{"type":"Polygon","coordinates":[[[495963.379000000015367,9218873.575999999418855],[496965.379000000015367,9218873.575999999418855],[496965.379000000015367,9217871.575999999418855],[495963.379000000015367,9217871.575999999418855],[495963.379000000015367,9218873.575999999418855]]]}},
{"type":"Feature","properties":{"DESCRIPTION":"MDT_1429178.tif","FILENAME":"U:\\P589_AmazoniaRevelada_BR-319\\LiDAR_dataset\\ENTREGAS\\ENTREGA_05\\2_MDT\\GEOTIFF\\MDT_1429178.tif","SHRT_FNAME":"MDT_1429178.tif","UPPER_LEFT_X":"494963.284","UPPER_LEFT_Y":"9218873.576","LOWER_RIGHT_X":"495965.284","LOWER_RIGHT_Y":"9217871.576"},"geometry":{"type":"Polygon","coordinates":[[[494963.283999999985099,9218873.575999999418855],[495965.283999999985099,9218873.575999999418855],[495965.283999999985099,9217871.575999999418855],[494963.283999999985099,9217871.575999999418855],[494963.283999999985099,9218873.575999999418855]]]}},
{"type":"Feature","properties":{"DESCRIPTION":"MDT_1429177.tif","FILENAME":"U:\\P589_AmazoniaRevelada_BR-319\\LiDAR_dataset\\ENTREGAS\\ENTREGA_05\\2_MDT\\GEOTIFF\\MDT_1429177.tif","SHRT_FNAME":"MDT_1429177.tif","UPPER_LEFT_X":"493963.189","UPPER_LEFT_Y":"9218873.576","LOWER_RIGHT_X":"494965.189","LOWER_RIGHT_Y":"9217871.576"},"geometry":{"type":"Polygon","coordinates":[[[493963.189000000013039,9218873.575999999418855],[494965.189000000013039,9218873.575999999418855],[494965.189000000013039,9217871.575999999418855],[493963.189000000013039,9217871.575999999418855],[493963.189000000013039,9218873.575999999418855]]]}},
{"type":"Feature","properties":{"DESCRIPTION":"MDT_1429176.tif","FILENAME":"U:\\P589_AmazoniaRevelada_BR-319\\LiDAR_dataset\\ENTREGAS\\ENTREGA_05\\2_MDT\\GEOTIFF\\MDT_1429176.tif","SHRT_FNAME":"MDT_1429176.tif","UPPER_LEFT_X":"492963.094","UPPER_LEFT_Y":"9218873.576","LOWER_RIGHT_X":"493965.094","LOWER_RIGHT_Y":"9217871.576"},"geometry":{"type":"Polygon","coordinates":[[[492963.093999999982771,9218873.575999999418855],[493965.093999999982771,9218873.575999999418855],[493965.093999999982771,9217871.575999999418855],[492963.093999999982771,9217871.575999999418855],[492963.093999999982771,9218873.575999999418855]]]}},
{"type":"Feature","properties":{"DESCRIPTION":"MDT_1429175.tif","FILENAME":"U:\\P589_AmazoniaRevelada_BR-319\\LiDAR_dataset\\ENTREGAS\\ENTREGA_05\\2_MDT\\GEOTIFF\\MDT_1429175.tif","SHRT_FNAME":"MDT_1429175.tif","UPPER_LEFT_X":"491962.998","UPPER_LEFT_Y":"9218873.576","LOWER_RIGHT_X":"492964.998","LOWER_RIGHT_Y":"9217871.576"},"geometry":{"type":"Polygon","coordinates":[[[491962.99800000002142,9218873.575999999418855],[492964.99800000002142,9218873.575999999418855],[492964.99800000002142,9217871.575999999418855],[491962.99800000002142,9217871.575999999418855],[491962.99800000002142,9218873.575999999418855]]]}},
{"type":"Feature","properties":{"DESCRIPTION":"MDT_1429174.tif","FILENAME":"U:\\P589_AmazoniaRevelada_BR-319\\LiDAR_dataset\\ENTREGAS\\ENTREGA_05\\2_MDT\\GEOTIFF\\MDT_1429174.tif","SHRT_FNAME":"MDT_1429174.tif","UPPER_LEFT_X":"490962.903","UPPER_LEFT_Y":"9218873.576","LOWER_RIGHT_X":"491964.903","LOWER_RIGHT_Y":"9217871.576"},"geometry":{"type":"Polygon","coordinates":[[[490962.903,9218873.575999999418855],[491964.903,9218873.575999999418855],[491964.903,9217871.575999999418855],[490962.903,9217871.575999999418855],[490962.903,9218873.575999999418855]]]}},
{"type":"Feature","properties":{"DESCRIPTION":"MDT_1429173.tif","FILENAME":"U:\\P589_AmazoniaRevelada_BR-319\\LiDAR_dataset\\ENTREGAS\\ENTREGA_05\\2_MDT\\GEOTIFF\\MDT_1429173.tif","SHRT_FNAME":"MDT_1429173.tif","UPPER_LEFT_X":"489962.808","UPPER_LEFT_Y":"9218873.576","LOWER_RIGHT_X":"490964.808","LOWER_RIGHT_Y":"9217871.576"},"geometry":{"type":"Polygon","coordinates":[[[489962.808000000019092,9218873.575999999418855],[490964.808000000019092,9218873.575999999418855],[490964.808000000019092,9217871.575999999418855],[489962.808000000019092,9217871.575999999418855],[489962.808000000019092,9218873.575999999418855]]]}},
{"type":"Feature","properties":{"DESCRIPTION":"MDT_1429172.tif","FILENAME":"U:\\P589_AmazoniaRevelada_BR-319\\LiDAR_dataset\\ENTREGAS\\ENTREGA_05\\2_MDT\\GEOTIFF\\MDT_1429172.tif","SHRT_FNAME":"MDT_1429172.tif","UPPER_LEFT_X":"488962.713","UPPER_LEFT_Y":"9218873.576","LOWER_RIGHT_X":"489964.713","LOWER_RIGHT_Y":"9217871.576"},"geometry":{"type":"Polygon","coordinates":[[[488962.712999999988824,9218873.575999999418855],[489964.712999999988824,9218873.575999999418855],[489964.712999999988824,9217871.575999999418855],[488962.712999999988824,9217871.575999999418855],[488962.712999999988824,9218873.575999999418855]]]}},
{"type":"Feature","properties":{"DESCRIPTION":"MDT_1429171.tif","FILENAME":"U:\\P589_AmazoniaRevelada_BR-319\\LiDAR_dataset\\ENTREGAS\\ENTREGA_05\\2_MDT\\GEOTIFF\\MDT_1429171.tif","SHRT_FNAME":"MDT_1429171.tif","UPPER_LEFT_X":"487962.618","UPPER_LEFT_Y":"9218873.576","LOWER_RIGHT_X":"488964.618","LOWER_RIGHT_Y":"9217871.576"},"geometry":{"type":"Polygon","coordinates":[[[487962.618000000016764,9218873.575999999418855],[488964.618000000016764,9218873.575999999418855],[488964.618000000016764,9217871.575999999418855],[487962.618000000016764,9217871.575999999418855],[487962.618000000016764,9218873.575999999418855]]]}},
{"type":"Feature","properties":{"DESCRIPTION":"MDT_1429170.tif","FILENAME":"U:\\P589_AmazoniaRevelada_BR-319\\LiDAR_dataset\\ENTREGAS\\ENTREGA_05\\2_MDT\\GEOTIFF\\MDT_1429170.tif","SHRT_FNAME":"MDT_1429170.tif","UPPER_LEFT_X":"486962.522","UPPER_LEFT_Y":"9218873.576","LOWER_RIGHT_X":"487964.522","LOWER_RIGHT_Y":"9217871.576"},"geometry":{"type":"Polygon","coordinates":[[[486962.522,9218873.575999999418855],[487964.522,9218873.575999999418855],[487964.522,9217871.575999999418855],[486962.522,9217871.575999999418855],[486962.522,9218873.575999999418855]]]}},
{"type":"Feature","properties":{"DESCRIPTION":"MDT_1429169.tif","FILENAME":"U:\\P589_AmazoniaRevelada_BR-319\\LiDAR_dataset\\ENTREGAS\\ENTREGA_05\\2_MDT\\GEOTIFF\\MDT_1429169.tif","SHRT_FNAME":"MDT_1429169.tif","UPPER_LEFT_X":"485962.427","UPPER_LEFT_Y":"9218873.576","LOWER_RIGHT_X":"486964.427","LOWER_RIGHT_Y":"9217871.576"},"geometry":{"type":"Polygon","coordinates":[[[485962.427000000025146,9218873.575999999418855],[486964.427000000025146,9218873.575999999418855],[486964.427000000025146,9217871.575999999418855],[485962.427000000025146,9217871.575999999418855],[485962.427000000025146,9218873.575999999418855]]]}},
{"type":"Feature","properties":{"DESCRIPTION":"MDT_1429168.tif","FILENAME":"U:\\P589_AmazoniaRevelada_BR-319\\LiDAR_dataset\\ENTREGAS\\ENTREGA_05\\2_MDT\\GEOTIFF\\MDT_1429168.tif","SHRT_FNAME":"MDT_1429168.tif","UPPER_LEFT_X":"484962.332","UPPER_LEFT_Y":"9218873.576","LOWER_RIGHT_X":"485964.332","LOWER_RIGHT_Y":"9217871.576"},"geometry":{"type":"Polygon","coordinates":[[[484962.332,9218873.575999999418855],[485964.332,9218873.575999999418855],[485964.332,9217871.575999999418855],[484962.332,9217871.575999999418855],[484962.332,9218873.575999999418855]]]}},
{"type":"Feature","properties":{"DESCRIPTION":"MDT_1429167.tif","FILENAME":"U:\\P589_AmazoniaRevelada_BR-319\\LiDAR_dataset\\ENTREGAS\\ENTREGA_05\\2_MDT\\GEOTIFF\\MDT_1429167.tif","SHRT_FNAME":"MDT_1429167.tif","UPPER_LEFT_X":"483962.237","UPPER_LEFT_Y":"9218873.576","LOWER_RIGHT_X":"484964.237","LOWER_RIGHT_Y":"9217871.576"},"geometry":{"type":"Polygon","coordinates":[[[483962.237000000022817,9218873.575999999418855],[484964.237000000022817,9218873.575999999418855],[484964.237000000022817,9217871.575999999418855],[483962.237000000022817,9217871.575999999418855],[483962.237000000022817,9218873.575999999418855]]]}},
{"type":"Feature","properties":{"DESCRIPTION":"MDT_1429166.tif","FILENAME":"U:\\P589_AmazoniaRevelada_BR-319\\LiDAR_dataset\\ENTREGAS\\ENTREGA_05\\2_MDT\\GEOTIFF\\MDT_1429166.tif","SHRT_FNAME":"MDT_1429166.tif","UPPER_LEFT_X":"482962.142","UPPER_LEFT_Y":"9218873.576","LOWER_RIGHT_X":"483964.142","LOWER_RIGHT_Y":"9217871.576"},"geometry":{"type":"Polygon","coordinates":[[[482962.142,9218873.575999999418855],[483964.142,9218873.575999999418855],[483964.142,9217871.575999999418855],[482962.142,9217871.575999999418855],[482962.142,9218873.575999999418855]]]}},
{"type":"Feature","properties":{"DESCRIPTION":"MDT_1429165.tif","FILENAME":"U:\\P589_AmazoniaRevelada_BR-319\\LiDAR_dataset\\ENTREGAS\\ENTREGA_05\\2_MDT\\GEOTIFF\\MDT_1429165.tif","SHRT_FNAME":"MDT_1429165.tif","UPPER_LEFT_X":"481962.046","UPPER_LEFT_Y":"9218873.576","LOWER_RIGHT_X":"482964.046","LOWER_RIGHT_Y":"9217871.576"},"geometry":{"type":"Polygon","coordinates":[[[481962.045999999972992,9218873.575999999418855],[482964.045999999972992,9218873.575999999418855],[482964.045999999972992,9217871.575999999418855],[481962.045999999972992,9217871.575999999418855],[481962.045999999972992,9218873.575999999418855]]]}},
{"type":"Feature","properties":{"DESCRIPTION":"MDT_1429164.tif","FILENAME":"U:\\P589_AmazoniaRevelada_BR-319\\LiDAR_dataset\\ENTREGAS\\ENTREGA_05\\2_MDT\\GEOTIFF\\MDT_1429164.tif","SHRT_FNAME":"MDT_1429164.tif","UPPER_LEFT_X":"480961.951","UPPER_LEFT_Y":"9218873.576","LOWER_RIGHT_X":"481963.951","LOWER_RIGHT_Y":"9217871.576"},"geometry":{"type":"Polygon","coordinates":[[[480961.951,9218873.575999999418855],[481963.951,9218873.575999999418855],[481963.951,9217871.575999999418855],[480961.951,9217871.575999999418855],[480961.951,9218873.575999999418855]]]}},
{"type":"Feature","properties":{"DESCRIPTION":"MDT_1429163.tif","FILENAME":"U:\\P589_AmazoniaRevelada_BR-319\\LiDAR_dataset\\ENTREGAS\\ENTREGA_05\\2_MDT\\GEOTIFF\\MDT_1429163.tif","SHRT_FNAME":"MDT_1429163.tif","UPPER_LEFT_X":"479961.856","UPPER_LEFT_Y":"9218873.576","LOWER_RIGHT_X":"480963.856","LOWER_RIGHT_Y":"9217871.576"},"geometry":{"type":"Polygon","coordinates":[[[479961.856000000028871,9218873.575999999418855],[480963.856000000028871,9218873.575999999418855],[480963.856000000028871,9217871.575999999418855],[479961.856000000028871,9217871.575999999418855],[479961.856000000028871,9218873.575999999418855]]]}},
{"type":"Feature","properties":{"DESCRIPTION":"MDT_1429162.tif","FILENAME":"U:\\P589_AmazoniaRevelada_BR-319\\LiDAR_dataset\\ENTREGAS\\ENTREGA_05\\2_MDT\\GEOTIFF\\MDT_1429162.tif","SHRT_FNAME":"MDT_1429162.tif","UPPER_LEFT_X":"478961.761","UPPER_LEFT_Y":"9218873.576","LOWER_RIGHT_X":"479963.761","LOWER_RIGHT_Y":"9217871.576"},"geometry":{"type":"Polygon","coordinates":[[[478961.761,9218873.575999999418855],[479963.761,9218873.575999999418855],[479963.761,9217871.575999999418855],[478961.761,9217871.575999999418855],[478961.761,9218873.575999999418855]]]}},
{"type":"Feature","properties":{"DESCRIPTION":"MDT_1429161.tif","FILENAME":"U:\\P589_AmazoniaRevelada_BR-319\\LiDAR_dataset\\ENTREGAS\\ENTREGA_05\\2_MDT\\GEOTIFF\\MDT_1429161.tif","SHRT_FNAME":"MDT_1429161.tif","UPPER_LEFT_X":"477961.666","UPPER_LEFT_Y":"9218873.576","LOWER_RIGHT_X":"478963.666","LOWER_RIGHT_Y":"9217871.576"},"geometry":{"type":"Polygon","coordinates":[[[477961.666000000026543,9218873.575999999418855],[478963.666000000026543,9218873.575999999418855],[478963.666000000026543,9217871.575999999418855],[477961.666000000026543,9217871.575999999418855],[477961.666000000026543,9218873.575999999418855]]]}},
{"type":"Feature","properties":{"DESCRIPTION":"MDT_1429160.tif","FILENAME":"U:\\P589_AmazoniaRevelada_BR-319\\LiDAR_dataset\\ENTREGAS\\ENTREGA_05\\2_MDT\\GEOTIFF\\MDT_1429160.tif","SHRT_FNAME":"MDT_1429160.tif","UPPER_LEFT_X":"476961.570","UPPER_LEFT_Y":"9218873.576","LOWER_RIGHT_X":"477963.570","LOWER_RIGHT_Y":"9217871.576"},"geometry":{"type":"Polygon","coordinates":[[[476961.57,9218873.575999999418855],[477963.57,9218873.575999999418855],[477963.57,9217871.575999999418855],[476961.57,9217871.575999999418855],[476961.57,9218873.575999999418855]]]}},
{"type":"Feature","properties":{"DESCRIPTION":"MDT_1429159.tif","FILENAME":"U:\\P589_AmazoniaRevelada_BR-319\\LiDAR_dataset\\ENTREGAS\\ENTREGA_05\\2_MDT\\GEOTIFF\\MDT_1429159.tif","SHRT_FNAME":"MDT_1429159.tif","UPPER_LEFT_X":"475961.475","UPPER_LEFT_Y":"9218873.576","LOWER_RIGHT_X":"476963.475","LOWER_RIGHT_Y":"9217871.576"},"geometry":{"type":"Polygon","coordinates":[[[475961.474999999976717,9218873.575999999418855],[476963.474999999976717,9218873.575999999418855],[476963.474999999976717,9217871.575999999418855],[475961.474999999976717,9217871.575999999418855],[475961.474999999976717,9218873.575999999418855]]]}},
{"type":"Feature","properties":{"DESCRIPTION":"MDT_1429158.tif","FILENAME":"U:\\P589_AmazoniaRevelada_BR-319\\LiDAR_dataset\\ENTREGAS\\ENTREGA_05\\2_MDT\\GEOTIFF\\MDT_1429158.tif","SHRT_FNAME":"MDT_1429158.tif","UPPER_LEFT_X":"474961.380","UPPER_LEFT_Y":"9218873.576","LOWER_RIGHT_X":"475963.380","LOWER_RIGHT_Y":"9217871.576"},"geometry":{"type":"Polygon","coordinates":[[[474961.38,9218873.575999999418855],[475963.38,9218873.575999999418855],[475963.38,9217871.575999999418855],[474961.38,9217871.575999999418855],[474961.38,9218873.575999999418855]]]}},
{"type":"Feature","properties":{"DESCRIPTION":"MDT_1429157.tif","FILENAME":"U:\\P589_AmazoniaRevelada_BR-319\\LiDAR_dataset\\ENTREGAS\\ENTREGA_05\\2_MDT\\GEOTIFF\\MDT_1429157.tif","SHRT_FNAME":"MDT_1429157.tif","UPPER_LEFT_X":"473961.285","UPPER_LEFT_Y":"9218873.576","LOWER_RIGHT_X":"474963.285","LOWER_RIGHT_Y":"9217871.576"},"geometry":{"type":"Polygon","coordinates":[[[473961.284999999974389,9218873.575999999418855],[474963.284999999974389,9218873.575999999418855],[474963.284999999974389,9217871.575999999418855],[473961.284999999974389,9217871.575999999418855],[473961.284999999974389,9218873.575999999418855]]]}},
{"type":"Feature","properties":{"DESCRIPTION":"MDT_1429156.tif","FILENAME":"U:\\P589_AmazoniaRevelada_BR-319\\LiDAR_dataset\\ENTREGAS\\ENTREGA_05\\2_MDT\\GEOTIFF\\MDT_1429156.tif","SHRT_FNAME":"MDT_1429156.tif","UPPER_LEFT_X":"472961.190","UPPER_LEFT_Y":"9218873.576","LOWER_RIGHT_X":"473963.190","LOWER_RIGHT_Y":"9217871.576"},"geometry":{"type":"Polygon","coordinates":[[[472961.19,9218873.575999999418855],[473963.19,9218873.575999999418855],[473963.19,9217871.575999999418855],[472961.19,9217871.575999999418855],[472961.19,9218873.575999999418855]]]}},
{"type":"Feature","properties":{"DESCRIPTION":"MDT_1429155.tif","FILENAME":"U:\\P589_AmazoniaRevelada_BR-319\\LiDAR_dataset\\ENTREGAS\\ENTREGA_05\\2_MDT\\GEOTIFF\\MDT_1429155.tif","SHRT_FNAME":"MDT_1429155.tif","UPPER_LEFT_X":"471961.094","UPPER_LEFT_Y":"9218873.576","LOWER_RIGHT_X":"472963.094","LOWER_RIGHT_Y":"9217871.576"},"geometry":{"type":"Polygon","coordinates":[[[471961.093999999982771,9218873.575999999418855],[472963.093999999982771,9218873.575999999418855],[472963.093999999982771,9217871.575999999418855],[471961.093999999982771,9217871.575999999418855],[471961.093999999982771,9218873.575999999418855]]]}},
{"type":"Feature","properties":{"DESCRIPTION":"MDT_1429154.tif","FILENAME":"U:\\P589_AmazoniaRevelada_BR-319\\LiDAR_dataset\\ENTREGAS\\ENTREGA_05\\2_MDT\\GEOTIFF\\MDT_1429154.tif","SHRT_FNAME":"MDT_1429154.tif","UPPER_LEFT_X":"470960.999","UPPER_LEFT_Y":"9218873.576","LOWER_RIGHT_X":"471962.999","LOWER_RIGHT_Y":"9217871.576"},"geometry":{"type":"Polygon","coordinates":[[[470960.99900000001071,9218873.575999999418855],[471962.99900000001071,9218873.575999999418855],[471962.99900000001071,9217871.575999999418855],[470960.99900000001071,9217871.575999999418855],[470960.99900000001071,9218873.575999999418855]]]}},
{"type":"Feature","properties":{"DESCRIPTION":"MDT_1429153.tif","FILENAME":"U:\\P589_AmazoniaRevelada_BR-319\\LiDAR_dataset\\ENTREGAS\\ENTREGA_05\\2_MDT\\GEOTIFF\\MDT_1429153.tif","SHRT_FNAME":"MDT_1429153.tif","UPPER_LEFT_X":"469960.904","UPPER_LEFT_Y":"9218873.576","LOWER_RIGHT_X":"470962.904","LOWER_RIGHT_Y":"9217871.576"},"geometry":{"type":"Polygon","coordinates":[[[469960.903999999980442,9218873.575999999418855],[470962.903999999980442,9218873.575999999418855],[470962.903999999980442,9217871.575999999418855],[469960.903999999980442,9217871.575999999418855],[469960.903999999980442,9218873.575999999418855]]]}},
{"type":"Feature","properties":{"DESCRIPTION":"MDT_1429152.tif","FILENAME":"U:\\P589_AmazoniaRevelada_BR-319\\LiDAR_dataset\\ENTREGAS\\ENTREGA_05\\2_MDT\\GEOTIFF\\MDT_1429152.tif","SHRT_FNAME":"MDT_1429152.tif","UPPER_LEFT_X":"468960.809","UPPER_LEFT_Y":"9218873.576","LOWER_RIGHT_X":"469962.809","LOWER_RIGHT_Y":"9217871.576"},"geometry":{"type":"Polygon","coordinates":[[[468960.809,9218873.575999999418855],[469962.809,9218873.575999999418855],[469962.809,9217871.575999999418855],[468960.809,9217871.575999999418855],[468960.809,9218873.575999999418855]]]}},
{"type":"Feature","properties":{"DESCRIPTION":"MDT_1429151.tif","FILENAME":"U:\\P589_AmazoniaRevelada_BR-319\\LiDAR_dataset\\ENTREGAS\\ENTREGA_05\\2_MDT\\GEOTIFF\\MDT_1429151.tif","SHRT_FNAME":"MDT_1429151.tif","UPPER_LEFT_X":"467960.714","UPPER_LEFT_Y":"9218873.576","LOWER_RIGHT_X":"468962.714","LOWER_RIGHT_Y":"9217871.576"},"geometry":{"type":"Polygon","coordinates":[[[467960.713999999978114,9218873.575999999418855],[468962.713999999978114,9218873.575999999418855],[468962.713999999978114,9217871.575999999418855],[467960.713999999978114,9217871.575999999418855],[467960.713999999978114,9218873.575999999418855]]]}},
{"type":"Feature","properties":{"DESCRIPTION":"MDT_1429150.tif","FILENAME":"U:\\P589_AmazoniaRevelada_BR-319\\LiDAR_dataset\\ENTREGAS\\ENTREGA_05\\2_MDT\\GEOTIFF\\MDT_1429150.tif","SHRT_FNAME":"MDT_1429150.tif","UPPER_LEFT_X":"466960.618","UPPER_LEFT_Y":"9218873.576","LOWER_RIGHT_X":"467962.618","LOWER_RIGHT_Y":"9217871.576"},"geometry":{"type":"Polygon","coordinates":[[[466960.618000000016764,9218873.575999999418855],[467962.618000000016764,9218873.575999999418855],[467962.618000000016764,9217871.575999999418855],[466960.618000000016764,9217871.575999999418855],[466960.618000000016764,9218873.575999999418855]]]}},
{"type":"Feature","properties":{"DESCRIPTION":"MDT_1429149.tif","FILENAME":"U:\\P589_AmazoniaRevelada_BR-319\\LiDAR_dataset\\ENTREGAS\\ENTREGA_05\\2_MDT\\GEOTIFF\\MDT_1429149.tif","SHRT_FNAME":"MDT_1429149.tif","UPPER_LEFT_X":"465960.523","UPPER_LEFT_Y":"9218873.576","LOWER_RIGHT_X":"466962.523","LOWER_RIGHT_Y":"9217871.576"},"geometry":{"type":"Polygon","coordinates":[[[465960.522999999986496,9218873.575999999418855],[466962.522999999986496,9218873.575999999418855],[466962.522999999986496,9217871.575999999418855],[465960.522999999986496,9217871.575999999418855],[465960.522999999986496,9218873.575999999418855]]]}},
{"type":"Feature","properties":{"DESCRIPTION":"MDT_1429148.tif","FILENAME":"U:\\P589_AmazoniaRevelada_BR-319\\LiDAR_dataset\\ENTREGAS\\ENTREGA_05\\2_MDT\\GEOTIFF\\MDT_1429148.tif","SHRT_FNAME":"MDT_1429148.tif","UPPER_LEFT_X":"464960.428","UPPER_LEFT_Y":"9218873.576","LOWER_RIGHT_X":"465962.428","LOWER_RIGHT_Y":"9217871.576"},"geometry":{"type":"Polygon","coordinates":[[[464960.428000000014435,9218873.575999999418855],[465962.428000000014435,9218873.575999999418855],[465962.428000000014435,9217871.575999999418855],[464960.428000000014435,9217871.575999999418855],[464960.428000000014435,9218873.575999999418855]]]}},
{"type":"Feature","properties":{"DESCRIPTION":"MDT_1429147.tif","FILENAME":"U:\\P589_AmazoniaRevelada_BR-319\\LiDAR_dataset\\ENTREGAS\\ENTREGA_05\\2_MDT\\GEOTIFF\\MDT_1429147.tif","SHRT_FNAME":"MDT_1429147.tif","UPPER_LEFT_X":"463960.333","UPPER_LEFT_Y":"9218873.576","LOWER_RIGHT_X":"464962.333","LOWER_RIGHT_Y":"9217871.576"},"geometry":{"type":"Polygon","coordinates":[[[463960.332999999984168,9218873.575999999418855],[464962.332999999984168,9218873.575999999418855],[464962.332999999984168,9217871.575999999418855],[463960.332999999984168,9217871.575999999418855],[463960.332999999984168,9218873.575999999418855]]]}},
{"type":"Feature","properties":{"DESCRIPTION":"MDT_1428193.tif","FILENAME":"U:\\P589_AmazoniaRevelada_BR-319\\LiDAR_dataset\\ENTREGAS\\ENTREGA_05\\2_MDT\\GEOTIFF\\MDT_1428193.tif","SHRT_FNAME":"MDT_1428193.tif","UPPER_LEFT_X":"509964.712","UPPER_LEFT_Y":"9219873.451","LOWER_RIGHT_X":"510966.712","LOWER_RIGHT_Y":"9218871.451"},"geometry":{"type":"Polygon","coordinates":[[[509964.712,9219873.450999999418855],[510966.712,9219873.450999999418855],[510966.712,9218871.450999999418855],[509964.712,9218871.450999999418855],[509964.712,9219873.450999999418855]]]}},
{"type":"Feature","properties":{"DESCRIPTION":"MDT_1428192.tif","FILENAME":"U:\\P589_AmazoniaRevelada_BR-319\\LiDAR_dataset\\ENTREGAS\\ENTREGA_05\\2_MDT\\GEOTIFF\\MDT_1428192.tif","SHRT_FNAME":"MDT_1428192.tif","UPPER_LEFT_X":"508964.617","UPPER_LEFT_Y":"9219873.451","LOWER_RIGHT_X":"509966.617","LOWER_RIGHT_Y":"9218871.451"},"geometry":{"type":"Polygon","coordinates":[[[508964.617000000027474,9219873.450999999418855],[509966.617000000027474,9219873.450999999418855],[509966.617000000027474,9218871.450999999418855],[508964.617000000027474,9218871.450999999418855],[508964.617000000027474,9219873.450999999418855]]]}},
{"type":"Feature","properties":{"DESCRIPTION":"MDT_1428191.tif","FILENAME":"U:\\P589_AmazoniaRevelada_BR-319\\LiDAR_dataset\\ENTREGAS\\ENTREGA_05\\2_MDT\\GEOTIFF\\MDT_1428191.tif","SHRT_FNAME":"MDT_1428191.tif","UPPER_LEFT_X":"507964.522","UPPER_LEFT_Y":"9219873.451","LOWER_RIGHT_X":"508966.522","LOWER_RIGHT_Y":"9218871.451"},"geometry":{"type":"Polygon","coordinates":[[[507964.522,9219873.450999999418855],[508966.522,9219873.450999999418855],[508966.522,9218871.450999999418855],[507964.522,9218871.450999999418855],[507964.522,9219873.450999999418855]]]}},
{"type":"Feature","properties":{"DESCRIPTION":"MDT_1428190.tif","FILENAME":"U:\\P589_AmazoniaRevelada_BR-319\\LiDAR_dataset\\ENTREGAS\\ENTREGA_05\\2_MDT\\GEOTIFF\\MDT_1428190.tif","SHRT_FNAME":"MDT_1428190.tif","UPPER_LEFT_X":"506964.426","UPPER_LEFT_Y":"9219873.451","LOWER_RIGHT_X":"507966.426","LOWER_RIGHT_Y":"9218871.451"},"geometry":{"type":"Polygon","coordinates":[[[506964.425999999977648,9219873.450999999418855],[507966.425999999977648,9219873.450999999418855],[507966.425999999977648,9218871.450999999418855],[506964.425999999977648,9218871.450999999418855],[506964.425999999977648,9219873.450999999418855]]]}},
{"type":"Feature","properties":{"DESCRIPTION":"MDT_1428189.tif","FILENAME":"U:\\P589_AmazoniaRevelada_BR-319\\LiDAR_dataset\\ENTREGAS\\ENTREGA_05\\2_MDT\\GEOTIFF\\MDT_1428189.tif","SHRT_FNAME":"MDT_1428189.tif","UPPER_LEFT_X":"505964.331","UPPER_LEFT_Y":"9219873.451","LOWER_RIGHT_X":"506966.331","LOWER_RIGHT_Y":"9218871.451"},"geometry":{"type":"Polygon","coordinates":[[[505964.331,9219873.450999999418855],[506966.331,9219873.450999999418855],[506966.331,9218871.450999999418855],[505964.331,9218871.450999999418855],[505964.331,9219873.450999999418855]]]}},
{"type":"Feature","properties":{"DESCRIPTION":"MDT_1428188.tif","FILENAME":"U:\\P589_AmazoniaRevelada_BR-319\\LiDAR_dataset\\ENTREGAS\\ENTREGA_05\\2_MDT\\GEOTIFF\\MDT_1428188.tif","SHRT_FNAME":"MDT_1428188.tif","UPPER_LEFT_X":"504964.236","UPPER_LEFT_Y":"9219873.451","LOWER_RIGHT_X":"505966.236","LOWER_RIGHT_Y":"9218871.451"},"geometry":{"type":"Polygon","coordinates":[[[504964.23599999997532,9219873.450999999418855],[505966.23599999997532,9219873.450999999418855],[505966.23599999997532,9218871.450999999418855],[504964.23599999997532,9218871.450999999418855],[504964.23599999997532,9219873.450999999418855]]]}},
{"type":"Feature","properties":{"DESCRIPTION":"MDT_1428187.tif","FILENAME":"U:\\P589_AmazoniaRevelada_BR-319\\LiDAR_dataset\\ENTREGAS\\ENTREGA_05\\2_MDT\\GEOTIFF\\MDT_1428187.tif","SHRT_FNAME":"MDT_1428187.tif","UPPER_LEFT_X":"503964.141","UPPER_LEFT_Y":"9219873.451","LOWER_RIGHT_X":"504966.141","LOWER_RIGHT_Y":"9218871.451"},"geometry":{"type":"Polygon","coordinates":[[[503964.141,9219873.450999999418855],[504966.141,9219873.450999999418855],[504966.141,9218871.450999999418855],[503964.141,9218871.450999999418855],[503964.141,9219873.450999999418855]]]}},
{"type":"Feature","properties":{"DESCRIPTION":"MDT_1428186.tif","FILENAME":"U:\\P589_AmazoniaRevelada_BR-319\\LiDAR_dataset\\ENTREGAS\\ENTREGA_05\\2_MDT\\GEOTIFF\\MDT_1428186.tif","SHRT_FNAME":"MDT_1428186.tif","UPPER_LEFT_X":"502964.046","UPPER_LEFT_Y":"9219873.451","LOWER_RIGHT_X":"503966.046","LOWER_RIGHT_Y":"9218871.451"},"geometry":{"type":"Polygon","coordinates":[[[502964.045999999972992,9219873.450999999418855],[503966.045999999972992,9219873.450999999418855],[503966.045999999972992,9218871.450999999418855],[502964.045999999972992,9218871.450999999418855],[502964.045999999972992,9219873.450999999418855]]]}},
{"type":"Feature","properties":{"DESCRIPTION":"MDT_1428185.tif","FILENAME":"U:\\P589_AmazoniaRevelada_BR-319\\LiDAR_dataset\\ENTREGAS\\ENTREGA_05\\2_MDT\\GEOTIFF\\MDT_1428185.tif","SHRT_FNAME":"MDT_1428185.tif","UPPER_LEFT_X":"501963.950","UPPER_LEFT_Y":"9219873.451","LOWER_RIGHT_X":"502965.950","LOWER_RIGHT_Y":"9218871.451"},"geometry":{"type":"Polygon","coordinates":[[[501963.950000000011642,9219873.450999999418855],[502965.950000000011642,9219873.450999999418855],[502965.950000000011642,9218871.450999999418855],[501963.950000000011642,9218871.450999999418855],[501963.950000000011642,9219873.450999999418855]]]}},
{"type":"Feature","properties":{"DESCRIPTION":"MDT_1428184.tif","FILENAME":"U:\\P589_AmazoniaRevelada_BR-319\\LiDAR_dataset\\ENTREGAS\\ENTREGA_05\\2_MDT\\GEOTIFF\\MDT_1428184.tif","SHRT_FNAME":"MDT_1428184.tif","UPPER_LEFT_X":"500963.855","UPPER_LEFT_Y":"9219873.451","LOWER_RIGHT_X":"501965.855","LOWER_RIGHT_Y":"9218871.451"},"geometry":{"type":"Polygon","coordinates":[[[500963.854999999981374,9219873.450999999418855],[501965.854999999981374,9219873.450999999418855],[501965.854999999981374,9218871.450999999418855],[500963.854999999981374,9218871.450999999418855],[500963.854999999981374,9219873.450999999418855]]]}},
{"type":"Feature","properties":{"DESCRIPTION":"MDT_1428183.tif","FILENAME":"U:\\P589_AmazoniaRevelada_BR-319\\LiDAR_dataset\\ENTREGAS\\ENTREGA_05\\2_MDT\\GEOTIFF\\MDT_1428183.tif","SHRT_FNAME":"MDT_1428183.tif","UPPER_LEFT_X":"499963.760","UPPER_LEFT_Y":"9219873.451","LOWER_RIGHT_X":"500965.760","LOWER_RIGHT_Y":"9218871.451"},"geometry":{"type":"Polygon","coordinates":[[[499963.76,9219873.450999999418855],[500965.76,9219873.450999999418855],[500965.76,9218871.450999999418855],[499963.76,9218871.450999999418855],[499963.76,9219873.450999999418855]]]}},
{"type":"Feature","properties":{"DESCRIPTION":"MDT_1428182.tif","FILENAME":"U:\\P589_AmazoniaRevelada_BR-319\\LiDAR_dataset\\ENTREGAS\\ENTREGA_05\\2_MDT\\GEOTIFF\\MDT_1428182.tif","SHRT_FNAME":"MDT_1428182.tif","UPPER_LEFT_X":"498963.665","UPPER_LEFT_Y":"9219873.451","LOWER_RIGHT_X":"499965.665","LOWER_RIGHT_Y":"9218871.451"},"geometry":{"type":"Polygon","coordinates":[[[498963.664999999979045,9219873.450999999418855],[499965.664999999979045,9219873.450999999418855],[499965.664999999979045,9218871.450999999418855],[498963.664999999979045,9218871.450999999418855],[498963.664999999979045,9219873.450999999418855]]]}},
{"type":"Feature","properties":{"DESCRIPTION":"MDT_1428181.tif","FILENAME":"U:\\P589_AmazoniaRevelada_BR-319\\LiDAR_dataset\\ENTREGAS\\ENTREGA_05\\2_MDT\\GEOTIFF\\MDT_1428181.tif","SHRT_FNAME":"MDT_1428181.tif","UPPER_LEFT_X":"497963.570","UPPER_LEFT_Y":"9219873.451","LOWER_RIGHT_X":"498965.570","LOWER_RIGHT_Y":"9218871.451"},"geometry":{"type":"Polygon","coordinates":[[[497963.57,9219873.450999999418855],[498965.57,9219873.450999999418855],[498965.57,9218871.450999999418855],[497963.57,9218871.450999999418855],[497963.57,9219873.450999999418855]]]}},
{"type":"Feature","properties":{"DESCRIPTION":"MDT_1428180.tif","FILENAME":"U:\\P589_AmazoniaRevelada_BR-319\\LiDAR_dataset\\ENTREGAS\\ENTREGA_05\\2_MDT\\GEOTIFF\\MDT_1428180.tif","SHRT_FNAME":"MDT_1428180.tif","UPPER_LEFT_X":"496963.474","UPPER_LEFT_Y":"9219873.451","LOWER_RIGHT_X":"497965.474","LOWER_RIGHT_Y":"9218871.451"},"geometry":{"type":"Polygon","coordinates":[[[496963.473999999987427,9219873.450999999418855],[497965.473999999987427,9219873.450999999418855],[497965.473999999987427,9218871.450999999418855],[496963.473999999987427,9218871.450999999418855],[496963.473999999987427,9219873.450999999418855]]]}},
{"type":"Feature","properties":{"DESCRIPTION":"MDT_1428179.tif","FILENAME":"U:\\P589_AmazoniaRevelada_BR-319\\LiDAR_dataset\\ENTREGAS\\ENTREGA_05\\2_MDT\\GEOTIFF\\MDT_1428179.tif","SHRT_FNAME":"MDT_1428179.tif","UPPER_LEFT_X":"495963.379","UPPER_LEFT_Y":"9219873.451","LOWER_RIGHT_X":"496965.379","LOWER_RIGHT_Y":"9218871.451"},"geometry":{"type":"Polygon","coordinates":[[[495963.379000000015367,9219873.450999999418855],[496965.379000000015367,9219873.450999999418855],[496965.379000000015367,9218871.450999999418855],[495963.379000000015367,9218871.450999999418855],[495963.379000000015367,9219873.450999999418855]]]}},
{"type":"Feature","properties":{"DESCRIPTION":"MDT_1428178.tif","FILENAME":"U:\\P589_AmazoniaRevelada_BR-319\\LiDAR_dataset\\ENTREGAS\\ENTREGA_05\\2_MDT\\GEOTIFF\\MDT_1428178.tif","SHRT_FNAME":"MDT_1428178.tif","UPPER_LEFT_X":"494963.284","UPPER_LEFT_Y":"9219873.451","LOWER_RIGHT_X":"495965.284","LOWER_RIGHT_Y":"9218871.451"},"geometry":{"type":"Polygon","coordinates":[[[494963.283999999985099,9219873.450999999418855],[495965.283999999985099,9219873.450999999418855],[495965.283999999985099,9218871.450999999418855],[494963.283999999985099,9218871.450999999418855],[494963.283999999985099,9219873.450999999418855]]]}},
{"type":"Feature","properties":{"DESCRIPTION":"MDT_1428177.tif","FILENAME":"U:\\P589_AmazoniaRevelada_BR-319\\LiDAR_dataset\\ENTREGAS\\ENTREGA_05\\2_MDT\\GEOTIFF\\MDT_1428177.tif","SHRT_FNAME":"MDT_1428177.tif","UPPER_LEFT_X":"493963.189","UPPER_LEFT_Y":"9219873.451","LOWER_RIGHT_X":"494965.189","LOWER_RIGHT_Y":"9218871.451"},"geometry":{"type":"Polygon","coordinates":[[[493963.189000000013039,9219873.450999999418855],[494965.189000000013039,9219873.450999999418855],[494965.189000000013039,9218871.450999999418855],[493963.189000000013039,9218871.450999999418855],[493963.189000000013039,9219873.450999999418855]]]}},
{"type":"Feature","properties":{"DESCRIPTION":"MDT_1428176.tif","FILENAME":"U:\\P589_AmazoniaRevelada_BR-319\\LiDAR_dataset\\ENTREGAS\\ENTREGA_05\\2_MDT\\GEOTIFF\\MDT_1428176.tif","SHRT_FNAME":"MDT_1428176.tif","UPPER_LEFT_X":"492963.094","UPPER_LEFT_Y":"9219873.451","LOWER_RIGHT_X":"493965.094","LOWER_RIGHT_Y":"9218871.451"},"geometry":{"type":"Polygon","coordinates":[[[492963.093999999982771,9219873.450999999418855],[493965.093999999982771,9219873.450999999418855],[493965.093999999982771,9218871.450999999418855],[492963.093999999982771,9218871.450999999418855],[492963.093999999982771,9219873.450999999418855]]]}},
{"type":"Feature","properties":{"DESCRIPTION":"MDT_1428175.tif","FILENAME":"U:\\P589_AmazoniaRevelada_BR-319\\LiDAR_dataset\\ENTREGAS\\ENTREGA_05\\2_MDT\\GEOTIFF\\MDT_1428175.tif","SHRT_FNAME":"MDT_1428175.tif","UPPER_LEFT_X":"491962.998","UPPER_LEFT_Y":"9219873.451","LOWER_RIGHT_X":"492964.998","LOWER_RIGHT_Y":"9218871.451"},"geometry":{"type":"Polygon","coordinates":[[[491962.99800000002142,9219873.450999999418855],[492964.99800000002142,9219873.450999999418855],[492964.99800000002142,9218871.450999999418855],[491962.99800000002142,9218871.450999999418855],[491962.99800000002142,9219873.450999999418855]]]}},
{"type":"Feature","properties":{"DESCRIPTION":"MDT_1428174.tif","FILENAME":"U:\\P589_AmazoniaRevelada_BR-319\\LiDAR_dataset\\ENTREGAS\\ENTREGA_05\\2_MDT\\GEOTIFF\\MDT_1428174.tif","SHRT_FNAME":"MDT_1428174.tif","UPPER_LEFT_X":"490962.903","UPPER_LEFT_Y":"9219873.451","LOWER_RIGHT_X":"491964.903","LOWER_RIGHT_Y":"9218871.451"},"geometry":{"type":"Polygon","coordinates":[[[490962.903,9219873.450999999418855],[491964.903,9219873.450999999418855],[491964.903,9218871.450999999418855],[490962.903,9218871.450999999418855],[490962.903,9219873.450999999418855]]]}},
{"type":"Feature","properties":{"DESCRIPTION":"MDT_1428173.tif","FILENAME":"U:\\P589_AmazoniaRevelada_BR-319\\LiDAR_dataset\\ENTREGAS\\ENTREGA_05\\2_MDT\\GEOTIFF\\MDT_1428173.tif","SHRT_FNAME":"MDT_1428173.tif","UPPER_LEFT_X":"489962.808","UPPER_LEFT_Y":"9219873.451","LOWER_RIGHT_X":"490964.808","LOWER_RIGHT_Y":"9218871.451"},"geometry":{"type":"Polygon","coordinates":[[[489962.808000000019092,9219873.450999999418855],[490964.808000000019092,9219873.450999999418855],[490964.808000000019092,9218871.450999999418855],[489962.808000000019092,9218871.450999999418855],[489962.808000000019092,9219873.450999999418855]]]}},
{"type":"Feature","properties":{"DESCRIPTION":"MDT_1428172.tif","FILENAME":"U:\\P589_AmazoniaRevelada_BR-319\\LiDAR_dataset\\ENTREGAS\\ENTREGA_05\\2_MDT\\GEOTIFF\\MDT_1428172.tif","SHRT_FNAME":"MDT_1428172.tif","UPPER_LEFT_X":"488962.713","UPPER_LEFT_Y":"9219873.451","LOWER_RIGHT_X":"489964.713","LOWER_RIGHT_Y":"9218871.451"},"geometry":{"type":"Polygon","coordinates":[[[488962.712999999988824,9219873.450999999418855],[489964.712999999988824,9219873.450999999418855],[489964.712999999988824,9218871.450999999418855],[488962.712999999988824,9218871.450999999418855],[488962.712999999988824,9219873.450999999418855]]]}},
{"type":"Feature","properties":{"DESCRIPTION":"MDT_1428171.tif","FILENAME":"U:\\P589_AmazoniaRevelada_BR-319\\LiDAR_dataset\\ENTREGAS\\ENTREGA_05\\2_MDT\\GEOTIFF\\MDT_1428171.tif","SHRT_FNAME":"MDT_1428171.tif","UPPER_LEFT_X":"487962.618","UPPER_LEFT_Y":"9219873.451","LOWER_RIGHT_X":"488964.618","LOWER_RIGHT_Y":"9218871.451"},"geometry":{"type":"Polygon","coordinates":[[[487962.618000000016764,9219873.450999999418855],[488964.618000000016764,9219873.450999999418855],[488964.618000000016764,9218871.450999999418855],[487962.618000000016764,9218871.450999999418855],[487962.618000000016764,9219873.450999999418855]]]}},
{"type":"Feature","properties":{"DESCRIPTION":"MDT_1428170.tif","FILENAME":"U:\\P589_AmazoniaRevelada_BR-319\\LiDAR_dataset\\ENTREGAS\\ENTREGA_05\\2_MDT\\GEOTIFF\\MDT_1428170.tif","SHRT_FNAME":"MDT_1428170.tif","UPPER_LEFT_X":"486962.522","UPPER_LEFT_Y":"9219873.451","LOWER_RIGHT_X":"487964.522","LOWER_RIGHT_Y":"9218871.451"},"geometry":{"type":"Polygon","coordinates":[[[486962.522,9219873.450999999418855],[487964.522,9219873.450999999418855],[487964.522,9218871.450999999418855],[486962.522,9218871.450999999418855],[486962.522,9219873.450999999418855]]]}},
{"type":"Feature","properties":{"DESCRIPTION":"MDT_1428169.tif","FILENAME":"U:\\P589_AmazoniaRevelada_BR-319\\LiDAR_dataset\\ENTREGAS\\ENTREGA_05\\2_MDT\\GEOTIFF\\MDT_1428169.tif","SHRT_FNAME":"MDT_1428169.tif","UPPER_LEFT_X":"485962.427","UPPER_LEFT_Y":"9219873.451","LOWER_RIGHT_X":"486964.427","LOWER_RIGHT_Y":"9218871.451"},"geometry":{"type":"Polygon","coordinates":[[[485962.427000000025146,9219873.450999999418855],[486964.427000000025146,9219873.450999999418855],[486964.427000000025146,9218871.450999999418855],[485962.427000000025146,9218871.450999999418855],[485962.427000000025146,9219873.450999999418855]]]}},
{"type":"Feature","properties":{"DESCRIPTION":"MDT_1428168.tif","FILENAME":"U:\\P589_AmazoniaRevelada_BR-319\\LiDAR_dataset\\ENTREGAS\\ENTREGA_05\\2_MDT\\GEOTIFF\\MDT_1428168.tif","SHRT_FNAME":"MDT_1428168.tif","UPPER_LEFT_X":"484962.332","UPPER_LEFT_Y":"9219873.451","LOWER_RIGHT_X":"485964.332","LOWER_RIGHT_Y":"9218871.451"},"geometry":{"type":"Polygon","coordinates":[[[484962.332,9219873.450999999418855],[485964.332,9219873.450999999418855],[485964.332,9218871.450999999418855],[484962.332,9218871.450999999418855],[484962.332,9219873.450999999418855]]]}},
{"type":"Feature","properties":{"DESCRIPTION":"MDT_1428167.tif","FILENAME":"U:\\P589_AmazoniaRevelada_BR-319\\LiDAR_dataset\\ENTREGAS\\ENTREGA_05\\2_MDT\\GEOTIFF\\MDT_1428167.tif","SHRT_FNAME":"MDT_1428167.tif","UPPER_LEFT_X":"483962.237","UPPER_LEFT_Y":"9219873.451","LOWER_RIGHT_X":"484964.237","LOWER_RIGHT_Y":"9218871.451"},"geometry":{"type":"Polygon","coordinates":[[[483962.237000000022817,9219873.450999999418855],[484964.237000000022817,9219873.450999999418855],[484964.237000000022817,9218871.450999999418855],[483962.237000000022817,9218871.450999999418855],[483962.237000000022817,9219873.450999999418855]]]}},
{"type":"Feature","properties":{"DESCRIPTION":"MDT_1428166.tif","FILENAME":"U:\\P589_AmazoniaRevelada_BR-319\\LiDAR_dataset\\ENTREGAS\\ENTREGA_05\\2_MDT\\GEOTIFF\\MDT_1428166.tif","SHRT_FNAME":"MDT_1428166.tif","UPPER_LEFT_X":"482962.142","UPPER_LEFT_Y":"9219873.451","LOWER_RIGHT_X":"483964.142","LOWER_RIGHT_Y":"9218871.451"},"geometry":{"type":"Polygon","coordinates":[[[482962.142,9219873.450999999418855],[483964.142,9219873.450999999418855],[483964.142,9218871.450999999418855],[482962.142,9218871.450999999418855],[482962.142,9219873.450999999418855]]]}},
{"type":"Feature","properties":{"DESCRIPTION":"MDT_1428165.tif","FILENAME":"U:\\P589_AmazoniaRevelada_BR-319\\LiDAR_dataset\\ENTREGAS\\ENTREGA_05\\2_MDT\\GEOTIFF\\MDT_1428165.tif","SHRT_FNAME":"MDT_1428165.tif","UPPER_LEFT_X":"481962.046","UPPER_LEFT_Y":"9219873.451","LOWER_RIGHT_X":"482964.046","LOWER_RIGHT_Y":"9218871.451"},"geometry":{"type":"Polygon","coordinates":[[[481962.045999999972992,9219873.450999999418855],[482964.045999999972992,9219873.450999999418855],[482964.045999999972992,9218871.450999999418855],[481962.045999999972992,9218871.450999999418855],[481962.045999999972992,9219873.450999999418855]]]}},
{"type":"Feature","properties":{"DESCRIPTION":"MDT_1428164.tif","FILENAME":"U:\\P589_AmazoniaRevelada_BR-319\\LiDAR_dataset\\ENTREGAS\\ENTREGA_05\\2_MDT\\GEOTIFF\\MDT_1428164.tif","SHRT_FNAME":"MDT_1428164.tif","UPPER_LEFT_X":"480961.951","UPPER_LEFT_Y":"9219873.451","LOWER_RIGHT_X":"481963.951","LOWER_RIGHT_Y":"9218871.451"},"geometry":{"type":"Polygon","coordinates":[[[480961.951,9219873.450999999418855],[481963.951,9219873.450999999418855],[481963.951,9218871.450999999418855],[480961.951,9218871.450999999418855],[480961.951,9219873.450999999418855]]]}},
{"type":"Feature","properties":{"DESCRIPTION":"MDT_1428163.tif","FILENAME":"U:\\P589_AmazoniaRevelada_BR-319\\LiDAR_dataset\\ENTREGAS\\ENTREGA_05\\2_MDT\\GEOTIFF\\MDT_1428163.tif","SHRT_FNAME":"MDT_1428163.tif","UPPER_LEFT_X":"479961.856","UPPER_LEFT_Y":"9219873.451","LOWER_RIGHT_X":"480963.856","LOWER_RIGHT_Y":"9218871.451"},"geometry":{"type":"Polygon","coordinates":[[[479961.856000000028871,9219873.450999999418855],[480963.856000000028871,9219873.450999999418855],[480963.856000000028871,9218871.450999999418855],[479961.856000000028871,9218871.450999999418855],[479961.856000000028871,9219873.450999999418855]]]}},
{"type":"Feature","properties":{"DESCRIPTION":"MDT_1428162.tif","FILENAME":"U:\\P589_AmazoniaRevelada_BR-319\\LiDAR_dataset\\ENTREGAS\\ENTREGA_05\\2_MDT\\GEOTIFF\\MDT_1428162.tif","SHRT_FNAME":"MDT_1428162.tif","UPPER_LEFT_X":"478961.761","UPPER_LEFT_Y":"9219873.451","LOWER_RIGHT_X":"479963.761","LOWER_RIGHT_Y":"9218871.451"},"geometry":{"type":"Polygon","coordinates":[[[478961.761,9219873.450999999418855],[479963.761,9219873.450999999418855],[479963.761,9218871.450999999418855],[478961.761,9218871.450999999418855],[478961.761,9219873.450999999418855]]]}},
{"type":"Feature","properties":{"DESCRIPTION":"MDT_1428161.tif","FILENAME":"U:\\P589_AmazoniaRevelada_BR-319\\LiDAR_dataset\\ENTREGAS\\ENTREGA_05\\2_MDT\\GEOTIFF\\MDT_1428161.tif","SHRT_FNAME":"MDT_1428161.tif","UPPER_LEFT_X":"477961.666","UPPER_LEFT_Y":"9219873.451","LOWER_RIGHT_X":"478963.666","LOWER_RIGHT_Y":"9218871.451"},"geometry":{"type":"Polygon","coordinates":[[[477961.666000000026543,9219873.450999999418855],[478963.666000000026543,9219873.450999999418855],[478963.666000000026543,9218871.450999999418855],[477961.666000000026543,9218871.450999999418855],[477961.666000000026543,9219873.450999999418855]]]}},
{"type":"Feature","properties":{"DESCRIPTION":"MDT_1428160.tif","FILENAME":"U:\\P589_AmazoniaRevelada_BR-319\\LiDAR_dataset\\ENTREGAS\\ENTREGA_05\\2_MDT\\GEOTIFF\\MDT_1428160.tif","SHRT_FNAME":"MDT_1428160.tif","UPPER_LEFT_X":"476961.570","UPPER_LEFT_Y":"9219873.451","LOWER_RIGHT_X":"477963.570","LOWER_RIGHT_Y":"9218871.451"},"geometry":{"type":"Polygon","coordinates":[[[476961.57,9219873.450999999418855],[477963.57,9219873.450999999418855],[477963.57,9218871.450999999418855],[476961.57,9218871.450999999418855],[476961.57,9219873.450999999418855]]]}},
{"type":"Feature","properties":{"DESCRIPTION":"MDT_1428159.tif","FILENAME":"U:\\P589_AmazoniaRevelada_BR-319\\LiDAR_dataset\\ENTREGAS\\ENTREGA_05\\2_MDT\\GEOTIFF\\MDT_1428159.tif","SHRT_FNAME":"MDT_1428159.tif","UPPER_LEFT_X":"475961.475","UPPER_LEFT_Y":"9219873.451","LOWER_RIGHT_X":"476963.475","LOWER_RIGHT_Y":"9218871.451"},"geometry":{"type":"Polygon","coordinates":[[[475961.474999999976717,9219873.450999999418855],[476963.474999999976717,9219873.450999999418855],[476963.474999999976717,9218871.450999999418855],[475961.474999999976717,9218871.450999999418855],[475961.474999999976717,9219873.450999999418855]]]}},
{"type":"Feature","properties":{"DESCRIPTION":"MDT_1428158.tif","FILENAME":"U:\\P589_AmazoniaRevelada_BR-319\\LiDAR_dataset\\ENTREGAS\\ENTREGA_05\\2_MDT\\GEOTIFF\\MDT_1428158.tif","SHRT_FNAME":"MDT_1428158.tif","UPPER_LEFT_X":"474961.380","UPPER_LEFT_Y":"9219873.451","LOWER_RIGHT_X":"475963.380","LOWER_RIGHT_Y":"9218871.451"},"geometry":{"type":"Polygon","coordinates":[[[474961.38,9219873.450999999418855],[475963.38,9219873.450999999418855],[475963.38,9218871.450999999418855],[474961.38,9218871.450999999418855],[474961.38,9219873.450999999418855]]]}},
{"type":"Feature","properties":{"DESCRIPTION":"MDT_1428157.tif","FILENAME":"U:\\P589_AmazoniaRevelada_BR-319\\LiDAR_dataset\\ENTREGAS\\ENTREGA_05\\2_MDT\\GEOTIFF\\MDT_1428157.tif","SHRT_FNAME":"MDT_1428157.tif","UPPER_LEFT_X":"473961.285","UPPER_LEFT_Y":"9219873.451","LOWER_RIGHT_X":"474963.285","LOWER_RIGHT_Y":"9218871.451"},"geometry":{"type":"Polygon","coordinates":[[[473961.284999999974389,9219873.450999999418855],[474963.284999999974389,9219873.450999999418855],[474963.284999999974389,9218871.450999999418855],[473961.284999999974389,9218871.450999999418855],[473961.284999999974389,9219873.450999999418855]]]}},
{"type":"Feature","properties":{"DESCRIPTION":"MDT_1428156.tif","FILENAME":"U:\\P589_AmazoniaRevelada_BR-319\\LiDAR_dataset\\ENTREGAS\\ENTREGA_05\\2_MDT\\GEOTIFF\\MDT_1428156.tif","SHRT_FNAME":"MDT_1428156.tif","UPPER_LEFT_X":"472961.190","UPPER_LEFT_Y":"9219873.451","LOWER_RIGHT_X":"473963.190","LOWER_RIGHT_Y":"9218871.451"},"geometry":{"type":"Polygon","coordinates":[[[472961.19,9219873.450999999418855],[473963.19,9219873.450999999418855],[473963.19,9218871.450999999418855],[472961.19,9218871.450999999418855],[472961.19,9219873.450999999418855]]]}},
{"type":"Feature","properties":{"DESCRIPTION":"MDT_1428155.tif","FILENAME":"U:\\P589_AmazoniaRevelada_BR-319\\LiDAR_dataset\\ENTREGAS\\ENTREGA_05\\2_MDT\\GEOTIFF\\MDT_1428155.tif","SHRT_FNAME":"MDT_1428155.tif","UPPER_LEFT_X":"471961.094","UPPER_LEFT_Y":"9219873.451","LOWER_RIGHT_X":"472963.094","LOWER_RIGHT_Y":"9218871.451"},"geometry":{"type":"Polygon","coordinates":[[[471961.093999999982771,9219873.450999999418855],[472963.093999999982771,9219873.450999999418855],[472963.093999999982771,9218871.450999999418855],[471961.093999999982771,9218871.450999999418855],[471961.093999999982771,9219873.450999999418855]]]}},
{"type":"Feature","properties":{"DESCRIPTION":"MDT_1428154.tif","FILENAME":"U:\\P589_AmazoniaRevelada_BR-319\\LiDAR_dataset\\ENTREGAS\\ENTREGA_05\\2_MDT\\GEOTIFF\\MDT_1428154.tif","SHRT_FNAME":"MDT_1428154.tif","UPPER_LEFT_X":"470960.999","UPPER_LEFT_Y":"9219873.451","LOWER_RIGHT_X":"471962.999","LOWER_RIGHT_Y":"9218871.451"},"geometry":{"type":"Polygon","coordinates":[[[470960.99900000001071,9219873.450999999418855],[471962.99900000001071,9219873.450999999418855],[471962.99900000001071,9218871.450999999418855],[470960.99900000001071,9218871.450999999418855],[470960.99900000001071,9219873.450999999418855]]]}},
{"type":"Feature","properties":{"DESCRIPTION":"MDT_1428153.tif","FILENAME":"U:\\P589_AmazoniaRevelada_BR-319\\LiDAR_dataset\\ENTREGAS\\ENTREGA_05\\2_MDT\\GEOTIFF\\MDT_1428153.tif","SHRT_FNAME":"MDT_1428153.tif","UPPER_LEFT_X":"469960.904","UPPER_LEFT_Y":"9219873.451","LOWER_RIGHT_X":"470962.904","LOWER_RIGHT_Y":"9218871.451"},"geometry":{"type":"Polygon","coordinates":[[[469960.903999999980442,9219873.450999999418855],[470962.903999999980442,9219873.450999999418855],[470962.903999999980442,9218871.450999999418855],[469960.903999999980442,9218871.450999999418855],[469960.903999999980442,9219873.450999999418855]]]}},
{"type":"Feature","properties":{"DESCRIPTION":"MDT_1428152.tif","FILENAME":"U:\\P589_AmazoniaRevelada_BR-319\\LiDAR_dataset\\ENTREGAS\\ENTREGA_05\\2_MDT\\GEOTIFF\\MDT_1428152.tif","SHRT_FNAME":"MDT_1428152.tif","UPPER_LEFT_X":"468960.809","UPPER_LEFT_Y":"9219873.451","LOWER_RIGHT_X":"469962.809","LOWER_RIGHT_Y":"9218871.451"},"geometry":{"type":"Polygon","coordinates":[[[468960.809,9219873.450999999418855],[469962.809,9219873.450999999418855],[469962.809,9218871.450999999418855],[468960.809,9218871.450999999418855],[468960.809,9219873.450999999418855]]]}},
{"type":"Feature","properties":{"DESCRIPTION":"MDT_1428151.tif","FILENAME":"U:\\P589_AmazoniaRevelada_BR-319\\LiDAR_dataset\\ENTREGAS\\ENTREGA_05\\2_MDT\\GEOTIFF\\MDT_1428151.tif","SHRT_FNAME":"MDT_1428151.tif","UPPER_LEFT_X":"467960.714","UPPER_LEFT_Y":"9219873.451","LOWER_RIGHT_X":"468962.714","LOWER_RIGHT_Y":"9218871.451"},"geometry":{"type":"Polygon","coordinates":[[[467960.713999999978114,9219873.450999999418855],[468962.713999999978114,9219873.450999999418855],[468962.713999999978114,9218871.450999999418855],[467960.713999999978114,9218871.450999999418855],[467960.713999999978114,9219873.450999999418855]]]}},
{"type":"Feature","properties":{"DESCRIPTION":"MDT_1428150.tif","FILENAME":"U:\\P589_AmazoniaRevelada_BR-319\\LiDAR_dataset\\ENTREGAS\\ENTREGA_05\\2_MDT\\GEOTIFF\\MDT_1428150.tif","SHRT_FNAME":"MDT_1428150.tif","UPPER_LEFT_X":"466960.618","UPPER_LEFT_Y":"9219873.451","LOWER_RIGHT_X":"467962.618","LOWER_RIGHT_Y":"9218871.451"},"geometry":{"type":"Polygon","coordinates":[[[466960.618000000016764,9219873.450999999418855],[467962.618000000016764,9219873.450999999418855],[467962.618000000016764,9218871.450999999418855],[466960.618000000016764,9218871.450999999418855],[466960.618000000016764,9219873.450999999418855]]]}},
{"type":"Feature","properties":{"DESCRIPTION":"MDT_1428149.tif","FILENAME":"U:\\P589_AmazoniaRevelada_BR-319\\LiDAR_dataset\\ENTREGAS\\ENTREGA_05\\2_MDT\\GEOTIFF\\MDT_1428149.tif","SHRT_FNAME":"MDT_1428149.tif","UPPER_LEFT_X":"465960.523","UPPER_LEFT_Y":"9219873.451","LOWER_RIGHT_X":"466962.523","LOWER_RIGHT_Y":"9218871.451"},"geometry":{"type":"Polygon","coordinates":[[[465960.522999999986496,9219873.450999999418855],[466962.522999999986496,9219873.450999999418855],[466962.522999999986496,9218871.450999999418855],[465960.522999999986496,9218871.450999999418855],[465960.522999999986496,9219873.450999999418855]]]}},
{"type":"Feature","properties":{"DESCRIPTION":"MDT_1428148.tif","FILENAME":"U:\\P589_AmazoniaRevelada_BR-319\\LiDAR_dataset\\ENTREGAS\\ENTREGA_05\\2_MDT\\GEOTIFF\\MDT_1428148.tif","SHRT_FNAME":"MDT_1428148.tif","UPPER_LEFT_X":"464960.428","UPPER_LEFT_Y":"9219873.451","LOWER_RIGHT_X":"465962.428","LOWER_RIGHT_Y":"9218871.451"},"geometry":{"type":"Polygon","coordinates":[[[464960.428000000014435,9219873.450999999418855],[465962.428000000014435,9219873.450999999418855],[465962.428000000014435,9218871.450999999418855],[464960.428000000014435,9218871.450999999418855],[464960.428000000014435,9219873.450999999418855]]]}},
{"type":"Feature","properties":{"DESCRIPTION":"MDT_1428147.tif","FILENAME":"U:\\P589_AmazoniaRevelada_BR-319\\LiDAR_dataset\\ENTREGAS\\ENTREGA_05\\2_MDT\\GEOTIFF\\MDT_1428147.tif","SHRT_FNAME":"MDT_1428147.tif","UPPER_LEFT_X":"463960.333","UPPER_LEFT_Y":"9219873.451","LOWER_RIGHT_X":"464962.333","LOWER_RIGHT_Y":"9218871.451"},"geometry":{"type":"Polygon","coordinates":[[[463960.332999999984168,9219873.450999999418855],[464962.332999999984168,9219873.450999999418855],[464962.332999999984168,9218871.450999999418855],[463960.332999999984168,9218871.450999999418855],[463960.332999999984168,9219873.450999999418855]]]}},
{"type":"Feature","properties":{"DESCRIPTION":"MDT_1427193.tif","FILENAME":"U:\\P589_AmazoniaRevelada_BR-319\\LiDAR_dataset\\ENTREGAS\\ENTREGA_05\\2_MDT\\GEOTIFF\\MDT_1427193.tif","SHRT_FNAME":"MDT_1427193.tif","UPPER_LEFT_X":"509964.712","UPPER_LEFT_Y":"9220873.326","LOWER_RIGHT_X":"510966.712","LOWER_RIGHT_Y":"9219871.326"},"geometry":{"type":"Polygon","coordinates":[[[509964.712,9220873.325999999418855],[510966.712,9220873.325999999418855],[510966.712,9219871.325999999418855],[509964.712,9219871.325999999418855],[509964.712,9220873.325999999418855]]]}},
{"type":"Feature","properties":{"DESCRIPTION":"MDT_1427192.tif","FILENAME":"U:\\P589_AmazoniaRevelada_BR-319\\LiDAR_dataset\\ENTREGAS\\ENTREGA_05\\2_MDT\\GEOTIFF\\MDT_1427192.tif","SHRT_FNAME":"MDT_1427192.tif","UPPER_LEFT_X":"508964.617","UPPER_LEFT_Y":"9220873.326","LOWER_RIGHT_X":"509966.617","LOWER_RIGHT_Y":"9219871.326"},"geometry":{"type":"Polygon","coordinates":[[[508964.617000000027474,9220873.325999999418855],[509966.617000000027474,9220873.325999999418855],[509966.617000000027474,9219871.325999999418855],[508964.617000000027474,9219871.325999999418855],[508964.617000000027474,9220873.325999999418855]]]}},
{"type":"Feature","properties":{"DESCRIPTION":"MDT_1427191.tif","FILENAME":"U:\\P589_AmazoniaRevelada_BR-319\\LiDAR_dataset\\ENTREGAS\\ENTREGA_05\\2_MDT\\GEOTIFF\\MDT_1427191.tif","SHRT_FNAME":"MDT_1427191.tif","UPPER_LEFT_X":"507964.522","UPPER_LEFT_Y":"9220873.326","LOWER_RIGHT_X":"508966.522","LOWER_RIGHT_Y":"9219871.326"},"geometry":{"type":"Polygon","coordinates":[[[507964.522,9220873.325999999418855],[508966.522,9220873.325999999418855],[508966.522,9219871.325999999418855],[507964.522,9219871.325999999418855],[507964.522,9220873.325999999418855]]]}},
{"type":"Feature","properties":{"DESCRIPTION":"MDT_1427190.tif","FILENAME":"U:\\P589_AmazoniaRevelada_BR-319\\LiDAR_dataset\\ENTREGAS\\ENTREGA_05\\2_MDT\\GEOTIFF\\MDT_1427190.tif","SHRT_FNAME":"MDT_1427190.tif","UPPER_LEFT_X":"506964.426","UPPER_LEFT_Y":"9220873.326","LOWER_RIGHT_X":"507966.426","LOWER_RIGHT_Y":"9219871.326"},"geometry":{"type":"Polygon","coordinates":[[[506964.425999999977648,9220873.325999999418855],[507966.425999999977648,9220873.325999999418855],[507966.425999999977648,9219871.325999999418855],[506964.425999999977648,9219871.325999999418855],[506964.425999999977648,9220873.325999999418855]]]}},
{"type":"Feature","properties":{"DESCRIPTION":"MDT_1427189.tif","FILENAME":"U:\\P589_AmazoniaRevelada_BR-319\\LiDAR_dataset\\ENTREGAS\\ENTREGA_05\\2_MDT\\GEOTIFF\\MDT_1427189.tif","SHRT_FNAME":"MDT_1427189.tif","UPPER_LEFT_X":"505964.331","UPPER_LEFT_Y":"9220873.326","LOWER_RIGHT_X":"506966.331","LOWER_RIGHT_Y":"9219871.326"},"geometry":{"type":"Polygon","coordinates":[[[505964.331,9220873.325999999418855],[506966.331,9220873.325999999418855],[506966.331,9219871.325999999418855],[505964.331,9219871.325999999418855],[505964.331,9220873.325999999418855]]]}},
{"type":"Feature","properties":{"DESCRIPTION":"MDT_1427188.tif","FILENAME":"U:\\P589_AmazoniaRevelada_BR-319\\LiDAR_dataset\\ENTREGAS\\ENTREGA_05\\2_MDT\\GEOTIFF\\MDT_1427188.tif","SHRT_FNAME":"MDT_1427188.tif","UPPER_LEFT_X":"504964.236","UPPER_LEFT_Y":"9220873.326","LOWER_RIGHT_X":"505966.236","LOWER_RIGHT_Y":"9219871.326"},"geometry":{"type":"Polygon","coordinates":[[[504964.23599999997532,9220873.325999999418855],[505966.23599999997532,9220873.325999999418855],[505966.23599999997532,9219871.325999999418855],[504964.23599999997532,9219871.325999999418855],[504964.23599999997532,9220873.325999999418855]]]}},
{"type":"Feature","properties":{"DESCRIPTION":"MDT_1427187.tif","FILENAME":"U:\\P589_AmazoniaRevelada_BR-319\\LiDAR_dataset\\ENTREGAS\\ENTREGA_05\\2_MDT\\GEOTIFF\\MDT_1427187.tif","SHRT_FNAME":"MDT_1427187.tif","UPPER_LEFT_X":"503964.141","UPPER_LEFT_Y":"9220873.326","LOWER_RIGHT_X":"504966.141","LOWER_RIGHT_Y":"9219871.326"},"geometry":{"type":"Polygon","coordinates":[[[503964.141,9220873.325999999418855],[504966.141,9220873.325999999418855],[504966.141,9219871.325999999418855],[503964.141,9219871.325999999418855],[503964.141,9220873.325999999418855]]]}},
{"type":"Feature","properties":{"DESCRIPTION":"MDT_1427186.tif","FILENAME":"U:\\P589_AmazoniaRevelada_BR-319\\LiDAR_dataset\\ENTREGAS\\ENTREGA_05\\2_MDT\\GEOTIFF\\MDT_1427186.tif","SHRT_FNAME":"MDT_1427186.tif","UPPER_LEFT_X":"502964.046","UPPER_LEFT_Y":"9220873.326","LOWER_RIGHT_X":"503966.046","LOWER_RIGHT_Y":"9219871.326"},"geometry":{"type":"Polygon","coordinates":[[[502964.045999999972992,9220873.325999999418855],[503966.045999999972992,9220873.325999999418855],[503966.045999999972992,9219871.325999999418855],[502964.045999999972992,9219871.325999999418855],[502964.045999999972992,9220873.325999999418855]]]}},
{"type":"Feature","properties":{"DESCRIPTION":"MDT_1427185.tif","FILENAME":"U:\\P589_AmazoniaRevelada_BR-319\\LiDAR_dataset\\ENTREGAS\\ENTREGA_05\\2_MDT\\GEOTIFF\\MDT_1427185.tif","SHRT_FNAME":"MDT_1427185.tif","UPPER_LEFT_X":"501963.950","UPPER_LEFT_Y":"9220873.326","LOWER_RIGHT_X":"502965.950","LOWER_RIGHT_Y":"9219871.326"},"geometry":{"type":"Polygon","coordinates":[[[501963.950000000011642,9220873.325999999418855],[502965.950000000011642,9220873.325999999418855],[502965.950000000011642,9219871.325999999418855],[501963.950000000011642,9219871.325999999418855],[501963.950000000011642,9220873.325999999418855]]]}},
{"type":"Feature","properties":{"DESCRIPTION":"MDT_1427184.tif","FILENAME":"U:\\P589_AmazoniaRevelada_BR-319\\LiDAR_dataset\\ENTREGAS\\ENTREGA_05\\2_MDT\\GEOTIFF\\MDT_1427184.tif","SHRT_FNAME":"MDT_1427184.tif","UPPER_LEFT_X":"500963.855","UPPER_LEFT_Y":"9220873.326","LOWER_RIGHT_X":"501965.855","LOWER_RIGHT_Y":"9219871.326"},"geometry":{"type":"Polygon","coordinates":[[[500963.854999999981374,9220873.325999999418855],[501965.854999999981374,9220873.325999999418855],[501965.854999999981374,9219871.325999999418855],[500963.854999999981374,9219871.325999999418855],[500963.854999999981374,9220873.325999999418855]]]}},
{"type":"Feature","properties":{"DESCRIPTION":"MDT_1427183.tif","FILENAME":"U:\\P589_AmazoniaRevelada_BR-319\\LiDAR_dataset\\ENTREGAS\\ENTREGA_05\\2_MDT\\GEOTIFF\\MDT_1427183.tif","SHRT_FNAME":"MDT_1427183.tif","UPPER_LEFT_X":"499963.760","UPPER_LEFT_Y":"9220873.326","LOWER_RIGHT_X":"500965.760","LOWER_RIGHT_Y":"9219871.326"},"geometry":{"type":"Polygon","coordinates":[[[499963.76,9220873.325999999418855],[500965.76,9220873.325999999418855],[500965.76,9219871.325999999418855],[499963.76,9219871.325999999418855],[499963.76,9220873.325999999418855]]]}},
{"type":"Feature","properties":{"DESCRIPTION":"MDT_1427182.tif","FILENAME":"U:\\P589_AmazoniaRevelada_BR-319\\LiDAR_dataset\\ENTREGAS\\ENTREGA_05\\2_MDT\\GEOTIFF\\MDT_1427182.tif","SHRT_FNAME":"MDT_1427182.tif","UPPER_LEFT_X":"498963.665","UPPER_LEFT_Y":"9220873.326","LOWER_RIGHT_X":"499965.665","LOWER_RIGHT_Y":"9219871.326"},"geometry":{"type":"Polygon","coordinates":[[[498963.664999999979045,9220873.325999999418855],[499965.664999999979045,9220873.325999999418855],[499965.664999999979045,9219871.325999999418855],[498963.664999999979045,9219871.325999999418855],[498963.664999999979045,9220873.325999999418855]]]}},
{"type":"Feature","properties":{"DESCRIPTION":"MDT_1427181.tif","FILENAME":"U:\\P589_AmazoniaRevelada_BR-319\\LiDAR_dataset\\ENTREGAS\\ENTREGA_05\\2_MDT\\GEOTIFF\\MDT_1427181.tif","SHRT_FNAME":"MDT_1427181.tif","UPPER_LEFT_X":"497963.570","UPPER_LEFT_Y":"9220873.326","LOWER_RIGHT_X":"498965.570","LOWER_RIGHT_Y":"9219871.326"},"geometry":{"type":"Polygon","coordinates":[[[497963.57,9220873.325999999418855],[498965.57,9220873.325999999418855],[498965.57,9219871.325999999418855],[497963.57,9219871.325999999418855],[497963.57,9220873.325999999418855]]]}},
{"type":"Feature","properties":{"DESCRIPTION":"MDT_1427180.tif","FILENAME":"U:\\P589_AmazoniaRevelada_BR-319\\LiDAR_dataset\\ENTREGAS\\ENTREGA_05\\2_MDT\\GEOTIFF\\MDT_1427180.tif","SHRT_FNAME":"MDT_1427180.tif","UPPER_LEFT_X":"496963.474","UPPER_LEFT_Y":"9220873.326","LOWER_RIGHT_X":"497965.474","LOWER_RIGHT_Y":"9219871.326"},"geometry":{"type":"Polygon","coordinates":[[[496963.473999999987427,9220873.325999999418855],[497965.473999999987427,9220873.325999999418855],[497965.473999999987427,9219871.325999999418855],[496963.473999999987427,9219871.325999999418855],[496963.473999999987427,9220873.325999999418855]]]}},
{"type":"Feature","properties":{"DESCRIPTION":"MDT_1427179.tif","FILENAME":"U:\\P589_AmazoniaRevelada_BR-319\\LiDAR_dataset\\ENTREGAS\\ENTREGA_05\\2_MDT\\GEOTIFF\\MDT_1427179.tif","SHRT_FNAME":"MDT_1427179.tif","UPPER_LEFT_X":"495963.379","UPPER_LEFT_Y":"9220873.326","LOWER_RIGHT_X":"496965.379","LOWER_RIGHT_Y":"9219871.326"},"geometry":{"type":"Polygon","coordinates":[[[495963.379000000015367,9220873.325999999418855],[496965.379000000015367,9220873.325999999418855],[496965.379000000015367,9219871.325999999418855],[495963.379000000015367,9219871.325999999418855],[495963.379000000015367,9220873.325999999418855]]]}},
{"type":"Feature","properties":{"DESCRIPTION":"MDT_1427178.tif","FILENAME":"U:\\P589_AmazoniaRevelada_BR-319\\LiDAR_dataset\\ENTREGAS\\ENTREGA_05\\2_MDT\\GEOTIFF\\MDT_1427178.tif","SHRT_FNAME":"MDT_1427178.tif","UPPER_LEFT_X":"494963.284","UPPER_LEFT_Y":"9220873.326","LOWER_RIGHT_X":"495965.284","LOWER_RIGHT_Y":"9219871.326"},"geometry":{"type":"Polygon","coordinates":[[[494963.283999999985099,9220873.325999999418855],[495965.283999999985099,9220873.325999999418855],[495965.283999999985099,9219871.325999999418855],[494963.283999999985099,9219871.325999999418855],[494963.283999999985099,9220873.325999999418855]]]}},
{"type":"Feature","properties":{"DESCRIPTION":"MDT_1427177.tif","FILENAME":"U:\\P589_AmazoniaRevelada_BR-319\\LiDAR_dataset\\ENTREGAS\\ENTREGA_05\\2_MDT\\GEOTIFF\\MDT_1427177.tif","SHRT_FNAME":"MDT_1427177.tif","UPPER_LEFT_X":"493963.189","UPPER_LEFT_Y":"9220873.326","LOWER_RIGHT_X":"494965.189","LOWER_RIGHT_Y":"9219871.326"},"geometry":{"type":"Polygon","coordinates":[[[493963.189000000013039,9220873.325999999418855],[494965.189000000013039,9220873.325999999418855],[494965.189000000013039,9219871.325999999418855],[493963.189000000013039,9219871.325999999418855],[493963.189000000013039,9220873.325999999418855]]]}},
{"type":"Feature","properties":{"DESCRIPTION":"MDT_1427176.tif","FILENAME":"U:\\P589_AmazoniaRevelada_BR-319\\LiDAR_dataset\\ENTREGAS\\ENTREGA_05\\2_MDT\\GEOTIFF\\MDT_1427176.tif","SHRT_FNAME":"MDT_1427176.tif","UPPER_LEFT_X":"492963.094","UPPER_LEFT_Y":"9220873.326","LOWER_RIGHT_X":"493965.094","LOWER_RIGHT_Y":"9219871.326"},"geometry":{"type":"Polygon","coordinates":[[[492963.093999999982771,9220873.325999999418855],[493965.093999999982771,9220873.325999999418855],[493965.093999999982771,9219871.325999999418855],[492963.093999999982771,9219871.325999999418855],[492963.093999999982771,9220873.325999999418855]]]}},
{"type":"Feature","properties":{"DESCRIPTION":"MDT_1427175.tif","FILENAME":"U:\\P589_AmazoniaRevelada_BR-319\\LiDAR_dataset\\ENTREGAS\\ENTREGA_05\\2_MDT\\GEOTIFF\\MDT_1427175.tif","SHRT_FNAME":"MDT_1427175.tif","UPPER_LEFT_X":"491962.998","UPPER_LEFT_Y":"9220873.326","LOWER_RIGHT_X":"492964.998","LOWER_RIGHT_Y":"9219871.326"},"geometry":{"type":"Polygon","coordinates":[[[491962.99800000002142,9220873.325999999418855],[492964.99800000002142,9220873.325999999418855],[492964.99800000002142,9219871.325999999418855],[491962.99800000002142,9219871.325999999418855],[491962.99800000002142,9220873.325999999418855]]]}},
{"type":"Feature","properties":{"DESCRIPTION":"MDT_1427174.tif","FILENAME":"U:\\P589_AmazoniaRevelada_BR-319\\LiDAR_dataset\\ENTREGAS\\ENTREGA_05\\2_MDT\\GEOTIFF\\MDT_1427174.tif","SHRT_FNAME":"MDT_1427174.tif","UPPER_LEFT_X":"490962.903","UPPER_LEFT_Y":"9220873.326","LOWER_RIGHT_X":"491964.903","LOWER_RIGHT_Y":"9219871.326"},"geometry":{"type":"Polygon","coordinates":[[[490962.903,9220873.325999999418855],[491964.903,9220873.325999999418855],[491964.903,9219871.325999999418855],[490962.903,9219871.325999999418855],[490962.903,9220873.325999999418855]]]}},
{"type":"Feature","properties":{"DESCRIPTION":"MDT_1427173.tif","FILENAME":"U:\\P589_AmazoniaRevelada_BR-319\\LiDAR_dataset\\ENTREGAS\\ENTREGA_05\\2_MDT\\GEOTIFF\\MDT_1427173.tif","SHRT_FNAME":"MDT_1427173.tif","UPPER_LEFT_X":"489962.808","UPPER_LEFT_Y":"9220873.326","LOWER_RIGHT_X":"490964.808","LOWER_RIGHT_Y":"9219871.326"},"geometry":{"type":"Polygon","coordinates":[[[489962.808000000019092,9220873.325999999418855],[490964.808000000019092,9220873.325999999418855],[490964.808000000019092,9219871.325999999418855],[489962.808000000019092,9219871.325999999418855],[489962.808000000019092,9220873.325999999418855]]]}},
{"type":"Feature","properties":{"DESCRIPTION":"MDT_1427172.tif","FILENAME":"U:\\P589_AmazoniaRevelada_BR-319\\LiDAR_dataset\\ENTREGAS\\ENTREGA_05\\2_MDT\\GEOTIFF\\MDT_1427172.tif","SHRT_FNAME":"MDT_1427172.tif","UPPER_LEFT_X":"488962.713","UPPER_LEFT_Y":"9220873.326","LOWER_RIGHT_X":"489964.713","LOWER_RIGHT_Y":"9219871.326"},"geometry":{"type":"Polygon","coordinates":[[[488962.712999999988824,9220873.325999999418855],[489964.712999999988824,9220873.325999999418855],[489964.712999999988824,9219871.325999999418855],[488962.712999999988824,9219871.325999999418855],[488962.712999999988824,9220873.325999999418855]]]}},
{"type":"Feature","properties":{"DESCRIPTION":"MDT_1427171.tif","FILENAME":"U:\\P589_AmazoniaRevelada_BR-319\\LiDAR_dataset\\ENTREGAS\\ENTREGA_05\\2_MDT\\GEOTIFF\\MDT_1427171.tif","SHRT_FNAME":"MDT_1427171.tif","UPPER_LEFT_X":"487962.618","UPPER_LEFT_Y":"9220873.326","LOWER_RIGHT_X":"488964.618","LOWER_RIGHT_Y":"9219871.326"},"geometry":{"type":"Polygon","coordinates":[[[487962.618000000016764,9220873.325999999418855],[488964.618000000016764,9220873.325999999418855],[488964.618000000016764,9219871.325999999418855],[487962.618000000016764,9219871.325999999418855],[487962.618000000016764,9220873.325999999418855]]]}},
{"type":"Feature","properties":{"DESCRIPTION":"MDT_1427170.tif","FILENAME":"U:\\P589_AmazoniaRevelada_BR-319\\LiDAR_dataset\\ENTREGAS\\ENTREGA_05\\2_MDT\\GEOTIFF\\MDT_1427170.tif","SHRT_FNAME":"MDT_1427170.tif","UPPER_LEFT_X":"486962.522","UPPER_LEFT_Y":"9220873.326","LOWER_RIGHT_X":"487964.522","LOWER_RIGHT_Y":"9219871.326"},"geometry":{"type":"Polygon","coordinates":[[[486962.522,9220873.325999999418855],[487964.522,9220873.325999999418855],[487964.522,9219871.325999999418855],[486962.522,9219871.325999999418855],[486962.522,9220873.325999999418855]]]}},
{"type":"Feature","properties":{"DESCRIPTION":"MDT_1427169.tif","FILENAME":"U:\\P589_AmazoniaRevelada_BR-319\\LiDAR_dataset\\ENTREGAS\\ENTREGA_05\\2_MDT\\GEOTIFF\\MDT_1427169.tif","SHRT_FNAME":"MDT_1427169.tif","UPPER_LEFT_X":"485962.427","UPPER_LEFT_Y":"9220873.326","LOWER_RIGHT_X":"486964.427","LOWER_RIGHT_Y":"9219871.326"},"geometry":{"type":"Polygon","coordinates":[[[485962.427000000025146,9220873.325999999418855],[486964.427000000025146,9220873.325999999418855],[486964.427000000025146,9219871.325999999418855],[485962.427000000025146,9219871.325999999418855],[485962.427000000025146,9220873.325999999418855]]]}},
{"type":"Feature","properties":{"DESCRIPTION":"MDT_1427168.tif","FILENAME":"U:\\P589_AmazoniaRevelada_BR-319\\LiDAR_dataset\\ENTREGAS\\ENTREGA_05\\2_MDT\\GEOTIFF\\MDT_1427168.tif","SHRT_FNAME":"MDT_1427168.tif","UPPER_LEFT_X":"484962.332","UPPER_LEFT_Y":"9220873.326","LOWER_RIGHT_X":"485964.332","LOWER_RIGHT_Y":"9219871.326"},"geometry":{"type":"Polygon","coordinates":[[[484962.332,9220873.325999999418855],[485964.332,9220873.325999999418855],[485964.332,9219871.325999999418855],[484962.332,9219871.325999999418855],[484962.332,9220873.325999999418855]]]}},
{"type":"Feature","properties":{"DESCRIPTION":"MDT_1427167.tif","FILENAME":"U:\\P589_AmazoniaRevelada_BR-319\\LiDAR_dataset\\ENTREGAS\\ENTREGA_05\\2_MDT\\GEOTIFF\\MDT_1427167.tif","SHRT_FNAME":"MDT_1427167.tif","UPPER_LEFT_X":"483962.237","UPPER_LEFT_Y":"9220873.326","LOWER_RIGHT_X":"484964.237","LOWER_RIGHT_Y":"9219871.326"},"geometry":{"type":"Polygon","coordinates":[[[483962.237000000022817,9220873.325999999418855],[484964.237000000022817,9220873.325999999418855],[484964.237000000022817,9219871.325999999418855],[483962.237000000022817,9219871.325999999418855],[483962.237000000022817,9220873.325999999418855]]]}},
{"type":"Feature","properties":{"DESCRIPTION":"MDT_1427166.tif","FILENAME":"U:\\P589_AmazoniaRevelada_BR-319\\LiDAR_dataset\\ENTREGAS\\ENTREGA_05\\2_MDT\\GEOTIFF\\MDT_1427166.tif","SHRT_FNAME":"MDT_1427166.tif","UPPER_LEFT_X":"482962.142","UPPER_LEFT_Y":"9220873.326","LOWER_RIGHT_X":"483964.142","LOWER_RIGHT_Y":"9219871.326"},"geometry":{"type":"Polygon","coordinates":[[[482962.142,9220873.325999999418855],[483964.142,9220873.325999999418855],[483964.142,9219871.325999999418855],[482962.142,9219871.325999999418855],[482962.142,9220873.325999999418855]]]}},
{"type":"Feature","properties":{"DESCRIPTION":"MDT_1427165.tif","FILENAME":"U:\\P589_AmazoniaRevelada_BR-319\\LiDAR_dataset\\ENTREGAS\\ENTREGA_05\\2_MDT\\GEOTIFF\\MDT_1427165.tif","SHRT_FNAME":"MDT_1427165.tif","UPPER_LEFT_X":"481962.046","UPPER_LEFT_Y":"9220873.326","LOWER_RIGHT_X":"482964.046","LOWER_RIGHT_Y":"9219871.326"},"geometry":{"type":"Polygon","coordinates":[[[481962.045999999972992,9220873.325999999418855],[482964.045999999972992,9220873.325999999418855],[482964.045999999972992,9219871.325999999418855],[481962.045999999972992,9219871.325999999418855],[481962.045999999972992,9220873.325999999418855]]]}},
{"type":"Feature","properties":{"DESCRIPTION":"MDT_1427164.tif","FILENAME":"U:\\P589_AmazoniaRevelada_BR-319\\LiDAR_dataset\\ENTREGAS\\ENTREGA_05\\2_MDT\\GEOTIFF\\MDT_1427164.tif","SHRT_FNAME":"MDT_1427164.tif","UPPER_LEFT_X":"480961.951","UPPER_LEFT_Y":"9220873.326","LOWER_RIGHT_X":"481963.951","LOWER_RIGHT_Y":"9219871.326"},"geometry":{"type":"Polygon","coordinates":[[[480961.951,9220873.325999999418855],[481963.951,9220873.325999999418855],[481963.951,9219871.325999999418855],[480961.951,9219871.325999999418855],[480961.951,9220873.325999999418855]]]}},
{"type":"Feature","properties":{"DESCRIPTION":"MDT_1427163.tif","FILENAME":"U:\\P589_AmazoniaRevelada_BR-319\\LiDAR_dataset\\ENTREGAS\\ENTREGA_05\\2_MDT\\GEOTIFF\\MDT_1427163.tif","SHRT_FNAME":"MDT_1427163.tif","UPPER_LEFT_X":"479961.856","UPPER_LEFT_Y":"9220873.326","LOWER_RIGHT_X":"480963.856","LOWER_RIGHT_Y":"9219871.326"},"geometry":{"type":"Polygon","coordinates":[[[479961.856000000028871,9220873.325999999418855],[480963.856000000028871,9220873.325999999418855],[480963.856000000028871,9219871.325999999418855],[479961.856000000028871,9219871.325999999418855],[479961.856000000028871,9220873.325999999418855]]]}},
{"type":"Feature","properties":{"DESCRIPTION":"MDT_1427162.tif","FILENAME":"U:\\P589_AmazoniaRevelada_BR-319\\LiDAR_dataset\\ENTREGAS\\ENTREGA_05\\2_MDT\\GEOTIFF\\MDT_1427162.tif","SHRT_FNAME":"MDT_1427162.tif","UPPER_LEFT_X":"478961.761","UPPER_LEFT_Y":"9220873.326","LOWER_RIGHT_X":"479963.761","LOWER_RIGHT_Y":"9219871.326"},"geometry":{"type":"Polygon","coordinates":[[[478961.761,9220873.325999999418855],[479963.761,9220873.325999999418855],[479963.761,9219871.325999999418855],[478961.761,9219871.325999999418855],[478961.761,9220873.325999999418855]]]}},
{"type":"Feature","properties":{"DESCRIPTION":"MDT_1427161.tif","FILENAME":"U:\\P589_AmazoniaRevelada_BR-319\\LiDAR_dataset\\ENTREGAS\\ENTREGA_05\\2_MDT\\GEOTIFF\\MDT_1427161.tif","SHRT_FNAME":"MDT_1427161.tif","UPPER_LEFT_X":"477961.666","UPPER_LEFT_Y":"9220873.326","LOWER_RIGHT_X":"478963.666","LOWER_RIGHT_Y":"9219871.326"},"geometry":{"type":"Polygon","coordinates":[[[477961.666000000026543,9220873.325999999418855],[478963.666000000026543,9220873.325999999418855],[478963.666000000026543,9219871.325999999418855],[477961.666000000026543,9219871.325999999418855],[477961.666000000026543,9220873.325999999418855]]]}},
{"type":"Feature","properties":{"DESCRIPTION":"MDT_1427160.tif","FILENAME":"U:\\P589_AmazoniaRevelada_BR-319\\LiDAR_dataset\\ENTREGAS\\ENTREGA_05\\2_MDT\\GEOTIFF\\MDT_1427160.tif","SHRT_FNAME":"MDT_1427160.tif","UPPER_LEFT_X":"476961.570","UPPER_LEFT_Y":"9220873.326","LOWER_RIGHT_X":"477963.570","LOWER_RIGHT_Y":"9219871.326"},"geometry":{"type":"Polygon","coordinates":[[[476961.57,9220873.325999999418855],[477963.57,9220873.325999999418855],[477963.57,9219871.325999999418855],[476961.57,9219871.325999999418855],[476961.57,9220873.325999999418855]]]}},
{"type":"Feature","properties":{"DESCRIPTION":"MDT_1427159.tif","FILENAME":"U:\\P589_AmazoniaRevelada_BR-319\\LiDAR_dataset\\ENTREGAS\\ENTREGA_05\\2_MDT\\GEOTIFF\\MDT_1427159.tif","SHRT_FNAME":"MDT_1427159.tif","UPPER_LEFT_X":"475961.475","UPPER_LEFT_Y":"9220873.326","LOWER_RIGHT_X":"476963.475","LOWER_RIGHT_Y":"9219871.326"},"geometry":{"type":"Polygon","coordinates":[[[475961.474999999976717,9220873.325999999418855],[476963.474999999976717,9220873.325999999418855],[476963.474999999976717,9219871.325999999418855],[475961.474999999976717,9219871.325999999418855],[475961.474999999976717,9220873.325999999418855]]]}},
{"type":"Feature","properties":{"DESCRIPTION":"MDT_1427158.tif","FILENAME":"U:\\P589_AmazoniaRevelada_BR-319\\LiDAR_dataset\\ENTREGAS\\ENTREGA_05\\2_MDT\\GEOTIFF\\MDT_1427158.tif","SHRT_FNAME":"MDT_1427158.tif","UPPER_LEFT_X":"474961.380","UPPER_LEFT_Y":"9220873.326","LOWER_RIGHT_X":"475963.380","LOWER_RIGHT_Y":"9219871.326"},"geometry":{"type":"Polygon","coordinates":[[[474961.38,9220873.325999999418855],[475963.38,9220873.325999999418855],[475963.38,9219871.325999999418855],[474961.38,9219871.325999999418855],[474961.38,9220873.325999999418855]]]}},
{"type":"Feature","properties":{"DESCRIPTION":"MDT_1427157.tif","FILENAME":"U:\\P589_AmazoniaRevelada_BR-319\\LiDAR_dataset\\ENTREGAS\\ENTREGA_05\\2_MDT\\GEOTIFF\\MDT_1427157.tif","SHRT_FNAME":"MDT_1427157.tif","UPPER_LEFT_X":"473961.285","UPPER_LEFT_Y":"9220873.326","LOWER_RIGHT_X":"474963.285","LOWER_RIGHT_Y":"9219871.326"},"geometry":{"type":"Polygon","coordinates":[[[473961.284999999974389,9220873.325999999418855],[474963.284999999974389,9220873.325999999418855],[474963.284999999974389,9219871.325999999418855],[473961.284999999974389,9219871.325999999418855],[473961.284999999974389,9220873.325999999418855]]]}},
{"type":"Feature","properties":{"DESCRIPTION":"MDT_1427156.tif","FILENAME":"U:\\P589_AmazoniaRevelada_BR-319\\LiDAR_dataset\\ENTREGAS\\ENTREGA_05\\2_MDT\\GEOTIFF\\MDT_1427156.tif","SHRT_FNAME":"MDT_1427156.tif","UPPER_LEFT_X":"472961.190","UPPER_LEFT_Y":"9220873.326","LOWER_RIGHT_X":"473963.190","LOWER_RIGHT_Y":"9219871.326"},"geometry":{"type":"Polygon","coordinates":[[[472961.19,9220873.325999999418855],[473963.19,9220873.325999999418855],[473963.19,9219871.325999999418855],[472961.19,9219871.325999999418855],[472961.19,9220873.325999999418855]]]}},
{"type":"Feature","properties":{"DESCRIPTION":"MDT_1427155.tif","FILENAME":"U:\\P589_AmazoniaRevelada_BR-319\\LiDAR_dataset\\ENTREGAS\\ENTREGA_05\\2_MDT\\GEOTIFF\\MDT_1427155.tif","SHRT_FNAME":"MDT_1427155.tif","UPPER_LEFT_X":"471961.094","UPPER_LEFT_Y":"9220873.326","LOWER_RIGHT_X":"472963.094","LOWER_RIGHT_Y":"9219871.326"},"geometry":{"type":"Polygon","coordinates":[[[471961.093999999982771,9220873.325999999418855],[472963.093999999982771,9220873.325999999418855],[472963.093999999982771,9219871.325999999418855],[471961.093999999982771,9219871.325999999418855],[471961.093999999982771,9220873.325999999418855]]]}},
{"type":"Feature","properties":{"DESCRIPTION":"MDT_1427154.tif","FILENAME":"U:\\P589_AmazoniaRevelada_BR-319\\LiDAR_dataset\\ENTREGAS\\ENTREGA_05\\2_MDT\\GEOTIFF\\MDT_1427154.tif","SHRT_FNAME":"MDT_1427154.tif","UPPER_LEFT_X":"470960.999","UPPER_LEFT_Y":"9220873.326","LOWER_RIGHT_X":"471962.999","LOWER_RIGHT_Y":"9219871.326"},"geometry":{"type":"Polygon","coordinates":[[[470960.99900000001071,9220873.325999999418855],[471962.99900000001071,9220873.325999999418855],[471962.99900000001071,9219871.325999999418855],[470960.99900000001071,9219871.325999999418855],[470960.99900000001071,9220873.325999999418855]]]}},
{"type":"Feature","properties":{"DESCRIPTION":"MDT_1427153.tif","FILENAME":"U:\\P589_AmazoniaRevelada_BR-319\\LiDAR_dataset\\ENTREGAS\\ENTREGA_05\\2_MDT\\GEOTIFF\\MDT_1427153.tif","SHRT_FNAME":"MDT_1427153.tif","UPPER_LEFT_X":"469960.904","UPPER_LEFT_Y":"9220873.326","LOWER_RIGHT_X":"470962.904","LOWER_RIGHT_Y":"9219871.326"},"geometry":{"type":"Polygon","coordinates":[[[469960.903999999980442,9220873.325999999418855],[470962.903999999980442,9220873.325999999418855],[470962.903999999980442,9219871.325999999418855],[469960.903999999980442,9219871.325999999418855],[469960.903999999980442,9220873.325999999418855]]]}},
{"type":"Feature","properties":{"DESCRIPTION":"MDT_1427152.tif","FILENAME":"U:\\P589_AmazoniaRevelada_BR-319\\LiDAR_dataset\\ENTREGAS\\ENTREGA_05\\2_MDT\\GEOTIFF\\MDT_1427152.tif","SHRT_FNAME":"MDT_1427152.tif","UPPER_LEFT_X":"468960.809","UPPER_LEFT_Y":"9220873.326","LOWER_RIGHT_X":"469962.809","LOWER_RIGHT_Y":"9219871.326"},"geometry":{"type":"Polygon","coordinates":[[[468960.809,9220873.325999999418855],[469962.809,9220873.325999999418855],[469962.809,9219871.325999999418855],[468960.809,9219871.325999999418855],[468960.809,9220873.325999999418855]]]}},
{"type":"Feature","properties":{"DESCRIPTION":"MDT_1427151.tif","FILENAME":"U:\\P589_AmazoniaRevelada_BR-319\\LiDAR_dataset\\ENTREGAS\\ENTREGA_05\\2_MDT\\GEOTIFF\\MDT_1427151.tif","SHRT_FNAME":"MDT_1427151.tif","UPPER_LEFT_X":"467960.714","UPPER_LEFT_Y":"9220873.326","LOWER_RIGHT_X":"468962.714","LOWER_RIGHT_Y":"9219871.326"},"geometry":{"type":"Polygon","coordinates":[[[467960.713999999978114,9220873.325999999418855],[468962.713999999978114,9220873.325999999418855],[468962.713999999978114,9219871.325999999418855],[467960.713999999978114,9219871.325999999418855],[467960.713999999978114,9220873.325999999418855]]]}},
{"type":"Feature","properties":{"DESCRIPTION":"MDT_1427150.tif","FILENAME":"U:\\P589_AmazoniaRevelada_BR-319\\LiDAR_dataset\\ENTREGAS\\ENTREGA_05\\2_MDT\\GEOTIFF\\MDT_1427150.tif","SHRT_FNAME":"MDT_1427150.tif","UPPER_LEFT_X":"466960.618","UPPER_LEFT_Y":"9220873.326","LOWER_RIGHT_X":"467962.618","LOWER_RIGHT_Y":"9219871.326"},"geometry":{"type":"Polygon","coordinates":[[[466960.618000000016764,9220873.325999999418855],[467962.618000000016764,9220873.325999999418855],[467962.618000000016764,9219871.325999999418855],[466960.618000000016764,9219871.325999999418855],[466960.618000000016764,9220873.325999999418855]]]}},
{"type":"Feature","properties":{"DESCRIPTION":"MDT_1427149.tif","FILENAME":"U:\\P589_AmazoniaRevelada_BR-319\\LiDAR_dataset\\ENTREGAS\\ENTREGA_05\\2_MDT\\GEOTIFF\\MDT_1427149.tif","SHRT_FNAME":"MDT_1427149.tif","UPPER_LEFT_X":"465960.523","UPPER_LEFT_Y":"9220873.326","LOWER_RIGHT_X":"466962.523","LOWER_RIGHT_Y":"9219871.326"},"geometry":{"type":"Polygon","coordinates":[[[465960.522999999986496,9220873.325999999418855],[466962.522999999986496,9220873.325999999418855],[466962.522999999986496,9219871.325999999418855],[465960.522999999986496,9219871.325999999418855],[465960.522999999986496,9220873.325999999418855]]]}},
{"type":"Feature","properties":{"DESCRIPTION":"MDT_1427148.tif","FILENAME":"U:\\P589_AmazoniaRevelada_BR-319\\LiDAR_dataset\\ENTREGAS\\ENTREGA_05\\2_MDT\\GEOTIFF\\MDT_1427148.tif","SHRT_FNAME":"MDT_1427148.tif","UPPER_LEFT_X":"464960.428","UPPER_LEFT_Y":"9220873.326","LOWER_RIGHT_X":"465962.428","LOWER_RIGHT_Y":"9219871.326"},"geometry":{"type":"Polygon","coordinates":[[[464960.428000000014435,9220873.325999999418855],[465962.428000000014435,9220873.325999999418855],[465962.428000000014435,9219871.325999999418855],[464960.428000000014435,9219871.325999999418855],[464960.428000000014435,9220873.325999999418855]]]}},
{"type":"Feature","properties":{"DESCRIPTION":"MDT_1427147.tif","FILENAME":"U:\\P589_AmazoniaRevelada_BR-319\\LiDAR_dataset\\ENTREGAS\\ENTREGA_05\\2_MDT\\GEOTIFF\\MDT_1427147.tif","SHRT_FNAME":"MDT_1427147.tif","UPPER_LEFT_X":"463960.333","UPPER_LEFT_Y":"9220873.326","LOWER_RIGHT_X":"464962.333","LOWER_RIGHT_Y":"9219871.326"},"geometry":{"type":"Polygon","coordinates":[[[463960.332999999984168,9220873.325999999418855],[464962.332999999984168,9220873.325999999418855],[464962.332999999984168,9219871.325999999418855],[463960.332999999984168,9219871.325999999418855],[463960.332999999984168,9220873.325999999418855]]]}},
{"type":"Feature","properties":{"DESCRIPTION":"MDT_1426193.tif","FILENAME":"U:\\P589_AmazoniaRevelada_BR-319\\LiDAR_dataset\\ENTREGAS\\ENTREGA_05\\2_MDT\\GEOTIFF\\MDT_1426193.tif","SHRT_FNAME":"MDT_1426193.tif","UPPER_LEFT_X":"509964.712","UPPER_LEFT_Y":"9221873.201","LOWER_RIGHT_X":"510966.712","LOWER_RIGHT_Y":"9220871.201"},"geometry":{"type":"Polygon","coordinates":[[[509964.712,9221873.200999999418855],[510966.712,9221873.200999999418855],[510966.712,9220871.200999999418855],[509964.712,9220871.200999999418855],[509964.712,9221873.200999999418855]]]}},
{"type":"Feature","properties":{"DESCRIPTION":"MDT_1426192.tif","FILENAME":"U:\\P589_AmazoniaRevelada_BR-319\\LiDAR_dataset\\ENTREGAS\\ENTREGA_05\\2_MDT\\GEOTIFF\\MDT_1426192.tif","SHRT_FNAME":"MDT_1426192.tif","UPPER_LEFT_X":"508964.617","UPPER_LEFT_Y":"9221873.201","LOWER_RIGHT_X":"509966.617","LOWER_RIGHT_Y":"9220871.201"},"geometry":{"type":"Polygon","coordinates":[[[508964.617000000027474,9221873.200999999418855],[509966.617000000027474,9221873.200999999418855],[509966.617000000027474,9220871.200999999418855],[508964.617000000027474,9220871.200999999418855],[508964.617000000027474,9221873.200999999418855]]]}},
{"type":"Feature","properties":{"DESCRIPTION":"MDT_1426191.tif","FILENAME":"U:\\P589_AmazoniaRevelada_BR-319\\LiDAR_dataset\\ENTREGAS\\ENTREGA_05\\2_MDT\\GEOTIFF\\MDT_1426191.tif","SHRT_FNAME":"MDT_1426191.tif","UPPER_LEFT_X":"507964.522","UPPER_LEFT_Y":"9221873.201","LOWER_RIGHT_X":"508966.522","LOWER_RIGHT_Y":"9220871.201"},"geometry":{"type":"Polygon","coordinates":[[[507964.522,9221873.200999999418855],[508966.522,9221873.200999999418855],[508966.522,9220871.200999999418855],[507964.522,9220871.200999999418855],[507964.522,9221873.200999999418855]]]}},
{"type":"Feature","properties":{"DESCRIPTION":"MDT_1426190.tif","FILENAME":"U:\\P589_AmazoniaRevelada_BR-319\\LiDAR_dataset\\ENTREGAS\\ENTREGA_05\\2_MDT\\GEOTIFF\\MDT_1426190.tif","SHRT_FNAME":"MDT_1426190.tif","UPPER_LEFT_X":"506964.426","UPPER_LEFT_Y":"9221873.201","LOWER_RIGHT_X":"507966.426","LOWER_RIGHT_Y":"9220871.201"},"geometry":{"type":"Polygon","coordinates":[[[506964.425999999977648,9221873.200999999418855],[507966.425999999977648,9221873.200999999418855],[507966.425999999977648,9220871.200999999418855],[506964.425999999977648,9220871.200999999418855],[506964.425999999977648,9221873.200999999418855]]]}},
{"type":"Feature","properties":{"DESCRIPTION":"MDT_1426189.tif","FILENAME":"U:\\P589_AmazoniaRevelada_BR-319\\LiDAR_dataset\\ENTREGAS\\ENTREGA_05\\2_MDT\\GEOTIFF\\MDT_1426189.tif","SHRT_FNAME":"MDT_1426189.tif","UPPER_LEFT_X":"505964.331","UPPER_LEFT_Y":"9221873.201","LOWER_RIGHT_X":"506966.331","LOWER_RIGHT_Y":"9220871.201"},"geometry":{"type":"Polygon","coordinates":[[[505964.331,9221873.200999999418855],[506966.331,9221873.200999999418855],[506966.331,9220871.200999999418855],[505964.331,9220871.200999999418855],[505964.331,9221873.200999999418855]]]}},
{"type":"Feature","properties":{"DESCRIPTION":"MDT_1426188.tif","FILENAME":"U:\\P589_AmazoniaRevelada_BR-319\\LiDAR_dataset\\ENTREGAS\\ENTREGA_05\\2_MDT\\GEOTIFF\\MDT_1426188.tif","SHRT_FNAME":"MDT_1426188.tif","UPPER_LEFT_X":"504964.236","UPPER_LEFT_Y":"9221873.201","LOWER_RIGHT_X":"505966.236","LOWER_RIGHT_Y":"9220871.201"},"geometry":{"type":"Polygon","coordinates":[[[504964.23599999997532,9221873.200999999418855],[505966.23599999997532,9221873.200999999418855],[505966.23599999997532,9220871.200999999418855],[504964.23599999997532,9220871.200999999418855],[504964.23599999997532,9221873.200999999418855]]]}},
{"type":"Feature","properties":{"DESCRIPTION":"MDT_1426187.tif","FILENAME":"U:\\P589_AmazoniaRevelada_BR-319\\LiDAR_dataset\\ENTREGAS\\ENTREGA_05\\2_MDT\\GEOTIFF\\MDT_1426187.tif","SHRT_FNAME":"MDT_1426187.tif","UPPER_LEFT_X":"503964.141","UPPER_LEFT_Y":"9221873.201","LOWER_RIGHT_X":"504966.141","LOWER_RIGHT_Y":"9220871.201"},"geometry":{"type":"Polygon","coordinates":[[[503964.141,9221873.200999999418855],[504966.141,9221873.200999999418855],[504966.141,9220871.200999999418855],[503964.141,9220871.200999999418855],[503964.141,9221873.200999999418855]]]}},
{"type":"Feature","properties":{"DESCRIPTION":"MDT_1426186.tif","FILENAME":"U:\\P589_AmazoniaRevelada_BR-319\\LiDAR_dataset\\ENTREGAS\\ENTREGA_05\\2_MDT\\GEOTIFF\\MDT_1426186.tif","SHRT_FNAME":"MDT_1426186.tif","UPPER_LEFT_X":"502964.046","UPPER_LEFT_Y":"9221873.201","LOWER_RIGHT_X":"503966.046","LOWER_RIGHT_Y":"9220871.201"},"geometry":{"type":"Polygon","coordinates":[[[502964.045999999972992,9221873.200999999418855],[503966.045999999972992,9221873.200999999418855],[503966.045999999972992,9220871.200999999418855],[502964.045999999972992,9220871.200999999418855],[502964.045999999972992,9221873.200999999418855]]]}},
{"type":"Feature","properties":{"DESCRIPTION":"MDT_1426185.tif","FILENAME":"U:\\P589_AmazoniaRevelada_BR-319\\LiDAR_dataset\\ENTREGAS\\ENTREGA_05\\2_MDT\\GEOTIFF\\MDT_1426185.tif","SHRT_FNAME":"MDT_1426185.tif","UPPER_LEFT_X":"501963.950","UPPER_LEFT_Y":"9221873.201","LOWER_RIGHT_X":"502965.950","LOWER_RIGHT_Y":"9220871.201"},"geometry":{"type":"Polygon","coordinates":[[[501963.950000000011642,9221873.200999999418855],[502965.950000000011642,9221873.200999999418855],[502965.950000000011642,9220871.200999999418855],[501963.950000000011642,9220871.200999999418855],[501963.950000000011642,9221873.200999999418855]]]}},
{"type":"Feature","properties":{"DESCRIPTION":"MDT_1426184.tif","FILENAME":"U:\\P589_AmazoniaRevelada_BR-319\\LiDAR_dataset\\ENTREGAS\\ENTREGA_05\\2_MDT\\GEOTIFF\\MDT_1426184.tif","SHRT_FNAME":"MDT_1426184.tif","UPPER_LEFT_X":"500963.855","UPPER_LEFT_Y":"9221873.201","LOWER_RIGHT_X":"501965.855","LOWER_RIGHT_Y":"9220871.201"},"geometry":{"type":"Polygon","coordinates":[[[500963.854999999981374,9221873.200999999418855],[501965.854999999981374,9221873.200999999418855],[501965.854999999981374,9220871.200999999418855],[500963.854999999981374,9220871.200999999418855],[500963.854999999981374,9221873.200999999418855]]]}},
{"type":"Feature","properties":{"DESCRIPTION":"MDT_1426183.tif","FILENAME":"U:\\P589_AmazoniaRevelada_BR-319\\LiDAR_dataset\\ENTREGAS\\ENTREGA_05\\2_MDT\\GEOTIFF\\MDT_1426183.tif","SHRT_FNAME":"MDT_1426183.tif","UPPER_LEFT_X":"499963.760","UPPER_LEFT_Y":"9221873.201","LOWER_RIGHT_X":"500965.760","LOWER_RIGHT_Y":"9220871.201"},"geometry":{"type":"Polygon","coordinates":[[[499963.76,9221873.200999999418855],[500965.76,9221873.200999999418855],[500965.76,9220871.200999999418855],[499963.76,9220871.200999999418855],[499963.76,9221873.200999999418855]]]}},
{"type":"Feature","properties":{"DESCRIPTION":"MDT_1426182.tif","FILENAME":"U:\\P589_AmazoniaRevelada_BR-319\\LiDAR_dataset\\ENTREGAS\\ENTREGA_05\\2_MDT\\GEOTIFF\\MDT_1426182.tif","SHRT_FNAME":"MDT_1426182.tif","UPPER_LEFT_X":"498963.665","UPPER_LEFT_Y":"9221873.201","LOWER_RIGHT_X":"499965.665","LOWER_RIGHT_Y":"9220871.201"},"geometry":{"type":"Polygon","coordinates":[[[498963.664999999979045,9221873.200999999418855],[499965.664999999979045,9221873.200999999418855],[499965.664999999979045,9220871.200999999418855],[498963.664999999979045,9220871.200999999418855],[498963.664999999979045,9221873.200999999418855]]]}},
{"type":"Feature","properties":{"DESCRIPTION":"MDT_1426181.tif","FILENAME":"U:\\P589_AmazoniaRevelada_BR-319\\LiDAR_dataset\\ENTREGAS\\ENTREGA_05\\2_MDT\\GEOTIFF\\MDT_1426181.tif","SHRT_FNAME":"MDT_1426181.tif","UPPER_LEFT_X":"497963.570","UPPER_LEFT_Y":"9221873.201","LOWER_RIGHT_X":"498965.570","LOWER_RIGHT_Y":"9220871.201"},"geometry":{"type":"Polygon","coordinates":[[[497963.57,9221873.200999999418855],[498965.57,9221873.200999999418855],[498965.57,9220871.200999999418855],[497963.57,9220871.200999999418855],[497963.57,9221873.200999999418855]]]}},
{"type":"Feature","properties":{"DESCRIPTION":"MDT_1426180.tif","FILENAME":"U:\\P589_AmazoniaRevelada_BR-319\\LiDAR_dataset\\ENTREGAS\\ENTREGA_05\\2_MDT\\GEOTIFF\\MDT_1426180.tif","SHRT_FNAME":"MDT_1426180.tif","UPPER_LEFT_X":"496963.474","UPPER_LEFT_Y":"9221873.201","LOWER_RIGHT_X":"497965.474","LOWER_RIGHT_Y":"9220871.201"},"geometry":{"type":"Polygon","coordinates":[[[496963.473999999987427,9221873.200999999418855],[497965.473999999987427,9221873.200999999418855],[497965.473999999987427,9220871.200999999418855],[496963.473999999987427,9220871.200999999418855],[496963.473999999987427,9221873.200999999418855]]]}},
{"type":"Feature","properties":{"DESCRIPTION":"MDT_1426179.tif","FILENAME":"U:\\P589_AmazoniaRevelada_BR-319\\LiDAR_dataset\\ENTREGAS\\ENTREGA_05\\2_MDT\\GEOTIFF\\MDT_1426179.tif","SHRT_FNAME":"MDT_1426179.tif","UPPER_LEFT_X":"495963.379","UPPER_LEFT_Y":"9221873.201","LOWER_RIGHT_X":"496965.379","LOWER_RIGHT_Y":"9220871.201"},"geometry":{"type":"Polygon","coordinates":[[[495963.379000000015367,9221873.200999999418855],[496965.379000000015367,9221873.200999999418855],[496965.379000000015367,9220871.200999999418855],[495963.379000000015367,9220871.200999999418855],[495963.379000000015367,9221873.200999999418855]]]}},
{"type":"Feature","properties":{"DESCRIPTION":"MDT_1426178.tif","FILENAME":"U:\\P589_AmazoniaRevelada_BR-319\\LiDAR_dataset\\ENTREGAS\\ENTREGA_05\\2_MDT\\GEOTIFF\\MDT_1426178.tif","SHRT_FNAME":"MDT_1426178.tif","UPPER_LEFT_X":"494963.284","UPPER_LEFT_Y":"9221873.201","LOWER_RIGHT_X":"495965.284","LOWER_RIGHT_Y":"9220871.201"},"geometry":{"type":"Polygon","coordinates":[[[494963.283999999985099,9221873.200999999418855],[495965.283999999985099,9221873.200999999418855],[495965.283999999985099,9220871.200999999418855],[494963.283999999985099,9220871.200999999418855],[494963.283999999985099,9221873.200999999418855]]]}},
{"type":"Feature","properties":{"DESCRIPTION":"MDT_1426177.tif","FILENAME":"U:\\P589_AmazoniaRevelada_BR-319\\LiDAR_dataset\\ENTREGAS\\ENTREGA_05\\2_MDT\\GEOTIFF\\MDT_1426177.tif","SHRT_FNAME":"MDT_1426177.tif","UPPER_LEFT_X":"493963.189","UPPER_LEFT_Y":"9221873.201","LOWER_RIGHT_X":"494965.189","LOWER_RIGHT_Y":"9220871.201"},"geometry":{"type":"Polygon","coordinates":[[[493963.189000000013039,9221873.200999999418855],[494965.189000000013039,9221873.200999999418855],[494965.189000000013039,9220871.200999999418855],[493963.189000000013039,9220871.200999999418855],[493963.189000000013039,9221873.200999999418855]]]}},
{"type":"Feature","properties":{"DESCRIPTION":"MDT_1426176.tif","FILENAME":"U:\\P589_AmazoniaRevelada_BR-319\\LiDAR_dataset\\ENTREGAS\\ENTREGA_05\\2_MDT\\GEOTIFF\\MDT_1426176.tif","SHRT_FNAME":"MDT_1426176.tif","UPPER_LEFT_X":"492963.094","UPPER_LEFT_Y":"9221873.201","LOWER_RIGHT_X":"493965.094","LOWER_RIGHT_Y":"9220871.201"},"geometry":{"type":"Polygon","coordinates":[[[492963.093999999982771,9221873.200999999418855],[493965.093999999982771,9221873.200999999418855],[493965.093999999982771,9220871.200999999418855],[492963.093999999982771,9220871.200999999418855],[492963.093999999982771,9221873.200999999418855]]]}},
{"type":"Feature","properties":{"DESCRIPTION":"MDT_1426175.tif","FILENAME":"U:\\P589_AmazoniaRevelada_BR-319\\LiDAR_dataset\\ENTREGAS\\ENTREGA_05\\2_MDT\\GEOTIFF\\MDT_1426175.tif","SHRT_FNAME":"MDT_1426175.tif","UPPER_LEFT_X":"491962.998","UPPER_LEFT_Y":"9221873.201","LOWER_RIGHT_X":"492964.998","LOWER_RIGHT_Y":"9220871.201"},"geometry":{"type":"Polygon","coordinates":[[[491962.99800000002142,9221873.200999999418855],[492964.99800000002142,9221873.200999999418855],[492964.99800000002142,9220871.200999999418855],[491962.99800000002142,9220871.200999999418855],[491962.99800000002142,9221873.200999999418855]]]}},
{"type":"Feature","properties":{"DESCRIPTION":"MDT_1426174.tif","FILENAME":"U:\\P589_AmazoniaRevelada_BR-319\\LiDAR_dataset\\ENTREGAS\\ENTREGA_05\\2_MDT\\GEOTIFF\\MDT_1426174.tif","SHRT_FNAME":"MDT_1426174.tif","UPPER_LEFT_X":"490962.903","UPPER_LEFT_Y":"9221873.201","LOWER_RIGHT_X":"491964.903","LOWER_RIGHT_Y":"9220871.201"},"geometry":{"type":"Polygon","coordinates":[[[490962.903,9221873.200999999418855],[491964.903,9221873.200999999418855],[491964.903,9220871.200999999418855],[490962.903,9220871.200999999418855],[490962.903,9221873.200999999418855]]]}},
{"type":"Feature","properties":{"DESCRIPTION":"MDT_1426173.tif","FILENAME":"U:\\P589_AmazoniaRevelada_BR-319\\LiDAR_dataset\\ENTREGAS\\ENTREGA_05\\2_MDT\\GEOTIFF\\MDT_1426173.tif","SHRT_FNAME":"MDT_1426173.tif","UPPER_LEFT_X":"489962.808","UPPER_LEFT_Y":"9221873.201","LOWER_RIGHT_X":"490964.808","LOWER_RIGHT_Y":"9220871.201"},"geometry":{"type":"Polygon","coordinates":[[[489962.808000000019092,9221873.200999999418855],[490964.808000000019092,9221873.200999999418855],[490964.808000000019092,9220871.200999999418855],[489962.808000000019092,9220871.200999999418855],[489962.808000000019092,9221873.200999999418855]]]}},
{"type":"Feature","properties":{"DESCRIPTION":"MDT_1426172.tif","FILENAME":"U:\\P589_AmazoniaRevelada_BR-319\\LiDAR_dataset\\ENTREGAS\\ENTREGA_05\\2_MDT\\GEOTIFF\\MDT_1426172.tif","SHRT_FNAME":"MDT_1426172.tif","UPPER_LEFT_X":"488962.713","UPPER_LEFT_Y":"9221873.201","LOWER_RIGHT_X":"489964.713","LOWER_RIGHT_Y":"9220871.201"},"geometry":{"type":"Polygon","coordinates":[[[488962.712999999988824,9221873.200999999418855],[489964.712999999988824,9221873.200999999418855],[489964.712999999988824,9220871.200999999418855],[488962.712999999988824,9220871.200999999418855],[488962.712999999988824,9221873.200999999418855]]]}},
{"type":"Feature","properties":{"DESCRIPTION":"MDT_1426171.tif","FILENAME":"U:\\P589_AmazoniaRevelada_BR-319\\LiDAR_dataset\\ENTREGAS\\ENTREGA_05\\2_MDT\\GEOTIFF\\MDT_1426171.tif","SHRT_FNAME":"MDT_1426171.tif","UPPER_LEFT_X":"487962.618","UPPER_LEFT_Y":"9221873.201","LOWER_RIGHT_X":"488964.618","LOWER_RIGHT_Y":"9220871.201"},"geometry":{"type":"Polygon","coordinates":[[[487962.618000000016764,9221873.200999999418855],[488964.618000000016764,9221873.200999999418855],[488964.618000000016764,9220871.200999999418855],[487962.618000000016764,9220871.200999999418855],[487962.618000000016764,9221873.200999999418855]]]}},
{"type":"Feature","properties":{"DESCRIPTION":"MDT_1426170.tif","FILENAME":"U:\\P589_AmazoniaRevelada_BR-319\\LiDAR_dataset\\ENTREGAS\\ENTREGA_05\\2_MDT\\GEOTIFF\\MDT_1426170.tif","SHRT_FNAME":"MDT_1426170.tif","UPPER_LEFT_X":"486962.522","UPPER_LEFT_Y":"9221873.201","LOWER_RIGHT_X":"487964.522","LOWER_RIGHT_Y":"9220871.201"},"geometry":{"type":"Polygon","coordinates":[[[486962.522,9221873.200999999418855],[487964.522,9221873.200999999418855],[487964.522,9220871.200999999418855],[486962.522,9220871.200999999418855],[486962.522,9221873.200999999418855]]]}},
{"type":"Feature","properties":{"DESCRIPTION":"MDT_1426169.tif","FILENAME":"U:\\P589_AmazoniaRevelada_BR-319\\LiDAR_dataset\\ENTREGAS\\ENTREGA_05\\2_MDT\\GEOTIFF\\MDT_1426169.tif","SHRT_FNAME":"MDT_1426169.tif","UPPER_LEFT_X":"485962.427","UPPER_LEFT_Y":"9221873.201","LOWER_RIGHT_X":"486964.427","LOWER_RIGHT_Y":"9220871.201"},"geometry":{"type":"Polygon","coordinates":[[[485962.427000000025146,9221873.200999999418855],[486964.427000000025146,9221873.200999999418855],[486964.427000000025146,9220871.200999999418855],[485962.427000000025146,9220871.200999999418855],[485962.427000000025146,9221873.200999999418855]]]}},
{"type":"Feature","properties":{"DESCRIPTION":"MDT_1426168.tif","FILENAME":"U:\\P589_AmazoniaRevelada_BR-319\\LiDAR_dataset\\ENTREGAS\\ENTREGA_05\\2_MDT\\GEOTIFF\\MDT_1426168.tif","SHRT_FNAME":"MDT_1426168.tif","UPPER_LEFT_X":"484962.332","UPPER_LEFT_Y":"9221873.201","LOWER_RIGHT_X":"485964.332","LOWER_RIGHT_Y":"9220871.201"},"geometry":{"type":"Polygon","coordinates":[[[484962.332,9221873.200999999418855],[485964.332,9221873.200999999418855],[485964.332,9220871.200999999418855],[484962.332,9220871.200999999418855],[484962.332,9221873.200999999418855]]]}},
{"type":"Feature","properties":{"DESCRIPTION":"MDT_1426167.tif","FILENAME":"U:\\P589_AmazoniaRevelada_BR-319\\LiDAR_dataset\\ENTREGAS\\ENTREGA_05\\2_MDT\\GEOTIFF\\MDT_1426167.tif","SHRT_FNAME":"MDT_1426167.tif","UPPER_LEFT_X":"483962.237","UPPER_LEFT_Y":"9221873.201","LOWER_RIGHT_X":"484964.237","LOWER_RIGHT_Y":"9220871.201"},"geometry":{"type":"Polygon","coordinates":[[[483962.237000000022817,9221873.200999999418855],[484964.237000000022817,9221873.200999999418855],[484964.237000000022817,9220871.200999999418855],[483962.237000000022817,9220871.200999999418855],[483962.237000000022817,9221873.200999999418855]]]}},
{"type":"Feature","properties":{"DESCRIPTION":"MDT_1426166.tif","FILENAME":"U:\\P589_AmazoniaRevelada_BR-319\\LiDAR_dataset\\ENTREGAS\\ENTREGA_05\\2_MDT\\GEOTIFF\\MDT_1426166.tif","SHRT_FNAME":"MDT_1426166.tif","UPPER_LEFT_X":"482962.142","UPPER_LEFT_Y":"9221873.201","LOWER_RIGHT_X":"483964.142","LOWER_RIGHT_Y":"9220871.201"},"geometry":{"type":"Polygon","coordinates":[[[482962.142,9221873.200999999418855],[483964.142,9221873.200999999418855],[483964.142,9220871.200999999418855],[482962.142,9220871.200999999418855],[482962.142,9221873.200999999418855]]]}},
{"type":"Feature","properties":{"DESCRIPTION":"MDT_1426165.tif","FILENAME":"U:\\P589_AmazoniaRevelada_BR-319\\LiDAR_dataset\\ENTREGAS\\ENTREGA_05\\2_MDT\\GEOTIFF\\MDT_1426165.tif","SHRT_FNAME":"MDT_1426165.tif","UPPER_LEFT_X":"481962.046","UPPER_LEFT_Y":"9221873.201","LOWER_RIGHT_X":"482964.046","LOWER_RIGHT_Y":"9220871.201"},"geometry":{"type":"Polygon","coordinates":[[[481962.045999999972992,9221873.200999999418855],[482964.045999999972992,9221873.200999999418855],[482964.045999999972992,9220871.200999999418855],[481962.045999999972992,9220871.200999999418855],[481962.045999999972992,9221873.200999999418855]]]}},
{"type":"Feature","properties":{"DESCRIPTION":"MDT_1426164.tif","FILENAME":"U:\\P589_AmazoniaRevelada_BR-319\\LiDAR_dataset\\ENTREGAS\\ENTREGA_05\\2_MDT\\GEOTIFF\\MDT_1426164.tif","SHRT_FNAME":"MDT_1426164.tif","UPPER_LEFT_X":"480961.951","UPPER_LEFT_Y":"9221873.201","LOWER_RIGHT_X":"481963.951","LOWER_RIGHT_Y":"9220871.201"},"geometry":{"type":"Polygon","coordinates":[[[480961.951,9221873.200999999418855],[481963.951,9221873.200999999418855],[481963.951,9220871.200999999418855],[480961.951,9220871.200999999418855],[480961.951,9221873.200999999418855]]]}},
{"type":"Feature","properties":{"DESCRIPTION":"MDT_1426163.tif","FILENAME":"U:\\P589_AmazoniaRevelada_BR-319\\LiDAR_dataset\\ENTREGAS\\ENTREGA_05\\2_MDT\\GEOTIFF\\MDT_1426163.tif","SHRT_FNAME":"MDT_1426163.tif","UPPER_LEFT_X":"479961.856","UPPER_LEFT_Y":"9221873.201","LOWER_RIGHT_X":"480963.856","LOWER_RIGHT_Y":"9220871.201"},"geometry":{"type":"Polygon","coordinates":[[[479961.856000000028871,9221873.200999999418855],[480963.856000000028871,9221873.200999999418855],[480963.856000000028871,9220871.200999999418855],[479961.856000000028871,9220871.200999999418855],[479961.856000000028871,9221873.200999999418855]]]}},
{"type":"Feature","properties":{"DESCRIPTION":"MDT_1426162.tif","FILENAME":"U:\\P589_AmazoniaRevelada_BR-319\\LiDAR_dataset\\ENTREGAS\\ENTREGA_05\\2_MDT\\GEOTIFF\\MDT_1426162.tif","SHRT_FNAME":"MDT_1426162.tif","UPPER_LEFT_X":"478961.761","UPPER_LEFT_Y":"9221873.201","LOWER_RIGHT_X":"479963.761","LOWER_RIGHT_Y":"9220871.201"},"geometry":{"type":"Polygon","coordinates":[[[478961.761,9221873.200999999418855],[479963.761,9221873.200999999418855],[479963.761,9220871.200999999418855],[478961.761,9220871.200999999418855],[478961.761,9221873.200999999418855]]]}},
{"type":"Feature","properties":{"DESCRIPTION":"MDT_1426161.tif","FILENAME":"U:\\P589_AmazoniaRevelada_BR-319\\LiDAR_dataset\\ENTREGAS\\ENTREGA_05\\2_MDT\\GEOTIFF\\MDT_1426161.tif","SHRT_FNAME":"MDT_1426161.tif","UPPER_LEFT_X":"477961.666","UPPER_LEFT_Y":"9221873.201","LOWER_RIGHT_X":"478963.666","LOWER_RIGHT_Y":"9220871.201"},"geometry":{"type":"Polygon","coordinates":[[[477961.666000000026543,9221873.200999999418855],[478963.666000000026543,9221873.200999999418855],[478963.666000000026543,9220871.200999999418855],[477961.666000000026543,9220871.200999999418855],[477961.666000000026543,9221873.200999999418855]]]}},
{"type":"Feature","properties":{"DESCRIPTION":"MDT_1426160.tif","FILENAME":"U:\\P589_AmazoniaRevelada_BR-319\\LiDAR_dataset\\ENTREGAS\\ENTREGA_05\\2_MDT\\GEOTIFF\\MDT_1426160.tif","SHRT_FNAME":"MDT_1426160.tif","UPPER_LEFT_X":"476961.570","UPPER_LEFT_Y":"9221873.201","LOWER_RIGHT_X":"477963.570","LOWER_RIGHT_Y":"9220871.201"},"geometry":{"type":"Polygon","coordinates":[[[476961.57,9221873.200999999418855],[477963.57,9221873.200999999418855],[477963.57,9220871.200999999418855],[476961.57,9220871.200999999418855],[476961.57,9221873.200999999418855]]]}},
{"type":"Feature","properties":{"DESCRIPTION":"MDT_1426159.tif","FILENAME":"U:\\P589_AmazoniaRevelada_BR-319\\LiDAR_dataset\\ENTREGAS\\ENTREGA_05\\2_MDT\\GEOTIFF\\MDT_1426159.tif","SHRT_FNAME":"MDT_1426159.tif","UPPER_LEFT_X":"475961.475","UPPER_LEFT_Y":"9221873.201","LOWER_RIGHT_X":"476963.475","LOWER_RIGHT_Y":"9220871.201"},"geometry":{"type":"Polygon","coordinates":[[[475961.474999999976717,9221873.200999999418855],[476963.474999999976717,9221873.200999999418855],[476963.474999999976717,9220871.200999999418855],[475961.474999999976717,9220871.200999999418855],[475961.474999999976717,9221873.200999999418855]]]}},
{"type":"Feature","properties":{"DESCRIPTION":"MDT_1426158.tif","FILENAME":"U:\\P589_AmazoniaRevelada_BR-319\\LiDAR_dataset\\ENTREGAS\\ENTREGA_05\\2_MDT\\GEOTIFF\\MDT_1426158.tif","SHRT_FNAME":"MDT_1426158.tif","UPPER_LEFT_X":"474961.380","UPPER_LEFT_Y":"9221873.201","LOWER_RIGHT_X":"475963.380","LOWER_RIGHT_Y":"9220871.201"},"geometry":{"type":"Polygon","coordinates":[[[474961.38,9221873.200999999418855],[475963.38,9221873.200999999418855],[475963.38,9220871.200999999418855],[474961.38,9220871.200999999418855],[474961.38,9221873.200999999418855]]]}},
{"type":"Feature","properties":{"DESCRIPTION":"MDT_1426157.tif","FILENAME":"U:\\P589_AmazoniaRevelada_BR-319\\LiDAR_dataset\\ENTREGAS\\ENTREGA_05\\2_MDT\\GEOTIFF\\MDT_1426157.tif","SHRT_FNAME":"MDT_1426157.tif","UPPER_LEFT_X":"473961.285","UPPER_LEFT_Y":"9221873.201","LOWER_RIGHT_X":"474963.285","LOWER_RIGHT_Y":"9220871.201"},"geometry":{"type":"Polygon","coordinates":[[[473961.284999999974389,9221873.200999999418855],[474963.284999999974389,9221873.200999999418855],[474963.284999999974389,9220871.200999999418855],[473961.284999999974389,9220871.200999999418855],[473961.284999999974389,9221873.200999999418855]]]}},
{"type":"Feature","properties":{"DESCRIPTION":"MDT_1426156.tif","FILENAME":"U:\\P589_AmazoniaRevelada_BR-319\\LiDAR_dataset\\ENTREGAS\\ENTREGA_05\\2_MDT\\GEOTIFF\\MDT_1426156.tif","SHRT_FNAME":"MDT_1426156.tif","UPPER_LEFT_X":"472961.190","UPPER_LEFT_Y":"9221873.201","LOWER_RIGHT_X":"473963.190","LOWER_RIGHT_Y":"9220871.201"},"geometry":{"type":"Polygon","coordinates":[[[472961.19,9221873.200999999418855],[473963.19,9221873.200999999418855],[473963.19,9220871.200999999418855],[472961.19,9220871.200999999418855],[472961.19,9221873.200999999418855]]]}},
{"type":"Feature","properties":{"DESCRIPTION":"MDT_1426155.tif","FILENAME":"U:\\P589_AmazoniaRevelada_BR-319\\LiDAR_dataset\\ENTREGAS\\ENTREGA_05\\2_MDT\\GEOTIFF\\MDT_1426155.tif","SHRT_FNAME":"MDT_1426155.tif","UPPER_LEFT_X":"471961.094","UPPER_LEFT_Y":"9221873.201","LOWER_RIGHT_X":"472963.094","LOWER_RIGHT_Y":"9220871.201"},"geometry":{"type":"Polygon","coordinates":[[[471961.093999999982771,9221873.200999999418855],[472963.093999999982771,9221873.200999999418855],[472963.093999999982771,9220871.200999999418855],[471961.093999999982771,9220871.200999999418855],[471961.093999999982771,9221873.200999999418855]]]}},
{"type":"Feature","properties":{"DESCRIPTION":"MDT_1426154.tif","FILENAME":"U:\\P589_AmazoniaRevelada_BR-319\\LiDAR_dataset\\ENTREGAS\\ENTREGA_05\\2_MDT\\GEOTIFF\\MDT_1426154.tif","SHRT_FNAME":"MDT_1426154.tif","UPPER_LEFT_X":"470960.999","UPPER_LEFT_Y":"9221873.201","LOWER_RIGHT_X":"471962.999","LOWER_RIGHT_Y":"9220871.201"},"geometry":{"type":"Polygon","coordinates":[[[470960.99900000001071,9221873.200999999418855],[471962.99900000001071,9221873.200999999418855],[471962.99900000001071,9220871.200999999418855],[470960.99900000001071,9220871.200999999418855],[470960.99900000001071,9221873.200999999418855]]]}},
{"type":"Feature","properties":{"DESCRIPTION":"MDT_1426153.tif","FILENAME":"U:\\P589_AmazoniaRevelada_BR-319\\LiDAR_dataset\\ENTREGAS\\ENTREGA_05\\2_MDT\\GEOTIFF\\MDT_1426153.tif","SHRT_FNAME":"MDT_1426153.tif","UPPER_LEFT_X":"469960.904","UPPER_LEFT_Y":"9221873.201","LOWER_RIGHT_X":"470962.904","LOWER_RIGHT_Y":"9220871.201"},"geometry":{"type":"Polygon","coordinates":[[[469960.903999999980442,9221873.200999999418855],[470962.903999999980442,9221873.200999999418855],[470962.903999999980442,9220871.200999999418855],[469960.903999999980442,9220871.200999999418855],[469960.903999999980442,9221873.200999999418855]]]}},
{"type":"Feature","properties":{"DESCRIPTION":"MDT_1426152.tif","FILENAME":"U:\\P589_AmazoniaRevelada_BR-319\\LiDAR_dataset\\ENTREGAS\\ENTREGA_05\\2_MDT\\GEOTIFF\\MDT_1426152.tif","SHRT_FNAME":"MDT_1426152.tif","UPPER_LEFT_X":"468960.809","UPPER_LEFT_Y":"9221873.201","LOWER_RIGHT_X":"469962.809","LOWER_RIGHT_Y":"9220871.201"},"geometry":{"type":"Polygon","coordinates":[[[468960.809,9221873.200999999418855],[469962.809,9221873.200999999418855],[469962.809,9220871.200999999418855],[468960.809,9220871.200999999418855],[468960.809,9221873.200999999418855]]]}},
{"type":"Feature","properties":{"DESCRIPTION":"MDT_1426151.tif","FILENAME":"U:\\P589_AmazoniaRevelada_BR-319\\LiDAR_dataset\\ENTREGAS\\ENTREGA_05\\2_MDT\\GEOTIFF\\MDT_1426151.tif","SHRT_FNAME":"MDT_1426151.tif","UPPER_LEFT_X":"467960.714","UPPER_LEFT_Y":"9221873.201","LOWER_RIGHT_X":"468962.714","LOWER_RIGHT_Y":"9220871.201"},"geometry":{"type":"Polygon","coordinates":[[[467960.713999999978114,9221873.200999999418855],[468962.713999999978114,9221873.200999999418855],[468962.713999999978114,9220871.200999999418855],[467960.713999999978114,9220871.200999999418855],[467960.713999999978114,9221873.200999999418855]]]}},
{"type":"Feature","properties":{"DESCRIPTION":"MDT_1426150.tif","FILENAME":"U:\\P589_AmazoniaRevelada_BR-319\\LiDAR_dataset\\ENTREGAS\\ENTREGA_05\\2_MDT\\GEOTIFF\\MDT_1426150.tif","SHRT_FNAME":"MDT_1426150.tif","UPPER_LEFT_X":"466960.618","UPPER_LEFT_Y":"9221873.201","LOWER_RIGHT_X":"467962.618","LOWER_RIGHT_Y":"9220871.201"},"geometry":{"type":"Polygon","coordinates":[[[466960.618000000016764,9221873.200999999418855],[467962.618000000016764,9221873.200999999418855],[467962.618000000016764,9220871.200999999418855],[466960.618000000016764,9220871.200999999418855],[466960.618000000016764,9221873.200999999418855]]]}},
{"type":"Feature","properties":{"DESCRIPTION":"MDT_1426149.tif","FILENAME":"U:\\P589_AmazoniaRevelada_BR-319\\LiDAR_dataset\\ENTREGAS\\ENTREGA_05\\2_MDT\\GEOTIFF\\MDT_1426149.tif","SHRT_FNAME":"MDT_1426149.tif","UPPER_LEFT_X":"465960.523","UPPER_LEFT_Y":"9221873.201","LOWER_RIGHT_X":"466962.523","LOWER_RIGHT_Y":"9220871.201"},"geometry":{"type":"Polygon","coordinates":[[[465960.522999999986496,9221873.200999999418855],[466962.522999999986496,9221873.200999999418855],[466962.522999999986496,9220871.200999999418855],[465960.522999999986496,9220871.200999999418855],[465960.522999999986496,9221873.200999999418855]]]}},
{"type":"Feature","properties":{"DESCRIPTION":"MDT_1426148.tif","FILENAME":"U:\\P589_AmazoniaRevelada_BR-319\\LiDAR_dataset\\ENTREGAS\\ENTREGA_05\\2_MDT\\GEOTIFF\\MDT_1426148.tif","SHRT_FNAME":"MDT_1426148.tif","UPPER_LEFT_X":"464960.428","UPPER_LEFT_Y":"9221873.201","LOWER_RIGHT_X":"465962.428","LOWER_RIGHT_Y":"9220871.201"},"geometry":{"type":"Polygon","coordinates":[[[464960.428000000014435,9221873.200999999418855],[465962.428000000014435,9221873.200999999418855],[465962.428000000014435,9220871.200999999418855],[464960.428000000014435,9220871.200999999418855],[464960.428000000014435,9221873.200999999418855]]]}},
{"type":"Feature","properties":{"DESCRIPTION":"MDT_1426147.tif","FILENAME":"U:\\P589_AmazoniaRevelada_BR-319\\LiDAR_dataset\\ENTREGAS\\ENTREGA_05\\2_MDT\\GEOTIFF\\MDT_1426147.tif","SHRT_FNAME":"MDT_1426147.tif","UPPER_LEFT_X":"463960.333","UPPER_LEFT_Y":"9221873.201","LOWER_RIGHT_X":"464962.333","LOWER_RIGHT_Y":"9220871.201"},"geometry":{"type":"Polygon","coordinates":[[[463960.332999999984168,9221873.200999999418855],[464962.332999999984168,9221873.200999999418855],[464962.332999999984168,9220871.200999999418855],[463960.332999999984168,9220871.200999999418855],[463960.332999999984168,9221873.200999999418855]]]}},
{"type":"Feature","properties":{"DESCRIPTION":"MDT_1423193.tif","FILENAME":"U:\\P589_AmazoniaRevelada_BR-319\\LiDAR_dataset\\ENTREGAS\\ENTREGA_05\\2_MDT\\GEOTIFF\\MDT_1423193.tif","SHRT_FNAME":"MDT_1423193.tif","UPPER_LEFT_X":"509964.712","UPPER_LEFT_Y":"9224872.827","LOWER_RIGHT_X":"510966.712","LOWER_RIGHT_Y":"9223870.827"},"geometry":{"type":"Polygon","coordinates":[[[509964.712,9224872.826999999582767],[510966.712,9224872.826999999582767],[510966.712,9223870.826999999582767],[509964.712,9223870.826999999582767],[509964.712,9224872.826999999582767]]]}},
{"type":"Feature","properties":{"DESCRIPTION":"MDT_1423192.tif","FILENAME":"U:\\P589_AmazoniaRevelada_BR-319\\LiDAR_dataset\\ENTREGAS\\ENTREGA_05\\2_MDT\\GEOTIFF\\MDT_1423192.tif","SHRT_FNAME":"MDT_1423192.tif","UPPER_LEFT_X":"508964.617","UPPER_LEFT_Y":"9224872.827","LOWER_RIGHT_X":"509966.617","LOWER_RIGHT_Y":"9223870.827"},"geometry":{"type":"Polygon","coordinates":[[[508964.617000000027474,9224872.826999999582767],[509966.617000000027474,9224872.826999999582767],[509966.617000000027474,9223870.826999999582767],[508964.617000000027474,9223870.826999999582767],[508964.617000000027474,9224872.826999999582767]]]}},
{"type":"Feature","properties":{"DESCRIPTION":"MDT_1423191.tif","FILENAME":"U:\\P589_AmazoniaRevelada_BR-319\\LiDAR_dataset\\ENTREGAS\\ENTREGA_05\\2_MDT\\GEOTIFF\\MDT_1423191.tif","SHRT_FNAME":"MDT_1423191.tif","UPPER_LEFT_X":"507964.522","UPPER_LEFT_Y":"9224872.827","LOWER_RIGHT_X":"508966.522","LOWER_RIGHT_Y":"9223870.827"},"geometry":{"type":"Polygon","coordinates":[[[507964.522,9224872.826999999582767],[508966.522,9224872.826999999582767],[508966.522,9223870.826999999582767],[507964.522,9223870.826999999582767],[507964.522,9224872.826999999582767]]]}},
{"type":"Feature","properties":{"DESCRIPTION":"MDT_1423190.tif","FILENAME":"U:\\P589_AmazoniaRevelada_BR-319\\LiDAR_dataset\\ENTREGAS\\ENTREGA_05\\2_MDT\\GEOTIFF\\MDT_1423190.tif","SHRT_FNAME":"MDT_1423190.tif","UPPER_LEFT_X":"506964.426","UPPER_LEFT_Y":"9224872.827","LOWER_RIGHT_X":"507966.426","LOWER_RIGHT_Y":"9223870.827"},"geometry":{"type":"Polygon","coordinates":[[[506964.425999999977648,9224872.826999999582767],[507966.425999999977648,9224872.826999999582767],[507966.425999999977648,9223870.826999999582767],[506964.425999999977648,9223870.826999999582767],[506964.425999999977648,9224872.826999999582767]]]}},
{"type":"Feature","properties":{"DESCRIPTION":"MDT_1423189.tif","FILENAME":"U:\\P589_AmazoniaRevelada_BR-319\\LiDAR_dataset\\ENTREGAS\\ENTREGA_05\\2_MDT\\GEOTIFF\\MDT_1423189.tif","SHRT_FNAME":"MDT_1423189.tif","UPPER_LEFT_X":"505964.331","UPPER_LEFT_Y":"9224872.827","LOWER_RIGHT_X":"506966.331","LOWER_RIGHT_Y":"9223870.827"},"geometry":{"type":"Polygon","coordinates":[[[505964.331,9224872.826999999582767],[506966.331,9224872.826999999582767],[506966.331,9223870.826999999582767],[505964.331,9223870.826999999582767],[505964.331,9224872.826999999582767]]]}},
{"type":"Feature","properties":{"DESCRIPTION":"MDT_1423188.tif","FILENAME":"U:\\P589_AmazoniaRevelada_BR-319\\LiDAR_dataset\\ENTREGAS\\ENTREGA_05\\2_MDT\\GEOTIFF\\MDT_1423188.tif","SHRT_FNAME":"MDT_1423188.tif","UPPER_LEFT_X":"504964.236","UPPER_LEFT_Y":"9224872.827","LOWER_RIGHT_X":"505966.236","LOWER_RIGHT_Y":"9223870.827"},"geometry":{"type":"Polygon","coordinates":[[[504964.23599999997532,9224872.826999999582767],[505966.23599999997532,9224872.826999999582767],[505966.23599999997532,9223870.826999999582767],[504964.23599999997532,9223870.826999999582767],[504964.23599999997532,9224872.826999999582767]]]}},
{"type":"Feature","properties":{"DESCRIPTION":"MDT_1423187.tif","FILENAME":"U:\\P589_AmazoniaRevelada_BR-319\\LiDAR_dataset\\ENTREGAS\\ENTREGA_05\\2_MDT\\GEOTIFF\\MDT_1423187.tif","SHRT_FNAME":"MDT_1423187.tif","UPPER_LEFT_X":"503964.141","UPPER_LEFT_Y":"9224872.827","LOWER_RIGHT_X":"504966.141","LOWER_RIGHT_Y":"9223870.827"},"geometry":{"type":"Polygon","coordinates":[[[503964.141,9224872.826999999582767],[504966.141,9224872.826999999582767],[504966.141,9223870.826999999582767],[503964.141,9223870.826999999582767],[503964.141,9224872.826999999582767]]]}},
{"type":"Feature","properties":{"DESCRIPTION":"MDT_1423186.tif","FILENAME":"U:\\P589_AmazoniaRevelada_BR-319\\LiDAR_dataset\\ENTREGAS\\ENTREGA_05\\2_MDT\\GEOTIFF\\MDT_1423186.tif","SHRT_FNAME":"MDT_1423186.tif","UPPER_LEFT_X":"502964.046","UPPER_LEFT_Y":"9224872.827","LOWER_RIGHT_X":"503966.046","LOWER_RIGHT_Y":"9223870.827"},"geometry":{"type":"Polygon","coordinates":[[[502964.045999999972992,9224872.826999999582767],[503966.045999999972992,9224872.826999999582767],[503966.045999999972992,9223870.826999999582767],[502964.045999999972992,9223870.826999999582767],[502964.045999999972992,9224872.826999999582767]]]}},
{"type":"Feature","properties":{"DESCRIPTION":"MDT_1423185.tif","FILENAME":"U:\\P589_AmazoniaRevelada_BR-319\\LiDAR_dataset\\ENTREGAS\\ENTREGA_05\\2_MDT\\GEOTIFF\\MDT_1423185.tif","SHRT_FNAME":"MDT_1423185.tif","UPPER_LEFT_X":"501963.950","UPPER_LEFT_Y":"9224872.827","LOWER_RIGHT_X":"502965.950","LOWER_RIGHT_Y":"9223870.827"},"geometry":{"type":"Polygon","coordinates":[[[501963.950000000011642,9224872.826999999582767],[502965.950000000011642,9224872.826999999582767],[502965.950000000011642,9223870.826999999582767],[501963.950000000011642,9223870.826999999582767],[501963.950000000011642,9224872.826999999582767]]]}},
{"type":"Feature","properties":{"DESCRIPTION":"MDT_1423184.tif","FILENAME":"U:\\P589_AmazoniaRevelada_BR-319\\LiDAR_dataset\\ENTREGAS\\ENTREGA_05\\2_MDT\\GEOTIFF\\MDT_1423184.tif","SHRT_FNAME":"MDT_1423184.tif","UPPER_LEFT_X":"500963.855","UPPER_LEFT_Y":"9224872.827","LOWER_RIGHT_X":"501965.855","LOWER_RIGHT_Y":"9223870.827"},"geometry":{"type":"Polygon","coordinates":[[[500963.854999999981374,9224872.826999999582767],[501965.854999999981374,9224872.826999999582767],[501965.854999999981374,9223870.826999999582767],[500963.854999999981374,9223870.826999999582767],[500963.854999999981374,9224872.826999999582767]]]}},
{"type":"Feature","properties":{"DESCRIPTION":"MDT_1423183.tif","FILENAME":"U:\\P589_AmazoniaRevelada_BR-319\\LiDAR_dataset\\ENTREGAS\\ENTREGA_05\\2_MDT\\GEOTIFF\\MDT_1423183.tif","SHRT_FNAME":"MDT_1423183.tif","UPPER_LEFT_X":"499963.760","UPPER_LEFT_Y":"9224872.827","LOWER_RIGHT_X":"500965.760","LOWER_RIGHT_Y":"9223870.827"},"geometry":{"type":"Polygon","coordinates":[[[499963.76,9224872.826999999582767],[500965.76,9224872.826999999582767],[500965.76,9223870.826999999582767],[499963.76,9223870.826999999582767],[499963.76,9224872.826999999582767]]]}},
{"type":"Feature","properties":{"DESCRIPTION":"MDT_1423182.tif","FILENAME":"U:\\P589_AmazoniaRevelada_BR-319\\LiDAR_dataset\\ENTREGAS\\ENTREGA_05\\2_MDT\\GEOTIFF\\MDT_1423182.tif","SHRT_FNAME":"MDT_1423182.tif","UPPER_LEFT_X":"498963.665","UPPER_LEFT_Y":"9224872.827","LOWER_RIGHT_X":"499965.665","LOWER_RIGHT_Y":"9223870.827"},"geometry":{"type":"Polygon","coordinates":[[[498963.664999999979045,9224872.826999999582767],[499965.664999999979045,9224872.826999999582767],[499965.664999999979045,9223870.826999999582767],[498963.664999999979045,9223870.826999999582767],[498963.664999999979045,9224872.826999999582767]]]}},
{"type":"Feature","properties":{"DESCRIPTION":"MDT_1423181.tif","FILENAME":"U:\\P589_AmazoniaRevelada_BR-319\\LiDAR_dataset\\ENTREGAS\\ENTREGA_05\\2_MDT\\GEOTIFF\\MDT_1423181.tif","SHRT_FNAME":"MDT_1423181.tif","UPPER_LEFT_X":"497963.570","UPPER_LEFT_Y":"9224872.827","LOWER_RIGHT_X":"498965.570","LOWER_RIGHT_Y":"9223870.827"},"geometry":{"type":"Polygon","coordinates":[[[497963.57,9224872.826999999582767],[498965.57,9224872.826999999582767],[498965.57,9223870.826999999582767],[497963.57,9223870.826999999582767],[497963.57,9224872.826999999582767]]]}},
{"type":"Feature","properties":{"DESCRIPTION":"MDT_1423180.tif","FILENAME":"U:\\P589_AmazoniaRevelada_BR-319\\LiDAR_dataset\\ENTREGAS\\ENTREGA_05\\2_MDT\\GEOTIFF\\MDT_1423180.tif","SHRT_FNAME":"MDT_1423180.tif","UPPER_LEFT_X":"496963.474","UPPER_LEFT_Y":"9224872.827","LOWER_RIGHT_X":"497965.474","LOWER_RIGHT_Y":"9223870.827"},"geometry":{"type":"Polygon","coordinates":[[[496963.473999999987427,9224872.826999999582767],[497965.473999999987427,9224872.826999999582767],[497965.473999999987427,9223870.826999999582767],[496963.473999999987427,9223870.826999999582767],[496963.473999999987427,9224872.826999999582767]]]}},
{"type":"Feature","properties":{"DESCRIPTION":"MDT_1423179.tif","FILENAME":"U:\\P589_AmazoniaRevelada_BR-319\\LiDAR_dataset\\ENTREGAS\\ENTREGA_05\\2_MDT\\GEOTIFF\\MDT_1423179.tif","SHRT_FNAME":"MDT_1423179.tif","UPPER_LEFT_X":"495963.379","UPPER_LEFT_Y":"9224872.827","LOWER_RIGHT_X":"496965.379","LOWER_RIGHT_Y":"9223870.827"},"geometry":{"type":"Polygon","coordinates":[[[495963.379000000015367,9224872.826999999582767],[496965.379000000015367,9224872.826999999582767],[496965.379000000015367,9223870.826999999582767],[495963.379000000015367,9223870.826999999582767],[495963.379000000015367,9224872.826999999582767]]]}},
{"type":"Feature","properties":{"DESCRIPTION":"MDT_1423178.tif","FILENAME":"U:\\P589_AmazoniaRevelada_BR-319\\LiDAR_dataset\\ENTREGAS\\ENTREGA_05\\2_MDT\\GEOTIFF\\MDT_1423178.tif","SHRT_FNAME":"MDT_1423178.tif","UPPER_LEFT_X":"494963.284","UPPER_LEFT_Y":"9224872.827","LOWER_RIGHT_X":"495965.284","LOWER_RIGHT_Y":"9223870.827"},"geometry":{"type":"Polygon","coordinates":[[[494963.283999999985099,9224872.826999999582767],[495965.283999999985099,9224872.826999999582767],[495965.283999999985099,9223870.826999999582767],[494963.283999999985099,9223870.826999999582767],[494963.283999999985099,9224872.826999999582767]]]}},
{"type":"Feature","properties":{"DESCRIPTION":"MDT_1423177.tif","FILENAME":"U:\\P589_AmazoniaRevelada_BR-319\\LiDAR_dataset\\ENTREGAS\\ENTREGA_05\\2_MDT\\GEOTIFF\\MDT_1423177.tif","SHRT_FNAME":"MDT_1423177.tif","UPPER_LEFT_X":"493963.189","UPPER_LEFT_Y":"9224872.827","LOWER_RIGHT_X":"494965.189","LOWER_RIGHT_Y":"9223870.827"},"geometry":{"type":"Polygon","coordinates":[[[493963.189000000013039,9224872.826999999582767],[494965.189000000013039,9224872.826999999582767],[494965.189000000013039,9223870.826999999582767],[493963.189000000013039,9223870.826999999582767],[493963.189000000013039,9224872.826999999582767]]]}},
{"type":"Feature","properties":{"DESCRIPTION":"MDT_1423176.tif","FILENAME":"U:\\P589_AmazoniaRevelada_BR-319\\LiDAR_dataset\\ENTREGAS\\ENTREGA_05\\2_MDT\\GEOTIFF\\MDT_1423176.tif","SHRT_FNAME":"MDT_1423176.tif","UPPER_LEFT_X":"492963.094","UPPER_LEFT_Y":"9224872.827","LOWER_RIGHT_X":"493965.094","LOWER_RIGHT_Y":"9223870.827"},"geometry":{"type":"Polygon","coordinates":[[[492963.093999999982771,9224872.826999999582767],[493965.093999999982771,9224872.826999999582767],[493965.093999999982771,9223870.826999999582767],[492963.093999999982771,9223870.826999999582767],[492963.093999999982771,9224872.826999999582767]]]}},
{"type":"Feature","properties":{"DESCRIPTION":"MDT_1423175.tif","FILENAME":"U:\\P589_AmazoniaRevelada_BR-319\\LiDAR_dataset\\ENTREGAS\\ENTREGA_05\\2_MDT\\GEOTIFF\\MDT_1423175.tif","SHRT_FNAME":"MDT_1423175.tif","UPPER_LEFT_X":"491962.998","UPPER_LEFT_Y":"9224872.827","LOWER_RIGHT_X":"492964.998","LOWER_RIGHT_Y":"9223870.827"},"geometry":{"type":"Polygon","coordinates":[[[491962.99800000002142,9224872.826999999582767],[492964.99800000002142,9224872.826999999582767],[492964.99800000002142,9223870.826999999582767],[491962.99800000002142,9223870.826999999582767],[491962.99800000002142,9224872.826999999582767]]]}},
{"type":"Feature","properties":{"DESCRIPTION":"MDT_1423174.tif","FILENAME":"U:\\P589_AmazoniaRevelada_BR-319\\LiDAR_dataset\\ENTREGAS\\ENTREGA_05\\2_MDT\\GEOTIFF\\MDT_1423174.tif","SHRT_FNAME":"MDT_1423174.tif","UPPER_LEFT_X":"490962.903","UPPER_LEFT_Y":"9224872.827","LOWER_RIGHT_X":"491964.903","LOWER_RIGHT_Y":"9223870.827"},"geometry":{"type":"Polygon","coordinates":[[[490962.903,9224872.826999999582767],[491964.903,9224872.826999999582767],[491964.903,9223870.826999999582767],[490962.903,9223870.826999999582767],[490962.903,9224872.826999999582767]]]}},
{"type":"Feature","properties":{"DESCRIPTION":"MDT_1423173.tif","FILENAME":"U:\\P589_AmazoniaRevelada_BR-319\\LiDAR_dataset\\ENTREGAS\\ENTREGA_05\\2_MDT\\GEOTIFF\\MDT_1423173.tif","SHRT_FNAME":"MDT_1423173.tif","UPPER_LEFT_X":"489962.808","UPPER_LEFT_Y":"9224872.827","LOWER_RIGHT_X":"490964.808","LOWER_RIGHT_Y":"9223870.827"},"geometry":{"type":"Polygon","coordinates":[[[489962.808000000019092,9224872.826999999582767],[490964.808000000019092,9224872.826999999582767],[490964.808000000019092,9223870.826999999582767],[489962.808000000019092,9223870.826999999582767],[489962.808000000019092,9224872.826999999582767]]]}},
{"type":"Feature","properties":{"DESCRIPTION":"MDT_1423172.tif","FILENAME":"U:\\P589_AmazoniaRevelada_BR-319\\LiDAR_dataset\\ENTREGAS\\ENTREGA_05\\2_MDT\\GEOTIFF\\MDT_1423172.tif","SHRT_FNAME":"MDT_1423172.tif","UPPER_LEFT_X":"488962.713","UPPER_LEFT_Y":"9224872.827","LOWER_RIGHT_X":"489964.713","LOWER_RIGHT_Y":"9223870.827"},"geometry":{"type":"Polygon","coordinates":[[[488962.712999999988824,9224872.826999999582767],[489964.712999999988824,9224872.826999999582767],[489964.712999999988824,9223870.826999999582767],[488962.712999999988824,9223870.826999999582767],[488962.712999999988824,9224872.826999999582767]]]}},
{"type":"Feature","properties":{"DESCRIPTION":"MDT_1423171.tif","FILENAME":"U:\\P589_AmazoniaRevelada_BR-319\\LiDAR_dataset\\ENTREGAS\\ENTREGA_05\\2_MDT\\GEOTIFF\\MDT_1423171.tif","SHRT_FNAME":"MDT_1423171.tif","UPPER_LEFT_X":"487962.618","UPPER_LEFT_Y":"9224872.827","LOWER_RIGHT_X":"488964.618","LOWER_RIGHT_Y":"9223870.827"},"geometry":{"type":"Polygon","coordinates":[[[487962.618000000016764,9224872.826999999582767],[488964.618000000016764,9224872.826999999582767],[488964.618000000016764,9223870.826999999582767],[487962.618000000016764,9223870.826999999582767],[487962.618000000016764,9224872.826999999582767]]]}},
{"type":"Feature","properties":{"DESCRIPTION":"MDT_1423170.tif","FILENAME":"U:\\P589_AmazoniaRevelada_BR-319\\LiDAR_dataset\\ENTREGAS\\ENTREGA_05\\2_MDT\\GEOTIFF\\MDT_1423170.tif","SHRT_FNAME":"MDT_1423170.tif","UPPER_LEFT_X":"486962.522","UPPER_LEFT_Y":"9224872.827","LOWER_RIGHT_X":"487964.522","LOWER_RIGHT_Y":"9223870.827"},"geometry":{"type":"Polygon","coordinates":[[[486962.522,9224872.826999999582767],[487964.522,9224872.826999999582767],[487964.522,9223870.826999999582767],[486962.522,9223870.826999999582767],[486962.522,9224872.826999999582767]]]}},
{"type":"Feature","properties":{"DESCRIPTION":"MDT_1423169.tif","FILENAME":"U:\\P589_AmazoniaRevelada_BR-319\\LiDAR_dataset\\ENTREGAS\\ENTREGA_05\\2_MDT\\GEOTIFF\\MDT_1423169.tif","SHRT_FNAME":"MDT_1423169.tif","UPPER_LEFT_X":"485962.427","UPPER_LEFT_Y":"9224872.827","LOWER_RIGHT_X":"486964.427","LOWER_RIGHT_Y":"9223870.827"},"geometry":{"type":"Polygon","coordinates":[[[485962.427000000025146,9224872.826999999582767],[486964.427000000025146,9224872.826999999582767],[486964.427000000025146,9223870.826999999582767],[485962.427000000025146,9223870.826999999582767],[485962.427000000025146,9224872.826999999582767]]]}},
{"type":"Feature","properties":{"DESCRIPTION":"MDT_1423168.tif","FILENAME":"U:\\P589_AmazoniaRevelada_BR-319\\LiDAR_dataset\\ENTREGAS\\ENTREGA_05\\2_MDT\\GEOTIFF\\MDT_1423168.tif","SHRT_FNAME":"MDT_1423168.tif","UPPER_LEFT_X":"484962.332","UPPER_LEFT_Y":"9224872.827","LOWER_RIGHT_X":"485964.332","LOWER_RIGHT_Y":"9223870.827"},"geometry":{"type":"Polygon","coordinates":[[[484962.332,9224872.826999999582767],[485964.332,9224872.826999999582767],[485964.332,9223870.826999999582767],[484962.332,9223870.826999999582767],[484962.332,9224872.826999999582767]]]}},
{"type":"Feature","properties":{"DESCRIPTION":"MDT_1423167.tif","FILENAME":"U:\\P589_AmazoniaRevelada_BR-319\\LiDAR_dataset\\ENTREGAS\\ENTREGA_05\\2_MDT\\GEOTIFF\\MDT_1423167.tif","SHRT_FNAME":"MDT_1423167.tif","UPPER_LEFT_X":"483962.237","UPPER_LEFT_Y":"9224872.827","LOWER_RIGHT_X":"484964.237","LOWER_RIGHT_Y":"9223870.827"},"geometry":{"type":"Polygon","coordinates":[[[483962.237000000022817,9224872.826999999582767],[484964.237000000022817,9224872.826999999582767],[484964.237000000022817,9223870.826999999582767],[483962.237000000022817,9223870.826999999582767],[483962.237000000022817,9224872.826999999582767]]]}},
{"type":"Feature","properties":{"DESCRIPTION":"MDT_1423166.tif","FILENAME":"U:\\P589_AmazoniaRevelada_BR-319\\LiDAR_dataset\\ENTREGAS\\ENTREGA_05\\2_MDT\\GEOTIFF\\MDT_1423166.tif","SHRT_FNAME":"MDT_1423166.tif","UPPER_LEFT_X":"482962.142","UPPER_LEFT_Y":"9224872.827","LOWER_RIGHT_X":"483964.142","LOWER_RIGHT_Y":"9223870.827"},"geometry":{"type":"Polygon","coordinates":[[[482962.142,9224872.826999999582767],[483964.142,9224872.826999999582767],[483964.142,9223870.826999999582767],[482962.142,9223870.826999999582767],[482962.142,9224872.826999999582767]]]}},
{"type":"Feature","properties":{"DESCRIPTION":"MDT_1423165.tif","FILENAME":"U:\\P589_AmazoniaRevelada_BR-319\\LiDAR_dataset\\ENTREGAS\\ENTREGA_05\\2_MDT\\GEOTIFF\\MDT_1423165.tif","SHRT_FNAME":"MDT_1423165.tif","UPPER_LEFT_X":"481962.046","UPPER_LEFT_Y":"9224872.827","LOWER_RIGHT_X":"482964.046","LOWER_RIGHT_Y":"9223870.827"},"geometry":{"type":"Polygon","coordinates":[[[481962.045999999972992,9224872.826999999582767],[482964.045999999972992,9224872.826999999582767],[482964.045999999972992,9223870.826999999582767],[481962.045999999972992,9223870.826999999582767],[481962.045999999972992,9224872.826999999582767]]]}},
{"type":"Feature","properties":{"DESCRIPTION":"MDT_1423164.tif","FILENAME":"U:\\P589_AmazoniaRevelada_BR-319\\LiDAR_dataset\\ENTREGAS\\ENTREGA_05\\2_MDT\\GEOTIFF\\MDT_1423164.tif","SHRT_FNAME":"MDT_1423164.tif","UPPER_LEFT_X":"480961.951","UPPER_LEFT_Y":"9224872.827","LOWER_RIGHT_X":"481963.951","LOWER_RIGHT_Y":"9223870.827"},"geometry":{"type":"Polygon","coordinates":[[[480961.951,9224872.826999999582767],[481963.951,9224872.826999999582767],[481963.951,9223870.826999999582767],[480961.951,9223870.826999999582767],[480961.951,9224872.826999999582767]]]}},
{"type":"Feature","properties":{"DESCRIPTION":"MDT_1423163.tif","FILENAME":"U:\\P589_AmazoniaRevelada_BR-319\\LiDAR_dataset\\ENTREGAS\\ENTREGA_05\\2_MDT\\GEOTIFF\\MDT_1423163.tif","SHRT_FNAME":"MDT_1423163.tif","UPPER_LEFT_X":"479961.856","UPPER_LEFT_Y":"9224872.827","LOWER_RIGHT_X":"480963.856","LOWER_RIGHT_Y":"9223870.827"},"geometry":{"type":"Polygon","coordinates":[[[479961.856000000028871,9224872.826999999582767],[480963.856000000028871,9224872.826999999582767],[480963.856000000028871,9223870.826999999582767],[479961.856000000028871,9223870.826999999582767],[479961.856000000028871,9224872.826999999582767]]]}},
{"type":"Feature","properties":{"DESCRIPTION":"MDT_1423162.tif","FILENAME":"U:\\P589_AmazoniaRevelada_BR-319\\LiDAR_dataset\\ENTREGAS\\ENTREGA_05\\2_MDT\\GEOTIFF\\MDT_1423162.tif","SHRT_FNAME":"MDT_1423162.tif","UPPER_LEFT_X":"478961.761","UPPER_LEFT_Y":"9224872.827","LOWER_RIGHT_X":"479963.761","LOWER_RIGHT_Y":"9223870.827"},"geometry":{"type":"Polygon","coordinates":[[[478961.761,9224872.826999999582767],[479963.761,9224872.826999999582767],[479963.761,9223870.826999999582767],[478961.761,9223870.826999999582767],[478961.761,9224872.826999999582767]]]}},
{"type":"Feature","properties":{"DESCRIPTION":"MDT_1423161.tif","FILENAME":"U:\\P589_AmazoniaRevelada_BR-319\\LiDAR_dataset\\ENTREGAS\\ENTREGA_05\\2_MDT\\GEOTIFF\\MDT_1423161.tif","SHRT_FNAME":"MDT_1423161.tif","UPPER_LEFT_X":"477961.666","UPPER_LEFT_Y":"9224872.827","LOWER_RIGHT_X":"478963.666","LOWER_RIGHT_Y":"9223870.827"},"geometry":{"type":"Polygon","coordinates":[[[477961.666000000026543,9224872.826999999582767],[478963.666000000026543,9224872.826999999582767],[478963.666000000026543,9223870.826999999582767],[477961.666000000026543,9223870.826999999582767],[477961.666000000026543,9224872.826999999582767]]]}},
{"type":"Feature","properties":{"DESCRIPTION":"MDT_1423160.tif","FILENAME":"U:\\P589_AmazoniaRevelada_BR-319\\LiDAR_dataset\\ENTREGAS\\ENTREGA_05\\2_MDT\\GEOTIFF\\MDT_1423160.tif","SHRT_FNAME":"MDT_1423160.tif","UPPER_LEFT_X":"476961.570","UPPER_LEFT_Y":"9224872.827","LOWER_RIGHT_X":"477963.570","LOWER_RIGHT_Y":"9223870.827"},"geometry":{"type":"Polygon","coordinates":[[[476961.57,9224872.826999999582767],[477963.57,9224872.826999999582767],[477963.57,9223870.826999999582767],[476961.57,9223870.826999999582767],[476961.57,9224872.826999999582767]]]}},
{"type":"Feature","properties":{"DESCRIPTION":"MDT_1423159.tif","FILENAME":"U:\\P589_AmazoniaRevelada_BR-319\\LiDAR_dataset\\ENTREGAS\\ENTREGA_05\\2_MDT\\GEOTIFF\\MDT_1423159.tif","SHRT_FNAME":"MDT_1423159.tif","UPPER_LEFT_X":"475961.475","UPPER_LEFT_Y":"9224872.827","LOWER_RIGHT_X":"476963.475","LOWER_RIGHT_Y":"9223870.827"},"geometry":{"type":"Polygon","coordinates":[[[475961.474999999976717,9224872.826999999582767],[476963.474999999976717,9224872.826999999582767],[476963.474999999976717,9223870.826999999582767],[475961.474999999976717,9223870.826999999582767],[475961.474999999976717,9224872.826999999582767]]]}},
{"type":"Feature","properties":{"DESCRIPTION":"MDT_1423158.tif","FILENAME":"U:\\P589_AmazoniaRevelada_BR-319\\LiDAR_dataset\\ENTREGAS\\ENTREGA_05\\2_MDT\\GEOTIFF\\MDT_1423158.tif","SHRT_FNAME":"MDT_1423158.tif","UPPER_LEFT_X":"474961.380","UPPER_LEFT_Y":"9224872.827","LOWER_RIGHT_X":"475963.380","LOWER_RIGHT_Y":"9223870.827"},"geometry":{"type":"Polygon","coordinates":[[[474961.38,9224872.826999999582767],[475963.38,9224872.826999999582767],[475963.38,9223870.826999999582767],[474961.38,9223870.826999999582767],[474961.38,9224872.826999999582767]]]}},
{"type":"Feature","properties":{"DESCRIPTION":"MDT_1423157.tif","FILENAME":"U:\\P589_AmazoniaRevelada_BR-319\\LiDAR_dataset\\ENTREGAS\\ENTREGA_05\\2_MDT\\GEOTIFF\\MDT_1423157.tif","SHRT_FNAME":"MDT_1423157.tif","UPPER_LEFT_X":"473961.285","UPPER_LEFT_Y":"9224872.827","LOWER_RIGHT_X":"474963.285","LOWER_RIGHT_Y":"9223870.827"},"geometry":{"type":"Polygon","coordinates":[[[473961.284999999974389,9224872.826999999582767],[474963.284999999974389,9224872.826999999582767],[474963.284999999974389,9223870.826999999582767],[473961.284999999974389,9223870.826999999582767],[473961.284999999974389,9224872.826999999582767]]]}},
{"type":"Feature","properties":{"DESCRIPTION":"MDT_1423156.tif","FILENAME":"U:\\P589_AmazoniaRevelada_BR-319\\LiDAR_dataset\\ENTREGAS\\ENTREGA_05\\2_MDT\\GEOTIFF\\MDT_1423156.tif","SHRT_FNAME":"MDT_1423156.tif","UPPER_LEFT_X":"472961.190","UPPER_LEFT_Y":"9224872.827","LOWER_RIGHT_X":"473963.190","LOWER_RIGHT_Y":"9223870.827"},"geometry":{"type":"Polygon","coordinates":[[[472961.19,9224872.826999999582767],[473963.19,9224872.826999999582767],[473963.19,9223870.826999999582767],[472961.19,9223870.826999999582767],[472961.19,9224872.826999999582767]]]}},
{"type":"Feature","properties":{"DESCRIPTION":"MDT_1423155.tif","FILENAME":"U:\\P589_AmazoniaRevelada_BR-319\\LiDAR_dataset\\ENTREGAS\\ENTREGA_05\\2_MDT\\GEOTIFF\\MDT_1423155.tif","SHRT_FNAME":"MDT_1423155.tif","UPPER_LEFT_X":"471961.094","UPPER_LEFT_Y":"9224872.827","LOWER_RIGHT_X":"472963.094","LOWER_RIGHT_Y":"9223870.827"},"geometry":{"type":"Polygon","coordinates":[[[471961.093999999982771,9224872.826999999582767],[472963.093999999982771,9224872.826999999582767],[472963.093999999982771,9223870.826999999582767],[471961.093999999982771,9223870.826999999582767],[471961.093999999982771,9224872.826999999582767]]]}},
{"type":"Feature","properties":{"DESCRIPTION":"MDT_1423154.tif","FILENAME":"U:\\P589_AmazoniaRevelada_BR-319\\LiDAR_dataset\\ENTREGAS\\ENTREGA_05\\2_MDT\\GEOTIFF\\MDT_1423154.tif","SHRT_FNAME":"MDT_1423154.tif","UPPER_LEFT_X":"470960.999","UPPER_LEFT_Y":"9224872.827","LOWER_RIGHT_X":"471962.999","LOWER_RIGHT_Y":"9223870.827"},"geometry":{"type":"Polygon","coordinates":[[[470960.99900000001071,9224872.826999999582767],[471962.99900000001071,9224872.826999999582767],[471962.99900000001071,9223870.826999999582767],[470960.99900000001071,9223870.826999999582767],[470960.99900000001071,9224872.826999999582767]]]}},
{"type":"Feature","properties":{"DESCRIPTION":"MDT_1423153.tif","FILENAME":"U:\\P589_AmazoniaRevelada_BR-319\\LiDAR_dataset\\ENTREGAS\\ENTREGA_05\\2_MDT\\GEOTIFF\\MDT_1423153.tif","SHRT_FNAME":"MDT_1423153.tif","UPPER_LEFT_X":"469960.904","UPPER_LEFT_Y":"9224872.827","LOWER_RIGHT_X":"470962.904","LOWER_RIGHT_Y":"9223870.827"},"geometry":{"type":"Polygon","coordinates":[[[469960.903999999980442,9224872.826999999582767],[470962.903999999980442,9224872.826999999582767],[470962.903999999980442,9223870.826999999582767],[469960.903999999980442,9223870.826999999582767],[469960.903999999980442,9224872.826999999582767]]]}},
{"type":"Feature","properties":{"DESCRIPTION":"MDT_1423152.tif","FILENAME":"U:\\P589_AmazoniaRevelada_BR-319\\LiDAR_dataset\\ENTREGAS\\ENTREGA_05\\2_MDT\\GEOTIFF\\MDT_1423152.tif","SHRT_FNAME":"MDT_1423152.tif","UPPER_LEFT_X":"468960.809","UPPER_LEFT_Y":"9224872.827","LOWER_RIGHT_X":"469962.809","LOWER_RIGHT_Y":"9223870.827"},"geometry":{"type":"Polygon","coordinates":[[[468960.809,9224872.826999999582767],[469962.809,9224872.826999999582767],[469962.809,9223870.826999999582767],[468960.809,9223870.826999999582767],[468960.809,9224872.826999999582767]]]}},
{"type":"Feature","properties":{"DESCRIPTION":"MDT_1423151.tif","FILENAME":"U:\\P589_AmazoniaRevelada_BR-319\\LiDAR_dataset\\ENTREGAS\\ENTREGA_05\\2_MDT\\GEOTIFF\\MDT_1423151.tif","SHRT_FNAME":"MDT_1423151.tif","UPPER_LEFT_X":"467960.714","UPPER_LEFT_Y":"9224872.827","LOWER_RIGHT_X":"468962.714","LOWER_RIGHT_Y":"9223870.827"},"geometry":{"type":"Polygon","coordinates":[[[467960.713999999978114,9224872.826999999582767],[468962.713999999978114,9224872.826999999582767],[468962.713999999978114,9223870.826999999582767],[467960.713999999978114,9223870.826999999582767],[467960.713999999978114,9224872.826999999582767]]]}},
{"type":"Feature","properties":{"DESCRIPTION":"MDT_1423150.tif","FILENAME":"U:\\P589_AmazoniaRevelada_BR-319\\LiDAR_dataset\\ENTREGAS\\ENTREGA_05\\2_MDT\\GEOTIFF\\MDT_1423150.tif","SHRT_FNAME":"MDT_1423150.tif","UPPER_LEFT_X":"466960.618","UPPER_LEFT_Y":"9224872.827","LOWER_RIGHT_X":"467962.618","LOWER_RIGHT_Y":"9223870.827"},"geometry":{"type":"Polygon","coordinates":[[[466960.618000000016764,9224872.826999999582767],[467962.618000000016764,9224872.826999999582767],[467962.618000000016764,9223870.826999999582767],[466960.618000000016764,9223870.826999999582767],[466960.618000000016764,9224872.826999999582767]]]}},
{"type":"Feature","properties":{"DESCRIPTION":"MDT_1423149.tif","FILENAME":"U:\\P589_AmazoniaRevelada_BR-319\\LiDAR_dataset\\ENTREGAS\\ENTREGA_05\\2_MDT\\GEOTIFF\\MDT_1423149.tif","SHRT_FNAME":"MDT_1423149.tif","UPPER_LEFT_X":"465960.523","UPPER_LEFT_Y":"9224872.827","LOWER_RIGHT_X":"466962.523","LOWER_RIGHT_Y":"9223870.827"},"geometry":{"type":"Polygon","coordinates":[[[465960.522999999986496,9224872.826999999582767],[466962.522999999986496,9224872.826999999582767],[466962.522999999986496,9223870.826999999582767],[465960.522999999986496,9223870.826999999582767],[465960.522999999986496,9224872.826999999582767]]]}},
{"type":"Feature","properties":{"DESCRIPTION":"MDT_1423148.tif","FILENAME":"U:\\P589_AmazoniaRevelada_BR-319\\LiDAR_dataset\\ENTREGAS\\ENTREGA_05\\2_MDT\\GEOTIFF\\MDT_1423148.tif","SHRT_FNAME":"MDT_1423148.tif","UPPER_LEFT_X":"464960.428","UPPER_LEFT_Y":"9224872.827","LOWER_RIGHT_X":"465962.428","LOWER_RIGHT_Y":"9223870.827"},"geometry":{"type":"Polygon","coordinates":[[[464960.428000000014435,9224872.826999999582767],[465962.428000000014435,9224872.826999999582767],[465962.428000000014435,9223870.826999999582767],[464960.428000000014435,9223870.826999999582767],[464960.428000000014435,9224872.826999999582767]]]}},
{"type":"Feature","properties":{"DESCRIPTION":"MDT_1423147.tif","FILENAME":"U:\\P589_AmazoniaRevelada_BR-319\\LiDAR_dataset\\ENTREGAS\\ENTREGA_05\\2_MDT\\GEOTIFF\\MDT_1423147.tif","SHRT_FNAME":"MDT_1423147.tif","UPPER_LEFT_X":"463960.333","UPPER_LEFT_Y":"9224872.827","LOWER_RIGHT_X":"464962.333","LOWER_RIGHT_Y":"9223870.827"},"geometry":{"type":"Polygon","coordinates":[[[463960.332999999984168,9224872.826999999582767],[464962.332999999984168,9224872.826999999582767],[464962.332999999984168,9223870.826999999582767],[463960.332999999984168,9223870.826999999582767],[463960.332999999984168,9224872.826999999582767]]]}},
{"type":"Feature","properties":{"DESCRIPTION":"MDT_1422193.tif","FILENAME":"U:\\P589_AmazoniaRevelada_BR-319\\LiDAR_dataset\\ENTREGAS\\ENTREGA_05\\2_MDT\\GEOTIFF\\MDT_1422193.tif","SHRT_FNAME":"MDT_1422193.tif","UPPER_LEFT_X":"509964.712","UPPER_LEFT_Y":"9225872.702","LOWER_RIGHT_X":"510966.712","LOWER_RIGHT_Y":"9224870.702"},"geometry":{"type":"Polygon","coordinates":[[[509964.712,9225872.701999999582767],[510966.712,9225872.701999999582767],[510966.712,9224870.701999999582767],[509964.712,9224870.701999999582767],[509964.712,9225872.701999999582767]]]}},
{"type":"Feature","properties":{"DESCRIPTION":"MDT_1422192.tif","FILENAME":"U:\\P589_AmazoniaRevelada_BR-319\\LiDAR_dataset\\ENTREGAS\\ENTREGA_05\\2_MDT\\GEOTIFF\\MDT_1422192.tif","SHRT_FNAME":"MDT_1422192.tif","UPPER_LEFT_X":"508964.617","UPPER_LEFT_Y":"9225872.702","LOWER_RIGHT_X":"509966.617","LOWER_RIGHT_Y":"9224870.702"},"geometry":{"type":"Polygon","coordinates":[[[508964.617000000027474,9225872.701999999582767],[509966.617000000027474,9225872.701999999582767],[509966.617000000027474,9224870.701999999582767],[508964.617000000027474,9224870.701999999582767],[508964.617000000027474,9225872.701999999582767]]]}},
{"type":"Feature","properties":{"DESCRIPTION":"MDT_1422191.tif","FILENAME":"U:\\P589_AmazoniaRevelada_BR-319\\LiDAR_dataset\\ENTREGAS\\ENTREGA_05\\2_MDT\\GEOTIFF\\MDT_1422191.tif","SHRT_FNAME":"MDT_1422191.tif","UPPER_LEFT_X":"507964.522","UPPER_LEFT_Y":"9225872.702","LOWER_RIGHT_X":"508966.522","LOWER_RIGHT_Y":"9224870.702"},"geometry":{"type":"Polygon","coordinates":[[[507964.522,9225872.701999999582767],[508966.522,9225872.701999999582767],[508966.522,9224870.701999999582767],[507964.522,9224870.701999999582767],[507964.522,9225872.701999999582767]]]}},
{"type":"Feature","properties":{"DESCRIPTION":"MDT_1422190.tif","FILENAME":"U:\\P589_AmazoniaRevelada_BR-319\\LiDAR_dataset\\ENTREGAS\\ENTREGA_05\\2_MDT\\GEOTIFF\\MDT_1422190.tif","SHRT_FNAME":"MDT_1422190.tif","UPPER_LEFT_X":"506964.426","UPPER_LEFT_Y":"9225872.702","LOWER_RIGHT_X":"507966.426","LOWER_RIGHT_Y":"9224870.702"},"geometry":{"type":"Polygon","coordinates":[[[506964.425999999977648,9225872.701999999582767],[507966.425999999977648,9225872.701999999582767],[507966.425999999977648,9224870.701999999582767],[506964.425999999977648,9224870.701999999582767],[506964.425999999977648,9225872.701999999582767]]]}},
{"type":"Feature","properties":{"DESCRIPTION":"MDT_1422189.tif","FILENAME":"U:\\P589_AmazoniaRevelada_BR-319\\LiDAR_dataset\\ENTREGAS\\ENTREGA_05\\2_MDT\\GEOTIFF\\MDT_1422189.tif","SHRT_FNAME":"MDT_1422189.tif","UPPER_LEFT_X":"505964.331","UPPER_LEFT_Y":"9225872.702","LOWER_RIGHT_X":"506966.331","LOWER_RIGHT_Y":"9224870.702"},"geometry":{"type":"Polygon","coordinates":[[[505964.331,9225872.701999999582767],[506966.331,9225872.701999999582767],[506966.331,9224870.701999999582767],[505964.331,9224870.701999999582767],[505964.331,9225872.701999999582767]]]}},
{"type":"Feature","properties":{"DESCRIPTION":"MDT_1422188.tif","FILENAME":"U:\\P589_AmazoniaRevelada_BR-319\\LiDAR_dataset\\ENTREGAS\\ENTREGA_05\\2_MDT\\GEOTIFF\\MDT_1422188.tif","SHRT_FNAME":"MDT_1422188.tif","UPPER_LEFT_X":"504964.236","UPPER_LEFT_Y":"9225872.702","LOWER_RIGHT_X":"505966.236","LOWER_RIGHT_Y":"9224870.702"},"geometry":{"type":"Polygon","coordinates":[[[504964.23599999997532,9225872.701999999582767],[505966.23599999997532,9225872.701999999582767],[505966.23599999997532,9224870.701999999582767],[504964.23599999997532,9224870.701999999582767],[504964.23599999997532,9225872.701999999582767]]]}},
{"type":"Feature","properties":{"DESCRIPTION":"MDT_1422187.tif","FILENAME":"U:\\P589_AmazoniaRevelada_BR-319\\LiDAR_dataset\\ENTREGAS\\ENTREGA_05\\2_MDT\\GEOTIFF\\MDT_1422187.tif","SHRT_FNAME":"MDT_1422187.tif","UPPER_LEFT_X":"503964.141","UPPER_LEFT_Y":"9225872.702","LOWER_RIGHT_X":"504966.141","LOWER_RIGHT_Y":"9224870.702"},"geometry":{"type":"Polygon","coordinates":[[[503964.141,9225872.701999999582767],[504966.141,9225872.701999999582767],[504966.141,9224870.701999999582767],[503964.141,9224870.701999999582767],[503964.141,9225872.701999999582767]]]}},
{"type":"Feature","properties":{"DESCRIPTION":"MDT_1422186.tif","FILENAME":"U:\\P589_AmazoniaRevelada_BR-319\\LiDAR_dataset\\ENTREGAS\\ENTREGA_05\\2_MDT\\GEOTIFF\\MDT_1422186.tif","SHRT_FNAME":"MDT_1422186.tif","UPPER_LEFT_X":"502964.046","UPPER_LEFT_Y":"9225872.702","LOWER_RIGHT_X":"503966.046","LOWER_RIGHT_Y":"9224870.702"},"geometry":{"type":"Polygon","coordinates":[[[502964.045999999972992,9225872.701999999582767],[503966.045999999972992,9225872.701999999582767],[503966.045999999972992,9224870.701999999582767],[502964.045999999972992,9224870.701999999582767],[502964.045999999972992,9225872.701999999582767]]]}},
{"type":"Feature","properties":{"DESCRIPTION":"MDT_1422185.tif","FILENAME":"U:\\P589_AmazoniaRevelada_BR-319\\LiDAR_dataset\\ENTREGAS\\ENTREGA_05\\2_MDT\\GEOTIFF\\MDT_1422185.tif","SHRT_FNAME":"MDT_1422185.tif","UPPER_LEFT_X":"501963.950","UPPER_LEFT_Y":"9225872.702","LOWER_RIGHT_X":"502965.950","LOWER_RIGHT_Y":"9224870.702"},"geometry":{"type":"Polygon","coordinates":[[[501963.950000000011642,9225872.701999999582767],[502965.950000000011642,9225872.701999999582767],[502965.950000000011642,9224870.701999999582767],[501963.950000000011642,9224870.701999999582767],[501963.950000000011642,9225872.701999999582767]]]}},
{"type":"Feature","properties":{"DESCRIPTION":"MDT_1422184.tif","FILENAME":"U:\\P589_AmazoniaRevelada_BR-319\\LiDAR_dataset\\ENTREGAS\\ENTREGA_05\\2_MDT\\GEOTIFF\\MDT_1422184.tif","SHRT_FNAME":"MDT_1422184.tif","UPPER_LEFT_X":"500963.855","UPPER_LEFT_Y":"9225872.702","LOWER_RIGHT_X":"501965.855","LOWER_RIGHT_Y":"9224870.702"},"geometry":{"type":"Polygon","coordinates":[[[500963.854999999981374,9225872.701999999582767],[501965.854999999981374,9225872.701999999582767],[501965.854999999981374,9224870.701999999582767],[500963.854999999981374,9224870.701999999582767],[500963.854999999981374,9225872.701999999582767]]]}},
{"type":"Feature","properties":{"DESCRIPTION":"MDT_1422183.tif","FILENAME":"U:\\P589_AmazoniaRevelada_BR-319\\LiDAR_dataset\\ENTREGAS\\ENTREGA_05\\2_MDT\\GEOTIFF\\MDT_1422183.tif","SHRT_FNAME":"MDT_1422183.tif","UPPER_LEFT_X":"499963.760","UPPER_LEFT_Y":"9225872.702","LOWER_RIGHT_X":"500965.760","LOWER_RIGHT_Y":"9224870.702"},"geometry":{"type":"Polygon","coordinates":[[[499963.76,9225872.701999999582767],[500965.76,9225872.701999999582767],[500965.76,9224870.701999999582767],[499963.76,9224870.701999999582767],[499963.76,9225872.701999999582767]]]}},
{"type":"Feature","properties":{"DESCRIPTION":"MDT_1422182.tif","FILENAME":"U:\\P589_AmazoniaRevelada_BR-319\\LiDAR_dataset\\ENTREGAS\\ENTREGA_05\\2_MDT\\GEOTIFF\\MDT_1422182.tif","SHRT_FNAME":"MDT_1422182.tif","UPPER_LEFT_X":"498963.665","UPPER_LEFT_Y":"9225872.702","LOWER_RIGHT_X":"499965.665","LOWER_RIGHT_Y":"9224870.702"},"geometry":{"type":"Polygon","coordinates":[[[498963.664999999979045,9225872.701999999582767],[499965.664999999979045,9225872.701999999582767],[499965.664999999979045,9224870.701999999582767],[498963.664999999979045,9224870.701999999582767],[498963.664999999979045,9225872.701999999582767]]]}},
{"type":"Feature","properties":{"DESCRIPTION":"MDT_1422181.tif","FILENAME":"U:\\P589_AmazoniaRevelada_BR-319\\LiDAR_dataset\\ENTREGAS\\ENTREGA_05\\2_MDT\\GEOTIFF\\MDT_1422181.tif","SHRT_FNAME":"MDT_1422181.tif","UPPER_LEFT_X":"497963.570","UPPER_LEFT_Y":"9225872.702","LOWER_RIGHT_X":"498965.570","LOWER_RIGHT_Y":"9224870.702"},"geometry":{"type":"Polygon","coordinates":[[[497963.57,9225872.701999999582767],[498965.57,9225872.701999999582767],[498965.57,9224870.701999999582767],[497963.57,9224870.701999999582767],[497963.57,9225872.701999999582767]]]}},
{"type":"Feature","properties":{"DESCRIPTION":"MDT_1422180.tif","FILENAME":"U:\\P589_AmazoniaRevelada_BR-319\\LiDAR_dataset\\ENTREGAS\\ENTREGA_05\\2_MDT\\GEOTIFF\\MDT_1422180.tif","SHRT_FNAME":"MDT_1422180.tif","UPPER_LEFT_X":"496963.474","UPPER_LEFT_Y":"9225872.702","LOWER_RIGHT_X":"497965.474","LOWER_RIGHT_Y":"9224870.702"},"geometry":{"type":"Polygon","coordinates":[[[496963.473999999987427,9225872.701999999582767],[497965.473999999987427,9225872.701999999582767],[497965.473999999987427,9224870.701999999582767],[496963.473999999987427,9224870.701999999582767],[496963.473999999987427,9225872.701999999582767]]]}},
{"type":"Feature","properties":{"DESCRIPTION":"MDT_1422179.tif","FILENAME":"U:\\P589_AmazoniaRevelada_BR-319\\LiDAR_dataset\\ENTREGAS\\ENTREGA_05\\2_MDT\\GEOTIFF\\MDT_1422179.tif","SHRT_FNAME":"MDT_1422179.tif","UPPER_LEFT_X":"495963.379","UPPER_LEFT_Y":"9225872.702","LOWER_RIGHT_X":"496965.379","LOWER_RIGHT_Y":"9224870.702"},"geometry":{"type":"Polygon","coordinates":[[[495963.379000000015367,9225872.701999999582767],[496965.379000000015367,9225872.701999999582767],[496965.379000000015367,9224870.701999999582767],[495963.379000000015367,9224870.701999999582767],[495963.379000000015367,9225872.701999999582767]]]}},
{"type":"Feature","properties":{"DESCRIPTION":"MDT_1422178.tif","FILENAME":"U:\\P589_AmazoniaRevelada_BR-319\\LiDAR_dataset\\ENTREGAS\\ENTREGA_05\\2_MDT\\GEOTIFF\\MDT_1422178.tif","SHRT_FNAME":"MDT_1422178.tif","UPPER_LEFT_X":"494963.284","UPPER_LEFT_Y":"9225872.702","LOWER_RIGHT_X":"495965.284","LOWER_RIGHT_Y":"9224870.702"},"geometry":{"type":"Polygon","coordinates":[[[494963.283999999985099,9225872.701999999582767],[495965.283999999985099,9225872.701999999582767],[495965.283999999985099,9224870.701999999582767],[494963.283999999985099,9224870.701999999582767],[494963.283999999985099,9225872.701999999582767]]]}},
{"type":"Feature","properties":{"DESCRIPTION":"MDT_1422177.tif","FILENAME":"U:\\P589_AmazoniaRevelada_BR-319\\LiDAR_dataset\\ENTREGAS\\ENTREGA_05\\2_MDT\\GEOTIFF\\MDT_1422177.tif","SHRT_FNAME":"MDT_1422177.tif","UPPER_LEFT_X":"493963.189","UPPER_LEFT_Y":"9225872.702","LOWER_RIGHT_X":"494965.189","LOWER_RIGHT_Y":"9224870.702"},"geometry":{"type":"Polygon","coordinates":[[[493963.189000000013039,9225872.701999999582767],[494965.189000000013039,9225872.701999999582767],[494965.189000000013039,9224870.701999999582767],[493963.189000000013039,9224870.701999999582767],[493963.189000000013039,9225872.701999999582767]]]}},
{"type":"Feature","properties":{"DESCRIPTION":"MDT_1422176.tif","FILENAME":"U:\\P589_AmazoniaRevelada_BR-319\\LiDAR_dataset\\ENTREGAS\\ENTREGA_05\\2_MDT\\GEOTIFF\\MDT_1422176.tif","SHRT_FNAME":"MDT_1422176.tif","UPPER_LEFT_X":"492963.094","UPPER_LEFT_Y":"9225872.702","LOWER_RIGHT_X":"493965.094","LOWER_RIGHT_Y":"9224870.702"},"geometry":{"type":"Polygon","coordinates":[[[492963.093999999982771,9225872.701999999582767],[493965.093999999982771,9225872.701999999582767],[493965.093999999982771,9224870.701999999582767],[492963.093999999982771,9224870.701999999582767],[492963.093999999982771,9225872.701999999582767]]]}},
{"type":"Feature","properties":{"DESCRIPTION":"MDT_1422175.tif","FILENAME":"U:\\P589_AmazoniaRevelada_BR-319\\LiDAR_dataset\\ENTREGAS\\ENTREGA_05\\2_MDT\\GEOTIFF\\MDT_1422175.tif","SHRT_FNAME":"MDT_1422175.tif","UPPER_LEFT_X":"491962.998","UPPER_LEFT_Y":"9225872.702","LOWER_RIGHT_X":"492964.998","LOWER_RIGHT_Y":"9224870.702"},"geometry":{"type":"Polygon","coordinates":[[[491962.99800000002142,9225872.701999999582767],[492964.99800000002142,9225872.701999999582767],[492964.99800000002142,9224870.701999999582767],[491962.99800000002142,9224870.701999999582767],[491962.99800000002142,9225872.701999999582767]]]}},
{"type":"Feature","properties":{"DESCRIPTION":"MDT_1422174.tif","FILENAME":"U:\\P589_AmazoniaRevelada_BR-319\\LiDAR_dataset\\ENTREGAS\\ENTREGA_05\\2_MDT\\GEOTIFF\\MDT_1422174.tif","SHRT_FNAME":"MDT_1422174.tif","UPPER_LEFT_X":"490962.903","UPPER_LEFT_Y":"9225872.702","LOWER_RIGHT_X":"491964.903","LOWER_RIGHT_Y":"9224870.702"},"geometry":{"type":"Polygon","coordinates":[[[490962.903,9225872.701999999582767],[491964.903,9225872.701999999582767],[491964.903,9224870.701999999582767],[490962.903,9224870.701999999582767],[490962.903,9225872.701999999582767]]]}},
{"type":"Feature","properties":{"DESCRIPTION":"MDT_1422173.tif","FILENAME":"U:\\P589_AmazoniaRevelada_BR-319\\LiDAR_dataset\\ENTREGAS\\ENTREGA_05\\2_MDT\\GEOTIFF\\MDT_1422173.tif","SHRT_FNAME":"MDT_1422173.tif","UPPER_LEFT_X":"489962.808","UPPER_LEFT_Y":"9225872.702","LOWER_RIGHT_X":"490964.808","LOWER_RIGHT_Y":"9224870.702"},"geometry":{"type":"Polygon","coordinates":[[[489962.808000000019092,9225872.701999999582767],[490964.808000000019092,9225872.701999999582767],[490964.808000000019092,9224870.701999999582767],[489962.808000000019092,9224870.701999999582767],[489962.808000000019092,9225872.701999999582767]]]}},
{"type":"Feature","properties":{"DESCRIPTION":"MDT_1422172.tif","FILENAME":"U:\\P589_AmazoniaRevelada_BR-319\\LiDAR_dataset\\ENTREGAS\\ENTREGA_05\\2_MDT\\GEOTIFF\\MDT_1422172.tif","SHRT_FNAME":"MDT_1422172.tif","UPPER_LEFT_X":"488962.713","UPPER_LEFT_Y":"9225872.702","LOWER_RIGHT_X":"489964.713","LOWER_RIGHT_Y":"9224870.702"},"geometry":{"type":"Polygon","coordinates":[[[488962.712999999988824,9225872.701999999582767],[489964.712999999988824,9225872.701999999582767],[489964.712999999988824,9224870.701999999582767],[488962.712999999988824,9224870.701999999582767],[488962.712999999988824,9225872.701999999582767]]]}},
{"type":"Feature","properties":{"DESCRIPTION":"MDT_1422171.tif","FILENAME":"U:\\P589_AmazoniaRevelada_BR-319\\LiDAR_dataset\\ENTREGAS\\ENTREGA_05\\2_MDT\\GEOTIFF\\MDT_1422171.tif","SHRT_FNAME":"MDT_1422171.tif","UPPER_LEFT_X":"487962.618","UPPER_LEFT_Y":"9225872.702","LOWER_RIGHT_X":"488964.618","LOWER_RIGHT_Y":"9224870.702"},"geometry":{"type":"Polygon","coordinates":[[[487962.618000000016764,9225872.701999999582767],[488964.618000000016764,9225872.701999999582767],[488964.618000000016764,9224870.701999999582767],[487962.618000000016764,9224870.701999999582767],[487962.618000000016764,9225872.701999999582767]]]}},
{"type":"Feature","properties":{"DESCRIPTION":"MDT_1422170.tif","FILENAME":"U:\\P589_AmazoniaRevelada_BR-319\\LiDAR_dataset\\ENTREGAS\\ENTREGA_05\\2_MDT\\GEOTIFF\\MDT_1422170.tif","SHRT_FNAME":"MDT_1422170.tif","UPPER_LEFT_X":"486962.522","UPPER_LEFT_Y":"9225872.702","LOWER_RIGHT_X":"487964.522","LOWER_RIGHT_Y":"9224870.702"},"geometry":{"type":"Polygon","coordinates":[[[486962.522,9225872.701999999582767],[487964.522,9225872.701999999582767],[487964.522,9224870.701999999582767],[486962.522,9224870.701999999582767],[486962.522,9225872.701999999582767]]]}},
{"type":"Feature","properties":{"DESCRIPTION":"MDT_1422169.tif","FILENAME":"U:\\P589_AmazoniaRevelada_BR-319\\LiDAR_dataset\\ENTREGAS\\ENTREGA_05\\2_MDT\\GEOTIFF\\MDT_1422169.tif","SHRT_FNAME":"MDT_1422169.tif","UPPER_LEFT_X":"485962.427","UPPER_LEFT_Y":"9225872.702","LOWER_RIGHT_X":"486964.427","LOWER_RIGHT_Y":"9224870.702"},"geometry":{"type":"Polygon","coordinates":[[[485962.427000000025146,9225872.701999999582767],[486964.427000000025146,9225872.701999999582767],[486964.427000000025146,9224870.701999999582767],[485962.427000000025146,9224870.701999999582767],[485962.427000000025146,9225872.701999999582767]]]}},
{"type":"Feature","properties":{"DESCRIPTION":"MDT_1422168.tif","FILENAME":"U:\\P589_AmazoniaRevelada_BR-319\\LiDAR_dataset\\ENTREGAS\\ENTREGA_05\\2_MDT\\GEOTIFF\\MDT_1422168.tif","SHRT_FNAME":"MDT_1422168.tif","UPPER_LEFT_X":"484962.332","UPPER_LEFT_Y":"9225872.702","LOWER_RIGHT_X":"485964.332","LOWER_RIGHT_Y":"9224870.702"},"geometry":{"type":"Polygon","coordinates":[[[484962.332,9225872.701999999582767],[485964.332,9225872.701999999582767],[485964.332,9224870.701999999582767],[484962.332,9224870.701999999582767],[484962.332,9225872.701999999582767]]]}},
{"type":"Feature","properties":{"DESCRIPTION":"MDT_1422167.tif","FILENAME":"U:\\P589_AmazoniaRevelada_BR-319\\LiDAR_dataset\\ENTREGAS\\ENTREGA_05\\2_MDT\\GEOTIFF\\MDT_1422167.tif","SHRT_FNAME":"MDT_1422167.tif","UPPER_LEFT_X":"483962.237","UPPER_LEFT_Y":"9225872.702","LOWER_RIGHT_X":"484964.237","LOWER_RIGHT_Y":"9224870.702"},"geometry":{"type":"Polygon","coordinates":[[[483962.237000000022817,9225872.701999999582767],[484964.237000000022817,9225872.701999999582767],[484964.237000000022817,9224870.701999999582767],[483962.237000000022817,9224870.701999999582767],[483962.237000000022817,9225872.701999999582767]]]}},
{"type":"Feature","properties":{"DESCRIPTION":"MDT_1422166.tif","FILENAME":"U:\\P589_AmazoniaRevelada_BR-319\\LiDAR_dataset\\ENTREGAS\\ENTREGA_05\\2_MDT\\GEOTIFF\\MDT_1422166.tif","SHRT_FNAME":"MDT_1422166.tif","UPPER_LEFT_X":"482962.142","UPPER_LEFT_Y":"9225872.702","LOWER_RIGHT_X":"483964.142","LOWER_RIGHT_Y":"9224870.702"},"geometry":{"type":"Polygon","coordinates":[[[482962.142,9225872.701999999582767],[483964.142,9225872.701999999582767],[483964.142,9224870.701999999582767],[482962.142,9224870.701999999582767],[482962.142,9225872.701999999582767]]]}},
{"type":"Feature","properties":{"DESCRIPTION":"MDT_1422165.tif","FILENAME":"U:\\P589_AmazoniaRevelada_BR-319\\LiDAR_dataset\\ENTREGAS\\ENTREGA_05\\2_MDT\\GEOTIFF\\MDT_1422165.tif","SHRT_FNAME":"MDT_1422165.tif","UPPER_LEFT_X":"481962.046","UPPER_LEFT_Y":"9225872.702","LOWER_RIGHT_X":"482964.046","LOWER_RIGHT_Y":"9224870.702"},"geometry":{"type":"Polygon","coordinates":[[[481962.045999999972992,9225872.701999999582767],[482964.045999999972992,9225872.701999999582767],[482964.045999999972992,9224870.701999999582767],[481962.045999999972992,9224870.701999999582767],[481962.045999999972992,9225872.701999999582767]]]}},
{"type":"Feature","properties":{"DESCRIPTION":"MDT_1422164.tif","FILENAME":"U:\\P589_AmazoniaRevelada_BR-319\\LiDAR_dataset\\ENTREGAS\\ENTREGA_05\\2_MDT\\GEOTIFF\\MDT_1422164.tif","SHRT_FNAME":"MDT_1422164.tif","UPPER_LEFT_X":"480961.951","UPPER_LEFT_Y":"9225872.702","LOWER_RIGHT_X":"481963.951","LOWER_RIGHT_Y":"9224870.702"},"geometry":{"type":"Polygon","coordinates":[[[480961.951,9225872.701999999582767],[481963.951,9225872.701999999582767],[481963.951,9224870.701999999582767],[480961.951,9224870.701999999582767],[480961.951,9225872.701999999582767]]]}},
{"type":"Feature","properties":{"DESCRIPTION":"MDT_1422163.tif","FILENAME":"U:\\P589_AmazoniaRevelada_BR-319\\LiDAR_dataset\\ENTREGAS\\ENTREGA_05\\2_MDT\\GEOTIFF\\MDT_1422163.tif","SHRT_FNAME":"MDT_1422163.tif","UPPER_LEFT_X":"479961.856","UPPER_LEFT_Y":"9225872.702","LOWER_RIGHT_X":"480963.856","LOWER_RIGHT_Y":"9224870.702"},"geometry":{"type":"Polygon","coordinates":[[[479961.856000000028871,9225872.701999999582767],[480963.856000000028871,9225872.701999999582767],[480963.856000000028871,9224870.701999999582767],[479961.856000000028871,9224870.701999999582767],[479961.856000000028871,9225872.701999999582767]]]}},
{"type":"Feature","properties":{"DESCRIPTION":"MDT_1422162.tif","FILENAME":"U:\\P589_AmazoniaRevelada_BR-319\\LiDAR_dataset\\ENTREGAS\\ENTREGA_05\\2_MDT\\GEOTIFF\\MDT_1422162.tif","SHRT_FNAME":"MDT_1422162.tif","UPPER_LEFT_X":"478961.761","UPPER_LEFT_Y":"9225872.702","LOWER_RIGHT_X":"479963.761","LOWER_RIGHT_Y":"9224870.702"},"geometry":{"type":"Polygon","coordinates":[[[478961.761,9225872.701999999582767],[479963.761,9225872.701999999582767],[479963.761,9224870.701999999582767],[478961.761,9224870.701999999582767],[478961.761,9225872.701999999582767]]]}},
{"type":"Feature","properties":{"DESCRIPTION":"MDT_1422161.tif","FILENAME":"U:\\P589_AmazoniaRevelada_BR-319\\LiDAR_dataset\\ENTREGAS\\ENTREGA_05\\2_MDT\\GEOTIFF\\MDT_1422161.tif","SHRT_FNAME":"MDT_1422161.tif","UPPER_LEFT_X":"477961.666","UPPER_LEFT_Y":"9225872.702","LOWER_RIGHT_X":"478963.666","LOWER_RIGHT_Y":"9224870.702"},"geometry":{"type":"Polygon","coordinates":[[[477961.666000000026543,9225872.701999999582767],[478963.666000000026543,9225872.701999999582767],[478963.666000000026543,9224870.701999999582767],[477961.666000000026543,9224870.701999999582767],[477961.666000000026543,9225872.701999999582767]]]}},
{"type":"Feature","properties":{"DESCRIPTION":"MDT_1422160.tif","FILENAME":"U:\\P589_AmazoniaRevelada_BR-319\\LiDAR_dataset\\ENTREGAS\\ENTREGA_05\\2_MDT\\GEOTIFF\\MDT_1422160.tif","SHRT_FNAME":"MDT_1422160.tif","UPPER_LEFT_X":"476961.570","UPPER_LEFT_Y":"9225872.702","LOWER_RIGHT_X":"477963.570","LOWER_RIGHT_Y":"9224870.702"},"geometry":{"type":"Polygon","coordinates":[[[476961.57,9225872.701999999582767],[477963.57,9225872.701999999582767],[477963.57,9224870.701999999582767],[476961.57,9224870.701999999582767],[476961.57,9225872.701999999582767]]]}},
{"type":"Feature","properties":{"DESCRIPTION":"MDT_1422159.tif","FILENAME":"U:\\P589_AmazoniaRevelada_BR-319\\LiDAR_dataset\\ENTREGAS\\ENTREGA_05\\2_MDT\\GEOTIFF\\MDT_1422159.tif","SHRT_FNAME":"MDT_1422159.tif","UPPER_LEFT_X":"475961.475","UPPER_LEFT_Y":"9225872.702","LOWER_RIGHT_X":"476963.475","LOWER_RIGHT_Y":"9224870.702"},"geometry":{"type":"Polygon","coordinates":[[[475961.474999999976717,9225872.701999999582767],[476963.474999999976717,9225872.701999999582767],[476963.474999999976717,9224870.701999999582767],[475961.474999999976717,9224870.701999999582767],[475961.474999999976717,9225872.701999999582767]]]}},
{"type":"Feature","properties":{"DESCRIPTION":"MDT_1422158.tif","FILENAME":"U:\\P589_AmazoniaRevelada_BR-319\\LiDAR_dataset\\ENTREGAS\\ENTREGA_05\\2_MDT\\GEOTIFF\\MDT_1422158.tif","SHRT_FNAME":"MDT_1422158.tif","UPPER_LEFT_X":"474961.380","UPPER_LEFT_Y":"9225872.702","LOWER_RIGHT_X":"475963.380","LOWER_RIGHT_Y":"9224870.702"},"geometry":{"type":"Polygon","coordinates":[[[474961.38,9225872.701999999582767],[475963.38,9225872.701999999582767],[475963.38,9224870.701999999582767],[474961.38,9224870.701999999582767],[474961.38,9225872.701999999582767]]]}},
{"type":"Feature","properties":{"DESCRIPTION":"MDT_1422157.tif","FILENAME":"U:\\P589_AmazoniaRevelada_BR-319\\LiDAR_dataset\\ENTREGAS\\ENTREGA_05\\2_MDT\\GEOTIFF\\MDT_1422157.tif","SHRT_FNAME":"MDT_1422157.tif","UPPER_LEFT_X":"473961.285","UPPER_LEFT_Y":"9225872.702","LOWER_RIGHT_X":"474963.285","LOWER_RIGHT_Y":"9224870.702"},"geometry":{"type":"Polygon","coordinates":[[[473961.284999999974389,9225872.701999999582767],[474963.284999999974389,9225872.701999999582767],[474963.284999999974389,9224870.701999999582767],[473961.284999999974389,9224870.701999999582767],[473961.284999999974389,9225872.701999999582767]]]}},
{"type":"Feature","properties":{"DESCRIPTION":"MDT_1422156.tif","FILENAME":"U:\\P589_AmazoniaRevelada_BR-319\\LiDAR_dataset\\ENTREGAS\\ENTREGA_05\\2_MDT\\GEOTIFF\\MDT_1422156.tif","SHRT_FNAME":"MDT_1422156.tif","UPPER_LEFT_X":"472961.190","UPPER_LEFT_Y":"9225872.702","LOWER_RIGHT_X":"473963.190","LOWER_RIGHT_Y":"9224870.702"},"geometry":{"type":"Polygon","coordinates":[[[472961.19,9225872.701999999582767],[473963.19,9225872.701999999582767],[473963.19,9224870.701999999582767],[472961.19,9224870.701999999582767],[472961.19,9225872.701999999582767]]]}},
{"type":"Feature","properties":{"DESCRIPTION":"MDT_1422155.tif","FILENAME":"U:\\P589_AmazoniaRevelada_BR-319\\LiDAR_dataset\\ENTREGAS\\ENTREGA_05\\2_MDT\\GEOTIFF\\MDT_1422155.tif","SHRT_FNAME":"MDT_1422155.tif","UPPER_LEFT_X":"471961.094","UPPER_LEFT_Y":"9225872.702","LOWER_RIGHT_X":"472963.094","LOWER_RIGHT_Y":"9224870.702"},"geometry":{"type":"Polygon","coordinates":[[[471961.093999999982771,9225872.701999999582767],[472963.093999999982771,9225872.701999999582767],[472963.093999999982771,9224870.701999999582767],[471961.093999999982771,9224870.701999999582767],[471961.093999999982771,9225872.701999999582767]]]}},
{"type":"Feature","properties":{"DESCRIPTION":"MDT_1422154.tif","FILENAME":"U:\\P589_AmazoniaRevelada_BR-319\\LiDAR_dataset\\ENTREGAS\\ENTREGA_05\\2_MDT\\GEOTIFF\\MDT_1422154.tif","SHRT_FNAME":"MDT_1422154.tif","UPPER_LEFT_X":"470960.999","UPPER_LEFT_Y":"9225872.702","LOWER_RIGHT_X":"471962.999","LOWER_RIGHT_Y":"9224870.702"},"geometry":{"type":"Polygon","coordinates":[[[470960.99900000001071,9225872.701999999582767],[471962.99900000001071,9225872.701999999582767],[471962.99900000001071,9224870.701999999582767],[470960.99900000001071,9224870.701999999582767],[470960.99900000001071,9225872.701999999582767]]]}},
{"type":"Feature","properties":{"DESCRIPTION":"MDT_1422153.tif","FILENAME":"U:\\P589_AmazoniaRevelada_BR-319\\LiDAR_dataset\\ENTREGAS\\ENTREGA_05\\2_MDT\\GEOTIFF\\MDT_1422153.tif","SHRT_FNAME":"MDT_1422153.tif","UPPER_LEFT_X":"469960.904","UPPER_LEFT_Y":"9225872.702","LOWER_RIGHT_X":"470962.904","LOWER_RIGHT_Y":"9224870.702"},"geometry":{"type":"Polygon","coordinates":[[[469960.903999999980442,9225872.701999999582767],[470962.903999999980442,9225872.701999999582767],[470962.903999999980442,9224870.701999999582767],[469960.903999999980442,9224870.701999999582767],[469960.903999999980442,9225872.701999999582767]]]}},
{"type":"Feature","properties":{"DESCRIPTION":"MDT_1422152.tif","FILENAME":"U:\\P589_AmazoniaRevelada_BR-319\\LiDAR_dataset\\ENTREGAS\\ENTREGA_05\\2_MDT\\GEOTIFF\\MDT_1422152.tif","SHRT_FNAME":"MDT_1422152.tif","UPPER_LEFT_X":"468960.809","UPPER_LEFT_Y":"9225872.702","LOWER_RIGHT_X":"469962.809","LOWER_RIGHT_Y":"9224870.702"},"geometry":{"type":"Polygon","coordinates":[[[468960.809,9225872.701999999582767],[469962.809,9225872.701999999582767],[469962.809,9224870.701999999582767],[468960.809,9224870.701999999582767],[468960.809,9225872.701999999582767]]]}},
{"type":"Feature","properties":{"DESCRIPTION":"MDT_1422151.tif","FILENAME":"U:\\P589_AmazoniaRevelada_BR-319\\LiDAR_dataset\\ENTREGAS\\ENTREGA_05\\2_MDT\\GEOTIFF\\MDT_1422151.tif","SHRT_FNAME":"MDT_1422151.tif","UPPER_LEFT_X":"467960.714","UPPER_LEFT_Y":"9225872.702","LOWER_RIGHT_X":"468962.714","LOWER_RIGHT_Y":"9224870.702"},"geometry":{"type":"Polygon","coordinates":[[[467960.713999999978114,9225872.701999999582767],[468962.713999999978114,9225872.701999999582767],[468962.713999999978114,9224870.701999999582767],[467960.713999999978114,9224870.701999999582767],[467960.713999999978114,9225872.701999999582767]]]}},
{"type":"Feature","properties":{"DESCRIPTION":"MDT_1422150.tif","FILENAME":"U:\\P589_AmazoniaRevelada_BR-319\\LiDAR_dataset\\ENTREGAS\\ENTREGA_05\\2_MDT\\GEOTIFF\\MDT_1422150.tif","SHRT_FNAME":"MDT_1422150.tif","UPPER_LEFT_X":"466960.618","UPPER_LEFT_Y":"9225872.702","LOWER_RIGHT_X":"467962.618","LOWER_RIGHT_Y":"9224870.702"},"geometry":{"type":"Polygon","coordinates":[[[466960.618000000016764,9225872.701999999582767],[467962.618000000016764,9225872.701999999582767],[467962.618000000016764,9224870.701999999582767],[466960.618000000016764,9224870.701999999582767],[466960.618000000016764,9225872.701999999582767]]]}},
{"type":"Feature","properties":{"DESCRIPTION":"MDT_1422149.tif","FILENAME":"U:\\P589_AmazoniaRevelada_BR-319\\LiDAR_dataset\\ENTREGAS\\ENTREGA_05\\2_MDT\\GEOTIFF\\MDT_1422149.tif","SHRT_FNAME":"MDT_1422149.tif","UPPER_LEFT_X":"465960.523","UPPER_LEFT_Y":"9225872.702","LOWER_RIGHT_X":"466962.523","LOWER_RIGHT_Y":"9224870.702"},"geometry":{"type":"Polygon","coordinates":[[[465960.522999999986496,9225872.701999999582767],[466962.522999999986496,9225872.701999999582767],[466962.522999999986496,9224870.701999999582767],[465960.522999999986496,9224870.701999999582767],[465960.522999999986496,9225872.701999999582767]]]}},
{"type":"Feature","properties":{"DESCRIPTION":"MDT_1422148.tif","FILENAME":"U:\\P589_AmazoniaRevelada_BR-319\\LiDAR_dataset\\ENTREGAS\\ENTREGA_05\\2_MDT\\GEOTIFF\\MDT_1422148.tif","SHRT_FNAME":"MDT_1422148.tif","UPPER_LEFT_X":"464960.428","UPPER_LEFT_Y":"9225872.702","LOWER_RIGHT_X":"465962.428","LOWER_RIGHT_Y":"9224870.702"},"geometry":{"type":"Polygon","coordinates":[[[464960.428000000014435,9225872.701999999582767],[465962.428000000014435,9225872.701999999582767],[465962.428000000014435,9224870.701999999582767],[464960.428000000014435,9224870.701999999582767],[464960.428000000014435,9225872.701999999582767]]]}},
{"type":"Feature","properties":{"DESCRIPTION":"MDT_1422147.tif","FILENAME":"U:\\P589_AmazoniaRevelada_BR-319\\LiDAR_dataset\\ENTREGAS\\ENTREGA_05\\2_MDT\\GEOTIFF\\MDT_1422147.tif","SHRT_FNAME":"MDT_1422147.tif","UPPER_LEFT_X":"463960.333","UPPER_LEFT_Y":"9225872.702","LOWER_RIGHT_X":"464962.333","LOWER_RIGHT_Y":"9224870.702"},"geometry":{"type":"Polygon","coordinates":[[[463960.332999999984168,9225872.701999999582767],[464962.332999999984168,9225872.701999999582767],[464962.332999999984168,9224870.701999999582767],[463960.332999999984168,9224870.701999999582767],[463960.332999999984168,9225872.701999999582767]]]}},
{"type":"Feature","properties":{"DESCRIPTION":"MDT_1421193.tif","FILENAME":"U:\\P589_AmazoniaRevelada_BR-319\\LiDAR_dataset\\ENTREGAS\\ENTREGA_05\\2_MDT\\GEOTIFF\\MDT_1421193.tif","SHRT_FNAME":"MDT_1421193.tif","UPPER_LEFT_X":"509964.712","UPPER_LEFT_Y":"9226872.577","LOWER_RIGHT_X":"510966.712","LOWER_RIGHT_Y":"9225870.577"},"geometry":{"type":"Polygon","coordinates":[[[509964.712,9226872.576999999582767],[510966.712,9226872.576999999582767],[510966.712,9225870.576999999582767],[509964.712,9225870.576999999582767],[509964.712,9226872.576999999582767]]]}},
{"type":"Feature","properties":{"DESCRIPTION":"MDT_1421192.tif","FILENAME":"U:\\P589_AmazoniaRevelada_BR-319\\LiDAR_dataset\\ENTREGAS\\ENTREGA_05\\2_MDT\\GEOTIFF\\MDT_1421192.tif","SHRT_FNAME":"MDT_1421192.tif","UPPER_LEFT_X":"508964.617","UPPER_LEFT_Y":"9226872.577","LOWER_RIGHT_X":"509966.617","LOWER_RIGHT_Y":"9225870.577"},"geometry":{"type":"Polygon","coordinates":[[[508964.617000000027474,9226872.576999999582767],[509966.617000000027474,9226872.576999999582767],[509966.617000000027474,9225870.576999999582767],[508964.617000000027474,9225870.576999999582767],[508964.617000000027474,9226872.576999999582767]]]}},
{"type":"Feature","properties":{"DESCRIPTION":"MDT_1421191.tif","FILENAME":"U:\\P589_AmazoniaRevelada_BR-319\\LiDAR_dataset\\ENTREGAS\\ENTREGA_05\\2_MDT\\GEOTIFF\\MDT_1421191.tif","SHRT_FNAME":"MDT_1421191.tif","UPPER_LEFT_X":"507964.522","UPPER_LEFT_Y":"9226872.577","LOWER_RIGHT_X":"508966.522","LOWER_RIGHT_Y":"9225870.577"},"geometry":{"type":"Polygon","coordinates":[[[507964.522,9226872.576999999582767],[508966.522,9226872.576999999582767],[508966.522,9225870.576999999582767],[507964.522,9225870.576999999582767],[507964.522,9226872.576999999582767]]]}},
{"type":"Feature","properties":{"DESCRIPTION":"MDT_1421190.tif","FILENAME":"U:\\P589_AmazoniaRevelada_BR-319\\LiDAR_dataset\\ENTREGAS\\ENTREGA_05\\2_MDT\\GEOTIFF\\MDT_1421190.tif","SHRT_FNAME":"MDT_1421190.tif","UPPER_LEFT_X":"506964.426","UPPER_LEFT_Y":"9226872.577","LOWER_RIGHT_X":"507966.426","LOWER_RIGHT_Y":"9225870.577"},"geometry":{"type":"Polygon","coordinates":[[[506964.425999999977648,9226872.576999999582767],[507966.425999999977648,9226872.576999999582767],[507966.425999999977648,9225870.576999999582767],[506964.425999999977648,9225870.576999999582767],[506964.425999999977648,9226872.576999999582767]]]}},
{"type":"Feature","properties":{"DESCRIPTION":"MDT_1421189.tif","FILENAME":"U:\\P589_AmazoniaRevelada_BR-319\\LiDAR_dataset\\ENTREGAS\\ENTREGA_05\\2_MDT\\GEOTIFF\\MDT_1421189.tif","SHRT_FNAME":"MDT_1421189.tif","UPPER_LEFT_X":"505964.331","UPPER_LEFT_Y":"9226872.577","LOWER_RIGHT_X":"506966.331","LOWER_RIGHT_Y":"9225870.577"},"geometry":{"type":"Polygon","coordinates":[[[505964.331,9226872.576999999582767],[506966.331,9226872.576999999582767],[506966.331,9225870.576999999582767],[505964.331,9225870.576999999582767],[505964.331,9226872.576999999582767]]]}},
{"type":"Feature","properties":{"DESCRIPTION":"MDT_1421188.tif","FILENAME":"U:\\P589_AmazoniaRevelada_BR-319\\LiDAR_dataset\\ENTREGAS\\ENTREGA_05\\2_MDT\\GEOTIFF\\MDT_1421188.tif","SHRT_FNAME":"MDT_1421188.tif","UPPER_LEFT_X":"504964.236","UPPER_LEFT_Y":"9226872.577","LOWER_RIGHT_X":"505966.236","LOWER_RIGHT_Y":"9225870.577"},"geometry":{"type":"Polygon","coordinates":[[[504964.23599999997532,9226872.576999999582767],[505966.23599999997532,9226872.576999999582767],[505966.23599999997532,9225870.576999999582767],[504964.23599999997532,9225870.576999999582767],[504964.23599999997532,9226872.576999999582767]]]}},
{"type":"Feature","properties":{"DESCRIPTION":"MDT_1421187.tif","FILENAME":"U:\\P589_AmazoniaRevelada_BR-319\\LiDAR_dataset\\ENTREGAS\\ENTREGA_05\\2_MDT\\GEOTIFF\\MDT_1421187.tif","SHRT_FNAME":"MDT_1421187.tif","UPPER_LEFT_X":"503964.141","UPPER_LEFT_Y":"9226872.577","LOWER_RIGHT_X":"504966.141","LOWER_RIGHT_Y":"9225870.577"},"geometry":{"type":"Polygon","coordinates":[[[503964.141,9226872.576999999582767],[504966.141,9226872.576999999582767],[504966.141,9225870.576999999582767],[503964.141,9225870.576999999582767],[503964.141,9226872.576999999582767]]]}},
{"type":"Feature","properties":{"DESCRIPTION":"MDT_1421186.tif","FILENAME":"U:\\P589_AmazoniaRevelada_BR-319\\LiDAR_dataset\\ENTREGAS\\ENTREGA_05\\2_MDT\\GEOTIFF\\MDT_1421186.tif","SHRT_FNAME":"MDT_1421186.tif","UPPER_LEFT_X":"502964.046","UPPER_LEFT_Y":"9226872.577","LOWER_RIGHT_X":"503966.046","LOWER_RIGHT_Y":"9225870.577"},"geometry":{"type":"Polygon","coordinates":[[[502964.045999999972992,9226872.576999999582767],[503966.045999999972992,9226872.576999999582767],[503966.045999999972992,9225870.576999999582767],[502964.045999999972992,9225870.576999999582767],[502964.045999999972992,9226872.576999999582767]]]}},
{"type":"Feature","properties":{"DESCRIPTION":"MDT_1421185.tif","FILENAME":"U:\\P589_AmazoniaRevelada_BR-319\\LiDAR_dataset\\ENTREGAS\\ENTREGA_05\\2_MDT\\GEOTIFF\\MDT_1421185.tif","SHRT_FNAME":"MDT_1421185.tif","UPPER_LEFT_X":"501963.950","UPPER_LEFT_Y":"9226872.577","LOWER_RIGHT_X":"502965.950","LOWER_RIGHT_Y":"9225870.577"},"geometry":{"type":"Polygon","coordinates":[[[501963.950000000011642,9226872.576999999582767],[502965.950000000011642,9226872.576999999582767],[502965.950000000011642,9225870.576999999582767],[501963.950000000011642,9225870.576999999582767],[501963.950000000011642,9226872.576999999582767]]]}},
{"type":"Feature","properties":{"DESCRIPTION":"MDT_1421184.tif","FILENAME":"U:\\P589_AmazoniaRevelada_BR-319\\LiDAR_dataset\\ENTREGAS\\ENTREGA_05\\2_MDT\\GEOTIFF\\MDT_1421184.tif","SHRT_FNAME":"MDT_1421184.tif","UPPER_LEFT_X":"500963.855","UPPER_LEFT_Y":"9226872.577","LOWER_RIGHT_X":"501965.855","LOWER_RIGHT_Y":"9225870.577"},"geometry":{"type":"Polygon","coordinates":[[[500963.854999999981374,9226872.576999999582767],[501965.854999999981374,9226872.576999999582767],[501965.854999999981374,9225870.576999999582767],[500963.854999999981374,9225870.576999999582767],[500963.854999999981374,9226872.576999999582767]]]}},
{"type":"Feature","properties":{"DESCRIPTION":"MDT_1421183.tif","FILENAME":"U:\\P589_AmazoniaRevelada_BR-319\\LiDAR_dataset\\ENTREGAS\\ENTREGA_05\\2_MDT\\GEOTIFF\\MDT_1421183.tif","SHRT_FNAME":"MDT_1421183.tif","UPPER_LEFT_X":"499963.760","UPPER_LEFT_Y":"9226872.577","LOWER_RIGHT_X":"500965.760","LOWER_RIGHT_Y":"9225870.577"},"geometry":{"type":"Polygon","coordinates":[[[499963.76,9226872.576999999582767],[500965.76,9226872.576999999582767],[500965.76,9225870.576999999582767],[499963.76,9225870.576999999582767],[499963.76,9226872.576999999582767]]]}},
{"type":"Feature","properties":{"DESCRIPTION":"MDT_1421182.tif","FILENAME":"U:\\P589_AmazoniaRevelada_BR-319\\LiDAR_dataset\\ENTREGAS\\ENTREGA_05\\2_MDT\\GEOTIFF\\MDT_1421182.tif","SHRT_FNAME":"MDT_1421182.tif","UPPER_LEFT_X":"498963.665","UPPER_LEFT_Y":"9226872.577","LOWER_RIGHT_X":"499965.665","LOWER_RIGHT_Y":"9225870.577"},"geometry":{"type":"Polygon","coordinates":[[[498963.664999999979045,9226872.576999999582767],[499965.664999999979045,9226872.576999999582767],[499965.664999999979045,9225870.576999999582767],[498963.664999999979045,9225870.576999999582767],[498963.664999999979045,9226872.576999999582767]]]}},
{"type":"Feature","properties":{"DESCRIPTION":"MDT_1421181.tif","FILENAME":"U:\\P589_AmazoniaRevelada_BR-319\\LiDAR_dataset\\ENTREGAS\\ENTREGA_05\\2_MDT\\GEOTIFF\\MDT_1421181.tif","SHRT_FNAME":"MDT_1421181.tif","UPPER_LEFT_X":"497963.570","UPPER_LEFT_Y":"9226872.577","LOWER_RIGHT_X":"498965.570","LOWER_RIGHT_Y":"9225870.577"},"geometry":{"type":"Polygon","coordinates":[[[497963.57,9226872.576999999582767],[498965.57,9226872.576999999582767],[498965.57,9225870.576999999582767],[497963.57,9225870.576999999582767],[497963.57,9226872.576999999582767]]]}},
{"type":"Feature","properties":{"DESCRIPTION":"MDT_1421180.tif","FILENAME":"U:\\P589_AmazoniaRevelada_BR-319\\LiDAR_dataset\\ENTREGAS\\ENTREGA_05\\2_MDT\\GEOTIFF\\MDT_1421180.tif","SHRT_FNAME":"MDT_1421180.tif","UPPER_LEFT_X":"496963.474","UPPER_LEFT_Y":"9226872.577","LOWER_RIGHT_X":"497965.474","LOWER_RIGHT_Y":"9225870.577"},"geometry":{"type":"Polygon","coordinates":[[[496963.473999999987427,9226872.576999999582767],[497965.473999999987427,9226872.576999999582767],[497965.473999999987427,9225870.576999999582767],[496963.473999999987427,9225870.576999999582767],[496963.473999999987427,9226872.576999999582767]]]}},
{"type":"Feature","properties":{"DESCRIPTION":"MDT_1421179.tif","FILENAME":"U:\\P589_AmazoniaRevelada_BR-319\\LiDAR_dataset\\ENTREGAS\\ENTREGA_05\\2_MDT\\GEOTIFF\\MDT_1421179.tif","SHRT_FNAME":"MDT_1421179.tif","UPPER_LEFT_X":"495963.379","UPPER_LEFT_Y":"9226872.577","LOWER_RIGHT_X":"496965.379","LOWER_RIGHT_Y":"9225870.577"},"geometry":{"type":"Polygon","coordinates":[[[495963.379000000015367,9226872.576999999582767],[496965.379000000015367,9226872.576999999582767],[496965.379000000015367,9225870.576999999582767],[495963.379000000015367,9225870.576999999582767],[495963.379000000015367,9226872.576999999582767]]]}},
{"type":"Feature","properties":{"DESCRIPTION":"MDT_1421178.tif","FILENAME":"U:\\P589_AmazoniaRevelada_BR-319\\LiDAR_dataset\\ENTREGAS\\ENTREGA_05\\2_MDT\\GEOTIFF\\MDT_1421178.tif","SHRT_FNAME":"MDT_1421178.tif","UPPER_LEFT_X":"494963.284","UPPER_LEFT_Y":"9226872.577","LOWER_RIGHT_X":"495965.284","LOWER_RIGHT_Y":"9225870.577"},"geometry":{"type":"Polygon","coordinates":[[[494963.283999999985099,9226872.576999999582767],[495965.283999999985099,9226872.576999999582767],[495965.283999999985099,9225870.576999999582767],[494963.283999999985099,9225870.576999999582767],[494963.283999999985099,9226872.576999999582767]]]}},
{"type":"Feature","properties":{"DESCRIPTION":"MDT_1421177.tif","FILENAME":"U:\\P589_AmazoniaRevelada_BR-319\\LiDAR_dataset\\ENTREGAS\\ENTREGA_05\\2_MDT\\GEOTIFF\\MDT_1421177.tif","SHRT_FNAME":"MDT_1421177.tif","UPPER_LEFT_X":"493963.189","UPPER_LEFT_Y":"9226872.577","LOWER_RIGHT_X":"494965.189","LOWER_RIGHT_Y":"9225870.577"},"geometry":{"type":"Polygon","coordinates":[[[493963.189000000013039,9226872.576999999582767],[494965.189000000013039,9226872.576999999582767],[494965.189000000013039,9225870.576999999582767],[493963.189000000013039,9225870.576999999582767],[493963.189000000013039,9226872.576999999582767]]]}},
{"type":"Feature","properties":{"DESCRIPTION":"MDT_1421176.tif","FILENAME":"U:\\P589_AmazoniaRevelada_BR-319\\LiDAR_dataset\\ENTREGAS\\ENTREGA_05\\2_MDT\\GEOTIFF\\MDT_1421176.tif","SHRT_FNAME":"MDT_1421176.tif","UPPER_LEFT_X":"492963.094","UPPER_LEFT_Y":"9226872.577","LOWER_RIGHT_X":"493965.094","LOWER_RIGHT_Y":"9225870.577"},"geometry":{"type":"Polygon","coordinates":[[[492963.093999999982771,9226872.576999999582767],[493965.093999999982771,9226872.576999999582767],[493965.093999999982771,9225870.576999999582767],[492963.093999999982771,9225870.576999999582767],[492963.093999999982771,9226872.576999999582767]]]}},
{"type":"Feature","properties":{"DESCRIPTION":"MDT_1421175.tif","FILENAME":"U:\\P589_AmazoniaRevelada_BR-319\\LiDAR_dataset\\ENTREGAS\\ENTREGA_05\\2_MDT\\GEOTIFF\\MDT_1421175.tif","SHRT_FNAME":"MDT_1421175.tif","UPPER_LEFT_X":"491962.998","UPPER_LEFT_Y":"9226872.577","LOWER_RIGHT_X":"492964.998","LOWER_RIGHT_Y":"9225870.577"},"geometry":{"type":"Polygon","coordinates":[[[491962.99800000002142,9226872.576999999582767],[492964.99800000002142,9226872.576999999582767],[492964.99800000002142,9225870.576999999582767],[491962.99800000002142,9225870.576999999582767],[491962.99800000002142,9226872.576999999582767]]]}},
{"type":"Feature","properties":{"DESCRIPTION":"MDT_1421174.tif","FILENAME":"U:\\P589_AmazoniaRevelada_BR-319\\LiDAR_dataset\\ENTREGAS\\ENTREGA_05\\2_MDT\\GEOTIFF\\MDT_1421174.tif","SHRT_FNAME":"MDT_1421174.tif","UPPER_LEFT_X":"490962.903","UPPER_LEFT_Y":"9226872.577","LOWER_RIGHT_X":"491964.903","LOWER_RIGHT_Y":"9225870.577"},"geometry":{"type":"Polygon","coordinates":[[[490962.903,9226872.576999999582767],[491964.903,9226872.576999999582767],[491964.903,9225870.576999999582767],[490962.903,9225870.576999999582767],[490962.903,9226872.576999999582767]]]}},
{"type":"Feature","properties":{"DESCRIPTION":"MDT_1421173.tif","FILENAME":"U:\\P589_AmazoniaRevelada_BR-319\\LiDAR_dataset\\ENTREGAS\\ENTREGA_05\\2_MDT\\GEOTIFF\\MDT_1421173.tif","SHRT_FNAME":"MDT_1421173.tif","UPPER_LEFT_X":"489962.808","UPPER_LEFT_Y":"9226872.577","LOWER_RIGHT_X":"490964.808","LOWER_RIGHT_Y":"9225870.577"},"geometry":{"type":"Polygon","coordinates":[[[489962.808000000019092,9226872.576999999582767],[490964.808000000019092,9226872.576999999582767],[490964.808000000019092,9225870.576999999582767],[489962.808000000019092,9225870.576999999582767],[489962.808000000019092,9226872.576999999582767]]]}},
{"type":"Feature","properties":{"DESCRIPTION":"MDT_1421172.tif","FILENAME":"U:\\P589_AmazoniaRevelada_BR-319\\LiDAR_dataset\\ENTREGAS\\ENTREGA_05\\2_MDT\\GEOTIFF\\MDT_1421172.tif","SHRT_FNAME":"MDT_1421172.tif","UPPER_LEFT_X":"488962.713","UPPER_LEFT_Y":"9226872.577","LOWER_RIGHT_X":"489964.713","LOWER_RIGHT_Y":"9225870.577"},"geometry":{"type":"Polygon","coordinates":[[[488962.712999999988824,9226872.576999999582767],[489964.712999999988824,9226872.576999999582767],[489964.712999999988824,9225870.576999999582767],[488962.712999999988824,9225870.576999999582767],[488962.712999999988824,9226872.576999999582767]]]}},
{"type":"Feature","properties":{"DESCRIPTION":"MDT_1421171.tif","FILENAME":"U:\\P589_AmazoniaRevelada_BR-319\\LiDAR_dataset\\ENTREGAS\\ENTREGA_05\\2_MDT\\GEOTIFF\\MDT_1421171.tif","SHRT_FNAME":"MDT_1421171.tif","UPPER_LEFT_X":"487962.618","UPPER_LEFT_Y":"9226872.577","LOWER_RIGHT_X":"488964.618","LOWER_RIGHT_Y":"9225870.577"},"geometry":{"type":"Polygon","coordinates":[[[487962.618000000016764,9226872.576999999582767],[488964.618000000016764,9226872.576999999582767],[488964.618000000016764,9225870.576999999582767],[487962.618000000016764,9225870.576999999582767],[487962.618000000016764,9226872.576999999582767]]]}},
{"type":"Feature","properties":{"DESCRIPTION":"MDT_1421170.tif","FILENAME":"U:\\P589_AmazoniaRevelada_BR-319\\LiDAR_dataset\\ENTREGAS\\ENTREGA_05\\2_MDT\\GEOTIFF\\MDT_1421170.tif","SHRT_FNAME":"MDT_1421170.tif","UPPER_LEFT_X":"486962.522","UPPER_LEFT_Y":"9226872.577","LOWER_RIGHT_X":"487964.522","LOWER_RIGHT_Y":"9225870.577"},"geometry":{"type":"Polygon","coordinates":[[[486962.522,9226872.576999999582767],[487964.522,9226872.576999999582767],[487964.522,9225870.576999999582767],[486962.522,9225870.576999999582767],[486962.522,9226872.576999999582767]]]}},
{"type":"Feature","properties":{"DESCRIPTION":"MDT_1421169.tif","FILENAME":"U:\\P589_AmazoniaRevelada_BR-319\\LiDAR_dataset\\ENTREGAS\\ENTREGA_05\\2_MDT\\GEOTIFF\\MDT_1421169.tif","SHRT_FNAME":"MDT_1421169.tif","UPPER_LEFT_X":"485962.427","UPPER_LEFT_Y":"9226872.577","LOWER_RIGHT_X":"486964.427","LOWER_RIGHT_Y":"9225870.577"},"geometry":{"type":"Polygon","coordinates":[[[485962.427000000025146,9226872.576999999582767],[486964.427000000025146,9226872.576999999582767],[486964.427000000025146,9225870.576999999582767],[485962.427000000025146,9225870.576999999582767],[485962.427000000025146,9226872.576999999582767]]]}},
{"type":"Feature","properties":{"DESCRIPTION":"MDT_1421168.tif","FILENAME":"U:\\P589_AmazoniaRevelada_BR-319\\LiDAR_dataset\\ENTREGAS\\ENTREGA_05\\2_MDT\\GEOTIFF\\MDT_1421168.tif","SHRT_FNAME":"MDT_1421168.tif","UPPER_LEFT_X":"484962.332","UPPER_LEFT_Y":"9226872.577","LOWER_RIGHT_X":"485964.332","LOWER_RIGHT_Y":"9225870.577"},"geometry":{"type":"Polygon","coordinates":[[[484962.332,9226872.576999999582767],[485964.332,9226872.576999999582767],[485964.332,9225870.576999999582767],[484962.332,9225870.576999999582767],[484962.332,9226872.576999999582767]]]}},
{"type":"Feature","properties":{"DESCRIPTION":"MDT_1421167.tif","FILENAME":"U:\\P589_AmazoniaRevelada_BR-319\\LiDAR_dataset\\ENTREGAS\\ENTREGA_05\\2_MDT\\GEOTIFF\\MDT_1421167.tif","SHRT_FNAME":"MDT_1421167.tif","UPPER_LEFT_X":"483962.237","UPPER_LEFT_Y":"9226872.577","LOWER_RIGHT_X":"484964.237","LOWER_RIGHT_Y":"9225870.577"},"geometry":{"type":"Polygon","coordinates":[[[483962.237000000022817,9226872.576999999582767],[484964.237000000022817,9226872.576999999582767],[484964.237000000022817,9225870.576999999582767],[483962.237000000022817,9225870.576999999582767],[483962.237000000022817,9226872.576999999582767]]]}},
{"type":"Feature","properties":{"DESCRIPTION":"MDT_1421166.tif","FILENAME":"U:\\P589_AmazoniaRevelada_BR-319\\LiDAR_dataset\\ENTREGAS\\ENTREGA_05\\2_MDT\\GEOTIFF\\MDT_1421166.tif","SHRT_FNAME":"MDT_1421166.tif","UPPER_LEFT_X":"482962.142","UPPER_LEFT_Y":"9226872.577","LOWER_RIGHT_X":"483964.142","LOWER_RIGHT_Y":"9225870.577"},"geometry":{"type":"Polygon","coordinates":[[[482962.142,9226872.576999999582767],[483964.142,9226872.576999999582767],[483964.142,9225870.576999999582767],[482962.142,9225870.576999999582767],[482962.142,9226872.576999999582767]]]}},
{"type":"Feature","properties":{"DESCRIPTION":"MDT_1421165.tif","FILENAME":"U:\\P589_AmazoniaRevelada_BR-319\\LiDAR_dataset\\ENTREGAS\\ENTREGA_05\\2_MDT\\GEOTIFF\\MDT_1421165.tif","SHRT_FNAME":"MDT_1421165.tif","UPPER_LEFT_X":"481962.046","UPPER_LEFT_Y":"9226872.577","LOWER_RIGHT_X":"482964.046","LOWER_RIGHT_Y":"9225870.577"},"geometry":{"type":"Polygon","coordinates":[[[481962.045999999972992,9226872.576999999582767],[482964.045999999972992,9226872.576999999582767],[482964.045999999972992,9225870.576999999582767],[481962.045999999972992,9225870.576999999582767],[481962.045999999972992,9226872.576999999582767]]]}},
{"type":"Feature","properties":{"DESCRIPTION":"MDT_1421164.tif","FILENAME":"U:\\P589_AmazoniaRevelada_BR-319\\LiDAR_dataset\\ENTREGAS\\ENTREGA_05\\2_MDT\\GEOTIFF\\MDT_1421164.tif","SHRT_FNAME":"MDT_1421164.tif","UPPER_LEFT_X":"480961.951","UPPER_LEFT_Y":"9226872.577","LOWER_RIGHT_X":"481963.951","LOWER_RIGHT_Y":"9225870.577"},"geometry":{"type":"Polygon","coordinates":[[[480961.951,9226872.576999999582767],[481963.951,9226872.576999999582767],[481963.951,9225870.576999999582767],[480961.951,9225870.576999999582767],[480961.951,9226872.576999999582767]]]}},
{"type":"Feature","properties":{"DESCRIPTION":"MDT_1421163.tif","FILENAME":"U:\\P589_AmazoniaRevelada_BR-319\\LiDAR_dataset\\ENTREGAS\\ENTREGA_05\\2_MDT\\GEOTIFF\\MDT_1421163.tif","SHRT_FNAME":"MDT_1421163.tif","UPPER_LEFT_X":"479961.856","UPPER_LEFT_Y":"9226872.577","LOWER_RIGHT_X":"480963.856","LOWER_RIGHT_Y":"9225870.577"},"geometry":{"type":"Polygon","coordinates":[[[479961.856000000028871,9226872.576999999582767],[480963.856000000028871,9226872.576999999582767],[480963.856000000028871,9225870.576999999582767],[479961.856000000028871,9225870.576999999582767],[479961.856000000028871,9226872.576999999582767]]]}},
{"type":"Feature","properties":{"DESCRIPTION":"MDT_1421162.tif","FILENAME":"U:\\P589_AmazoniaRevelada_BR-319\\LiDAR_dataset\\ENTREGAS\\ENTREGA_05\\2_MDT\\GEOTIFF\\MDT_1421162.tif","SHRT_FNAME":"MDT_1421162.tif","UPPER_LEFT_X":"478961.761","UPPER_LEFT_Y":"9226872.577","LOWER_RIGHT_X":"479963.761","LOWER_RIGHT_Y":"9225870.577"},"geometry":{"type":"Polygon","coordinates":[[[478961.761,9226872.576999999582767],[479963.761,9226872.576999999582767],[479963.761,9225870.576999999582767],[478961.761,9225870.576999999582767],[478961.761,9226872.576999999582767]]]}},
{"type":"Feature","properties":{"DESCRIPTION":"MDT_1421161.tif","FILENAME":"U:\\P589_AmazoniaRevelada_BR-319\\LiDAR_dataset\\ENTREGAS\\ENTREGA_05\\2_MDT\\GEOTIFF\\MDT_1421161.tif","SHRT_FNAME":"MDT_1421161.tif","UPPER_LEFT_X":"477961.666","UPPER_LEFT_Y":"9226872.577","LOWER_RIGHT_X":"478963.666","LOWER_RIGHT_Y":"9225870.577"},"geometry":{"type":"Polygon","coordinates":[[[477961.666000000026543,9226872.576999999582767],[478963.666000000026543,9226872.576999999582767],[478963.666000000026543,9225870.576999999582767],[477961.666000000026543,9225870.576999999582767],[477961.666000000026543,9226872.576999999582767]]]}},
{"type":"Feature","properties":{"DESCRIPTION":"MDT_1421160.tif","FILENAME":"U:\\P589_AmazoniaRevelada_BR-319\\LiDAR_dataset\\ENTREGAS\\ENTREGA_05\\2_MDT\\GEOTIFF\\MDT_1421160.tif","SHRT_FNAME":"MDT_1421160.tif","UPPER_LEFT_X":"476961.570","UPPER_LEFT_Y":"9226872.577","LOWER_RIGHT_X":"477963.570","LOWER_RIGHT_Y":"9225870.577"},"geometry":{"type":"Polygon","coordinates":[[[476961.57,9226872.576999999582767],[477963.57,9226872.576999999582767],[477963.57,9225870.576999999582767],[476961.57,9225870.576999999582767],[476961.57,9226872.576999999582767]]]}},
{"type":"Feature","properties":{"DESCRIPTION":"MDT_1421159.tif","FILENAME":"U:\\P589_AmazoniaRevelada_BR-319\\LiDAR_dataset\\ENTREGAS\\ENTREGA_05\\2_MDT\\GEOTIFF\\MDT_1421159.tif","SHRT_FNAME":"MDT_1421159.tif","UPPER_LEFT_X":"475961.475","UPPER_LEFT_Y":"9226872.577","LOWER_RIGHT_X":"476963.475","LOWER_RIGHT_Y":"9225870.577"},"geometry":{"type":"Polygon","coordinates":[[[475961.474999999976717,9226872.576999999582767],[476963.474999999976717,9226872.576999999582767],[476963.474999999976717,9225870.576999999582767],[475961.474999999976717,9225870.576999999582767],[475961.474999999976717,9226872.576999999582767]]]}},
{"type":"Feature","properties":{"DESCRIPTION":"MDT_1421158.tif","FILENAME":"U:\\P589_AmazoniaRevelada_BR-319\\LiDAR_dataset\\ENTREGAS\\ENTREGA_05\\2_MDT\\GEOTIFF\\MDT_1421158.tif","SHRT_FNAME":"MDT_1421158.tif","UPPER_LEFT_X":"474961.380","UPPER_LEFT_Y":"9226872.577","LOWER_RIGHT_X":"475963.380","LOWER_RIGHT_Y":"9225870.577"},"geometry":{"type":"Polygon","coordinates":[[[474961.38,9226872.576999999582767],[475963.38,9226872.576999999582767],[475963.38,9225870.576999999582767],[474961.38,9225870.576999999582767],[474961.38,9226872.576999999582767]]]}},
{"type":"Feature","properties":{"DESCRIPTION":"MDT_1421157.tif","FILENAME":"U:\\P589_AmazoniaRevelada_BR-319\\LiDAR_dataset\\ENTREGAS\\ENTREGA_05\\2_MDT\\GEOTIFF\\MDT_1421157.tif","SHRT_FNAME":"MDT_1421157.tif","UPPER_LEFT_X":"473961.285","UPPER_LEFT_Y":"9226872.577","LOWER_RIGHT_X":"474963.285","LOWER_RIGHT_Y":"9225870.577"},"geometry":{"type":"Polygon","coordinates":[[[473961.284999999974389,9226872.576999999582767],[474963.284999999974389,9226872.576999999582767],[474963.284999999974389,9225870.576999999582767],[473961.284999999974389,9225870.576999999582767],[473961.284999999974389,9226872.576999999582767]]]}},
{"type":"Feature","properties":{"DESCRIPTION":"MDT_1421156.tif","FILENAME":"U:\\P589_AmazoniaRevelada_BR-319\\LiDAR_dataset\\ENTREGAS\\ENTREGA_05\\2_MDT\\GEOTIFF\\MDT_1421156.tif","SHRT_FNAME":"MDT_1421156.tif","UPPER_LEFT_X":"472961.190","UPPER_LEFT_Y":"9226872.577","LOWER_RIGHT_X":"473963.190","LOWER_RIGHT_Y":"9225870.577"},"geometry":{"type":"Polygon","coordinates":[[[472961.19,9226872.576999999582767],[473963.19,9226872.576999999582767],[473963.19,9225870.576999999582767],[472961.19,9225870.576999999582767],[472961.19,9226872.576999999582767]]]}},
{"type":"Feature","properties":{"DESCRIPTION":"MDT_1421155.tif","FILENAME":"U:\\P589_AmazoniaRevelada_BR-319\\LiDAR_dataset\\ENTREGAS\\ENTREGA_05\\2_MDT\\GEOTIFF\\MDT_1421155.tif","SHRT_FNAME":"MDT_1421155.tif","UPPER_LEFT_X":"471961.094","UPPER_LEFT_Y":"9226872.577","LOWER_RIGHT_X":"472963.094","LOWER_RIGHT_Y":"9225870.577"},"geometry":{"type":"Polygon","coordinates":[[[471961.093999999982771,9226872.576999999582767],[472963.093999999982771,9226872.576999999582767],[472963.093999999982771,9225870.576999999582767],[471961.093999999982771,9225870.576999999582767],[471961.093999999982771,9226872.576999999582767]]]}},
{"type":"Feature","properties":{"DESCRIPTION":"MDT_1421154.tif","FILENAME":"U:\\P589_AmazoniaRevelada_BR-319\\LiDAR_dataset\\ENTREGAS\\ENTREGA_05\\2_MDT\\GEOTIFF\\MDT_1421154.tif","SHRT_FNAME":"MDT_1421154.tif","UPPER_LEFT_X":"470960.999","UPPER_LEFT_Y":"9226872.577","LOWER_RIGHT_X":"471962.999","LOWER_RIGHT_Y":"9225870.577"},"geometry":{"type":"Polygon","coordinates":[[[470960.99900000001071,9226872.576999999582767],[471962.99900000001071,9226872.576999999582767],[471962.99900000001071,9225870.576999999582767],[470960.99900000001071,9225870.576999999582767],[470960.99900000001071,9226872.576999999582767]]]}},
{"type":"Feature","properties":{"DESCRIPTION":"MDT_1421153.tif","FILENAME":"U:\\P589_AmazoniaRevelada_BR-319\\LiDAR_dataset\\ENTREGAS\\ENTREGA_05\\2_MDT\\GEOTIFF\\MDT_1421153.tif","SHRT_FNAME":"MDT_1421153.tif","UPPER_LEFT_X":"469960.904","UPPER_LEFT_Y":"9226872.577","LOWER_RIGHT_X":"470962.904","LOWER_RIGHT_Y":"9225870.577"},"geometry":{"type":"Polygon","coordinates":[[[469960.903999999980442,9226872.576999999582767],[470962.903999999980442,9226872.576999999582767],[470962.903999999980442,9225870.576999999582767],[469960.903999999980442,9225870.576999999582767],[469960.903999999980442,9226872.576999999582767]]]}},
{"type":"Feature","properties":{"DESCRIPTION":"MDT_1421152.tif","FILENAME":"U:\\P589_AmazoniaRevelada_BR-319\\LiDAR_dataset\\ENTREGAS\\ENTREGA_05\\2_MDT\\GEOTIFF\\MDT_1421152.tif","SHRT_FNAME":"MDT_1421152.tif","UPPER_LEFT_X":"468960.809","UPPER_LEFT_Y":"9226872.577","LOWER_RIGHT_X":"469962.809","LOWER_RIGHT_Y":"9225870.577"},"geometry":{"type":"Polygon","coordinates":[[[468960.809,9226872.576999999582767],[469962.809,9226872.576999999582767],[469962.809,9225870.576999999582767],[468960.809,9225870.576999999582767],[468960.809,9226872.576999999582767]]]}},
{"type":"Feature","properties":{"DESCRIPTION":"MDT_1421151.tif","FILENAME":"U:\\P589_AmazoniaRevelada_BR-319\\LiDAR_dataset\\ENTREGAS\\ENTREGA_05\\2_MDT\\GEOTIFF\\MDT_1421151.tif","SHRT_FNAME":"MDT_1421151.tif","UPPER_LEFT_X":"467960.714","UPPER_LEFT_Y":"9226872.577","LOWER_RIGHT_X":"468962.714","LOWER_RIGHT_Y":"9225870.577"},"geometry":{"type":"Polygon","coordinates":[[[467960.713999999978114,9226872.576999999582767],[468962.713999999978114,9226872.576999999582767],[468962.713999999978114,9225870.576999999582767],[467960.713999999978114,9225870.576999999582767],[467960.713999999978114,9226872.576999999582767]]]}},
{"type":"Feature","properties":{"DESCRIPTION":"MDT_1421150.tif","FILENAME":"U:\\P589_AmazoniaRevelada_BR-319\\LiDAR_dataset\\ENTREGAS\\ENTREGA_05\\2_MDT\\GEOTIFF\\MDT_1421150.tif","SHRT_FNAME":"MDT_1421150.tif","UPPER_LEFT_X":"466960.618","UPPER_LEFT_Y":"9226872.577","LOWER_RIGHT_X":"467962.618","LOWER_RIGHT_Y":"9225870.577"},"geometry":{"type":"Polygon","coordinates":[[[466960.618000000016764,9226872.576999999582767],[467962.618000000016764,9226872.576999999582767],[467962.618000000016764,9225870.576999999582767],[466960.618000000016764,9225870.576999999582767],[466960.618000000016764,9226872.576999999582767]]]}},
{"type":"Feature","properties":{"DESCRIPTION":"MDT_1421149.tif","FILENAME":"U:\\P589_AmazoniaRevelada_BR-319\\LiDAR_dataset\\ENTREGAS\\ENTREGA_05\\2_MDT\\GEOTIFF\\MDT_1421149.tif","SHRT_FNAME":"MDT_1421149.tif","UPPER_LEFT_X":"465960.523","UPPER_LEFT_Y":"9226872.577","LOWER_RIGHT_X":"466962.523","LOWER_RIGHT_Y":"9225870.577"},"geometry":{"type":"Polygon","coordinates":[[[465960.522999999986496,9226872.576999999582767],[466962.522999999986496,9226872.576999999582767],[466962.522999999986496,9225870.576999999582767],[465960.522999999986496,9225870.576999999582767],[465960.522999999986496,9226872.576999999582767]]]}},
{"type":"Feature","properties":{"DESCRIPTION":"MDT_1421148.tif","FILENAME":"U:\\P589_AmazoniaRevelada_BR-319\\LiDAR_dataset\\ENTREGAS\\ENTREGA_05\\2_MDT\\GEOTIFF\\MDT_1421148.tif","SHRT_FNAME":"MDT_1421148.tif","UPPER_LEFT_X":"464960.428","UPPER_LEFT_Y":"9226872.577","LOWER_RIGHT_X":"465962.428","LOWER_RIGHT_Y":"9225870.577"},"geometry":{"type":"Polygon","coordinates":[[[464960.428000000014435,9226872.576999999582767],[465962.428000000014435,9226872.576999999582767],[465962.428000000014435,9225870.576999999582767],[464960.428000000014435,9225870.576999999582767],[464960.428000000014435,9226872.576999999582767]]]}},
{"type":"Feature","properties":{"DESCRIPTION":"MDT_1421147.tif","FILENAME":"U:\\P589_AmazoniaRevelada_BR-319\\LiDAR_dataset\\ENTREGAS\\ENTREGA_05\\2_MDT\\GEOTIFF\\MDT_1421147.tif","SHRT_FNAME":"MDT_1421147.tif","UPPER_LEFT_X":"463960.333","UPPER_LEFT_Y":"9226872.577","LOWER_RIGHT_X":"464962.333","LOWER_RIGHT_Y":"9225870.577"},"geometry":{"type":"Polygon","coordinates":[[[463960.332999999984168,9226872.576999999582767],[464962.332999999984168,9226872.576999999582767],[464962.332999999984168,9225870.576999999582767],[463960.332999999984168,9225870.576999999582767],[463960.332999999984168,9226872.576999999582767]]]}},
{"type":"Feature","properties":{"DESCRIPTION":"MDT_1420193.tif","FILENAME":"U:\\P589_AmazoniaRevelada_BR-319\\LiDAR_dataset\\ENTREGAS\\ENTREGA_05\\2_MDT\\GEOTIFF\\MDT_1420193.tif","SHRT_FNAME":"MDT_1420193.tif","UPPER_LEFT_X":"509964.712","UPPER_LEFT_Y":"9227872.452","LOWER_RIGHT_X":"510966.712","LOWER_RIGHT_Y":"9226870.452"},"geometry":{"type":"Polygon","coordinates":[[[509964.712,9227872.451999999582767],[510966.712,9227872.451999999582767],[510966.712,9226870.451999999582767],[509964.712,9226870.451999999582767],[509964.712,9227872.451999999582767]]]}},
{"type":"Feature","properties":{"DESCRIPTION":"MDT_1420192.tif","FILENAME":"U:\\P589_AmazoniaRevelada_BR-319\\LiDAR_dataset\\ENTREGAS\\ENTREGA_05\\2_MDT\\GEOTIFF\\MDT_1420192.tif","SHRT_FNAME":"MDT_1420192.tif","UPPER_LEFT_X":"508964.617","UPPER_LEFT_Y":"9227872.452","LOWER_RIGHT_X":"509966.617","LOWER_RIGHT_Y":"9226870.452"},"geometry":{"type":"Polygon","coordinates":[[[508964.617000000027474,9227872.451999999582767],[509966.617000000027474,9227872.451999999582767],[509966.617000000027474,9226870.451999999582767],[508964.617000000027474,9226870.451999999582767],[508964.617000000027474,9227872.451999999582767]]]}},
{"type":"Feature","properties":{"DESCRIPTION":"MDT_1420191.tif","FILENAME":"U:\\P589_AmazoniaRevelada_BR-319\\LiDAR_dataset\\ENTREGAS\\ENTREGA_05\\2_MDT\\GEOTIFF\\MDT_1420191.tif","SHRT_FNAME":"MDT_1420191.tif","UPPER_LEFT_X":"507964.522","UPPER_LEFT_Y":"9227872.452","LOWER_RIGHT_X":"508966.522","LOWER_RIGHT_Y":"9226870.452"},"geometry":{"type":"Polygon","coordinates":[[[507964.522,9227872.451999999582767],[508966.522,9227872.451999999582767],[508966.522,9226870.451999999582767],[507964.522,9226870.451999999582767],[507964.522,9227872.451999999582767]]]}},
{"type":"Feature","properties":{"DESCRIPTION":"MDT_1420190.tif","FILENAME":"U:\\P589_AmazoniaRevelada_BR-319\\LiDAR_dataset\\ENTREGAS\\ENTREGA_05\\2_MDT\\GEOTIFF\\MDT_1420190.tif","SHRT_FNAME":"MDT_1420190.tif","UPPER_LEFT_X":"506964.426","UPPER_LEFT_Y":"9227872.452","LOWER_RIGHT_X":"507966.426","LOWER_RIGHT_Y":"9226870.452"},"geometry":{"type":"Polygon","coordinates":[[[506964.425999999977648,9227872.451999999582767],[507966.425999999977648,9227872.451999999582767],[507966.425999999977648,9226870.451999999582767],[506964.425999999977648,9226870.451999999582767],[506964.425999999977648,9227872.451999999582767]]]}},
{"type":"Feature","properties":{"DESCRIPTION":"MDT_1420189.tif","FILENAME":"U:\\P589_AmazoniaRevelada_BR-319\\LiDAR_dataset\\ENTREGAS\\ENTREGA_05\\2_MDT\\GEOTIFF\\MDT_1420189.tif","SHRT_FNAME":"MDT_1420189.tif","UPPER_LEFT_X":"505964.331","UPPER_LEFT_Y":"9227872.452","LOWER_RIGHT_X":"506966.331","LOWER_RIGHT_Y":"9226870.452"},"geometry":{"type":"Polygon","coordinates":[[[505964.331,9227872.451999999582767],[506966.331,9227872.451999999582767],[506966.331,9226870.451999999582767],[505964.331,9226870.451999999582767],[505964.331,9227872.451999999582767]]]}},
{"type":"Feature","properties":{"DESCRIPTION":"MDT_1420188.tif","FILENAME":"U:\\P589_AmazoniaRevelada_BR-319\\LiDAR_dataset\\ENTREGAS\\ENTREGA_05\\2_MDT\\GEOTIFF\\MDT_1420188.tif","SHRT_FNAME":"MDT_1420188.tif","UPPER_LEFT_X":"504964.236","UPPER_LEFT_Y":"9227872.452","LOWER_RIGHT_X":"505966.236","LOWER_RIGHT_Y":"9226870.452"},"geometry":{"type":"Polygon","coordinates":[[[504964.23599999997532,9227872.451999999582767],[505966.23599999997532,9227872.451999999582767],[505966.23599999997532,9226870.451999999582767],[504964.23599999997532,9226870.451999999582767],[504964.23599999997532,9227872.451999999582767]]]}},
{"type":"Feature","properties":{"DESCRIPTION":"MDT_1420187.tif","FILENAME":"U:\\P589_AmazoniaRevelada_BR-319\\LiDAR_dataset\\ENTREGAS\\ENTREGA_05\\2_MDT\\GEOTIFF\\MDT_1420187.tif","SHRT_FNAME":"MDT_1420187.tif","UPPER_LEFT_X":"503964.141","UPPER_LEFT_Y":"9227872.452","LOWER_RIGHT_X":"504966.141","LOWER_RIGHT_Y":"9226870.452"},"geometry":{"type":"Polygon","coordinates":[[[503964.141,9227872.451999999582767],[504966.141,9227872.451999999582767],[504966.141,9226870.451999999582767],[503964.141,9226870.451999999582767],[503964.141,9227872.451999999582767]]]}},
{"type":"Feature","properties":{"DESCRIPTION":"MDT_1420186.tif","FILENAME":"U:\\P589_AmazoniaRevelada_BR-319\\LiDAR_dataset\\ENTREGAS\\ENTREGA_05\\2_MDT\\GEOTIFF\\MDT_1420186.tif","SHRT_FNAME":"MDT_1420186.tif","UPPER_LEFT_X":"502964.046","UPPER_LEFT_Y":"9227872.452","LOWER_RIGHT_X":"503966.046","LOWER_RIGHT_Y":"9226870.452"},"geometry":{"type":"Polygon","coordinates":[[[502964.045999999972992,9227872.451999999582767],[503966.045999999972992,9227872.451999999582767],[503966.045999999972992,9226870.451999999582767],[502964.045999999972992,9226870.451999999582767],[502964.045999999972992,9227872.451999999582767]]]}},
{"type":"Feature","properties":{"DESCRIPTION":"MDT_1420185.tif","FILENAME":"U:\\P589_AmazoniaRevelada_BR-319\\LiDAR_dataset\\ENTREGAS\\ENTREGA_05\\2_MDT\\GEOTIFF\\MDT_1420185.tif","SHRT_FNAME":"MDT_1420185.tif","UPPER_LEFT_X":"501963.950","UPPER_LEFT_Y":"9227872.452","LOWER_RIGHT_X":"502965.950","LOWER_RIGHT_Y":"9226870.452"},"geometry":{"type":"Polygon","coordinates":[[[501963.950000000011642,9227872.451999999582767],[502965.950000000011642,9227872.451999999582767],[502965.950000000011642,9226870.451999999582767],[501963.950000000011642,9226870.451999999582767],[501963.950000000011642,9227872.451999999582767]]]}},
{"type":"Feature","properties":{"DESCRIPTION":"MDT_1420184.tif","FILENAME":"U:\\P589_AmazoniaRevelada_BR-319\\LiDAR_dataset\\ENTREGAS\\ENTREGA_05\\2_MDT\\GEOTIFF\\MDT_1420184.tif","SHRT_FNAME":"MDT_1420184.tif","UPPER_LEFT_X":"500963.855","UPPER_LEFT_Y":"9227872.452","LOWER_RIGHT_X":"501965.855","LOWER_RIGHT_Y":"9226870.452"},"geometry":{"type":"Polygon","coordinates":[[[500963.854999999981374,9227872.451999999582767],[501965.854999999981374,9227872.451999999582767],[501965.854999999981374,9226870.451999999582767],[500963.854999999981374,9226870.451999999582767],[500963.854999999981374,9227872.451999999582767]]]}},
{"type":"Feature","properties":{"DESCRIPTION":"MDT_1420183.tif","FILENAME":"U:\\P589_AmazoniaRevelada_BR-319\\LiDAR_dataset\\ENTREGAS\\ENTREGA_05\\2_MDT\\GEOTIFF\\MDT_1420183.tif","SHRT_FNAME":"MDT_1420183.tif","UPPER_LEFT_X":"499963.760","UPPER_LEFT_Y":"9227872.452","LOWER_RIGHT_X":"500965.760","LOWER_RIGHT_Y":"9226870.452"},"geometry":{"type":"Polygon","coordinates":[[[499963.76,9227872.451999999582767],[500965.76,9227872.451999999582767],[500965.76,9226870.451999999582767],[499963.76,9226870.451999999582767],[499963.76,9227872.451999999582767]]]}},
{"type":"Feature","properties":{"DESCRIPTION":"MDT_1420182.tif","FILENAME":"U:\\P589_AmazoniaRevelada_BR-319\\LiDAR_dataset\\ENTREGAS\\ENTREGA_05\\2_MDT\\GEOTIFF\\MDT_1420182.tif","SHRT_FNAME":"MDT_1420182.tif","UPPER_LEFT_X":"498963.665","UPPER_LEFT_Y":"9227872.452","LOWER_RIGHT_X":"499965.665","LOWER_RIGHT_Y":"9226870.452"},"geometry":{"type":"Polygon","coordinates":[[[498963.664999999979045,9227872.451999999582767],[499965.664999999979045,9227872.451999999582767],[499965.664999999979045,9226870.451999999582767],[498963.664999999979045,9226870.451999999582767],[498963.664999999979045,9227872.451999999582767]]]}},
{"type":"Feature","properties":{"DESCRIPTION":"MDT_1420181.tif","FILENAME":"U:\\P589_AmazoniaRevelada_BR-319\\LiDAR_dataset\\ENTREGAS\\ENTREGA_05\\2_MDT\\GEOTIFF\\MDT_1420181.tif","SHRT_FNAME":"MDT_1420181.tif","UPPER_LEFT_X":"497963.570","UPPER_LEFT_Y":"9227872.452","LOWER_RIGHT_X":"498965.570","LOWER_RIGHT_Y":"9226870.452"},"geometry":{"type":"Polygon","coordinates":[[[497963.57,9227872.451999999582767],[498965.57,9227872.451999999582767],[498965.57,9226870.451999999582767],[497963.57,9226870.451999999582767],[497963.57,9227872.451999999582767]]]}},
{"type":"Feature","properties":{"DESCRIPTION":"MDT_1420180.tif","FILENAME":"U:\\P589_AmazoniaRevelada_BR-319\\LiDAR_dataset\\ENTREGAS\\ENTREGA_05\\2_MDT\\GEOTIFF\\MDT_1420180.tif","SHRT_FNAME":"MDT_1420180.tif","UPPER_LEFT_X":"496963.474","UPPER_LEFT_Y":"9227872.452","LOWER_RIGHT_X":"497965.474","LOWER_RIGHT_Y":"9226870.452"},"geometry":{"type":"Polygon","coordinates":[[[496963.473999999987427,9227872.451999999582767],[497965.473999999987427,9227872.451999999582767],[497965.473999999987427,9226870.451999999582767],[496963.473999999987427,9226870.451999999582767],[496963.473999999987427,9227872.451999999582767]]]}},
{"type":"Feature","properties":{"DESCRIPTION":"MDT_1420179.tif","FILENAME":"U:\\P589_AmazoniaRevelada_BR-319\\LiDAR_dataset\\ENTREGAS\\ENTREGA_05\\2_MDT\\GEOTIFF\\MDT_1420179.tif","SHRT_FNAME":"MDT_1420179.tif","UPPER_LEFT_X":"495963.379","UPPER_LEFT_Y":"9227872.452","LOWER_RIGHT_X":"496965.379","LOWER_RIGHT_Y":"9226870.452"},"geometry":{"type":"Polygon","coordinates":[[[495963.379000000015367,9227872.451999999582767],[496965.379000000015367,9227872.451999999582767],[496965.379000000015367,9226870.451999999582767],[495963.379000000015367,9226870.451999999582767],[495963.379000000015367,9227872.451999999582767]]]}},
{"type":"Feature","properties":{"DESCRIPTION":"MDT_1420178.tif","FILENAME":"U:\\P589_AmazoniaRevelada_BR-319\\LiDAR_dataset\\ENTREGAS\\ENTREGA_05\\2_MDT\\GEOTIFF\\MDT_1420178.tif","SHRT_FNAME":"MDT_1420178.tif","UPPER_LEFT_X":"494963.284","UPPER_LEFT_Y":"9227872.452","LOWER_RIGHT_X":"495965.284","LOWER_RIGHT_Y":"9226870.452"},"geometry":{"type":"Polygon","coordinates":[[[494963.283999999985099,9227872.451999999582767],[495965.283999999985099,9227872.451999999582767],[495965.283999999985099,9226870.451999999582767],[494963.283999999985099,9226870.451999999582767],[494963.283999999985099,9227872.451999999582767]]]}},
{"type":"Feature","properties":{"DESCRIPTION":"MDT_1420177.tif","FILENAME":"U:\\P589_AmazoniaRevelada_BR-319\\LiDAR_dataset\\ENTREGAS\\ENTREGA_05\\2_MDT\\GEOTIFF\\MDT_1420177.tif","SHRT_FNAME":"MDT_1420177.tif","UPPER_LEFT_X":"493963.189","UPPER_LEFT_Y":"9227872.452","LOWER_RIGHT_X":"494965.189","LOWER_RIGHT_Y":"9226870.452"},"geometry":{"type":"Polygon","coordinates":[[[493963.189000000013039,9227872.451999999582767],[494965.189000000013039,9227872.451999999582767],[494965.189000000013039,9226870.451999999582767],[493963.189000000013039,9226870.451999999582767],[493963.189000000013039,9227872.451999999582767]]]}},
{"type":"Feature","properties":{"DESCRIPTION":"MDT_1420176.tif","FILENAME":"U:\\P589_AmazoniaRevelada_BR-319\\LiDAR_dataset\\ENTREGAS\\ENTREGA_05\\2_MDT\\GEOTIFF\\MDT_1420176.tif","SHRT_FNAME":"MDT_1420176.tif","UPPER_LEFT_X":"492963.094","UPPER_LEFT_Y":"9227872.452","LOWER_RIGHT_X":"493965.094","LOWER_RIGHT_Y":"9226870.452"},"geometry":{"type":"Polygon","coordinates":[[[492963.093999999982771,9227872.451999999582767],[493965.093999999982771,9227872.451999999582767],[493965.093999999982771,9226870.451999999582767],[492963.093999999982771,9226870.451999999582767],[492963.093999999982771,9227872.451999999582767]]]}},
{"type":"Feature","properties":{"DESCRIPTION":"MDT_1420175.tif","FILENAME":"U:\\P589_AmazoniaRevelada_BR-319\\LiDAR_dataset\\ENTREGAS\\ENTREGA_05\\2_MDT\\GEOTIFF\\MDT_1420175.tif","SHRT_FNAME":"MDT_1420175.tif","UPPER_LEFT_X":"491962.998","UPPER_LEFT_Y":"9227872.452","LOWER_RIGHT_X":"492964.998","LOWER_RIGHT_Y":"9226870.452"},"geometry":{"type":"Polygon","coordinates":[[[491962.99800000002142,9227872.451999999582767],[492964.99800000002142,9227872.451999999582767],[492964.99800000002142,9226870.451999999582767],[491962.99800000002142,9226870.451999999582767],[491962.99800000002142,9227872.451999999582767]]]}},
{"type":"Feature","properties":{"DESCRIPTION":"MDT_1420174.tif","FILENAME":"U:\\P589_AmazoniaRevelada_BR-319\\LiDAR_dataset\\ENTREGAS\\ENTREGA_05\\2_MDT\\GEOTIFF\\MDT_1420174.tif","SHRT_FNAME":"MDT_1420174.tif","UPPER_LEFT_X":"490962.903","UPPER_LEFT_Y":"9227872.452","LOWER_RIGHT_X":"491964.903","LOWER_RIGHT_Y":"9226870.452"},"geometry":{"type":"Polygon","coordinates":[[[490962.903,9227872.451999999582767],[491964.903,9227872.451999999582767],[491964.903,9226870.451999999582767],[490962.903,9226870.451999999582767],[490962.903,9227872.451999999582767]]]}},
{"type":"Feature","properties":{"DESCRIPTION":"MDT_1420173.tif","FILENAME":"U:\\P589_AmazoniaRevelada_BR-319\\LiDAR_dataset\\ENTREGAS\\ENTREGA_05\\2_MDT\\GEOTIFF\\MDT_1420173.tif","SHRT_FNAME":"MDT_1420173.tif","UPPER_LEFT_X":"489962.808","UPPER_LEFT_Y":"9227872.452","LOWER_RIGHT_X":"490964.808","LOWER_RIGHT_Y":"9226870.452"},"geometry":{"type":"Polygon","coordinates":[[[489962.808000000019092,9227872.451999999582767],[490964.808000000019092,9227872.451999999582767],[490964.808000000019092,9226870.451999999582767],[489962.808000000019092,9226870.451999999582767],[489962.808000000019092,9227872.451999999582767]]]}},
{"type":"Feature","properties":{"DESCRIPTION":"MDT_1420172.tif","FILENAME":"U:\\P589_AmazoniaRevelada_BR-319\\LiDAR_dataset\\ENTREGAS\\ENTREGA_05\\2_MDT\\GEOTIFF\\MDT_1420172.tif","SHRT_FNAME":"MDT_1420172.tif","UPPER_LEFT_X":"488962.713","UPPER_LEFT_Y":"9227872.452","LOWER_RIGHT_X":"489964.713","LOWER_RIGHT_Y":"9226870.452"},"geometry":{"type":"Polygon","coordinates":[[[488962.712999999988824,9227872.451999999582767],[489964.712999999988824,9227872.451999999582767],[489964.712999999988824,9226870.451999999582767],[488962.712999999988824,9226870.451999999582767],[488962.712999999988824,9227872.451999999582767]]]}},
{"type":"Feature","properties":{"DESCRIPTION":"MDT_1420171.tif","FILENAME":"U:\\P589_AmazoniaRevelada_BR-319\\LiDAR_dataset\\ENTREGAS\\ENTREGA_05\\2_MDT\\GEOTIFF\\MDT_1420171.tif","SHRT_FNAME":"MDT_1420171.tif","UPPER_LEFT_X":"487962.618","UPPER_LEFT_Y":"9227872.452","LOWER_RIGHT_X":"488964.618","LOWER_RIGHT_Y":"9226870.452"},"geometry":{"type":"Polygon","coordinates":[[[487962.618000000016764,9227872.451999999582767],[488964.618000000016764,9227872.451999999582767],[488964.618000000016764,9226870.451999999582767],[487962.618000000016764,9226870.451999999582767],[487962.618000000016764,9227872.451999999582767]]]}},
{"type":"Feature","properties":{"DESCRIPTION":"MDT_1420170.tif","FILENAME":"U:\\P589_AmazoniaRevelada_BR-319\\LiDAR_dataset\\ENTREGAS\\ENTREGA_05\\2_MDT\\GEOTIFF\\MDT_1420170.tif","SHRT_FNAME":"MDT_1420170.tif","UPPER_LEFT_X":"486962.522","UPPER_LEFT_Y":"9227872.452","LOWER_RIGHT_X":"487964.522","LOWER_RIGHT_Y":"9226870.452"},"geometry":{"type":"Polygon","coordinates":[[[486962.522,9227872.451999999582767],[487964.522,9227872.451999999582767],[487964.522,9226870.451999999582767],[486962.522,9226870.451999999582767],[486962.522,9227872.451999999582767]]]}},
{"type":"Feature","properties":{"DESCRIPTION":"MDT_1420169.tif","FILENAME":"U:\\P589_AmazoniaRevelada_BR-319\\LiDAR_dataset\\ENTREGAS\\ENTREGA_05\\2_MDT\\GEOTIFF\\MDT_1420169.tif","SHRT_FNAME":"MDT_1420169.tif","UPPER_LEFT_X":"485962.427","UPPER_LEFT_Y":"9227872.452","LOWER_RIGHT_X":"486964.427","LOWER_RIGHT_Y":"9226870.452"},"geometry":{"type":"Polygon","coordinates":[[[485962.427000000025146,9227872.451999999582767],[486964.427000000025146,9227872.451999999582767],[486964.427000000025146,9226870.451999999582767],[485962.427000000025146,9226870.451999999582767],[485962.427000000025146,9227872.451999999582767]]]}},
{"type":"Feature","properties":{"DESCRIPTION":"MDT_1420168.tif","FILENAME":"U:\\P589_AmazoniaRevelada_BR-319\\LiDAR_dataset\\ENTREGAS\\ENTREGA_05\\2_MDT\\GEOTIFF\\MDT_1420168.tif","SHRT_FNAME":"MDT_1420168.tif","UPPER_LEFT_X":"484962.332","UPPER_LEFT_Y":"9227872.452","LOWER_RIGHT_X":"485964.332","LOWER_RIGHT_Y":"9226870.452"},"geometry":{"type":"Polygon","coordinates":[[[484962.332,9227872.451999999582767],[485964.332,9227872.451999999582767],[485964.332,9226870.451999999582767],[484962.332,9226870.451999999582767],[484962.332,9227872.451999999582767]]]}},
{"type":"Feature","properties":{"DESCRIPTION":"MDT_1420167.tif","FILENAME":"U:\\P589_AmazoniaRevelada_BR-319\\LiDAR_dataset\\ENTREGAS\\ENTREGA_05\\2_MDT\\GEOTIFF\\MDT_1420167.tif","SHRT_FNAME":"MDT_1420167.tif","UPPER_LEFT_X":"483962.237","UPPER_LEFT_Y":"9227872.452","LOWER_RIGHT_X":"484964.237","LOWER_RIGHT_Y":"9226870.452"},"geometry":{"type":"Polygon","coordinates":[[[483962.237000000022817,9227872.451999999582767],[484964.237000000022817,9227872.451999999582767],[484964.237000000022817,9226870.451999999582767],[483962.237000000022817,9226870.451999999582767],[483962.237000000022817,9227872.451999999582767]]]}},
{"type":"Feature","properties":{"DESCRIPTION":"MDT_1420166.tif","FILENAME":"U:\\P589_AmazoniaRevelada_BR-319\\LiDAR_dataset\\ENTREGAS\\ENTREGA_05\\2_MDT\\GEOTIFF\\MDT_1420166.tif","SHRT_FNAME":"MDT_1420166.tif","UPPER_LEFT_X":"482962.142","UPPER_LEFT_Y":"9227872.452","LOWER_RIGHT_X":"483964.142","LOWER_RIGHT_Y":"9226870.452"},"geometry":{"type":"Polygon","coordinates":[[[482962.142,9227872.451999999582767],[483964.142,9227872.451999999582767],[483964.142,9226870.451999999582767],[482962.142,9226870.451999999582767],[482962.142,9227872.451999999582767]]]}},
{"type":"Feature","properties":{"DESCRIPTION":"MDT_1420165.tif","FILENAME":"U:\\P589_AmazoniaRevelada_BR-319\\LiDAR_dataset\\ENTREGAS\\ENTREGA_05\\2_MDT\\GEOTIFF\\MDT_1420165.tif","SHRT_FNAME":"MDT_1420165.tif","UPPER_LEFT_X":"481962.046","UPPER_LEFT_Y":"9227872.452","LOWER_RIGHT_X":"482964.046","LOWER_RIGHT_Y":"9226870.452"},"geometry":{"type":"Polygon","coordinates":[[[481962.045999999972992,9227872.451999999582767],[482964.045999999972992,9227872.451999999582767],[482964.045999999972992,9226870.451999999582767],[481962.045999999972992,9226870.451999999582767],[481962.045999999972992,9227872.451999999582767]]]}},
{"type":"Feature","properties":{"DESCRIPTION":"MDT_1420164.tif","FILENAME":"U:\\P589_AmazoniaRevelada_BR-319\\LiDAR_dataset\\ENTREGAS\\ENTREGA_05\\2_MDT\\GEOTIFF\\MDT_1420164.tif","SHRT_FNAME":"MDT_1420164.tif","UPPER_LEFT_X":"480961.951","UPPER_LEFT_Y":"9227872.452","LOWER_RIGHT_X":"481963.951","LOWER_RIGHT_Y":"9226870.452"},"geometry":{"type":"Polygon","coordinates":[[[480961.951,9227872.451999999582767],[481963.951,9227872.451999999582767],[481963.951,9226870.451999999582767],[480961.951,9226870.451999999582767],[480961.951,9227872.451999999582767]]]}},
{"type":"Feature","properties":{"DESCRIPTION":"MDT_1420163.tif","FILENAME":"U:\\P589_AmazoniaRevelada_BR-319\\LiDAR_dataset\\ENTREGAS\\ENTREGA_05\\2_MDT\\GEOTIFF\\MDT_1420163.tif","SHRT_FNAME":"MDT_1420163.tif","UPPER_LEFT_X":"479961.856","UPPER_LEFT_Y":"9227872.452","LOWER_RIGHT_X":"480963.856","LOWER_RIGHT_Y":"9226870.452"},"geometry":{"type":"Polygon","coordinates":[[[479961.856000000028871,9227872.451999999582767],[480963.856000000028871,9227872.451999999582767],[480963.856000000028871,9226870.451999999582767],[479961.856000000028871,9226870.451999999582767],[479961.856000000028871,9227872.451999999582767]]]}},
{"type":"Feature","properties":{"DESCRIPTION":"MDT_1420162.tif","FILENAME":"U:\\P589_AmazoniaRevelada_BR-319\\LiDAR_dataset\\ENTREGAS\\ENTREGA_05\\2_MDT\\GEOTIFF\\MDT_1420162.tif","SHRT_FNAME":"MDT_1420162.tif","UPPER_LEFT_X":"478961.761","UPPER_LEFT_Y":"9227872.452","LOWER_RIGHT_X":"479963.761","LOWER_RIGHT_Y":"9226870.452"},"geometry":{"type":"Polygon","coordinates":[[[478961.761,9227872.451999999582767],[479963.761,9227872.451999999582767],[479963.761,9226870.451999999582767],[478961.761,9226870.451999999582767],[478961.761,9227872.451999999582767]]]}},
{"type":"Feature","properties":{"DESCRIPTION":"MDT_1420161.tif","FILENAME":"U:\\P589_AmazoniaRevelada_BR-319\\LiDAR_dataset\\ENTREGAS\\ENTREGA_05\\2_MDT\\GEOTIFF\\MDT_1420161.tif","SHRT_FNAME":"MDT_1420161.tif","UPPER_LEFT_X":"477961.666","UPPER_LEFT_Y":"9227872.452","LOWER_RIGHT_X":"478963.666","LOWER_RIGHT_Y":"9226870.452"},"geometry":{"type":"Polygon","coordinates":[[[477961.666000000026543,9227872.451999999582767],[478963.666000000026543,9227872.451999999582767],[478963.666000000026543,9226870.451999999582767],[477961.666000000026543,9226870.451999999582767],[477961.666000000026543,9227872.451999999582767]]]}},
{"type":"Feature","properties":{"DESCRIPTION":"MDT_1420160.tif","FILENAME":"U:\\P589_AmazoniaRevelada_BR-319\\LiDAR_dataset\\ENTREGAS\\ENTREGA_05\\2_MDT\\GEOTIFF\\MDT_1420160.tif","SHRT_FNAME":"MDT_1420160.tif","UPPER_LEFT_X":"476961.570","UPPER_LEFT_Y":"9227872.452","LOWER_RIGHT_X":"477963.570","LOWER_RIGHT_Y":"9226870.452"},"geometry":{"type":"Polygon","coordinates":[[[476961.57,9227872.451999999582767],[477963.57,9227872.451999999582767],[477963.57,9226870.451999999582767],[476961.57,9226870.451999999582767],[476961.57,9227872.451999999582767]]]}},
{"type":"Feature","properties":{"DESCRIPTION":"MDT_1420159.tif","FILENAME":"U:\\P589_AmazoniaRevelada_BR-319\\LiDAR_dataset\\ENTREGAS\\ENTREGA_05\\2_MDT\\GEOTIFF\\MDT_1420159.tif","SHRT_FNAME":"MDT_1420159.tif","UPPER_LEFT_X":"475961.475","UPPER_LEFT_Y":"9227872.452","LOWER_RIGHT_X":"476963.475","LOWER_RIGHT_Y":"9226870.452"},"geometry":{"type":"Polygon","coordinates":[[[475961.474999999976717,9227872.451999999582767],[476963.474999999976717,9227872.451999999582767],[476963.474999999976717,9226870.451999999582767],[475961.474999999976717,9226870.451999999582767],[475961.474999999976717,9227872.451999999582767]]]}},
{"type":"Feature","properties":{"DESCRIPTION":"MDT_1420158.tif","FILENAME":"U:\\P589_AmazoniaRevelada_BR-319\\LiDAR_dataset\\ENTREGAS\\ENTREGA_05\\2_MDT\\GEOTIFF\\MDT_1420158.tif","SHRT_FNAME":"MDT_1420158.tif","UPPER_LEFT_X":"474961.380","UPPER_LEFT_Y":"9227872.452","LOWER_RIGHT_X":"475963.380","LOWER_RIGHT_Y":"9226870.452"},"geometry":{"type":"Polygon","coordinates":[[[474961.38,9227872.451999999582767],[475963.38,9227872.451999999582767],[475963.38,9226870.451999999582767],[474961.38,9226870.451999999582767],[474961.38,9227872.451999999582767]]]}},
{"type":"Feature","properties":{"DESCRIPTION":"MDT_1420157.tif","FILENAME":"U:\\P589_AmazoniaRevelada_BR-319\\LiDAR_dataset\\ENTREGAS\\ENTREGA_05\\2_MDT\\GEOTIFF\\MDT_1420157.tif","SHRT_FNAME":"MDT_1420157.tif","UPPER_LEFT_X":"473961.285","UPPER_LEFT_Y":"9227872.452","LOWER_RIGHT_X":"474963.285","LOWER_RIGHT_Y":"9226870.452"},"geometry":{"type":"Polygon","coordinates":[[[473961.284999999974389,9227872.451999999582767],[474963.284999999974389,9227872.451999999582767],[474963.284999999974389,9226870.451999999582767],[473961.284999999974389,9226870.451999999582767],[473961.284999999974389,9227872.451999999582767]]]}},
{"type":"Feature","properties":{"DESCRIPTION":"MDT_1420156.tif","FILENAME":"U:\\P589_AmazoniaRevelada_BR-319\\LiDAR_dataset\\ENTREGAS\\ENTREGA_05\\2_MDT\\GEOTIFF\\MDT_1420156.tif","SHRT_FNAME":"MDT_1420156.tif","UPPER_LEFT_X":"472961.190","UPPER_LEFT_Y":"9227872.452","LOWER_RIGHT_X":"473963.190","LOWER_RIGHT_Y":"9226870.452"},"geometry":{"type":"Polygon","coordinates":[[[472961.19,9227872.451999999582767],[473963.19,9227872.451999999582767],[473963.19,9226870.451999999582767],[472961.19,9226870.451999999582767],[472961.19,9227872.451999999582767]]]}},
{"type":"Feature","properties":{"DESCRIPTION":"MDT_1420155.tif","FILENAME":"U:\\P589_AmazoniaRevelada_BR-319\\LiDAR_dataset\\ENTREGAS\\ENTREGA_05\\2_MDT\\GEOTIFF\\MDT_1420155.tif","SHRT_FNAME":"MDT_1420155.tif","UPPER_LEFT_X":"471961.094","UPPER_LEFT_Y":"9227872.452","LOWER_RIGHT_X":"472963.094","LOWER_RIGHT_Y":"9226870.452"},"geometry":{"type":"Polygon","coordinates":[[[471961.093999999982771,9227872.451999999582767],[472963.093999999982771,9227872.451999999582767],[472963.093999999982771,9226870.451999999582767],[471961.093999999982771,9226870.451999999582767],[471961.093999999982771,9227872.451999999582767]]]}},
{"type":"Feature","properties":{"DESCRIPTION":"MDT_1420154.tif","FILENAME":"U:\\P589_AmazoniaRevelada_BR-319\\LiDAR_dataset\\ENTREGAS\\ENTREGA_05\\2_MDT\\GEOTIFF\\MDT_1420154.tif","SHRT_FNAME":"MDT_1420154.tif","UPPER_LEFT_X":"470960.999","UPPER_LEFT_Y":"9227872.452","LOWER_RIGHT_X":"471962.999","LOWER_RIGHT_Y":"9226870.452"},"geometry":{"type":"Polygon","coordinates":[[[470960.99900000001071,9227872.451999999582767],[471962.99900000001071,9227872.451999999582767],[471962.99900000001071,9226870.451999999582767],[470960.99900000001071,9226870.451999999582767],[470960.99900000001071,9227872.451999999582767]]]}},
{"type":"Feature","properties":{"DESCRIPTION":"MDT_1420153.tif","FILENAME":"U:\\P589_AmazoniaRevelada_BR-319\\LiDAR_dataset\\ENTREGAS\\ENTREGA_05\\2_MDT\\GEOTIFF\\MDT_1420153.tif","SHRT_FNAME":"MDT_1420153.tif","UPPER_LEFT_X":"469960.904","UPPER_LEFT_Y":"9227872.452","LOWER_RIGHT_X":"470962.904","LOWER_RIGHT_Y":"9226870.452"},"geometry":{"type":"Polygon","coordinates":[[[469960.903999999980442,9227872.451999999582767],[470962.903999999980442,9227872.451999999582767],[470962.903999999980442,9226870.451999999582767],[469960.903999999980442,9226870.451999999582767],[469960.903999999980442,9227872.451999999582767]]]}},
{"type":"Feature","properties":{"DESCRIPTION":"MDT_1420152.tif","FILENAME":"U:\\P589_AmazoniaRevelada_BR-319\\LiDAR_dataset\\ENTREGAS\\ENTREGA_05\\2_MDT\\GEOTIFF\\MDT_1420152.tif","SHRT_FNAME":"MDT_1420152.tif","UPPER_LEFT_X":"468960.809","UPPER_LEFT_Y":"9227872.452","LOWER_RIGHT_X":"469962.809","LOWER_RIGHT_Y":"9226870.452"},"geometry":{"type":"Polygon","coordinates":[[[468960.809,9227872.451999999582767],[469962.809,9227872.451999999582767],[469962.809,9226870.451999999582767],[468960.809,9226870.451999999582767],[468960.809,9227872.451999999582767]]]}},
{"type":"Feature","properties":{"DESCRIPTION":"MDT_1420151.tif","FILENAME":"U:\\P589_AmazoniaRevelada_BR-319\\LiDAR_dataset\\ENTREGAS\\ENTREGA_05\\2_MDT\\GEOTIFF\\MDT_1420151.tif","SHRT_FNAME":"MDT_1420151.tif","UPPER_LEFT_X":"467960.714","UPPER_LEFT_Y":"9227872.452","LOWER_RIGHT_X":"468962.714","LOWER_RIGHT_Y":"9226870.452"},"geometry":{"type":"Polygon","coordinates":[[[467960.713999999978114,9227872.451999999582767],[468962.713999999978114,9227872.451999999582767],[468962.713999999978114,9226870.451999999582767],[467960.713999999978114,9226870.451999999582767],[467960.713999999978114,9227872.451999999582767]]]}},
{"type":"Feature","properties":{"DESCRIPTION":"MDT_1420150.tif","FILENAME":"U:\\P589_AmazoniaRevelada_BR-319\\LiDAR_dataset\\ENTREGAS\\ENTREGA_05\\2_MDT\\GEOTIFF\\MDT_1420150.tif","SHRT_FNAME":"MDT_1420150.tif","UPPER_LEFT_X":"466960.618","UPPER_LEFT_Y":"9227872.452","LOWER_RIGHT_X":"467962.618","LOWER_RIGHT_Y":"9226870.452"},"geometry":{"type":"Polygon","coordinates":[[[466960.618000000016764,9227872.451999999582767],[467962.618000000016764,9227872.451999999582767],[467962.618000000016764,9226870.451999999582767],[466960.618000000016764,9226870.451999999582767],[466960.618000000016764,9227872.451999999582767]]]}},
{"type":"Feature","properties":{"DESCRIPTION":"MDT_1420149.tif","FILENAME":"U:\\P589_AmazoniaRevelada_BR-319\\LiDAR_dataset\\ENTREGAS\\ENTREGA_05\\2_MDT\\GEOTIFF\\MDT_1420149.tif","SHRT_FNAME":"MDT_1420149.tif","UPPER_LEFT_X":"465960.523","UPPER_LEFT_Y":"9227872.452","LOWER_RIGHT_X":"466962.523","LOWER_RIGHT_Y":"9226870.452"},"geometry":{"type":"Polygon","coordinates":[[[465960.522999999986496,9227872.451999999582767],[466962.522999999986496,9227872.451999999582767],[466962.522999999986496,9226870.451999999582767],[465960.522999999986496,9226870.451999999582767],[465960.522999999986496,9227872.451999999582767]]]}},
{"type":"Feature","properties":{"DESCRIPTION":"MDT_1420148.tif","FILENAME":"U:\\P589_AmazoniaRevelada_BR-319\\LiDAR_dataset\\ENTREGAS\\ENTREGA_05\\2_MDT\\GEOTIFF\\MDT_1420148.tif","SHRT_FNAME":"MDT_1420148.tif","UPPER_LEFT_X":"464960.428","UPPER_LEFT_Y":"9227872.452","LOWER_RIGHT_X":"465962.428","LOWER_RIGHT_Y":"9226870.452"},"geometry":{"type":"Polygon","coordinates":[[[464960.428000000014435,9227872.451999999582767],[465962.428000000014435,9227872.451999999582767],[465962.428000000014435,9226870.451999999582767],[464960.428000000014435,9226870.451999999582767],[464960.428000000014435,9227872.451999999582767]]]}},
{"type":"Feature","properties":{"DESCRIPTION":"MDT_1420147.tif","FILENAME":"U:\\P589_AmazoniaRevelada_BR-319\\LiDAR_dataset\\ENTREGAS\\ENTREGA_05\\2_MDT\\GEOTIFF\\MDT_1420147.tif","SHRT_FNAME":"MDT_1420147.tif","UPPER_LEFT_X":"463960.333","UPPER_LEFT_Y":"9227872.452","LOWER_RIGHT_X":"464962.333","LOWER_RIGHT_Y":"9226870.452"},"geometry":{"type":"Polygon","coordinates":[[[463960.332999999984168,9227872.451999999582767],[464962.332999999984168,9227872.451999999582767],[464962.332999999984168,9226870.451999999582767],[463960.332999999984168,9226870.451999999582767],[463960.332999999984168,9227872.451999999582767]]]}},
{"type":"Feature","properties":{"DESCRIPTION":"MDT_1419193.tif","FILENAME":"U:\\P589_AmazoniaRevelada_BR-319\\LiDAR_dataset\\ENTREGAS\\ENTREGA_05\\2_MDT\\GEOTIFF\\MDT_1419193.tif","SHRT_FNAME":"MDT_1419193.tif","UPPER_LEFT_X":"509964.712","UPPER_LEFT_Y":"9228872.327","LOWER_RIGHT_X":"510966.712","LOWER_RIGHT_Y":"9227870.327"},"geometry":{"type":"Polygon","coordinates":[[[509964.712,9228872.326999999582767],[510966.712,9228872.326999999582767],[510966.712,9227870.326999999582767],[509964.712,9227870.326999999582767],[509964.712,9228872.326999999582767]]]}},
{"type":"Feature","properties":{"DESCRIPTION":"MDT_1419192.tif","FILENAME":"U:\\P589_AmazoniaRevelada_BR-319\\LiDAR_dataset\\ENTREGAS\\ENTREGA_05\\2_MDT\\GEOTIFF\\MDT_1419192.tif","SHRT_FNAME":"MDT_1419192.tif","UPPER_LEFT_X":"508964.617","UPPER_LEFT_Y":"9228872.327","LOWER_RIGHT_X":"509966.617","LOWER_RIGHT_Y":"9227870.327"},"geometry":{"type":"Polygon","coordinates":[[[508964.617000000027474,9228872.326999999582767],[509966.617000000027474,9228872.326999999582767],[509966.617000000027474,9227870.326999999582767],[508964.617000000027474,9227870.326999999582767],[508964.617000000027474,9228872.326999999582767]]]}},
{"type":"Feature","properties":{"DESCRIPTION":"MDT_1419191.tif","FILENAME":"U:\\P589_AmazoniaRevelada_BR-319\\LiDAR_dataset\\ENTREGAS\\ENTREGA_05\\2_MDT\\GEOTIFF\\MDT_1419191.tif","SHRT_FNAME":"MDT_1419191.tif","UPPER_LEFT_X":"507964.522","UPPER_LEFT_Y":"9228872.327","LOWER_RIGHT_X":"508966.522","LOWER_RIGHT_Y":"9227870.327"},"geometry":{"type":"Polygon","coordinates":[[[507964.522,9228872.326999999582767],[508966.522,9228872.326999999582767],[508966.522,9227870.326999999582767],[507964.522,9227870.326999999582767],[507964.522,9228872.326999999582767]]]}},
{"type":"Feature","properties":{"DESCRIPTION":"MDT_1419190.tif","FILENAME":"U:\\P589_AmazoniaRevelada_BR-319\\LiDAR_dataset\\ENTREGAS\\ENTREGA_05\\2_MDT\\GEOTIFF\\MDT_1419190.tif","SHRT_FNAME":"MDT_1419190.tif","UPPER_LEFT_X":"506964.426","UPPER_LEFT_Y":"9228872.327","LOWER_RIGHT_X":"507966.426","LOWER_RIGHT_Y":"9227870.327"},"geometry":{"type":"Polygon","coordinates":[[[506964.425999999977648,9228872.326999999582767],[507966.425999999977648,9228872.326999999582767],[507966.425999999977648,9227870.326999999582767],[506964.425999999977648,9227870.326999999582767],[506964.425999999977648,9228872.326999999582767]]]}},
{"type":"Feature","properties":{"DESCRIPTION":"MDT_1419189.tif","FILENAME":"U:\\P589_AmazoniaRevelada_BR-319\\LiDAR_dataset\\ENTREGAS\\ENTREGA_05\\2_MDT\\GEOTIFF\\MDT_1419189.tif","SHRT_FNAME":"MDT_1419189.tif","UPPER_LEFT_X":"505964.331","UPPER_LEFT_Y":"9228872.327","LOWER_RIGHT_X":"506966.331","LOWER_RIGHT_Y":"9227870.327"},"geometry":{"type":"Polygon","coordinates":[[[505964.331,9228872.326999999582767],[506966.331,9228872.326999999582767],[506966.331,9227870.326999999582767],[505964.331,9227870.326999999582767],[505964.331,9228872.326999999582767]]]}},
{"type":"Feature","properties":{"DESCRIPTION":"MDT_1419188.tif","FILENAME":"U:\\P589_AmazoniaRevelada_BR-319\\LiDAR_dataset\\ENTREGAS\\ENTREGA_05\\2_MDT\\GEOTIFF\\MDT_1419188.tif","SHRT_FNAME":"MDT_1419188.tif","UPPER_LEFT_X":"504964.236","UPPER_LEFT_Y":"9228872.327","LOWER_RIGHT_X":"505966.236","LOWER_RIGHT_Y":"9227870.327"},"geometry":{"type":"Polygon","coordinates":[[[504964.23599999997532,9228872.326999999582767],[505966.23599999997532,9228872.326999999582767],[505966.23599999997532,9227870.326999999582767],[504964.23599999997532,9227870.326999999582767],[504964.23599999997532,9228872.326999999582767]]]}},
{"type":"Feature","properties":{"DESCRIPTION":"MDT_1419187.tif","FILENAME":"U:\\P589_AmazoniaRevelada_BR-319\\LiDAR_dataset\\ENTREGAS\\ENTREGA_05\\2_MDT\\GEOTIFF\\MDT_1419187.tif","SHRT_FNAME":"MDT_1419187.tif","UPPER_LEFT_X":"503964.141","UPPER_LEFT_Y":"9228872.327","LOWER_RIGHT_X":"504966.141","LOWER_RIGHT_Y":"9227870.327"},"geometry":{"type":"Polygon","coordinates":[[[503964.141,9228872.326999999582767],[504966.141,9228872.326999999582767],[504966.141,9227870.326999999582767],[503964.141,9227870.326999999582767],[503964.141,9228872.326999999582767]]]}},
{"type":"Feature","properties":{"DESCRIPTION":"MDT_1419186.tif","FILENAME":"U:\\P589_AmazoniaRevelada_BR-319\\LiDAR_dataset\\ENTREGAS\\ENTREGA_05\\2_MDT\\GEOTIFF\\MDT_1419186.tif","SHRT_FNAME":"MDT_1419186.tif","UPPER_LEFT_X":"502964.046","UPPER_LEFT_Y":"9228872.327","LOWER_RIGHT_X":"503966.046","LOWER_RIGHT_Y":"9227870.327"},"geometry":{"type":"Polygon","coordinates":[[[502964.045999999972992,9228872.326999999582767],[503966.045999999972992,9228872.326999999582767],[503966.045999999972992,9227870.326999999582767],[502964.045999999972992,9227870.326999999582767],[502964.045999999972992,9228872.326999999582767]]]}},
{"type":"Feature","properties":{"DESCRIPTION":"MDT_1419185.tif","FILENAME":"U:\\P589_AmazoniaRevelada_BR-319\\LiDAR_dataset\\ENTREGAS\\ENTREGA_05\\2_MDT\\GEOTIFF\\MDT_1419185.tif","SHRT_FNAME":"MDT_1419185.tif","UPPER_LEFT_X":"501963.950","UPPER_LEFT_Y":"9228872.327","LOWER_RIGHT_X":"502965.950","LOWER_RIGHT_Y":"9227870.327"},"geometry":{"type":"Polygon","coordinates":[[[501963.950000000011642,9228872.326999999582767],[502965.950000000011642,9228872.326999999582767],[502965.950000000011642,9227870.326999999582767],[501963.950000000011642,9227870.326999999582767],[501963.950000000011642,9228872.326999999582767]]]}},
{"type":"Feature","properties":{"DESCRIPTION":"MDT_1419184.tif","FILENAME":"U:\\P589_AmazoniaRevelada_BR-319\\LiDAR_dataset\\ENTREGAS\\ENTREGA_05\\2_MDT\\GEOTIFF\\MDT_1419184.tif","SHRT_FNAME":"MDT_1419184.tif","UPPER_LEFT_X":"500963.855","UPPER_LEFT_Y":"9228872.327","LOWER_RIGHT_X":"501965.855","LOWER_RIGHT_Y":"9227870.327"},"geometry":{"type":"Polygon","coordinates":[[[500963.854999999981374,9228872.326999999582767],[501965.854999999981374,9228872.326999999582767],[501965.854999999981374,9227870.326999999582767],[500963.854999999981374,9227870.326999999582767],[500963.854999999981374,9228872.326999999582767]]]}},
{"type":"Feature","properties":{"DESCRIPTION":"MDT_1419183.tif","FILENAME":"U:\\P589_AmazoniaRevelada_BR-319\\LiDAR_dataset\\ENTREGAS\\ENTREGA_05\\2_MDT\\GEOTIFF\\MDT_1419183.tif","SHRT_FNAME":"MDT_1419183.tif","UPPER_LEFT_X":"499963.760","UPPER_LEFT_Y":"9228872.327","LOWER_RIGHT_X":"500965.760","LOWER_RIGHT_Y":"9227870.327"},"geometry":{"type":"Polygon","coordinates":[[[499963.76,9228872.326999999582767],[500965.76,9228872.326999999582767],[500965.76,9227870.326999999582767],[499963.76,9227870.326999999582767],[499963.76,9228872.326999999582767]]]}},
{"type":"Feature","properties":{"DESCRIPTION":"MDT_1419182.tif","FILENAME":"U:\\P589_AmazoniaRevelada_BR-319\\LiDAR_dataset\\ENTREGAS\\ENTREGA_05\\2_MDT\\GEOTIFF\\MDT_1419182.tif","SHRT_FNAME":"MDT_1419182.tif","UPPER_LEFT_X":"498963.665","UPPER_LEFT_Y":"9228872.327","LOWER_RIGHT_X":"499965.665","LOWER_RIGHT_Y":"9227870.327"},"geometry":{"type":"Polygon","coordinates":[[[498963.664999999979045,9228872.326999999582767],[499965.664999999979045,9228872.326999999582767],[499965.664999999979045,9227870.326999999582767],[498963.664999999979045,9227870.326999999582767],[498963.664999999979045,9228872.326999999582767]]]}},
{"type":"Feature","properties":{"DESCRIPTION":"MDT_1419181.tif","FILENAME":"U:\\P589_AmazoniaRevelada_BR-319\\LiDAR_dataset\\ENTREGAS\\ENTREGA_05\\2_MDT\\GEOTIFF\\MDT_1419181.tif","SHRT_FNAME":"MDT_1419181.tif","UPPER_LEFT_X":"497963.570","UPPER_LEFT_Y":"9228872.327","LOWER_RIGHT_X":"498965.570","LOWER_RIGHT_Y":"9227870.327"},"geometry":{"type":"Polygon","coordinates":[[[497963.57,9228872.326999999582767],[498965.57,9228872.326999999582767],[498965.57,9227870.326999999582767],[497963.57,9227870.326999999582767],[497963.57,9228872.326999999582767]]]}},
{"type":"Feature","properties":{"DESCRIPTION":"MDT_1419180.tif","FILENAME":"U:\\P589_AmazoniaRevelada_BR-319\\LiDAR_dataset\\ENTREGAS\\ENTREGA_05\\2_MDT\\GEOTIFF\\MDT_1419180.tif","SHRT_FNAME":"MDT_1419180.tif","UPPER_LEFT_X":"496963.474","UPPER_LEFT_Y":"9228872.327","LOWER_RIGHT_X":"497965.474","LOWER_RIGHT_Y":"9227870.327"},"geometry":{"type":"Polygon","coordinates":[[[496963.473999999987427,9228872.326999999582767],[497965.473999999987427,9228872.326999999582767],[497965.473999999987427,9227870.326999999582767],[496963.473999999987427,9227870.326999999582767],[496963.473999999987427,9228872.326999999582767]]]}},
{"type":"Feature","properties":{"DESCRIPTION":"MDT_1419179.tif","FILENAME":"U:\\P589_AmazoniaRevelada_BR-319\\LiDAR_dataset\\ENTREGAS\\ENTREGA_05\\2_MDT\\GEOTIFF\\MDT_1419179.tif","SHRT_FNAME":"MDT_1419179.tif","UPPER_LEFT_X":"495963.379","UPPER_LEFT_Y":"9228872.327","LOWER_RIGHT_X":"496965.379","LOWER_RIGHT_Y":"9227870.327"},"geometry":{"type":"Polygon","coordinates":[[[495963.379000000015367,9228872.326999999582767],[496965.379000000015367,9228872.326999999582767],[496965.379000000015367,9227870.326999999582767],[495963.379000000015367,9227870.326999999582767],[495963.379000000015367,9228872.326999999582767]]]}},
{"type":"Feature","properties":{"DESCRIPTION":"MDT_1419178.tif","FILENAME":"U:\\P589_AmazoniaRevelada_BR-319\\LiDAR_dataset\\ENTREGAS\\ENTREGA_05\\2_MDT\\GEOTIFF\\MDT_1419178.tif","SHRT_FNAME":"MDT_1419178.tif","UPPER_LEFT_X":"494963.284","UPPER_LEFT_Y":"9228872.327","LOWER_RIGHT_X":"495965.284","LOWER_RIGHT_Y":"9227870.327"},"geometry":{"type":"Polygon","coordinates":[[[494963.283999999985099,9228872.326999999582767],[495965.283999999985099,9228872.326999999582767],[495965.283999999985099,9227870.326999999582767],[494963.283999999985099,9227870.326999999582767],[494963.283999999985099,9228872.326999999582767]]]}},
{"type":"Feature","properties":{"DESCRIPTION":"MDT_1419177.tif","FILENAME":"U:\\P589_AmazoniaRevelada_BR-319\\LiDAR_dataset\\ENTREGAS\\ENTREGA_05\\2_MDT\\GEOTIFF\\MDT_1419177.tif","SHRT_FNAME":"MDT_1419177.tif","UPPER_LEFT_X":"493963.189","UPPER_LEFT_Y":"9228872.327","LOWER_RIGHT_X":"494965.189","LOWER_RIGHT_Y":"9227870.327"},"geometry":{"type":"Polygon","coordinates":[[[493963.189000000013039,9228872.326999999582767],[494965.189000000013039,9228872.326999999582767],[494965.189000000013039,9227870.326999999582767],[493963.189000000013039,9227870.326999999582767],[493963.189000000013039,9228872.326999999582767]]]}},
{"type":"Feature","properties":{"DESCRIPTION":"MDT_1419176.tif","FILENAME":"U:\\P589_AmazoniaRevelada_BR-319\\LiDAR_dataset\\ENTREGAS\\ENTREGA_05\\2_MDT\\GEOTIFF\\MDT_1419176.tif","SHRT_FNAME":"MDT_1419176.tif","UPPER_LEFT_X":"492963.094","UPPER_LEFT_Y":"9228872.327","LOWER_RIGHT_X":"493965.094","LOWER_RIGHT_Y":"9227870.327"},"geometry":{"type":"Polygon","coordinates":[[[492963.093999999982771,9228872.326999999582767],[493965.093999999982771,9228872.326999999582767],[493965.093999999982771,9227870.326999999582767],[492963.093999999982771,9227870.326999999582767],[492963.093999999982771,9228872.326999999582767]]]}},
{"type":"Feature","properties":{"DESCRIPTION":"MDT_1419175.tif","FILENAME":"U:\\P589_AmazoniaRevelada_BR-319\\LiDAR_dataset\\ENTREGAS\\ENTREGA_05\\2_MDT\\GEOTIFF\\MDT_1419175.tif","SHRT_FNAME":"MDT_1419175.tif","UPPER_LEFT_X":"491962.998","UPPER_LEFT_Y":"9228872.327","LOWER_RIGHT_X":"492964.998","LOWER_RIGHT_Y":"9227870.327"},"geometry":{"type":"Polygon","coordinates":[[[491962.99800000002142,9228872.326999999582767],[492964.99800000002142,9228872.326999999582767],[492964.99800000002142,9227870.326999999582767],[491962.99800000002142,9227870.326999999582767],[491962.99800000002142,9228872.326999999582767]]]}},
{"type":"Feature","properties":{"DESCRIPTION":"MDT_1419174.tif","FILENAME":"U:\\P589_AmazoniaRevelada_BR-319\\LiDAR_dataset\\ENTREGAS\\ENTREGA_05\\2_MDT\\GEOTIFF\\MDT_1419174.tif","SHRT_FNAME":"MDT_1419174.tif","UPPER_LEFT_X":"490962.903","UPPER_LEFT_Y":"9228872.327","LOWER_RIGHT_X":"491964.903","LOWER_RIGHT_Y":"9227870.327"},"geometry":{"type":"Polygon","coordinates":[[[490962.903,9228872.326999999582767],[491964.903,9228872.326999999582767],[491964.903,9227870.326999999582767],[490962.903,9227870.326999999582767],[490962.903,9228872.326999999582767]]]}},
{"type":"Feature","properties":{"DESCRIPTION":"MDT_1419173.tif","FILENAME":"U:\\P589_AmazoniaRevelada_BR-319\\LiDAR_dataset\\ENTREGAS\\ENTREGA_05\\2_MDT\\GEOTIFF\\MDT_1419173.tif","SHRT_FNAME":"MDT_1419173.tif","UPPER_LEFT_X":"489962.808","UPPER_LEFT_Y":"9228872.327","LOWER_RIGHT_X":"490964.808","LOWER_RIGHT_Y":"9227870.327"},"geometry":{"type":"Polygon","coordinates":[[[489962.808000000019092,9228872.326999999582767],[490964.808000000019092,9228872.326999999582767],[490964.808000000019092,9227870.326999999582767],[489962.808000000019092,9227870.326999999582767],[489962.808000000019092,9228872.326999999582767]]]}},
{"type":"Feature","properties":{"DESCRIPTION":"MDT_1419172.tif","FILENAME":"U:\\P589_AmazoniaRevelada_BR-319\\LiDAR_dataset\\ENTREGAS\\ENTREGA_05\\2_MDT\\GEOTIFF\\MDT_1419172.tif","SHRT_FNAME":"MDT_1419172.tif","UPPER_LEFT_X":"488962.713","UPPER_LEFT_Y":"9228872.327","LOWER_RIGHT_X":"489964.713","LOWER_RIGHT_Y":"9227870.327"},"geometry":{"type":"Polygon","coordinates":[[[488962.712999999988824,9228872.326999999582767],[489964.712999999988824,9228872.326999999582767],[489964.712999999988824,9227870.326999999582767],[488962.712999999988824,9227870.326999999582767],[488962.712999999988824,9228872.326999999582767]]]}},
{"type":"Feature","properties":{"DESCRIPTION":"MDT_1419171.tif","FILENAME":"U:\\P589_AmazoniaRevelada_BR-319\\LiDAR_dataset\\ENTREGAS\\ENTREGA_05\\2_MDT\\GEOTIFF\\MDT_1419171.tif","SHRT_FNAME":"MDT_1419171.tif","UPPER_LEFT_X":"487962.618","UPPER_LEFT_Y":"9228872.327","LOWER_RIGHT_X":"488964.618","LOWER_RIGHT_Y":"9227870.327"},"geometry":{"type":"Polygon","coordinates":[[[487962.618000000016764,9228872.326999999582767],[488964.618000000016764,9228872.326999999582767],[488964.618000000016764,9227870.326999999582767],[487962.618000000016764,9227870.326999999582767],[487962.618000000016764,9228872.326999999582767]]]}},
{"type":"Feature","properties":{"DESCRIPTION":"MDT_1419170.tif","FILENAME":"U:\\P589_AmazoniaRevelada_BR-319\\LiDAR_dataset\\ENTREGAS\\ENTREGA_05\\2_MDT\\GEOTIFF\\MDT_1419170.tif","SHRT_FNAME":"MDT_1419170.tif","UPPER_LEFT_X":"486962.522","UPPER_LEFT_Y":"9228872.327","LOWER_RIGHT_X":"487964.522","LOWER_RIGHT_Y":"9227870.327"},"geometry":{"type":"Polygon","coordinates":[[[486962.522,9228872.326999999582767],[487964.522,9228872.326999999582767],[487964.522,9227870.326999999582767],[486962.522,9227870.326999999582767],[486962.522,9228872.326999999582767]]]}},
{"type":"Feature","properties":{"DESCRIPTION":"MDT_1419169.tif","FILENAME":"U:\\P589_AmazoniaRevelada_BR-319\\LiDAR_dataset\\ENTREGAS\\ENTREGA_05\\2_MDT\\GEOTIFF\\MDT_1419169.tif","SHRT_FNAME":"MDT_1419169.tif","UPPER_LEFT_X":"485962.427","UPPER_LEFT_Y":"9228872.327","LOWER_RIGHT_X":"486964.427","LOWER_RIGHT_Y":"9227870.327"},"geometry":{"type":"Polygon","coordinates":[[[485962.427000000025146,9228872.326999999582767],[486964.427000000025146,9228872.326999999582767],[486964.427000000025146,9227870.326999999582767],[485962.427000000025146,9227870.326999999582767],[485962.427000000025146,9228872.326999999582767]]]}},
{"type":"Feature","properties":{"DESCRIPTION":"MDT_1419168.tif","FILENAME":"U:\\P589_AmazoniaRevelada_BR-319\\LiDAR_dataset\\ENTREGAS\\ENTREGA_05\\2_MDT\\GEOTIFF\\MDT_1419168.tif","SHRT_FNAME":"MDT_1419168.tif","UPPER_LEFT_X":"484962.332","UPPER_LEFT_Y":"9228872.327","LOWER_RIGHT_X":"485964.332","LOWER_RIGHT_Y":"9227870.327"},"geometry":{"type":"Polygon","coordinates":[[[484962.332,9228872.326999999582767],[485964.332,9228872.326999999582767],[485964.332,9227870.326999999582767],[484962.332,9227870.326999999582767],[484962.332,9228872.326999999582767]]]}},
{"type":"Feature","properties":{"DESCRIPTION":"MDT_1419167.tif","FILENAME":"U:\\P589_AmazoniaRevelada_BR-319\\LiDAR_dataset\\ENTREGAS\\ENTREGA_05\\2_MDT\\GEOTIFF\\MDT_1419167.tif","SHRT_FNAME":"MDT_1419167.tif","UPPER_LEFT_X":"483962.237","UPPER_LEFT_Y":"9228872.327","LOWER_RIGHT_X":"484964.237","LOWER_RIGHT_Y":"9227870.327"},"geometry":{"type":"Polygon","coordinates":[[[483962.237000000022817,9228872.326999999582767],[484964.237000000022817,9228872.326999999582767],[484964.237000000022817,9227870.326999999582767],[483962.237000000022817,9227870.326999999582767],[483962.237000000022817,9228872.326999999582767]]]}},
{"type":"Feature","properties":{"DESCRIPTION":"MDT_1419166.tif","FILENAME":"U:\\P589_AmazoniaRevelada_BR-319\\LiDAR_dataset\\ENTREGAS\\ENTREGA_05\\2_MDT\\GEOTIFF\\MDT_1419166.tif","SHRT_FNAME":"MDT_1419166.tif","UPPER_LEFT_X":"482962.142","UPPER_LEFT_Y":"9228872.327","LOWER_RIGHT_X":"483964.142","LOWER_RIGHT_Y":"9227870.327"},"geometry":{"type":"Polygon","coordinates":[[[482962.142,9228872.326999999582767],[483964.142,9228872.326999999582767],[483964.142,9227870.326999999582767],[482962.142,9227870.326999999582767],[482962.142,9228872.326999999582767]]]}},
{"type":"Feature","properties":{"DESCRIPTION":"MDT_1419165.tif","FILENAME":"U:\\P589_AmazoniaRevelada_BR-319\\LiDAR_dataset\\ENTREGAS\\ENTREGA_05\\2_MDT\\GEOTIFF\\MDT_1419165.tif","SHRT_FNAME":"MDT_1419165.tif","UPPER_LEFT_X":"481962.046","UPPER_LEFT_Y":"9228872.327","LOWER_RIGHT_X":"482964.046","LOWER_RIGHT_Y":"9227870.327"},"geometry":{"type":"Polygon","coordinates":[[[481962.045999999972992,9228872.326999999582767],[482964.045999999972992,9228872.326999999582767],[482964.045999999972992,9227870.326999999582767],[481962.045999999972992,9227870.326999999582767],[481962.045999999972992,9228872.326999999582767]]]}},
{"type":"Feature","properties":{"DESCRIPTION":"MDT_1419164.tif","FILENAME":"U:\\P589_AmazoniaRevelada_BR-319\\LiDAR_dataset\\ENTREGAS\\ENTREGA_05\\2_MDT\\GEOTIFF\\MDT_1419164.tif","SHRT_FNAME":"MDT_1419164.tif","UPPER_LEFT_X":"480961.951","UPPER_LEFT_Y":"9228872.327","LOWER_RIGHT_X":"481963.951","LOWER_RIGHT_Y":"9227870.327"},"geometry":{"type":"Polygon","coordinates":[[[480961.951,9228872.326999999582767],[481963.951,9228872.326999999582767],[481963.951,9227870.326999999582767],[480961.951,9227870.326999999582767],[480961.951,9228872.326999999582767]]]}},
{"type":"Feature","properties":{"DESCRIPTION":"MDT_1419163.tif","FILENAME":"U:\\P589_AmazoniaRevelada_BR-319\\LiDAR_dataset\\ENTREGAS\\ENTREGA_05\\2_MDT\\GEOTIFF\\MDT_1419163.tif","SHRT_FNAME":"MDT_1419163.tif","UPPER_LEFT_X":"479961.856","UPPER_LEFT_Y":"9228872.327","LOWER_RIGHT_X":"480963.856","LOWER_RIGHT_Y":"9227870.327"},"geometry":{"type":"Polygon","coordinates":[[[479961.856000000028871,9228872.326999999582767],[480963.856000000028871,9228872.326999999582767],[480963.856000000028871,9227870.326999999582767],[479961.856000000028871,9227870.326999999582767],[479961.856000000028871,9228872.326999999582767]]]}},
{"type":"Feature","properties":{"DESCRIPTION":"MDT_1419162.tif","FILENAME":"U:\\P589_AmazoniaRevelada_BR-319\\LiDAR_dataset\\ENTREGAS\\ENTREGA_05\\2_MDT\\GEOTIFF\\MDT_1419162.tif","SHRT_FNAME":"MDT_1419162.tif","UPPER_LEFT_X":"478961.761","UPPER_LEFT_Y":"9228872.327","LOWER_RIGHT_X":"479963.761","LOWER_RIGHT_Y":"9227870.327"},"geometry":{"type":"Polygon","coordinates":[[[478961.761,9228872.326999999582767],[479963.761,9228872.326999999582767],[479963.761,9227870.326999999582767],[478961.761,9227870.326999999582767],[478961.761,9228872.326999999582767]]]}},
{"type":"Feature","properties":{"DESCRIPTION":"MDT_1419161.tif","FILENAME":"U:\\P589_AmazoniaRevelada_BR-319\\LiDAR_dataset\\ENTREGAS\\ENTREGA_05\\2_MDT\\GEOTIFF\\MDT_1419161.tif","SHRT_FNAME":"MDT_1419161.tif","UPPER_LEFT_X":"477961.666","UPPER_LEFT_Y":"9228872.327","LOWER_RIGHT_X":"478963.666","LOWER_RIGHT_Y":"9227870.327"},"geometry":{"type":"Polygon","coordinates":[[[477961.666000000026543,9228872.326999999582767],[478963.666000000026543,9228872.326999999582767],[478963.666000000026543,9227870.326999999582767],[477961.666000000026543,9227870.326999999582767],[477961.666000000026543,9228872.326999999582767]]]}},
{"type":"Feature","properties":{"DESCRIPTION":"MDT_1419160.tif","FILENAME":"U:\\P589_AmazoniaRevelada_BR-319\\LiDAR_dataset\\ENTREGAS\\ENTREGA_05\\2_MDT\\GEOTIFF\\MDT_1419160.tif","SHRT_FNAME":"MDT_1419160.tif","UPPER_LEFT_X":"476961.570","UPPER_LEFT_Y":"9228872.327","LOWER_RIGHT_X":"477963.570","LOWER_RIGHT_Y":"9227870.327"},"geometry":{"type":"Polygon","coordinates":[[[476961.57,9228872.326999999582767],[477963.57,9228872.326999999582767],[477963.57,9227870.326999999582767],[476961.57,9227870.326999999582767],[476961.57,9228872.326999999582767]]]}},
{"type":"Feature","properties":{"DESCRIPTION":"MDT_1419159.tif","FILENAME":"U:\\P589_AmazoniaRevelada_BR-319\\LiDAR_dataset\\ENTREGAS\\ENTREGA_05\\2_MDT\\GEOTIFF\\MDT_1419159.tif","SHRT_FNAME":"MDT_1419159.tif","UPPER_LEFT_X":"475961.475","UPPER_LEFT_Y":"9228872.327","LOWER_RIGHT_X":"476963.475","LOWER_RIGHT_Y":"9227870.327"},"geometry":{"type":"Polygon","coordinates":[[[475961.474999999976717,9228872.326999999582767],[476963.474999999976717,9228872.326999999582767],[476963.474999999976717,9227870.326999999582767],[475961.474999999976717,9227870.326999999582767],[475961.474999999976717,9228872.326999999582767]]]}},
{"type":"Feature","properties":{"DESCRIPTION":"MDT_1419158.tif","FILENAME":"U:\\P589_AmazoniaRevelada_BR-319\\LiDAR_dataset\\ENTREGAS\\ENTREGA_05\\2_MDT\\GEOTIFF\\MDT_1419158.tif","SHRT_FNAME":"MDT_1419158.tif","UPPER_LEFT_X":"474961.380","UPPER_LEFT_Y":"9228872.327","LOWER_RIGHT_X":"475963.380","LOWER_RIGHT_Y":"9227870.327"},"geometry":{"type":"Polygon","coordinates":[[[474961.38,9228872.326999999582767],[475963.38,9228872.326999999582767],[475963.38,9227870.326999999582767],[474961.38,9227870.326999999582767],[474961.38,9228872.326999999582767]]]}},
{"type":"Feature","properties":{"DESCRIPTION":"MDT_1419157.tif","FILENAME":"U:\\P589_AmazoniaRevelada_BR-319\\LiDAR_dataset\\ENTREGAS\\ENTREGA_05\\2_MDT\\GEOTIFF\\MDT_1419157.tif","SHRT_FNAME":"MDT_1419157.tif","UPPER_LEFT_X":"473961.285","UPPER_LEFT_Y":"9228872.327","LOWER_RIGHT_X":"474963.285","LOWER_RIGHT_Y":"9227870.327"},"geometry":{"type":"Polygon","coordinates":[[[473961.284999999974389,9228872.326999999582767],[474963.284999999974389,9228872.326999999582767],[474963.284999999974389,9227870.326999999582767],[473961.284999999974389,9227870.326999999582767],[473961.284999999974389,9228872.326999999582767]]]}},
{"type":"Feature","properties":{"DESCRIPTION":"MDT_1419156.tif","FILENAME":"U:\\P589_AmazoniaRevelada_BR-319\\LiDAR_dataset\\ENTREGAS\\ENTREGA_05\\2_MDT\\GEOTIFF\\MDT_1419156.tif","SHRT_FNAME":"MDT_1419156.tif","UPPER_LEFT_X":"472961.190","UPPER_LEFT_Y":"9228872.327","LOWER_RIGHT_X":"473963.190","LOWER_RIGHT_Y":"9227870.327"},"geometry":{"type":"Polygon","coordinates":[[[472961.19,9228872.326999999582767],[473963.19,9228872.326999999582767],[473963.19,9227870.326999999582767],[472961.19,9227870.326999999582767],[472961.19,9228872.326999999582767]]]}},
{"type":"Feature","properties":{"DESCRIPTION":"MDT_1419155.tif","FILENAME":"U:\\P589_AmazoniaRevelada_BR-319\\LiDAR_dataset\\ENTREGAS\\ENTREGA_05\\2_MDT\\GEOTIFF\\MDT_1419155.tif","SHRT_FNAME":"MDT_1419155.tif","UPPER_LEFT_X":"471961.094","UPPER_LEFT_Y":"9228872.327","LOWER_RIGHT_X":"472963.094","LOWER_RIGHT_Y":"9227870.327"},"geometry":{"type":"Polygon","coordinates":[[[471961.093999999982771,9228872.326999999582767],[472963.093999999982771,9228872.326999999582767],[472963.093999999982771,9227870.326999999582767],[471961.093999999982771,9227870.326999999582767],[471961.093999999982771,9228872.326999999582767]]]}},
{"type":"Feature","properties":{"DESCRIPTION":"MDT_1419154.tif","FILENAME":"U:\\P589_AmazoniaRevelada_BR-319\\LiDAR_dataset\\ENTREGAS\\ENTREGA_05\\2_MDT\\GEOTIFF\\MDT_1419154.tif","SHRT_FNAME":"MDT_1419154.tif","UPPER_LEFT_X":"470960.999","UPPER_LEFT_Y":"9228872.327","LOWER_RIGHT_X":"471962.999","LOWER_RIGHT_Y":"9227870.327"},"geometry":{"type":"Polygon","coordinates":[[[470960.99900000001071,9228872.326999999582767],[471962.99900000001071,9228872.326999999582767],[471962.99900000001071,9227870.326999999582767],[470960.99900000001071,9227870.326999999582767],[470960.99900000001071,9228872.326999999582767]]]}},
{"type":"Feature","properties":{"DESCRIPTION":"MDT_1419153.tif","FILENAME":"U:\\P589_AmazoniaRevelada_BR-319\\LiDAR_dataset\\ENTREGAS\\ENTREGA_05\\2_MDT\\GEOTIFF\\MDT_1419153.tif","SHRT_FNAME":"MDT_1419153.tif","UPPER_LEFT_X":"469960.904","UPPER_LEFT_Y":"9228872.327","LOWER_RIGHT_X":"470962.904","LOWER_RIGHT_Y":"9227870.327"},"geometry":{"type":"Polygon","coordinates":[[[469960.903999999980442,9228872.326999999582767],[470962.903999999980442,9228872.326999999582767],[470962.903999999980442,9227870.326999999582767],[469960.903999999980442,9227870.326999999582767],[469960.903999999980442,9228872.326999999582767]]]}},
{"type":"Feature","properties":{"DESCRIPTION":"MDT_1419152.tif","FILENAME":"U:\\P589_AmazoniaRevelada_BR-319\\LiDAR_dataset\\ENTREGAS\\ENTREGA_05\\2_MDT\\GEOTIFF\\MDT_1419152.tif","SHRT_FNAME":"MDT_1419152.tif","UPPER_LEFT_X":"468960.809","UPPER_LEFT_Y":"9228872.327","LOWER_RIGHT_X":"469962.809","LOWER_RIGHT_Y":"9227870.327"},"geometry":{"type":"Polygon","coordinates":[[[468960.809,9228872.326999999582767],[469962.809,9228872.326999999582767],[469962.809,9227870.326999999582767],[468960.809,9227870.326999999582767],[468960.809,9228872.326999999582767]]]}},
{"type":"Feature","properties":{"DESCRIPTION":"MDT_1419151.tif","FILENAME":"U:\\P589_AmazoniaRevelada_BR-319\\LiDAR_dataset\\ENTREGAS\\ENTREGA_05\\2_MDT\\GEOTIFF\\MDT_1419151.tif","SHRT_FNAME":"MDT_1419151.tif","UPPER_LEFT_X":"467960.714","UPPER_LEFT_Y":"9228872.327","LOWER_RIGHT_X":"468962.714","LOWER_RIGHT_Y":"9227870.327"},"geometry":{"type":"Polygon","coordinates":[[[467960.713999999978114,9228872.326999999582767],[468962.713999999978114,9228872.326999999582767],[468962.713999999978114,9227870.326999999582767],[467960.713999999978114,9227870.326999999582767],[467960.713999999978114,9228872.326999999582767]]]}},
{"type":"Feature","properties":{"DESCRIPTION":"MDT_1419150.tif","FILENAME":"U:\\P589_AmazoniaRevelada_BR-319\\LiDAR_dataset\\ENTREGAS\\ENTREGA_05\\2_MDT\\GEOTIFF\\MDT_1419150.tif","SHRT_FNAME":"MDT_1419150.tif","UPPER_LEFT_X":"466960.618","UPPER_LEFT_Y":"9228872.327","LOWER_RIGHT_X":"467962.618","LOWER_RIGHT_Y":"9227870.327"},"geometry":{"type":"Polygon","coordinates":[[[466960.618000000016764,9228872.326999999582767],[467962.618000000016764,9228872.326999999582767],[467962.618000000016764,9227870.326999999582767],[466960.618000000016764,9227870.326999999582767],[466960.618000000016764,9228872.326999999582767]]]}},
{"type":"Feature","properties":{"DESCRIPTION":"MDT_1419149.tif","FILENAME":"U:\\P589_AmazoniaRevelada_BR-319\\LiDAR_dataset\\ENTREGAS\\ENTREGA_05\\2_MDT\\GEOTIFF\\MDT_1419149.tif","SHRT_FNAME":"MDT_1419149.tif","UPPER_LEFT_X":"465960.523","UPPER_LEFT_Y":"9228872.327","LOWER_RIGHT_X":"466962.523","LOWER_RIGHT_Y":"9227870.327"},"geometry":{"type":"Polygon","coordinates":[[[465960.522999999986496,9228872.326999999582767],[466962.522999999986496,9228872.326999999582767],[466962.522999999986496,9227870.326999999582767],[465960.522999999986496,9227870.326999999582767],[465960.522999999986496,9228872.326999999582767]]]}},
{"type":"Feature","properties":{"DESCRIPTION":"MDT_1419148.tif","FILENAME":"U:\\P589_AmazoniaRevelada_BR-319\\LiDAR_dataset\\ENTREGAS\\ENTREGA_05\\2_MDT\\GEOTIFF\\MDT_1419148.tif","SHRT_FNAME":"MDT_1419148.tif","UPPER_LEFT_X":"464960.428","UPPER_LEFT_Y":"9228872.327","LOWER_RIGHT_X":"465962.428","LOWER_RIGHT_Y":"9227870.327"},"geometry":{"type":"Polygon","coordinates":[[[464960.428000000014435,9228872.326999999582767],[465962.428000000014435,9228872.326999999582767],[465962.428000000014435,9227870.326999999582767],[464960.428000000014435,9227870.326999999582767],[464960.428000000014435,9228872.326999999582767]]]}},
{"type":"Feature","properties":{"DESCRIPTION":"MDT_1419147.tif","FILENAME":"U:\\P589_AmazoniaRevelada_BR-319\\LiDAR_dataset\\ENTREGAS\\ENTREGA_05\\2_MDT\\GEOTIFF\\MDT_1419147.tif","SHRT_FNAME":"MDT_1419147.tif","UPPER_LEFT_X":"463960.333","UPPER_LEFT_Y":"9228872.327","LOWER_RIGHT_X":"464962.333","LOWER_RIGHT_Y":"9227870.327"},"geometry":{"type":"Polygon","coordinates":[[[463960.332999999984168,9228872.326999999582767],[464962.332999999984168,9228872.326999999582767],[464962.332999999984168,9227870.326999999582767],[463960.332999999984168,9227870.326999999582767],[463960.332999999984168,9228872.326999999582767]]]}},
{"type":"Feature","properties":{"DESCRIPTION":"MDT_1418193.tif","FILENAME":"U:\\P589_AmazoniaRevelada_BR-319\\LiDAR_dataset\\ENTREGAS\\ENTREGA_05\\2_MDT\\GEOTIFF\\MDT_1418193.tif","SHRT_FNAME":"MDT_1418193.tif","UPPER_LEFT_X":"509964.712","UPPER_LEFT_Y":"9229872.202","LOWER_RIGHT_X":"510966.712","LOWER_RIGHT_Y":"9228870.202"},"geometry":{"type":"Polygon","coordinates":[[[509964.712,9229872.201999999582767],[510966.712,9229872.201999999582767],[510966.712,9228870.201999999582767],[509964.712,9228870.201999999582767],[509964.712,9229872.201999999582767]]]}},
{"type":"Feature","properties":{"DESCRIPTION":"MDT_1418192.tif","FILENAME":"U:\\P589_AmazoniaRevelada_BR-319\\LiDAR_dataset\\ENTREGAS\\ENTREGA_05\\2_MDT\\GEOTIFF\\MDT_1418192.tif","SHRT_FNAME":"MDT_1418192.tif","UPPER_LEFT_X":"508964.617","UPPER_LEFT_Y":"9229872.202","LOWER_RIGHT_X":"509966.617","LOWER_RIGHT_Y":"9228870.202"},"geometry":{"type":"Polygon","coordinates":[[[508964.617000000027474,9229872.201999999582767],[509966.617000000027474,9229872.201999999582767],[509966.617000000027474,9228870.201999999582767],[508964.617000000027474,9228870.201999999582767],[508964.617000000027474,9229872.201999999582767]]]}},
{"type":"Feature","properties":{"DESCRIPTION":"MDT_1418191.tif","FILENAME":"U:\\P589_AmazoniaRevelada_BR-319\\LiDAR_dataset\\ENTREGAS\\ENTREGA_05\\2_MDT\\GEOTIFF\\MDT_1418191.tif","SHRT_FNAME":"MDT_1418191.tif","UPPER_LEFT_X":"507964.522","UPPER_LEFT_Y":"9229872.202","LOWER_RIGHT_X":"508966.522","LOWER_RIGHT_Y":"9228870.202"},"geometry":{"type":"Polygon","coordinates":[[[507964.522,9229872.201999999582767],[508966.522,9229872.201999999582767],[508966.522,9228870.201999999582767],[507964.522,9228870.201999999582767],[507964.522,9229872.201999999582767]]]}},
{"type":"Feature","properties":{"DESCRIPTION":"MDT_1418190.tif","FILENAME":"U:\\P589_AmazoniaRevelada_BR-319\\LiDAR_dataset\\ENTREGAS\\ENTREGA_05\\2_MDT\\GEOTIFF\\MDT_1418190.tif","SHRT_FNAME":"MDT_1418190.tif","UPPER_LEFT_X":"506964.426","UPPER_LEFT_Y":"9229872.202","LOWER_RIGHT_X":"507966.426","LOWER_RIGHT_Y":"9228870.202"},"geometry":{"type":"Polygon","coordinates":[[[506964.425999999977648,9229872.201999999582767],[507966.425999999977648,9229872.201999999582767],[507966.425999999977648,9228870.201999999582767],[506964.425999999977648,9228870.201999999582767],[506964.425999999977648,9229872.201999999582767]]]}},
{"type":"Feature","properties":{"DESCRIPTION":"MDT_1418189.tif","FILENAME":"U:\\P589_AmazoniaRevelada_BR-319\\LiDAR_dataset\\ENTREGAS\\ENTREGA_05\\2_MDT\\GEOTIFF\\MDT_1418189.tif","SHRT_FNAME":"MDT_1418189.tif","UPPER_LEFT_X":"505964.331","UPPER_LEFT_Y":"9229872.202","LOWER_RIGHT_X":"506966.331","LOWER_RIGHT_Y":"9228870.202"},"geometry":{"type":"Polygon","coordinates":[[[505964.331,9229872.201999999582767],[506966.331,9229872.201999999582767],[506966.331,9228870.201999999582767],[505964.331,9228870.201999999582767],[505964.331,9229872.201999999582767]]]}},
{"type":"Feature","properties":{"DESCRIPTION":"MDT_1418188.tif","FILENAME":"U:\\P589_AmazoniaRevelada_BR-319\\LiDAR_dataset\\ENTREGAS\\ENTREGA_05\\2_MDT\\GEOTIFF\\MDT_1418188.tif","SHRT_FNAME":"MDT_1418188.tif","UPPER_LEFT_X":"504964.236","UPPER_LEFT_Y":"9229872.202","LOWER_RIGHT_X":"505966.236","LOWER_RIGHT_Y":"9228870.202"},"geometry":{"type":"Polygon","coordinates":[[[504964.23599999997532,9229872.201999999582767],[505966.23599999997532,9229872.201999999582767],[505966.23599999997532,9228870.201999999582767],[504964.23599999997532,9228870.201999999582767],[504964.23599999997532,9229872.201999999582767]]]}},
{"type":"Feature","properties":{"DESCRIPTION":"MDT_1418187.tif","FILENAME":"U:\\P589_AmazoniaRevelada_BR-319\\LiDAR_dataset\\ENTREGAS\\ENTREGA_05\\2_MDT\\GEOTIFF\\MDT_1418187.tif","SHRT_FNAME":"MDT_1418187.tif","UPPER_LEFT_X":"503964.141","UPPER_LEFT_Y":"9229872.202","LOWER_RIGHT_X":"504966.141","LOWER_RIGHT_Y":"9228870.202"},"geometry":{"type":"Polygon","coordinates":[[[503964.141,9229872.201999999582767],[504966.141,9229872.201999999582767],[504966.141,9228870.201999999582767],[503964.141,9228870.201999999582767],[503964.141,9229872.201999999582767]]]}},
{"type":"Feature","properties":{"DESCRIPTION":"MDT_1418186.tif","FILENAME":"U:\\P589_AmazoniaRevelada_BR-319\\LiDAR_dataset\\ENTREGAS\\ENTREGA_05\\2_MDT\\GEOTIFF\\MDT_1418186.tif","SHRT_FNAME":"MDT_1418186.tif","UPPER_LEFT_X":"502964.046","UPPER_LEFT_Y":"9229872.202","LOWER_RIGHT_X":"503966.046","LOWER_RIGHT_Y":"9228870.202"},"geometry":{"type":"Polygon","coordinates":[[[502964.045999999972992,9229872.201999999582767],[503966.045999999972992,9229872.201999999582767],[503966.045999999972992,9228870.201999999582767],[502964.045999999972992,9228870.201999999582767],[502964.045999999972992,9229872.201999999582767]]]}},
{"type":"Feature","properties":{"DESCRIPTION":"MDT_1418185.tif","FILENAME":"U:\\P589_AmazoniaRevelada_BR-319\\LiDAR_dataset\\ENTREGAS\\ENTREGA_05\\2_MDT\\GEOTIFF\\MDT_1418185.tif","SHRT_FNAME":"MDT_1418185.tif","UPPER_LEFT_X":"501963.950","UPPER_LEFT_Y":"9229872.202","LOWER_RIGHT_X":"502965.950","LOWER_RIGHT_Y":"9228870.202"},"geometry":{"type":"Polygon","coordinates":[[[501963.950000000011642,9229872.201999999582767],[502965.950000000011642,9229872.201999999582767],[502965.950000000011642,9228870.201999999582767],[501963.950000000011642,9228870.201999999582767],[501963.950000000011642,9229872.201999999582767]]]}},
{"type":"Feature","properties":{"DESCRIPTION":"MDT_1418184.tif","FILENAME":"U:\\P589_AmazoniaRevelada_BR-319\\LiDAR_dataset\\ENTREGAS\\ENTREGA_05\\2_MDT\\GEOTIFF\\MDT_1418184.tif","SHRT_FNAME":"MDT_1418184.tif","UPPER_LEFT_X":"500963.855","UPPER_LEFT_Y":"9229872.202","LOWER_RIGHT_X":"501965.855","LOWER_RIGHT_Y":"9228870.202"},"geometry":{"type":"Polygon","coordinates":[[[500963.854999999981374,9229872.201999999582767],[501965.854999999981374,9229872.201999999582767],[501965.854999999981374,9228870.201999999582767],[500963.854999999981374,9228870.201999999582767],[500963.854999999981374,9229872.201999999582767]]]}},
{"type":"Feature","properties":{"DESCRIPTION":"MDT_1418183.tif","FILENAME":"U:\\P589_AmazoniaRevelada_BR-319\\LiDAR_dataset\\ENTREGAS\\ENTREGA_05\\2_MDT\\GEOTIFF\\MDT_1418183.tif","SHRT_FNAME":"MDT_1418183.tif","UPPER_LEFT_X":"499963.760","UPPER_LEFT_Y":"9229872.202","LOWER_RIGHT_X":"500965.760","LOWER_RIGHT_Y":"9228870.202"},"geometry":{"type":"Polygon","coordinates":[[[499963.76,9229872.201999999582767],[500965.76,9229872.201999999582767],[500965.76,9228870.201999999582767],[499963.76,9228870.201999999582767],[499963.76,9229872.201999999582767]]]}},
{"type":"Feature","properties":{"DESCRIPTION":"MDT_1418182.tif","FILENAME":"U:\\P589_AmazoniaRevelada_BR-319\\LiDAR_dataset\\ENTREGAS\\ENTREGA_05\\2_MDT\\GEOTIFF\\MDT_1418182.tif","SHRT_FNAME":"MDT_1418182.tif","UPPER_LEFT_X":"498963.665","UPPER_LEFT_Y":"9229872.202","LOWER_RIGHT_X":"499965.665","LOWER_RIGHT_Y":"9228870.202"},"geometry":{"type":"Polygon","coordinates":[[[498963.664999999979045,9229872.201999999582767],[499965.664999999979045,9229872.201999999582767],[499965.664999999979045,9228870.201999999582767],[498963.664999999979045,9228870.201999999582767],[498963.664999999979045,9229872.201999999582767]]]}},
{"type":"Feature","properties":{"DESCRIPTION":"MDT_1418181.tif","FILENAME":"U:\\P589_AmazoniaRevelada_BR-319\\LiDAR_dataset\\ENTREGAS\\ENTREGA_05\\2_MDT\\GEOTIFF\\MDT_1418181.tif","SHRT_FNAME":"MDT_1418181.tif","UPPER_LEFT_X":"497963.570","UPPER_LEFT_Y":"9229872.202","LOWER_RIGHT_X":"498965.570","LOWER_RIGHT_Y":"9228870.202"},"geometry":{"type":"Polygon","coordinates":[[[497963.57,9229872.201999999582767],[498965.57,9229872.201999999582767],[498965.57,9228870.201999999582767],[497963.57,9228870.201999999582767],[497963.57,9229872.201999999582767]]]}},
{"type":"Feature","properties":{"DESCRIPTION":"MDT_1418180.tif","FILENAME":"U:\\P589_AmazoniaRevelada_BR-319\\LiDAR_dataset\\ENTREGAS\\ENTREGA_05\\2_MDT\\GEOTIFF\\MDT_1418180.tif","SHRT_FNAME":"MDT_1418180.tif","UPPER_LEFT_X":"496963.474","UPPER_LEFT_Y":"9229872.202","LOWER_RIGHT_X":"497965.474","LOWER_RIGHT_Y":"9228870.202"},"geometry":{"type":"Polygon","coordinates":[[[496963.473999999987427,9229872.201999999582767],[497965.473999999987427,9229872.201999999582767],[497965.473999999987427,9228870.201999999582767],[496963.473999999987427,9228870.201999999582767],[496963.473999999987427,9229872.201999999582767]]]}},
{"type":"Feature","properties":{"DESCRIPTION":"MDT_1418179.tif","FILENAME":"U:\\P589_AmazoniaRevelada_BR-319\\LiDAR_dataset\\ENTREGAS\\ENTREGA_05\\2_MDT\\GEOTIFF\\MDT_1418179.tif","SHRT_FNAME":"MDT_1418179.tif","UPPER_LEFT_X":"495963.379","UPPER_LEFT_Y":"9229872.202","LOWER_RIGHT_X":"496965.379","LOWER_RIGHT_Y":"9228870.202"},"geometry":{"type":"Polygon","coordinates":[[[495963.379000000015367,9229872.201999999582767],[496965.379000000015367,9229872.201999999582767],[496965.379000000015367,9228870.201999999582767],[495963.379000000015367,9228870.201999999582767],[495963.379000000015367,9229872.201999999582767]]]}},
{"type":"Feature","properties":{"DESCRIPTION":"MDT_1418178.tif","FILENAME":"U:\\P589_AmazoniaRevelada_BR-319\\LiDAR_dataset\\ENTREGAS\\ENTREGA_05\\2_MDT\\GEOTIFF\\MDT_1418178.tif","SHRT_FNAME":"MDT_1418178.tif","UPPER_LEFT_X":"494963.284","UPPER_LEFT_Y":"9229872.202","LOWER_RIGHT_X":"495965.284","LOWER_RIGHT_Y":"9228870.202"},"geometry":{"type":"Polygon","coordinates":[[[494963.283999999985099,9229872.201999999582767],[495965.283999999985099,9229872.201999999582767],[495965.283999999985099,9228870.201999999582767],[494963.283999999985099,9228870.201999999582767],[494963.283999999985099,9229872.201999999582767]]]}},
{"type":"Feature","properties":{"DESCRIPTION":"MDT_1418177.tif","FILENAME":"U:\\P589_AmazoniaRevelada_BR-319\\LiDAR_dataset\\ENTREGAS\\ENTREGA_05\\2_MDT\\GEOTIFF\\MDT_1418177.tif","SHRT_FNAME":"MDT_1418177.tif","UPPER_LEFT_X":"493963.189","UPPER_LEFT_Y":"9229872.202","LOWER_RIGHT_X":"494965.189","LOWER_RIGHT_Y":"9228870.202"},"geometry":{"type":"Polygon","coordinates":[[[493963.189000000013039,9229872.201999999582767],[494965.189000000013039,9229872.201999999582767],[494965.189000000013039,9228870.201999999582767],[493963.189000000013039,9228870.201999999582767],[493963.189000000013039,9229872.201999999582767]]]}},
{"type":"Feature","properties":{"DESCRIPTION":"MDT_1418176.tif","FILENAME":"U:\\P589_AmazoniaRevelada_BR-319\\LiDAR_dataset\\ENTREGAS\\ENTREGA_05\\2_MDT\\GEOTIFF\\MDT_1418176.tif","SHRT_FNAME":"MDT_1418176.tif","UPPER_LEFT_X":"492963.094","UPPER_LEFT_Y":"9229872.202","LOWER_RIGHT_X":"493965.094","LOWER_RIGHT_Y":"9228870.202"},"geometry":{"type":"Polygon","coordinates":[[[492963.093999999982771,9229872.201999999582767],[493965.093999999982771,9229872.201999999582767],[493965.093999999982771,9228870.201999999582767],[492963.093999999982771,9228870.201999999582767],[492963.093999999982771,9229872.201999999582767]]]}},
{"type":"Feature","properties":{"DESCRIPTION":"MDT_1418175.tif","FILENAME":"U:\\P589_AmazoniaRevelada_BR-319\\LiDAR_dataset\\ENTREGAS\\ENTREGA_05\\2_MDT\\GEOTIFF\\MDT_1418175.tif","SHRT_FNAME":"MDT_1418175.tif","UPPER_LEFT_X":"491962.998","UPPER_LEFT_Y":"9229872.202","LOWER_RIGHT_X":"492964.998","LOWER_RIGHT_Y":"9228870.202"},"geometry":{"type":"Polygon","coordinates":[[[491962.99800000002142,9229872.201999999582767],[492964.99800000002142,9229872.201999999582767],[492964.99800000002142,9228870.201999999582767],[491962.99800000002142,9228870.201999999582767],[491962.99800000002142,9229872.201999999582767]]]}},
{"type":"Feature","properties":{"DESCRIPTION":"MDT_1418174.tif","FILENAME":"U:\\P589_AmazoniaRevelada_BR-319\\LiDAR_dataset\\ENTREGAS\\ENTREGA_05\\2_MDT\\GEOTIFF\\MDT_1418174.tif","SHRT_FNAME":"MDT_1418174.tif","UPPER_LEFT_X":"490962.903","UPPER_LEFT_Y":"9229872.202","LOWER_RIGHT_X":"491964.903","LOWER_RIGHT_Y":"9228870.202"},"geometry":{"type":"Polygon","coordinates":[[[490962.903,9229872.201999999582767],[491964.903,9229872.201999999582767],[491964.903,9228870.201999999582767],[490962.903,9228870.201999999582767],[490962.903,9229872.201999999582767]]]}},
{"type":"Feature","properties":{"DESCRIPTION":"MDT_1418173.tif","FILENAME":"U:\\P589_AmazoniaRevelada_BR-319\\LiDAR_dataset\\ENTREGAS\\ENTREGA_05\\2_MDT\\GEOTIFF\\MDT_1418173.tif","SHRT_FNAME":"MDT_1418173.tif","UPPER_LEFT_X":"489962.808","UPPER_LEFT_Y":"9229872.202","LOWER_RIGHT_X":"490964.808","LOWER_RIGHT_Y":"9228870.202"},"geometry":{"type":"Polygon","coordinates":[[[489962.808000000019092,9229872.201999999582767],[490964.808000000019092,9229872.201999999582767],[490964.808000000019092,9228870.201999999582767],[489962.808000000019092,9228870.201999999582767],[489962.808000000019092,9229872.201999999582767]]]}},
{"type":"Feature","properties":{"DESCRIPTION":"MDT_1418172.tif","FILENAME":"U:\\P589_AmazoniaRevelada_BR-319\\LiDAR_dataset\\ENTREGAS\\ENTREGA_05\\2_MDT\\GEOTIFF\\MDT_1418172.tif","SHRT_FNAME":"MDT_1418172.tif","UPPER_LEFT_X":"488962.713","UPPER_LEFT_Y":"9229872.202","LOWER_RIGHT_X":"489964.713","LOWER_RIGHT_Y":"9228870.202"},"geometry":{"type":"Polygon","coordinates":[[[488962.712999999988824,9229872.201999999582767],[489964.712999999988824,9229872.201999999582767],[489964.712999999988824,9228870.201999999582767],[488962.712999999988824,9228870.201999999582767],[488962.712999999988824,9229872.201999999582767]]]}},
{"type":"Feature","properties":{"DESCRIPTION":"MDT_1418171.tif","FILENAME":"U:\\P589_AmazoniaRevelada_BR-319\\LiDAR_dataset\\ENTREGAS\\ENTREGA_05\\2_MDT\\GEOTIFF\\MDT_1418171.tif","SHRT_FNAME":"MDT_1418171.tif","UPPER_LEFT_X":"487962.618","UPPER_LEFT_Y":"9229872.202","LOWER_RIGHT_X":"488964.618","LOWER_RIGHT_Y":"9228870.202"},"geometry":{"type":"Polygon","coordinates":[[[487962.618000000016764,9229872.201999999582767],[488964.618000000016764,9229872.201999999582767],[488964.618000000016764,9228870.201999999582767],[487962.618000000016764,9228870.201999999582767],[487962.618000000016764,9229872.201999999582767]]]}},
{"type":"Feature","properties":{"DESCRIPTION":"MDT_1418170.tif","FILENAME":"U:\\P589_AmazoniaRevelada_BR-319\\LiDAR_dataset\\ENTREGAS\\ENTREGA_05\\2_MDT\\GEOTIFF\\MDT_1418170.tif","SHRT_FNAME":"MDT_1418170.tif","UPPER_LEFT_X":"486962.522","UPPER_LEFT_Y":"9229872.202","LOWER_RIGHT_X":"487964.522","LOWER_RIGHT_Y":"9228870.202"},"geometry":{"type":"Polygon","coordinates":[[[486962.522,9229872.201999999582767],[487964.522,9229872.201999999582767],[487964.522,9228870.201999999582767],[486962.522,9228870.201999999582767],[486962.522,9229872.201999999582767]]]}},
{"type":"Feature","properties":{"DESCRIPTION":"MDT_1418169.tif","FILENAME":"U:\\P589_AmazoniaRevelada_BR-319\\LiDAR_dataset\\ENTREGAS\\ENTREGA_05\\2_MDT\\GEOTIFF\\MDT_1418169.tif","SHRT_FNAME":"MDT_1418169.tif","UPPER_LEFT_X":"485962.427","UPPER_LEFT_Y":"9229872.202","LOWER_RIGHT_X":"486964.427","LOWER_RIGHT_Y":"9228870.202"},"geometry":{"type":"Polygon","coordinates":[[[485962.427000000025146,9229872.201999999582767],[486964.427000000025146,9229872.201999999582767],[486964.427000000025146,9228870.201999999582767],[485962.427000000025146,9228870.201999999582767],[485962.427000000025146,9229872.201999999582767]]]}},
{"type":"Feature","properties":{"DESCRIPTION":"MDT_1418168.tif","FILENAME":"U:\\P589_AmazoniaRevelada_BR-319\\LiDAR_dataset\\ENTREGAS\\ENTREGA_05\\2_MDT\\GEOTIFF\\MDT_1418168.tif","SHRT_FNAME":"MDT_1418168.tif","UPPER_LEFT_X":"484962.332","UPPER_LEFT_Y":"9229872.202","LOWER_RIGHT_X":"485964.332","LOWER_RIGHT_Y":"9228870.202"},"geometry":{"type":"Polygon","coordinates":[[[484962.332,9229872.201999999582767],[485964.332,9229872.201999999582767],[485964.332,9228870.201999999582767],[484962.332,9228870.201999999582767],[484962.332,9229872.201999999582767]]]}},
{"type":"Feature","properties":{"DESCRIPTION":"MDT_1418167.tif","FILENAME":"U:\\P589_AmazoniaRevelada_BR-319\\LiDAR_dataset\\ENTREGAS\\ENTREGA_05\\2_MDT\\GEOTIFF\\MDT_1418167.tif","SHRT_FNAME":"MDT_1418167.tif","UPPER_LEFT_X":"483962.237","UPPER_LEFT_Y":"9229872.202","LOWER_RIGHT_X":"484964.237","LOWER_RIGHT_Y":"9228870.202"},"geometry":{"type":"Polygon","coordinates":[[[483962.237000000022817,9229872.201999999582767],[484964.237000000022817,9229872.201999999582767],[484964.237000000022817,9228870.201999999582767],[483962.237000000022817,9228870.201999999582767],[483962.237000000022817,9229872.201999999582767]]]}},
{"type":"Feature","properties":{"DESCRIPTION":"MDT_1418166.tif","FILENAME":"U:\\P589_AmazoniaRevelada_BR-319\\LiDAR_dataset\\ENTREGAS\\ENTREGA_05\\2_MDT\\GEOTIFF\\MDT_1418166.tif","SHRT_FNAME":"MDT_1418166.tif","UPPER_LEFT_X":"482962.142","UPPER_LEFT_Y":"9229872.202","LOWER_RIGHT_X":"483964.142","LOWER_RIGHT_Y":"9228870.202"},"geometry":{"type":"Polygon","coordinates":[[[482962.142,9229872.201999999582767],[483964.142,9229872.201999999582767],[483964.142,9228870.201999999582767],[482962.142,9228870.201999999582767],[482962.142,9229872.201999999582767]]]}},
{"type":"Feature","properties":{"DESCRIPTION":"MDT_1418165.tif","FILENAME":"U:\\P589_AmazoniaRevelada_BR-319\\LiDAR_dataset\\ENTREGAS\\ENTREGA_05\\2_MDT\\GEOTIFF\\MDT_1418165.tif","SHRT_FNAME":"MDT_1418165.tif","UPPER_LEFT_X":"481962.046","UPPER_LEFT_Y":"9229872.202","LOWER_RIGHT_X":"482964.046","LOWER_RIGHT_Y":"9228870.202"},"geometry":{"type":"Polygon","coordinates":[[[481962.045999999972992,9229872.201999999582767],[482964.045999999972992,9229872.201999999582767],[482964.045999999972992,9228870.201999999582767],[481962.045999999972992,9228870.201999999582767],[481962.045999999972992,9229872.201999999582767]]]}},
{"type":"Feature","properties":{"DESCRIPTION":"MDT_1418164.tif","FILENAME":"U:\\P589_AmazoniaRevelada_BR-319\\LiDAR_dataset\\ENTREGAS\\ENTREGA_05\\2_MDT\\GEOTIFF\\MDT_1418164.tif","SHRT_FNAME":"MDT_1418164.tif","UPPER_LEFT_X":"480961.951","UPPER_LEFT_Y":"9229872.202","LOWER_RIGHT_X":"481963.951","LOWER_RIGHT_Y":"9228870.202"},"geometry":{"type":"Polygon","coordinates":[[[480961.951,9229872.201999999582767],[481963.951,9229872.201999999582767],[481963.951,9228870.201999999582767],[480961.951,9228870.201999999582767],[480961.951,9229872.201999999582767]]]}},
{"type":"Feature","properties":{"DESCRIPTION":"MDT_1418163.tif","FILENAME":"U:\\P589_AmazoniaRevelada_BR-319\\LiDAR_dataset\\ENTREGAS\\ENTREGA_05\\2_MDT\\GEOTIFF\\MDT_1418163.tif","SHRT_FNAME":"MDT_1418163.tif","UPPER_LEFT_X":"479961.856","UPPER_LEFT_Y":"9229872.202","LOWER_RIGHT_X":"480963.856","LOWER_RIGHT_Y":"9228870.202"},"geometry":{"type":"Polygon","coordinates":[[[479961.856000000028871,9229872.201999999582767],[480963.856000000028871,9229872.201999999582767],[480963.856000000028871,9228870.201999999582767],[479961.856000000028871,9228870.201999999582767],[479961.856000000028871,9229872.201999999582767]]]}},
{"type":"Feature","properties":{"DESCRIPTION":"MDT_1418162.tif","FILENAME":"U:\\P589_AmazoniaRevelada_BR-319\\LiDAR_dataset\\ENTREGAS\\ENTREGA_05\\2_MDT\\GEOTIFF\\MDT_1418162.tif","SHRT_FNAME":"MDT_1418162.tif","UPPER_LEFT_X":"478961.761","UPPER_LEFT_Y":"9229872.202","LOWER_RIGHT_X":"479963.761","LOWER_RIGHT_Y":"9228870.202"},"geometry":{"type":"Polygon","coordinates":[[[478961.761,9229872.201999999582767],[479963.761,9229872.201999999582767],[479963.761,9228870.201999999582767],[478961.761,9228870.201999999582767],[478961.761,9229872.201999999582767]]]}},
{"type":"Feature","properties":{"DESCRIPTION":"MDT_1418161.tif","FILENAME":"U:\\P589_AmazoniaRevelada_BR-319\\LiDAR_dataset\\ENTREGAS\\ENTREGA_05\\2_MDT\\GEOTIFF\\MDT_1418161.tif","SHRT_FNAME":"MDT_1418161.tif","UPPER_LEFT_X":"477961.666","UPPER_LEFT_Y":"9229872.202","LOWER_RIGHT_X":"478963.666","LOWER_RIGHT_Y":"9228870.202"},"geometry":{"type":"Polygon","coordinates":[[[477961.666000000026543,9229872.201999999582767],[478963.666000000026543,9229872.201999999582767],[478963.666000000026543,9228870.201999999582767],[477961.666000000026543,9228870.201999999582767],[477961.666000000026543,9229872.201999999582767]]]}},
{"type":"Feature","properties":{"DESCRIPTION":"MDT_1418160.tif","FILENAME":"U:\\P589_AmazoniaRevelada_BR-319\\LiDAR_dataset\\ENTREGAS\\ENTREGA_05\\2_MDT\\GEOTIFF\\MDT_1418160.tif","SHRT_FNAME":"MDT_1418160.tif","UPPER_LEFT_X":"476961.570","UPPER_LEFT_Y":"9229872.202","LOWER_RIGHT_X":"477963.570","LOWER_RIGHT_Y":"9228870.202"},"geometry":{"type":"Polygon","coordinates":[[[476961.57,9229872.201999999582767],[477963.57,9229872.201999999582767],[477963.57,9228870.201999999582767],[476961.57,9228870.201999999582767],[476961.57,9229872.201999999582767]]]}},
{"type":"Feature","properties":{"DESCRIPTION":"MDT_1418159.tif","FILENAME":"U:\\P589_AmazoniaRevelada_BR-319\\LiDAR_dataset\\ENTREGAS\\ENTREGA_05\\2_MDT\\GEOTIFF\\MDT_1418159.tif","SHRT_FNAME":"MDT_1418159.tif","UPPER_LEFT_X":"475961.475","UPPER_LEFT_Y":"9229872.202","LOWER_RIGHT_X":"476963.475","LOWER_RIGHT_Y":"9228870.202"},"geometry":{"type":"Polygon","coordinates":[[[475961.474999999976717,9229872.201999999582767],[476963.474999999976717,9229872.201999999582767],[476963.474999999976717,9228870.201999999582767],[475961.474999999976717,9228870.201999999582767],[475961.474999999976717,9229872.201999999582767]]]}},
{"type":"Feature","properties":{"DESCRIPTION":"MDT_1418158.tif","FILENAME":"U:\\P589_AmazoniaRevelada_BR-319\\LiDAR_dataset\\ENTREGAS\\ENTREGA_05\\2_MDT\\GEOTIFF\\MDT_1418158.tif","SHRT_FNAME":"MDT_1418158.tif","UPPER_LEFT_X":"474961.380","UPPER_LEFT_Y":"9229872.202","LOWER_RIGHT_X":"475963.380","LOWER_RIGHT_Y":"9228870.202"},"geometry":{"type":"Polygon","coordinates":[[[474961.38,9229872.201999999582767],[475963.38,9229872.201999999582767],[475963.38,9228870.201999999582767],[474961.38,9228870.201999999582767],[474961.38,9229872.201999999582767]]]}},
{"type":"Feature","properties":{"DESCRIPTION":"MDT_1418157.tif","FILENAME":"U:\\P589_AmazoniaRevelada_BR-319\\LiDAR_dataset\\ENTREGAS\\ENTREGA_05\\2_MDT\\GEOTIFF\\MDT_1418157.tif","SHRT_FNAME":"MDT_1418157.tif","UPPER_LEFT_X":"473961.285","UPPER_LEFT_Y":"9229872.202","LOWER_RIGHT_X":"474963.285","LOWER_RIGHT_Y":"9228870.202"},"geometry":{"type":"Polygon","coordinates":[[[473961.284999999974389,9229872.201999999582767],[474963.284999999974389,9229872.201999999582767],[474963.284999999974389,9228870.201999999582767],[473961.284999999974389,9228870.201999999582767],[473961.284999999974389,9229872.201999999582767]]]}},
{"type":"Feature","properties":{"DESCRIPTION":"MDT_1418156.tif","FILENAME":"U:\\P589_AmazoniaRevelada_BR-319\\LiDAR_dataset\\ENTREGAS\\ENTREGA_05\\2_MDT\\GEOTIFF\\MDT_1418156.tif","SHRT_FNAME":"MDT_1418156.tif","UPPER_LEFT_X":"472961.190","UPPER_LEFT_Y":"9229872.202","LOWER_RIGHT_X":"473963.190","LOWER_RIGHT_Y":"9228870.202"},"geometry":{"type":"Polygon","coordinates":[[[472961.19,9229872.201999999582767],[473963.19,9229872.201999999582767],[473963.19,9228870.201999999582767],[472961.19,9228870.201999999582767],[472961.19,9229872.201999999582767]]]}},
{"type":"Feature","properties":{"DESCRIPTION":"MDT_1418155.tif","FILENAME":"U:\\P589_AmazoniaRevelada_BR-319\\LiDAR_dataset\\ENTREGAS\\ENTREGA_05\\2_MDT\\GEOTIFF\\MDT_1418155.tif","SHRT_FNAME":"MDT_1418155.tif","UPPER_LEFT_X":"471961.094","UPPER_LEFT_Y":"9229872.202","LOWER_RIGHT_X":"472963.094","LOWER_RIGHT_Y":"9228870.202"},"geometry":{"type":"Polygon","coordinates":[[[471961.093999999982771,9229872.201999999582767],[472963.093999999982771,9229872.201999999582767],[472963.093999999982771,9228870.201999999582767],[471961.093999999982771,9228870.201999999582767],[471961.093999999982771,9229872.201999999582767]]]}},
{"type":"Feature","properties":{"DESCRIPTION":"MDT_1418154.tif","FILENAME":"U:\\P589_AmazoniaRevelada_BR-319\\LiDAR_dataset\\ENTREGAS\\ENTREGA_05\\2_MDT\\GEOTIFF\\MDT_1418154.tif","SHRT_FNAME":"MDT_1418154.tif","UPPER_LEFT_X":"470960.999","UPPER_LEFT_Y":"9229872.202","LOWER_RIGHT_X":"471962.999","LOWER_RIGHT_Y":"9228870.202"},"geometry":{"type":"Polygon","coordinates":[[[470960.99900000001071,9229872.201999999582767],[471962.99900000001071,9229872.201999999582767],[471962.99900000001071,9228870.201999999582767],[470960.99900000001071,9228870.201999999582767],[470960.99900000001071,9229872.201999999582767]]]}},
{"type":"Feature","properties":{"DESCRIPTION":"MDT_1418153.tif","FILENAME":"U:\\P589_AmazoniaRevelada_BR-319\\LiDAR_dataset\\ENTREGAS\\ENTREGA_05\\2_MDT\\GEOTIFF\\MDT_1418153.tif","SHRT_FNAME":"MDT_1418153.tif","UPPER_LEFT_X":"469960.904","UPPER_LEFT_Y":"9229872.202","LOWER_RIGHT_X":"470962.904","LOWER_RIGHT_Y":"9228870.202"},"geometry":{"type":"Polygon","coordinates":[[[469960.903999999980442,9229872.201999999582767],[470962.903999999980442,9229872.201999999582767],[470962.903999999980442,9228870.201999999582767],[469960.903999999980442,9228870.201999999582767],[469960.903999999980442,9229872.201999999582767]]]}},
{"type":"Feature","properties":{"DESCRIPTION":"MDT_1418152.tif","FILENAME":"U:\\P589_AmazoniaRevelada_BR-319\\LiDAR_dataset\\ENTREGAS\\ENTREGA_05\\2_MDT\\GEOTIFF\\MDT_1418152.tif","SHRT_FNAME":"MDT_1418152.tif","UPPER_LEFT_X":"468960.809","UPPER_LEFT_Y":"9229872.202","LOWER_RIGHT_X":"469962.809","LOWER_RIGHT_Y":"9228870.202"},"geometry":{"type":"Polygon","coordinates":[[[468960.809,9229872.201999999582767],[469962.809,9229872.201999999582767],[469962.809,9228870.201999999582767],[468960.809,9228870.201999999582767],[468960.809,9229872.201999999582767]]]}},
{"type":"Feature","properties":{"DESCRIPTION":"MDT_1418151.tif","FILENAME":"U:\\P589_AmazoniaRevelada_BR-319\\LiDAR_dataset\\ENTREGAS\\ENTREGA_05\\2_MDT\\GEOTIFF\\MDT_1418151.tif","SHRT_FNAME":"MDT_1418151.tif","UPPER_LEFT_X":"467960.714","UPPER_LEFT_Y":"9229872.202","LOWER_RIGHT_X":"468962.714","LOWER_RIGHT_Y":"9228870.202"},"geometry":{"type":"Polygon","coordinates":[[[467960.713999999978114,9229872.201999999582767],[468962.713999999978114,9229872.201999999582767],[468962.713999999978114,9228870.201999999582767],[467960.713999999978114,9228870.201999999582767],[467960.713999999978114,9229872.201999999582767]]]}},
{"type":"Feature","properties":{"DESCRIPTION":"MDT_1418150.tif","FILENAME":"U:\\P589_AmazoniaRevelada_BR-319\\LiDAR_dataset\\ENTREGAS\\ENTREGA_05\\2_MDT\\GEOTIFF\\MDT_1418150.tif","SHRT_FNAME":"MDT_1418150.tif","UPPER_LEFT_X":"466960.618","UPPER_LEFT_Y":"9229872.202","LOWER_RIGHT_X":"467962.618","LOWER_RIGHT_Y":"9228870.202"},"geometry":{"type":"Polygon","coordinates":[[[466960.618000000016764,9229872.201999999582767],[467962.618000000016764,9229872.201999999582767],[467962.618000000016764,9228870.201999999582767],[466960.618000000016764,9228870.201999999582767],[466960.618000000016764,9229872.201999999582767]]]}},
{"type":"Feature","properties":{"DESCRIPTION":"MDT_1418149.tif","FILENAME":"U:\\P589_AmazoniaRevelada_BR-319\\LiDAR_dataset\\ENTREGAS\\ENTREGA_05\\2_MDT\\GEOTIFF\\MDT_1418149.tif","SHRT_FNAME":"MDT_1418149.tif","UPPER_LEFT_X":"465960.523","UPPER_LEFT_Y":"9229872.202","LOWER_RIGHT_X":"466962.523","LOWER_RIGHT_Y":"9228870.202"},"geometry":{"type":"Polygon","coordinates":[[[465960.522999999986496,9229872.201999999582767],[466962.522999999986496,9229872.201999999582767],[466962.522999999986496,9228870.201999999582767],[465960.522999999986496,9228870.201999999582767],[465960.522999999986496,9229872.201999999582767]]]}},
{"type":"Feature","properties":{"DESCRIPTION":"MDT_1418148.tif","FILENAME":"U:\\P589_AmazoniaRevelada_BR-319\\LiDAR_dataset\\ENTREGAS\\ENTREGA_05\\2_MDT\\GEOTIFF\\MDT_1418148.tif","SHRT_FNAME":"MDT_1418148.tif","UPPER_LEFT_X":"464960.428","UPPER_LEFT_Y":"9229872.202","LOWER_RIGHT_X":"465962.428","LOWER_RIGHT_Y":"9228870.202"},"geometry":{"type":"Polygon","coordinates":[[[464960.428000000014435,9229872.201999999582767],[465962.428000000014435,9229872.201999999582767],[465962.428000000014435,9228870.201999999582767],[464960.428000000014435,9228870.201999999582767],[464960.428000000014435,9229872.201999999582767]]]}},
{"type":"Feature","properties":{"DESCRIPTION":"MDT_1418147.tif","FILENAME":"U:\\P589_AmazoniaRevelada_BR-319\\LiDAR_dataset\\ENTREGAS\\ENTREGA_05\\2_MDT\\GEOTIFF\\MDT_1418147.tif","SHRT_FNAME":"MDT_1418147.tif","UPPER_LEFT_X":"463960.333","UPPER_LEFT_Y":"9229872.202","LOWER_RIGHT_X":"464962.333","LOWER_RIGHT_Y":"9228870.202"},"geometry":{"type":"Polygon","coordinates":[[[463960.332999999984168,9229872.201999999582767],[464962.332999999984168,9229872.201999999582767],[464962.332999999984168,9228870.201999999582767],[463960.332999999984168,9228870.201999999582767],[463960.332999999984168,9229872.201999999582767]]]}},
{"type":"Feature","properties":{"DESCRIPTION":"MDT_1417193.tif","FILENAME":"U:\\P589_AmazoniaRevelada_BR-319\\LiDAR_dataset\\ENTREGAS\\ENTREGA_05\\2_MDT\\GEOTIFF\\MDT_1417193.tif","SHRT_FNAME":"MDT_1417193.tif","UPPER_LEFT_X":"509964.712","UPPER_LEFT_Y":"9230872.078","LOWER_RIGHT_X":"510966.712","LOWER_RIGHT_Y":"9229870.078"},"geometry":{"type":"Polygon","coordinates":[[[509964.712,9230872.07799999974668],[510966.712,9230872.07799999974668],[510966.712,9229870.07799999974668],[509964.712,9229870.07799999974668],[509964.712,9230872.07799999974668]]]}},
{"type":"Feature","properties":{"DESCRIPTION":"MDT_1417192.tif","FILENAME":"U:\\P589_AmazoniaRevelada_BR-319\\LiDAR_dataset\\ENTREGAS\\ENTREGA_05\\2_MDT\\GEOTIFF\\MDT_1417192.tif","SHRT_FNAME":"MDT_1417192.tif","UPPER_LEFT_X":"508964.617","UPPER_LEFT_Y":"9230872.078","LOWER_RIGHT_X":"509966.617","LOWER_RIGHT_Y":"9229870.078"},"geometry":{"type":"Polygon","coordinates":[[[508964.617000000027474,9230872.07799999974668],[509966.617000000027474,9230872.07799999974668],[509966.617000000027474,9229870.07799999974668],[508964.617000000027474,9229870.07799999974668],[508964.617000000027474,9230872.07799999974668]]]}},
{"type":"Feature","properties":{"DESCRIPTION":"MDT_1417191.tif","FILENAME":"U:\\P589_AmazoniaRevelada_BR-319\\LiDAR_dataset\\ENTREGAS\\ENTREGA_05\\2_MDT\\GEOTIFF\\MDT_1417191.tif","SHRT_FNAME":"MDT_1417191.tif","UPPER_LEFT_X":"507964.522","UPPER_LEFT_Y":"9230872.078","LOWER_RIGHT_X":"508966.522","LOWER_RIGHT_Y":"9229870.078"},"geometry":{"type":"Polygon","coordinates":[[[507964.522,9230872.07799999974668],[508966.522,9230872.07799999974668],[508966.522,9229870.07799999974668],[507964.522,9229870.07799999974668],[507964.522,9230872.07799999974668]]]}},
{"type":"Feature","properties":{"DESCRIPTION":"MDT_1417190.tif","FILENAME":"U:\\P589_AmazoniaRevelada_BR-319\\LiDAR_dataset\\ENTREGAS\\ENTREGA_05\\2_MDT\\GEOTIFF\\MDT_1417190.tif","SHRT_FNAME":"MDT_1417190.tif","UPPER_LEFT_X":"506964.426","UPPER_LEFT_Y":"9230872.078","LOWER_RIGHT_X":"507966.426","LOWER_RIGHT_Y":"9229870.078"},"geometry":{"type":"Polygon","coordinates":[[[506964.425999999977648,9230872.07799999974668],[507966.425999999977648,9230872.07799999974668],[507966.425999999977648,9229870.07799999974668],[506964.425999999977648,9229870.07799999974668],[506964.425999999977648,9230872.07799999974668]]]}},
{"type":"Feature","properties":{"DESCRIPTION":"MDT_1417189.tif","FILENAME":"U:\\P589_AmazoniaRevelada_BR-319\\LiDAR_dataset\\ENTREGAS\\ENTREGA_05\\2_MDT\\GEOTIFF\\MDT_1417189.tif","SHRT_FNAME":"MDT_1417189.tif","UPPER_LEFT_X":"505964.331","UPPER_LEFT_Y":"9230872.078","LOWER_RIGHT_X":"506966.331","LOWER_RIGHT_Y":"9229870.078"},"geometry":{"type":"Polygon","coordinates":[[[505964.331,9230872.07799999974668],[506966.331,9230872.07799999974668],[506966.331,9229870.07799999974668],[505964.331,9229870.07799999974668],[505964.331,9230872.07799999974668]]]}},
{"type":"Feature","properties":{"DESCRIPTION":"MDT_1417188.tif","FILENAME":"U:\\P589_AmazoniaRevelada_BR-319\\LiDAR_dataset\\ENTREGAS\\ENTREGA_05\\2_MDT\\GEOTIFF\\MDT_1417188.tif","SHRT_FNAME":"MDT_1417188.tif","UPPER_LEFT_X":"504964.236","UPPER_LEFT_Y":"9230872.078","LOWER_RIGHT_X":"505966.236","LOWER_RIGHT_Y":"9229870.078"},"geometry":{"type":"Polygon","coordinates":[[[504964.23599999997532,9230872.07799999974668],[505966.23599999997532,9230872.07799999974668],[505966.23599999997532,9229870.07799999974668],[504964.23599999997532,9229870.07799999974668],[504964.23599999997532,9230872.07799999974668]]]}},
{"type":"Feature","properties":{"DESCRIPTION":"MDT_1417187.tif","FILENAME":"U:\\P589_AmazoniaRevelada_BR-319\\LiDAR_dataset\\ENTREGAS\\ENTREGA_05\\2_MDT\\GEOTIFF\\MDT_1417187.tif","SHRT_FNAME":"MDT_1417187.tif","UPPER_LEFT_X":"503964.141","UPPER_LEFT_Y":"9230872.078","LOWER_RIGHT_X":"504966.141","LOWER_RIGHT_Y":"9229870.078"},"geometry":{"type":"Polygon","coordinates":[[[503964.141,9230872.07799999974668],[504966.141,9230872.07799999974668],[504966.141,9229870.07799999974668],[503964.141,9229870.07799999974668],[503964.141,9230872.07799999974668]]]}},
{"type":"Feature","properties":{"DESCRIPTION":"MDT_1417186.tif","FILENAME":"U:\\P589_AmazoniaRevelada_BR-319\\LiDAR_dataset\\ENTREGAS\\ENTREGA_05\\2_MDT\\GEOTIFF\\MDT_1417186.tif","SHRT_FNAME":"MDT_1417186.tif","UPPER_LEFT_X":"502964.046","UPPER_LEFT_Y":"9230872.078","LOWER_RIGHT_X":"503966.046","LOWER_RIGHT_Y":"9229870.078"},"geometry":{"type":"Polygon","coordinates":[[[502964.045999999972992,9230872.07799999974668],[503966.045999999972992,9230872.07799999974668],[503966.045999999972992,9229870.07799999974668],[502964.045999999972992,9229870.07799999974668],[502964.045999999972992,9230872.07799999974668]]]}},
{"type":"Feature","properties":{"DESCRIPTION":"MDT_1417185.tif","FILENAME":"U:\\P589_AmazoniaRevelada_BR-319\\LiDAR_dataset\\ENTREGAS\\ENTREGA_05\\2_MDT\\GEOTIFF\\MDT_1417185.tif","SHRT_FNAME":"MDT_1417185.tif","UPPER_LEFT_X":"501963.950","UPPER_LEFT_Y":"9230872.078","LOWER_RIGHT_X":"502965.950","LOWER_RIGHT_Y":"9229870.078"},"geometry":{"type":"Polygon","coordinates":[[[501963.950000000011642,9230872.07799999974668],[502965.950000000011642,9230872.07799999974668],[502965.950000000011642,9229870.07799999974668],[501963.950000000011642,9229870.07799999974668],[501963.950000000011642,9230872.07799999974668]]]}},
{"type":"Feature","properties":{"DESCRIPTION":"MDT_1417184.tif","FILENAME":"U:\\P589_AmazoniaRevelada_BR-319\\LiDAR_dataset\\ENTREGAS\\ENTREGA_05\\2_MDT\\GEOTIFF\\MDT_1417184.tif","SHRT_FNAME":"MDT_1417184.tif","UPPER_LEFT_X":"500963.855","UPPER_LEFT_Y":"9230872.078","LOWER_RIGHT_X":"501965.855","LOWER_RIGHT_Y":"9229870.078"},"geometry":{"type":"Polygon","coordinates":[[[500963.854999999981374,9230872.07799999974668],[501965.854999999981374,9230872.07799999974668],[501965.854999999981374,9229870.07799999974668],[500963.854999999981374,9229870.07799999974668],[500963.854999999981374,9230872.07799999974668]]]}},
{"type":"Feature","properties":{"DESCRIPTION":"MDT_1417183.tif","FILENAME":"U:\\P589_AmazoniaRevelada_BR-319\\LiDAR_dataset\\ENTREGAS\\ENTREGA_05\\2_MDT\\GEOTIFF\\MDT_1417183.tif","SHRT_FNAME":"MDT_1417183.tif","UPPER_LEFT_X":"499963.760","UPPER_LEFT_Y":"9230872.078","LOWER_RIGHT_X":"500965.760","LOWER_RIGHT_Y":"9229870.078"},"geometry":{"type":"Polygon","coordinates":[[[499963.76,9230872.07799999974668],[500965.76,9230872.07799999974668],[500965.76,9229870.07799999974668],[499963.76,9229870.07799999974668],[499963.76,9230872.07799999974668]]]}},
{"type":"Feature","properties":{"DESCRIPTION":"MDT_1417182.tif","FILENAME":"U:\\P589_AmazoniaRevelada_BR-319\\LiDAR_dataset\\ENTREGAS\\ENTREGA_05\\2_MDT\\GEOTIFF\\MDT_1417182.tif","SHRT_FNAME":"MDT_1417182.tif","UPPER_LEFT_X":"498963.665","UPPER_LEFT_Y":"9230872.078","LOWER_RIGHT_X":"499965.665","LOWER_RIGHT_Y":"9229870.078"},"geometry":{"type":"Polygon","coordinates":[[[498963.664999999979045,9230872.07799999974668],[499965.664999999979045,9230872.07799999974668],[499965.664999999979045,9229870.07799999974668],[498963.664999999979045,9229870.07799999974668],[498963.664999999979045,9230872.07799999974668]]]}},
{"type":"Feature","properties":{"DESCRIPTION":"MDT_1417181.tif","FILENAME":"U:\\P589_AmazoniaRevelada_BR-319\\LiDAR_dataset\\ENTREGAS\\ENTREGA_05\\2_MDT\\GEOTIFF\\MDT_1417181.tif","SHRT_FNAME":"MDT_1417181.tif","UPPER_LEFT_X":"497963.570","UPPER_LEFT_Y":"9230872.078","LOWER_RIGHT_X":"498965.570","LOWER_RIGHT_Y":"9229870.078"},"geometry":{"type":"Polygon","coordinates":[[[497963.57,9230872.07799999974668],[498965.57,9230872.07799999974668],[498965.57,9229870.07799999974668],[497963.57,9229870.07799999974668],[497963.57,9230872.07799999974668]]]}},
{"type":"Feature","properties":{"DESCRIPTION":"MDT_1417180.tif","FILENAME":"U:\\P589_AmazoniaRevelada_BR-319\\LiDAR_dataset\\ENTREGAS\\ENTREGA_05\\2_MDT\\GEOTIFF\\MDT_1417180.tif","SHRT_FNAME":"MDT_1417180.tif","UPPER_LEFT_X":"496963.474","UPPER_LEFT_Y":"9230872.078","LOWER_RIGHT_X":"497965.474","LOWER_RIGHT_Y":"9229870.078"},"geometry":{"type":"Polygon","coordinates":[[[496963.473999999987427,9230872.07799999974668],[497965.473999999987427,9230872.07799999974668],[497965.473999999987427,9229870.07799999974668],[496963.473999999987427,9229870.07799999974668],[496963.473999999987427,9230872.07799999974668]]]}},
{"type":"Feature","properties":{"DESCRIPTION":"MDT_1417179.tif","FILENAME":"U:\\P589_AmazoniaRevelada_BR-319\\LiDAR_dataset\\ENTREGAS\\ENTREGA_05\\2_MDT\\GEOTIFF\\MDT_1417179.tif","SHRT_FNAME":"MDT_1417179.tif","UPPER_LEFT_X":"495963.379","UPPER_LEFT_Y":"9230872.078","LOWER_RIGHT_X":"496965.379","LOWER_RIGHT_Y":"9229870.078"},"geometry":{"type":"Polygon","coordinates":[[[495963.379000000015367,9230872.07799999974668],[496965.379000000015367,9230872.07799999974668],[496965.379000000015367,9229870.07799999974668],[495963.379000000015367,9229870.07799999974668],[495963.379000000015367,9230872.07799999974668]]]}},
{"type":"Feature","properties":{"DESCRIPTION":"MDT_1417178.tif","FILENAME":"U:\\P589_AmazoniaRevelada_BR-319\\LiDAR_dataset\\ENTREGAS\\ENTREGA_05\\2_MDT\\GEOTIFF\\MDT_1417178.tif","SHRT_FNAME":"MDT_1417178.tif","UPPER_LEFT_X":"494963.284","UPPER_LEFT_Y":"9230872.078","LOWER_RIGHT_X":"495965.284","LOWER_RIGHT_Y":"9229870.078"},"geometry":{"type":"Polygon","coordinates":[[[494963.283999999985099,9230872.07799999974668],[495965.283999999985099,9230872.07799999974668],[495965.283999999985099,9229870.07799999974668],[494963.283999999985099,9229870.07799999974668],[494963.283999999985099,9230872.07799999974668]]]}},
{"type":"Feature","properties":{"DESCRIPTION":"MDT_1417177.tif","FILENAME":"U:\\P589_AmazoniaRevelada_BR-319\\LiDAR_dataset\\ENTREGAS\\ENTREGA_05\\2_MDT\\GEOTIFF\\MDT_1417177.tif","SHRT_FNAME":"MDT_1417177.tif","UPPER_LEFT_X":"493963.189","UPPER_LEFT_Y":"9230872.078","LOWER_RIGHT_X":"494965.189","LOWER_RIGHT_Y":"9229870.078"},"geometry":{"type":"Polygon","coordinates":[[[493963.189000000013039,9230872.07799999974668],[494965.189000000013039,9230872.07799999974668],[494965.189000000013039,9229870.07799999974668],[493963.189000000013039,9229870.07799999974668],[493963.189000000013039,9230872.07799999974668]]]}},
{"type":"Feature","properties":{"DESCRIPTION":"MDT_1417176.tif","FILENAME":"U:\\P589_AmazoniaRevelada_BR-319\\LiDAR_dataset\\ENTREGAS\\ENTREGA_05\\2_MDT\\GEOTIFF\\MDT_1417176.tif","SHRT_FNAME":"MDT_1417176.tif","UPPER_LEFT_X":"492963.094","UPPER_LEFT_Y":"9230872.078","LOWER_RIGHT_X":"493965.094","LOWER_RIGHT_Y":"9229870.078"},"geometry":{"type":"Polygon","coordinates":[[[492963.093999999982771,9230872.07799999974668],[493965.093999999982771,9230872.07799999974668],[493965.093999999982771,9229870.07799999974668],[492963.093999999982771,9229870.07799999974668],[492963.093999999982771,9230872.07799999974668]]]}},
{"type":"Feature","properties":{"DESCRIPTION":"MDT_1417175.tif","FILENAME":"U:\\P589_AmazoniaRevelada_BR-319\\LiDAR_dataset\\ENTREGAS\\ENTREGA_05\\2_MDT\\GEOTIFF\\MDT_1417175.tif","SHRT_FNAME":"MDT_1417175.tif","UPPER_LEFT_X":"491962.998","UPPER_LEFT_Y":"9230872.078","LOWER_RIGHT_X":"492964.998","LOWER_RIGHT_Y":"9229870.078"},"geometry":{"type":"Polygon","coordinates":[[[491962.99800000002142,9230872.07799999974668],[492964.99800000002142,9230872.07799999974668],[492964.99800000002142,9229870.07799999974668],[491962.99800000002142,9229870.07799999974668],[491962.99800000002142,9230872.07799999974668]]]}},
{"type":"Feature","properties":{"DESCRIPTION":"MDT_1417174.tif","FILENAME":"U:\\P589_AmazoniaRevelada_BR-319\\LiDAR_dataset\\ENTREGAS\\ENTREGA_05\\2_MDT\\GEOTIFF\\MDT_1417174.tif","SHRT_FNAME":"MDT_1417174.tif","UPPER_LEFT_X":"490962.903","UPPER_LEFT_Y":"9230872.078","LOWER_RIGHT_X":"491964.903","LOWER_RIGHT_Y":"9229870.078"},"geometry":{"type":"Polygon","coordinates":[[[490962.903,9230872.07799999974668],[491964.903,9230872.07799999974668],[491964.903,9229870.07799999974668],[490962.903,9229870.07799999974668],[490962.903,9230872.07799999974668]]]}},
{"type":"Feature","properties":{"DESCRIPTION":"MDT_1417173.tif","FILENAME":"U:\\P589_AmazoniaRevelada_BR-319\\LiDAR_dataset\\ENTREGAS\\ENTREGA_05\\2_MDT\\GEOTIFF\\MDT_1417173.tif","SHRT_FNAME":"MDT_1417173.tif","UPPER_LEFT_X":"489962.808","UPPER_LEFT_Y":"9230872.078","LOWER_RIGHT_X":"490964.808","LOWER_RIGHT_Y":"9229870.078"},"geometry":{"type":"Polygon","coordinates":[[[489962.808000000019092,9230872.07799999974668],[490964.808000000019092,9230872.07799999974668],[490964.808000000019092,9229870.07799999974668],[489962.808000000019092,9229870.07799999974668],[489962.808000000019092,9230872.07799999974668]]]}},
{"type":"Feature","properties":{"DESCRIPTION":"MDT_1417172.tif","FILENAME":"U:\\P589_AmazoniaRevelada_BR-319\\LiDAR_dataset\\ENTREGAS\\ENTREGA_05\\2_MDT\\GEOTIFF\\MDT_1417172.tif","SHRT_FNAME":"MDT_1417172.tif","UPPER_LEFT_X":"488962.713","UPPER_LEFT_Y":"9230872.078","LOWER_RIGHT_X":"489964.713","LOWER_RIGHT_Y":"9229870.078"},"geometry":{"type":"Polygon","coordinates":[[[488962.712999999988824,9230872.07799999974668],[489964.712999999988824,9230872.07799999974668],[489964.712999999988824,9229870.07799999974668],[488962.712999999988824,9229870.07799999974668],[488962.712999999988824,9230872.07799999974668]]]}},
{"type":"Feature","properties":{"DESCRIPTION":"MDT_1417171.tif","FILENAME":"U:\\P589_AmazoniaRevelada_BR-319\\LiDAR_dataset\\ENTREGAS\\ENTREGA_05\\2_MDT\\GEOTIFF\\MDT_1417171.tif","SHRT_FNAME":"MDT_1417171.tif","UPPER_LEFT_X":"487962.618","UPPER_LEFT_Y":"9230872.078","LOWER_RIGHT_X":"488964.618","LOWER_RIGHT_Y":"9229870.078"},"geometry":{"type":"Polygon","coordinates":[[[487962.618000000016764,9230872.07799999974668],[488964.618000000016764,9230872.07799999974668],[488964.618000000016764,9229870.07799999974668],[487962.618000000016764,9229870.07799999974668],[487962.618000000016764,9230872.07799999974668]]]}},
{"type":"Feature","properties":{"DESCRIPTION":"MDT_1417170.tif","FILENAME":"U:\\P589_AmazoniaRevelada_BR-319\\LiDAR_dataset\\ENTREGAS\\ENTREGA_05\\2_MDT\\GEOTIFF\\MDT_1417170.tif","SHRT_FNAME":"MDT_1417170.tif","UPPER_LEFT_X":"486962.522","UPPER_LEFT_Y":"9230872.078","LOWER_RIGHT_X":"487964.522","LOWER_RIGHT_Y":"9229870.078"},"geometry":{"type":"Polygon","coordinates":[[[486962.522,9230872.07799999974668],[487964.522,9230872.07799999974668],[487964.522,9229870.07799999974668],[486962.522,9229870.07799999974668],[486962.522,9230872.07799999974668]]]}},
{"type":"Feature","properties":{"DESCRIPTION":"MDT_1417169.tif","FILENAME":"U:\\P589_AmazoniaRevelada_BR-319\\LiDAR_dataset\\ENTREGAS\\ENTREGA_05\\2_MDT\\GEOTIFF\\MDT_1417169.tif","SHRT_FNAME":"MDT_1417169.tif","UPPER_LEFT_X":"485962.427","UPPER_LEFT_Y":"9230872.078","LOWER_RIGHT_X":"486964.427","LOWER_RIGHT_Y":"9229870.078"},"geometry":{"type":"Polygon","coordinates":[[[485962.427000000025146,9230872.07799999974668],[486964.427000000025146,9230872.07799999974668],[486964.427000000025146,9229870.07799999974668],[485962.427000000025146,9229870.07799999974668],[485962.427000000025146,9230872.07799999974668]]]}},
{"type":"Feature","properties":{"DESCRIPTION":"MDT_1417168.tif","FILENAME":"U:\\P589_AmazoniaRevelada_BR-319\\LiDAR_dataset\\ENTREGAS\\ENTREGA_05\\2_MDT\\GEOTIFF\\MDT_1417168.tif","SHRT_FNAME":"MDT_1417168.tif","UPPER_LEFT_X":"484962.332","UPPER_LEFT_Y":"9230872.078","LOWER_RIGHT_X":"485964.332","LOWER_RIGHT_Y":"9229870.078"},"geometry":{"type":"Polygon","coordinates":[[[484962.332,9230872.07799999974668],[485964.332,9230872.07799999974668],[485964.332,9229870.07799999974668],[484962.332,9229870.07799999974668],[484962.332,9230872.07799999974668]]]}},
{"type":"Feature","properties":{"DESCRIPTION":"MDT_1417167.tif","FILENAME":"U:\\P589_AmazoniaRevelada_BR-319\\LiDAR_dataset\\ENTREGAS\\ENTREGA_05\\2_MDT\\GEOTIFF\\MDT_1417167.tif","SHRT_FNAME":"MDT_1417167.tif","UPPER_LEFT_X":"483962.237","UPPER_LEFT_Y":"9230872.078","LOWER_RIGHT_X":"484964.237","LOWER_RIGHT_Y":"9229870.078"},"geometry":{"type":"Polygon","coordinates":[[[483962.237000000022817,9230872.07799999974668],[484964.237000000022817,9230872.07799999974668],[484964.237000000022817,9229870.07799999974668],[483962.237000000022817,9229870.07799999974668],[483962.237000000022817,9230872.07799999974668]]]}},
{"type":"Feature","properties":{"DESCRIPTION":"MDT_1417166.tif","FILENAME":"U:\\P589_AmazoniaRevelada_BR-319\\LiDAR_dataset\\ENTREGAS\\ENTREGA_05\\2_MDT\\GEOTIFF\\MDT_1417166.tif","SHRT_FNAME":"MDT_1417166.tif","UPPER_LEFT_X":"482962.142","UPPER_LEFT_Y":"9230872.078","LOWER_RIGHT_X":"483964.142","LOWER_RIGHT_Y":"9229870.078"},"geometry":{"type":"Polygon","coordinates":[[[482962.142,9230872.07799999974668],[483964.142,9230872.07799999974668],[483964.142,9229870.07799999974668],[482962.142,9229870.07799999974668],[482962.142,9230872.07799999974668]]]}},
{"type":"Feature","properties":{"DESCRIPTION":"MDT_1417165.tif","FILENAME":"U:\\P589_AmazoniaRevelada_BR-319\\LiDAR_dataset\\ENTREGAS\\ENTREGA_05\\2_MDT\\GEOTIFF\\MDT_1417165.tif","SHRT_FNAME":"MDT_1417165.tif","UPPER_LEFT_X":"481962.046","UPPER_LEFT_Y":"9230872.078","LOWER_RIGHT_X":"482964.046","LOWER_RIGHT_Y":"9229870.078"},"geometry":{"type":"Polygon","coordinates":[[[481962.045999999972992,9230872.07799999974668],[482964.045999999972992,9230872.07799999974668],[482964.045999999972992,9229870.07799999974668],[481962.045999999972992,9229870.07799999974668],[481962.045999999972992,9230872.07799999974668]]]}},
{"type":"Feature","properties":{"DESCRIPTION":"MDT_1417164.tif","FILENAME":"U:\\P589_AmazoniaRevelada_BR-319\\LiDAR_dataset\\ENTREGAS\\ENTREGA_05\\2_MDT\\GEOTIFF\\MDT_1417164.tif","SHRT_FNAME":"MDT_1417164.tif","UPPER_LEFT_X":"480961.951","UPPER_LEFT_Y":"9230872.078","LOWER_RIGHT_X":"481963.951","LOWER_RIGHT_Y":"9229870.078"},"geometry":{"type":"Polygon","coordinates":[[[480961.951,9230872.07799999974668],[481963.951,9230872.07799999974668],[481963.951,9229870.07799999974668],[480961.951,9229870.07799999974668],[480961.951,9230872.07799999974668]]]}},
{"type":"Feature","properties":{"DESCRIPTION":"MDT_1417163.tif","FILENAME":"U:\\P589_AmazoniaRevelada_BR-319\\LiDAR_dataset\\ENTREGAS\\ENTREGA_05\\2_MDT\\GEOTIFF\\MDT_1417163.tif","SHRT_FNAME":"MDT_1417163.tif","UPPER_LEFT_X":"479961.856","UPPER_LEFT_Y":"9230872.078","LOWER_RIGHT_X":"480963.856","LOWER_RIGHT_Y":"9229870.078"},"geometry":{"type":"Polygon","coordinates":[[[479961.856000000028871,9230872.07799999974668],[480963.856000000028871,9230872.07799999974668],[480963.856000000028871,9229870.07799999974668],[479961.856000000028871,9229870.07799999974668],[479961.856000000028871,9230872.07799999974668]]]}},
{"type":"Feature","properties":{"DESCRIPTION":"MDT_1417162.tif","FILENAME":"U:\\P589_AmazoniaRevelada_BR-319\\LiDAR_dataset\\ENTREGAS\\ENTREGA_05\\2_MDT\\GEOTIFF\\MDT_1417162.tif","SHRT_FNAME":"MDT_1417162.tif","UPPER_LEFT_X":"478961.761","UPPER_LEFT_Y":"9230872.078","LOWER_RIGHT_X":"479963.761","LOWER_RIGHT_Y":"9229870.078"},"geometry":{"type":"Polygon","coordinates":[[[478961.761,9230872.07799999974668],[479963.761,9230872.07799999974668],[479963.761,9229870.07799999974668],[478961.761,9229870.07799999974668],[478961.761,9230872.07799999974668]]]}},
{"type":"Feature","properties":{"DESCRIPTION":"MDT_1417161.tif","FILENAME":"U:\\P589_AmazoniaRevelada_BR-319\\LiDAR_dataset\\ENTREGAS\\ENTREGA_05\\2_MDT\\GEOTIFF\\MDT_1417161.tif","SHRT_FNAME":"MDT_1417161.tif","UPPER_LEFT_X":"477961.666","UPPER_LEFT_Y":"9230872.078","LOWER_RIGHT_X":"478963.666","LOWER_RIGHT_Y":"9229870.078"},"geometry":{"type":"Polygon","coordinates":[[[477961.666000000026543,9230872.07799999974668],[478963.666000000026543,9230872.07799999974668],[478963.666000000026543,9229870.07799999974668],[477961.666000000026543,9229870.07799999974668],[477961.666000000026543,9230872.07799999974668]]]}},
{"type":"Feature","properties":{"DESCRIPTION":"MDT_1417160.tif","FILENAME":"U:\\P589_AmazoniaRevelada_BR-319\\LiDAR_dataset\\ENTREGAS\\ENTREGA_05\\2_MDT\\GEOTIFF\\MDT_1417160.tif","SHRT_FNAME":"MDT_1417160.tif","UPPER_LEFT_X":"476961.570","UPPER_LEFT_Y":"9230872.078","LOWER_RIGHT_X":"477963.570","LOWER_RIGHT_Y":"9229870.078"},"geometry":{"type":"Polygon","coordinates":[[[476961.57,9230872.07799999974668],[477963.57,9230872.07799999974668],[477963.57,9229870.07799999974668],[476961.57,9229870.07799999974668],[476961.57,9230872.07799999974668]]]}},
{"type":"Feature","properties":{"DESCRIPTION":"MDT_1417159.tif","FILENAME":"U:\\P589_AmazoniaRevelada_BR-319\\LiDAR_dataset\\ENTREGAS\\ENTREGA_05\\2_MDT\\GEOTIFF\\MDT_1417159.tif","SHRT_FNAME":"MDT_1417159.tif","UPPER_LEFT_X":"475961.475","UPPER_LEFT_Y":"9230872.078","LOWER_RIGHT_X":"476963.475","LOWER_RIGHT_Y":"9229870.078"},"geometry":{"type":"Polygon","coordinates":[[[475961.474999999976717,9230872.07799999974668],[476963.474999999976717,9230872.07799999974668],[476963.474999999976717,9229870.07799999974668],[475961.474999999976717,9229870.07799999974668],[475961.474999999976717,9230872.07799999974668]]]}},
{"type":"Feature","properties":{"DESCRIPTION":"MDT_1417158.tif","FILENAME":"U:\\P589_AmazoniaRevelada_BR-319\\LiDAR_dataset\\ENTREGAS\\ENTREGA_05\\2_MDT\\GEOTIFF\\MDT_1417158.tif","SHRT_FNAME":"MDT_1417158.tif","UPPER_LEFT_X":"474961.380","UPPER_LEFT_Y":"9230872.078","LOWER_RIGHT_X":"475963.380","LOWER_RIGHT_Y":"9229870.078"},"geometry":{"type":"Polygon","coordinates":[[[474961.38,9230872.07799999974668],[475963.38,9230872.07799999974668],[475963.38,9229870.07799999974668],[474961.38,9229870.07799999974668],[474961.38,9230872.07799999974668]]]}},
{"type":"Feature","properties":{"DESCRIPTION":"MDT_1417157.tif","FILENAME":"U:\\P589_AmazoniaRevelada_BR-319\\LiDAR_dataset\\ENTREGAS\\ENTREGA_05\\2_MDT\\GEOTIFF\\MDT_1417157.tif","SHRT_FNAME":"MDT_1417157.tif","UPPER_LEFT_X":"473961.285","UPPER_LEFT_Y":"9230872.078","LOWER_RIGHT_X":"474963.285","LOWER_RIGHT_Y":"9229870.078"},"geometry":{"type":"Polygon","coordinates":[[[473961.284999999974389,9230872.07799999974668],[474963.284999999974389,9230872.07799999974668],[474963.284999999974389,9229870.07799999974668],[473961.284999999974389,9229870.07799999974668],[473961.284999999974389,9230872.07799999974668]]]}},
{"type":"Feature","properties":{"DESCRIPTION":"MDT_1417156.tif","FILENAME":"U:\\P589_AmazoniaRevelada_BR-319\\LiDAR_dataset\\ENTREGAS\\ENTREGA_05\\2_MDT\\GEOTIFF\\MDT_1417156.tif","SHRT_FNAME":"MDT_1417156.tif","UPPER_LEFT_X":"472961.190","UPPER_LEFT_Y":"9230872.078","LOWER_RIGHT_X":"473963.190","LOWER_RIGHT_Y":"9229870.078"},"geometry":{"type":"Polygon","coordinates":[[[472961.19,9230872.07799999974668],[473963.19,9230872.07799999974668],[473963.19,9229870.07799999974668],[472961.19,9229870.07799999974668],[472961.19,9230872.07799999974668]]]}},
{"type":"Feature","properties":{"DESCRIPTION":"MDT_1417155.tif","FILENAME":"U:\\P589_AmazoniaRevelada_BR-319\\LiDAR_dataset\\ENTREGAS\\ENTREGA_05\\2_MDT\\GEOTIFF\\MDT_1417155.tif","SHRT_FNAME":"MDT_1417155.tif","UPPER_LEFT_X":"471961.094","UPPER_LEFT_Y":"9230872.078","LOWER_RIGHT_X":"472963.094","LOWER_RIGHT_Y":"9229870.078"},"geometry":{"type":"Polygon","coordinates":[[[471961.093999999982771,9230872.07799999974668],[472963.093999999982771,9230872.07799999974668],[472963.093999999982771,9229870.07799999974668],[471961.093999999982771,9229870.07799999974668],[471961.093999999982771,9230872.07799999974668]]]}},
{"type":"Feature","properties":{"DESCRIPTION":"MDT_1417154.tif","FILENAME":"U:\\P589_AmazoniaRevelada_BR-319\\LiDAR_dataset\\ENTREGAS\\ENTREGA_05\\2_MDT\\GEOTIFF\\MDT_1417154.tif","SHRT_FNAME":"MDT_1417154.tif","UPPER_LEFT_X":"470960.999","UPPER_LEFT_Y":"9230872.078","LOWER_RIGHT_X":"471962.999","LOWER_RIGHT_Y":"9229870.078"},"geometry":{"type":"Polygon","coordinates":[[[470960.99900000001071,9230872.07799999974668],[471962.99900000001071,9230872.07799999974668],[471962.99900000001071,9229870.07799999974668],[470960.99900000001071,9229870.07799999974668],[470960.99900000001071,9230872.07799999974668]]]}},
{"type":"Feature","properties":{"DESCRIPTION":"MDT_1417153.tif","FILENAME":"U:\\P589_AmazoniaRevelada_BR-319\\LiDAR_dataset\\ENTREGAS\\ENTREGA_05\\2_MDT\\GEOTIFF\\MDT_1417153.tif","SHRT_FNAME":"MDT_1417153.tif","UPPER_LEFT_X":"469960.904","UPPER_LEFT_Y":"9230872.078","LOWER_RIGHT_X":"470962.904","LOWER_RIGHT_Y":"9229870.078"},"geometry":{"type":"Polygon","coordinates":[[[469960.903999999980442,9230872.07799999974668],[470962.903999999980442,9230872.07799999974668],[470962.903999999980442,9229870.07799999974668],[469960.903999999980442,9229870.07799999974668],[469960.903999999980442,9230872.07799999974668]]]}},
{"type":"Feature","properties":{"DESCRIPTION":"MDT_1417152.tif","FILENAME":"U:\\P589_AmazoniaRevelada_BR-319\\LiDAR_dataset\\ENTREGAS\\ENTREGA_05\\2_MDT\\GEOTIFF\\MDT_1417152.tif","SHRT_FNAME":"MDT_1417152.tif","UPPER_LEFT_X":"468960.809","UPPER_LEFT_Y":"9230872.078","LOWER_RIGHT_X":"469962.809","LOWER_RIGHT_Y":"9229870.078"},"geometry":{"type":"Polygon","coordinates":[[[468960.809,9230872.07799999974668],[469962.809,9230872.07799999974668],[469962.809,9229870.07799999974668],[468960.809,9229870.07799999974668],[468960.809,9230872.07799999974668]]]}},
{"type":"Feature","properties":{"DESCRIPTION":"MDT_1417151.tif","FILENAME":"U:\\P589_AmazoniaRevelada_BR-319\\LiDAR_dataset\\ENTREGAS\\ENTREGA_05\\2_MDT\\GEOTIFF\\MDT_1417151.tif","SHRT_FNAME":"MDT_1417151.tif","UPPER_LEFT_X":"467960.714","UPPER_LEFT_Y":"9230872.078","LOWER_RIGHT_X":"468962.714","LOWER_RIGHT_Y":"9229870.078"},"geometry":{"type":"Polygon","coordinates":[[[467960.713999999978114,9230872.07799999974668],[468962.713999999978114,9230872.07799999974668],[468962.713999999978114,9229870.07799999974668],[467960.713999999978114,9229870.07799999974668],[467960.713999999978114,9230872.07799999974668]]]}},
{"type":"Feature","properties":{"DESCRIPTION":"MDT_1417150.tif","FILENAME":"U:\\P589_AmazoniaRevelada_BR-319\\LiDAR_dataset\\ENTREGAS\\ENTREGA_05\\2_MDT\\GEOTIFF\\MDT_1417150.tif","SHRT_FNAME":"MDT_1417150.tif","UPPER_LEFT_X":"466960.618","UPPER_LEFT_Y":"9230872.078","LOWER_RIGHT_X":"467962.618","LOWER_RIGHT_Y":"9229870.078"},"geometry":{"type":"Polygon","coordinates":[[[466960.618000000016764,9230872.07799999974668],[467962.618000000016764,9230872.07799999974668],[467962.618000000016764,9229870.07799999974668],[466960.618000000016764,9229870.07799999974668],[466960.618000000016764,9230872.07799999974668]]]}},
{"type":"Feature","properties":{"DESCRIPTION":"MDT_1417149.tif","FILENAME":"U:\\P589_AmazoniaRevelada_BR-319\\LiDAR_dataset\\ENTREGAS\\ENTREGA_05\\2_MDT\\GEOTIFF\\MDT_1417149.tif","SHRT_FNAME":"MDT_1417149.tif","UPPER_LEFT_X":"465960.523","UPPER_LEFT_Y":"9230872.078","LOWER_RIGHT_X":"466962.523","LOWER_RIGHT_Y":"9229870.078"},"geometry":{"type":"Polygon","coordinates":[[[465960.522999999986496,9230872.07799999974668],[466962.522999999986496,9230872.07799999974668],[466962.522999999986496,9229870.07799999974668],[465960.522999999986496,9229870.07799999974668],[465960.522999999986496,9230872.07799999974668]]]}},
{"type":"Feature","properties":{"DESCRIPTION":"MDT_1417148.tif","FILENAME":"U:\\P589_AmazoniaRevelada_BR-319\\LiDAR_dataset\\ENTREGAS\\ENTREGA_05\\2_MDT\\GEOTIFF\\MDT_1417148.tif","SHRT_FNAME":"MDT_1417148.tif","UPPER_LEFT_X":"464960.428","UPPER_LEFT_Y":"9230872.078","LOWER_RIGHT_X":"465962.428","LOWER_RIGHT_Y":"9229870.078"},"geometry":{"type":"Polygon","coordinates":[[[464960.428000000014435,9230872.07799999974668],[465962.428000000014435,9230872.07799999974668],[465962.428000000014435,9229870.07799999974668],[464960.428000000014435,9229870.07799999974668],[464960.428000000014435,9230872.07799999974668]]]}},
{"type":"Feature","properties":{"DESCRIPTION":"MDT_1417147.tif","FILENAME":"U:\\P589_AmazoniaRevelada_BR-319\\LiDAR_dataset\\ENTREGAS\\ENTREGA_05\\2_MDT\\GEOTIFF\\MDT_1417147.tif","SHRT_FNAME":"MDT_1417147.tif","UPPER_LEFT_X":"463960.333","UPPER_LEFT_Y":"9230872.078","LOWER_RIGHT_X":"464962.333","LOWER_RIGHT_Y":"9229870.078"},"geometry":{"type":"Polygon","coordinates":[[[463960.332999999984168,9230872.07799999974668],[464962.332999999984168,9230872.07799999974668],[464962.332999999984168,9229870.07799999974668],[463960.332999999984168,9229870.07799999974668],[463960.332999999984168,9230872.07799999974668]]]}},
{"type":"Feature","properties":{"DESCRIPTION":"MDT_1416193.tif","FILENAME":"U:\\P589_AmazoniaRevelada_BR-319\\LiDAR_dataset\\ENTREGAS\\ENTREGA_05\\2_MDT\\GEOTIFF\\MDT_1416193.tif","SHRT_FNAME":"MDT_1416193.tif","UPPER_LEFT_X":"509964.712","UPPER_LEFT_Y":"9231871.953","LOWER_RIGHT_X":"510966.712","LOWER_RIGHT_Y":"9230869.953"},"geometry":{"type":"Polygon","coordinates":[[[509964.712,9231871.95299999974668],[510966.712,9231871.95299999974668],[510966.712,9230869.95299999974668],[509964.712,9230869.95299999974668],[509964.712,9231871.95299999974668]]]}},
{"type":"Feature","properties":{"DESCRIPTION":"MDT_1416192.tif","FILENAME":"U:\\P589_AmazoniaRevelada_BR-319\\LiDAR_dataset\\ENTREGAS\\ENTREGA_05\\2_MDT\\GEOTIFF\\MDT_1416192.tif","SHRT_FNAME":"MDT_1416192.tif","UPPER_LEFT_X":"508964.617","UPPER_LEFT_Y":"9231871.953","LOWER_RIGHT_X":"509966.617","LOWER_RIGHT_Y":"9230869.953"},"geometry":{"type":"Polygon","coordinates":[[[508964.617000000027474,9231871.95299999974668],[509966.617000000027474,9231871.95299999974668],[509966.617000000027474,9230869.95299999974668],[508964.617000000027474,9230869.95299999974668],[508964.617000000027474,9231871.95299999974668]]]}},
{"type":"Feature","properties":{"DESCRIPTION":"MDT_1416191.tif","FILENAME":"U:\\P589_AmazoniaRevelada_BR-319\\LiDAR_dataset\\ENTREGAS\\ENTREGA_05\\2_MDT\\GEOTIFF\\MDT_1416191.tif","SHRT_FNAME":"MDT_1416191.tif","UPPER_LEFT_X":"507964.522","UPPER_LEFT_Y":"9231871.953","LOWER_RIGHT_X":"508966.522","LOWER_RIGHT_Y":"9230869.953"},"geometry":{"type":"Polygon","coordinates":[[[507964.522,9231871.95299999974668],[508966.522,9231871.95299999974668],[508966.522,9230869.95299999974668],[507964.522,9230869.95299999974668],[507964.522,9231871.95299999974668]]]}},
{"type":"Feature","properties":{"DESCRIPTION":"MDT_1416190.tif","FILENAME":"U:\\P589_AmazoniaRevelada_BR-319\\LiDAR_dataset\\ENTREGAS\\ENTREGA_05\\2_MDT\\GEOTIFF\\MDT_1416190.tif","SHRT_FNAME":"MDT_1416190.tif","UPPER_LEFT_X":"506964.426","UPPER_LEFT_Y":"9231871.953","LOWER_RIGHT_X":"507966.426","LOWER_RIGHT_Y":"9230869.953"},"geometry":{"type":"Polygon","coordinates":[[[506964.425999999977648,9231871.95299999974668],[507966.425999999977648,9231871.95299999974668],[507966.425999999977648,9230869.95299999974668],[506964.425999999977648,9230869.95299999974668],[506964.425999999977648,9231871.95299999974668]]]}},
{"type":"Feature","properties":{"DESCRIPTION":"MDT_1416189.tif","FILENAME":"U:\\P589_AmazoniaRevelada_BR-319\\LiDAR_dataset\\ENTREGAS\\ENTREGA_05\\2_MDT\\GEOTIFF\\MDT_1416189.tif","SHRT_FNAME":"MDT_1416189.tif","UPPER_LEFT_X":"505964.331","UPPER_LEFT_Y":"9231871.953","LOWER_RIGHT_X":"506966.331","LOWER_RIGHT_Y":"9230869.953"},"geometry":{"type":"Polygon","coordinates":[[[505964.331,9231871.95299999974668],[506966.331,9231871.95299999974668],[506966.331,9230869.95299999974668],[505964.331,9230869.95299999974668],[505964.331,9231871.95299999974668]]]}},
{"type":"Feature","properties":{"DESCRIPTION":"MDT_1416188.tif","FILENAME":"U:\\P589_AmazoniaRevelada_BR-319\\LiDAR_dataset\\ENTREGAS\\ENTREGA_05\\2_MDT\\GEOTIFF\\MDT_1416188.tif","SHRT_FNAME":"MDT_1416188.tif","UPPER_LEFT_X":"504964.236","UPPER_LEFT_Y":"9231871.953","LOWER_RIGHT_X":"505966.236","LOWER_RIGHT_Y":"9230869.953"},"geometry":{"type":"Polygon","coordinates":[[[504964.23599999997532,9231871.95299999974668],[505966.23599999997532,9231871.95299999974668],[505966.23599999997532,9230869.95299999974668],[504964.23599999997532,9230869.95299999974668],[504964.23599999997532,9231871.95299999974668]]]}},
{"type":"Feature","properties":{"DESCRIPTION":"MDT_1416187.tif","FILENAME":"U:\\P589_AmazoniaRevelada_BR-319\\LiDAR_dataset\\ENTREGAS\\ENTREGA_05\\2_MDT\\GEOTIFF\\MDT_1416187.tif","SHRT_FNAME":"MDT_1416187.tif","UPPER_LEFT_X":"503964.141","UPPER_LEFT_Y":"9231871.953","LOWER_RIGHT_X":"504966.141","LOWER_RIGHT_Y":"9230869.953"},"geometry":{"type":"Polygon","coordinates":[[[503964.141,9231871.95299999974668],[504966.141,9231871.95299999974668],[504966.141,9230869.95299999974668],[503964.141,9230869.95299999974668],[503964.141,9231871.95299999974668]]]}},
{"type":"Feature","properties":{"DESCRIPTION":"MDT_1416186.tif","FILENAME":"U:\\P589_AmazoniaRevelada_BR-319\\LiDAR_dataset\\ENTREGAS\\ENTREGA_05\\2_MDT\\GEOTIFF\\MDT_1416186.tif","SHRT_FNAME":"MDT_1416186.tif","UPPER_LEFT_X":"502964.046","UPPER_LEFT_Y":"9231871.953","LOWER_RIGHT_X":"503966.046","LOWER_RIGHT_Y":"9230869.953"},"geometry":{"type":"Polygon","coordinates":[[[502964.045999999972992,9231871.95299999974668],[503966.045999999972992,9231871.95299999974668],[503966.045999999972992,9230869.95299999974668],[502964.045999999972992,9230869.95299999974668],[502964.045999999972992,9231871.95299999974668]]]}},
{"type":"Feature","properties":{"DESCRIPTION":"MDT_1416185.tif","FILENAME":"U:\\P589_AmazoniaRevelada_BR-319\\LiDAR_dataset\\ENTREGAS\\ENTREGA_05\\2_MDT\\GEOTIFF\\MDT_1416185.tif","SHRT_FNAME":"MDT_1416185.tif","UPPER_LEFT_X":"501963.950","UPPER_LEFT_Y":"9231871.953","LOWER_RIGHT_X":"502965.950","LOWER_RIGHT_Y":"9230869.953"},"geometry":{"type":"Polygon","coordinates":[[[501963.950000000011642,9231871.95299999974668],[502965.950000000011642,9231871.95299999974668],[502965.950000000011642,9230869.95299999974668],[501963.950000000011642,9230869.95299999974668],[501963.950000000011642,9231871.95299999974668]]]}},
{"type":"Feature","properties":{"DESCRIPTION":"MDT_1416184.tif","FILENAME":"U:\\P589_AmazoniaRevelada_BR-319\\LiDAR_dataset\\ENTREGAS\\ENTREGA_05\\2_MDT\\GEOTIFF\\MDT_1416184.tif","SHRT_FNAME":"MDT_1416184.tif","UPPER_LEFT_X":"500963.855","UPPER_LEFT_Y":"9231871.953","LOWER_RIGHT_X":"501965.855","LOWER_RIGHT_Y":"9230869.953"},"geometry":{"type":"Polygon","coordinates":[[[500963.854999999981374,9231871.95299999974668],[501965.854999999981374,9231871.95299999974668],[501965.854999999981374,9230869.95299999974668],[500963.854999999981374,9230869.95299999974668],[500963.854999999981374,9231871.95299999974668]]]}},
{"type":"Feature","properties":{"DESCRIPTION":"MDT_1416183.tif","FILENAME":"U:\\P589_AmazoniaRevelada_BR-319\\LiDAR_dataset\\ENTREGAS\\ENTREGA_05\\2_MDT\\GEOTIFF\\MDT_1416183.tif","SHRT_FNAME":"MDT_1416183.tif","UPPER_LEFT_X":"499963.760","UPPER_LEFT_Y":"9231871.953","LOWER_RIGHT_X":"500965.760","LOWER_RIGHT_Y":"9230869.953"},"geometry":{"type":"Polygon","coordinates":[[[499963.76,9231871.95299999974668],[500965.76,9231871.95299999974668],[500965.76,9230869.95299999974668],[499963.76,9230869.95299999974668],[499963.76,9231871.95299999974668]]]}},
{"type":"Feature","properties":{"DESCRIPTION":"MDT_1416182.tif","FILENAME":"U:\\P589_AmazoniaRevelada_BR-319\\LiDAR_dataset\\ENTREGAS\\ENTREGA_05\\2_MDT\\GEOTIFF\\MDT_1416182.tif","SHRT_FNAME":"MDT_1416182.tif","UPPER_LEFT_X":"498963.665","UPPER_LEFT_Y":"9231871.953","LOWER_RIGHT_X":"499965.665","LOWER_RIGHT_Y":"9230869.953"},"geometry":{"type":"Polygon","coordinates":[[[498963.664999999979045,9231871.95299999974668],[499965.664999999979045,9231871.95299999974668],[499965.664999999979045,9230869.95299999974668],[498963.664999999979045,9230869.95299999974668],[498963.664999999979045,9231871.95299999974668]]]}},
{"type":"Feature","properties":{"DESCRIPTION":"MDT_1416181.tif","FILENAME":"U:\\P589_AmazoniaRevelada_BR-319\\LiDAR_dataset\\ENTREGAS\\ENTREGA_05\\2_MDT\\GEOTIFF\\MDT_1416181.tif","SHRT_FNAME":"MDT_1416181.tif","UPPER_LEFT_X":"497963.570","UPPER_LEFT_Y":"9231871.953","LOWER_RIGHT_X":"498965.570","LOWER_RIGHT_Y":"9230869.953"},"geometry":{"type":"Polygon","coordinates":[[[497963.57,9231871.95299999974668],[498965.57,9231871.95299999974668],[498965.57,9230869.95299999974668],[497963.57,9230869.95299999974668],[497963.57,9231871.95299999974668]]]}},
{"type":"Feature","properties":{"DESCRIPTION":"MDT_1416180.tif","FILENAME":"U:\\P589_AmazoniaRevelada_BR-319\\LiDAR_dataset\\ENTREGAS\\ENTREGA_05\\2_MDT\\GEOTIFF\\MDT_1416180.tif","SHRT_FNAME":"MDT_1416180.tif","UPPER_LEFT_X":"496963.474","UPPER_LEFT_Y":"9231871.953","LOWER_RIGHT_X":"497965.474","LOWER_RIGHT_Y":"9230869.953"},"geometry":{"type":"Polygon","coordinates":[[[496963.473999999987427,9231871.95299999974668],[497965.473999999987427,9231871.95299999974668],[497965.473999999987427,9230869.95299999974668],[496963.473999999987427,9230869.95299999974668],[496963.473999999987427,9231871.95299999974668]]]}},
{"type":"Feature","properties":{"DESCRIPTION":"MDT_1416179.tif","FILENAME":"U:\\P589_AmazoniaRevelada_BR-319\\LiDAR_dataset\\ENTREGAS\\ENTREGA_05\\2_MDT\\GEOTIFF\\MDT_1416179.tif","SHRT_FNAME":"MDT_1416179.tif","UPPER_LEFT_X":"495963.379","UPPER_LEFT_Y":"9231871.953","LOWER_RIGHT_X":"496965.379","LOWER_RIGHT_Y":"9230869.953"},"geometry":{"type":"Polygon","coordinates":[[[495963.379000000015367,9231871.95299999974668],[496965.379000000015367,9231871.95299999974668],[496965.379000000015367,9230869.95299999974668],[495963.379000000015367,9230869.95299999974668],[495963.379000000015367,9231871.95299999974668]]]}},
{"type":"Feature","properties":{"DESCRIPTION":"MDT_1416178.tif","FILENAME":"U:\\P589_AmazoniaRevelada_BR-319\\LiDAR_dataset\\ENTREGAS\\ENTREGA_05\\2_MDT\\GEOTIFF\\MDT_1416178.tif","SHRT_FNAME":"MDT_1416178.tif","UPPER_LEFT_X":"494963.284","UPPER_LEFT_Y":"9231871.953","LOWER_RIGHT_X":"495965.284","LOWER_RIGHT_Y":"9230869.953"},"geometry":{"type":"Polygon","coordinates":[[[494963.283999999985099,9231871.95299999974668],[495965.283999999985099,9231871.95299999974668],[495965.283999999985099,9230869.95299999974668],[494963.283999999985099,9230869.95299999974668],[494963.283999999985099,9231871.95299999974668]]]}},
{"type":"Feature","properties":{"DESCRIPTION":"MDT_1416177.tif","FILENAME":"U:\\P589_AmazoniaRevelada_BR-319\\LiDAR_dataset\\ENTREGAS\\ENTREGA_05\\2_MDT\\GEOTIFF\\MDT_1416177.tif","SHRT_FNAME":"MDT_1416177.tif","UPPER_LEFT_X":"493963.189","UPPER_LEFT_Y":"9231871.953","LOWER_RIGHT_X":"494965.189","LOWER_RIGHT_Y":"9230869.953"},"geometry":{"type":"Polygon","coordinates":[[[493963.189000000013039,9231871.95299999974668],[494965.189000000013039,9231871.95299999974668],[494965.189000000013039,9230869.95299999974668],[493963.189000000013039,9230869.95299999974668],[493963.189000000013039,9231871.95299999974668]]]}},
{"type":"Feature","properties":{"DESCRIPTION":"MDT_1416176.tif","FILENAME":"U:\\P589_AmazoniaRevelada_BR-319\\LiDAR_dataset\\ENTREGAS\\ENTREGA_05\\2_MDT\\GEOTIFF\\MDT_1416176.tif","SHRT_FNAME":"MDT_1416176.tif","UPPER_LEFT_X":"492963.094","UPPER_LEFT_Y":"9231871.953","LOWER_RIGHT_X":"493965.094","LOWER_RIGHT_Y":"9230869.953"},"geometry":{"type":"Polygon","coordinates":[[[492963.093999999982771,9231871.95299999974668],[493965.093999999982771,9231871.95299999974668],[493965.093999999982771,9230869.95299999974668],[492963.093999999982771,9230869.95299999974668],[492963.093999999982771,9231871.95299999974668]]]}},
{"type":"Feature","properties":{"DESCRIPTION":"MDT_1416175.tif","FILENAME":"U:\\P589_AmazoniaRevelada_BR-319\\LiDAR_dataset\\ENTREGAS\\ENTREGA_05\\2_MDT\\GEOTIFF\\MDT_1416175.tif","SHRT_FNAME":"MDT_1416175.tif","UPPER_LEFT_X":"491962.998","UPPER_LEFT_Y":"9231871.953","LOWER_RIGHT_X":"492964.998","LOWER_RIGHT_Y":"9230869.953"},"geometry":{"type":"Polygon","coordinates":[[[491962.99800000002142,9231871.95299999974668],[492964.99800000002142,9231871.95299999974668],[492964.99800000002142,9230869.95299999974668],[491962.99800000002142,9230869.95299999974668],[491962.99800000002142,9231871.95299999974668]]]}},
{"type":"Feature","properties":{"DESCRIPTION":"MDT_1416174.tif","FILENAME":"U:\\P589_AmazoniaRevelada_BR-319\\LiDAR_dataset\\ENTREGAS\\ENTREGA_05\\2_MDT\\GEOTIFF\\MDT_1416174.tif","SHRT_FNAME":"MDT_1416174.tif","UPPER_LEFT_X":"490962.903","UPPER_LEFT_Y":"9231871.953","LOWER_RIGHT_X":"491964.903","LOWER_RIGHT_Y":"9230869.953"},"geometry":{"type":"Polygon","coordinates":[[[490962.903,9231871.95299999974668],[491964.903,9231871.95299999974668],[491964.903,9230869.95299999974668],[490962.903,9230869.95299999974668],[490962.903,9231871.95299999974668]]]}},
{"type":"Feature","properties":{"DESCRIPTION":"MDT_1416173.tif","FILENAME":"U:\\P589_AmazoniaRevelada_BR-319\\LiDAR_dataset\\ENTREGAS\\ENTREGA_05\\2_MDT\\GEOTIFF\\MDT_1416173.tif","SHRT_FNAME":"MDT_1416173.tif","UPPER_LEFT_X":"489962.808","UPPER_LEFT_Y":"9231871.953","LOWER_RIGHT_X":"490964.808","LOWER_RIGHT_Y":"9230869.953"},"geometry":{"type":"Polygon","coordinates":[[[489962.808000000019092,9231871.95299999974668],[490964.808000000019092,9231871.95299999974668],[490964.808000000019092,9230869.95299999974668],[489962.808000000019092,9230869.95299999974668],[489962.808000000019092,9231871.95299999974668]]]}},
{"type":"Feature","properties":{"DESCRIPTION":"MDT_1416172.tif","FILENAME":"U:\\P589_AmazoniaRevelada_BR-319\\LiDAR_dataset\\ENTREGAS\\ENTREGA_05\\2_MDT\\GEOTIFF\\MDT_1416172.tif","SHRT_FNAME":"MDT_1416172.tif","UPPER_LEFT_X":"488962.713","UPPER_LEFT_Y":"9231871.953","LOWER_RIGHT_X":"489964.713","LOWER_RIGHT_Y":"9230869.953"},"geometry":{"type":"Polygon","coordinates":[[[488962.712999999988824,9231871.95299999974668],[489964.712999999988824,9231871.95299999974668],[489964.712999999988824,9230869.95299999974668],[488962.712999999988824,9230869.95299999974668],[488962.712999999988824,9231871.95299999974668]]]}},
{"type":"Feature","properties":{"DESCRIPTION":"MDT_1416171.tif","FILENAME":"U:\\P589_AmazoniaRevelada_BR-319\\LiDAR_dataset\\ENTREGAS\\ENTREGA_05\\2_MDT\\GEOTIFF\\MDT_1416171.tif","SHRT_FNAME":"MDT_1416171.tif","UPPER_LEFT_X":"487962.618","UPPER_LEFT_Y":"9231871.953","LOWER_RIGHT_X":"488964.618","LOWER_RIGHT_Y":"9230869.953"},"geometry":{"type":"Polygon","coordinates":[[[487962.618000000016764,9231871.95299999974668],[488964.618000000016764,9231871.95299999974668],[488964.618000000016764,9230869.95299999974668],[487962.618000000016764,9230869.95299999974668],[487962.618000000016764,9231871.95299999974668]]]}},
{"type":"Feature","properties":{"DESCRIPTION":"MDT_1416170.tif","FILENAME":"U:\\P589_AmazoniaRevelada_BR-319\\LiDAR_dataset\\ENTREGAS\\ENTREGA_05\\2_MDT\\GEOTIFF\\MDT_1416170.tif","SHRT_FNAME":"MDT_1416170.tif","UPPER_LEFT_X":"486962.522","UPPER_LEFT_Y":"9231871.953","LOWER_RIGHT_X":"487964.522","LOWER_RIGHT_Y":"9230869.953"},"geometry":{"type":"Polygon","coordinates":[[[486962.522,9231871.95299999974668],[487964.522,9231871.95299999974668],[487964.522,9230869.95299999974668],[486962.522,9230869.95299999974668],[486962.522,9231871.95299999974668]]]}},
{"type":"Feature","properties":{"DESCRIPTION":"MDT_1416169.tif","FILENAME":"U:\\P589_AmazoniaRevelada_BR-319\\LiDAR_dataset\\ENTREGAS\\ENTREGA_05\\2_MDT\\GEOTIFF\\MDT_1416169.tif","SHRT_FNAME":"MDT_1416169.tif","UPPER_LEFT_X":"485962.427","UPPER_LEFT_Y":"9231871.953","LOWER_RIGHT_X":"486964.427","LOWER_RIGHT_Y":"9230869.953"},"geometry":{"type":"Polygon","coordinates":[[[485962.427000000025146,9231871.95299999974668],[486964.427000000025146,9231871.95299999974668],[486964.427000000025146,9230869.95299999974668],[485962.427000000025146,9230869.95299999974668],[485962.427000000025146,9231871.95299999974668]]]}},
{"type":"Feature","properties":{"DESCRIPTION":"MDT_1416168.tif","FILENAME":"U:\\P589_AmazoniaRevelada_BR-319\\LiDAR_dataset\\ENTREGAS\\ENTREGA_05\\2_MDT\\GEOTIFF\\MDT_1416168.tif","SHRT_FNAME":"MDT_1416168.tif","UPPER_LEFT_X":"484962.332","UPPER_LEFT_Y":"9231871.953","LOWER_RIGHT_X":"485964.332","LOWER_RIGHT_Y":"9230869.953"},"geometry":{"type":"Polygon","coordinates":[[[484962.332,9231871.95299999974668],[485964.332,9231871.95299999974668],[485964.332,9230869.95299999974668],[484962.332,9230869.95299999974668],[484962.332,9231871.95299999974668]]]}},
{"type":"Feature","properties":{"DESCRIPTION":"MDT_1416167.tif","FILENAME":"U:\\P589_AmazoniaRevelada_BR-319\\LiDAR_dataset\\ENTREGAS\\ENTREGA_05\\2_MDT\\GEOTIFF\\MDT_1416167.tif","SHRT_FNAME":"MDT_1416167.tif","UPPER_LEFT_X":"483962.237","UPPER_LEFT_Y":"9231871.953","LOWER_RIGHT_X":"484964.237","LOWER_RIGHT_Y":"9230869.953"},"geometry":{"type":"Polygon","coordinates":[[[483962.237000000022817,9231871.95299999974668],[484964.237000000022817,9231871.95299999974668],[484964.237000000022817,9230869.95299999974668],[483962.237000000022817,9230869.95299999974668],[483962.237000000022817,9231871.95299999974668]]]}},
{"type":"Feature","properties":{"DESCRIPTION":"MDT_1416166.tif","FILENAME":"U:\\P589_AmazoniaRevelada_BR-319\\LiDAR_dataset\\ENTREGAS\\ENTREGA_05\\2_MDT\\GEOTIFF\\MDT_1416166.tif","SHRT_FNAME":"MDT_1416166.tif","UPPER_LEFT_X":"482962.142","UPPER_LEFT_Y":"9231871.953","LOWER_RIGHT_X":"483964.142","LOWER_RIGHT_Y":"9230869.953"},"geometry":{"type":"Polygon","coordinates":[[[482962.142,9231871.95299999974668],[483964.142,9231871.95299999974668],[483964.142,9230869.95299999974668],[482962.142,9230869.95299999974668],[482962.142,9231871.95299999974668]]]}},
{"type":"Feature","properties":{"DESCRIPTION":"MDT_1416165.tif","FILENAME":"U:\\P589_AmazoniaRevelada_BR-319\\LiDAR_dataset\\ENTREGAS\\ENTREGA_05\\2_MDT\\GEOTIFF\\MDT_1416165.tif","SHRT_FNAME":"MDT_1416165.tif","UPPER_LEFT_X":"481962.046","UPPER_LEFT_Y":"9231871.953","LOWER_RIGHT_X":"482964.046","LOWER_RIGHT_Y":"9230869.953"},"geometry":{"type":"Polygon","coordinates":[[[481962.045999999972992,9231871.95299999974668],[482964.045999999972992,9231871.95299999974668],[482964.045999999972992,9230869.95299999974668],[481962.045999999972992,9230869.95299999974668],[481962.045999999972992,9231871.95299999974668]]]}},
{"type":"Feature","properties":{"DESCRIPTION":"MDT_1416164.tif","FILENAME":"U:\\P589_AmazoniaRevelada_BR-319\\LiDAR_dataset\\ENTREGAS\\ENTREGA_05\\2_MDT\\GEOTIFF\\MDT_1416164.tif","SHRT_FNAME":"MDT_1416164.tif","UPPER_LEFT_X":"480961.951","UPPER_LEFT_Y":"9231871.953","LOWER_RIGHT_X":"481963.951","LOWER_RIGHT_Y":"9230869.953"},"geometry":{"type":"Polygon","coordinates":[[[480961.951,9231871.95299999974668],[481963.951,9231871.95299999974668],[481963.951,9230869.95299999974668],[480961.951,9230869.95299999974668],[480961.951,9231871.95299999974668]]]}},
{"type":"Feature","properties":{"DESCRIPTION":"MDT_1416163.tif","FILENAME":"U:\\P589_AmazoniaRevelada_BR-319\\LiDAR_dataset\\ENTREGAS\\ENTREGA_05\\2_MDT\\GEOTIFF\\MDT_1416163.tif","SHRT_FNAME":"MDT_1416163.tif","UPPER_LEFT_X":"479961.856","UPPER_LEFT_Y":"9231871.953","LOWER_RIGHT_X":"480963.856","LOWER_RIGHT_Y":"9230869.953"},"geometry":{"type":"Polygon","coordinates":[[[479961.856000000028871,9231871.95299999974668],[480963.856000000028871,9231871.95299999974668],[480963.856000000028871,9230869.95299999974668],[479961.856000000028871,9230869.95299999974668],[479961.856000000028871,9231871.95299999974668]]]}},
{"type":"Feature","properties":{"DESCRIPTION":"MDT_1416162.tif","FILENAME":"U:\\P589_AmazoniaRevelada_BR-319\\LiDAR_dataset\\ENTREGAS\\ENTREGA_05\\2_MDT\\GEOTIFF\\MDT_1416162.tif","SHRT_FNAME":"MDT_1416162.tif","UPPER_LEFT_X":"478961.761","UPPER_LEFT_Y":"9231871.953","LOWER_RIGHT_X":"479963.761","LOWER_RIGHT_Y":"9230869.953"},"geometry":{"type":"Polygon","coordinates":[[[478961.761,9231871.95299999974668],[479963.761,9231871.95299999974668],[479963.761,9230869.95299999974668],[478961.761,9230869.95299999974668],[478961.761,9231871.95299999974668]]]}},
{"type":"Feature","properties":{"DESCRIPTION":"MDT_1416161.tif","FILENAME":"U:\\P589_AmazoniaRevelada_BR-319\\LiDAR_dataset\\ENTREGAS\\ENTREGA_05\\2_MDT\\GEOTIFF\\MDT_1416161.tif","SHRT_FNAME":"MDT_1416161.tif","UPPER_LEFT_X":"477961.666","UPPER_LEFT_Y":"9231871.953","LOWER_RIGHT_X":"478963.666","LOWER_RIGHT_Y":"9230869.953"},"geometry":{"type":"Polygon","coordinates":[[[477961.666000000026543,9231871.95299999974668],[478963.666000000026543,9231871.95299999974668],[478963.666000000026543,9230869.95299999974668],[477961.666000000026543,9230869.95299999974668],[477961.666000000026543,9231871.95299999974668]]]}},
{"type":"Feature","properties":{"DESCRIPTION":"MDT_1416160.tif","FILENAME":"U:\\P589_AmazoniaRevelada_BR-319\\LiDAR_dataset\\ENTREGAS\\ENTREGA_05\\2_MDT\\GEOTIFF\\MDT_1416160.tif","SHRT_FNAME":"MDT_1416160.tif","UPPER_LEFT_X":"476961.570","UPPER_LEFT_Y":"9231871.953","LOWER_RIGHT_X":"477963.570","LOWER_RIGHT_Y":"9230869.953"},"geometry":{"type":"Polygon","coordinates":[[[476961.57,9231871.95299999974668],[477963.57,9231871.95299999974668],[477963.57,9230869.95299999974668],[476961.57,9230869.95299999974668],[476961.57,9231871.95299999974668]]]}},
{"type":"Feature","properties":{"DESCRIPTION":"MDT_1416159.tif","FILENAME":"U:\\P589_AmazoniaRevelada_BR-319\\LiDAR_dataset\\ENTREGAS\\ENTREGA_05\\2_MDT\\GEOTIFF\\MDT_1416159.tif","SHRT_FNAME":"MDT_1416159.tif","UPPER_LEFT_X":"475961.475","UPPER_LEFT_Y":"9231871.953","LOWER_RIGHT_X":"476963.475","LOWER_RIGHT_Y":"9230869.953"},"geometry":{"type":"Polygon","coordinates":[[[475961.474999999976717,9231871.95299999974668],[476963.474999999976717,9231871.95299999974668],[476963.474999999976717,9230869.95299999974668],[475961.474999999976717,9230869.95299999974668],[475961.474999999976717,9231871.95299999974668]]]}},
{"type":"Feature","properties":{"DESCRIPTION":"MDT_1416158.tif","FILENAME":"U:\\P589_AmazoniaRevelada_BR-319\\LiDAR_dataset\\ENTREGAS\\ENTREGA_05\\2_MDT\\GEOTIFF\\MDT_1416158.tif","SHRT_FNAME":"MDT_1416158.tif","UPPER_LEFT_X":"474961.380","UPPER_LEFT_Y":"9231871.953","LOWER_RIGHT_X":"475963.380","LOWER_RIGHT_Y":"9230869.953"},"geometry":{"type":"Polygon","coordinates":[[[474961.38,9231871.95299999974668],[475963.38,9231871.95299999974668],[475963.38,9230869.95299999974668],[474961.38,9230869.95299999974668],[474961.38,9231871.95299999974668]]]}},
{"type":"Feature","properties":{"DESCRIPTION":"MDT_1416157.tif","FILENAME":"U:\\P589_AmazoniaRevelada_BR-319\\LiDAR_dataset\\ENTREGAS\\ENTREGA_05\\2_MDT\\GEOTIFF\\MDT_1416157.tif","SHRT_FNAME":"MDT_1416157.tif","UPPER_LEFT_X":"473961.285","UPPER_LEFT_Y":"9231871.953","LOWER_RIGHT_X":"474963.285","LOWER_RIGHT_Y":"9230869.953"},"geometry":{"type":"Polygon","coordinates":[[[473961.284999999974389,9231871.95299999974668],[474963.284999999974389,9231871.95299999974668],[474963.284999999974389,9230869.95299999974668],[473961.284999999974389,9230869.95299999974668],[473961.284999999974389,9231871.95299999974668]]]}},
{"type":"Feature","properties":{"DESCRIPTION":"MDT_1416156.tif","FILENAME":"U:\\P589_AmazoniaRevelada_BR-319\\LiDAR_dataset\\ENTREGAS\\ENTREGA_05\\2_MDT\\GEOTIFF\\MDT_1416156.tif","SHRT_FNAME":"MDT_1416156.tif","UPPER_LEFT_X":"472961.190","UPPER_LEFT_Y":"9231871.953","LOWER_RIGHT_X":"473963.190","LOWER_RIGHT_Y":"9230869.953"},"geometry":{"type":"Polygon","coordinates":[[[472961.19,9231871.95299999974668],[473963.19,9231871.95299999974668],[473963.19,9230869.95299999974668],[472961.19,9230869.95299999974668],[472961.19,9231871.95299999974668]]]}},
{"type":"Feature","properties":{"DESCRIPTION":"MDT_1416155.tif","FILENAME":"U:\\P589_AmazoniaRevelada_BR-319\\LiDAR_dataset\\ENTREGAS\\ENTREGA_05\\2_MDT\\GEOTIFF\\MDT_1416155.tif","SHRT_FNAME":"MDT_1416155.tif","UPPER_LEFT_X":"471961.094","UPPER_LEFT_Y":"9231871.953","LOWER_RIGHT_X":"472963.094","LOWER_RIGHT_Y":"9230869.953"},"geometry":{"type":"Polygon","coordinates":[[[471961.093999999982771,9231871.95299999974668],[472963.093999999982771,9231871.95299999974668],[472963.093999999982771,9230869.95299999974668],[471961.093999999982771,9230869.95299999974668],[471961.093999999982771,9231871.95299999974668]]]}},
{"type":"Feature","properties":{"DESCRIPTION":"MDT_1416154.tif","FILENAME":"U:\\P589_AmazoniaRevelada_BR-319\\LiDAR_dataset\\ENTREGAS\\ENTREGA_05\\2_MDT\\GEOTIFF\\MDT_1416154.tif","SHRT_FNAME":"MDT_1416154.tif","UPPER_LEFT_X":"470960.999","UPPER_LEFT_Y":"9231871.953","LOWER_RIGHT_X":"471962.999","LOWER_RIGHT_Y":"9230869.953"},"geometry":{"type":"Polygon","coordinates":[[[470960.99900000001071,9231871.95299999974668],[471962.99900000001071,9231871.95299999974668],[471962.99900000001071,9230869.95299999974668],[470960.99900000001071,9230869.95299999974668],[470960.99900000001071,9231871.95299999974668]]]}},
{"type":"Feature","properties":{"DESCRIPTION":"MDT_1416153.tif","FILENAME":"U:\\P589_AmazoniaRevelada_BR-319\\LiDAR_dataset\\ENTREGAS\\ENTREGA_05\\2_MDT\\GEOTIFF\\MDT_1416153.tif","SHRT_FNAME":"MDT_1416153.tif","UPPER_LEFT_X":"469960.904","UPPER_LEFT_Y":"9231871.953","LOWER_RIGHT_X":"470962.904","LOWER_RIGHT_Y":"9230869.953"},"geometry":{"type":"Polygon","coordinates":[[[469960.903999999980442,9231871.95299999974668],[470962.903999999980442,9231871.95299999974668],[470962.903999999980442,9230869.95299999974668],[469960.903999999980442,9230869.95299999974668],[469960.903999999980442,9231871.95299999974668]]]}},
{"type":"Feature","properties":{"DESCRIPTION":"MDT_1416152.tif","FILENAME":"U:\\P589_AmazoniaRevelada_BR-319\\LiDAR_dataset\\ENTREGAS\\ENTREGA_05\\2_MDT\\GEOTIFF\\MDT_1416152.tif","SHRT_FNAME":"MDT_1416152.tif","UPPER_LEFT_X":"468960.809","UPPER_LEFT_Y":"9231871.953","LOWER_RIGHT_X":"469962.809","LOWER_RIGHT_Y":"9230869.953"},"geometry":{"type":"Polygon","coordinates":[[[468960.809,9231871.95299999974668],[469962.809,9231871.95299999974668],[469962.809,9230869.95299999974668],[468960.809,9230869.95299999974668],[468960.809,9231871.95299999974668]]]}},
{"type":"Feature","properties":{"DESCRIPTION":"MDT_1416151.tif","FILENAME":"U:\\P589_AmazoniaRevelada_BR-319\\LiDAR_dataset\\ENTREGAS\\ENTREGA_05\\2_MDT\\GEOTIFF\\MDT_1416151.tif","SHRT_FNAME":"MDT_1416151.tif","UPPER_LEFT_X":"467960.714","UPPER_LEFT_Y":"9231871.953","LOWER_RIGHT_X":"468962.714","LOWER_RIGHT_Y":"9230869.953"},"geometry":{"type":"Polygon","coordinates":[[[467960.713999999978114,9231871.95299999974668],[468962.713999999978114,9231871.95299999974668],[468962.713999999978114,9230869.95299999974668],[467960.713999999978114,9230869.95299999974668],[467960.713999999978114,9231871.95299999974668]]]}},
{"type":"Feature","properties":{"DESCRIPTION":"MDT_1416150.tif","FILENAME":"U:\\P589_AmazoniaRevelada_BR-319\\LiDAR_dataset\\ENTREGAS\\ENTREGA_05\\2_MDT\\GEOTIFF\\MDT_1416150.tif","SHRT_FNAME":"MDT_1416150.tif","UPPER_LEFT_X":"466960.618","UPPER_LEFT_Y":"9231871.953","LOWER_RIGHT_X":"467962.618","LOWER_RIGHT_Y":"9230869.953"},"geometry":{"type":"Polygon","coordinates":[[[466960.618000000016764,9231871.95299999974668],[467962.618000000016764,9231871.95299999974668],[467962.618000000016764,9230869.95299999974668],[466960.618000000016764,9230869.95299999974668],[466960.618000000016764,9231871.95299999974668]]]}},
{"type":"Feature","properties":{"DESCRIPTION":"MDT_1416149.tif","FILENAME":"U:\\P589_AmazoniaRevelada_BR-319\\LiDAR_dataset\\ENTREGAS\\ENTREGA_05\\2_MDT\\GEOTIFF\\MDT_1416149.tif","SHRT_FNAME":"MDT_1416149.tif","UPPER_LEFT_X":"465960.523","UPPER_LEFT_Y":"9231871.953","LOWER_RIGHT_X":"466962.523","LOWER_RIGHT_Y":"9230869.953"},"geometry":{"type":"Polygon","coordinates":[[[465960.522999999986496,9231871.95299999974668],[466962.522999999986496,9231871.95299999974668],[466962.522999999986496,9230869.95299999974668],[465960.522999999986496,9230869.95299999974668],[465960.522999999986496,9231871.95299999974668]]]}},
{"type":"Feature","properties":{"DESCRIPTION":"MDT_1416148.tif","FILENAME":"U:\\P589_AmazoniaRevelada_BR-319\\LiDAR_dataset\\ENTREGAS\\ENTREGA_05\\2_MDT\\GEOTIFF\\MDT_1416148.tif","SHRT_FNAME":"MDT_1416148.tif","UPPER_LEFT_X":"464960.428","UPPER_LEFT_Y":"9231871.953","LOWER_RIGHT_X":"465962.428","LOWER_RIGHT_Y":"9230869.953"},"geometry":{"type":"Polygon","coordinates":[[[464960.428000000014435,9231871.95299999974668],[465962.428000000014435,9231871.95299999974668],[465962.428000000014435,9230869.95299999974668],[464960.428000000014435,9230869.95299999974668],[464960.428000000014435,9231871.95299999974668]]]}},
{"type":"Feature","properties":{"DESCRIPTION":"MDT_1416147.tif","FILENAME":"U:\\P589_AmazoniaRevelada_BR-319\\LiDAR_dataset\\ENTREGAS\\ENTREGA_05\\2_MDT\\GEOTIFF\\MDT_1416147.tif","SHRT_FNAME":"MDT_1416147.tif","UPPER_LEFT_X":"463960.333","UPPER_LEFT_Y":"9231871.953","LOWER_RIGHT_X":"464962.333","LOWER_RIGHT_Y":"9230869.953"},"geometry":{"type":"Polygon","coordinates":[[[463960.332999999984168,9231871.95299999974668],[464962.332999999984168,9231871.95299999974668],[464962.332999999984168,9230869.95299999974668],[463960.332999999984168,9230869.95299999974668],[463960.332999999984168,9231871.95299999974668]]]}},
{"type":"Feature","properties":{"DESCRIPTION":"MDT_1415193.tif","FILENAME":"U:\\P589_AmazoniaRevelada_BR-319\\LiDAR_dataset\\ENTREGAS\\ENTREGA_05\\2_MDT\\GEOTIFF\\MDT_1415193.tif","SHRT_FNAME":"MDT_1415193.tif","UPPER_LEFT_X":"509964.712","UPPER_LEFT_Y":"9232871.828","LOWER_RIGHT_X":"510966.712","LOWER_RIGHT_Y":"9231869.828"},"geometry":{"type":"Polygon","coordinates":[[[509964.712,9232871.82799999974668],[510966.712,9232871.82799999974668],[510966.712,9231869.82799999974668],[509964.712,9231869.82799999974668],[509964.712,9232871.82799999974668]]]}},
{"type":"Feature","properties":{"DESCRIPTION":"MDT_1415192.tif","FILENAME":"U:\\P589_AmazoniaRevelada_BR-319\\LiDAR_dataset\\ENTREGAS\\ENTREGA_05\\2_MDT\\GEOTIFF\\MDT_1415192.tif","SHRT_FNAME":"MDT_1415192.tif","UPPER_LEFT_X":"508964.617","UPPER_LEFT_Y":"9232871.828","LOWER_RIGHT_X":"509966.617","LOWER_RIGHT_Y":"9231869.828"},"geometry":{"type":"Polygon","coordinates":[[[508964.617000000027474,9232871.82799999974668],[509966.617000000027474,9232871.82799999974668],[509966.617000000027474,9231869.82799999974668],[508964.617000000027474,9231869.82799999974668],[508964.617000000027474,9232871.82799999974668]]]}},
{"type":"Feature","properties":{"DESCRIPTION":"MDT_1415191.tif","FILENAME":"U:\\P589_AmazoniaRevelada_BR-319\\LiDAR_dataset\\ENTREGAS\\ENTREGA_05\\2_MDT\\GEOTIFF\\MDT_1415191.tif","SHRT_FNAME":"MDT_1415191.tif","UPPER_LEFT_X":"507964.522","UPPER_LEFT_Y":"9232871.828","LOWER_RIGHT_X":"508966.522","LOWER_RIGHT_Y":"9231869.828"},"geometry":{"type":"Polygon","coordinates":[[[507964.522,9232871.82799999974668],[508966.522,9232871.82799999974668],[508966.522,9231869.82799999974668],[507964.522,9231869.82799999974668],[507964.522,9232871.82799999974668]]]}},
{"type":"Feature","properties":{"DESCRIPTION":"MDT_1415190.tif","FILENAME":"U:\\P589_AmazoniaRevelada_BR-319\\LiDAR_dataset\\ENTREGAS\\ENTREGA_05\\2_MDT\\GEOTIFF\\MDT_1415190.tif","SHRT_FNAME":"MDT_1415190.tif","UPPER_LEFT_X":"506964.426","UPPER_LEFT_Y":"9232871.828","LOWER_RIGHT_X":"507966.426","LOWER_RIGHT_Y":"9231869.828"},"geometry":{"type":"Polygon","coordinates":[[[506964.425999999977648,9232871.82799999974668],[507966.425999999977648,9232871.82799999974668],[507966.425999999977648,9231869.82799999974668],[506964.425999999977648,9231869.82799999974668],[506964.425999999977648,9232871.82799999974668]]]}},
{"type":"Feature","properties":{"DESCRIPTION":"MDT_1415189.tif","FILENAME":"U:\\P589_AmazoniaRevelada_BR-319\\LiDAR_dataset\\ENTREGAS\\ENTREGA_05\\2_MDT\\GEOTIFF\\MDT_1415189.tif","SHRT_FNAME":"MDT_1415189.tif","UPPER_LEFT_X":"505964.331","UPPER_LEFT_Y":"9232871.828","LOWER_RIGHT_X":"506966.331","LOWER_RIGHT_Y":"9231869.828"},"geometry":{"type":"Polygon","coordinates":[[[505964.331,9232871.82799999974668],[506966.331,9232871.82799999974668],[506966.331,9231869.82799999974668],[505964.331,9231869.82799999974668],[505964.331,9232871.82799999974668]]]}},
{"type":"Feature","properties":{"DESCRIPTION":"MDT_1415188.tif","FILENAME":"U:\\P589_AmazoniaRevelada_BR-319\\LiDAR_dataset\\ENTREGAS\\ENTREGA_05\\2_MDT\\GEOTIFF\\MDT_1415188.tif","SHRT_FNAME":"MDT_1415188.tif","UPPER_LEFT_X":"504964.236","UPPER_LEFT_Y":"9232871.828","LOWER_RIGHT_X":"505966.236","LOWER_RIGHT_Y":"9231869.828"},"geometry":{"type":"Polygon","coordinates":[[[504964.23599999997532,9232871.82799999974668],[505966.23599999997532,9232871.82799999974668],[505966.23599999997532,9231869.82799999974668],[504964.23599999997532,9231869.82799999974668],[504964.23599999997532,9232871.82799999974668]]]}},
{"type":"Feature","properties":{"DESCRIPTION":"MDT_1415187.tif","FILENAME":"U:\\P589_AmazoniaRevelada_BR-319\\LiDAR_dataset\\ENTREGAS\\ENTREGA_05\\2_MDT\\GEOTIFF\\MDT_1415187.tif","SHRT_FNAME":"MDT_1415187.tif","UPPER_LEFT_X":"503964.141","UPPER_LEFT_Y":"9232871.828","LOWER_RIGHT_X":"504966.141","LOWER_RIGHT_Y":"9231869.828"},"geometry":{"type":"Polygon","coordinates":[[[503964.141,9232871.82799999974668],[504966.141,9232871.82799999974668],[504966.141,9231869.82799999974668],[503964.141,9231869.82799999974668],[503964.141,9232871.82799999974668]]]}},
{"type":"Feature","properties":{"DESCRIPTION":"MDT_1415186.tif","FILENAME":"U:\\P589_AmazoniaRevelada_BR-319\\LiDAR_dataset\\ENTREGAS\\ENTREGA_05\\2_MDT\\GEOTIFF\\MDT_1415186.tif","SHRT_FNAME":"MDT_1415186.tif","UPPER_LEFT_X":"502964.046","UPPER_LEFT_Y":"9232871.828","LOWER_RIGHT_X":"503966.046","LOWER_RIGHT_Y":"9231869.828"},"geometry":{"type":"Polygon","coordinates":[[[502964.045999999972992,9232871.82799999974668],[503966.045999999972992,9232871.82799999974668],[503966.045999999972992,9231869.82799999974668],[502964.045999999972992,9231869.82799999974668],[502964.045999999972992,9232871.82799999974668]]]}},
{"type":"Feature","properties":{"DESCRIPTION":"MDT_1415185.tif","FILENAME":"U:\\P589_AmazoniaRevelada_BR-319\\LiDAR_dataset\\ENTREGAS\\ENTREGA_05\\2_MDT\\GEOTIFF\\MDT_1415185.tif","SHRT_FNAME":"MDT_1415185.tif","UPPER_LEFT_X":"501963.950","UPPER_LEFT_Y":"9232871.828","LOWER_RIGHT_X":"502965.950","LOWER_RIGHT_Y":"9231869.828"},"geometry":{"type":"Polygon","coordinates":[[[501963.950000000011642,9232871.82799999974668],[502965.950000000011642,9232871.82799999974668],[502965.950000000011642,9231869.82799999974668],[501963.950000000011642,9231869.82799999974668],[501963.950000000011642,9232871.82799999974668]]]}},
{"type":"Feature","properties":{"DESCRIPTION":"MDT_1415184.tif","FILENAME":"U:\\P589_AmazoniaRevelada_BR-319\\LiDAR_dataset\\ENTREGAS\\ENTREGA_05\\2_MDT\\GEOTIFF\\MDT_1415184.tif","SHRT_FNAME":"MDT_1415184.tif","UPPER_LEFT_X":"500963.855","UPPER_LEFT_Y":"9232871.828","LOWER_RIGHT_X":"501965.855","LOWER_RIGHT_Y":"9231869.828"},"geometry":{"type":"Polygon","coordinates":[[[500963.854999999981374,9232871.82799999974668],[501965.854999999981374,9232871.82799999974668],[501965.854999999981374,9231869.82799999974668],[500963.854999999981374,9231869.82799999974668],[500963.854999999981374,9232871.82799999974668]]]}},
{"type":"Feature","properties":{"DESCRIPTION":"MDT_1415183.tif","FILENAME":"U:\\P589_AmazoniaRevelada_BR-319\\LiDAR_dataset\\ENTREGAS\\ENTREGA_05\\2_MDT\\GEOTIFF\\MDT_1415183.tif","SHRT_FNAME":"MDT_1415183.tif","UPPER_LEFT_X":"499963.760","UPPER_LEFT_Y":"9232871.828","LOWER_RIGHT_X":"500965.760","LOWER_RIGHT_Y":"9231869.828"},"geometry":{"type":"Polygon","coordinates":[[[499963.76,9232871.82799999974668],[500965.76,9232871.82799999974668],[500965.76,9231869.82799999974668],[499963.76,9231869.82799999974668],[499963.76,9232871.82799999974668]]]}},
{"type":"Feature","properties":{"DESCRIPTION":"MDT_1415182.tif","FILENAME":"U:\\P589_AmazoniaRevelada_BR-319\\LiDAR_dataset\\ENTREGAS\\ENTREGA_05\\2_MDT\\GEOTIFF\\MDT_1415182.tif","SHRT_FNAME":"MDT_1415182.tif","UPPER_LEFT_X":"498963.665","UPPER_LEFT_Y":"9232871.828","LOWER_RIGHT_X":"499965.665","LOWER_RIGHT_Y":"9231869.828"},"geometry":{"type":"Polygon","coordinates":[[[498963.664999999979045,9232871.82799999974668],[499965.664999999979045,9232871.82799999974668],[499965.664999999979045,9231869.82799999974668],[498963.664999999979045,9231869.82799999974668],[498963.664999999979045,9232871.82799999974668]]]}},
{"type":"Feature","properties":{"DESCRIPTION":"MDT_1415181.tif","FILENAME":"U:\\P589_AmazoniaRevelada_BR-319\\LiDAR_dataset\\ENTREGAS\\ENTREGA_05\\2_MDT\\GEOTIFF\\MDT_1415181.tif","SHRT_FNAME":"MDT_1415181.tif","UPPER_LEFT_X":"497963.570","UPPER_LEFT_Y":"9232871.828","LOWER_RIGHT_X":"498965.570","LOWER_RIGHT_Y":"9231869.828"},"geometry":{"type":"Polygon","coordinates":[[[497963.57,9232871.82799999974668],[498965.57,9232871.82799999974668],[498965.57,9231869.82799999974668],[497963.57,9231869.82799999974668],[497963.57,9232871.82799999974668]]]}},
{"type":"Feature","properties":{"DESCRIPTION":"MDT_1415180.tif","FILENAME":"U:\\P589_AmazoniaRevelada_BR-319\\LiDAR_dataset\\ENTREGAS\\ENTREGA_05\\2_MDT\\GEOTIFF\\MDT_1415180.tif","SHRT_FNAME":"MDT_1415180.tif","UPPER_LEFT_X":"496963.474","UPPER_LEFT_Y":"9232871.828","LOWER_RIGHT_X":"497965.474","LOWER_RIGHT_Y":"9231869.828"},"geometry":{"type":"Polygon","coordinates":[[[496963.473999999987427,9232871.82799999974668],[497965.473999999987427,9232871.82799999974668],[497965.473999999987427,9231869.82799999974668],[496963.473999999987427,9231869.82799999974668],[496963.473999999987427,9232871.82799999974668]]]}},
{"type":"Feature","properties":{"DESCRIPTION":"MDT_1415179.tif","FILENAME":"U:\\P589_AmazoniaRevelada_BR-319\\LiDAR_dataset\\ENTREGAS\\ENTREGA_05\\2_MDT\\GEOTIFF\\MDT_1415179.tif","SHRT_FNAME":"MDT_1415179.tif","UPPER_LEFT_X":"495963.379","UPPER_LEFT_Y":"9232871.828","LOWER_RIGHT_X":"496965.379","LOWER_RIGHT_Y":"9231869.828"},"geometry":{"type":"Polygon","coordinates":[[[495963.379000000015367,9232871.82799999974668],[496965.379000000015367,9232871.82799999974668],[496965.379000000015367,9231869.82799999974668],[495963.379000000015367,9231869.82799999974668],[495963.379000000015367,9232871.82799999974668]]]}},
{"type":"Feature","properties":{"DESCRIPTION":"MDT_1415178.tif","FILENAME":"U:\\P589_AmazoniaRevelada_BR-319\\LiDAR_dataset\\ENTREGAS\\ENTREGA_05\\2_MDT\\GEOTIFF\\MDT_1415178.tif","SHRT_FNAME":"MDT_1415178.tif","UPPER_LEFT_X":"494963.284","UPPER_LEFT_Y":"9232871.828","LOWER_RIGHT_X":"495965.284","LOWER_RIGHT_Y":"9231869.828"},"geometry":{"type":"Polygon","coordinates":[[[494963.283999999985099,9232871.82799999974668],[495965.283999999985099,9232871.82799999974668],[495965.283999999985099,9231869.82799999974668],[494963.283999999985099,9231869.82799999974668],[494963.283999999985099,9232871.82799999974668]]]}},
{"type":"Feature","properties":{"DESCRIPTION":"MDT_1415177.tif","FILENAME":"U:\\P589_AmazoniaRevelada_BR-319\\LiDAR_dataset\\ENTREGAS\\ENTREGA_05\\2_MDT\\GEOTIFF\\MDT_1415177.tif","SHRT_FNAME":"MDT_1415177.tif","UPPER_LEFT_X":"493963.189","UPPER_LEFT_Y":"9232871.828","LOWER_RIGHT_X":"494965.189","LOWER_RIGHT_Y":"9231869.828"},"geometry":{"type":"Polygon","coordinates":[[[493963.189000000013039,9232871.82799999974668],[494965.189000000013039,9232871.82799999974668],[494965.189000000013039,9231869.82799999974668],[493963.189000000013039,9231869.82799999974668],[493963.189000000013039,9232871.82799999974668]]]}},
{"type":"Feature","properties":{"DESCRIPTION":"MDT_1415176.tif","FILENAME":"U:\\P589_AmazoniaRevelada_BR-319\\LiDAR_dataset\\ENTREGAS\\ENTREGA_05\\2_MDT\\GEOTIFF\\MDT_1415176.tif","SHRT_FNAME":"MDT_1415176.tif","UPPER_LEFT_X":"492963.094","UPPER_LEFT_Y":"9232871.828","LOWER_RIGHT_X":"493965.094","LOWER_RIGHT_Y":"9231869.828"},"geometry":{"type":"Polygon","coordinates":[[[492963.093999999982771,9232871.82799999974668],[493965.093999999982771,9232871.82799999974668],[493965.093999999982771,9231869.82799999974668],[492963.093999999982771,9231869.82799999974668],[492963.093999999982771,9232871.82799999974668]]]}},
{"type":"Feature","properties":{"DESCRIPTION":"MDT_1415175.tif","FILENAME":"U:\\P589_AmazoniaRevelada_BR-319\\LiDAR_dataset\\ENTREGAS\\ENTREGA_05\\2_MDT\\GEOTIFF\\MDT_1415175.tif","SHRT_FNAME":"MDT_1415175.tif","UPPER_LEFT_X":"491962.998","UPPER_LEFT_Y":"9232871.828","LOWER_RIGHT_X":"492964.998","LOWER_RIGHT_Y":"9231869.828"},"geometry":{"type":"Polygon","coordinates":[[[491962.99800000002142,9232871.82799999974668],[492964.99800000002142,9232871.82799999974668],[492964.99800000002142,9231869.82799999974668],[491962.99800000002142,9231869.82799999974668],[491962.99800000002142,9232871.82799999974668]]]}},
{"type":"Feature","properties":{"DESCRIPTION":"MDT_1415174.tif","FILENAME":"U:\\P589_AmazoniaRevelada_BR-319\\LiDAR_dataset\\ENTREGAS\\ENTREGA_05\\2_MDT\\GEOTIFF\\MDT_1415174.tif","SHRT_FNAME":"MDT_1415174.tif","UPPER_LEFT_X":"490962.903","UPPER_LEFT_Y":"9232871.828","LOWER_RIGHT_X":"491964.903","LOWER_RIGHT_Y":"9231869.828"},"geometry":{"type":"Polygon","coordinates":[[[490962.903,9232871.82799999974668],[491964.903,9232871.82799999974668],[491964.903,9231869.82799999974668],[490962.903,9231869.82799999974668],[490962.903,9232871.82799999974668]]]}},
{"type":"Feature","properties":{"DESCRIPTION":"MDT_1415173.tif","FILENAME":"U:\\P589_AmazoniaRevelada_BR-319\\LiDAR_dataset\\ENTREGAS\\ENTREGA_05\\2_MDT\\GEOTIFF\\MDT_1415173.tif","SHRT_FNAME":"MDT_1415173.tif","UPPER_LEFT_X":"489962.808","UPPER_LEFT_Y":"9232871.828","LOWER_RIGHT_X":"490964.808","LOWER_RIGHT_Y":"9231869.828"},"geometry":{"type":"Polygon","coordinates":[[[489962.808000000019092,9232871.82799999974668],[490964.808000000019092,9232871.82799999974668],[490964.808000000019092,9231869.82799999974668],[489962.808000000019092,9231869.82799999974668],[489962.808000000019092,9232871.82799999974668]]]}},
{"type":"Feature","properties":{"DESCRIPTION":"MDT_1415172.tif","FILENAME":"U:\\P589_AmazoniaRevelada_BR-319\\LiDAR_dataset\\ENTREGAS\\ENTREGA_05\\2_MDT\\GEOTIFF\\MDT_1415172.tif","SHRT_FNAME":"MDT_1415172.tif","UPPER_LEFT_X":"488962.713","UPPER_LEFT_Y":"9232871.828","LOWER_RIGHT_X":"489964.713","LOWER_RIGHT_Y":"9231869.828"},"geometry":{"type":"Polygon","coordinates":[[[488962.712999999988824,9232871.82799999974668],[489964.712999999988824,9232871.82799999974668],[489964.712999999988824,9231869.82799999974668],[488962.712999999988824,9231869.82799999974668],[488962.712999999988824,9232871.82799999974668]]]}},
{"type":"Feature","properties":{"DESCRIPTION":"MDT_1415171.tif","FILENAME":"U:\\P589_AmazoniaRevelada_BR-319\\LiDAR_dataset\\ENTREGAS\\ENTREGA_05\\2_MDT\\GEOTIFF\\MDT_1415171.tif","SHRT_FNAME":"MDT_1415171.tif","UPPER_LEFT_X":"487962.618","UPPER_LEFT_Y":"9232871.828","LOWER_RIGHT_X":"488964.618","LOWER_RIGHT_Y":"9231869.828"},"geometry":{"type":"Polygon","coordinates":[[[487962.618000000016764,9232871.82799999974668],[488964.618000000016764,9232871.82799999974668],[488964.618000000016764,9231869.82799999974668],[487962.618000000016764,9231869.82799999974668],[487962.618000000016764,9232871.82799999974668]]]}},
{"type":"Feature","properties":{"DESCRIPTION":"MDT_1415170.tif","FILENAME":"U:\\P589_AmazoniaRevelada_BR-319\\LiDAR_dataset\\ENTREGAS\\ENTREGA_05\\2_MDT\\GEOTIFF\\MDT_1415170.tif","SHRT_FNAME":"MDT_1415170.tif","UPPER_LEFT_X":"486962.522","UPPER_LEFT_Y":"9232871.828","LOWER_RIGHT_X":"487964.522","LOWER_RIGHT_Y":"9231869.828"},"geometry":{"type":"Polygon","coordinates":[[[486962.522,9232871.82799999974668],[487964.522,9232871.82799999974668],[487964.522,9231869.82799999974668],[486962.522,9231869.82799999974668],[486962.522,9232871.82799999974668]]]}},
{"type":"Feature","properties":{"DESCRIPTION":"MDT_1415169.tif","FILENAME":"U:\\P589_AmazoniaRevelada_BR-319\\LiDAR_dataset\\ENTREGAS\\ENTREGA_05\\2_MDT\\GEOTIFF\\MDT_1415169.tif","SHRT_FNAME":"MDT_1415169.tif","UPPER_LEFT_X":"485962.427","UPPER_LEFT_Y":"9232871.828","LOWER_RIGHT_X":"486964.427","LOWER_RIGHT_Y":"9231869.828"},"geometry":{"type":"Polygon","coordinates":[[[485962.427000000025146,9232871.82799999974668],[486964.427000000025146,9232871.82799999974668],[486964.427000000025146,9231869.82799999974668],[485962.427000000025146,9231869.82799999974668],[485962.427000000025146,9232871.82799999974668]]]}},
{"type":"Feature","properties":{"DESCRIPTION":"MDT_1415168.tif","FILENAME":"U:\\P589_AmazoniaRevelada_BR-319\\LiDAR_dataset\\ENTREGAS\\ENTREGA_05\\2_MDT\\GEOTIFF\\MDT_1415168.tif","SHRT_FNAME":"MDT_1415168.tif","UPPER_LEFT_X":"484962.332","UPPER_LEFT_Y":"9232871.828","LOWER_RIGHT_X":"485964.332","LOWER_RIGHT_Y":"9231869.828"},"geometry":{"type":"Polygon","coordinates":[[[484962.332,9232871.82799999974668],[485964.332,9232871.82799999974668],[485964.332,9231869.82799999974668],[484962.332,9231869.82799999974668],[484962.332,9232871.82799999974668]]]}},
{"type":"Feature","properties":{"DESCRIPTION":"MDT_1415167.tif","FILENAME":"U:\\P589_AmazoniaRevelada_BR-319\\LiDAR_dataset\\ENTREGAS\\ENTREGA_05\\2_MDT\\GEOTIFF\\MDT_1415167.tif","SHRT_FNAME":"MDT_1415167.tif","UPPER_LEFT_X":"483962.237","UPPER_LEFT_Y":"9232871.828","LOWER_RIGHT_X":"484964.237","LOWER_RIGHT_Y":"9231869.828"},"geometry":{"type":"Polygon","coordinates":[[[483962.237000000022817,9232871.82799999974668],[484964.237000000022817,9232871.82799999974668],[484964.237000000022817,9231869.82799999974668],[483962.237000000022817,9231869.82799999974668],[483962.237000000022817,9232871.82799999974668]]]}},
{"type":"Feature","properties":{"DESCRIPTION":"MDT_1415166.tif","FILENAME":"U:\\P589_AmazoniaRevelada_BR-319\\LiDAR_dataset\\ENTREGAS\\ENTREGA_05\\2_MDT\\GEOTIFF\\MDT_1415166.tif","SHRT_FNAME":"MDT_1415166.tif","UPPER_LEFT_X":"482962.142","UPPER_LEFT_Y":"9232871.828","LOWER_RIGHT_X":"483964.142","LOWER_RIGHT_Y":"9231869.828"},"geometry":{"type":"Polygon","coordinates":[[[482962.142,9232871.82799999974668],[483964.142,9232871.82799999974668],[483964.142,9231869.82799999974668],[482962.142,9231869.82799999974668],[482962.142,9232871.82799999974668]]]}},
{"type":"Feature","properties":{"DESCRIPTION":"MDT_1415165.tif","FILENAME":"U:\\P589_AmazoniaRevelada_BR-319\\LiDAR_dataset\\ENTREGAS\\ENTREGA_05\\2_MDT\\GEOTIFF\\MDT_1415165.tif","SHRT_FNAME":"MDT_1415165.tif","UPPER_LEFT_X":"481962.046","UPPER_LEFT_Y":"9232871.828","LOWER_RIGHT_X":"482964.046","LOWER_RIGHT_Y":"9231869.828"},"geometry":{"type":"Polygon","coordinates":[[[481962.045999999972992,9232871.82799999974668],[482964.045999999972992,9232871.82799999974668],[482964.045999999972992,9231869.82799999974668],[481962.045999999972992,9231869.82799999974668],[481962.045999999972992,9232871.82799999974668]]]}},
{"type":"Feature","properties":{"DESCRIPTION":"MDT_1415164.tif","FILENAME":"U:\\P589_AmazoniaRevelada_BR-319\\LiDAR_dataset\\ENTREGAS\\ENTREGA_05\\2_MDT\\GEOTIFF\\MDT_1415164.tif","SHRT_FNAME":"MDT_1415164.tif","UPPER_LEFT_X":"480961.951","UPPER_LEFT_Y":"9232871.828","LOWER_RIGHT_X":"481963.951","LOWER_RIGHT_Y":"9231869.828"},"geometry":{"type":"Polygon","coordinates":[[[480961.951,9232871.82799999974668],[481963.951,9232871.82799999974668],[481963.951,9231869.82799999974668],[480961.951,9231869.82799999974668],[480961.951,9232871.82799999974668]]]}},
{"type":"Feature","properties":{"DESCRIPTION":"MDT_1415163.tif","FILENAME":"U:\\P589_AmazoniaRevelada_BR-319\\LiDAR_dataset\\ENTREGAS\\ENTREGA_05\\2_MDT\\GEOTIFF\\MDT_1415163.tif","SHRT_FNAME":"MDT_1415163.tif","UPPER_LEFT_X":"479961.856","UPPER_LEFT_Y":"9232871.828","LOWER_RIGHT_X":"480963.856","LOWER_RIGHT_Y":"9231869.828"},"geometry":{"type":"Polygon","coordinates":[[[479961.856000000028871,9232871.82799999974668],[480963.856000000028871,9232871.82799999974668],[480963.856000000028871,9231869.82799999974668],[479961.856000000028871,9231869.82799999974668],[479961.856000000028871,9232871.82799999974668]]]}},
{"type":"Feature","properties":{"DESCRIPTION":"MDT_1415162.tif","FILENAME":"U:\\P589_AmazoniaRevelada_BR-319\\LiDAR_dataset\\ENTREGAS\\ENTREGA_05\\2_MDT\\GEOTIFF\\MDT_1415162.tif","SHRT_FNAME":"MDT_1415162.tif","UPPER_LEFT_X":"478961.761","UPPER_LEFT_Y":"9232871.828","LOWER_RIGHT_X":"479963.761","LOWER_RIGHT_Y":"9231869.828"},"geometry":{"type":"Polygon","coordinates":[[[478961.761,9232871.82799999974668],[479963.761,9232871.82799999974668],[479963.761,9231869.82799999974668],[478961.761,9231869.82799999974668],[478961.761,9232871.82799999974668]]]}},
{"type":"Feature","properties":{"DESCRIPTION":"MDT_1415161.tif","FILENAME":"U:\\P589_AmazoniaRevelada_BR-319\\LiDAR_dataset\\ENTREGAS\\ENTREGA_05\\2_MDT\\GEOTIFF\\MDT_1415161.tif","SHRT_FNAME":"MDT_1415161.tif","UPPER_LEFT_X":"477961.666","UPPER_LEFT_Y":"9232871.828","LOWER_RIGHT_X":"478963.666","LOWER_RIGHT_Y":"9231869.828"},"geometry":{"type":"Polygon","coordinates":[[[477961.666000000026543,9232871.82799999974668],[478963.666000000026543,9232871.82799999974668],[478963.666000000026543,9231869.82799999974668],[477961.666000000026543,9231869.82799999974668],[477961.666000000026543,9232871.82799999974668]]]}},
{"type":"Feature","properties":{"DESCRIPTION":"MDT_1415160.tif","FILENAME":"U:\\P589_AmazoniaRevelada_BR-319\\LiDAR_dataset\\ENTREGAS\\ENTREGA_05\\2_MDT\\GEOTIFF\\MDT_1415160.tif","SHRT_FNAME":"MDT_1415160.tif","UPPER_LEFT_X":"476961.570","UPPER_LEFT_Y":"9232871.828","LOWER_RIGHT_X":"477963.570","LOWER_RIGHT_Y":"9231869.828"},"geometry":{"type":"Polygon","coordinates":[[[476961.57,9232871.82799999974668],[477963.57,9232871.82799999974668],[477963.57,9231869.82799999974668],[476961.57,9231869.82799999974668],[476961.57,9232871.82799999974668]]]}},
{"type":"Feature","properties":{"DESCRIPTION":"MDT_1415159.tif","FILENAME":"U:\\P589_AmazoniaRevelada_BR-319\\LiDAR_dataset\\ENTREGAS\\ENTREGA_05\\2_MDT\\GEOTIFF\\MDT_1415159.tif","SHRT_FNAME":"MDT_1415159.tif","UPPER_LEFT_X":"475961.475","UPPER_LEFT_Y":"9232871.828","LOWER_RIGHT_X":"476963.475","LOWER_RIGHT_Y":"9231869.828"},"geometry":{"type":"Polygon","coordinates":[[[475961.474999999976717,9232871.82799999974668],[476963.474999999976717,9232871.82799999974668],[476963.474999999976717,9231869.82799999974668],[475961.474999999976717,9231869.82799999974668],[475961.474999999976717,9232871.82799999974668]]]}},
{"type":"Feature","properties":{"DESCRIPTION":"MDT_1415158.tif","FILENAME":"U:\\P589_AmazoniaRevelada_BR-319\\LiDAR_dataset\\ENTREGAS\\ENTREGA_05\\2_MDT\\GEOTIFF\\MDT_1415158.tif","SHRT_FNAME":"MDT_1415158.tif","UPPER_LEFT_X":"474961.380","UPPER_LEFT_Y":"9232871.828","LOWER_RIGHT_X":"475963.380","LOWER_RIGHT_Y":"9231869.828"},"geometry":{"type":"Polygon","coordinates":[[[474961.38,9232871.82799999974668],[475963.38,9232871.82799999974668],[475963.38,9231869.82799999974668],[474961.38,9231869.82799999974668],[474961.38,9232871.82799999974668]]]}},
{"type":"Feature","properties":{"DESCRIPTION":"MDT_1415157.tif","FILENAME":"U:\\P589_AmazoniaRevelada_BR-319\\LiDAR_dataset\\ENTREGAS\\ENTREGA_05\\2_MDT\\GEOTIFF\\MDT_1415157.tif","SHRT_FNAME":"MDT_1415157.tif","UPPER_LEFT_X":"473961.285","UPPER_LEFT_Y":"9232871.828","LOWER_RIGHT_X":"474963.285","LOWER_RIGHT_Y":"9231869.828"},"geometry":{"type":"Polygon","coordinates":[[[473961.284999999974389,9232871.82799999974668],[474963.284999999974389,9232871.82799999974668],[474963.284999999974389,9231869.82799999974668],[473961.284999999974389,9231869.82799999974668],[473961.284999999974389,9232871.82799999974668]]]}},
{"type":"Feature","properties":{"DESCRIPTION":"MDT_1415156.tif","FILENAME":"U:\\P589_AmazoniaRevelada_BR-319\\LiDAR_dataset\\ENTREGAS\\ENTREGA_05\\2_MDT\\GEOTIFF\\MDT_1415156.tif","SHRT_FNAME":"MDT_1415156.tif","UPPER_LEFT_X":"472961.190","UPPER_LEFT_Y":"9232871.828","LOWER_RIGHT_X":"473963.190","LOWER_RIGHT_Y":"9231869.828"},"geometry":{"type":"Polygon","coordinates":[[[472961.19,9232871.82799999974668],[473963.19,9232871.82799999974668],[473963.19,9231869.82799999974668],[472961.19,9231869.82799999974668],[472961.19,9232871.82799999974668]]]}},
{"type":"Feature","properties":{"DESCRIPTION":"MDT_1415155.tif","FILENAME":"U:\\P589_AmazoniaRevelada_BR-319\\LiDAR_dataset\\ENTREGAS\\ENTREGA_05\\2_MDT\\GEOTIFF\\MDT_1415155.tif","SHRT_FNAME":"MDT_1415155.tif","UPPER_LEFT_X":"471961.094","UPPER_LEFT_Y":"9232871.828","LOWER_RIGHT_X":"472963.094","LOWER_RIGHT_Y":"9231869.828"},"geometry":{"type":"Polygon","coordinates":[[[471961.093999999982771,9232871.82799999974668],[472963.093999999982771,9232871.82799999974668],[472963.093999999982771,9231869.82799999974668],[471961.093999999982771,9231869.82799999974668],[471961.093999999982771,9232871.82799999974668]]]}},
{"type":"Feature","properties":{"DESCRIPTION":"MDT_1415154.tif","FILENAME":"U:\\P589_AmazoniaRevelada_BR-319\\LiDAR_dataset\\ENTREGAS\\ENTREGA_05\\2_MDT\\GEOTIFF\\MDT_1415154.tif","SHRT_FNAME":"MDT_1415154.tif","UPPER_LEFT_X":"470960.999","UPPER_LEFT_Y":"9232871.828","LOWER_RIGHT_X":"471962.999","LOWER_RIGHT_Y":"9231869.828"},"geometry":{"type":"Polygon","coordinates":[[[470960.99900000001071,9232871.82799999974668],[471962.99900000001071,9232871.82799999974668],[471962.99900000001071,9231869.82799999974668],[470960.99900000001071,9231869.82799999974668],[470960.99900000001071,9232871.82799999974668]]]}},
{"type":"Feature","properties":{"DESCRIPTION":"MDT_1415153.tif","FILENAME":"U:\\P589_AmazoniaRevelada_BR-319\\LiDAR_dataset\\ENTREGAS\\ENTREGA_05\\2_MDT\\GEOTIFF\\MDT_1415153.tif","SHRT_FNAME":"MDT_1415153.tif","UPPER_LEFT_X":"469960.904","UPPER_LEFT_Y":"9232871.828","LOWER_RIGHT_X":"470962.904","LOWER_RIGHT_Y":"9231869.828"},"geometry":{"type":"Polygon","coordinates":[[[469960.903999999980442,9232871.82799999974668],[470962.903999999980442,9232871.82799999974668],[470962.903999999980442,9231869.82799999974668],[469960.903999999980442,9231869.82799999974668],[469960.903999999980442,9232871.82799999974668]]]}},
{"type":"Feature","properties":{"DESCRIPTION":"MDT_1415152.tif","FILENAME":"U:\\P589_AmazoniaRevelada_BR-319\\LiDAR_dataset\\ENTREGAS\\ENTREGA_05\\2_MDT\\GEOTIFF\\MDT_1415152.tif","SHRT_FNAME":"MDT_1415152.tif","UPPER_LEFT_X":"468960.809","UPPER_LEFT_Y":"9232871.828","LOWER_RIGHT_X":"469962.809","LOWER_RIGHT_Y":"9231869.828"},"geometry":{"type":"Polygon","coordinates":[[[468960.809,9232871.82799999974668],[469962.809,9232871.82799999974668],[469962.809,9231869.82799999974668],[468960.809,9231869.82799999974668],[468960.809,9232871.82799999974668]]]}},
{"type":"Feature","properties":{"DESCRIPTION":"MDT_1415151.tif","FILENAME":"U:\\P589_AmazoniaRevelada_BR-319\\LiDAR_dataset\\ENTREGAS\\ENTREGA_05\\2_MDT\\GEOTIFF\\MDT_1415151.tif","SHRT_FNAME":"MDT_1415151.tif","UPPER_LEFT_X":"467960.714","UPPER_LEFT_Y":"9232871.828","LOWER_RIGHT_X":"468962.714","LOWER_RIGHT_Y":"9231869.828"},"geometry":{"type":"Polygon","coordinates":[[[467960.713999999978114,9232871.82799999974668],[468962.713999999978114,9232871.82799999974668],[468962.713999999978114,9231869.82799999974668],[467960.713999999978114,9231869.82799999974668],[467960.713999999978114,9232871.82799999974668]]]}},
{"type":"Feature","properties":{"DESCRIPTION":"MDT_1415150.tif","FILENAME":"U:\\P589_AmazoniaRevelada_BR-319\\LiDAR_dataset\\ENTREGAS\\ENTREGA_05\\2_MDT\\GEOTIFF\\MDT_1415150.tif","SHRT_FNAME":"MDT_1415150.tif","UPPER_LEFT_X":"466960.618","UPPER_LEFT_Y":"9232871.828","LOWER_RIGHT_X":"467962.618","LOWER_RIGHT_Y":"9231869.828"},"geometry":{"type":"Polygon","coordinates":[[[466960.618000000016764,9232871.82799999974668],[467962.618000000016764,9232871.82799999974668],[467962.618000000016764,9231869.82799999974668],[466960.618000000016764,9231869.82799999974668],[466960.618000000016764,9232871.82799999974668]]]}},
{"type":"Feature","properties":{"DESCRIPTION":"MDT_1415149.tif","FILENAME":"U:\\P589_AmazoniaRevelada_BR-319\\LiDAR_dataset\\ENTREGAS\\ENTREGA_05\\2_MDT\\GEOTIFF\\MDT_1415149.tif","SHRT_FNAME":"MDT_1415149.tif","UPPER_LEFT_X":"465960.523","UPPER_LEFT_Y":"9232871.828","LOWER_RIGHT_X":"466962.523","LOWER_RIGHT_Y":"9231869.828"},"geometry":{"type":"Polygon","coordinates":[[[465960.522999999986496,9232871.82799999974668],[466962.522999999986496,9232871.82799999974668],[466962.522999999986496,9231869.82799999974668],[465960.522999999986496,9231869.82799999974668],[465960.522999999986496,9232871.82799999974668]]]}},
{"type":"Feature","properties":{"DESCRIPTION":"MDT_1415148.tif","FILENAME":"U:\\P589_AmazoniaRevelada_BR-319\\LiDAR_dataset\\ENTREGAS\\ENTREGA_05\\2_MDT\\GEOTIFF\\MDT_1415148.tif","SHRT_FNAME":"MDT_1415148.tif","UPPER_LEFT_X":"464960.428","UPPER_LEFT_Y":"9232871.828","LOWER_RIGHT_X":"465962.428","LOWER_RIGHT_Y":"9231869.828"},"geometry":{"type":"Polygon","coordinates":[[[464960.428000000014435,9232871.82799999974668],[465962.428000000014435,9232871.82799999974668],[465962.428000000014435,9231869.82799999974668],[464960.428000000014435,9231869.82799999974668],[464960.428000000014435,9232871.82799999974668]]]}},
{"type":"Feature","properties":{"DESCRIPTION":"MDT_1415147.tif","FILENAME":"U:\\P589_AmazoniaRevelada_BR-319\\LiDAR_dataset\\ENTREGAS\\ENTREGA_05\\2_MDT\\GEOTIFF\\MDT_1415147.tif","SHRT_FNAME":"MDT_1415147.tif","UPPER_LEFT_X":"463960.333","UPPER_LEFT_Y":"9232871.828","LOWER_RIGHT_X":"464962.333","LOWER_RIGHT_Y":"9231869.828"},"geometry":{"type":"Polygon","coordinates":[[[463960.332999999984168,9232871.82799999974668],[464962.332999999984168,9232871.82799999974668],[464962.332999999984168,9231869.82799999974668],[463960.332999999984168,9231869.82799999974668],[463960.332999999984168,9232871.82799999974668]]]}}
]
}
