{
"type": "FeatureCollection",
"name": "ENTREGA_08_LIMITE_FICHEIROS",
"crs": { "type": "name", "properties": { "name": "urn:ogc:def:crs:OGC:1.3:CRS84" } },
"features": [
{"type":"Feature","properties":{"DESCRIPTION":"MDT_1395249.tif","FILENAME":"U:\\P589_AmazoniaRevelada_BR-319\\LiDAR_dataset\\ENTREGAS\\ENTREGA_08\\2_MDT\\GEOTIFF\\MDT_1395249.tif","SHRT_FNAME":"MDT_1395249.tif","UPPER_LEFT_X":"565971.043","UPPER_LEFT_Y":"9252868.331","LOWER_RIGHT_X":"566971.043","LOWER_RIGHT_Y":"9251868.331"},"geometry":{"type":"Polygon","coordinates":[[[-62.403024063196284,-6.758854662254482],[-62.393975344809753,-6.758843485723056],[-62.393964072571087,-6.767889030072778],[-62.40301295924192,-6.767900221696478],[-62.403024063196284,-6.758854662254482]]]}},
{"type":"Feature","properties":{"DESCRIPTION":"MDT_1395248.tif","FILENAME":"U:\\P589_AmazoniaRevelada_BR-319\\LiDAR_dataset\\ENTREGAS\\ENTREGA_08\\2_MDT\\GEOTIFF\\MDT_1395248.tif","SHRT_FNAME":"MDT_1395248.tif","UPPER_LEFT_X":"564970.948","UPPER_LEFT_Y":"9252868.331","LOWER_RIGHT_X":"565970.948","LOWER_RIGHT_Y":"9251868.331"},"geometry":{"type":"Polygon","coordinates":[[[-62.41207365640733,-6.758865671712419],[-62.403024922825253,-6.758854663308266],[-62.403013818886883,-6.767900222751686],[-62.412062720754641,-6.767911246021085],[-62.41207365640733,-6.758865671712419]]]}},
{"type":"Feature","properties":{"DESCRIPTION":"MDT_1395247.tif","FILENAME":"U:\\P589_AmazoniaRevelada_BR-319\\LiDAR_dataset\\ENTREGAS\\ENTREGA_08\\2_MDT\\GEOTIFF\\MDT_1395247.tif","SHRT_FNAME":"MDT_1395247.tif","UPPER_LEFT_X":"563970.853","UPPER_LEFT_Y":"9252868.331","LOWER_RIGHT_X":"564970.853","LOWER_RIGHT_Y":"9251868.331"},"geometry":{"type":"Polygon","coordinates":[[[-62.421123264585027,-6.758876513025748],[-62.412074516037727,-6.758865672750232],[-62.412063580401025,-6.7679112470603],[-62.421112497235391,-6.767922101974029],[-62.421123264585027,-6.758876513025748]]]}},
{"type":"Feature","properties":{"DESCRIPTION":"MDT_1395246.tif","FILENAME":"U:\\P589_AmazoniaRevelada_BR-319\\LiDAR_dataset\\ENTREGAS\\ENTREGA_08\\2_MDT\\GEOTIFF\\MDT_1395246.tif","SHRT_FNAME":"MDT_1395246.tif","UPPER_LEFT_X":"562970.758","UPPER_LEFT_Y":"9252868.331","LOWER_RIGHT_X":"563970.758","LOWER_RIGHT_Y":"9251868.331"},"geometry":{"type":"Polygon","coordinates":[[[-62.430172887499026,-6.758887186193121],[-62.421124124216831,-6.758876514047587],[-62.42111335688319,-6.767922102997248],[-62.430162288453808,-6.767932789553959],[-62.430172887499026,-6.758887186193121]]]}},
{"type":"Feature","properties":{"DESCRIPTION":"MDT_1395245.tif","FILENAME":"U:\\P589_AmazoniaRevelada_BR-319\\LiDAR_dataset\\ENTREGAS\\ENTREGA_08\\2_MDT\\GEOTIFF\\MDT_1395245.tif","SHRT_FNAME":"MDT_1395245.tif","UPPER_LEFT_X":"561970.662","UPPER_LEFT_Y":"9252868.331","LOWER_RIGHT_X":"562970.662","LOWER_RIGHT_Y":"9251868.331"},"geometry":{"type":"Polygon","coordinates":[[[-62.439222533967801,-6.758897691223631],[-62.430173756181006,-6.758887187209575],[-62.430163157151924,-6.767932790571786],[-62.439212103228463,-6.767943308769985],[-62.439222533967801,-6.758897691223631]]]}},
{"type":"Feature","properties":{"DESCRIPTION":"MDT_1395244.tif","FILENAME":"U:\\P589_AmazoniaRevelada_BR-319\\LiDAR_dataset\\ENTREGAS\\ENTREGA_08\\2_MDT\\GEOTIFF\\MDT_1395244.tif","SHRT_FNAME":"MDT_1395244.tif","UPPER_LEFT_X":"560970.567","UPPER_LEFT_Y":"9252868.331","LOWER_RIGHT_X":"561970.567","LOWER_RIGHT_Y":"9251868.331"},"geometry":{"type":"Polygon","coordinates":[[[-62.448272185663427,-6.758908028094968],[-62.439223393602376,-6.758897692213526],[-62.439212962879026,-6.767943309761216],[-62.448261923231122,-6.767953659599762],[-62.448272185663427,-6.758908028094968]]]}},
{"type":"Feature","properties":{"DESCRIPTION":"MDT_1395243.tif","FILENAME":"U:\\P589_AmazoniaRevelada_BR-319\\LiDAR_dataset\\ENTREGAS\\ENTREGA_08\\2_MDT\\GEOTIFF\\MDT_1395243.tif","SHRT_FNAME":"MDT_1395243.tif","UPPER_LEFT_X":"559970.472","UPPER_LEFT_Y":"9252868.331","LOWER_RIGHT_X":"560970.472","LOWER_RIGHT_Y":"9251868.331"},"geometry":{"type":"Polygon","coordinates":[[[-62.457321851404338,-6.758918196816436],[-62.448273045299345,-6.75890802906889],[-62.44826278288302,-6.767953660574999],[-62.457311757280351,-6.767963842052608],[-62.457321851404338,-6.758918196816436]]]}},
{"type":"Feature","properties":{"DESCRIPTION":"MDT_1395242.tif","FILENAME":"U:\\P589_AmazoniaRevelada_BR-319\\LiDAR_dataset\\ENTREGAS\\ENTREGA_08\\2_MDT\\GEOTIFF\\MDT_1395242.tif","SHRT_FNAME":"MDT_1395242.tif","UPPER_LEFT_X":"558970.377","UPPER_LEFT_Y":"9252868.331","LOWER_RIGHT_X":"559970.377","LOWER_RIGHT_Y":"9251868.331"},"geometry":{"type":"Polygon","coordinates":[[[-62.466371530960181,-6.758928197386769],[-62.457322711041577,-6.758918197774384],[-62.457312616933571,-6.767963843011851],[-62.466361605145778,-6.767973856127259],[-62.466371530960181,-6.758928197386769]]]}},
{"type":"Feature","properties":{"DESCRIPTION":"MDT_1395241.tif","FILENAME":"U:\\P589_AmazoniaRevelada_BR-319\\LiDAR_dataset\\ENTREGAS\\ENTREGA_08\\2_MDT\\GEOTIFF\\MDT_1395241.tif","SHRT_FNAME":"MDT_1395241.tif","UPPER_LEFT_X":"557970.282","UPPER_LEFT_Y":"9252868.331","LOWER_RIGHT_X":"558970.282","LOWER_RIGHT_Y":"9251868.331"},"geometry":{"type":"Polygon","coordinates":[[[-62.4754212241006,-6.758938029804729],[-62.466372390598714,-6.758928198328745],[-62.466362464800305,-6.767973857070509],[-62.475411466597016,-6.767983701822472],[-62.4754212241006,-6.758938029804729]]]}},
{"type":"Feature","properties":{"DESCRIPTION":"MDT_1395240.tif","FILENAME":"U:\\P589_AmazoniaRevelada_BR-319\\LiDAR_dataset\\ENTREGAS\\ENTREGA_08\\2_MDT\\GEOTIFF\\MDT_1395240.tif","SHRT_FNAME":"MDT_1395240.tif","UPPER_LEFT_X":"556970.186","UPPER_LEFT_Y":"9252868.331","LOWER_RIGHT_X":"557970.186","LOWER_RIGHT_Y":"9251868.331"},"geometry":{"type":"Polygon","coordinates":[[[-62.484470939644119,-6.758947694078674],[-62.475422092789259,-6.758938030740481],[-62.47541233530184,-6.767983702759486],[-62.484461350452747,-6.767993379146615],[-62.484470939644119,-6.758947694078674]]]}},
{"type":"Feature","properties":{"DESCRIPTION":"MDT_1395239.tif","FILENAME":"U:\\P589_AmazoniaRevelada_BR-319\\LiDAR_dataset\\ENTREGAS\\ENTREGA_08\\2_MDT\\GEOTIFF\\MDT_1395239.tif","SHRT_FNAME":"MDT_1395239.tif","UPPER_LEFT_X":"555970.091","UPPER_LEFT_Y":"9252868.331","LOWER_RIGHT_X":"556970.091","LOWER_RIGHT_Y":"9251868.331"},"geometry":{"type":"Polygon","coordinates":[[[-62.493520659262671,-6.758957190188077],[-62.484471799285195,-6.758947694988706],[-62.484462210109825,-6.767993380057874],[-62.493511238384563,-6.768002888079132],[-62.493520659262671,-6.758957190188077]]]}},
{"type":"Feature","properties":{"DESCRIPTION":"MDT_1395238.tif","FILENAME":"U:\\P589_AmazoniaRevelada_BR-319\\LiDAR_dataset\\ENTREGAS\\ENTREGA_08\\2_MDT\\GEOTIFF\\MDT_1395238.tif","SHRT_FNAME":"MDT_1395238.tif","UPPER_LEFT_X":"554969.996","UPPER_LEFT_Y":"9252868.331","LOWER_RIGHT_X":"555969.996","LOWER_RIGHT_Y":"9251868.331"},"geometry":{"type":"Polygon","coordinates":[[[-62.502570391774761,-6.758966518141504],[-62.493521518904984,-6.758957191082134],[-62.493512098042864,-6.768002888974398],[-62.502561139211075,-6.768012228628608],[-62.502570391774761,-6.758966518141504]]]}},
{"type":"Feature","properties":{"DESCRIPTION":"MDT_1395237.tif","FILENAME":"U:\\P589_AmazoniaRevelada_BR-319\\LiDAR_dataset\\ENTREGAS\\ENTREGA_08\\2_MDT\\GEOTIFF\\MDT_1395237.tif","SHRT_FNAME":"MDT_1395237.tif","UPPER_LEFT_X":"553969.901","UPPER_LEFT_Y":"9252868.331","LOWER_RIGHT_X":"554969.901","LOWER_RIGHT_Y":"9251868.331"},"geometry":{"type":"Polygon","coordinates":[[[-62.511620136950015,-6.758975677937796],[-62.502571251418289,-6.758966519019587],[-62.502561998870597,-6.768012229507877],[-62.511611052701916,-6.768021400793875],[-62.511620136950015,-6.758975677937796]]]}},
{"type":"Feature","properties":{"DESCRIPTION":"MDT_1395236.tif","FILENAME":"U:\\P589_AmazoniaRevelada_BR-319\\LiDAR_dataset\\ENTREGAS\\ENTREGA_08\\2_MDT\\GEOTIFF\\MDT_1395236.tif","SHRT_FNAME":"MDT_1395236.tif","UPPER_LEFT_X":"552969.806","UPPER_LEFT_Y":"9252868.331","LOWER_RIGHT_X":"553969.806","LOWER_RIGHT_Y":"9251868.331"},"geometry":{"type":"Polygon","coordinates":[[[-62.520669894558083,-6.758984669575821],[-62.511620996594736,-6.758975678799908],[-62.511611912362618,-6.768021401657151],[-62.520660978626708,-6.768030404573803],[-62.520669894558083,-6.758984669575821]]]}},
{"type":"Feature","properties":{"DESCRIPTION":"MDT_1395235.tif","FILENAME":"U:\\P589_AmazoniaRevelada_BR-319\\LiDAR_dataset\\ENTREGAS\\ENTREGA_08\\2_MDT\\GEOTIFF\\MDT_1395235.tif","SHRT_FNAME":"MDT_1395235.tif","UPPER_LEFT_X":"551969.710","UPPER_LEFT_Y":"9252868.331","LOWER_RIGHT_X":"552969.710","LOWER_RIGHT_Y":"9251868.331"},"geometry":{"type":"Polygon","coordinates":[[[-62.529719673417503,-6.758993493063198],[-62.520670763252866,-6.758984670430864],[-62.520661847337649,-6.768030405430002],[-62.529710925804153,-6.768039239976019],[-62.529719673417503,-6.758993493063198]]]}},
{"type":"Feature","properties":{"DESCRIPTION":"MDT_1395234.tif","FILENAME":"U:\\P589_AmazoniaRevelada_BR-319\\LiDAR_dataset\\ENTREGAS\\ENTREGA_08\\2_MDT\\GEOTIFF\\MDT_1395234.tif","SHRT_FNAME":"MDT_1395234.tif","UPPER_LEFT_X":"550969.615","UPPER_LEFT_Y":"9252868.331","LOWER_RIGHT_X":"551969.615","LOWER_RIGHT_Y":"9251868.331"},"geometry":{"type":"Polygon","coordinates":[[[-62.538769455200132,-6.759002148381183],[-62.529720533064541,-6.758993493893359],[-62.529711785467185,-6.768039240807302],[-62.538760875905709,-6.768047906981755],[-62.538769455200132,-6.759002148381183]]]}},
{"type":"Feature","properties":{"DESCRIPTION":"MDT_1395233.tif","FILENAME":"U:\\P589_AmazoniaRevelada_BR-319\\LiDAR_dataset\\ENTREGAS\\ENTREGA_08\\2_MDT\\GEOTIFF\\MDT_1395233.tif","SHRT_FNAME":"MDT_1395233.tif","UPPER_LEFT_X":"549969.520","UPPER_LEFT_Y":"9252868.331","LOWER_RIGHT_X":"550969.520","LOWER_RIGHT_Y":"9251868.331"},"geometry":{"type":"Polygon","coordinates":[[[-62.54781924872448,-6.759010635537611],[-62.5387703148483,-6.759002149195371],[-62.538761735569857,-6.768047907797045],[-62.54781083775007,-6.768056405598859],[-62.54781924872448,-6.759010635537611]]]}},
{"type":"Feature","properties":{"DESCRIPTION":"MDT_1395232.tif","FILENAME":"U:\\P589_AmazoniaRevelada_BR-319\\LiDAR_dataset\\ENTREGAS\\ENTREGA_08\\2_MDT\\GEOTIFF\\MDT_1395232.tif","SHRT_FNAME":"MDT_1395232.tif","UPPER_LEFT_X":"548969.425","UPPER_LEFT_Y":"9252868.331","LOWER_RIGHT_X":"549969.425","LOWER_RIGHT_Y":"9251868.331"},"geometry":{"type":"Polygon","coordinates":[[[-62.556869053760202,-6.759018954531427],[-62.547820108373756,-6.759010636335826],[-62.547811697415334,-6.768056406398152],[-62.556860811106866,-6.768064735826271],[-62.556869053760202,-6.759018954531427]]]}},
{"type":"Feature","properties":{"DESCRIPTION":"MDT_1395231.tif","FILENAME":"U:\\P589_AmazoniaRevelada_BR-319\\LiDAR_dataset\\ENTREGAS\\ENTREGA_08\\2_MDT\\GEOTIFF\\MDT_1395231.tif","SHRT_FNAME":"MDT_1395231.tif","UPPER_LEFT_X":"547969.330","UPPER_LEFT_Y":"9252868.331","LOWER_RIGHT_X":"548969.330","LOWER_RIGHT_Y":"9251868.331"},"geometry":{"type":"Polygon","coordinates":[[[-62.565918870076921,-6.759027105361598],[-62.556869913410559,-6.759018955313667],[-62.556861670773202,-6.768064736609569],[-62.565910795745673,-6.768072897662957],[-62.565918870076921,-6.759027105361598]]]}},
{"type":"Feature","properties":{"DESCRIPTION":"MDT_1395230.tif","FILENAME":"U:\\P589_AmazoniaRevelada_BR-319\\LiDAR_dataset\\ENTREGAS\\ENTREGA_08\\2_MDT\\GEOTIFF\\MDT_1395230.tif","SHRT_FNAME":"MDT_1395230.tif","UPPER_LEFT_X":"546969.234","UPPER_LEFT_Y":"9252868.331","LOWER_RIGHT_X":"547969.234","LOWER_RIGHT_Y":"9251868.331"},"geometry":{"type":"Polygon","coordinates":[[[-62.574968706493244,-6.75903508803501],[-62.565919738777289,-6.759027106135931],[-62.565911664462199,-6.768072898438338],[-62.574960800485279,-6.768080891115816],[-62.574968706493244,-6.75903508803501]]]}},
{"type":"Feature","properties":{"DESCRIPTION":"MDT_1395229.tif","FILENAME":"U:\\P589_AmazoniaRevelada_BR-319\\LiDAR_dataset\\ENTREGAS\\ENTREGA_08\\2_MDT\\GEOTIFF\\MDT_1395229.tif","SHRT_FNAME":"MDT_1395229.tif","UPPER_LEFT_X":"545969.139","UPPER_LEFT_Y":"9252868.331","LOWER_RIGHT_X":"546969.139","LOWER_RIGHT_Y":"9251868.331"},"geometry":{"type":"Polygon","coordinates":[[[-62.58401854468088,-6.759042902534709],[-62.574969566145697,-6.759035088785304],[-62.574961660153718,-6.768080891867122],[-62.584010806997007,-6.768088716167864],[-62.58401854468088,-6.759042902534709]]]}},
{"type":"Feature","properties":{"DESCRIPTION":"MDT_1395228.tif","FILENAME":"U:\\P589_AmazoniaRevelada_BR-319\\LiDAR_dataset\\ENTREGAS\\ENTREGA_08\\2_MDT\\GEOTIFF\\MDT_1395228.tif","SHRT_FNAME":"MDT_1395228.tif","UPPER_LEFT_X":"544969.044","UPPER_LEFT_Y":"9252868.331","LOWER_RIGHT_X":"545969.044","LOWER_RIGHT_Y":"9251868.331"},"geometry":{"type":"Polygon","coordinates":[[[-62.593068393458388,-6.759050548867788],[-62.584019404334342,-6.759042903269028],[-62.584011666666456,-6.768088716903176],[-62.593060824099595,-6.768096372826211],[-62.593068393458388,-6.759050548867788]]]}},
{"type":"Feature","properties":{"DESCRIPTION":"MDT_1395227.tif","FILENAME":"U:\\P589_AmazoniaRevelada_BR-319\\LiDAR_dataset\\ENTREGAS\\ENTREGA_08\\2_MDT\\GEOTIFF\\MDT_1395227.tif","SHRT_FNAME":"MDT_1395227.tif","UPPER_LEFT_X":"543968.949","UPPER_LEFT_Y":"9252868.331","LOWER_RIGHT_X":"544968.949","LOWER_RIGHT_Y":"9251868.331"},"geometry":{"type":"Polygon","coordinates":[[[-62.602118252595432,-6.759058027033299],[-62.593069253112851,-6.759050549586132],[-62.593061683770038,-6.768096373545524],[-62.602110851562649,-6.768103861089902],[-62.602118252595432,-6.759058027033299]]]}},
{"type":"Feature","properties":{"DESCRIPTION":"MDT_1395226.tif","FILENAME":"U:\\P589_AmazoniaRevelada_BR-319\\LiDAR_dataset\\ENTREGAS\\ENTREGA_08\\2_MDT\\GEOTIFF\\MDT_1395226.tif","SHRT_FNAME":"MDT_1395226.tif","UPPER_LEFT_X":"542968.854","UPPER_LEFT_Y":"9252868.331","LOWER_RIGHT_X":"543968.854","LOWER_RIGHT_Y":"9251868.331"},"geometry":{"type":"Polygon","coordinates":[[[-62.611168121861631,-6.759065337030314],[-62.602119112250868,-6.759058027735669],[-62.602111711234073,-6.768103861793219],[-62.611160889155784,-6.76811118095801],[-62.611168121861631,-6.759065337030314]]]}},
{"type":"Feature","properties":{"DESCRIPTION":"MDT_1395225.tif","FILENAME":"U:\\P589_AmazoniaRevelada_BR-319\\LiDAR_dataset\\ENTREGAS\\ENTREGA_08\\2_MDT\\GEOTIFF\\MDT_1395225.tif","SHRT_FNAME":"MDT_1395225.tif","UPPER_LEFT_X":"541968.758","UPPER_LEFT_Y":"9252868.331","LOWER_RIGHT_X":"542968.758","LOWER_RIGHT_Y":"9251868.331"},"geometry":{"type":"Polygon","coordinates":[[[-62.620218010075625,-6.759072478864979],[-62.611168990567023,-6.759065337723933],[-62.611161757877348,-6.768111181652568],[-62.620210945697799,-6.76811833243669],[-62.620218010075625,-6.759072478864979]]]}},
{"type":"Feature","properties":{"DESCRIPTION":"MDT_1395224.tif","FILENAME":"U:\\P589_AmazoniaRevelada_BR-319\\LiDAR_dataset\\ENTREGAS\\ENTREGA_08\\2_MDT\\GEOTIFF\\MDT_1395224.tif","SHRT_FNAME":"MDT_1395224.tif","UPPER_LEFT_X":"540968.663","UPPER_LEFT_Y":"9252868.331","LOWER_RIGHT_X":"541968.663","LOWER_RIGHT_Y":"9251868.331"},"geometry":{"type":"Polygon","coordinates":[[[-62.629267898908999,-6.759079452522128],[-62.620218869732938,-6.7590724795354],[-62.620211805371106,-6.768118333108016],[-62.629261002859906,-6.768125315510756],[-62.629267898908999,-6.759079452522128]]]}},
{"type":"Feature","properties":{"DESCRIPTION":"MDT_1395223.tif","FILENAME":"U:\\P589_AmazoniaRevelada_BR-319\\LiDAR_dataset\\ENTREGAS\\ENTREGA_08\\2_MDT\\GEOTIFF\\MDT_1395223.tif","SHRT_FNAME":"MDT_1395223.tif","UPPER_LEFT_X":"539968.568","UPPER_LEFT_Y":"9252868.331","LOWER_RIGHT_X":"540968.568","LOWER_RIGHT_Y":"9251868.331"},"geometry":{"type":"Polygon","coordinates":[[[-62.638317797180406,-6.759086258008121],[-62.629268758567228,-6.759079453176575],[-62.629261862534129,-6.768125316166087],[-62.638311069460904,-6.768132130186572],[-62.638317797180406,-6.759086258008121]]]}},
{"type":"Feature","properties":{"DESCRIPTION":"MDT_1395222.tif","FILENAME":"U:\\P589_AmazoniaRevelada_BR-319\\LiDAR_dataset\\ENTREGAS\\ENTREGA_08\\2_MDT\\GEOTIFF\\MDT_1395222.tif","SHRT_FNAME":"MDT_1395222.tif","UPPER_LEFT_X":"538968.473","UPPER_LEFT_Y":"9252868.331","LOWER_RIGHT_X":"539968.473","LOWER_RIGHT_Y":"9251868.331"},"geometry":{"type":"Polygon","coordinates":[[[-62.647367704659466,-6.759092895322109],[-62.638318656839516,-6.759086258646591],[-62.638311929136009,-6.768132130825906],[-62.647361145270402,-6.768138776463295],[-62.647367704659466,-6.759092895322109]]]}},
{"type":"Feature","properties":{"DESCRIPTION":"MDT_1395221.tif","FILENAME":"U:\\P589_AmazoniaRevelada_BR-319\\LiDAR_dataset\\ENTREGAS\\ENTREGA_08\\2_MDT\\GEOTIFF\\MDT_1395221.tif","SHRT_FNAME":"MDT_1395221.tif","UPPER_LEFT_X":"537968.378","UPPER_LEFT_Y":"9252868.331","LOWER_RIGHT_X":"538968.378","LOWER_RIGHT_Y":"9251868.331"},"geometry":{"type":"Polygon","coordinates":[[[-62.656417621115779,-6.759099364463269],[-62.647368564319429,-6.759092895944605],[-62.647362004946373,-6.768138777086633],[-62.656411230057984,-6.768145254340097],[-62.656417621115779,-6.759099364463269]]]}},
{"type":"Feature","properties":{"DESCRIPTION":"MDT_1395220.tif","FILENAME":"U:\\P589_AmazoniaRevelada_BR-319\\LiDAR_dataset\\ENTREGAS\\ENTREGA_08\\2_MDT\\GEOTIFF\\MDT_1395220.tif","SHRT_FNAME":"MDT_1395220.tif","UPPER_LEFT_X":"536968.282","UPPER_LEFT_Y":"9252868.331","LOWER_RIGHT_X":"537968.282","LOWER_RIGHT_Y":"9251868.331"},"geometry":{"type":"Polygon","coordinates":[[[-62.66546755536806,-6.759105665437017],[-62.656418489825654,-6.759099365076176],[-62.656412098784024,-6.768145254953831],[-62.665461332642494,-6.768151563822399],[-62.66546755536806,-6.759105665437017]]]}},
{"type":"Feature","properties":{"DESCRIPTION":"MDT_1395219.tif","FILENAME":"U:\\P589_AmazoniaRevelada_BR-319\\LiDAR_dataset\\ENTREGAS\\ENTREGA_08\\2_MDT\\GEOTIFF\\MDT_1395219.tif","SHRT_FNAME":"MDT_1395219.tif","UPPER_LEFT_X":"535968.187","UPPER_LEFT_Y":"9252868.331","LOWER_RIGHT_X":"536968.187","LOWER_RIGHT_Y":"9251868.331"},"geometry":{"type":"Polygon","coordinates":[[[-62.674517489087776,-6.759111798229965],[-62.665468415029693,-6.759105666027564],[-62.665462192320113,-6.768151564413744],[-62.67451143469507,-6.7681577048968],[-62.674517489087776,-6.759111798229965]]]}},
{"type":"Feature","properties":{"DESCRIPTION":"MDT_1395218.tif","FILENAME":"U:\\P589_AmazoniaRevelada_BR-319\\LiDAR_dataset\\ENTREGAS\\ENTREGA_08\\2_MDT\\GEOTIFF\\MDT_1395218.tif","SHRT_FNAME":"MDT_1395218.tif","UPPER_LEFT_X":"534968.092","UPPER_LEFT_Y":"9252868.331","LOWER_RIGHT_X":"535968.092","LOWER_RIGHT_Y":"9251868.331"},"geometry":{"type":"Polygon","coordinates":[[[-62.683567431093628,-6.75911776284774],[-62.674518348750219,-6.759111798804539],[-62.674512294373493,-6.768157705472147],[-62.683561545034507,-6.768163677568928],[-62.683567431093628,-6.75911776284774]]]}},
{"type":"Feature","properties":{"DESCRIPTION":"MDT_1395217.tif","FILENAME":"U:\\P589_AmazoniaRevelada_BR-319\\LiDAR_dataset\\ENTREGAS\\ENTREGA_08\\2_MDT\\GEOTIFF\\MDT_1395217.tif","SHRT_FNAME":"MDT_1395217.tif","UPPER_LEFT_X":"533967.997","UPPER_LEFT_Y":"9252868.331","LOWER_RIGHT_X":"534967.997","LOWER_RIGHT_Y":"9251868.331"},"geometry":{"type":"Polygon","coordinates":[[[-62.69261738115523,-6.759123559289599],[-62.683568290756838,-6.759117763406337],[-62.683562404713712,-6.768163678128281],[-62.692611663430441,-6.768169481838046],[-62.69261738115523,-6.759123559289599]]]}},
{"type":"Feature","properties":{"DESCRIPTION":"MDT_1395216.tif","FILENAME":"U:\\P589_AmazoniaRevelada_BR-319\\LiDAR_dataset\\ENTREGAS\\ENTREGA_08\\2_MDT\\GEOTIFF\\MDT_1395216.tif","SHRT_FNAME":"MDT_1395216.tif","UPPER_LEFT_X":"532967.902","UPPER_LEFT_Y":"9252868.331","LOWER_RIGHT_X":"533967.902","LOWER_RIGHT_Y":"9251868.331"},"geometry":{"type":"Polygon","coordinates":[[[-62.701667339042174,-6.759129187554823],[-62.692618240819186,-6.75912355983222],[-62.692612523110398,-6.768169482381402],[-62.701661789652441,-6.768175117703429],[-62.701667339042174,-6.759129187554823]]]}},
{"type":"Feature","properties":{"DESCRIPTION":"MDT_1395215.tif","FILENAME":"U:\\P589_AmazoniaRevelada_BR-319\\LiDAR_dataset\\ENTREGAS\\ENTREGA_08\\2_MDT\\GEOTIFF\\MDT_1395215.tif","SHRT_FNAME":"MDT_1395215.tif","UPPER_LEFT_X":"531967.806","UPPER_LEFT_Y":"9252868.331","LOWER_RIGHT_X":"532967.806","LOWER_RIGHT_Y":"9251868.331"},"geometry":{"type":"Polygon","coordinates":[[[-62.710717313573205,-6.759134647648089],[-62.701668207755965,-6.759129188087013],[-62.701662658382403,-6.768175118236339],[-62.710711932519388,-6.768180585169763],[-62.710717313573205,-6.759134647648089]]]}},
{"type":"Feature","properties":{"DESCRIPTION":"MDT_1395214.tif","FILENAME":"U:\\P589_AmazoniaRevelada_BR-319\\LiDAR_dataset\\ENTREGAS\\ENTREGA_08\\2_MDT\\GEOTIFF\\MDT_1395214.tif","SHRT_FNAME":"MDT_1395214.tif","UPPER_LEFT_X":"530967.711","UPPER_LEFT_Y":"9252868.331","LOWER_RIGHT_X":"531967.711","LOWER_RIGHT_Y":"9251868.331"},"geometry":{"type":"Polygon","coordinates":[[[-62.71976728641971,-6.759139939557796],[-62.710718173238611,-6.759134648158759],[-62.710712792200788,-6.768180585681125],[-62.719762073702327,-6.768185884225433],[-62.71976728641971,-6.759139939557796]]]}},
{"type":"Feature","properties":{"DESCRIPTION":"MDT_1395213.tif","FILENAME":"U:\\P589_AmazoniaRevelada_BR-319\\LiDAR_dataset\\ENTREGAS\\ENTREGA_08\\2_MDT\\GEOTIFF\\MDT_1395213.tif","SHRT_FNAME":"MDT_1395213.tif","UPPER_LEFT_X":"529967.616","UPPER_LEFT_Y":"9252868.331","LOWER_RIGHT_X":"530967.616","LOWER_RIGHT_Y":"9251868.331"},"geometry":{"type":"Polygon","coordinates":[[[-62.728817266400419,-6.759145063288836],[-62.719768146085805,-6.759139940052492],[-62.719762933384409,-6.768185884720796],[-62.72881222202011,-6.768191014875332],[-62.728817266400419,-6.759145063288836]]]}},
{"type":"Feature","properties":{"DESCRIPTION":"MDT_1395212.tif","FILENAME":"U:\\P589_AmazoniaRevelada_BR-319\\LiDAR_dataset\\ENTREGAS\\ENTREGA_08\\2_MDT\\GEOTIFF\\MDT_1395212.tif","SHRT_FNAME":"MDT_1395212.tif","UPPER_LEFT_X":"528967.521","UPPER_LEFT_Y":"9252868.331","LOWER_RIGHT_X":"529967.521","LOWER_RIGHT_Y":"9251868.331"},"geometry":{"type":"Polygon","coordinates":[[[-62.737867253284939,-6.759150018840569],[-62.728818126067189,-6.759145063767556],[-62.72881308170286,-6.768191015354699],[-62.737862377242344,-6.768195977118824],[-62.737867253284939,-6.759150018840569]]]}},
{"type":"Feature","properties":{"DESCRIPTION":"MDT_1395211.tif","FILENAME":"U:\\P589_AmazoniaRevelada_BR-319\\LiDAR_dataset\\ENTREGAS\\ENTREGA_08\\2_MDT\\GEOTIFF\\MDT_1395211.tif","SHRT_FNAME":"MDT_1395211.tif","UPPER_LEFT_X":"527967.426","UPPER_LEFT_Y":"9252868.331","LOWER_RIGHT_X":"528967.426","LOWER_RIGHT_Y":"9251868.331"},"geometry":{"type":"Polygon","coordinates":[[[-62.746917246842884,-6.75915480621238],[-62.737868112952341,-6.759150019303313],[-62.73786323692574,-6.768195977582192],[-62.746912539138592,-6.768200770955292],[-62.746917246842884,-6.75915480621238]]]}},
{"type":"Feature","properties":{"DESCRIPTION":"MDT_1395210.tif","FILENAME":"U:\\P589_AmazoniaRevelada_BR-319\\LiDAR_dataset\\ENTREGAS\\ENTREGA_08\\2_MDT\\GEOTIFF\\MDT_1395210.tif","SHRT_FNAME":"MDT_1395210.tif","UPPER_LEFT_X":"526967.330","UPPER_LEFT_Y":"9252868.331","LOWER_RIGHT_X":"527967.330","LOWER_RIGHT_Y":"9251868.331"},"geometry":{"type":"Polygon","coordinates":[[[-62.755967255892998,-6.759159425408211],[-62.74691811556005,-6.759154806663852],[-62.746913407871922,-6.768200771407371],[-62.75596271652779,-6.768205396388679],[-62.755967255892998,-6.759159425408211]]]}},
{"type":"Feature","properties":{"DESCRIPTION":"MDT_1395209.tif","FILENAME":"U:\\P589_AmazoniaRevelada_BR-319\\LiDAR_dataset\\ENTREGAS\\ENTREGA_08\\2_MDT\\GEOTIFF\\MDT_1395209.tif","SHRT_FNAME":"MDT_1395209.tif","UPPER_LEFT_X":"525967.235","UPPER_LEFT_Y":"9252868.331","LOWER_RIGHT_X":"526967.235","LOWER_RIGHT_Y":"9251868.331"},"geometry":{"type":"Polygon","coordinates":[[[-62.765017262106618,-6.759163876418249],[-62.755968115561622,-6.759159425839004],[-62.755963576212409,-6.768205396820053],[-62.765012891080879,-6.768209853409165],[-62.765017262106618,-6.759163876418249]]]}},
{"type":"Feature","properties":{"DESCRIPTION":"MDT_1395208.tif","FILENAME":"U:\\P589_AmazoniaRevelada_BR-319\\LiDAR_dataset\\ENTREGAS\\ENTREGA_08\\2_MDT\\GEOTIFF\\MDT_1395208.tif","SHRT_FNAME":"MDT_1395208.tif","UPPER_LEFT_X":"524967.140","UPPER_LEFT_Y":"9252868.331","LOWER_RIGHT_X":"525967.140","LOWER_RIGHT_Y":"9251868.331"},"geometry":{"type":"Polygon","coordinates":[[[-62.774067274302489,-6.759168159246644],[-62.765018121775825,-6.759163876833067],[-62.76501375076608,-6.768209853824542],[-62.774063071616766,-6.768214142020905],[-62.774067274302489,-6.759168159246644]]]}},
{"type":"Feature","properties":{"DESCRIPTION":"MDT_1395207.tif","FILENAME":"U:\\P589_AmazoniaRevelada_BR-319\\LiDAR_dataset\\ENTREGAS\\ENTREGA_08\\2_MDT\\GEOTIFF\\MDT_1395207.tif","SHRT_FNAME":"MDT_1395207.tif","UPPER_LEFT_X":"523967.045","UPPER_LEFT_Y":"9252868.331","LOWER_RIGHT_X":"524967.045","LOWER_RIGHT_Y":"9251868.331"},"geometry":{"type":"Polygon","coordinates":[[[-62.783117292250203,-6.759172273892866],[-62.774068133972243,-6.759168159645486],[-62.774063931302528,-6.768214142420284],[-62.783113257905043,-6.768218262223362],[-62.783117292250203,-6.759172273892866]]]}},
{"type":"Feature","properties":{"DESCRIPTION":"MDT_1395206.tif","FILENAME":"U:\\P589_AmazoniaRevelada_BR-319\\LiDAR_dataset\\ENTREGAS\\ENTREGA_08\\2_MDT\\GEOTIFF\\MDT_1395206.tif","SHRT_FNAME":"MDT_1395206.tif","UPPER_LEFT_X":"522966.950","UPPER_LEFT_Y":"9252868.331","LOWER_RIGHT_X":"523966.950","LOWER_RIGHT_Y":"9251868.331"},"geometry":{"type":"Polygon","coordinates":[[[-62.792167315719382,-6.759176220356401],[-62.783118151920505,-6.759172274275732],[-62.783114117591339,-6.768218262606744],[-62.792163449715282,-6.768222214016028],[-62.792167315719382,-6.759176220356401]]]}},
{"type":"Feature","properties":{"DESCRIPTION":"MDT_1395205.tif","FILENAME":"U:\\P589_AmazoniaRevelada_BR-319\\LiDAR_dataset\\ENTREGAS\\ENTREGA_08\\2_MDT\\GEOTIFF\\MDT_1395205.tif","SHRT_FNAME":"MDT_1395205.tif","UPPER_LEFT_X":"521966.854","UPPER_LEFT_Y":"9252868.331","LOWER_RIGHT_X":"522966.854","LOWER_RIGHT_Y":"9251868.331"},"geometry":{"type":"Polygon","coordinates":[[[-62.801217353528806,-6.759179998640456],[-62.792168184439369,-6.759176220727155],[-62.792164318451427,-6.76822221438728],[-62.80121365586642,-6.76822599740211],[-62.801217353528806,-6.759179998640456]]]}},
{"type":"Feature","properties":{"DESCRIPTION":"MDT_1395204.tif","FILENAME":"U:\\P589_AmazoniaRevelada_BR-319\\LiDAR_dataset\\ENTREGAS\\ENTREGA_08\\2_MDT\\GEOTIFF\\MDT_1395204.tif","SHRT_FNAME":"MDT_1395204.tif","UPPER_LEFT_X":"520966.759","UPPER_LEFT_Y":"9252868.331","LOWER_RIGHT_X":"521966.759","LOWER_RIGHT_Y":"9251868.331"},"geometry":{"type":"Polygon","coordinates":[[[-62.810267387349739,-6.759183608737005],[-62.801218213200116,-6.759179998991369],[-62.801214515553717,-6.768225997753499],[-62.810263858029352,-6.768229612373575],[-62.810267387349739,-6.759183608737005]]]}},
{"type":"Feature","properties":{"DESCRIPTION":"MDT_1395203.tif","FILENAME":"U:\\P589_AmazoniaRevelada_BR-319\\LiDAR_dataset\\ENTREGAS\\ENTREGA_08\\2_MDT\\GEOTIFF\\MDT_1395203.tif","SHRT_FNAME":"MDT_1395203.tif","UPPER_LEFT_X":"519966.664","UPPER_LEFT_Y":"9252868.331","LOWER_RIGHT_X":"520966.664","LOWER_RIGHT_Y":"9251868.331"},"geometry":{"type":"Polygon","coordinates":[[[-62.819317426000957,-6.75918705064946],[-62.810268247021526,-6.759183609071942],[-62.810264717717125,-6.768229612708963],[-62.819314065023001,-6.768233058933837],[-62.819317426000957,-6.75918705064946]]]}},
{"type":"Feature","properties":{"DESCRIPTION":"MDT_1395202.tif","FILENAME":"U:\\P589_AmazoniaRevelada_BR-319\\LiDAR_dataset\\ENTREGAS\\ENTREGA_08\\2_MDT\\GEOTIFF\\MDT_1395202.tif","SHRT_FNAME":"MDT_1395202.tif","UPPER_LEFT_X":"518966.569","UPPER_LEFT_Y":"9252868.331","LOWER_RIGHT_X":"519966.569","LOWER_RIGHT_Y":"9251868.331"},"geometry":{"type":"Polygon","coordinates":[[[-62.828367469252058,-6.759190324377394],[-62.819318285673184,-6.75918705096842],[-62.819314924711222,-6.768233059253228],[-62.828364276616966,-6.768236337082469],[-62.828367469252058,-6.759190324377394]]]}},
{"type":"Feature","properties":{"DESCRIPTION":"MDT_1395200.tif","FILENAME":"U:\\P589_AmazoniaRevelada_BR-319\\LiDAR_dataset\\ENTREGAS\\ENTREGA_08\\2_MDT\\GEOTIFF\\MDT_1395200.tif","SHRT_FNAME":"MDT_1395200.tif","UPPER_LEFT_X":"516966.378","UPPER_LEFT_Y":"9252868.331","LOWER_RIGHT_X":"517966.378","LOWER_RIGHT_Y":"9251868.331"},"geometry":{"type":"Polygon","coordinates":[[[-62.846467577681494,-6.759196367280949],[-62.83741838559488,-6.759193430210432],[-62.837415361319223,-6.768239447109488],[-62.84646472173349,-6.768242388146097],[-62.846467577681494,-6.759196367280949]]]}},
{"type":"Feature","properties":{"DESCRIPTION":"MDT_1395199.tif","FILENAME":"U:\\P589_AmazoniaRevelada_BR-319\\LiDAR_dataset\\ENTREGAS\\ENTREGA_08\\2_MDT\\GEOTIFF\\MDT_1395199.tif","SHRT_FNAME":"MDT_1395199.tif","UPPER_LEFT_X":"515966.283","UPPER_LEFT_Y":"9252868.331","LOWER_RIGHT_X":"516966.283","LOWER_RIGHT_Y":"9251868.331"},"geometry":{"type":"Polygon","coordinates":[[[-62.855517633349862,-6.759199136452797],[-62.846468437354929,-6.759196367551981],[-62.846465581422912,-6.768242388417496],[-62.855514945745867,-6.768245161057313],[-62.855517633349862,-6.759199136452797]]]}},
{"type":"Feature","properties":{"DESCRIPTION":"MDT_1395198.tif","FILENAME":"U:\\P589_AmazoniaRevelada_BR-319\\LiDAR_dataset\\ENTREGAS\\ENTREGA_08\\2_MDT\\GEOTIFF\\MDT_1395198.tif","SHRT_FNAME":"MDT_1395198.tif","UPPER_LEFT_X":"514966.188","UPPER_LEFT_Y":"9252868.331","LOWER_RIGHT_X":"515966.188","LOWER_RIGHT_Y":"9251868.331"},"geometry":{"type":"Polygon","coordinates":[[[-62.864567692696532,-6.759201737438625],[-62.855518493023666,-6.759199136707855],[-62.855515805435651,-6.768245161312715],[-62.864565173436858,-6.768247765555397],[-62.864567692696532,-6.759201737438625]]]}},
{"type":"Feature","properties":{"DESCRIPTION":"MDT_1395197.tif","FILENAME":"U:\\P589_AmazoniaRevelada_BR-319\\LiDAR_dataset\\ENTREGAS\\ENTREGA_08\\2_MDT\\GEOTIFF\\MDT_1395197.tif","SHRT_FNAME":"MDT_1395197.tif","UPPER_LEFT_X":"513966.093","UPPER_LEFT_Y":"9252868.331","LOWER_RIGHT_X":"514966.093","LOWER_RIGHT_Y":"9251868.331"},"geometry":{"type":"Polygon","coordinates":[[[-62.873617755491082,-6.759204170238108],[-62.864568552370663,-6.759201737677706],[-62.864566033126991,-6.768247765794801],[-62.873615404576071,-6.768250201640027],[-62.873617755491082,-6.759204170238108]]]}},
{"type":"Feature","properties":{"DESCRIPTION":"MDT_1395196.tif","FILENAME":"U:\\P589_AmazoniaRevelada_BR-319\\LiDAR_dataset\\ENTREGAS\\ENTREGA_08\\2_MDT\\GEOTIFF\\MDT_1395196.tif","SHRT_FNAME":"MDT_1395196.tif","UPPER_LEFT_X":"512965.998","UPPER_LEFT_Y":"9252868.331","LOWER_RIGHT_X":"513965.998","LOWER_RIGHT_Y":"9251868.331"},"geometry":{"type":"Polygon","coordinates":[[[-62.882667821503148,-6.759206434850944],[-62.873618615165533,-6.759204170461214],[-62.873616264266516,-6.768250201863433],[-62.882665638933076,-6.768252469310896],[-62.882667821503148,-6.759206434850944]]]}},
{"type":"Feature","properties":{"DESCRIPTION":"MDT_1395195.tif","FILENAME":"U:\\P589_AmazoniaRevelada_BR-319\\LiDAR_dataset\\ENTREGAS\\ENTREGA_08\\2_MDT\\GEOTIFF\\MDT_1395195.tif","SHRT_FNAME":"MDT_1395195.tif","UPPER_LEFT_X":"511965.902","UPPER_LEFT_Y":"9252868.331","LOWER_RIGHT_X":"512965.902","LOWER_RIGHT_Y":"9251868.331"},"geometry":{"type":"Polygon","coordinates":[[[-62.891717899551502,-6.759208531278864],[-62.882668690227092,-6.759206435060253],[-62.882666507673193,-6.768252469520488],[-62.891715885326832,-6.768254568569741],[-62.891717899551502,-6.759208531278864]]]}},
{"type":"Feature","properties":{"DESCRIPTION":"MDT_1395194.tif","FILENAME":"U:\\P589_AmazoniaRevelada_BR-319\\LiDAR_dataset\\ENTREGAS\\ENTREGA_08\\2_MDT\\GEOTIFF\\MDT_1395194.tif","SHRT_FNAME":"MDT_1395194.tif","UPPER_LEFT_X":"510965.807","UPPER_LEFT_Y":"9252868.331","LOWER_RIGHT_X":"511965.807","LOWER_RIGHT_Y":"9251868.331"},"geometry":{"type":"Polygon","coordinates":[[[-62.900767971307353,-6.759210459517416],[-62.891718759226528,-6.759208531470017],[-62.891716745017845,-6.768254568761153],[-62.900766125428156,-6.768256499412102],[-62.900767971307353,-6.759210459517416]]]}},
{"type":"Feature","properties":{"DESCRIPTION":"MDT_1395193.tif","FILENAME":"U:\\P589_AmazoniaRevelada_BR-319\\LiDAR_dataset\\ENTREGAS\\ENTREGA_08\\2_MDT\\GEOTIFF\\MDT_1395193.tif","SHRT_FNAME":"MDT_1395193.tif","UPPER_LEFT_X":"509965.712","UPPER_LEFT_Y":"9252868.331","LOWER_RIGHT_X":"510965.712","LOWER_RIGHT_Y":"9251868.331"},"geometry":{"type":"Polygon","coordinates":[[[-62.90981804558951,-6.759212219568541],[-62.900768830982635,-6.759210459692593],[-62.900766985119418,-6.768256499587515],[-62.909816368056021,-6.768258261839923],[-62.90981804558951,-6.759212219568541]]]}},
{"type":"Feature","properties":{"DESCRIPTION":"MDT_1394249.tif","FILENAME":"U:\\P589_AmazoniaRevelada_BR-319\\LiDAR_dataset\\ENTREGAS\\ENTREGA_08\\2_MDT\\GEOTIFF\\MDT_1394249.tif","SHRT_FNAME":"MDT_1394249.tif","UPPER_LEFT_X":"565971.043","UPPER_LEFT_Y":"9253868.206","LOWER_RIGHT_X":"566971.043","LOWER_RIGHT_Y":"9252868.206"},"geometry":{"type":"Polygon","coordinates":[[[-62.403035150571391,-6.749810230137681],[-62.3939866002179,-6.74979906869611],[-62.393975343401685,-6.758844616416312],[-62.403024061809241,-6.758855792949622],[-62.403035150571391,-6.749810230137681]]]}},
{"type":"Feature","properties":{"DESCRIPTION":"MDT_1394248.tif","FILENAME":"U:\\P589_AmazoniaRevelada_BR-319\\LiDAR_dataset\\ENTREGAS\\ENTREGA_08\\2_MDT\\GEOTIFF\\MDT_1394248.tif","SHRT_FNAME":"MDT_1394248.tif","UPPER_LEFT_X":"564970.948","UPPER_LEFT_Y":"9253868.206","LOWER_RIGHT_X":"565970.948","LOWER_RIGHT_Y":"9252868.206"},"geometry":{"type":"Polygon","coordinates":[[[-62.412084575732045,-6.749821224731336],[-62.403036010184408,-6.749810231190041],[-62.403024921438217,-6.758855794003408],[-62.412073655041304,-6.758866802409418],[-62.412084575732045,-6.749821224731336]]]}},
{"type":"Feature","properties":{"DESCRIPTION":"MDT_1394247.tif","FILENAME":"U:\\P589_AmazoniaRevelada_BR-319\\LiDAR_dataset\\ENTREGAS\\ENTREGA_08\\2_MDT\\GEOTIFF\\MDT_1394247.tif","SHRT_FNAME":"MDT_1394247.tif","UPPER_LEFT_X":"563970.853","UPPER_LEFT_Y":"9253868.206","LOWER_RIGHT_X":"564970.853","LOWER_RIGHT_Y":"9252868.206"},"geometry":{"type":"Polygon","coordinates":[[[-62.42113401585798,-6.749832051407402],[-62.412085435346484,-6.749821225767747],[-62.412074514671716,-6.75886680344723],[-62.42112326324002,-6.758877643724577],[-62.42113401585798,-6.749832051407402]]]}},
{"type":"Feature","properties":{"DESCRIPTION":"MDT_1394246.tif","FILENAME":"U:\\P589_AmazoniaRevelada_BR-319\\LiDAR_dataset\\ENTREGAS\\ENTREGA_08\\2_MDT\\GEOTIFF\\MDT_1394246.tif","SHRT_FNAME":"MDT_1394246.tif","UPPER_LEFT_X":"562970.758","UPPER_LEFT_Y":"9253868.206","LOWER_RIGHT_X":"563970.758","LOWER_RIGHT_Y":"9252868.206"},"geometry":{"type":"Polygon","coordinates":[[[-62.43018347071888,-6.749842710164529],[-62.42113487547384,-6.749832052427862],[-62.421124122871838,-6.758877644746417],[-62.43017288617505,-6.758888316893751],[-62.43018347071888,-6.749842710164529]]]}},
{"type":"Feature","properties":{"DESCRIPTION":"MDT_1394245.tif","FILENAME":"U:\\P589_AmazoniaRevelada_BR-319\\LiDAR_dataset\\ENTREGAS\\ENTREGA_08\\2_MDT\\GEOTIFF\\MDT_1394245.tif","SHRT_FNAME":"MDT_1394245.tif","UPPER_LEFT_X":"561970.662","UPPER_LEFT_Y":"9253868.206","LOWER_RIGHT_X":"562970.662","LOWER_RIGHT_Y":"9252868.206"},"geometry":{"type":"Polygon","coordinates":[[[-62.43923294913305,-6.749853201011804],[-62.430184339384724,-6.749842711179612],[-62.43017375485703,-6.758888317910206],[-62.439222532664843,-6.758898821926033],[-62.43923294913305,-6.749853201011804]]]}},
{"type":"Feature","properties":{"DESCRIPTION":"MDT_1394244.tif","FILENAME":"U:\\P589_AmazoniaRevelada_BR-319\\LiDAR_dataset\\ENTREGAS\\ENTREGA_08\\2_MDT\\GEOTIFF\\MDT_1394244.tif","SHRT_FNAME":"MDT_1394244.tif","UPPER_LEFT_X":"560970.567","UPPER_LEFT_Y":"9253868.206","LOWER_RIGHT_X":"561970.567","LOWER_RIGHT_Y":"9252868.206"},"geometry":{"type":"Polygon","coordinates":[[[-62.448282432772942,-6.749863523926941],[-62.439233808751666,-6.749853202000363],[-62.439223392299425,-6.758898822915929],[-62.448272184381494,-6.758909158799115],[-62.448282432772942,-6.749863523926941]]]}},
{"type":"Feature","properties":{"DESCRIPTION":"MDT_1394243.tif","FILENAME":"U:\\P589_AmazoniaRevelada_BR-319\\LiDAR_dataset\\ENTREGAS\\ENTREGA_08\\2_MDT\\GEOTIFF\\MDT_1394243.tif","SHRT_FNAME":"MDT_1394243.tif","UPPER_LEFT_X":"559970.472","UPPER_LEFT_Y":"9253868.206","LOWER_RIGHT_X":"560970.472","LOWER_RIGHT_Y":"9252868.206"},"geometry":{"type":"Polygon","coordinates":[[[-62.457331930456832,-6.749873678919233],[-62.448283292392894,-6.749863524899549],[-62.448273044017412,-6.758909159773038],[-62.457321850143423,-6.7589193275223],[-62.457331930456832,-6.749873678919233]]]}},
{"type":"Feature","properties":{"DESCRIPTION":"MDT_1394242.tif","FILENAME":"U:\\P589_AmazoniaRevelada_BR-319\\LiDAR_dataset\\ENTREGAS\\ENTREGA_08\\2_MDT\\GEOTIFF\\MDT_1394242.tif","SHRT_FNAME":"MDT_1394242.tif","UPPER_LEFT_X":"558970.377","UPPER_LEFT_Y":"9253868.206","LOWER_RIGHT_X":"559970.377","LOWER_RIGHT_Y":"9252868.206"},"geometry":{"type":"Polygon","coordinates":[[[-62.46638144195439,-6.74988366598742],[-62.457332790078105,-6.74987367987589],[-62.457322709780676,-6.758919328480249],[-62.466371529720298,-6.758929328094321],[-62.46638144195439,-6.74988366598742]]]}},
{"type":"Feature","properties":{"DESCRIPTION":"MDT_1394241.tif","FILENAME":"U:\\P589_AmazoniaRevelada_BR-319\\LiDAR_dataset\\ENTREGAS\\ENTREGA_08\\2_MDT\\GEOTIFF\\MDT_1394241.tif","SHRT_FNAME":"MDT_1394241.tif","UPPER_LEFT_X":"557970.282","UPPER_LEFT_Y":"9253868.206","LOWER_RIGHT_X":"558970.282","LOWER_RIGHT_Y":"9252868.206"},"geometry":{"type":"Polygon","coordinates":[[[-62.475430967035301,-6.749893485130261],[-62.466382301576964,-6.749883666928124],[-62.466372389358838,-6.7589293290363],[-62.475421222881749,-6.758939160513942],[-62.475430967035301,-6.749893485130261]]]}},
{"type":"Feature","properties":{"DESCRIPTION":"MDT_1394240.tif","FILENAME":"U:\\P589_AmazoniaRevelada_BR-319\\LiDAR_dataset\\ENTREGAS\\ENTREGA_08\\2_MDT\\GEOTIFF\\MDT_1394240.tif","SHRT_FNAME":"MDT_1394240.tif","UPPER_LEFT_X":"556970.186","UPPER_LEFT_Y":"9253868.206","LOWER_RIGHT_X":"557970.186","LOWER_RIGHT_Y":"9252868.206"},"geometry":{"type":"Polygon","coordinates":[[[-62.484480514517898,-6.749903136356104],[-62.475431835707823,-6.749893486064749],[-62.475422091570415,-6.758939161449693],[-62.484470938446293,-6.758948824789518],[-62.484480514517898,-6.749903136356104]]]}},
{"type":"Feature","properties":{"DESCRIPTION":"MDT_1394239.tif","FILENAME":"U:\\P589_AmazoniaRevelada_BR-319\\LiDAR_dataset\\ENTREGAS\\ENTREGA_08\\2_MDT\\GEOTIFF\\MDT_1394239.tif","SHRT_FNAME":"MDT_1394239.tif","UPPER_LEFT_X":"555970.091","UPPER_LEFT_Y":"9253868.206","LOWER_RIGHT_X":"556970.091","LOWER_RIGHT_Y":"9252868.206"},"geometry":{"type":"Polygon","coordinates":[[[-62.49353006607452,-6.749912619644448],[-62.484481374143016,-6.749903137264906],[-62.484471798087363,-6.758948825699548],[-62.493520658085863,-6.758958320900523],[-62.49353006607452,-6.749912619644448]]]}},
{"type":"Feature","properties":{"DESCRIPTION":"MDT_1394238.tif","FILENAME":"U:\\P589_AmazoniaRevelada_BR-319\\LiDAR_dataset\\ENTREGAS\\ENTREGA_08\\2_MDT\\GEOTIFF\\MDT_1394238.tif","SHRT_FNAME":"MDT_1394238.tif","UPPER_LEFT_X":"554969.996","UPPER_LEFT_Y":"9253868.206","LOWER_RIGHT_X":"555969.996","LOWER_RIGHT_Y":"9252868.206"},"geometry":{"type":"Polygon","coordinates":[[[-62.502579630523478,-6.749921935003851],[-62.493530925700867,-6.749912620537298],[-62.493521517728183,-6.758958321794581],[-62.50257039061897,-6.758967648855525],[-62.502579630523478,-6.749921935003851]]]}},
{"type":"Feature","properties":{"DESCRIPTION":"MDT_1394237.tif","FILENAME":"U:\\P589_AmazoniaRevelada_BR-319\\LiDAR_dataset\\ENTREGAS\\ENTREGA_08\\2_MDT\\GEOTIFF\\MDT_1394237.tif","SHRT_FNAME":"MDT_1394237.tif","UPPER_LEFT_X":"553969.901","UPPER_LEFT_Y":"9253868.206","LOWER_RIGHT_X":"554969.901","LOWER_RIGHT_Y":"9252868.206"},"geometry":{"type":"Polygon","coordinates":[[[-62.511629207634456,-6.749931082433156],[-62.50258049015104,-6.749921935880749],[-62.502571250262513,-6.758967649733608],[-62.511620135815257,-6.758976808653365],[-62.511629207634456,-6.749931082433156]]]}},
{"type":"Feature","properties":{"DESCRIPTION":"MDT_1394236.tif","FILENAME":"U:\\P589_AmazoniaRevelada_BR-319\\LiDAR_dataset\\ENTREGAS\\ENTREGA_08\\2_MDT\\GEOTIFF\\MDT_1394236.tif","SHRT_FNAME":"MDT_1394236.tif","UPPER_LEFT_X":"552969.806","UPPER_LEFT_Y":"9253868.206","LOWER_RIGHT_X":"553969.806","LOWER_RIGHT_Y":"9252868.206"},"geometry":{"type":"Polygon","coordinates":[[[-62.520678797177112,-6.749940061931227],[-62.511630067263212,-6.749931083294102],[-62.511620995459978,-6.758976809515475],[-62.520669893444349,-6.758985800292907],[-62.520678797177112,-6.749940061931227]]]}},
{"type":"Feature","properties":{"DESCRIPTION":"MDT_1394235.tif","FILENAME":"U:\\P589_AmazoniaRevelada_BR-319\\LiDAR_dataset\\ENTREGAS\\ENTREGA_08\\2_MDT\\GEOTIFF\\MDT_1394235.tif","SHRT_FNAME":"MDT_1394235.tif","UPPER_LEFT_X":"551969.710","UPPER_LEFT_Y":"9253868.206","LOWER_RIGHT_X":"552969.710","LOWER_RIGHT_Y":"9252868.206"},"geometry":{"type":"Polygon","coordinates":[[[-62.529728407969849,-6.749948873505676],[-62.520679665855766,-6.749940062785115],[-62.52067076213914,-6.758985801147949],[-62.529719672324809,-6.758994623781771],[-62.529728407969849,-6.749948873505676]]]}},
{"type":"Feature","properties":{"DESCRIPTION":"MDT_1394234.tif","FILENAME":"U:\\P589_AmazoniaRevelada_BR-319\\LiDAR_dataset\\ENTREGAS\\ENTREGA_08\\2_MDT\\GEOTIFF\\MDT_1394234.tif","SHRT_FNAME":"MDT_1394234.tif","UPPER_LEFT_X":"550969.615","UPPER_LEFT_Y":"9253868.206","LOWER_RIGHT_X":"551969.615","LOWER_RIGHT_Y":"9252868.206"},"geometry":{"type":"Polygon","coordinates":[[[-62.538778021684848,-6.749957517137785],[-62.529729267600921,-6.749948874334717],[-62.529720531971847,-6.758994624611933],[-62.538769454128463,-6.759003279101218],[-62.538778021684848,-6.749957517137785]]]}},
{"type":"Feature","properties":{"DESCRIPTION":"MDT_1394233.tif","FILENAME":"U:\\P589_AmazoniaRevelada_BR-319\\LiDAR_dataset\\ENTREGAS\\ENTREGA_08\\2_MDT\\GEOTIFF\\MDT_1394233.tif","SHRT_FNAME":"MDT_1394233.tif","UPPER_LEFT_X":"549969.520","UPPER_LEFT_Y":"9253868.206","LOWER_RIGHT_X":"550969.520","LOWER_RIGHT_Y":"9252868.206"},"geometry":{"type":"Polygon","coordinates":[[[-62.547827647140501,-6.74996599283538],[-62.53877888131705,-6.749957517950874],[-62.538770313776617,-6.759003279915407],[-62.547819247673829,-6.759011766259078],[-62.547827647140501,-6.74996599283538]]]}},
{"type":"Feature","properties":{"DESCRIPTION":"MDT_1394232.tif","FILENAME":"U:\\P589_AmazoniaRevelada_BR-319\\LiDAR_dataset\\ENTREGAS\\ENTREGA_08\\2_MDT\\GEOTIFF\\MDT_1394232.tif","SHRT_FNAME":"MDT_1394232.tif","UPPER_LEFT_X":"548969.425","UPPER_LEFT_Y":"9253868.206","LOWER_RIGHT_X":"549969.425","LOWER_RIGHT_Y":"9252868.206"},"geometry":{"type":"Polygon","coordinates":[[[-62.556877284106477,-6.749974300597404],[-62.547828506773811,-6.749965993632517],[-62.547820107323105,-6.759011767057293],[-62.556869052730583,-6.759020085254297],[-62.556877284106477,-6.749974300597404]]]}},
{"type":"Feature","properties":{"DESCRIPTION":"MDT_1394231.tif","FILENAME":"U:\\P589_AmazoniaRevelada_BR-319\\LiDAR_dataset\\ENTREGAS\\ENTREGA_08\\2_MDT\\GEOTIFF\\MDT_1394231.tif","SHRT_FNAME":"MDT_1394231.tif","UPPER_LEFT_X":"547969.330","UPPER_LEFT_Y":"9253868.206","LOWER_RIGHT_X":"548969.330","LOWER_RIGHT_Y":"9252868.206"},"geometry":{"type":"Polygon","coordinates":[[[-62.565926932352419,-6.749982440422827],[-62.556878143740867,-6.749974301378589],[-62.556869912380925,-6.75902008603654],[-62.565918869068327,-6.759028236085845],[-62.565926932352419,-6.749982440422827]]]}},
{"type":"Feature","properties":{"DESCRIPTION":"MDT_1394230.tif","FILENAME":"U:\\P589_AmazoniaRevelada_BR-319\\LiDAR_dataset\\ENTREGAS\\ENTREGA_08\\2_MDT\\GEOTIFF\\MDT_1394230.tif","SHRT_FNAME":"MDT_1394230.tif","UPPER_LEFT_X":"546969.234","UPPER_LEFT_Y":"9253868.206","LOWER_RIGHT_X":"547969.234","LOWER_RIGHT_Y":"9252868.206"},"geometry":{"type":"Polygon","coordinates":[[[-62.574976600696793,-6.749990412318525],[-62.565927801036658,-6.749982441196116],[-62.565919737768702,-6.759028236860179],[-62.574968705505668,-6.759036218760605],[-62.574976600696793,-6.749990412318525]]]}},
{"type":"Feature","properties":{"DESCRIPTION":"MDT_1394229.tif","FILENAME":"U:\\P589_AmazoniaRevelada_BR-319\\LiDAR_dataset\\ENTREGAS\\ENTREGA_08\\2_MDT\\GEOTIFF\\MDT_1394229.tif","SHRT_FNAME":"MDT_1394229.tif","UPPER_LEFT_X":"545969.139","UPPER_LEFT_Y":"9253868.206","LOWER_RIGHT_X":"546969.139","LOWER_RIGHT_Y":"9252868.206"},"geometry":{"type":"Polygon","coordinates":[[[-62.584026270811641,-6.749998216267568],[-62.574977460333265,-6.749990413067805],[-62.574969565158121,-6.759036219510898],[-62.584018543714322,-6.759044033261622],[-62.584026270811641,-6.749998216267568]]]}},
{"type":"Feature","properties":{"DESCRIPTION":"MDT_1394228.tif","FILENAME":"U:\\P589_AmazoniaRevelada_BR-319\\LiDAR_dataset\\ENTREGAS\\ENTREGA_08\\2_MDT\\GEOTIFF\\MDT_1394228.tif","SHRT_FNAME":"MDT_1394228.tif","UPPER_LEFT_X":"544969.044","UPPER_LEFT_Y":"9253868.206","LOWER_RIGHT_X":"545969.044","LOWER_RIGHT_Y":"9252868.206"},"geometry":{"type":"Polygon","coordinates":[[[-62.593075951515409,-6.750005852277038],[-62.584027130449137,-6.749998217000895],[-62.58401940336779,-6.759044033995941],[-62.593068392512869,-6.759051679595992],[-62.593075951515409,-6.750005852277038]]]}},
{"type":"Feature","properties":{"DESCRIPTION":"MDT_1394227.tif","FILENAME":"U:\\P589_AmazoniaRevelada_BR-319\\LiDAR_dataset\\ENTREGAS\\ENTREGA_08\\2_MDT\\GEOTIFF\\MDT_1394227.tif","SHRT_FNAME":"MDT_1394227.tif","UPPER_LEFT_X":"543968.949","UPPER_LEFT_Y":"9253868.206","LOWER_RIGHT_X":"544968.949","LOWER_RIGHT_Y":"9252868.206"},"geometry":{"type":"Polygon","coordinates":[[[-62.602125642577761,-6.750013320345992],[-62.593076811153907,-6.750005852994415],[-62.593069252167339,-6.759051680314337],[-62.60211825167093,-6.759059157762766],[-62.602125642577761,-6.750013320345992]]]}},
{"type":"Feature","properties":{"DESCRIPTION":"MDT_1394226.tif","FILENAME":"U:\\P589_AmazoniaRevelada_BR-319\\LiDAR_dataset\\ENTREGAS\\ENTREGA_08\\2_MDT\\GEOTIFF\\MDT_1394226.tif","SHRT_FNAME":"MDT_1394226.tif","UPPER_LEFT_X":"542968.854","UPPER_LEFT_Y":"9253868.206","LOWER_RIGHT_X":"543968.854","LOWER_RIGHT_Y":"9252868.206"},"geometry":{"type":"Polygon","coordinates":[[[-62.611175343768345,-6.750020620473497],[-62.602126502217239,-6.750013321047414],[-62.602119111326381,-6.759059158465136],[-62.611168120958162,-6.759066467761014],[-62.611175343768345,-6.750020620473497]]]}},
{"type":"Feature","properties":{"DESCRIPTION":"MDT_1394225.tif","FILENAME":"U:\\P589_AmazoniaRevelada_BR-319\\LiDAR_dataset\\ENTREGAS\\ENTREGA_08\\2_MDT\\GEOTIFF\\MDT_1394225.tif","SHRT_FNAME":"MDT_1394225.tif","UPPER_LEFT_X":"541968.758","UPPER_LEFT_Y":"9253868.206","LOWER_RIGHT_X":"542968.758","LOWER_RIGHT_Y":"9252868.206"},"geometry":{"type":"Polygon","coordinates":[[[-62.62022506390565,-6.750027752665696],[-62.611176212457607,-6.750020621166181],[-62.611168989663554,-6.759066468454635],[-62.620218009193174,-6.759073609596886],[-62.62022506390565,-6.750027752665696]]]}},
{"type":"Feature","properties":{"DESCRIPTION":"MDT_1394224.tif","FILENAME":"U:\\P589_AmazoniaRevelada_BR-319\\LiDAR_dataset\\ENTREGAS\\ENTREGA_08\\2_MDT\\GEOTIFF\\MDT_1394224.tif","SHRT_FNAME":"MDT_1394224.tif","UPPER_LEFT_X":"540968.663","UPPER_LEFT_Y":"9253868.206","LOWER_RIGHT_X":"541968.663","LOWER_RIGHT_Y":"9252868.206"},"geometry":{"type":"Polygon","coordinates":[[[-62.629274784661618,-6.750034716907441],[-62.620225923546997,-6.750027753335212],[-62.6202188688505,-6.759073610267305],[-62.629267898047587,-6.759080583255211],[-62.629274784661618,-6.750034716907441]]]}},
{"type":"Feature","properties":{"DESCRIPTION":"MDT_1394223.tif","FILENAME":"U:\\P589_AmazoniaRevelada_BR-319\\LiDAR_dataset\\ENTREGAS\\ENTREGA_08\\2_MDT\\GEOTIFF\\MDT_1394223.tif","SHRT_FNAME":"MDT_1394223.tif","UPPER_LEFT_X":"539968.568","UPPER_LEFT_Y":"9253868.206","LOWER_RIGHT_X":"540968.568","LOWER_RIGHT_Y":"9252868.206"},"geometry":{"type":"Polygon","coordinates":[[[-62.638324514854766,-6.750041513205084],[-62.629275644303888,-6.750034717561004],[-62.629268757705809,-6.759080583909658],[-62.638317796340012,-6.759087388742351],[-62.638324514854766,-6.750041513205084]]]}},
{"type":"Feature","properties":{"DESCRIPTION":"MDT_1394222.tif","FILENAME":"U:\\P589_AmazoniaRevelada_BR-319\\LiDAR_dataset\\ENTREGAS\\ENTREGA_08\\2_MDT\\GEOTIFF\\MDT_1394222.tif","SHRT_FNAME":"MDT_1394222.tif","UPPER_LEFT_X":"538968.473","UPPER_LEFT_Y":"9253868.206","LOWER_RIGHT_X":"539968.473","LOWER_RIGHT_Y":"9252868.206"},"geometry":{"type":"Polygon","coordinates":[[[-62.647374254254707,-6.750048141557778],[-62.63832537449791,-6.750041513842693],[-62.638318655999122,-6.759087389380823],[-62.647367703840104,-6.75909402605746],[-62.647374254254707,-6.750048141557778]]]}},
{"type":"Feature","properties":{"DESCRIPTION":"MDT_1394221.tif","FILENAME":"U:\\P589_AmazoniaRevelada_BR-319\\LiDAR_dataset\\ENTREGAS\\ENTREGA_08\\2_MDT\\GEOTIFF\\MDT_1394221.tif","SHRT_FNAME":"MDT_1394221.tif","UPPER_LEFT_X":"537968.378","UPPER_LEFT_Y":"9253868.206","LOWER_RIGHT_X":"538968.378","LOWER_RIGHT_Y":"9252868.206"},"geometry":{"type":"Polygon","coordinates":[[[-62.656424002631098,-6.750054601964702],[-62.647375113898711,-6.750048142179435],[-62.647368563500081,-6.759094026679957],[-62.656417620317448,-6.759100495199714],[-62.656424002631098,-6.750054601964702]]]}},
{"type":"Feature","properties":{"DESCRIPTION":"MDT_1394220.tif","FILENAME":"U:\\P589_AmazoniaRevelada_BR-319\\LiDAR_dataset\\ENTREGAS\\ENTREGA_08\\2_MDT\\GEOTIFF\\MDT_1394220.tif","SHRT_FNAME":"MDT_1394220.tif","UPPER_LEFT_X":"536968.282","UPPER_LEFT_Y":"9253868.206","LOWER_RIGHT_X":"537968.282","LOWER_RIGHT_Y":"9252868.206"},"geometry":{"type":"Polygon","coordinates":[[[-62.665473768802492,-6.750060894431261],[-62.656424871324838,-6.750054602576781],[-62.656418489027324,-6.75910049581262],[-62.665467554590748,-6.759106796174525],[-62.665473768802492,-6.750060894431261]]]}},
{"type":"Feature","properties":{"DESCRIPTION":"MDT_1394219.tif","FILENAME":"U:\\P589_AmazoniaRevelada_BR-319\\LiDAR_dataset\\ENTREGAS\\ENTREGA_08\\2_MDT\\GEOTIFF\\MDT_1394219.tif","SHRT_FNAME":"MDT_1394219.tif","UPPER_LEFT_X":"535968.187","UPPER_LEFT_Y":"9253868.206","LOWER_RIGHT_X":"536968.187","LOWER_RIGHT_Y":"9252868.206"},"geometry":{"type":"Polygon","coordinates":[[[-62.674523534440709,-6.750067018944088],[-62.665474628448152,-6.75006089502101],[-62.665468414252388,-6.759106796765071],[-62.67451748833151,-6.759112928968508],[-62.674523534440709,-6.750067018944088]]]}},
{"type":"Feature","properties":{"DESCRIPTION":"MDT_1394218.tif","FILENAME":"U:\\P589_AmazoniaRevelada_BR-319\\LiDAR_dataset\\ENTREGAS\\ENTREGA_08\\2_MDT\\GEOTIFF\\MDT_1394218.tif","SHRT_FNAME":"MDT_1394218.tif","UPPER_LEFT_X":"534968.092","UPPER_LEFT_Y":"9253868.206","LOWER_RIGHT_X":"535968.092","LOWER_RIGHT_Y":"9252868.206"},"geometry":{"type":"Polygon","coordinates":[[[-62.683573308364295,-6.750072975508802],[-62.674524394087172,-6.750067019517884],[-62.674518347993939,-6.759112929543081],[-62.683567430358373,-6.759118893587289],[-62.683573308364295,-6.750072975508802]]]}},
{"type":"Feature","properties":{"DESCRIPTION":"MDT_1394217.tif","FILENAME":"U:\\P589_AmazoniaRevelada_BR-319\\LiDAR_dataset\\ENTREGAS\\ENTREGA_08\\2_MDT\\GEOTIFF\\MDT_1394217.tif","SHRT_FNAME":"MDT_1394217.tif","UPPER_LEFT_X":"533967.997","UPPER_LEFT_Y":"9253868.206","LOWER_RIGHT_X":"534967.997","LOWER_RIGHT_Y":"9252868.206"},"geometry":{"type":"Polygon","coordinates":[[[-62.692623090342892,-6.750078764124658],[-62.683574168011532,-6.750072976066643],[-62.683568290021597,-6.759118894145887],[-62.692617380441,-6.759124690030127],[-62.692623090342892,-6.750078764124658]]]}},
{"type":"Feature","properties":{"DESCRIPTION":"MDT_1394216.tif","FILENAME":"U:\\P589_AmazoniaRevelada_BR-319\\LiDAR_dataset\\ENTREGAS\\ENTREGA_08\\2_MDT\\GEOTIFF\\MDT_1394216.tif","SHRT_FNAME":"MDT_1394216.tif","UPPER_LEFT_X":"532967.902","UPPER_LEFT_Y":"9253868.206","LOWER_RIGHT_X":"533967.902","LOWER_RIGHT_Y":"9252868.206"},"geometry":{"type":"Polygon","coordinates":[[[-62.70167288014612,-6.750084384790942],[-62.692623949990882,-6.750078764666546],[-62.692618240104963,-6.759124690572749],[-62.701667338348969,-6.759130318296302],[-62.70167288014612,-6.750084384790942]]]}},
{"type":"Feature","properties":{"DESCRIPTION":"MDT_1394215.tif","FILENAME":"U:\\P589_AmazoniaRevelada_BR-319\\LiDAR_dataset\\ENTREGAS\\ENTREGA_08\\2_MDT\\GEOTIFF\\MDT_1394215.tif","SHRT_FNAME":"MDT_1394215.tif","UPPER_LEFT_X":"531967.806","UPPER_LEFT_Y":"9253868.206","LOWER_RIGHT_X":"532967.806","LOWER_RIGHT_Y":"9252868.206"},"geometry":{"type":"Polygon","coordinates":[[[-62.710722686592568,-6.750089837512323],[-62.701673748843781,-6.750084385322413],[-62.701668207062774,-6.759130318828491],[-62.710717312901025,-6.759135778390487],[-62.710722686592568,-6.750089837512323]]]}},
{"type":"Feature","properties":{"DESCRIPTION":"MDT_1394214.tif","FILENAME":"U:\\P589_AmazoniaRevelada_BR-319\\LiDAR_dataset\\ENTREGAS\\ENTREGA_08\\2_MDT\\GEOTIFF\\MDT_1394214.tif","SHRT_FNAME":"MDT_1394214.tif","UPPER_LEFT_X":"530967.711","UPPER_LEFT_Y":"9253868.206","LOWER_RIGHT_X":"531967.711","LOWER_RIGHT_Y":"9252868.206"},"geometry":{"type":"Polygon","coordinates":[[[-62.719772491354,-6.750095122277219],[-62.710723546242015,-6.750089838022305],[-62.71071817256643,-6.759135778901158],[-62.719767285768562,-6.75914107030109],[-62.719772491354,-6.750095122277219]]]}},
{"type":"Feature","properties":{"DESCRIPTION":"MDT_1394213.tif","FILENAME":"U:\\P589_AmazoniaRevelada_BR-319\\LiDAR_dataset\\ENTREGAS\\ENTREGA_08\\2_MDT\\GEOTIFF\\MDT_1394213.tif","SHRT_FNAME":"MDT_1394213.tif","UPPER_LEFT_X":"529967.616","UPPER_LEFT_Y":"9253868.206","LOWER_RIGHT_X":"530967.616","LOWER_RIGHT_Y":"9252868.206"},"geometry":{"type":"Polygon","coordinates":[[[-62.728822303248982,-6.750100239090509],[-62.719773351004129,-6.750095122771247],[-62.719768145434671,-6.759141070795785],[-62.72881726577031,-6.759146194032994],[-62.728822303248982,-6.750100239090509]]]}},
{"type":"Feature","properties":{"DESCRIPTION":"MDT_1394212.tif","FILENAME":"U:\\P589_AmazoniaRevelada_BR-319\\LiDAR_dataset\\ENTREGAS\\ENTREGA_08\\2_MDT\\GEOTIFF\\MDT_1394212.tif","SHRT_FNAME":"MDT_1394212.tif","UPPER_LEFT_X":"528967.521","UPPER_LEFT_Y":"9253868.206","LOWER_RIGHT_X":"529967.521","LOWER_RIGHT_Y":"9252868.206"},"geometry":{"type":"Polygon","coordinates":[[[-62.737872122047143,-6.750105187951559],[-62.728823162899786,-6.750100239568582],[-62.728818125437066,-6.759146194511714],[-62.737867252675848,-6.759151149585564],[-62.737872122047143,-6.750105187951559]]]}},
{"type":"Feature","properties":{"DESCRIPTION":"MDT_1394211.tif","FILENAME":"U:\\P589_AmazoniaRevelada_BR-319\\LiDAR_dataset\\ENTREGAS\\ENTREGA_08\\2_MDT\\GEOTIFF\\MDT_1394211.tif","SHRT_FNAME":"MDT_1394211.tif","UPPER_LEFT_X":"527967.426","UPPER_LEFT_Y":"9253868.206","LOWER_RIGHT_X":"528967.426","LOWER_RIGHT_Y":"9252868.206"},"geometry":{"type":"Polygon","coordinates":[[[-62.746921947518111,-6.750109968859753],[-62.73787298169858,-6.75010518841368],[-62.737868112343271,-6.759151150048307],[-62.746917246254831,-6.759155936958184],[-62.746921947518111,-6.750109968859753]]]}},
{"type":"Feature","properties":{"DESCRIPTION":"MDT_1394210.tif","FILENAME":"U:\\P589_AmazoniaRevelada_BR-319\\LiDAR_dataset\\ENTREGAS\\ENTREGA_08\\2_MDT\\GEOTIFF\\MDT_1394210.tif","SHRT_FNAME":"MDT_1394210.tif","UPPER_LEFT_X":"526967.330","UPPER_LEFT_Y":"9253868.206","LOWER_RIGHT_X":"527967.330","LOWER_RIGHT_Y":"9252868.206"},"geometry":{"type":"Polygon","coordinates":[[[-62.755971788480494,-6.750114581819027],[-62.74692281621914,-6.750109969310614],[-62.74691811497199,-6.759155937409654],[-62.75596725532597,-6.759160556154793],[-62.755971788480494,-6.750114581819027]]]}},
{"type":"Feature","properties":{"DESCRIPTION":"MDT_1394209.tif","FILENAME":"U:\\P589_AmazoniaRevelada_BR-319\\LiDAR_dataset\\ENTREGAS\\ENTREGA_08\\2_MDT\\GEOTIFF\\MDT_1394209.tif","SHRT_FNAME":"MDT_1394209.tif","UPPER_LEFT_X":"525967.235","UPPER_LEFT_Y":"9253868.206","LOWER_RIGHT_X":"526967.235","LOWER_RIGHT_Y":"9252868.206"},"geometry":{"type":"Polygon","coordinates":[[[-62.765021626605986,-6.750119026819581],[-62.755972648133159,-6.750114582249239],[-62.755968114994594,-6.759160556585585],[-62.765017261560615,-6.759165007165581],[-62.765021626605986,-6.750119026819581]]]}},
{"type":"Feature","properties":{"DESCRIPTION":"MDT_1394208.tif","FILENAME":"U:\\P589_AmazoniaRevelada_BR-319\\LiDAR_dataset\\ENTREGAS\\ENTREGA_08\\2_MDT\\GEOTIFF\\MDT_1394208.tif","SHRT_FNAME":"MDT_1394208.tif","UPPER_LEFT_X":"524967.140","UPPER_LEFT_Y":"9253868.206","LOWER_RIGHT_X":"525967.140","LOWER_RIGHT_Y":"9252868.206"},"geometry":{"type":"Polygon","coordinates":[[[-62.774071470713181,-6.750123303865564],[-62.765022486259227,-6.750119027233839],[-62.765018121229829,-6.759165007580401],[-62.774067273777504,-6.759169289994701],[-62.774071470713181,-6.750123303865564]]]}},
{"type":"Feature","properties":{"DESCRIPTION":"MDT_1394207.tif","FILENAME":"U:\\P589_AmazoniaRevelada_BR-319\\LiDAR_dataset\\ENTREGAS\\ENTREGA_08\\2_MDT\\GEOTIFF\\MDT_1394207.tif","SHRT_FNAME":"MDT_1394207.tif","UPPER_LEFT_X":"523967.045","UPPER_LEFT_Y":"9253868.206","LOWER_RIGHT_X":"524967.045","LOWER_RIGHT_Y":"9252868.206"},"geometry":{"type":"Polygon","coordinates":[[[-62.783121320571695,-6.75012741295644],[-62.77407233036697,-6.750123304263866],[-62.774068133447273,-6.759169290393542],[-62.783117291746258,-6.759173404641617],[-62.783121320571695,-6.75012741295644]]]}},
{"type":"Feature","properties":{"DESCRIPTION":"MDT_1394206.tif","FILENAME":"U:\\P589_AmazoniaRevelada_BR-319\\LiDAR_dataset\\ENTREGAS\\ENTREGA_08\\2_MDT\\GEOTIFF\\MDT_1394206.tif","SHRT_FNAME":"MDT_1394206.tif","UPPER_LEFT_X":"522966.950","UPPER_LEFT_Y":"9253868.206","LOWER_RIGHT_X":"523966.950","LOWER_RIGHT_Y":"9252868.206"},"geometry":{"type":"Polygon","coordinates":[[[-62.792171175951168,-6.750131354091701],[-62.783122180226037,-6.750127413338789],[-62.783118151416552,-6.759173405024482],[-62.792167315236469,-6.759177351105818],[-62.792171175951168,-6.750131354091701]]]}},
{"type":"Feature","properties":{"DESCRIPTION":"MDT_1394205.tif","FILENAME":"U:\\P589_AmazoniaRevelada_BR-319\\LiDAR_dataset\\ENTREGAS\\ENTREGA_08\\2_MDT\\GEOTIFF\\MDT_1394205.tif","SHRT_FNAME":"MDT_1394205.tif","UPPER_LEFT_X":"521966.854","UPPER_LEFT_Y":"9253868.206","LOWER_RIGHT_X":"522966.854","LOWER_RIGHT_Y":"9252868.206"},"geometry":{"type":"Polygon","coordinates":[[[-62.801221045670239,-6.750135127274546],[-62.792172044655011,-6.750131354461953],[-62.792168183956449,-6.75917735147657],[-62.801217353066924,-6.75918112939051],[-62.801221045670239,-6.750135127274546]]]}},
{"type":"Feature","properties":{"DESCRIPTION":"MDT_1394204.tif","FILENAME":"U:\\P589_AmazoniaRevelada_BR-319\\LiDAR_dataset\\ENTREGAS\\ENTREGA_08\\2_MDT\\GEOTIFF\\MDT_1394204.tif","SHRT_FNAME":"MDT_1394204.tif","UPPER_LEFT_X":"520966.759","UPPER_LEFT_Y":"9253868.206","LOWER_RIGHT_X":"521966.759","LOWER_RIGHT_Y":"9252868.206"},"geometry":{"type":"Polygon","coordinates":[[[-62.810270911400522,-6.750138732496962],[-62.801221905325583,-6.750135127624987],[-62.801218212738227,-6.759181129741425],[-62.810267386908876,-6.759184739487669],[-62.810270911400522,-6.750138732496962]]]}},
{"type":"Feature","properties":{"DESCRIPTION":"MDT_1394203.tif","FILENAME":"U:\\P589_AmazoniaRevelada_BR-319\\LiDAR_dataset\\ENTREGAS\\ENTREGA_08\\2_MDT\\GEOTIFF\\MDT_1394203.tif","SHRT_FNAME":"MDT_1394203.tif","UPPER_LEFT_X":"519966.664","UPPER_LEFT_Y":"9253868.206","LOWER_RIGHT_X":"520966.664","LOWER_RIGHT_Y":"9252868.206"},"geometry":{"type":"Polygon","coordinates":[[[-62.819320781960634,-6.750142169762356],[-62.810271771056328,-6.750138732831448],[-62.810268246580662,-6.759184739822605],[-62.819317425581126,-6.759188181400704],[-62.819320781960634,-6.750142169762356]]]}},
{"type":"Feature","properties":{"DESCRIPTION":"MDT_1394202.tif","FILENAME":"U:\\P589_AmazoniaRevelada_BR-319\\LiDAR_dataset\\ENTREGAS\\ENTREGA_08\\2_MDT\\GEOTIFF\\MDT_1394202.tif","SHRT_FNAME":"MDT_1394202.tif","UPPER_LEFT_X":"518966.569","UPPER_LEFT_Y":"9253868.206","LOWER_RIGHT_X":"519966.569","LOWER_RIGHT_Y":"9252868.206"},"geometry":{"type":"Polygon","coordinates":[[[-62.828370657120217,-6.750145439070301],[-62.819321641616895,-6.750142170080887],[-62.819318285253352,-6.759188181719665],[-62.828367468853237,-6.759191455129191],[-62.828370657120217,-6.750145439070301]]]}},
{"type":"Feature","properties":{"DESCRIPTION":"MDT_1394201.tif","FILENAME":"U:\\P589_AmazoniaRevelada_BR-319\\LiDAR_dataset\\ENTREGAS\\ENTREGA_08\\2_MDT\\GEOTIFF\\MDT_1394201.tif","SHRT_FNAME":"MDT_1394201.tif","UPPER_LEFT_X":"517966.474","UPPER_LEFT_Y":"9253868.206","LOWER_RIGHT_X":"518966.474","LOWER_RIGHT_Y":"9252868.206"},"geometry":{"type":"Polygon","coordinates":[[[-62.837420536648885,-6.750148540420394],[-62.828371516776897,-6.750145439372878],[-62.828368328525897,-6.759191455432176],[-62.837417516494853,-6.759194560672722],[-62.837420536648885,-6.750148540420394]]]}},
{"type":"Feature","properties":{"DESCRIPTION":"MDT_1394200.tif","FILENAME":"U:\\P589_AmazoniaRevelada_BR-319\\LiDAR_dataset\\ENTREGAS\\ENTREGA_08\\2_MDT\\GEOTIFF\\MDT_1394200.tif","SHRT_FNAME":"MDT_1394200.tif","UPPER_LEFT_X":"516966.378","UPPER_LEFT_Y":"9253868.206","LOWER_RIGHT_X":"517966.378","LOWER_RIGHT_Y":"9252868.206"},"geometry":{"type":"Polygon","coordinates":[[[-62.846470429365297,-6.750151473815095],[-62.837421405354995,-6.750148540710033],[-62.837418385217106,-6.759194560962754],[-62.846467577324752,-6.759197498033766],[-62.846470429365297,-6.750151473815095]]]}},
{"type":"Feature","properties":{"DESCRIPTION":"MDT_1394199.tif","FILENAME":"U:\\P589_AmazoniaRevelada_BR-319\\LiDAR_dataset\\ENTREGAS\\ENTREGA_08\\2_MDT\\GEOTIFF\\MDT_1394199.tif","SHRT_FNAME":"MDT_1394199.tif","UPPER_LEFT_X":"515966.283","UPPER_LEFT_Y":"9253868.206","LOWER_RIGHT_X":"516966.283","LOWER_RIGHT_Y":"9252868.206"},"geometry":{"type":"Polygon","coordinates":[[[-62.855520316941018,-6.750154239248176],[-62.846471289022766,-6.750151474085763],[-62.846468436998187,-6.7591974983048],[-62.855517633014152,-6.759200267206082],[-62.855520316941018,-6.750154239248176]]]}},
{"type":"Feature","properties":{"DESCRIPTION":"MDT_1394198.tif","FILENAME":"U:\\P589_AmazoniaRevelada_BR-319\\LiDAR_dataset\\ENTREGAS\\ENTREGA_08\\2_MDT\\GEOTIFF\\MDT_1394198.tif","SHRT_FNAME":"MDT_1394198.tif","UPPER_LEFT_X":"514966.188","UPPER_LEFT_Y":"9253868.206","LOWER_RIGHT_X":"515966.188","LOWER_RIGHT_Y":"9252868.206"},"geometry":{"type":"Polygon","coordinates":[[[-62.864570208194692,-6.750156836722311],[-62.855521176598842,-6.75015423950289],[-62.855518492687942,-6.75920026746114],[-62.864567692381833,-6.759202868192348],[-62.864570208194692,-6.750156836722311]]]}},
{"type":"Feature","properties":{"DESCRIPTION":"MDT_1394197.tif","FILENAME":"U:\\P589_AmazoniaRevelada_BR-319\\LiDAR_dataset\\ENTREGAS\\ENTREGA_08\\2_MDT\\GEOTIFF\\MDT_1394197.tif","SHRT_FNAME":"MDT_1394197.tif","UPPER_LEFT_X":"513966.093","UPPER_LEFT_Y":"9253868.206","LOWER_RIGHT_X":"514966.093","LOWER_RIGHT_Y":"9252868.206"},"geometry":{"type":"Polygon","coordinates":[[[-62.873620102895956,-6.750159266237176],[-62.864571067852864,-6.750156836961069],[-62.864568552055978,-6.75920286843143],[-62.873617755197429,-6.759205300992242],[-62.873620102895956,-6.750159266237176]]]}},
{"type":"Feature","properties":{"DESCRIPTION":"MDT_1394196.tif","FILENAME":"U:\\P589_AmazoniaRevelada_BR-319\\LiDAR_dataset\\ENTREGAS\\ENTREGA_08\\2_MDT\\GEOTIFF\\MDT_1394196.tif","SHRT_FNAME":"MDT_1394196.tif","UPPER_LEFT_X":"512965.998","UPPER_LEFT_Y":"9253868.206","LOWER_RIGHT_X":"513965.998","LOWER_RIGHT_Y":"9252868.206"},"geometry":{"type":"Polygon","coordinates":[[[-62.882670000814407,-6.75016152779247],[-62.87362096255444,-6.750159266459979],[-62.87361861487188,-6.759205301215347],[-62.882667821230513,-6.75920756560546],[-62.882670000814407,-6.75016152779247]]]}},
{"type":"Feature","properties":{"DESCRIPTION":"MDT_1394195.tif","FILENAME":"U:\\P589_AmazoniaRevelada_BR-319\\LiDAR_dataset\\ENTREGAS\\ENTREGA_08\\2_MDT\\GEOTIFF\\MDT_1394195.tif","SHRT_FNAME":"MDT_1394195.tif","UPPER_LEFT_X":"511965.902","UPPER_LEFT_Y":"9253868.206","LOWER_RIGHT_X":"512965.902","LOWER_RIGHT_Y":"9252868.206"},"geometry":{"type":"Polygon","coordinates":[[[-62.891719910768735,-6.75016362138992],[-62.882670869522229,-6.750161528001497],[-62.882668689954464,-6.75920756581477],[-62.891717899299891,-6.759209662033735],[-62.891719910768735,-6.75016362138992]]]}},
{"type":"Feature","properties":{"DESCRIPTION":"MDT_1394194.tif","FILENAME":"U:\\P589_AmazoniaRevelada_BR-319\\LiDAR_dataset\\ENTREGAS\\ENTREGA_08\\2_MDT\\GEOTIFF\\MDT_1394194.tif","SHRT_FNAME":"MDT_1394194.tif","UPPER_LEFT_X":"510965.807","UPPER_LEFT_Y":"9253868.206","LOWER_RIGHT_X":"511965.807","LOWER_RIGHT_Y":"9252868.206"},"geometry":{"type":"Polygon","coordinates":[[[-62.900769814430468,-6.750165547025081],[-62.891720770427796,-6.750163621580814],[-62.891718758974918,-6.759209662224888],[-62.900767971076775,-6.759211590272614],[-62.900769814430468,-6.750165547025081]]]}},
{"type":"Feature","properties":{"DESCRIPTION":"MDT_1394193.tif","FILENAME":"U:\\P589_AmazoniaRevelada_BR-319\\LiDAR_dataset\\ENTREGAS\\ENTREGA_08\\2_MDT\\GEOTIFF\\MDT_1394193.tif","SHRT_FNAME":"MDT_1394193.tif","UPPER_LEFT_X":"509965.712","UPPER_LEFT_Y":"9253868.206","LOWER_RIGHT_X":"510965.712","LOWER_RIGHT_Y":"9252868.206"},"geometry":{"type":"Polygon","coordinates":[[[-62.909819720618273,-6.750167304699891],[-62.900770674089785,-6.75016554720002],[-62.900768830752057,-6.759211590447791],[-62.909818045379964,-6.759213350324035],[-62.909819720618273,-6.750167304699891]]]}},
{"type":"Feature","properties":{"DESCRIPTION":"MDT_1393249.tif","FILENAME":"U:\\P589_AmazoniaRevelada_BR-319\\LiDAR_dataset\\ENTREGAS\\ENTREGA_08\\2_MDT\\GEOTIFF\\MDT_1393249.tif","SHRT_FNAME":"MDT_1393249.tif","UPPER_LEFT_X":"565971.043","UPPER_LEFT_Y":"9254868.082","LOWER_RIGHT_X":"566971.043","LOWER_RIGHT_Y":"9253868.082"},"geometry":{"type":"Polygon","coordinates":[[[-62.403046222768651,-6.74076578561021],[-62.393997840218177,-6.740754639257969],[-62.393986598823012,-6.749800190344232],[-62.403035149197329,-6.749811351787675],[-62.403046222768651,-6.74076578561021]]]}},
{"type":"Feature","properties":{"DESCRIPTION":"MDT_1393248.tif","FILENAME":"U:\\P589_AmazoniaRevelada_BR-319\\LiDAR_dataset\\ENTREGAS\\ENTREGA_08\\2_MDT\\GEOTIFF\\MDT_1393248.tif","SHRT_FNAME":"MDT_1393248.tif","UPPER_LEFT_X":"564970.948","UPPER_LEFT_Y":"9254868.082","LOWER_RIGHT_X":"565970.948","LOWER_RIGHT_Y":"9253868.082"},"geometry":{"type":"Polygon","coordinates":[[[-62.412095480108967,-6.740776765340098],[-62.403047082365731,-6.740765786661147],[-62.403036008810346,-6.749811352840037],[-62.41208457437881,-6.749822346383175],[-62.412095480108967,-6.740776765340098]]]}},
{"type":"Feature","properties":{"DESCRIPTION":"MDT_1393247.tif","FILENAME":"U:\\P589_AmazoniaRevelada_BR-319\\LiDAR_dataset\\ENTREGAS\\ENTREGA_08\\2_MDT\\GEOTIFF\\MDT_1393247.tif","SHRT_FNAME":"MDT_1393247.tif","UPPER_LEFT_X":"563970.853","UPPER_LEFT_Y":"9254868.082","LOWER_RIGHT_X":"564970.853","LOWER_RIGHT_Y":"9253868.082"},"geometry":{"type":"Polygon","coordinates":[[[-62.421144752413191,-6.740787577379405],[-62.412096339707468,-6.740776766375108],[-62.412085433993248,-6.749822347419586],[-62.42113401452557,-6.749833173061057],[-62.421144752413191,-6.740787577379405]]]}},
{"type":"Feature","properties":{"DESCRIPTION":"MDT_1393246.tif","FILENAME":"U:\\P589_AmazoniaRevelada_BR-319\\LiDAR_dataset\\ENTREGAS\\ENTREGA_08\\2_MDT\\GEOTIFF\\MDT_1393246.tif","SHRT_FNAME":"MDT_1393246.tif","UPPER_LEFT_X":"562970.758","UPPER_LEFT_Y":"9254868.082","LOWER_RIGHT_X":"563970.758","LOWER_RIGHT_Y":"9253868.082"},"geometry":{"type":"Polygon","coordinates":[[[-62.430194039451038,-6.740798221726787],[-62.421145612013106,-6.740787578398486],[-62.421134874141423,-6.749833174081516],[-62.430183469407297,-6.74984383181997],[-62.430194039451038,-6.740798221726787]]]}},
{"type":"Feature","properties":{"DESCRIPTION":"MDT_1393245.tif","FILENAME":"U:\\P589_AmazoniaRevelada_BR-319\\LiDAR_dataset\\ENTREGAS\\ENTREGA_08\\2_MDT\\GEOTIFF\\MDT_1393245.tif","SHRT_FNAME":"MDT_1393245.tif","UPPER_LEFT_X":"561970.662","UPPER_LEFT_Y":"9254868.082","LOWER_RIGHT_X":"562970.662","LOWER_RIGHT_Y":"9253868.082"},"geometry":{"type":"Polygon","coordinates":[[[-62.439243350040655,-6.740808698391314],[-62.430194908100766,-6.740798222740497],[-62.430184338073154,-6.749843832835054],[-62.439232947842292,-6.749854322669004],[-62.439243350040655,-6.740808698391314]]]}},
{"type":"Feature","properties":{"DESCRIPTION":"MDT_1393244.tif","FILENAME":"U:\\P589_AmazoniaRevelada_BR-319\\LiDAR_dataset\\ENTREGAS\\ENTREGA_08\\2_MDT\\GEOTIFF\\MDT_1393244.tif","SHRT_FNAME":"MDT_1393244.tif","UPPER_LEFT_X":"560970.567","UPPER_LEFT_Y":"9254868.082","LOWER_RIGHT_X":"561970.567","LOWER_RIGHT_Y":"9253868.082"},"geometry":{"type":"Polygon","coordinates":[[[-62.448292665854872,-6.740819007350733],[-62.43924420964332,-6.740808699378535],[-62.439233807460909,-6.749854323657563],[-62.44828243150301,-6.749864645585872],[-62.448292665854872,-6.740819007350733]]]}},
{"type":"Feature","properties":{"DESCRIPTION":"MDT_1393243.tif","FILENAME":"U:\\P589_AmazoniaRevelada_BR-319\\LiDAR_dataset\\ENTREGAS\\ENTREGA_08\\2_MDT\\GEOTIFF\\MDT_1393243.tif","SHRT_FNAME":"MDT_1393243.tif","UPPER_LEFT_X":"559970.472","UPPER_LEFT_Y":"9254868.082","LOWER_RIGHT_X":"560970.472","LOWER_RIGHT_Y":"9253868.082"},"geometry":{"type":"Polygon","coordinates":[[[-62.457341995711793,-6.740829148614325],[-62.44829352545888,-6.740819008322025],[-62.448283291122962,-6.74986464655848],[-62.457331929207726,-6.749874800579867],[-62.457341995711793,-6.740829148614325]]]}},
{"type":"Feature","properties":{"DESCRIPTION":"MDT_1393242.tif","FILENAME":"U:\\P589_AmazoniaRevelada_BR-319\\LiDAR_dataset\\ENTREGAS\\ENTREGA_08\\2_MDT\\GEOTIFF\\MDT_1393242.tif","SHRT_FNAME":"MDT_1393242.tif","UPPER_LEFT_X":"558970.377","UPPER_LEFT_Y":"9254868.082","LOWER_RIGHT_X":"559970.377","LOWER_RIGHT_Y":"9253868.082"},"geometry":{"type":"Polygon","coordinates":[[[-62.46639133938114,-6.740839122180831],[-62.457342855317123,-6.74082914956969],[-62.457332788829,-6.749874801536524],[-62.466381440726117,-6.749884787649727],[-62.46639133938114,-6.740839122180831]]]}},
{"type":"Feature","properties":{"DESCRIPTION":"MDT_1393241.tif","FILENAME":"U:\\P589_AmazoniaRevelada_BR-319\\LiDAR_dataset\\ENTREGAS\\ENTREGA_08\\2_MDT\\GEOTIFF\\MDT_1393241.tif","SHRT_FNAME":"MDT_1393241.tif","UPPER_LEFT_X":"557970.282","UPPER_LEFT_Y":"9254868.082","LOWER_RIGHT_X":"558970.282","LOWER_RIGHT_Y":"9253868.082"},"geometry":{"type":"Polygon","coordinates":[[[-62.475440696632567,-6.740848928049012],[-62.466392198987769,-6.740839123120264],[-62.466382300348698,-6.749884788590433],[-62.475430965827847,-6.749894606794215],[-62.475440696632567,-6.740848928049012]]]}},
{"type":"Feature","properties":{"DESCRIPTION":"MDT_1393240.tif","FILENAME":"U:\\P589_AmazoniaRevelada_BR-319\\LiDAR_dataset\\ENTREGAS\\ENTREGA_08\\2_MDT\\GEOTIFF\\MDT_1393240.tif","SHRT_FNAME":"MDT_1393240.tif","UPPER_LEFT_X":"556970.186","UPPER_LEFT_Y":"9254868.082","LOWER_RIGHT_X":"557970.186","LOWER_RIGHT_Y":"9253868.082"},"geometry":{"type":"Polygon","coordinates":[[[-62.484490076284331,-6.740858566227202],[-62.475441565288996,-6.740848928982237],[-62.475431834500384,-6.749894607728704],[-62.484480513331285,-6.749904258021677],[-62.484490076284331,-6.740858566227202]]]}},
{"type":"Feature","properties":{"DESCRIPTION":"MDT_1393239.tif","FILENAME":"U:\\P589_AmazoniaRevelada_BR-319\\LiDAR_dataset\\ENTREGAS\\ENTREGA_08\\2_MDT\\GEOTIFF\\MDT_1393239.tif","SHRT_FNAME":"MDT_1393239.tif","UPPER_LEFT_X":"555970.091","UPPER_LEFT_Y":"9254868.082","LOWER_RIGHT_X":"556970.091","LOWER_RIGHT_Y":"9253868.082"},"geometry":{"type":"Polygon","coordinates":[[[-62.493539460009075,-6.740868036694933],[-62.484490935893504,-6.740858567134776],[-62.484481372956402,-6.749904258930477],[-62.493530064908732,-6.74991374131161],[-62.493539460009075,-6.740868036694933]]]}},
{"type":"Feature","properties":{"DESCRIPTION":"MDT_1393238.tif","FILENAME":"U:\\P589_AmazoniaRevelada_BR-319\\LiDAR_dataset\\ENTREGAS\\ENTREGA_08\\2_MDT\\GEOTIFF\\MDT_1393238.tif","SHRT_FNAME":"MDT_1393238.tif","UPPER_LEFT_X":"554969.996","UPPER_LEFT_Y":"9254868.082","LOWER_RIGHT_X":"555969.996","LOWER_RIGHT_Y":"9253868.082"},"geometry":{"type":"Polygon","coordinates":[[[-62.502588856624975,-6.740877339460747],[-62.49354031961947,-6.740868037586575],[-62.493530924535079,-6.749913742204462],[-62.502579629378516,-6.749923056672575],[-62.502588856624975,-6.740877339460747]]]}},
{"type":"Feature","properties":{"DESCRIPTION":"MDT_1393237.tif","FILENAME":"U:\\P589_AmazoniaRevelada_BR-319\\LiDAR_dataset\\ENTREGAS\\ENTREGA_08\\2_MDT\\GEOTIFF\\MDT_1393237.tif","SHRT_FNAME":"MDT_1393237.tif","UPPER_LEFT_X":"553969.901","UPPER_LEFT_Y":"9254868.082","LOWER_RIGHT_X":"554969.901","LOWER_RIGHT_Y":"9253868.082"},"geometry":{"type":"Polygon","coordinates":[[[-62.511638265901745,-6.740886474523489],[-62.502589716236606,-6.740877340336459],[-62.502580489006071,-6.749923057549474],[-62.511629206510321,-6.749932204103414],[-62.511638265901745,-6.740886474523489]]]}},
{"type":"Feature","properties":{"DESCRIPTION":"MDT_1393236.tif","FILENAME":"U:\\P589_AmazoniaRevelada_BR-319\\LiDAR_dataset\\ENTREGAS\\ENTREGA_08\\2_MDT\\GEOTIFF\\MDT_1393236.tif","SHRT_FNAME":"MDT_1393236.tif","UPPER_LEFT_X":"552969.806","UPPER_LEFT_Y":"9254868.082","LOWER_RIGHT_X":"553969.806","LOWER_RIGHT_Y":"9253868.082"},"geometry":{"type":"Polygon","coordinates":[[[-62.520687687609048,-6.740895441882026],[-62.511639125514556,-6.740886475383271],[-62.511630066139077,-6.749932204964361],[-62.520678796073803,-6.749941183602991],[-62.520687687609048,-6.740895441882026]]]}},
{"type":"Feature","properties":{"DESCRIPTION":"MDT_1393235.tif","FILENAME":"U:\\P589_AmazoniaRevelada_BR-319\\LiDAR_dataset\\ENTREGAS\\ENTREGA_08\\2_MDT\\GEOTIFF\\MDT_1393235.tif","SHRT_FNAME":"MDT_1393235.tif","UPPER_LEFT_X":"551969.710","UPPER_LEFT_Y":"9254868.082","LOWER_RIGHT_X":"552969.710","LOWER_RIGHT_Y":"9253868.082"},"geometry":{"type":"Polygon","coordinates":[[[-62.529737130565174,-6.74090424154396],[-62.520688556271601,-6.740895442734761],[-62.520679664752457,-6.749941184456879],[-62.529728406887365,-6.749949995178915],[-62.529737130565174,-6.74090424154396]]]}},
{"type":"Feature","properties":{"DESCRIPTION":"MDT_1393234.tif","FILENAME":"U:\\P589_AmazoniaRevelada_BR-319\\LiDAR_dataset\\ENTREGAS\\ENTREGA_08\\2_MDT\\GEOTIFF\\MDT_1393234.tif","SHRT_FNAME":"MDT_1393234.tif","UPPER_LEFT_X":"550969.615","UPPER_LEFT_Y":"9254868.082","LOWER_RIGHT_X":"551969.615","LOWER_RIGHT_Y":"9253868.082"},"geometry":{"type":"Polygon","coordinates":[[[-62.538786576442625,-6.740912873490599],[-62.529737990180301,-6.740904242371881],[-62.529729266518444,-6.749949996007957],[-62.538778020623191,-6.749958638812475],[-62.538786576442625,-6.740912873490599]]]}},
{"type":"Feature","properties":{"DESCRIPTION":"MDT_1393233.tif","FILENAME":"U:\\P589_AmazoniaRevelada_BR-319\\LiDAR_dataset\\ENTREGAS\\ENTREGA_08\\2_MDT\\GEOTIFF\\MDT_1393233.tif","SHRT_FNAME":"MDT_1393233.tif","UPPER_LEFT_X":"549969.520","UPPER_LEFT_Y":"9254868.082","LOWER_RIGHT_X":"550969.520","LOWER_RIGHT_Y":"9253868.082"},"geometry":{"type":"Polygon","coordinates":[[[-62.54783603405965,-6.740921337729755],[-62.538787436058868,-6.740912874302588],[-62.538778880255393,-6.749958639625565],[-62.547827646099684,-6.74996711451149],[-62.54783603405965,-6.740921337729755]]]}},
{"type":"Feature","properties":{"DESCRIPTION":"MDT_1393232.tif","FILENAME":"U:\\P589_AmazoniaRevelada_BR-319\\LiDAR_dataset\\ENTREGAS\\ENTREGA_08\\2_MDT\\GEOTIFF\\MDT_1393232.tif","SHRT_FNAME":"MDT_1393232.tif","UPPER_LEFT_X":"548969.425","UPPER_LEFT_Y":"9254868.082","LOWER_RIGHT_X":"549969.425","LOWER_RIGHT_Y":"9253868.082"},"geometry":{"type":"Polygon","coordinates":[[[-62.556885503185953,-6.740929634260374],[-62.547836893677022,-6.740921338525814],[-62.547828505732994,-6.749967115308628],[-62.556877283086486,-6.749975422274907],[-62.556885503185953,-6.740929634260374]]]}},
{"type":"Feature","properties":{"DESCRIPTION":"MDT_1393231.tif","FILENAME":"U:\\P589_AmazoniaRevelada_BR-319\\LiDAR_dataset\\ENTREGAS\\ENTREGA_08\\2_MDT\\GEOTIFF\\MDT_1393231.tif","SHRT_FNAME":"MDT_1393231.tif","UPPER_LEFT_X":"547969.330","UPPER_LEFT_Y":"9254868.082","LOWER_RIGHT_X":"548969.330","LOWER_RIGHT_Y":"9253868.082"},"geometry":{"type":"Polygon","coordinates":[[[-62.565934983591198,-6.74093776308143],[-62.556886362804399,-6.740929635040503],[-62.556878142720876,-6.749975423056092],[-62.565926931353253,-6.749983562101695],[-62.565934983591198,-6.74093776308143]]]}},
{"type":"Feature","properties":{"DESCRIPTION":"MDT_1393230.tif","FILENAME":"U:\\P589_AmazoniaRevelada_BR-319\\LiDAR_dataset\\ENTREGAS\\ENTREGA_08\\2_MDT\\GEOTIFF\\MDT_1393230.tif","SHRT_FNAME":"MDT_1393230.tif","UPPER_LEFT_X":"546969.234","UPPER_LEFT_Y":"9254868.082","LOWER_RIGHT_X":"547969.234","LOWER_RIGHT_Y":"9253868.082"},"geometry":{"type":"Polygon","coordinates":[[[-62.57498448409369,-6.740945724199786],[-62.565935852259329,-6.740937763853671],[-62.565927800037507,-6.749983562874983],[-62.574976599718454,-6.749991533998731],[-62.57498448409369,-6.740945724199786]]]}},
{"type":"Feature","properties":{"DESCRIPTION":"MDT_1393229.tif","FILENAME":"U:\\P589_AmazoniaRevelada_BR-319\\LiDAR_dataset\\ENTREGAS\\ENTREGA_08\\2_MDT\\GEOTIFF\\MDT_1393229.tif","SHRT_FNAME":"MDT_1393229.tif","UPPER_LEFT_X":"545969.139","UPPER_LEFT_Y":"9254868.082","LOWER_RIGHT_X":"546969.139","LOWER_RIGHT_Y":"9253868.082"},"geometry":{"type":"Polygon","coordinates":[[[-62.584033986365839,-6.740953517598538],[-62.574985343714232,-6.740945724948054],[-62.57497745935494,-6.749991534748012],[-62.584026269854128,-6.749999337949082],[-62.584033986365839,-6.740953517598538]]]}},
{"type":"Feature","properties":{"DESCRIPTION":"MDT_1393228.tif","FILENAME":"U:\\P589_AmazoniaRevelada_BR-319\\LiDAR_dataset\\ENTREGAS\\ENTREGA_08\\2_MDT\\GEOTIFF\\MDT_1393228.tif","SHRT_FNAME":"MDT_1393228.tif","UPPER_LEFT_X":"544969.044","UPPER_LEFT_Y":"9254868.082","LOWER_RIGHT_X":"545969.044","LOWER_RIGHT_Y":"9253868.082"},"geometry":{"type":"Polygon","coordinates":[[[-62.593083499225962,-6.740961143284757],[-62.584034845987404,-6.740953518330874],[-62.584027129491638,-6.749999338682409],[-62.593075950578736,-6.750006973959833],[-62.593083499225962,-6.740961143284757]]]}},
{"type":"Feature","properties":{"DESCRIPTION":"MDT_1393227.tif","FILENAME":"U:\\P589_AmazoniaRevelada_BR-319\\LiDAR_dataset\\ENTREGAS\\ENTREGA_08\\2_MDT\\GEOTIFF\\MDT_1393227.tif","SHRT_FNAME":"MDT_1393227.tif","UPPER_LEFT_X":"543968.949","UPPER_LEFT_Y":"9254868.082","LOWER_RIGHT_X":"544968.949","LOWER_RIGHT_Y":"9253868.082"},"geometry":{"type":"Polygon","coordinates":[[[-62.602133022443695,-6.740968601257499],[-62.593084358848508,-6.740961144001163],[-62.593076810217234,-6.750006974677208],[-62.602125641661928,-6.750014442030037],[-62.602133022443695,-6.740968601257499]]]}},
{"type":"Feature","properties":{"DESCRIPTION":"MDT_1393226.tif","FILENAME":"U:\\P589_AmazoniaRevelada_BR-319\\LiDAR_dataset\\ENTREGAS\\ENTREGA_08\\2_MDT\\GEOTIFF\\MDT_1393226.tif","SHRT_FNAME":"MDT_1393226.tif","UPPER_LEFT_X":"542968.854","UPPER_LEFT_Y":"9254868.082","LOWER_RIGHT_X":"543968.854","LOWER_RIGHT_Y":"9253868.082"},"geometry":{"type":"Polygon","coordinates":[[[-62.611182555788744,-6.740975891515837],[-62.602133882067221,-6.740968601957974],[-62.602126501301392,-6.750014442731459],[-62.611175342873324,-6.750021742158767],[-62.611182555788744,-6.740975891515837]]]}},
{"type":"Feature","properties":{"DESCRIPTION":"MDT_1393225.tif","FILENAME":"U:\\P589_AmazoniaRevelada_BR-319\\LiDAR_dataset\\ENTREGAS\\ENTREGA_08\\2_MDT\\GEOTIFF\\MDT_1393225.tif","SHRT_FNAME":"MDT_1393225.tif","UPPER_LEFT_X":"541968.758","UPPER_LEFT_Y":"9254868.082","LOWER_RIGHT_X":"542968.758","LOWER_RIGHT_Y":"9253868.082"},"geometry":{"type":"Polygon","coordinates":[[[-62.620232108079449,-6.740983014065904],[-62.611183424461899,-6.740975892207585],[-62.611176211562601,-6.750021742851452],[-62.620225063031469,-6.750028874352162],[-62.620232108079449,-6.740983014065904]]]}},
{"type":"Feature","properties":{"DESCRIPTION":"MDT_1393224.tif","FILENAME":"U:\\P589_AmazoniaRevelada_BR-319\\LiDAR_dataset\\ENTREGAS\\ENTREGA_08\\2_MDT\\GEOTIFF\\MDT_1393224.tif","SHRT_FNAME":"MDT_1393224.tif","UPPER_LEFT_X":"540968.663","UPPER_LEFT_Y":"9254868.082","LOWER_RIGHT_X":"541968.663","LOWER_RIGHT_Y":"9253868.082"},"geometry":{"type":"Polygon","coordinates":[[[-62.629281660988106,-6.740989968892571],[-62.620232967704851,-6.740983014734513],[-62.620225922672816,-6.750028875021679],[-62.629274783808263,-6.750035838595076],[-62.629281660988106,-6.740989968892571]]]}},
{"type":"Feature","properties":{"DESCRIPTION":"MDT_1393223.tif","FILENAME":"U:\\P589_AmazoniaRevelada_BR-319\\LiDAR_dataset\\ENTREGAS\\ENTREGA_08\\2_MDT\\GEOTIFF\\MDT_1393223.tif","SHRT_FNAME":"MDT_1393223.tif","UPPER_LEFT_X":"539968.568","UPPER_LEFT_Y":"9254868.082","LOWER_RIGHT_X":"540968.568","LOWER_RIGHT_Y":"9253868.082"},"geometry":{"type":"Polygon","coordinates":[[[-62.638331223333068,-6.740996756002181],[-62.629282520614417,-6.740989969545251],[-62.629275643450534,-6.750035839248638],[-62.638324514022237,-6.750042634893856],[-62.638331223333068,-6.740996756002181]]]}},
{"type":"Feature","properties":{"DESCRIPTION":"MDT_1393222.tif","FILENAME":"U:\\P589_AmazoniaRevelada_BR-319\\LiDAR_dataset\\ENTREGAS\\ENTREGA_08\\2_MDT\\GEOTIFF\\MDT_1393222.tif","SHRT_FNAME":"MDT_1393222.tif","UPPER_LEFT_X":"538968.473","UPPER_LEFT_Y":"9254868.082","LOWER_RIGHT_X":"539968.473","LOWER_RIGHT_Y":"9253868.082"},"geometry":{"type":"Polygon","coordinates":[[[-62.647380794884,-6.741003375393891],[-62.638332082960268,-6.740996756638928],[-62.638325373665381,-6.750042635531466],[-62.647374253443019,-6.750049263247663],[-62.647380794884,-6.741003375393891]]]}},
{"type":"Feature","properties":{"DESCRIPTION":"MDT_1393221.tif","FILENAME":"U:\\P589_AmazoniaRevelada_BR-319\\LiDAR_dataset\\ENTREGAS\\ENTREGA_08\\2_MDT\\GEOTIFF\\MDT_1393221.tif","SHRT_FNAME":"MDT_1393221.tif","UPPER_LEFT_X":"537968.378","UPPER_LEFT_Y":"9254868.082","LOWER_RIGHT_X":"538968.378","LOWER_RIGHT_Y":"9253868.082"},"geometry":{"type":"Polygon","coordinates":[[[-62.656430375410551,-6.741009827066878],[-62.64738165451206,-6.741003376014706],[-62.647375113087023,-6.750049263869319],[-62.656424001840236,-6.750055723655669],[-62.656430375410551,-6.741009827066878]]]}},
{"type":"Feature","properties":{"DESCRIPTION":"MDT_1393220.tif","FILENAME":"U:\\P589_AmazoniaRevelada_BR-319\\LiDAR_dataset\\ENTREGAS\\ENTREGA_08\\2_MDT\\GEOTIFF\\MDT_1393220.tif","SHRT_FNAME":"MDT_1393220.tif","UPPER_LEFT_X":"536968.282","UPPER_LEFT_Y":"9254868.082","LOWER_RIGHT_X":"537968.282","LOWER_RIGHT_Y":"9253868.082"},"geometry":{"type":"Polygon","coordinates":[[[-62.665479973731138,-6.741016111026542],[-62.656431244088175,-6.74100982767813],[-62.656424870533975,-6.750055724267749],[-62.665473768032449,-6.750062016123283],[-62.665479973731138,-6.741016111026542]]]}},
{"type":"Feature","properties":{"DESCRIPTION":"MDT_1393219.tif","FILENAME":"U:\\P589_AmazoniaRevelada_BR-319\\LiDAR_dataset\\ENTREGAS\\ENTREGA_08\\2_MDT\\GEOTIFF\\MDT_1393219.tif","SHRT_FNAME":"MDT_1393219.tif","UPPER_LEFT_X":"535968.187","UPPER_LEFT_Y":"9254868.082","LOWER_RIGHT_X":"536968.187","LOWER_RIGHT_Y":"9253868.082"},"geometry":{"type":"Polygon","coordinates":[[[-62.674529571517944,-6.741022227259533],[-62.66548083336086,-6.741016111615492],[-62.66547462767813,-6.750062016713033],[-62.674523533691506,-6.750068140637138],[-62.674529571517944,-6.741022227259533]]]}},
{"type":"Feature","properties":{"DESCRIPTION":"MDT_1393218.tif","FILENAME":"U:\\P589_AmazoniaRevelada_BR-319\\LiDAR_dataset\\ENTREGAS\\ENTREGA_08\\2_MDT\\GEOTIFF\\MDT_1393218.tif","SHRT_FNAME":"MDT_1393218.tif","UPPER_LEFT_X":"534968.092","UPPER_LEFT_Y":"9254868.082","LOWER_RIGHT_X":"535968.092","LOWER_RIGHT_Y":"9253868.082"},"geometry":{"type":"Polygon","coordinates":[[[-62.683579177589358,-6.741028175771461],[-62.674530431148469,-6.741022227832554],[-62.674524393337968,-6.750068141210933],[-62.683573307635918,-6.750074097202849],[-62.683579177589358,-6.741028175771461]]]}},
{"type":"Feature","properties":{"DESCRIPTION":"MDT_1393217.tif","FILENAME":"U:\\P589_AmazoniaRevelada_BR-319\\LiDAR_dataset\\ENTREGAS\\ENTREGA_08\\2_MDT\\GEOTIFF\\MDT_1393217.tif","SHRT_FNAME":"MDT_1393217.tif","UPPER_LEFT_X":"533967.997","UPPER_LEFT_Y":"9254868.082","LOWER_RIGHT_X":"534967.997","LOWER_RIGHT_Y":"9253868.082"},"geometry":{"type":"Polygon","coordinates":[[[-62.692628791715052,-6.741033956561589],[-62.683580037220658,-6.74102817632855],[-62.683574167283162,-6.750074097760691],[-62.69262308963534,-6.750079885819677],[-62.692628791715052,-6.741033956561589]]]}},
{"type":"Feature","properties":{"DESCRIPTION":"MDT_1393216.tif","FILENAME":"U:\\P589_AmazoniaRevelada_BR-319\\LiDAR_dataset\\ENTREGAS\\ENTREGA_08\\2_MDT\\GEOTIFF\\MDT_1393216.tif","SHRT_FNAME":"MDT_1393216.tif","UPPER_LEFT_X":"532967.902","UPPER_LEFT_Y":"9254868.082","LOWER_RIGHT_X":"533967.902","LOWER_RIGHT_Y":"9253868.082"},"geometry":{"type":"Polygon","coordinates":[[[-62.701678413664659,-6.741039569629197],[-62.692629651347097,-6.741033957102745],[-62.692623949283345,-6.750079886361565],[-62.701672879459416,-6.750085506486903],[-62.701678413664659,-6.741039569629197]]]}},
{"type":"Feature","properties":{"DESCRIPTION":"MDT_1393215.tif","FILENAME":"U:\\P589_AmazoniaRevelada_BR-319\\LiDAR_dataset\\ENTREGAS\\ENTREGA_08\\2_MDT\\GEOTIFF\\MDT_1393215.tif","SHRT_FNAME":"MDT_1393215.tif","UPPER_LEFT_X":"531967.806","UPPER_LEFT_Y":"9254868.082","LOWER_RIGHT_X":"532967.806","LOWER_RIGHT_Y":"9253868.082"},"geometry":{"type":"Polygon","coordinates":[[[-62.710728052256634,-6.741045014978948],[-62.701679282346213,-6.741039570159948],[-62.701673748157077,-6.750085507018374],[-62.71072268592669,-6.750090959209199],[-62.710728052256634,-6.741045014978948]]]}},
{"type":"Feature","properties":{"DESCRIPTION":"MDT_1393214.tif","FILENAME":"U:\\P589_AmazoniaRevelada_BR-319\\LiDAR_dataset\\ENTREGAS\\ENTREGA_08\\2_MDT\\GEOTIFF\\MDT_1393214.tif","SHRT_FNAME":"MDT_1393214.tif","UPPER_LEFT_X":"530967.711","UPPER_LEFT_Y":"9254868.082","LOWER_RIGHT_X":"531967.711","LOWER_RIGHT_Y":"9253868.082"},"geometry":{"type":"Polygon","coordinates":[[[-62.719777689163088,-6.741050292599276],[-62.710728911890136,-6.741045015488239],[-62.71072354557613,-6.75009095971918],[-62.719772490708962,-6.75009624397498],[-62.719777689163088,-6.741050292599276]]]}},
{"type":"Feature","properties":{"DESCRIPTION":"MDT_1393213.tif","FILENAME":"U:\\P589_AmazoniaRevelada_BR-319\\LiDAR_dataset\\ENTREGAS\\ENTREGA_08\\2_MDT\\GEOTIFF\\MDT_1393213.tif","SHRT_FNAME":"MDT_1393213.tif","UPPER_LEFT_X":"529967.616","UPPER_LEFT_Y":"9254868.082","LOWER_RIGHT_X":"530967.616","LOWER_RIGHT_Y":"9253868.082"},"geometry":{"type":"Polygon","coordinates":[[[-62.728827333202425,-6.741055402495057],[-62.719778548797272,-6.741050293092636],[-62.719773350359084,-6.750096244469006],[-62.728822302624771,-6.750101360789127],[-62.728827333202425,-6.741055402495057]]]}},
{"type":"Feature","properties":{"DESCRIPTION":"MDT_1393212.tif","FILENAME":"U:\\P589_AmazoniaRevelada_BR-319\\LiDAR_dataset\\ENTREGAS\\ENTREGA_08\\2_MDT\\GEOTIFF\\MDT_1393212.tif","SHRT_FNAME":"MDT_1393212.tif","UPPER_LEFT_X":"528967.521","UPPER_LEFT_Y":"9254868.082","LOWER_RIGHT_X":"529967.521","LOWER_RIGHT_Y":"9253868.082"},"geometry":{"type":"Polygon","coordinates":[[[-62.737876984144329,-6.741060344665653],[-62.728828192837284,-6.741055402972484],[-62.72882316227556,-6.750101361267202],[-62.73787212144375,-6.750106309651007],[-62.737876984144329,-6.741060344665653]]]}},
{"type":"Feature","properties":{"DESCRIPTION":"MDT_1393211.tif","FILENAME":"U:\\P589_AmazoniaRevelada_BR-319\\LiDAR_dataset\\ENTREGAS\\ENTREGA_08\\2_MDT\\GEOTIFF\\MDT_1393211.tif","SHRT_FNAME":"MDT_1393211.tif","UPPER_LEFT_X":"527967.426","UPPER_LEFT_Y":"9254868.082","LOWER_RIGHT_X":"528967.426","LOWER_RIGHT_Y":"9253868.082"},"geometry":{"type":"Polygon","coordinates":[[[-62.746926641758414,-6.741065119110454],[-62.737877843779813,-6.741060345127147],[-62.737872981095194,-6.750106310113125],[-62.746921946935558,-6.750111090560003],[-62.746926641758414,-6.741065119110454]]]}},
{"type":"Feature","properties":{"DESCRIPTION":"MDT_1393210.tif","FILENAME":"U:\\P589_AmazoniaRevelada_BR-319\\LiDAR_dataset\\ENTREGAS\\ENTREGA_08\\2_MDT\\GEOTIFF\\MDT_1393210.tif","SHRT_FNAME":"MDT_1393210.tif","UPPER_LEFT_X":"526967.330","UPPER_LEFT_Y":"9254868.082","LOWER_RIGHT_X":"527967.330","LOWER_RIGHT_Y":"9253868.082"},"geometry":{"type":"Polygon","coordinates":[[[-62.755976314863176,-6.741069725833386],[-62.746927510443342,-6.741065119560707],[-62.746922815636587,-6.750111091010864],[-62.755971787918774,-6.75011570352005],[-62.755976314863176,-6.741069725833386]]]}},
{"type":"Feature","properties":{"DESCRIPTION":"MDT_1393209.tif","FILENAME":"U:\\P589_AmazoniaRevelada_BR-319\\LiDAR_dataset\\ENTREGAS\\ENTREGA_08\\2_MDT\\GEOTIFF\\MDT_1393209.tif","SHRT_FNAME":"MDT_1393209.tif","UPPER_LEFT_X":"525967.235","UPPER_LEFT_Y":"9254868.082","LOWER_RIGHT_X":"526967.235","LOWER_RIGHT_Y":"9253868.082"},"geometry":{"type":"Polygon","coordinates":[[[-62.765025985130642,-6.741074164824667],[-62.755977174499897,-6.741069726263016],[-62.755972647571433,-6.750115703950261],[-62.765021626065085,-6.750120148521352],[-62.765025985130642,-6.741074164824667]]]}},
{"type":"Feature","properties":{"DESCRIPTION":"MDT_1393208.tif","FILENAME":"U:\\P589_AmazoniaRevelada_BR-319\\LiDAR_dataset\\ENTREGAS\\ENTREGA_08\\2_MDT\\GEOTIFF\\MDT_1393208.tif","SHRT_FNAME":"MDT_1393208.tif","UPPER_LEFT_X":"524967.140","UPPER_LEFT_Y":"9254868.082","LOWER_RIGHT_X":"525967.140","LOWER_RIGHT_Y":"9253868.082"},"geometry":{"type":"Polygon","coordinates":[[[-62.774075661379257,-6.741078436088435],[-62.765026844767931,-6.741074165238363],[-62.765022485718333,-6.750120148935608],[-62.774071470193107,-6.75012442556805],[-62.774075661379257,-6.741078436088435]]]}},
{"type":"Feature","properties":{"DESCRIPTION":"MDT_1393207.tif","FILENAME":"U:\\P589_AmazoniaRevelada_BR-319\\LiDAR_dataset\\ENTREGAS\\ENTREGA_08\\2_MDT\\GEOTIFF\\MDT_1393207.tif","SHRT_FNAME":"MDT_1393207.tif","UPPER_LEFT_X":"523967.045","UPPER_LEFT_Y":"9254868.082","LOWER_RIGHT_X":"524967.045","LOWER_RIGHT_Y":"9253868.082"},"geometry":{"type":"Polygon","coordinates":[[[-62.783125343378678,-6.741082539624158],[-62.774076521017108,-6.741078436486198],[-62.774072329846909,-6.750124425966353],[-62.78312132007246,-6.750128534659615],[-62.783125343378678,-6.741082539624158]]]}},
{"type":"Feature","properties":{"DESCRIPTION":"MDT_1393206.tif","FILENAME":"U:\\P589_AmazoniaRevelada_BR-319\\LiDAR_dataset\\ENTREGAS\\ENTREGA_08\\2_MDT\\GEOTIFF\\MDT_1393206.tif","SHRT_FNAME":"MDT_1393206.tif","UPPER_LEFT_X":"522966.950","UPPER_LEFT_Y":"9254868.082","LOWER_RIGHT_X":"523966.950","LOWER_RIGHT_Y":"9253868.082"},"geometry":{"type":"Polygon","coordinates":[[[-62.792175030898555,-6.741086475431329],[-62.783126203017062,-6.741082540005991],[-62.783122179726803,-6.750128535041965],[-62.792171175472774,-6.750132475795538],[-62.792175030898555,-6.741086475431329]]]}},
{"type":"Feature","properties":{"DESCRIPTION":"MDT_1393205.tif","FILENAME":"U:\\P589_AmazoniaRevelada_BR-319\\LiDAR_dataset\\ENTREGAS\\ENTREGA_08\\2_MDT\\GEOTIFF\\MDT_1393205.tif","SHRT_FNAME":"MDT_1393205.tif","UPPER_LEFT_X":"521966.854","UPPER_LEFT_Y":"9254868.082","LOWER_RIGHT_X":"522966.854","LOWER_RIGHT_Y":"9253868.082"},"geometry":{"type":"Polygon","coordinates":[[[-62.801224732757362,-6.741090243513141],[-62.792175899586276,-6.741086475801079],[-62.792172044176617,-6.750132476165787],[-62.801221045212671,-6.750136248979016],[-62.801224732757362,-6.741090243513141]]]}},
{"type":"Feature","properties":{"DESCRIPTION":"MDT_1393204.tif","FILENAME":"U:\\P589_AmazoniaRevelada_BR-319\\LiDAR_dataset\\ENTREGAS\\ENTREGA_08\\2_MDT\\GEOTIFF\\MDT_1393204.tif","SHRT_FNAME":"MDT_1393204.tif","UPPER_LEFT_X":"520966.759","UPPER_LEFT_Y":"9254868.082","LOWER_RIGHT_X":"521966.759","LOWER_RIGHT_Y":"9253868.082"},"geometry":{"type":"Polygon","coordinates":[[[-62.810274430627089,-6.741093843861591],[-62.801225592396769,-6.741090243863108],[-62.801221904868015,-6.750136249329456],[-62.81027091096378,-6.750139854202034],[-62.810274430627089,-6.741093843861591]]]}},
{"type":"Feature","properties":{"DESCRIPTION":"MDT_1393203.tif","FILENAME":"U:\\P589_AmazoniaRevelada_BR-319\\LiDAR_dataset\\ENTREGAS\\ENTREGA_08\\2_MDT\\GEOTIFF\\MDT_1393203.tif","SHRT_FNAME":"MDT_1393203.tif","UPPER_LEFT_X":"519966.664","UPPER_LEFT_Y":"9254868.082","LOWER_RIGHT_X":"520966.664","LOWER_RIGHT_Y":"9253868.082"},"geometry":{"type":"Polygon","coordinates":[[[-62.819324133326226,-6.741097276480086],[-62.810275290266965,-6.741093844195626],[-62.8102717706196,-6.750139854536521],[-62.819320781544732,-6.750143291468005],[-62.819324133326226,-6.741097276480086]]]}},
{"type":"Feature","properties":{"DESCRIPTION":"MDT_1393202.tif","FILENAME":"U:\\P589_AmazoniaRevelada_BR-319\\LiDAR_dataset\\ENTREGAS\\ENTREGA_08\\2_MDT\\GEOTIFF\\MDT_1393202.tif","SHRT_FNAME":"MDT_1393202.tif","UPPER_LEFT_X":"518966.569","UPPER_LEFT_Y":"9254868.082","LOWER_RIGHT_X":"519966.569","LOWER_RIGHT_Y":"9253868.082"},"geometry":{"type":"Polygon","coordinates":[[[-62.828373840624408,-6.741100541368196],[-62.81932499296655,-6.741097276798186],[-62.819321641200993,-6.750143291786537],[-62.828370656725141,-6.750146560776499],[-62.828373840624408,-6.741100541368196]]]}},
{"type":"Feature","properties":{"DESCRIPTION":"MDT_1393201.tif","FILENAME":"U:\\P589_AmazoniaRevelada_BR-319\\LiDAR_dataset\\ENTREGAS\\ENTREGA_08\\2_MDT\\GEOTIFF\\MDT_1393201.tif","SHRT_FNAME":"MDT_1393201.tif","UPPER_LEFT_X":"517966.474","UPPER_LEFT_Y":"9254868.082","LOWER_RIGHT_X":"518966.474","LOWER_RIGHT_Y":"9253868.082"},"geometry":{"type":"Polygon","coordinates":[[[-62.83742355229127,-6.741103638525516],[-62.828374700265144,-6.741100541670362],[-62.828371516381836,-6.750146561079076],[-62.837420536274649,-6.75014966212711],[-62.83742355229127,-6.741103638525516]]]}},
{"type":"Feature","properties":{"DESCRIPTION":"MDT_1393200.tif","FILENAME":"U:\\P589_AmazoniaRevelada_BR-319\\LiDAR_dataset\\ENTREGAS\\ENTREGA_08\\2_MDT\\GEOTIFF\\MDT_1393200.tif","SHRT_FNAME":"MDT_1393200.tif","UPPER_LEFT_X":"516966.378","UPPER_LEFT_Y":"9254868.082","LOWER_RIGHT_X":"517966.378","LOWER_RIGHT_Y":"9253868.082"},"geometry":{"type":"Polygon","coordinates":[[[-62.846473277145321,-6.741106567954511],[-62.837424420981257,-6.741103638814765],[-62.837421404980752,-6.75014966241675],[-62.846470429011887,-6.750152595522305],[-62.846473277145321,-6.741106567954511]]]}},
{"type":"Feature","properties":{"DESCRIPTION":"MDT_1393199.tif","FILENAME":"U:\\P589_AmazoniaRevelada_BR-319\\LiDAR_dataset\\ENTREGAS\\ENTREGA_08\\2_MDT\\GEOTIFF\\MDT_1393199.tif","SHRT_FNAME":"MDT_1393199.tif","UPPER_LEFT_X":"515966.283","UPPER_LEFT_Y":"9254868.082","LOWER_RIGHT_X":"516966.283","LOWER_RIGHT_Y":"9253868.082"},"geometry":{"type":"Polygon","coordinates":[[[-62.855522996858504,-6.741109329648953],[-62.846474136786853,-6.741106568224812],[-62.846471288669356,-6.750152595792972],[-62.855520316608434,-6.75015536095585],[-62.855522996858504,-6.741109329648953]]]}},
{"type":"Feature","properties":{"DESCRIPTION":"MDT_1393198.tif","FILENAME":"U:\\P589_AmazoniaRevelada_BR-319\\LiDAR_dataset\\ENTREGAS\\ENTREGA_08\\2_MDT\\GEOTIFF\\MDT_1393198.tif","SHRT_FNAME":"MDT_1393198.tif","UPPER_LEFT_X":"514966.188","UPPER_LEFT_Y":"9254868.082","LOWER_RIGHT_X":"515966.188","LOWER_RIGHT_Y":"9253868.082"},"geometry":{"type":"Polygon","coordinates":[[[-62.864572720249299,-6.741111923611514],[-62.85552385650039,-6.741109329903321],[-62.855521176266272,-6.750155361210561],[-62.864570207882949,-6.750157958430419],[-62.864572720249299,-6.741111923611514]]]}},
{"type":"Feature","properties":{"DESCRIPTION":"MDT_1393197.tif","FILENAME":"U:\\P589_AmazoniaRevelada_BR-319\\LiDAR_dataset\\ENTREGAS\\ENTREGA_08\\2_MDT\\GEOTIFF\\MDT_1393197.tif","SHRT_FNAME":"MDT_1393197.tif","UPPER_LEFT_X":"513966.093","UPPER_LEFT_Y":"9254868.082","LOWER_RIGHT_X":"514966.093","LOWER_RIGHT_Y":"9253868.082"},"geometry":{"type":"Polygon","coordinates":[[[-62.873622447087371,-6.741114349841875],[-62.864573579891527,-6.741111923849953],[-62.864571067541121,-6.750157958669178],[-62.873620102605031,-6.750160387945692],[-62.873622447087371,-6.741114349841875]]]}},
{"type":"Feature","properties":{"DESCRIPTION":"MDT_1393196.tif","FILENAME":"U:\\P589_AmazoniaRevelada_BR-319\\LiDAR_dataset\\ENTREGAS\\ENTREGA_08\\2_MDT\\GEOTIFF\\MDT_1393196.tif","SHRT_FNAME":"MDT_1393196.tif","UPPER_LEFT_X":"512965.998","UPPER_LEFT_Y":"9254868.082","LOWER_RIGHT_X":"513965.998","LOWER_RIGHT_Y":"9253868.082"},"geometry":{"type":"Polygon","coordinates":[[[-62.882672177142339,-6.741116608339731],[-62.873623306729918,-6.741114350064377],[-62.873620962263523,-6.750160388168497],[-62.882670000544323,-6.750162649501364],[-62.882672177142339,-6.741116608339731]]]}},
{"type":"Feature","properties":{"DESCRIPTION":"MDT_1393195.tif","FILENAME":"U:\\P589_AmazoniaRevelada_BR-319\\LiDAR_dataset\\ENTREGAS\\ENTREGA_08\\2_MDT\\GEOTIFF\\MDT_1393195.tif","SHRT_FNAME":"MDT_1393195.tif","UPPER_LEFT_X":"511965.902","UPPER_LEFT_Y":"9254868.082","LOWER_RIGHT_X":"512965.902","LOWER_RIGHT_Y":"9253868.082"},"geometry":{"type":"Polygon","coordinates":[[[-62.891721919232751,-6.741118699106812],[-62.882673045834046,-6.741116608548476],[-62.882670869252152,-6.750162649710391],[-62.891719910519484,-6.750164743099166],[-62.891721919232751,-6.741118699106812]]]}},
{"type":"Feature","properties":{"DESCRIPTION":"MDT_1393194.tif","FILENAME":"U:\\P589_AmazoniaRevelada_BR-319\\LiDAR_dataset\\ENTREGAS\\ENTREGA_08\\2_MDT\\GEOTIFF\\MDT_1393194.tif","SHRT_FNAME":"MDT_1393194.tif","UPPER_LEFT_X":"510965.807","UPPER_LEFT_Y":"9254868.082","LOWER_RIGHT_X":"511965.807","LOWER_RIGHT_Y":"9253868.082"},"geometry":{"type":"Polygon","coordinates":[[[-62.900771655030482,-6.741120622138673],[-62.891722778875852,-6.741118699297447],[-62.891720770178544,-6.750164743290061],[-62.900769814202057,-6.75016666873465],[-62.900771655030482,-6.741120622138673]]]}},
{"type":"Feature","properties":{"DESCRIPTION":"MDT_1393193.tif","FILENAME":"U:\\P589_AmazoniaRevelada_BR-319\\LiDAR_dataset\\ENTREGAS\\ENTREGA_08\\2_MDT\\GEOTIFF\\MDT_1393193.tif","SHRT_FNAME":"MDT_1393193.tif","UPPER_LEFT_X":"509965.712","UPPER_LEFT_Y":"9254868.082","LOWER_RIGHT_X":"510965.712","LOWER_RIGHT_Y":"9253868.082"},"geometry":{"type":"Polygon","coordinates":[[[-62.909821393354044,-6.741122377437251],[-62.900772514673839,-6.741120622313376],[-62.900770673861359,-6.750166668909591],[-62.909819720410688,-6.750168426409756],[-62.909821393354044,-6.741122377437251]]]}},
{"type":"Feature","properties":{"DESCRIPTION":"MDT_1392250.tif","FILENAME":"U:\\P589_AmazoniaRevelada_BR-319\\LiDAR_dataset\\ENTREGAS\\ENTREGA_08\\2_MDT\\GEOTIFF\\MDT_1392250.tif","SHRT_FNAME":"MDT_1392250.tif","UPPER_LEFT_X":"566971.138","UPPER_LEFT_Y":"9255867.957","LOWER_RIGHT_X":"567971.138","LOWER_RIGHT_Y":"9254867.957"},"geometry":{"type":"Polygon","coordinates":[[[-62.394008205209801,-6.731710214438749],[-62.384960005653646,-6.731698915730361],[-62.384948612069948,-6.740744454859136],[-62.393996979218358,-6.740755768885197],[-62.394008205209801,-6.731710214438749]]]}},
{"type":"Feature","properties":{"DESCRIPTION":"MDT_1392249.tif","FILENAME":"U:\\P589_AmazoniaRevelada_BR-319\\LiDAR_dataset\\ENTREGAS\\ENTREGA_08\\2_MDT\\GEOTIFF\\MDT_1392249.tif","SHRT_FNAME":"MDT_1392249.tif","UPPER_LEFT_X":"565971.043","UPPER_LEFT_Y":"9255867.957","LOWER_RIGHT_X":"566971.043","LOWER_RIGHT_Y":"9254867.957"},"geometry":{"type":"Polygon","coordinates":[[[-62.403057279767303,-6.731721346767633],[-62.3940090647895,-6.731710215504174],[-62.393997838813974,-6.740755769952067],[-62.403046221385402,-6.740766916306193],[-62.403057279767303,-6.731721346767633]]]}},
{"type":"Feature","properties":{"DESCRIPTION":"MDT_1392248.tif","FILENAME":"U:\\P589_AmazoniaRevelada_BR-319\\LiDAR_dataset\\ENTREGAS\\ENTREGA_08\\2_MDT\\GEOTIFF\\MDT_1392248.tif","SHRT_FNAME":"MDT_1392248.tif","UPPER_LEFT_X":"564970.948","UPPER_LEFT_Y":"9255867.957","LOWER_RIGHT_X":"565970.948","LOWER_RIGHT_Y":"9254867.957"},"geometry":{"type":"Polygon","coordinates":[[[-62.412106369517623,-6.731732311634296],[-62.403058139348452,-6.73172134781715],[-62.403047080982482,-6.740766917357131],[-62.412095478746686,-6.740777896037939],[-62.412106369517623,-6.731732311634296]]]}},
{"type":"Feature","properties":{"DESCRIPTION":"MDT_1392247.tif","FILENAME":"U:\\P589_AmazoniaRevelada_BR-319\\LiDAR_dataset\\ENTREGAS\\ENTREGA_08\\2_MDT\\GEOTIFF\\MDT_1392247.tif","SHRT_FNAME":"MDT_1392247.tif","UPPER_LEFT_X":"563970.853","UPPER_LEFT_Y":"9255867.957","LOWER_RIGHT_X":"564970.853","LOWER_RIGHT_Y":"9254867.957"},"geometry":{"type":"Polygon","coordinates":[[[-62.42115547423051,-6.731743109037379],[-62.412107229100208,-6.731732312667905],[-62.412096338345187,-6.740777897072949],[-62.421144751071871,-6.740788708079075],[-62.42115547423051,-6.731743109037379]]]}},
{"type":"Feature","properties":{"DESCRIPTION":"MDT_1392246.tif","FILENAME":"U:\\P589_AmazoniaRevelada_BR-319\\LiDAR_dataset\\ENTREGAS\\ENTREGA_08\\2_MDT\\GEOTIFF\\MDT_1392246.tif","SHRT_FNAME":"MDT_1392246.tif","UPPER_LEFT_X":"562970.758","UPPER_LEFT_Y":"9255867.957","LOWER_RIGHT_X":"563970.758","LOWER_RIGHT_Y":"9254867.957"},"geometry":{"type":"Polygon","coordinates":[[[-62.430204593675676,-6.73175373897554],[-62.421156333814494,-6.73174311005508],[-62.421145610671786,-6.740788709098156],[-62.430194038130693,-6.740799352428259],[-62.430204593675676,-6.73175373897554]]]}},
{"type":"Feature","properties":{"DESCRIPTION":"MDT_1392245.tif","FILENAME":"U:\\P589_AmazoniaRevelada_BR-319\\LiDAR_dataset\\ENTREGAS\\ENTREGA_08\\2_MDT\\GEOTIFF\\MDT_1392245.tif","SHRT_FNAME":"MDT_1392245.tif","UPPER_LEFT_X":"561970.662","UPPER_LEFT_Y":"9255867.957","LOWER_RIGHT_X":"562970.662","LOWER_RIGHT_Y":"9254867.957"},"geometry":{"type":"Polygon","coordinates":[[[-62.439253736671112,-6.731764201457837],[-62.430205462309317,-6.731753739987878],[-62.430194906780429,-6.740799353441971],[-62.439243348741272,-6.740809829094559],[-62.439253736671112,-6.731764201457837]]]}},
{"type":"Feature","properties":{"DESCRIPTION":"MDT_1392244.tif","FILENAME":"U:\\P589_AmazoniaRevelada_BR-319\\LiDAR_dataset\\ENTREGAS\\ENTREGA_08\\2_MDT\\GEOTIFF\\MDT_1392244.tif","SHRT_FNAME":"MDT_1392244.tif","UPPER_LEFT_X":"560970.567","UPPER_LEFT_Y":"9255867.957","LOWER_RIGHT_X":"561970.567","LOWER_RIGHT_Y":"9254867.957"},"geometry":{"type":"Polygon","coordinates":[[[-62.448302884890019,-6.73177449646205],[-62.439254596257861,-6.731764202443722],[-62.439244208343951,-6.74080983008178],[-62.448292664576456,-6.740820138055724],[-62.448302884890019,-6.73177449646205]]]}},
{"type":"Feature","properties":{"DESCRIPTION":"MDT_1392243.tif","FILENAME":"U:\\P589_AmazoniaRevelada_BR-319\\LiDAR_dataset\\ENTREGAS\\ENTREGA_08\\2_MDT\\GEOTIFF\\MDT_1392243.tif","SHRT_FNAME":"MDT_1392243.tif","UPPER_LEFT_X":"559970.472","UPPER_LEFT_Y":"9255867.957","LOWER_RIGHT_X":"560970.472","LOWER_RIGHT_Y":"9254867.957"},"geometry":{"type":"Polygon","coordinates":[[[-62.457352047150344,-6.731784623997443],[-62.448303744478096,-6.731774497432028],[-62.448293524180464,-6.740820139027016],[-62.457341994454339,-6.740830279321033],[-62.457352047150344,-6.731784623997443]]]}},
{"type":"Feature","properties":{"DESCRIPTION":"MDT_1392242.tif","FILENAME":"U:\\P589_AmazoniaRevelada_BR-319\\LiDAR_dataset\\ENTREGAS\\ENTREGA_08\\2_MDT\\GEOTIFF\\MDT_1392242.tif","SHRT_FNAME":"MDT_1392242.tif","UPPER_LEFT_X":"558970.377","UPPER_LEFT_Y":"9255867.957","LOWER_RIGHT_X":"559970.377","LOWER_RIGHT_Y":"9254867.957"},"geometry":{"type":"Polygon","coordinates":[[[-62.466401223221837,-6.73179458406276],[-62.457352906739764,-6.731784624951512],[-62.457342854059689,-6.740830280276396],[-62.466391338144653,-6.740840252889226],[-62.466401223221837,-6.73179458406276]]]}},
{"type":"Feature","properties":{"DESCRIPTION":"MDT_1392241.tif","FILENAME":"U:\\P589_AmazoniaRevelada_BR-319\\LiDAR_dataset\\ENTREGAS\\ENTREGA_08\\2_MDT\\GEOTIFF\\MDT_1392241.tif","SHRT_FNAME":"MDT_1392241.tif","UPPER_LEFT_X":"557970.282","UPPER_LEFT_Y":"9255867.957","LOWER_RIGHT_X":"558970.282","LOWER_RIGHT_Y":"9254867.957"},"geometry":{"type":"Polygon","coordinates":[[[-62.475450412874196,-6.731804376656763],[-62.46640208281255,-6.731794585000922],[-62.466392197751283,-6.740840253828661],[-62.475440695417063,-6.740850058759065],[-62.475450412874196,-6.731804376656763]]]}},
{"type":"Feature","properties":{"DESCRIPTION":"MDT_1392240.tif","FILENAME":"U:\\P589_AmazoniaRevelada_BR-319\\LiDAR_dataset\\ENTREGAS\\ENTREGA_08\\2_MDT\\GEOTIFF\\MDT_1392240.tif","SHRT_FNAME":"MDT_1392240.tif","UPPER_LEFT_X":"556970.186","UPPER_LEFT_Y":"9255867.957","LOWER_RIGHT_X":"557970.186","LOWER_RIGHT_Y":"9254867.957"},"geometry":{"type":"Polygon","coordinates":[[[-62.484499624925483,-6.731814001787779],[-62.47545128151453,-6.731804377588724],[-62.475441564073478,-6.740850059692291],[-62.484490075089781,-6.740859696938887],[-62.484499624925483,-6.731814001787779]]]}},
{"type":"Feature","properties":{"DESCRIPTION":"MDT_1392239.tif","FILENAME":"U:\\P589_AmazoniaRevelada_BR-319\\LiDAR_dataset\\ENTREGAS\\ENTREGA_08\\2_MDT\\GEOTIFF\\MDT_1392239.tif","SHRT_FNAME":"MDT_1392239.tif","UPPER_LEFT_X":"555970.091","UPPER_LEFT_Y":"9255867.957","LOWER_RIGHT_X":"556970.091","LOWER_RIGHT_Y":"9254867.957"},"geometry":{"type":"Polygon","coordinates":[[[-62.493548841048721,-6.731823459435362],[-62.484500484518726,-6.731814002694125],[-62.484490934698954,-6.740859697846461],[-62.493539458835485,-6.740869167408221],[-62.493548841048721,-6.731823459435362]]]}},
{"type":"Feature","properties":{"DESCRIPTION":"MDT_1392238.tif","FILENAME":"U:\\P589_AmazoniaRevelada_BR-319\\LiDAR_dataset\\ENTREGAS\\ENTREGA_08\\2_MDT\\GEOTIFF\\MDT_1392238.tif","SHRT_FNAME":"MDT_1392238.tif","UPPER_LEFT_X":"554969.996","UPPER_LEFT_Y":"9255867.957","LOWER_RIGHT_X":"555969.996","LOWER_RIGHT_Y":"9254867.957"},"geometry":{"type":"Polygon","coordinates":[[[-62.502598070061957,-6.731832749608047],[-62.4935497006432,-6.731823460325799],[-62.493540318445895,-6.740869168299863],[-62.502588855472368,-6.740878470175607],[-62.502598070061957,-6.731832749608047]]]}},
{"type":"Feature","properties":{"DESCRIPTION":"MDT_1392237.tif","FILENAME":"U:\\P589_AmazoniaRevelada_BR-319\\LiDAR_dataset\\ENTREGAS\\ENTREGA_08\\2_MDT\\GEOTIFF\\MDT_1392237.tif","SHRT_FNAME":"MDT_1392237.tif","UPPER_LEFT_X":"553969.901","UPPER_LEFT_Y":"9255867.957","LOWER_RIGHT_X":"554969.901","LOWER_RIGHT_Y":"9254867.957"},"geometry":{"type":"Polygon","coordinates":[[[-62.511647311734897,-6.731841872304678],[-62.502598929657658,-6.731832750482573],[-62.502589715083985,-6.74087847105132],[-62.511638264770099,-6.740887605239896],[-62.511647311734897,-6.731841872304678]]]}},
{"type":"Feature","properties":{"DESCRIPTION":"MDT_1392236.tif","FILENAME":"U:\\P589_AmazoniaRevelada_BR-319\\LiDAR_dataset\\ENTREGAS\\ENTREGA_08\\2_MDT\\GEOTIFF\\MDT_1392236.tif","SHRT_FNAME":"MDT_1392236.tif","UPPER_LEFT_X":"552969.806","UPPER_LEFT_Y":"9255867.957","LOWER_RIGHT_X":"553969.806","LOWER_RIGHT_Y":"9254867.957"},"geometry":{"type":"Polygon","coordinates":[[[-62.520696565837248,-6.731850827524124],[-62.511648171331778,-6.731841873163297],[-62.511639124382917,-6.740887606099679],[-62.520687686498377,-6.740896572599952],[-62.520696565837248,-6.731850827524124]]]}},
{"type":"Feature","properties":{"DESCRIPTION":"MDT_1392235.tif","FILENAME":"U:\\P589_AmazoniaRevelada_BR-319\\LiDAR_dataset\\ENTREGAS\\ENTREGA_08\\2_MDT\\GEOTIFF\\MDT_1392235.tif","SHRT_FNAME":"MDT_1392235.tif","UPPER_LEFT_X":"551969.710","UPPER_LEFT_Y":"9255867.957","LOWER_RIGHT_X":"552969.710","LOWER_RIGHT_Y":"9254867.957"},"geometry":{"type":"Polygon","coordinates":[[[-62.529745841187122,-6.731859615273978],[-62.520697434483708,-6.731850828375705],[-62.520688555160923,-6.740896573452686],[-62.52973712947545,-6.740905372263374],[-62.529745841187122,-6.731859615273978]]]}},
{"type":"Feature","properties":{"DESCRIPTION":"MDT_1392234.tif","FILENAME":"U:\\P589_AmazoniaRevelada_BR-319\\LiDAR_dataset\\ENTREGAS\\ENTREGA_08\\2_MDT\\GEOTIFF\\MDT_1392234.tif","SHRT_FNAME":"MDT_1392234.tif","UPPER_LEFT_X":"550969.615","UPPER_LEFT_Y":"9255867.957","LOWER_RIGHT_X":"551969.615","LOWER_RIGHT_Y":"9254867.957"},"geometry":{"type":"Polygon","coordinates":[[[-62.538795119457404,-6.731868235535571],[-62.529746700786326,-6.731859616100778],[-62.529737989090592,-6.740905373091296],[-62.538786575373877,-6.740914004211474],[-62.538795119457404,-6.731868235535571]]]}},
{"type":"Feature","properties":{"DESCRIPTION":"MDT_1392233.tif","FILENAME":"U:\\P589_AmazoniaRevelada_BR-319\\LiDAR_dataset\\ENTREGAS\\ENTREGA_08\\2_MDT\\GEOTIFF\\MDT_1392233.tif","SHRT_FNAME":"MDT_1392233.tif","UPPER_LEFT_X":"549969.520","UPPER_LEFT_Y":"9255867.957","LOWER_RIGHT_X":"550969.520","LOWER_RIGHT_Y":"9254867.957"},"geometry":{"type":"Polygon","coordinates":[[[-62.547844409466215,-6.731876688316706],[-62.538795979057738,-6.731868236346463],[-62.538787434990127,-6.740914005023464],[-62.547836033011876,-6.740922468452061],[-62.547844409466215,-6.731876688316706]]]}},
{"type":"Feature","properties":{"DESCRIPTION":"MDT_1392232.tif","FILENAME":"U:\\P589_AmazoniaRevelada_BR-319\\LiDAR_dataset\\ENTREGAS\\ENTREGA_08\\2_MDT\\GEOTIFF\\MDT_1392232.tif","SHRT_FNAME":"MDT_1392232.tif","UPPER_LEFT_X":"548969.425","UPPER_LEFT_Y":"9255867.957","LOWER_RIGHT_X":"549969.425","LOWER_RIGHT_Y":"9254867.957"},"geometry":{"type":"Polygon","coordinates":[[[-62.556893710983232,-6.731884973616333],[-62.547845269067658,-6.731876689111688],[-62.547836892629242,-6.740922469248122],[-62.556885502159155,-6.740930764984086],[-62.556893710983232,-6.731884973616333]]]}},
{"type":"Feature","properties":{"DESCRIPTION":"MDT_1392231.tif","FILENAME":"U:\\P589_AmazoniaRevelada_BR-319\\LiDAR_dataset\\ENTREGAS\\ENTREGA_08\\2_MDT\\GEOTIFF\\MDT_1392231.tif","SHRT_FNAME":"MDT_1392231.tif","UPPER_LEFT_X":"547969.330","UPPER_LEFT_Y":"9255867.957","LOWER_RIGHT_X":"548969.330","LOWER_RIGHT_Y":"9254867.957"},"geometry":{"type":"Polygon","coordinates":[[[-62.565943023778161,-6.731893091433422],[-62.556894570585754,-6.731884974395406],[-62.556886361777593,-6.740930765764215],[-62.565934982585354,-6.740938893806518],[-62.565943023778161,-6.731893091433422]]]}},
{"type":"Feature","properties":{"DESCRIPTION":"MDT_1392230.tif","FILENAME":"U:\\P589_AmazoniaRevelada_BR-319\\LiDAR_dataset\\ENTREGAS\\ENTREGA_08\\2_MDT\\GEOTIFF\\MDT_1392230.tif","SHRT_FNAME":"MDT_1392230.tif","UPPER_LEFT_X":"546969.234","UPPER_LEFT_Y":"9255867.957","LOWER_RIGHT_X":"547969.234","LOWER_RIGHT_Y":"9254867.957"},"geometry":{"type":"Polygon","coordinates":[[[-62.574992356669178,-6.731901041774831],[-62.565943892430198,-6.731893092204619],[-62.565935851253485,-6.74093889457876],[-62.574984483108814,-6.740946854926221],[-62.574992356669178,-6.731901041774831]]]}},
{"type":"Feature","properties":{"DESCRIPTION":"MDT_1392229.tif","FILENAME":"U:\\P589_AmazoniaRevelada_BR-319\\LiDAR_dataset\\ENTREGAS\\ENTREGA_08\\2_MDT\\GEOTIFF\\MDT_1392229.tif","SHRT_FNAME":"MDT_1392229.tif","UPPER_LEFT_X":"545969.139","UPPER_LEFT_Y":"9255867.957","LOWER_RIGHT_X":"546969.139","LOWER_RIGHT_Y":"9254867.957"},"geometry":{"type":"Polygon","coordinates":[[[-62.584041691329027,-6.731908824623675],[-62.574993216273796,-6.731901042522085],[-62.574985342729363,-6.74094685567449],[-62.584033985401938,-6.740954648326292],[-62.584041691329027,-6.731908824623675]]]}},
{"type":"Feature","properties":{"DESCRIPTION":"MDT_1392228.tif","FILENAME":"U:\\P589_AmazoniaRevelada_BR-319\\LiDAR_dataset\\ENTREGAS\\ENTREGA_08\\2_MDT\\GEOTIFF\\MDT_1392228.tif","SHRT_FNAME":"MDT_1392228.tif","UPPER_LEFT_X":"544969.044","UPPER_LEFT_Y":"9255867.957","LOWER_RIGHT_X":"545969.044","LOWER_RIGHT_Y":"9254867.957"},"geometry":{"type":"Polygon","coordinates":[[[-62.593091036575863,-6.731916439987021],[-62.584042550934655,-6.73190882535502],[-62.584034845023503,-6.740954649058629],[-62.593083498283029,-6.740962274013802],[-62.593091036575863,-6.731916439987021]]]}},
{"type":"Feature","properties":{"DESCRIPTION":"MDT_1392227.tif","FILENAME":"U:\\P589_AmazoniaRevelada_BR-319\\LiDAR_dataset\\ENTREGAS\\ENTREGA_08\\2_MDT\\GEOTIFF\\MDT_1392227.tif","SHRT_FNAME":"MDT_1392227.tif","UPPER_LEFT_X":"543968.949","UPPER_LEFT_Y":"9255867.957","LOWER_RIGHT_X":"544968.949","LOWER_RIGHT_Y":"9254867.957"},"geometry":{"type":"Polygon","coordinates":[[[-62.6021403921794,-6.73192388786392],[-62.593091896182493,-6.731916440702456],[-62.593084357905575,-6.740962274730208],[-62.60213302152173,-6.740969731987806],[-62.6021403921794,-6.73192388786392]]]}},
{"type":"Feature","properties":{"DESCRIPTION":"MDT_1392226.tif","FILENAME":"U:\\P589_AmazoniaRevelada_BR-319\\LiDAR_dataset\\ENTREGAS\\ENTREGA_08\\2_MDT\\GEOTIFF\\MDT_1392226.tif","SHRT_FNAME":"MDT_1392226.tif","UPPER_LEFT_X":"542968.854","UPPER_LEFT_Y":"9255867.957","LOWER_RIGHT_X":"543968.854","LOWER_RIGHT_Y":"9254867.957"},"geometry":{"type":"Polygon","coordinates":[[[-62.611189757909315,-6.731931168253451],[-62.60214125178701,-6.731923888563445],[-62.602133881145271,-6.740969732688279],[-62.611182554887755,-6.740977022247378],[-62.611189757909315,-6.731931168253451]]]}},
{"type":"Feature","properties":{"DESCRIPTION":"MDT_1392225.tif","FILENAME":"U:\\P589_AmazoniaRevelada_BR-319\\LiDAR_dataset\\ENTREGAS\\ENTREGA_08\\2_MDT\\GEOTIFF\\MDT_1392225.tif","SHRT_FNAME":"MDT_1392225.tif","UPPER_LEFT_X":"541968.758","UPPER_LEFT_Y":"9255867.957","LOWER_RIGHT_X":"542968.758","LOWER_RIGHT_Y":"9254867.957"},"geometry":{"type":"Polygon","coordinates":[[[-62.62023914258382,-6.731938281161736],[-62.611190626566383,-6.731931168944262],[-62.611183423560909,-6.740977022939126],[-62.620232107199428,-6.740984144798649],[-62.62023914258382,-6.731938281161736]]]}},
{"type":"Feature","properties":{"DESCRIPTION":"MDT_1392224.tif","FILENAME":"U:\\P589_AmazoniaRevelada_BR-319\\LiDAR_dataset\\ENTREGAS\\ENTREGA_08\\2_MDT\\GEOTIFF\\MDT_1392224.tif","SHRT_FNAME":"MDT_1392224.tif","UPPER_LEFT_X":"540968.663","UPPER_LEFT_Y":"9255867.957","LOWER_RIGHT_X":"541968.663","LOWER_RIGHT_Y":"9254867.957"},"geometry":{"type":"Polygon","coordinates":[[[-62.629288527875559,-6.731945226573669],[-62.620240002193306,-6.731938281829441],[-62.620232966824837,-6.740984145467261],[-62.629281660129053,-6.740991099626492],[-62.629288527875559,-6.731945226573669]]]}},
{"type":"Feature","properties":{"DESCRIPTION":"MDT_1392223.tif","FILENAME":"U:\\P589_AmazoniaRevelada_BR-319\\LiDAR_dataset\\ENTREGAS\\ENTREGA_08\\2_MDT\\GEOTIFF\\MDT_1392223.tif","SHRT_FNAME":"MDT_1392223.tif","UPPER_LEFT_X":"539968.568","UPPER_LEFT_Y":"9255867.957","LOWER_RIGHT_X":"540968.568","LOWER_RIGHT_Y":"9254867.957"},"geometry":{"type":"Polygon","coordinates":[[[-62.638337922602744,-6.731952004495581],[-62.629289387485954,-6.731945227225464],[-62.629282519755364,-6.740991100279174],[-62.638331222494976,-6.740997886737253],[-62.638337922602744,-6.731952004495581]]]}},
{"type":"Feature","properties":{"DESCRIPTION":"MDT_1392222.tif","FILENAME":"U:\\P589_AmazoniaRevelada_BR-319\\LiDAR_dataset\\ENTREGAS\\ENTREGA_08\\2_MDT\\GEOTIFF\\MDT_1392222.tif","SHRT_FNAME":"MDT_1392222.tif","UPPER_LEFT_X":"538968.473","UPPER_LEFT_Y":"9255867.957","LOWER_RIGHT_X":"539968.473","LOWER_RIGHT_Y":"9254867.957"},"geometry":{"type":"Polygon","coordinates":[[[-62.64738732653506,-6.731958614926634],[-62.638338782214021,-6.731952005131467],[-62.638332082122183,-6.740997887373998],[-62.647380794066876,-6.741004506130082],[-62.64738732653506,-6.731958614926634]]]}},
{"type":"Feature","properties":{"DESCRIPTION":"MDT_1392221.tif","FILENAME":"U:\\P589_AmazoniaRevelada_BR-319\\LiDAR_dataset\\ENTREGAS\\ENTREGA_08\\2_MDT\\GEOTIFF\\MDT_1392221.tif","SHRT_FNAME":"MDT_1392221.tif","UPPER_LEFT_X":"537968.378","UPPER_LEFT_Y":"9255867.957","LOWER_RIGHT_X":"538968.378","LOWER_RIGHT_Y":"9254867.957"},"geometry":{"type":"Polygon","coordinates":[[[-62.656436739442185,-6.731965057866002],[-62.647388186147204,-6.731958615546608],[-62.64738165369495,-6.741004506750898],[-62.656430374614409,-6.741010957804161],[-62.656436739442185,-6.731965057866002]]]}},
{"type":"Feature","properties":{"DESCRIPTION":"MDT_1392220.tif","FILENAME":"U:\\P589_AmazoniaRevelada_BR-319\\LiDAR_dataset\\ENTREGAS\\ENTREGA_08\\2_MDT\\GEOTIFF\\MDT_1392220.tif","SHRT_FNAME":"MDT_1392220.tif","UPPER_LEFT_X":"536968.282","UPPER_LEFT_Y":"9255867.957","LOWER_RIGHT_X":"537968.282","LOWER_RIGHT_Y":"9254867.957"},"geometry":{"type":"Polygon","coordinates":[[[-62.665486170142358,-6.731971333319082],[-62.656437608103722,-6.731965058476428],[-62.656431243292033,-6.741010958415413],[-62.665479972955957,-6.741017241764888],[-62.665486170142358,-6.731971333319082]]]}},
{"type":"Feature","properties":{"DESCRIPTION":"MDT_1392219.tif","FILENAME":"U:\\P589_AmazoniaRevelada_BR-319\\LiDAR_dataset\\ENTREGAS\\ENTREGA_08\\2_MDT\\GEOTIFF\\MDT_1392219.tif","SHRT_FNAME":"MDT_1392219.tif","UPPER_LEFT_X":"535968.187","UPPER_LEFT_Y":"9255867.957","LOWER_RIGHT_X":"536968.187","LOWER_RIGHT_Y":"9254867.957"},"geometry":{"type":"Polygon","coordinates":[[[-62.674535600308161,-6.731977441272542],[-62.665487029756164,-6.731971333907238],[-62.665480832585679,-6.74101724235384],[-62.674529570763731,-6.741023357998916],[-62.674535600308161,-6.731977441272542]]]}},
{"type":"Feature","properties":{"DESCRIPTION":"MDT_1392218.tif","FILENAME":"U:\\P589_AmazoniaRevelada_BR-319\\LiDAR_dataset\\ENTREGAS\\ENTREGA_08\\2_MDT\\GEOTIFF\\MDT_1392218.tif","SHRT_FNAME":"MDT_1392218.tif","UPPER_LEFT_X":"534968.092","UPPER_LEFT_Y":"9255867.957","LOWER_RIGHT_X":"535968.092","LOWER_RIGHT_Y":"9254867.957"},"geometry":{"type":"Polygon","coordinates":[[[-62.683585038757819,-6.731983381731981],[-62.674536459922763,-6.731977441844785],[-62.674530430394256,-6.741023358571936],[-62.683579176856114,-6.741029306511852],[-62.683585038757819,-6.731983381731981]]]}},
{"type":"Feature","properties":{"DESCRIPTION":"MDT_1392217.tif","FILENAME":"U:\\P589_AmazoniaRevelada_BR-319\\LiDAR_dataset\\ENTREGAS\\ENTREGA_08\\2_MDT\\GEOTIFF\\MDT_1392217.tif","SHRT_FNAME":"MDT_1392217.tif","UPPER_LEFT_X":"533967.997","UPPER_LEFT_Y":"9255867.957","LOWER_RIGHT_X":"534967.997","LOWER_RIGHT_Y":"9254867.957"},"geometry":{"type":"Polygon","coordinates":[[[-62.69263448526101,-6.731989154696661],[-62.683585898373202,-6.731983382288315],[-62.683580036487413,-6.74102930706894],[-62.692628791002768,-6.741035087302955],[-62.69263448526101,-6.731989154696661]]]}},
{"type":"Feature","properties":{"DESCRIPTION":"MDT_1392216.tif","FILENAME":"U:\\P589_AmazoniaRevelada_BR-319\\LiDAR_dataset\\ENTREGAS\\ENTREGA_08\\2_MDT\\GEOTIFF\\MDT_1392216.tif","SHRT_FNAME":"MDT_1392216.tif","UPPER_LEFT_X":"532967.902","UPPER_LEFT_Y":"9255867.957","LOWER_RIGHT_X":"533967.902","LOWER_RIGHT_Y":"9254867.957"},"geometry":{"type":"Polygon","coordinates":[[[-62.701683939587426,-6.731994760165869],[-62.692635344877139,-6.731989155237085],[-62.692629650634835,-6.741035087844113],[-62.701678412973358,-6.741040700371513],[-62.701683939587426,-6.731994760165869]]]}},
{"type":"Feature","properties":{"DESCRIPTION":"MDT_1392215.tif","FILENAME":"U:\\P589_AmazoniaRevelada_BR-319\\LiDAR_dataset\\ENTREGAS\\ENTREGA_08\\2_MDT\\GEOTIFF\\MDT_1392215.tif","SHRT_FNAME":"MDT_1392215.tif","UPPER_LEFT_X":"531967.806","UPPER_LEFT_Y":"9255867.957","LOWER_RIGHT_X":"532967.806","LOWER_RIGHT_Y":"9254867.957"},"geometry":{"type":"Polygon","coordinates":[[[-62.710733410555328,-6.732000198144259],[-62.701684808252885,-6.731994760695903],[-62.701679281654911,-6.741040700902265],[-62.710728051586301,-6.741046145722186],[-62.710733410555328,-6.732000198144259]]]}},
{"type":"Feature","properties":{"DESCRIPTION":"MDT_1392214.tif","FILENAME":"U:\\P589_AmazoniaRevelada_BR-319\\LiDAR_dataset\\ENTREGAS\\ENTREGA_08\\2_MDT\\GEOTIFF\\MDT_1392214.tif","SHRT_FNAME":"MDT_1392214.tif","UPPER_LEFT_X":"530967.711","UPPER_LEFT_Y":"9255867.957","LOWER_RIGHT_X":"531967.711","LOWER_RIGHT_Y":"9254867.957"},"geometry":{"type":"Polygon","coordinates":[[[-62.719782879837204,-6.732005468620283],[-62.7107342701729,-6.732000198652861],[-62.710728911219803,-6.741046146231477],[-62.71977768851373,-6.741051423343408],[-62.719782879837204,-6.732005468620283]]]}},
{"type":"Feature","properties":{"DESCRIPTION":"MDT_1392213.tif","FILENAME":"U:\\P589_AmazoniaRevelada_BR-319\\LiDAR_dataset\\ENTREGAS\\ENTREGA_08\\2_MDT\\GEOTIFF\\MDT_1392213.tif","SHRT_FNAME":"MDT_1392213.tif","UPPER_LEFT_X":"529967.616","UPPER_LEFT_Y":"9255867.957","LOWER_RIGHT_X":"530967.616","LOWER_RIGHT_Y":"9254867.957"},"geometry":{"type":"Polygon","coordinates":[[[-62.728832356251324,-6.732010571598805],[-62.719783739455465,-6.732005469112973],[-62.719778548147907,-6.741051423836766],[-62.728827332574035,-6.741056533240052],[-62.728832356251324,-6.732010571598805]]]}},
{"type":"Feature","properties":{"DESCRIPTION":"MDT_1392212.tif","FILENAME":"U:\\P589_AmazoniaRevelada_BR-319\\LiDAR_dataset\\ENTREGAS\\ENTREGA_08\\2_MDT\\GEOTIFF\\MDT_1392212.tif","SHRT_FNAME":"MDT_1392212.tif","UPPER_LEFT_X":"528967.521","UPPER_LEFT_Y":"9255867.957","LOWER_RIGHT_X":"529967.521","LOWER_RIGHT_Y":"9254867.957"},"geometry":{"type":"Polygon","coordinates":[[[-62.737881839567379,-6.732015507079195],[-62.72883321587026,-6.732010572075586],[-62.728828192208894,-6.741056533717479],[-62.737876983536907,-6.741061475411485],[-62.737881839567379,-6.732015507079195]]]}},
{"type":"Feature","properties":{"DESCRIPTION":"MDT_1392211.tif","FILENAME":"U:\\P589_AmazoniaRevelada_BR-319\\LiDAR_dataset\\ENTREGAS\\ENTREGA_08\\2_MDT\\GEOTIFF\\MDT_1392211.tif","SHRT_FNAME":"MDT_1392211.tif","UPPER_LEFT_X":"527967.426","UPPER_LEFT_Y":"9255867.957","LOWER_RIGHT_X":"528967.426","LOWER_RIGHT_Y":"9254867.957"},"geometry":{"type":"Polygon","coordinates":[[[-62.746931329555011,-6.732020275060837],[-62.737882699186947,-6.732015507540065],[-62.737877843172406,-6.741061475872982],[-62.746926641171974,-6.741066249857094],[-62.746931329555011,-6.732020275060837]]]}},
{"type":"Feature","properties":{"DESCRIPTION":"MDT_1392210.tif","FILENAME":"U:\\P589_AmazoniaRevelada_BR-319\\LiDAR_dataset\\ENTREGAS\\ENTREGA_08\\2_MDT\\GEOTIFF\\MDT_1392210.tif","SHRT_FNAME":"MDT_1392210.tif","UPPER_LEFT_X":"526967.330","UPPER_LEFT_Y":"9255867.957","LOWER_RIGHT_X":"527967.330","LOWER_RIGHT_Y":"9254867.957"},"geometry":{"type":"Polygon","coordinates":[[[-62.755980835032553,-6.732024875547656],[-62.746932198223845,-6.73202027551048],[-62.746927509856889,-6.741066250307348],[-62.755976314297698,-6.741070856580808],[-62.755980835032553,-6.732024875547656]]]}},
{"type":"Feature","properties":{"DESCRIPTION":"MDT_1392209.tif","FILENAME":"U:\\P589_AmazoniaRevelada_BR-319\\LiDAR_dataset\\ENTREGAS\\ENTREGA_08\\2_MDT\\GEOTIFF\\MDT_1392209.tif","SHRT_FNAME":"MDT_1392209.tif","UPPER_LEFT_X":"525967.235","UPPER_LEFT_Y":"9255867.957","LOWER_RIGHT_X":"526967.235","LOWER_RIGHT_Y":"9254867.957"},"geometry":{"type":"Polygon","coordinates":[[[-62.7650303376724,-6.732029308529881],[-62.755981694653343,-6.732024875976703],[-62.755977173934419,-6.741070857010437],[-62.765025984586131,-6.741075295572839],[-62.7650303376724,-6.732029308529881]]]}},
{"type":"Feature","properties":{"DESCRIPTION":"MDT_1392208.tif","FILENAME":"U:\\P589_AmazoniaRevelada_BR-319\\LiDAR_dataset\\ENTREGAS\\ENTREGA_08\\2_MDT\\GEOTIFF\\MDT_1392208.tif","SHRT_FNAME":"MDT_1392208.tif","UPPER_LEFT_X":"524967.140","UPPER_LEFT_Y":"9255867.957","LOWER_RIGHT_X":"525967.140","LOWER_RIGHT_Y":"9254867.957"},"geometry":{"type":"Polygon","coordinates":[[[-62.774079846292864,-6.732033574011646],[-62.765031197293773,-6.732029308943017],[-62.765026844223421,-6.741075295986537],[-62.774075660855708,-6.74107956683733],[-62.774079846292864,-6.732033574011646]]]}},
{"type":"Feature","properties":{"DESCRIPTION":"MDT_1392207.tif","FILENAME":"U:\\P589_AmazoniaRevelada_BR-319\\LiDAR_dataset\\ENTREGAS\\ENTREGA_08\\2_MDT\\GEOTIFF\\MDT_1392207.tif","SHRT_FNAME":"MDT_1392207.tif","UPPER_LEFT_X":"523967.045","UPPER_LEFT_Y":"9255867.957","LOWER_RIGHT_X":"524967.045","LOWER_RIGHT_Y":"9254867.957"},"geometry":{"type":"Polygon","coordinates":[[[-62.783129360663601,-6.732037671992419],[-62.774080705914791,-6.73203357440887],[-62.774076520493573,-6.741079567235094],[-62.783125342876097,-6.741083670373748],[-62.783129360663601,-6.732037671992419]]]}},
{"type":"Feature","properties":{"DESCRIPTION":"MDT_1392206.tif","FILENAME":"U:\\P589_AmazoniaRevelada_BR-319\\LiDAR_dataset\\ENTREGAS\\ENTREGA_08\\2_MDT\\GEOTIFF\\MDT_1392206.tif","SHRT_FNAME":"MDT_1392206.tif","UPPER_LEFT_X":"522966.950","UPPER_LEFT_Y":"9255867.957","LOWER_RIGHT_X":"523966.950","LOWER_RIGHT_Y":"9254867.957"},"geometry":{"type":"Polygon","coordinates":[[[-62.792178880554296,-6.732041602471693],[-62.783130220286068,-6.732037672373733],[-62.783126202514502,-6.741083670755579],[-62.792175030416956,-6.741087606181584],[-62.792178880554296,-6.732041602471693]]]}},
{"type":"Feature","properties":{"DESCRIPTION":"MDT_1392205.tif","FILENAME":"U:\\P589_AmazoniaRevelada_BR-319\\LiDAR_dataset\\ENTREGAS\\ENTREGA_08\\2_MDT\\GEOTIFF\\MDT_1392205.tif","SHRT_FNAME":"MDT_1392205.tif","UPPER_LEFT_X":"521966.854","UPPER_LEFT_Y":"9255867.957","LOWER_RIGHT_X":"522966.854","LOWER_RIGHT_Y":"9254867.957"},"geometry":{"type":"Polygon","coordinates":[[[-62.801228414783282,-6.732045365452658],[-62.792179749225944,-6.732041602840942],[-62.792175899104691,-6.741087606551334],[-62.801224732296738,-6.741091374264034],[-62.801228414783282,-6.732045365452658]]]}},
{"type":"Feature","properties":{"DESCRIPTION":"MDT_1392204.tif","FILENAME":"U:\\P589_AmazoniaRevelada_BR-319\\LiDAR_dataset\\ENTREGAS\\ENTREGA_08\\2_MDT\\GEOTIFF\\MDT_1392204.tif","SHRT_FNAME":"MDT_1392204.tif","UPPER_LEFT_X":"520966.759","UPPER_LEFT_Y":"9255867.957","LOWER_RIGHT_X":"521966.759","LOWER_RIGHT_Y":"9254867.957"},"geometry":{"type":"Polygon","coordinates":[[[-62.810277945022882,-6.732048960927322],[-62.801229274406744,-6.732045365802152],[-62.801225591936131,-6.741091374614],[-62.810274430187441,-6.741094974613093],[-62.810277945022882,-6.732048960927322]]]}},
{"type":"Feature","properties":{"DESCRIPTION":"MDT_1392203.tif","FILENAME":"U:\\P589_AmazoniaRevelada_BR-319\\LiDAR_dataset\\ENTREGAS\\ENTREGA_08\\2_MDT\\GEOTIFF\\MDT_1392203.tif","SHRT_FNAME":"MDT_1392203.tif","UPPER_LEFT_X":"519966.664","UPPER_LEFT_Y":"9255867.957","LOWER_RIGHT_X":"520966.664","LOWER_RIGHT_Y":"9254867.957"},"geometry":{"type":"Polygon","coordinates":[[[-62.819327480091445,-6.732052388899086],[-62.810278804646828,-6.732048961260904],[-62.81027528982731,-6.741094974947128],[-62.819324132907539,-6.741098407232169],[-62.819327480091445,-6.732052388899086]]]}},
{"type":"Feature","properties":{"DESCRIPTION":"MDT_1392202.tif","FILENAME":"U:\\P589_AmazoniaRevelada_BR-319\\LiDAR_dataset\\ENTREGAS\\ENTREGA_08\\2_MDT\\GEOTIFF\\MDT_1392202.tif","SHRT_FNAME":"MDT_1392202.tif","UPPER_LEFT_X":"518966.569","UPPER_LEFT_Y":"9255867.957","LOWER_RIGHT_X":"519966.569","LOWER_RIGHT_Y":"9254867.957"},"geometry":{"type":"Polygon","coordinates":[[[-62.828377019758626,-6.732055649367521],[-62.819328339715831,-6.732052389216755],[-62.819324992547863,-6.741098407550269],[-62.828373840226689,-6.741101672120831],[-62.828377019758626,-6.732055649367521]]]}},
{"type":"Feature","properties":{"DESCRIPTION":"MDT_1392201.tif","FILENAME":"U:\\P589_AmazoniaRevelada_BR-319\\LiDAR_dataset\\ENTREGAS\\ENTREGA_08\\2_MDT\\GEOTIFF\\MDT_1392201.tif","SHRT_FNAME":"MDT_1392201.tif","UPPER_LEFT_X":"517966.474","UPPER_LEFT_Y":"9255867.957","LOWER_RIGHT_X":"518966.474","LOWER_RIGHT_Y":"9254867.957"},"geometry":{"type":"Polygon","coordinates":[[[-62.837426563794118,-6.732058742332225],[-62.828377879383453,-6.73205564966928],[-62.828374699867425,-6.741101672422999],[-62.837423551914526,-6.741104769278676],[-62.837426563794118,-6.732058742332225]]]}},
{"type":"Feature","properties":{"DESCRIPTION":"MDT_1392200.tif","FILENAME":"U:\\P589_AmazoniaRevelada_BR-319\\LiDAR_dataset\\ENTREGAS\\ENTREGA_08\\2_MDT\\GEOTIFF\\MDT_1392200.tif","SHRT_FNAME":"MDT_1392200.tif","UPPER_LEFT_X":"516966.378","UPPER_LEFT_Y":"9255867.957","LOWER_RIGHT_X":"517966.378","LOWER_RIGHT_Y":"9254867.957"},"geometry":{"type":"Polygon","coordinates":[[[-62.846476121016245,-6.732061667795654],[-62.837427432468026,-6.732058742621081],[-62.83742442060452,-6.741104769567924],[-62.846473276789546,-6.741107698708166],[-62.846476121016245,-6.732061667795654]]]}},
{"type":"Feature","properties":{"DESCRIPTION":"MDT_1392199.tif","FILENAME":"U:\\P589_AmazoniaRevelada_BR-319\\LiDAR_dataset\\ENTREGAS\\ENTREGA_08\\2_MDT\\GEOTIFF\\MDT_1392199.tif","SHRT_FNAME":"MDT_1392199.tif","UPPER_LEFT_X":"515966.283","UPPER_LEFT_Y":"9255867.957","LOWER_RIGHT_X":"516966.283","LOWER_RIGHT_Y":"9254867.957"},"geometry":{"type":"Polygon","coordinates":[[[-62.855525673097297,-6.732064425751596],[-62.846476980641846,-6.732061668065589],[-62.846474136431077,-6.741107698978467],[-62.855522996523696,-6.741110460403076],[-62.855525673097297,-6.732064425751596]]]}},
{"type":"Feature","properties":{"DESCRIPTION":"MDT_1392198.tif","FILENAME":"U:\\P589_AmazoniaRevelada_BR-319\\LiDAR_dataset\\ENTREGAS\\ENTREGA_08\\2_MDT\\GEOTIFF\\MDT_1392198.tif","SHRT_FNAME":"MDT_1392198.tif","UPPER_LEFT_X":"514966.188","UPPER_LEFT_Y":"9255867.957","LOWER_RIGHT_X":"515966.188","LOWER_RIGHT_Y":"9254867.957"},"geometry":{"type":"Polygon","coordinates":[[[-62.864575228855649,-6.732067016202715],[-62.855526532723253,-6.732064426005619],[-62.85552385616559,-6.741110460657445],[-62.864572719935467,-6.741113054366078],[-62.864575228855649,-6.732067016202715]]]}},
{"type":"Feature","properties":{"DESCRIPTION":"MDT_1392197.tif","FILENAME":"U:\\P589_AmazoniaRevelada_BR-319\\LiDAR_dataset\\ENTREGAS\\ENTREGA_08\\2_MDT\\GEOTIFF\\MDT_1392197.tif","SHRT_FNAME":"MDT_1392197.tif","UPPER_LEFT_X":"513966.093","UPPER_LEFT_Y":"9255867.957","LOWER_RIGHT_X":"514966.093","LOWER_RIGHT_Y":"9254867.957"},"geometry":{"type":"Polygon","coordinates":[[[-62.873624788060944,-6.732069439148689],[-62.864576088481947,-6.732067016440827],[-62.864573579577694,-6.741113054604513],[-62.873622446794506,-6.741115480596848],[-62.873624788060944,-6.732069439148689]]]}},
{"type":"Feature","properties":{"DESCRIPTION":"MDT_1392196.tif","FILENAME":"U:\\P589_AmazoniaRevelada_BR-319\\LiDAR_dataset\\ENTREGAS\\ENTREGA_08\\2_MDT\\GEOTIFF\\MDT_1392196.tif","SHRT_FNAME":"MDT_1392196.tif","UPPER_LEFT_X":"512965.998","UPPER_LEFT_Y":"9255867.957","LOWER_RIGHT_X":"513965.998","LOWER_RIGHT_Y":"9254867.957"},"geometry":{"type":"Polygon","coordinates":[[[-62.882674350482858,-6.732071694589221],[-62.873625647687561,-6.732069439370892],[-62.873623306437047,-6.741115480819351],[-62.882672176870457,-6.741117739095087],[-62.882674350482858,-6.732071694589221]]]}},
{"type":"Feature","properties":{"DESCRIPTION":"MDT_1392195.tif","FILENAME":"U:\\P589_AmazoniaRevelada_BR-319\\LiDAR_dataset\\ENTREGAS\\ENTREGA_08\\2_MDT\\GEOTIFF\\MDT_1392195.tif","SHRT_FNAME":"MDT_1392195.tif","UPPER_LEFT_X":"511965.902","UPPER_LEFT_Y":"9255867.957","LOWER_RIGHT_X":"512965.902","LOWER_RIGHT_Y":"9254867.957"},"geometry":{"type":"Polygon","coordinates":[[[-62.891723924939768,-6.73207378252603],[-62.882675219158486,-6.732071694797684],[-62.882673045562164,-6.741117739303831],[-62.89172191898183,-6.741119829862519],[-62.891723924939768,-6.73207378252603]]]}},
{"type":"Feature","properties":{"DESCRIPTION":"MDT_1392194.tif","FILENAME":"U:\\P589_AmazoniaRevelada_BR-319\\LiDAR_dataset\\ENTREGAS\\ENTREGA_08\\2_MDT\\GEOTIFF\\MDT_1392194.tif","SHRT_FNAME":"MDT_1392194.tif","UPPER_LEFT_X":"510965.807","UPPER_LEFT_Y":"9255867.957","LOWER_RIGHT_X":"511965.807","LOWER_RIGHT_Y":"9254867.957"},"geometry":{"type":"Polygon","coordinates":[[[-62.900773493103905,-6.732075702954686],[-62.891724784566954,-6.732073782716409],[-62.891722778624946,-6.741119830053156],[-62.900771654800529,-6.741121752894706],[-62.900773493103905,-6.732075702954686]]]}},
{"type":"Feature","properties":{"DESCRIPTION":"MDT_1392193.tif","FILENAME":"U:\\P589_AmazoniaRevelada_BR-319\\LiDAR_dataset\\ENTREGAS\\ENTREGA_08\\2_MDT\\GEOTIFF\\MDT_1392193.tif","SHRT_FNAME":"MDT_1392193.tif","UPPER_LEFT_X":"509965.712","UPPER_LEFT_Y":"9255867.957","LOWER_RIGHT_X":"510965.712","LOWER_RIGHT_Y":"9254867.957"},"geometry":{"type":"Polygon","coordinates":[[[-62.90982306379366,-6.732077455877119],[-62.900774352731354,-6.732075703129153],[-62.900772514443887,-6.741121753069409],[-62.909821393145066,-6.741123508193581],[-62.90982306379366,-6.732077455877119]]]}},
{"type":"Feature","properties":{"DESCRIPTION":"MDT_1391250.tif","FILENAME":"U:\\P589_AmazoniaRevelada_BR-319\\LiDAR_dataset\\ENTREGAS\\ENTREGA_08\\2_MDT\\GEOTIFF\\MDT_1391250.tif","SHRT_FNAME":"MDT_1391250.tif","UPPER_LEFT_X":"566971.138","UPPER_LEFT_Y":"9256867.832","LOWER_RIGHT_X":"567971.138","LOWER_RIGHT_Y":"9255867.832"},"geometry":{"type":"Polygon","coordinates":[[[-62.394019414380729,-6.722665787329617],[-62.384971382165695,-6.722654503936441],[-62.384960004230422,-6.731700046422962],[-62.394008203807523,-6.731711345133266],[-62.394019414380729,-6.722665787329617]]]}},
{"type":"Feature","properties":{"DESCRIPTION":"MDT_1391249.tif","FILENAME":"U:\\P589_AmazoniaRevelada_BR-319\\LiDAR_dataset\\ENTREGAS\\ENTREGA_08\\2_MDT\\GEOTIFF\\MDT_1391249.tif","SHRT_FNAME":"MDT_1391249.tif","UPPER_LEFT_X":"565971.043","UPPER_LEFT_Y":"9256867.832","LOWER_RIGHT_X":"566971.043","LOWER_RIGHT_Y":"9255867.832"},"geometry":{"type":"Polygon","coordinates":[[[-62.403068321579795,-6.722676904568808],[-62.394020273944527,-6.722665788393595],[-62.394009063387223,-6.73171134619869],[-62.403057278385951,-6.731722477464035],[-62.403068321579795,-6.722676904568808]]]}},
{"type":"Feature","properties":{"DESCRIPTION":"MDT_1391248.tif","FILENAME":"U:\\P589_AmazoniaRevelada_BR-319\\LiDAR_dataset\\ENTREGAS\\ENTREGA_08\\2_MDT\\GEOTIFF\\MDT_1391248.tif","SHRT_FNAME":"MDT_1391248.tif","UPPER_LEFT_X":"564970.948","UPPER_LEFT_Y":"9256867.832","LOWER_RIGHT_X":"565970.948","LOWER_RIGHT_Y":"9255867.832"},"geometry":{"type":"Polygon","coordinates":[[[-62.412117243970307,-6.722687854572773],[-62.403069181145042,-6.722676905616901],[-62.403058137967101,-6.731722478513551],[-62.412106368157211,-6.731733442332557],[-62.412117243970307,-6.722687854572773]]]}},
{"type":"Feature","properties":{"DESCRIPTION":"MDT_1391247.tif","FILENAME":"U:\\P589_AmazoniaRevelada_BR-319\\LiDAR_dataset\\ENTREGAS\\ENTREGA_08\\2_MDT\\GEOTIFF\\MDT_1391247.tif","SHRT_FNAME":"MDT_1391247.tif","UPPER_LEFT_X":"563970.853","UPPER_LEFT_Y":"9256867.832","LOWER_RIGHT_X":"564970.853","LOWER_RIGHT_Y":"9255867.832"},"geometry":{"type":"Polygon","coordinates":[[[-62.421166181322029,-6.72269863734015],[-62.41211810353699,-6.722687855604979],[-62.412107227739796,-6.731733443366164],[-62.421155472891037,-6.731744239737468],[-62.421166181322029,-6.72269863734015]]]}},
{"type":"Feature","properties":{"DESCRIPTION":"MDT_1391246.tif","FILENAME":"U:\\P589_AmazoniaRevelada_BR-319\\LiDAR_dataset\\ENTREGAS\\ENTREGA_08\\2_MDT\\GEOTIFF\\MDT_1391246.tif","SHRT_FNAME":"MDT_1391246.tif","UPPER_LEFT_X":"562970.758","UPPER_LEFT_Y":"9256867.832","LOWER_RIGHT_X":"563970.758","LOWER_RIGHT_Y":"9255867.832"},"geometry":{"type":"Polygon","coordinates":[[[-62.430215133404673,-6.722709252869602],[-62.421167040890118,-6.722698638356472],[-62.421156332475022,-6.73174424075517],[-62.430204592357128,-6.731754869677431],[-62.430215133404673,-6.722709252869602]]]}},
{"type":"Feature","properties":{"DESCRIPTION":"MDT_1391245.tif","FILENAME":"U:\\P589_AmazoniaRevelada_BR-319\\LiDAR_dataset\\ENTREGAS\\ENTREGA_08\\2_MDT\\GEOTIFF\\MDT_1391245.tif","SHRT_FNAME":"MDT_1391245.tif","UPPER_LEFT_X":"561970.662","UPPER_LEFT_Y":"9256867.832","LOWER_RIGHT_X":"562970.662","LOWER_RIGHT_Y":"9255867.832"},"geometry":{"type":"Polygon","coordinates":[[[-62.439264109036117,-6.722719701170173],[-62.430216002022256,-6.722709253880569],[-62.430205460990784,-6.731754870689771],[-62.439253735373512,-6.731765332161502],[-62.439264109036117,-6.722719701170173]]]}},
{"type":"Feature","properties":{"DESCRIPTION":"MDT_1391244.tif","FILENAME":"U:\\P589_AmazoniaRevelada_BR-319\\LiDAR_dataset\\ENTREGAS\\ENTREGA_08\\2_MDT\\GEOTIFF\\MDT_1391244.tif","SHRT_FNAME":"MDT_1391244.tif","UPPER_LEFT_X":"560970.567","UPPER_LEFT_Y":"9256867.832","LOWER_RIGHT_X":"561970.567","LOWER_RIGHT_Y":"9255867.832"},"geometry":{"type":"Polygon","coordinates":[[[-62.448313089889893,-6.722729982219672],[-62.439264968606977,-6.722719702154722],[-62.439254594960254,-6.731765333147389],[-62.448302883613358,-6.731775627167459],[-62.448313089889893,-6.722729982219672]]]}},
{"type":"Feature","properties":{"DESCRIPTION":"MDT_1391243.tif","FILENAME":"U:\\P589_AmazoniaRevelada_BR-319\\LiDAR_dataset\\ENTREGAS\\ENTREGA_08\\2_MDT\\GEOTIFF\\MDT_1391243.tif","SHRT_FNAME":"MDT_1391243.tif","UPPER_LEFT_X":"559970.472","UPPER_LEFT_Y":"9256867.832","LOWER_RIGHT_X":"560970.472","LOWER_RIGHT_Y":"9255867.832"},"geometry":{"type":"Polygon","coordinates":[[[-62.457362084783824,-6.722740096027353],[-62.44831394946209,-6.722729983188334],[-62.448303743201436,-6.731775628137438],[-62.457352045894623,-6.731785754704569],[-62.457362084783824,-6.722740096027353]]]}},
{"type":"Feature","properties":{"DESCRIPTION":"MDT_1391242.tif","FILENAME":"U:\\P589_AmazoniaRevelada_BR-319\\LiDAR_dataset\\ENTREGAS\\ENTREGA_08\\2_MDT\\GEOTIFF\\MDT_1391242.tif","SHRT_FNAME":"MDT_1391242.tif","UPPER_LEFT_X":"558970.377","UPPER_LEFT_Y":"9256867.832","LOWER_RIGHT_X":"559970.377","LOWER_RIGHT_Y":"9255867.832"},"geometry":{"type":"Polygon","coordinates":[[[-62.46641109348765,-6.722750042591959],[-62.457362944357342,-6.72274009698013],[-62.457352905484044,-6.731785755658637],[-62.466401221987056,-6.731795714771574],[-62.46641109348765,-6.722750042591959]]]}},
{"type":"Feature","properties":{"DESCRIPTION":"MDT_1391241.tif","FILENAME":"U:\\P589_AmazoniaRevelada_BR-319\\LiDAR_dataset\\ENTREGAS\\ENTREGA_08\\2_MDT\\GEOTIFF\\MDT_1391241.tif","SHRT_FNAME":"MDT_1391241.tif","UPPER_LEFT_X":"557970.282","UPPER_LEFT_Y":"9256867.832","LOWER_RIGHT_X":"558970.282","LOWER_RIGHT_Y":"9255867.832"},"geometry":{"type":"Polygon","coordinates":[[[-62.475460115771099,-6.722759821912256],[-62.466411953062462,-6.722750043528849],[-62.466402081577769,-6.731795715709734],[-62.47545041166034,-6.731805507367237],[-62.475460115771099,-6.722759821912256]]]}},
{"type":"Feature","properties":{"DESCRIPTION":"MDT_1391240.tif","FILENAME":"U:\\P589_AmazoniaRevelada_BR-319\\LiDAR_dataset\\ENTREGAS\\ENTREGA_08\\2_MDT\\GEOTIFF\\MDT_1391240.tif","SHRT_FNAME":"MDT_1391240.tif","UPPER_LEFT_X":"556970.186","UPPER_LEFT_Y":"9256867.832","LOWER_RIGHT_X":"557970.186","LOWER_RIGHT_Y":"9255867.832"},"geometry":{"type":"Polygon","coordinates":[[[-62.484509160452113,-6.722769433996559],[-62.475460984395369,-6.722759822842955],[-62.475451280300675,-6.731805508299199],[-62.484499623732574,-6.731815132499883],[-62.484509160452113,-6.722769433996559]]]}},
{"type":"Feature","properties":{"DESCRIPTION":"MDT_1391239.tif","FILENAME":"U:\\P589_AmazoniaRevelada_BR-319\\LiDAR_dataset\\ENTREGAS\\ENTREGA_08\\2_MDT\\GEOTIFF\\MDT_1391239.tif","SHRT_FNAME":"MDT_1391239.tif","UPPER_LEFT_X":"555970.091","UPPER_LEFT_Y":"9256867.832","LOWER_RIGHT_X":"556970.091","LOWER_RIGHT_Y":"9255867.832"},"geometry":{"type":"Polygon","coordinates":[[[-62.493558209204039,-6.722778878824449],[-62.484510020029468,-6.722769434901675],[-62.484500483325832,-6.731815133406227],[-62.493548839876752,-6.731824590149068],[-62.493558209204039,-6.722778878824449]]]}},
{"type":"Feature","properties":{"DESCRIPTION":"MDT_1391238.tif","FILENAME":"U:\\P589_AmazoniaRevelada_BR-319\\LiDAR_dataset\\ENTREGAS\\ENTREGA_08\\2_MDT\\GEOTIFF\\MDT_1391238.tif","SHRT_FNAME":"MDT_1391238.tif","UPPER_LEFT_X":"554969.996","UPPER_LEFT_Y":"9256867.832","LOWER_RIGHT_X":"555969.996","LOWER_RIGHT_Y":"9255867.832"},"geometry":{"type":"Polygon","coordinates":[[[-62.502607270844798,-6.72278815640445],[-62.493559068782631,-6.722778879713679],[-62.493549699471231,-6.731824591039504],[-62.502598068910928,-6.731833880323327],[-62.502607270844798,-6.72278815640445]]]}},
{"type":"Feature","properties":{"DESCRIPTION":"MDT_1391237.tif","FILENAME":"U:\\P589_AmazoniaRevelada_BR-319\\LiDAR_dataset\\ENTREGAS\\ENTREGA_08\\2_MDT\\GEOTIFF\\MDT_1391237.tif","SHRT_FNAME":"MDT_1391237.tif","UPPER_LEFT_X":"553969.901","UPPER_LEFT_Y":"9256867.832","LOWER_RIGHT_X":"554969.901","LOWER_RIGHT_Y":"9255867.832"},"geometry":{"type":"Polygon","coordinates":[[[-62.511656345144104,-6.722797266735411],[-62.502608130424598,-6.722788157277791],[-62.502598928506629,-6.731833881197854],[-62.511647310604808,-6.731843003021505],[-62.511656345144104,-6.722797266735411]]]}},
{"type":"Feature","properties":{"DESCRIPTION":"MDT_1391236.tif","FILENAME":"U:\\P589_AmazoniaRevelada_BR-319\\LiDAR_dataset\\ENTREGAS\\ENTREGA_08\\2_MDT\\GEOTIFF\\MDT_1391236.tif","SHRT_FNAME":"MDT_1391236.tif","UPPER_LEFT_X":"552969.806","UPPER_LEFT_Y":"9256867.832","LOWER_RIGHT_X":"553969.806","LOWER_RIGHT_Y":"9255867.832"},"geometry":{"type":"Polygon","coordinates":[[[-62.52070543187169,-6.722806209816197],[-62.511657204725097,-6.722797267592865],[-62.511648170201688,-6.731843003880122],[-62.520696564728091,-6.73185195824247],[-62.52070543187169,-6.722806209816197]]]}},
{"type":"Feature","properties":{"DESCRIPTION":"MDT_1391235.tif","FILENAME":"U:\\P589_AmazoniaRevelada_BR-319\\LiDAR_dataset\\ENTREGAS\\ENTREGA_08\\2_MDT\\GEOTIFF\\MDT_1391235.tif","SHRT_FNAME":"MDT_1391235.tif","UPPER_LEFT_X":"551969.710","UPPER_LEFT_Y":"9256867.832","LOWER_RIGHT_X":"552969.710","LOWER_RIGHT_Y":"9255867.832"},"geometry":{"type":"Polygon","coordinates":[[[-62.52975453984552,-6.722814985654391],[-62.520706300502084,-6.722806210666622],[-62.520697433374558,-6.731851959094049],[-62.529745840098904,-6.731860745993811],[-62.52975453984552,-6.722814985654391]]]}},
{"type":"Feature","properties":{"DESCRIPTION":"MDT_1391234.tif","FILENAME":"U:\\P589_AmazoniaRevelada_BR-319\\LiDAR_dataset\\ENTREGAS\\ENTREGA_08\\2_MDT\\GEOTIFF\\MDT_1391234.tif","SHRT_FNAME":"MDT_1391234.tif","UPPER_LEFT_X":"550969.615","UPPER_LEFT_Y":"9256867.832","LOWER_RIGHT_X":"551969.615","LOWER_RIGHT_Y":"9255867.832"},"geometry":{"type":"Polygon","coordinates":[[[-62.538803650738842,-6.722823594231353],[-62.529755399428829,-6.722814986480071],[-62.529746699698116,-6.731860746820612],[-62.538795118390127,-6.731869366256865],[-62.538803650738842,-6.722823594231353]]]}},
{"type":"Feature","properties":{"DESCRIPTION":"MDT_1391233.tif","FILENAME":"U:\\P589_AmazoniaRevelada_BR-319\\LiDAR_dataset\\ENTREGAS\\ENTREGA_08\\2_MDT\\GEOTIFF\\MDT_1391233.tif","SHRT_FNAME":"MDT_1391233.tif","UPPER_LEFT_X":"549969.520","UPPER_LEFT_Y":"9256867.832","LOWER_RIGHT_X":"550969.520","LOWER_RIGHT_Y":"9255867.832"},"geometry":{"type":"Polygon","coordinates":[[[-62.547852773369613,-6.722832035554875],[-62.538804510323274,-6.722823595041146],[-62.538795977990475,-6.731869367067756],[-62.547844408419877,-6.731877819039433],[-62.547852773369613,-6.722832035554875]]]}},
{"type":"Feature","properties":{"DESCRIPTION":"MDT_1391232.tif","FILENAME":"U:\\P589_AmazoniaRevelada_BR-319\\LiDAR_dataset\\ENTREGAS\\ENTREGA_08\\2_MDT\\GEOTIFF\\MDT_1391232.tif","SHRT_FNAME":"MDT_1391232.tif","UPPER_LEFT_X":"548969.425","UPPER_LEFT_Y":"9256867.832","LOWER_RIGHT_X":"549969.425","LOWER_RIGHT_Y":"9255867.832"},"geometry":{"type":"Polygon","coordinates":[[[-62.556901907507552,-6.722840309623904],[-62.54785363295516,-6.72283203634878],[-62.547845268021312,-6.731877819834415],[-62.556893709957841,-6.731886104340464],[-62.556901907507552,-6.722840309623904]]]}},
{"type":"Feature","properties":{"DESCRIPTION":"MDT_1391231.tif","FILENAME":"U:\\P589_AmazoniaRevelada_BR-319\\LiDAR_dataset\\ENTREGAS\\ENTREGA_08\\2_MDT\\GEOTIFF\\MDT_1391231.tif","SHRT_FNAME":"MDT_1391231.tif","UPPER_LEFT_X":"547969.330","UPPER_LEFT_Y":"9256867.832","LOWER_RIGHT_X":"548969.330","LOWER_RIGHT_Y":"9255867.832"},"geometry":{"type":"Polygon","coordinates":[[[-62.565951052922379,-6.722848416437418],[-62.556902767094186,-6.722840310401923],[-62.556894569560356,-6.731886105119536],[-62.565943022773702,-6.731894222158929],[-62.565951052922379,-6.722848416437418]]]}},
{"type":"Feature","properties":{"DESCRIPTION":"MDT_1391230.tif","FILENAME":"U:\\P589_AmazoniaRevelada_BR-319\\LiDAR_dataset\\ENTREGAS\\ENTREGA_08\\2_MDT\\GEOTIFF\\MDT_1391230.tif","SHRT_FNAME":"MDT_1391230.tif","UPPER_LEFT_X":"546969.234","UPPER_LEFT_Y":"9256867.832","LOWER_RIGHT_X":"547969.234","LOWER_RIGHT_Y":"9255867.832"},"geometry":{"type":"Polygon","coordinates":[[[-62.575000218432109,-6.722856356002262],[-62.565951921558352,-6.722848417207569],[-62.565943891425739,-6.731894222930125],[-62.574992355685652,-6.731902172501687],[-62.575000218432109,-6.722856356002262]]]}},
{"type":"Feature","properties":{"DESCRIPTION":"MDT_1391229.tif","FILENAME":"U:\\P589_AmazoniaRevelada_BR-319\\LiDAR_dataset\\ENTREGAS\\ENTREGA_08\\2_MDT\\GEOTIFF\\MDT_1391229.tif","SHRT_FNAME":"MDT_1391229.tif","UPPER_LEFT_X":"545969.139","UPPER_LEFT_Y":"9256867.832","LOWER_RIGHT_X":"546969.139","LOWER_RIGHT_Y":"9255867.832"},"geometry":{"type":"Polygon","coordinates":[[[-62.584049385709868,-6.722864128301572],[-62.575001078020833,-6.722856356748504],[-62.57499321529027,-6.731902173248939],[-62.58404169036644,-6.731909955351846],[-62.584049385709868,-6.722864128301572]]]}},
{"type":"Feature","properties":{"DESCRIPTION":"MDT_1391228.tif","FILENAME":"U:\\P589_AmazoniaRevelada_BR-319\\LiDAR_dataset\\ENTREGAS\\ENTREGA_08\\2_MDT\\GEOTIFF\\MDT_1391228.tif","SHRT_FNAME":"MDT_1391228.tif","UPPER_LEFT_X":"544969.044","UPPER_LEFT_Y":"9256867.832","LOWER_RIGHT_X":"545969.044","LOWER_RIGHT_Y":"9255867.832"},"geometry":{"type":"Polygon","coordinates":[[[-62.593098563573655,-6.722871733342409],[-62.584050245299601,-6.722864129031927],[-62.584042549972082,-6.731909956083193],[-62.593091035634231,-6.731917570716484],[-62.593098563573655,-6.722871733342409]]]}},
{"type":"Feature","properties":{"DESCRIPTION":"MDT_1391227.tif","FILENAME":"U:\\P589_AmazoniaRevelada_BR-319\\LiDAR_dataset\\ENTREGAS\\ENTREGA_08\\2_MDT\\GEOTIFF\\MDT_1391227.tif","SHRT_FNAME":"MDT_1391227.tif","UPPER_LEFT_X":"543968.949","UPPER_LEFT_Y":"9256867.832","LOWER_RIGHT_X":"544968.949","LOWER_RIGHT_Y":"9255867.832"},"geometry":{"type":"Polygon","coordinates":[[[-62.602147751793183,-6.722879171123824],[-62.593099423164382,-6.722871734056874],[-62.59309189524086,-6.731917571431919],[-62.602140391258708,-6.731925018594645],[-62.602147751793183,-6.722879171123824]]]}},
{"type":"Feature","properties":{"DESCRIPTION":"MDT_1391226.tif","FILENAME":"U:\\P589_AmazoniaRevelada_BR-319\\LiDAR_dataset\\ENTREGAS\\ENTREGA_08\\2_MDT\\GEOTIFF\\MDT_1391226.tif","SHRT_FNAME":"MDT_1391226.tif","UPPER_LEFT_X":"542968.854","UPPER_LEFT_Y":"9256867.832","LOWER_RIGHT_X":"543968.854","LOWER_RIGHT_Y":"9255867.832"},"geometry":{"type":"Polygon","coordinates":[[[-62.611196950138179,-6.722886441644898],[-62.602148611384891,-6.722879171822401],[-62.602141250866303,-6.731925019294171],[-62.611189757009562,-6.731932298985409],[-62.611196950138179,-6.722886441644898]]]}},
{"type":"Feature","properties":{"DESCRIPTION":"MDT_1391225.tif","FILENAME":"U:\\P589_AmazoniaRevelada_BR-319\\LiDAR_dataset\\ENTREGAS\\ENTREGA_08\\2_MDT\\GEOTIFF\\MDT_1391225.tif","SHRT_FNAME":"MDT_1391225.tif","UPPER_LEFT_X":"541968.758","UPPER_LEFT_Y":"9256867.832","LOWER_RIGHT_X":"542968.758","LOWER_RIGHT_Y":"9255867.832"},"geometry":{"type":"Polygon","coordinates":[[[-62.620246167426679,-6.722893544911743],[-62.611197818779175,-6.722886442334774],[-62.61119062566663,-6.731932299676222],[-62.620239141704999,-6.731939411894901],[-62.620246167426679,-6.722893544911743]]]}},
{"type":"Feature","properties":{"DESCRIPTION":"MDT_1391224.tif","FILENAME":"U:\\P589_AmazoniaRevelada_BR-319\\LiDAR_dataset\\ENTREGAS\\ENTREGA_08\\2_MDT\\GEOTIFF\\MDT_1391224.tif","SHRT_FNAME":"MDT_1391224.tif","UPPER_LEFT_X":"540968.663","UPPER_LEFT_Y":"9256867.832","LOWER_RIGHT_X":"541968.663","LOWER_RIGHT_Y":"9255867.832"},"geometry":{"type":"Polygon","coordinates":[[[-62.62929538533173,-6.722900480909275],[-62.62024702702027,-6.722893545578544],[-62.620240001314492,-6.731939412562606],[-62.629288527017685,-6.73194635730801],[-62.62929538533173,-6.722900480909275]]]}},
{"type":"Feature","properties":{"DESCRIPTION":"MDT_1391223.tif","FILENAME":"U:\\P589_AmazoniaRevelada_BR-319\\LiDAR_dataset\\ENTREGAS\\ENTREGA_08\\2_MDT\\GEOTIFF\\MDT_1391223.tif","SHRT_FNAME":"MDT_1391223.tif","UPPER_LEFT_X":"539968.568","UPPER_LEFT_Y":"9256867.832","LOWER_RIGHT_X":"540968.568","LOWER_RIGHT_Y":"9255867.832"},"geometry":{"type":"Polygon","coordinates":[[[-62.638344612671347,-6.722907249643817],[-62.629296244926223,-6.722900481560186],[-62.629289386628074,-6.731946357959806],[-62.63833792176581,-6.731953135231071],[-62.638344612671347,-6.722907249643817]]]}},
{"type":"Feature","properties":{"DESCRIPTION":"MDT_1391222.tif","FILENAME":"U:\\P589_AmazoniaRevelada_BR-319\\LiDAR_dataset\\ENTREGAS\\ENTREGA_08\\2_MDT\\GEOTIFF\\MDT_1391222.tif","SHRT_FNAME":"MDT_1391222.tif","UPPER_LEFT_X":"538968.473","UPPER_LEFT_Y":"9256867.832","LOWER_RIGHT_X":"539968.473","LOWER_RIGHT_Y":"9255867.832"},"geometry":{"type":"Polygon","coordinates":[[[-62.647393849215256,-6.722913851114529],[-62.638345472266728,-6.72290725027884],[-62.638338781377087,-6.731953135866958],[-62.647387325719059,-6.731959745663244],[-62.647393849215256,-6.722913851114529]]]}},
{"type":"Feature","properties":{"DESCRIPTION":"MDT_1391221.tif","FILENAME":"U:\\P589_AmazoniaRevelada_BR-319\\LiDAR_dataset\\ENTREGAS\\ENTREGA_08\\2_MDT\\GEOTIFF\\MDT_1391221.tif","SHRT_FNAME":"MDT_1391221.tif","UPPER_LEFT_X":"537968.378","UPPER_LEFT_Y":"9256867.832","LOWER_RIGHT_X":"538968.378","LOWER_RIGHT_Y":"9255867.832"},"geometry":{"type":"Polygon","coordinates":[[[-62.656443094733163,-6.72292028532059],[-62.64739470881149,-6.722913851733664],[-62.647388185331202,-6.731959746283219],[-62.656436738647123,-6.731966188603704],[-62.656443094733163,-6.72292028532059]]]}},
{"type":"Feature","properties":{"DESCRIPTION":"MDT_1391220.tif","FILENAME":"U:\\P589_AmazoniaRevelada_BR-319\\LiDAR_dataset\\ENTREGAS\\ENTREGA_08\\2_MDT\\GEOTIFF\\MDT_1391220.tif","SHRT_FNAME":"MDT_1391220.tif","UPPER_LEFT_X":"536968.282","UPPER_LEFT_Y":"9256867.832","LOWER_RIGHT_X":"537968.282","LOWER_RIGHT_Y":"9255867.832"},"geometry":{"type":"Polygon","coordinates":[[[-62.665492358043167,-6.722926552267387],[-62.656443963378628,-6.722920285930187],[-62.656437607308661,-6.731966189214129],[-62.665486169368251,-6.731972464057847],[-62.665492358043167,-6.722926552267387]]]}},
{"type":"Feature","properties":{"DESCRIPTION":"MDT_1391219.tif","FILENAME":"U:\\P589_AmazoniaRevelada_BR-319\\LiDAR_dataset\\ENTREGAS\\ENTREGA_08\\2_MDT\\GEOTIFF\\MDT_1391219.tif","SHRT_FNAME":"MDT_1391219.tif","UPPER_LEFT_X":"535968.187","UPPER_LEFT_Y":"9256867.832","LOWER_RIGHT_X":"536968.187","LOWER_RIGHT_Y":"9255867.832"},"geometry":{"type":"Polygon","coordinates":[[[-62.674541620818182,-6.722932651941606],[-62.665493217641064,-6.722926552854744],[-62.665487028982056,-6.731972464646002],[-62.674535599554993,-6.731978572012342],[-62.674541620818182,-6.722932651941606]]]}},
{"type":"Feature","properties":{"DESCRIPTION":"MDT_1391218.tif","FILENAME":"U:\\P589_AmazoniaRevelada_BR-319\\LiDAR_dataset\\ENTREGAS\\ENTREGA_08\\2_MDT\\GEOTIFF\\MDT_1391218.tif","SHRT_FNAME":"MDT_1391218.tif","UPPER_LEFT_X":"534968.092","UPPER_LEFT_Y":"9256867.832","LOWER_RIGHT_X":"535968.092","LOWER_RIGHT_Y":"9255867.832"},"geometry":{"type":"Polygon","coordinates":[[[-62.683590891876285,-6.722938584348841],[-62.674542480416875,-6.722932652513075],[-62.674536459169587,-6.731978572584587],[-62.683585038025591,-6.731984512472787],[-62.683590891876285,-6.722938584348841]]]}},
{"type":"Feature","properties":{"DESCRIPTION":"MDT_1391217.tif","FILENAME":"U:\\P589_AmazoniaRevelada_BR-319\\LiDAR_dataset\\ENTREGAS\\ENTREGA_08\\2_MDT\\GEOTIFF\\MDT_1391217.tif","SHRT_FNAME":"MDT_1391217.tif","UPPER_LEFT_X":"533967.997","UPPER_LEFT_Y":"9256867.832","LOWER_RIGHT_X":"534967.997","LOWER_RIGHT_Y":"9255867.832"},"geometry":{"type":"Polygon","coordinates":[[[-62.692640170987204,-6.722944349488355],[-62.683591751475767,-6.722938584904419],[-62.68358589764096,-6.731984513029122],[-62.692634484549721,-6.731990285438448],[-62.692640170987204,-6.722944349488355]]]}},
{"type":"Feature","properties":{"DESCRIPTION":"MDT_1391216.tif","FILENAME":"U:\\P589_AmazoniaRevelada_BR-319\\LiDAR_dataset\\ENTREGAS\\ENTREGA_08\\2_MDT\\GEOTIFF\\MDT_1391216.tif","SHRT_FNAME":"MDT_1391216.tif","UPPER_LEFT_X":"532967.902","UPPER_LEFT_Y":"9256867.832","LOWER_RIGHT_X":"533967.902","LOWER_RIGHT_Y":"9255867.832"},"geometry":{"type":"Polygon","coordinates":[[[-62.701689457920629,-6.722949947359432],[-62.692641030587438,-6.722944350028046],[-62.692635344165858,-6.731990285978871],[-62.701683938897062,-6.731995890908605],[-62.701689457920629,-6.722949947359432]]]}},
{"type":"Feature","properties":{"DESCRIPTION":"MDT_1391215.tif","FILENAME":"U:\\P589_AmazoniaRevelada_BR-319\\LiDAR_dataset\\ENTREGAS\\ENTREGA_08\\2_MDT\\GEOTIFF\\MDT_1391215.tif","SHRT_FNAME":"MDT_1391215.tif","UPPER_LEFT_X":"531967.806","UPPER_LEFT_Y":"9256867.832","LOWER_RIGHT_X":"532967.806","LOWER_RIGHT_Y":"9255867.832"},"geometry":{"type":"Polygon","coordinates":[[[-62.710738761494696,-6.722955377966723],[-62.701690326570024,-6.722949947888748],[-62.701684807562536,-6.731995891438638],[-62.710733409885918,-6.732001328887917],[-62.710738761494696,-6.722955377966723]]]}},
{"type":"Feature","properties":{"DESCRIPTION":"MDT_1391214.tif","FILENAME":"U:\\P589_AmazoniaRevelada_BR-319\\LiDAR_dataset\\ENTREGAS\\ENTREGA_08\\2_MDT\\GEOTIFF\\MDT_1391214.tif","SHRT_FNAME":"MDT_1391214.tif","UPPER_LEFT_X":"530967.711","UPPER_LEFT_Y":"9256867.832","LOWER_RIGHT_X":"531967.711","LOWER_RIGHT_Y":"9255867.832"},"geometry":{"type":"Polygon","coordinates":[[[-62.719788063382211,-6.722960641298694],[-62.710739621096366,-6.722955378474635],[-62.71073426950349,-6.732001329396519],[-62.719782879188742,-6.732006599364833],[-62.719788063382211,-6.722960641298694]]]}},
{"type":"Feature","properties":{"DESCRIPTION":"MDT_1391213.tif","FILENAME":"U:\\P589_AmazoniaRevelada_BR-319\\LiDAR_dataset\\ENTREGAS\\ENTREGA_08\\2_MDT\\GEOTIFF\\MDT_1391213.tif","SHRT_FNAME":"MDT_1391213.tif","UPPER_LEFT_X":"529967.616","UPPER_LEFT_Y":"9256867.832","LOWER_RIGHT_X":"530967.616","LOWER_RIGHT_Y":"9255867.832"},"geometry":{"type":"Polygon","coordinates":[[[-62.728837372401351,-6.722965737360203],[-62.719788922984584,-6.722960641790717],[-62.719783738807003,-6.732006599857525],[-62.728832355623801,-6.73201170234422],[-62.728837372401351,-6.722965737360203]]]}},
{"type":"Feature","properties":{"DESCRIPTION":"MDT_1391212.tif","FILENAME":"U:\\P589_AmazoniaRevelada_BR-319\\LiDAR_dataset\\ENTREGAS\\ENTREGA_08\\2_MDT\\GEOTIFF\\MDT_1391212.tif","SHRT_FNAME":"MDT_1391212.tif","UPPER_LEFT_X":"528967.521","UPPER_LEFT_Y":"9256867.832","LOWER_RIGHT_X":"529967.521","LOWER_RIGHT_Y":"9255867.832"},"geometry":{"type":"Polygon","coordinates":[[[-62.737886688321765,-6.722970666150621],[-62.728838232004364,-6.722965737836338],[-62.728833215242737,-6.732011702821],[-62.737881838960782,-6.732016637825446],[-62.737886688321765,-6.722970666150621]]]}},
{"type":"Feature","properties":{"DESCRIPTION":"MDT_1391211.tif","FILENAME":"U:\\P589_AmazoniaRevelada_BR-319\\LiDAR_dataset\\ENTREGAS\\ENTREGA_08\\2_MDT\\GEOTIFF\\MDT_1391211.tif","SHRT_FNAME":"MDT_1391211.tif","UPPER_LEFT_X":"527967.426","UPPER_LEFT_Y":"9256867.832","LOWER_RIGHT_X":"528967.426","LOWER_RIGHT_Y":"9255867.832"},"geometry":{"type":"Polygon","coordinates":[[[-62.746936010913167,-6.722975427669335],[-62.737887547925432,-6.722970666610868],[-62.737882698580364,-6.732016638286315],[-62.746931328969367,-6.732021405807895],[-62.746936010913167,-6.722975427669335]]]}},
{"type":"Feature","properties":{"DESCRIPTION":"MDT_1391210.tif","FILENAME":"U:\\P589_AmazoniaRevelada_BR-319\\LiDAR_dataset\\ENTREGAS\\ENTREGA_08\\2_MDT\\GEOTIFF\\MDT_1391210.tif","SHRT_FNAME":"MDT_1391210.tif","UPPER_LEFT_X":"526967.330","UPPER_LEFT_Y":"9256867.832","LOWER_RIGHT_X":"527967.330","LOWER_RIGHT_Y":"9255867.832"},"geometry":{"type":"Polygon","coordinates":[[[-62.755985348993718,-6.722980021920261],[-62.746936879565922,-6.722975428118369],[-62.746932197638202,-6.732021406257538],[-62.755980834467856,-6.732026006295495],[-62.755985348993718,-6.722980021920261]]]}},
{"type":"Feature","properties":{"DESCRIPTION":"MDT_1391209.tif","FILENAME":"U:\\P589_AmazoniaRevelada_BR-319\\LiDAR_dataset\\ENTREGAS\\ENTREGA_08\\2_MDT\\GEOTIFF\\MDT_1391209.tif","SHRT_FNAME":"MDT_1391209.tif","UPPER_LEFT_X":"525967.235","UPPER_LEFT_Y":"9256867.832","LOWER_RIGHT_X":"526967.235","LOWER_RIGHT_Y":"9255867.832"},"geometry":{"type":"Polygon","coordinates":[[[-62.765034684236184,-6.722984448893643],[-62.755986208598621,-6.722980022348729],[-62.755981694088646,-6.732026006724543],[-62.765030337128636,-6.73203043927847],[-62.765034684236184,-6.722984448893643]]]}},
{"type":"Feature","properties":{"DESCRIPTION":"MDT_1391208.tif","FILENAME":"U:\\P589_AmazoniaRevelada_BR-319\\LiDAR_dataset\\ENTREGAS\\ENTREGA_08\\2_MDT\\GEOTIFF\\MDT_1391208.tif","SHRT_FNAME":"MDT_1391208.tif","UPPER_LEFT_X":"524967.140","UPPER_LEFT_Y":"9256867.832","LOWER_RIGHT_X":"525967.140","LOWER_RIGHT_Y":"9255867.832"},"geometry":{"type":"Polygon","coordinates":[[[-62.77408402545872,-6.72298870859361],[-62.765035543841655,-6.722984449306222],[-62.765031196750016,-6.732030439691608],[-62.774079845770046,-6.732034704760958],[-62.77408402545872,-6.72298870859361]]]}},
{"type":"Feature","properties":{"DESCRIPTION":"MDT_1391207.tif","FILENAME":"U:\\P589_AmazoniaRevelada_BR-319\\LiDAR_dataset\\ENTREGAS\\ENTREGA_08\\2_MDT\\GEOTIFF\\MDT_1391207.tif","SHRT_FNAME":"MDT_1391207.tif","UPPER_LEFT_X":"523967.045","UPPER_LEFT_Y":"9256867.832","LOWER_RIGHT_X":"524967.045","LOWER_RIGHT_Y":"9255867.832"},"geometry":{"type":"Polygon","coordinates":[[[-62.783133372431003,-6.72299280101963],[-62.774084885064752,-6.722988708990297],[-62.774080705391981,-6.732034705158183],[-62.783129360161716,-6.732038802742426],[-62.783133372431003,-6.72299280101963]]]}},
{"type":"Feature","properties":{"DESCRIPTION":"MDT_1391206.tif","FILENAME":"U:\\P589_AmazoniaRevelada_BR-319\\LiDAR_dataset\\ENTREGAS\\ENTREGA_08\\2_MDT\\GEOTIFF\\MDT_1391206.tif","SHRT_FNAME":"MDT_1391206.tif","UPPER_LEFT_X":"522966.950","UPPER_LEFT_Y":"9256867.832","LOWER_RIGHT_X":"523966.950","LOWER_RIGHT_Y":"9255867.832"},"geometry":{"type":"Polygon","coordinates":[[[-62.792182724922753,-6.722996726171198],[-62.783134232037568,-6.722992801400427],[-62.783130219784191,-6.732038803123741],[-62.792178880073358,-6.732042733222365],[-62.792182724922753,-6.722996726171198]]]}},
{"type":"Feature","properties":{"DESCRIPTION":"MDT_1391205.tif","FILENAME":"U:\\P589_AmazoniaRevelada_BR-319\\LiDAR_dataset\\ENTREGAS\\ENTREGA_08\\2_MDT\\GEOTIFF\\MDT_1391205.tif","SHRT_FNAME":"MDT_1391205.tif","UPPER_LEFT_X":"521966.854","UPPER_LEFT_Y":"9256867.832","LOWER_RIGHT_X":"522966.854","LOWER_RIGHT_Y":"9255867.832"},"geometry":{"type":"Polygon","coordinates":[[[-62.801232091752134,-6.723000484051496],[-62.792183593578329,-6.722996726539947],[-62.792179748745006,-6.732042733591618],[-62.801228414323283,-6.732046496203968],[-62.801232091752134,-6.723000484051496]]]}},
{"type":"Feature","properties":{"DESCRIPTION":"MDT_1391204.tif","FILENAME":"U:\\P589_AmazoniaRevelada_BR-319\\LiDAR_dataset\\ENTREGAS\\ENTREGA_08\\2_MDT\\GEOTIFF\\MDT_1391204.tif","SHRT_FNAME":"MDT_1391204.tif","UPPER_LEFT_X":"520966.759","UPPER_LEFT_Y":"9256867.832","LOWER_RIGHT_X":"521966.759","LOWER_RIGHT_Y":"9255867.832"},"geometry":{"type":"Polygon","coordinates":[[[-62.810281454591838,-6.723004074652547],[-62.801232951359694,-6.723000484400516],[-62.80122927394676,-6.732046496553462],[-62.810277944583824,-6.732050091679243],[-62.810281454591838,-6.723004074652547]]]}},
{"type":"Feature","properties":{"DESCRIPTION":"MDT_1391203.tif","FILENAME":"U:\\P589_AmazoniaRevelada_BR-319\\LiDAR_dataset\\ENTREGAS\\ENTREGA_08\\2_MDT\\GEOTIFF\\MDT_1391203.tif","SHRT_FNAME":"MDT_1391203.tif","UPPER_LEFT_X":"519966.664","UPPER_LEFT_Y":"9256867.832","LOWER_RIGHT_X":"520966.664","LOWER_RIGHT_Y":"9255867.832"},"geometry":{"type":"Polygon","coordinates":[[[-62.819330822260056,-6.723007497977743],[-62.810282314199881,-6.723004074985678],[-62.810278804207769,-6.732050092012823],[-62.819327479673341,-6.732053519651586],[-62.819330822260056,-6.723007497977743]]]}},
{"type":"Feature","properties":{"DESCRIPTION":"MDT_1391202.tif","FILENAME":"U:\\P589_AmazoniaRevelada_BR-319\\LiDAR_dataset\\ENTREGAS\\ENTREGA_08\\2_MDT\\GEOTIFF\\MDT_1391202.tif","SHRT_FNAME":"MDT_1391202.tif","UPPER_LEFT_X":"518966.569","UPPER_LEFT_Y":"9256867.832","LOWER_RIGHT_X":"519966.569","LOWER_RIGHT_Y":"9255867.832"},"geometry":{"type":"Polygon","coordinates":[[[-62.828380194526495,-6.723010754026663],[-62.819331681868547,-6.723007498294984],[-62.819328339297734,-6.732053519969257],[-62.828377019361469,-6.732056780120575],[-62.828380194526495,-6.723010754026663]]]}},
{"type":"Feature","properties":{"DESCRIPTION":"MDT_1391201.tif","FILENAME":"U:\\P589_AmazoniaRevelada_BR-319\\LiDAR_dataset\\ENTREGAS\\ENTREGA_08\\2_MDT\\GEOTIFF\\MDT_1391201.tif","SHRT_FNAME":"MDT_1391201.tif","UPPER_LEFT_X":"517966.474","UPPER_LEFT_Y":"9256867.832","LOWER_RIGHT_X":"518966.474","LOWER_RIGHT_Y":"9255867.832"},"geometry":{"type":"Polygon","coordinates":[[[-62.837429571160826,-6.723013842798896],[-62.828381054135413,-6.723010754328011],[-62.828377878986274,-6.732056780422334],[-62.837426563417878,-6.732059873085802],[-62.837429571160826,-6.723013842798896]]]}},
{"type":"Feature","properties":{"DESCRIPTION":"MDT_1391200.tif","FILENAME":"U:\\P589_AmazoniaRevelada_BR-319\\LiDAR_dataset\\ENTREGAS\\ENTREGA_08\\2_MDT\\GEOTIFF\\MDT_1391200.tif","SHRT_FNAME":"MDT_1391200.tif","UPPER_LEFT_X":"516966.378","UPPER_LEFT_Y":"9256867.832","LOWER_RIGHT_X":"517966.378","LOWER_RIGHT_Y":"9255867.832"},"geometry":{"type":"Polygon","coordinates":[[[-62.846478960981251,-6.723016764296903],[-62.837430439818654,-6.723013843087362],[-62.837427432091786,-6.732059873374659],[-62.846476120660952,-6.732062798549728],[-62.846478960981251,-6.723016764296903]]]}},
{"type":"Feature","properties":{"DESCRIPTION":"MDT_1391199.tif","FILENAME":"U:\\P589_AmazoniaRevelada_BR-319\\LiDAR_dataset\\ENTREGAS\\ENTREGA_08\\2_MDT\\GEOTIFF\\MDT_1391199.tif","SHRT_FNAME":"MDT_1391199.tif","UPPER_LEFT_X":"515966.283","UPPER_LEFT_Y":"9256867.832","LOWER_RIGHT_X":"516966.283","LOWER_RIGHT_Y":"9255867.832"},"geometry":{"type":"Polygon","coordinates":[[[-62.855528345660431,-6.723019518514474],[-62.84647982059095,-6.723016764566473],[-62.84647698028656,-6.732062798819665],[-62.855525672762958,-6.732065556506136],[-62.855528345660431,-6.723019518514474]]]}},
{"type":"Feature","properties":{"DESCRIPTION":"MDT_1391198.tif","FILENAME":"U:\\P589_AmazoniaRevelada_BR-319\\LiDAR_dataset\\ENTREGAS\\ENTREGA_08\\2_MDT\\GEOTIFF\\MDT_1391198.tif","SHRT_FNAME":"MDT_1391198.tif","UPPER_LEFT_X":"514966.188","UPPER_LEFT_Y":"9256867.832","LOWER_RIGHT_X":"515966.188","LOWER_RIGHT_Y":"9255867.832"},"geometry":{"type":"Polygon","coordinates":[[[-62.864577734016557,-6.723022105454275],[-62.855529205270493,-6.723019518768155],[-62.855526532388915,-6.732065556760161],[-62.86457522854225,-6.732068146957695],[-62.864577734016557,-6.723022105454275]]]}},
{"type":"Feature","properties":{"DESCRIPTION":"MDT_1391197.tif","FILENAME":"U:\\P589_AmazoniaRevelada_BR-319\\LiDAR_dataset\\ENTREGAS\\ENTREGA_08\\2_MDT\\GEOTIFF\\MDT_1391197.tif","SHRT_FNAME":"MDT_1391197.tif","UPPER_LEFT_X":"513966.093","UPPER_LEFT_Y":"9256867.832","LOWER_RIGHT_X":"514966.093","LOWER_RIGHT_Y":"9255867.832"},"geometry":{"type":"Polygon","coordinates":[[[-62.873627125819333,-6.723024525115981],[-62.864578593626966,-6.723022105692065],[-62.864576088168548,-6.732068147195807],[-62.873624787768499,-6.73207056990408],[-62.873627125819333,-6.723024525115981]]]}},
{"type":"Feature","properties":{"DESCRIPTION":"MDT_1391196.tif","FILENAME":"U:\\P589_AmazoniaRevelada_BR-319\\LiDAR_dataset\\ENTREGAS\\ENTREGA_08\\2_MDT\\GEOTIFF\\MDT_1391196.tif","SHRT_FNAME":"MDT_1391196.tif","UPPER_LEFT_X":"512965.998","UPPER_LEFT_Y":"9256867.832","LOWER_RIGHT_X":"513965.998","LOWER_RIGHT_Y":"9255867.832"},"geometry":{"type":"Polygon","coordinates":[[[-62.882676520838416,-6.723026777499295],[-62.873627985430048,-6.723024525337882],[-62.873625647395116,-6.732070570126282],[-62.882674350211353,-6.732072825344994],[-62.882676520838416,-6.723026777499295]]]}},
{"type":"Feature","properties":{"DESCRIPTION":"MDT_1391195.tif","FILENAME":"U:\\P589_AmazoniaRevelada_BR-319\\LiDAR_dataset\\ENTREGAS\\ENTREGA_08\\2_MDT\\GEOTIFF\\MDT_1391195.tif","SHRT_FNAME":"MDT_1391195.tif","UPPER_LEFT_X":"511965.902","UPPER_LEFT_Y":"9256867.832","LOWER_RIGHT_X":"512965.902","LOWER_RIGHT_Y":"9255867.832"},"geometry":{"type":"Polygon","coordinates":[[[-62.891725927892054,-6.723028862605936],[-62.882677389497957,-6.723026777707473],[-62.882675218886966,-6.732072825553455],[-62.891723924689202,-6.732074913282157],[-62.891725927892054,-6.723028862605936]]]}},
{"type":"Feature","properties":{"DESCRIPTION":"MDT_1391194.tif","FILENAME":"U:\\P589_AmazoniaRevelada_BR-319\\LiDAR_dataset\\ENTREGAS\\ENTREGA_08\\2_MDT\\GEOTIFF\\MDT_1391194.tif","SHRT_FNAME":"MDT_1391194.tif","UPPER_LEFT_X":"510965.807","UPPER_LEFT_Y":"9256867.832","LOWER_RIGHT_X":"511965.807","LOWER_RIGHT_Y":"9255867.832"},"geometry":{"type":"Polygon","coordinates":[[[-62.900775328652848,-6.723030780431479],[-62.891726787503345,-6.723028862796057],[-62.891724784316381,-6.732074913472537],[-62.900773492874286,-6.732076833711139],[-62.900775328652848,-6.723030780431479]]]}},
{"type":"Feature","properties":{"DESCRIPTION":"MDT_1391193.tif","FILENAME":"U:\\P589_AmazoniaRevelada_BR-319\\LiDAR_dataset\\ENTREGAS\\ENTREGA_08\\2_MDT\\GEOTIFF\\MDT_1391193.tif","SHRT_FNAME":"MDT_1391193.tif","UPPER_LEFT_X":"509965.712","UPPER_LEFT_Y":"9256867.832","LOWER_RIGHT_X":"510965.712","LOWER_RIGHT_Y":"9255867.832"},"geometry":{"type":"Polygon","coordinates":[[[-62.909824731939025,-6.72303253097785],[-62.900776188264381,-6.723030780605709],[-62.900774352501713,-6.732076833885605],[-62.909823063584966,-6.732078586633869],[-62.909824731939025,-6.72303253097785]]]}},
{"type":"Feature","properties":{"DESCRIPTION":"MDT_1390250.tif","FILENAME":"U:\\P589_AmazoniaRevelada_BR-319\\LiDAR_dataset\\ENTREGAS\\ENTREGA_08\\2_MDT\\GEOTIFF\\MDT_1390250.tif","SHRT_FNAME":"MDT_1390250.tif","UPPER_LEFT_X":"566971.138","UPPER_LEFT_Y":"9257867.707","LOWER_RIGHT_X":"567971.138","LOWER_RIGHT_Y":"9256867.707"},"geometry":{"type":"Polygon","coordinates":[[[-62.394030608136731,-6.713621356868124],[-62.38498274303268,-6.713610088789623],[-62.384971380744418,-6.722655634629461],[-62.39401941298037,-6.722666918024552],[-62.394030608136731,-6.713621356868124]]]}},
{"type":"Feature","properties":{"DESCRIPTION":"MDT_1390249.tif","FILENAME":"U:\\P589_AmazoniaRevelada_BR-319\\LiDAR_dataset\\ENTREGAS\\ENTREGA_08\\2_MDT\\GEOTIFF\\MDT_1390249.tif","SHRT_FNAME":"MDT_1390249.tif","UPPER_LEFT_X":"565971.043","UPPER_LEFT_Y":"9257867.707","LOWER_RIGHT_X":"566971.043","LOWER_RIGHT_Y":"9256867.707"},"geometry":{"type":"Polygon","coordinates":[[[-62.40307934820752,-6.713632459018162],[-62.394031467684648,-6.713621357930661],[-62.394020272544168,-6.722666919088531],[-62.403068320200347,-6.722678035265631],[-62.40307934820752,-6.713632459018162]]]}},
{"type":"Feature","properties":{"DESCRIPTION":"MDT_1390248.tif","FILENAME":"U:\\P589_AmazoniaRevelada_BR-319\\LiDAR_dataset\\ENTREGAS\\ENTREGA_08\\2_MDT\\GEOTIFF\\MDT_1390248.tif","SHRT_FNAME":"MDT_1390248.tif","UPPER_LEFT_X":"564970.948","UPPER_LEFT_Y":"9257867.707","LOWER_RIGHT_X":"565970.948","LOWER_RIGHT_Y":"9256867.707"},"geometry":{"type":"Polygon","coordinates":[[[-62.412128103468383,-6.713643394159953],[-62.403080207756901,-6.713632460064832],[-62.403069179765595,-6.722678036313723],[-62.412117242611764,-6.722688985271454],[-62.412128103468383,-6.713643394159953]]]}},
{"type":"Feature","properties":{"DESCRIPTION":"MDT_1390247.tif","FILENAME":"U:\\P589_AmazoniaRevelada_BR-319\\LiDAR_dataset\\ENTREGAS\\ENTREGA_08\\2_MDT\\GEOTIFF\\MDT_1390247.tif","SHRT_FNAME":"MDT_1390247.tif","UPPER_LEFT_X":"563970.853","UPPER_LEFT_Y":"9257867.707","LOWER_RIGHT_X":"564970.853","LOWER_RIGHT_Y":"9256867.707"},"geometry":{"type":"Polygon","coordinates":[[[-62.421176873689085,-6.713654162292143],[-62.412128963019185,-6.713643395190759],[-62.412118102178454,-6.722688986303661],[-62.421166179984382,-6.722699768040658],[-62.421176873689085,-6.713654162292143]]]}},
{"type":"Feature","properties":{"DESCRIPTION":"MDT_1390246.tif","FILENAME":"U:\\P589_AmazoniaRevelada_BR-319\\LiDAR_dataset\\ENTREGAS\\ENTREGA_08\\2_MDT\\GEOTIFF\\MDT_1390246.tif","SHRT_FNAME":"MDT_1390246.tif","UPPER_LEFT_X":"562970.758","UPPER_LEFT_Y":"9257867.707","LOWER_RIGHT_X":"563970.758","LOWER_RIGHT_Y":"9256867.707"},"geometry":{"type":"Polygon","coordinates":[[[-62.430225658639372,-6.713664763413395],[-62.421177733241294,-6.713654163307086],[-62.421167039552479,-6.72269976905698],[-62.430215132087945,-6.722710383571912],[-62.430225658639372,-6.713664763413395]]]}},
{"type":"Feature","properties":{"DESCRIPTION":"MDT_1390245.tif","FILENAME":"U:\\P589_AmazoniaRevelada_BR-319\\LiDAR_dataset\\ENTREGAS\\ENTREGA_08\\2_MDT\\GEOTIFF\\MDT_1390245.tif","SHRT_FNAME":"MDT_1390245.tif","UPPER_LEFT_X":"561970.662","UPPER_LEFT_Y":"9257867.707","LOWER_RIGHT_X":"562970.662","LOWER_RIGHT_Y":"9256867.707"},"geometry":{"type":"Polygon","coordinates":[[[-62.439274467136983,-6.713675197532742],[-62.430226527240919,-6.71366476442299],[-62.430216000705535,-6.722710384582879],[-62.439264107740307,-6.722720831874256],[-62.439274467136983,-6.713675197532742]]]}},
{"type":"Feature","properties":{"DESCRIPTION":"MDT_1390244.tif","FILENAME":"U:\\P589_AmazoniaRevelada_BR-319\\LiDAR_dataset\\ENTREGAS\\ENTREGA_08\\2_MDT\\GEOTIFF\\MDT_1390244.tif","SHRT_FNAME":"MDT_1390244.tif","UPPER_LEFT_X":"560970.567","UPPER_LEFT_Y":"9257867.707","LOWER_RIGHT_X":"561970.567","LOWER_RIGHT_Y":"9256867.707"},"geometry":{"type":"Polygon","coordinates":[[[-62.448323280855796,-6.713685464628021],[-62.439275326691963,-6.713675198515954],[-62.439264967311153,-6.722720832858807],[-62.448313088614988,-6.7227311129255],[-62.448323280855796,-6.713685464628021]]]}},
{"type":"Feature","properties":{"DESCRIPTION":"MDT_1390243.tif","FILENAME":"U:\\P589_AmazoniaRevelada_BR-319\\LiDAR_dataset\\ENTREGAS\\ENTREGA_08\\2_MDT\\GEOTIFF\\MDT_1390243.tif","SHRT_FNAME":"MDT_1390243.tif","UPPER_LEFT_X":"559970.472","UPPER_LEFT_Y":"9257867.707","LOWER_RIGHT_X":"560970.472","LOWER_RIGHT_Y":"9256867.707"},"geometry":{"type":"Polygon","coordinates":[[[-62.457372108613484,-6.713695564708475],[-62.448324140412112,-6.71368546559537],[-62.448313948187185,-6.722731113894163],[-62.457362083529823,-6.722741226734898],[-62.457372108613484,-6.713695564708475]]]}},
{"type":"Feature","properties":{"DESCRIPTION":"MDT_1390242.tif","FILENAME":"U:\\P589_AmazoniaRevelada_BR-319\\LiDAR_dataset\\ENTREGAS\\ENTREGA_08\\2_MDT\\GEOTIFF\\MDT_1390242.tif","SHRT_FNAME":"MDT_1390242.tif","UPPER_LEFT_X":"558970.377","UPPER_LEFT_Y":"9257867.707","LOWER_RIGHT_X":"559970.377","LOWER_RIGHT_Y":"9256867.707"},"geometry":{"type":"Polygon","coordinates":[[[-62.46642095017981,-6.71370549777285],[-62.457372968171121,-6.713695565659958],[-62.457362943103341,-6.722741227687674],[-62.46641109225456,-6.722751173301192],[-62.46642095017981,-6.71370549777285]]]}},
{"type":"Feature","properties":{"DESCRIPTION":"MDT_1390241.tif","FILENAME":"U:\\P589_AmazoniaRevelada_BR-319\\LiDAR_dataset\\ENTREGAS\\ENTREGA_08\\2_MDT\\GEOTIFF\\MDT_1390241.tif","SHRT_FNAME":"MDT_1390241.tif","UPPER_LEFT_X":"557970.282","UPPER_LEFT_Y":"9257867.707","LOWER_RIGHT_X":"558970.282","LOWER_RIGHT_Y":"9256867.707"},"geometry":{"type":"Polygon","coordinates":[[[-62.475469805324529,-6.713715263819911],[-62.46642180973874,-6.713705498708467],[-62.466411951829386,-6.722751174238081],[-62.475460114558928,-6.722760952623149],[-62.475469805324529,-6.713715263819911]]]}},
{"type":"Feature","properties":{"DESCRIPTION":"MDT_1390240.tif","FILENAME":"U:\\P589_AmazoniaRevelada_BR-319\\LiDAR_dataset\\ENTREGAS\\ENTREGA_08\\2_MDT\\GEOTIFF\\MDT_1390240.tif","SHRT_FNAME":"MDT_1390240.tif","UPPER_LEFT_X":"556970.186","UPPER_LEFT_Y":"9257867.707","LOWER_RIGHT_X":"557970.186","LOWER_RIGHT_Y":"9256867.707"},"geometry":{"type":"Polygon","coordinates":[[[-62.484518682865414,-6.713724862857962],[-62.475470673932755,-6.713715264749346],[-62.475460983183197,-6.722760953553846],[-62.484509159260845,-6.722770564709082],[-62.484518682865414,-6.713724862857962]]]}},
{"type":"Feature","properties":{"DESCRIPTION":"MDT_1390239.tif","FILENAME":"U:\\P589_AmazoniaRevelada_BR-319\\LiDAR_dataset\\ENTREGAS\\ENTREGA_08\\2_MDT\\GEOTIFF\\MDT_1390239.tif","SHRT_FNAME":"MDT_1390239.tif","UPPER_LEFT_X":"555970.091","UPPER_LEFT_Y":"9257867.707","LOWER_RIGHT_X":"556970.091","LOWER_RIGHT_Y":"9256867.707"},"geometry":{"type":"Polygon","coordinates":[[[-62.493567564476209,-6.713734294866614],[-62.484519542426895,-6.713724863761851],[-62.484510018838201,-6.722770565614199],[-62.493558208033683,-6.722780009538576],[-62.493567564476209,-6.713734294866614]]]}},
{"type":"Feature","properties":{"DESCRIPTION":"MDT_1390238.tif","FILENAME":"U:\\P589_AmazoniaRevelada_BR-319\\LiDAR_dataset\\ENTREGAS\\ENTREGA_08\\2_MDT\\GEOTIFF\\MDT_1390238.tif","SHRT_FNAME":"MDT_1390238.tif","UPPER_LEFT_X":"554969.996","UPPER_LEFT_Y":"9257867.707","LOWER_RIGHT_X":"555969.996","LOWER_RIGHT_Y":"9256867.707"},"geometry":{"type":"Polygon","coordinates":[[[-62.502616458974657,-6.713743559854377],[-62.493568424038919,-6.713734295754636],[-62.493559067612274,-6.722780010427805],[-62.502607269695346,-6.72278928712015],[-62.502616458974657,-6.713743559854377]]]}},
{"type":"Feature","properties":{"DESCRIPTION":"MDT_1390237.tif","FILENAME":"U:\\P589_AmazoniaRevelada_BR-319\\LiDAR_dataset\\ENTREGAS\\ENTREGA_08\\2_MDT\\GEOTIFF\\MDT_1390237.tif","SHRT_FNAME":"MDT_1390237.tif","UPPER_LEFT_X":"553969.901","UPPER_LEFT_Y":"9257867.707","LOWER_RIGHT_X":"554969.901","LOWER_RIGHT_Y":"9256867.707"},"geometry":{"type":"Polygon","coordinates":[[[-62.511665366130501,-6.713752657820102],[-62.502617318538576,-6.713743560726533],[-62.502608129275146,-6.722789287993493],[-62.511656344015563,-6.722798397452655],[-62.511665366130501,-6.713752657820102]]]}},
{"type":"Feature","properties":{"DESCRIPTION":"MDT_1390236.tif","FILENAME":"U:\\P589_AmazoniaRevelada_BR-319\\LiDAR_dataset\\ENTREGAS\\ENTREGA_08\\2_MDT\\GEOTIFF\\MDT_1390236.tif","SHRT_FNAME":"MDT_1390236.tif","UPPER_LEFT_X":"552969.806","UPPER_LEFT_Y":"9257867.707","LOWER_RIGHT_X":"553969.806","LOWER_RIGHT_Y":"9256867.707"},"geometry":{"type":"Polygon","coordinates":[[[-62.520714285713495,-6.713761588762657],[-62.511666225695613,-6.713752658676393],[-62.511657203596556,-6.722798398310111],[-62.520705430764053,-6.72280734053496],[-62.520714285713495,-6.713761588762657]]]}},
{"type":"Feature","properties":{"DESCRIPTION":"MDT_1390235.tif","FILENAME":"U:\\P589_AmazoniaRevelada_BR-319\\LiDAR_dataset\\ENTREGAS\\ENTREGA_08\\2_MDT\\GEOTIFF\\MDT_1390235.tif","SHRT_FNAME":"MDT_1390235.tif","UPPER_LEFT_X":"551969.710","UPPER_LEFT_Y":"9257867.707","LOWER_RIGHT_X":"552969.710","LOWER_RIGHT_Y":"9256867.707"},"geometry":{"type":"Polygon","coordinates":[[[-62.529763226541462,-6.713770352689616],[-62.520715154327846,-6.71376158961193],[-62.520706299394448,-6.722807341385385],[-62.529754538758802,-6.722816116374642],[-62.529763226541462,-6.713770352689616]]]}},
{"type":"Feature","properties":{"DESCRIPTION":"MDT_1390234.tif","FILENAME":"U:\\P589_AmazoniaRevelada_BR-319\\LiDAR_dataset\\ENTREGAS\\ENTREGA_08\\2_MDT\\GEOTIFF\\MDT_1390234.tif","SHRT_FNAME":"MDT_1390234.tif","UPPER_LEFT_X":"550969.615","UPPER_LEFT_Y":"9257867.707","LOWER_RIGHT_X":"551969.615","LOWER_RIGHT_Y":"9256867.707"},"geometry":{"type":"Polygon","coordinates":[[[-62.538812170288004,-6.713778949582361],[-62.529764086108898,-6.713770353514175],[-62.529755398342111,-6.722816117200323],[-62.538803649673042,-6.722824724953067],[-62.538812170288004,-6.713778949582361]]]}},
{"type":"Feature","properties":{"DESCRIPTION":"MDT_1390233.tif","FILENAME":"U:\\P589_AmazoniaRevelada_BR-319\\LiDAR_dataset\\ENTREGAS\\ENTREGA_08\\2_MDT\\GEOTIFF\\MDT_1390233.tif","SHRT_FNAME":"MDT_1390233.tif","UPPER_LEFT_X":"549969.520","UPPER_LEFT_Y":"9257867.707","LOWER_RIGHT_X":"550969.520","LOWER_RIGHT_Y":"9256867.707"},"geometry":{"type":"Polygon","coordinates":[[[-62.547861125770915,-6.713787379448673],[-62.538813029856556,-6.713778950391053],[-62.538804509257474,-6.72282472576286],[-62.54785277232471,-6.722833166278019],[-62.547861125770915,-6.713787379448673]]]}},
{"type":"Feature","properties":{"DESCRIPTION":"MDT_1390232.tif","FILENAME":"U:\\P589_AmazoniaRevelada_BR-319\\LiDAR_dataset\\ENTREGAS\\ENTREGA_08\\2_MDT\\GEOTIFF\\MDT_1390232.tif","SHRT_FNAME":"MDT_1390232.tif","UPPER_LEFT_X":"548969.425","UPPER_LEFT_Y":"9257867.707","LOWER_RIGHT_X":"549969.425","LOWER_RIGHT_Y":"9256867.707"},"geometry":{"type":"Polygon","coordinates":[[[-62.556910092759956,-6.713795642287505],[-62.547861985340575,-6.7137873802415],[-62.547853631910264,-6.722833167071925],[-62.556901906483567,-6.722841440348454],[-62.556910092759956,-6.713795642287505]]]}},
{"type":"Feature","properties":{"DESCRIPTION":"MDT_1390231.tif","FILENAME":"U:\\P589_AmazoniaRevelada_BR-319\\LiDAR_dataset\\ENTREGAS\\ENTREGA_08\\2_MDT\\GEOTIFF\\MDT_1390231.tif","SHRT_FNAME":"MDT_1390231.tif","UPPER_LEFT_X":"547969.330","UPPER_LEFT_Y":"9257867.707","LOWER_RIGHT_X":"548969.330","LOWER_RIGHT_Y":"9256867.707"},"geometry":{"type":"Polygon","coordinates":[[[-62.565959071024857,-6.713803738097831],[-62.556910952330703,-6.713795643064468],[-62.556902766070195,-6.722841441126471],[-62.565951051919306,-6.722849547163342],[-62.565959071024857,-6.713803738097831]]]}},
{"type":"Feature","properties":{"DESCRIPTION":"MDT_1390230.tif","FILENAME":"U:\\P589_AmazoniaRevelada_BR-319\\LiDAR_dataset\\ENTREGAS\\ENTREGA_08\\2_MDT\\GEOTIFF\\MDT_1390230.tif","SHRT_FNAME":"MDT_1390230.tif","UPPER_LEFT_X":"546969.234","UPPER_LEFT_Y":"9257867.707","LOWER_RIGHT_X":"547969.234","LOWER_RIGHT_Y":"9256867.707"},"geometry":{"type":"Polygon","coordinates":[[[-62.575008069383486,-6.713811666886491],[-62.565959939644785,-6.713803738866938],[-62.565951920555278,-6.722849547933496],[-62.575000217449947,-6.722857486729533],[-62.575008069383486,-6.713811666886491]]]}},
{"type":"Feature","properties":{"DESCRIPTION":"MDT_1390229.tif","FILENAME":"U:\\P589_AmazoniaRevelada_BR-319\\LiDAR_dataset\\ENTREGAS\\ENTREGA_08\\2_MDT\\GEOTIFF\\MDT_1390229.tif","SHRT_FNAME":"MDT_1390229.tif","UPPER_LEFT_X":"545969.139","UPPER_LEFT_Y":"9257867.707","LOWER_RIGHT_X":"546969.139","LOWER_RIGHT_Y":"9256867.707"},"geometry":{"type":"Polygon","coordinates":[[[-62.584057069509328,-6.713819428636643],[-62.575008928956329,-6.713811667631719],[-62.575001077038664,-6.722857487475776],[-62.584049384748617,-6.722865259030163],[-62.584057069509328,-6.713819428636643]]]}},
{"type":"Feature","properties":{"DESCRIPTION":"MDT_1390228.tif","FILENAME":"U:\\P589_AmazoniaRevelada_BR-319\\LiDAR_dataset\\ENTREGAS\\ENTREGA_08\\2_MDT\\GEOTIFF\\MDT_1390228.tif","SHRT_FNAME":"MDT_1390228.tif","UPPER_LEFT_X":"544969.044","UPPER_LEFT_Y":"9257867.707","LOWER_RIGHT_X":"545969.044","LOWER_RIGHT_Y":"9256867.707"},"geometry":{"type":"Polygon","coordinates":[[[-62.593106080220245,-6.713827023355335],[-62.584057929083187,-6.713819429366006],[-62.58405024433835,-6.722865259760517],[-62.593098562633315,-6.72287286407229],[-62.593106080220245,-6.713827023355335]]]}},
{"type":"Feature","properties":{"DESCRIPTION":"MDT_1390227.tif","FILENAME":"U:\\P589_AmazoniaRevelada_BR-319\\LiDAR_dataset\\ENTREGAS\\ENTREGA_08\\2_MDT\\GEOTIFF\\MDT_1390227.tif","SHRT_FNAME":"MDT_1390227.tif","UPPER_LEFT_X":"543968.949","UPPER_LEFT_Y":"9257867.707","LOWER_RIGHT_X":"544968.949","LOWER_RIGHT_Y":"9256867.707"},"geometry":{"type":"Polygon","coordinates":[[[-62.602155101285966,-6.713834451041625],[-62.593106939795099,-6.713827024068831],[-62.593099422224043,-6.722872864786755],[-62.602147750873748,-6.722880301854969],[-62.602155101285966,-6.713834451041625]]]}},
{"type":"Feature","properties":{"DESCRIPTION":"MDT_1390226.tif","FILENAME":"U:\\P589_AmazoniaRevelada_BR-319\\LiDAR_dataset\\ENTREGAS\\ENTREGA_08\\2_MDT\\GEOTIFF\\MDT_1390226.tif","SHRT_FNAME":"MDT_1390226.tif","UPPER_LEFT_X":"542968.854","UPPER_LEFT_Y":"9257867.707","LOWER_RIGHT_X":"543968.854","LOWER_RIGHT_Y":"9256867.707"},"geometry":{"type":"Polygon","coordinates":[[[-62.611204132476225,-6.713841711694588],[-62.602155960861786,-6.713834451739253],[-62.602148610465456,-6.722880302553546],[-62.611196949239655,-6.722887572377275],[-62.611204132476225,-6.713841711694588]]]}},
{"type":"Feature","properties":{"DESCRIPTION":"MDT_1390225.tif","FILENAME":"U:\\P589_AmazoniaRevelada_BR-319\\LiDAR_dataset\\ENTREGAS\\ENTREGA_08\\2_MDT\\GEOTIFF\\MDT_1390225.tif","SHRT_FNAME":"MDT_1390225.tif","UPPER_LEFT_X":"541968.758","UPPER_LEFT_Y":"9257867.707","LOWER_RIGHT_X":"542968.758","LOWER_RIGHT_Y":"9256867.707"},"geometry":{"type":"Polygon","coordinates":[[[-62.620253182608934,-6.713848805320337],[-62.611205001101176,-6.713841712383528],[-62.611197817880651,-6.722887573067149],[-62.620246166549073,-6.722894675645326],[-62.620253182608934,-6.713848805320337]]]}},
{"type":"Feature","properties":{"DESCRIPTION":"MDT_1390224.tif","FILENAME":"U:\\P589_AmazoniaRevelada_BR-319\\LiDAR_dataset\\ENTREGAS\\ENTREGA_08\\2_MDT\\GEOTIFF\\MDT_1390224.tif","SHRT_FNAME":"MDT_1390224.tif","UPPER_LEFT_X":"540968.663","UPPER_LEFT_Y":"9257867.707","LOWER_RIGHT_X":"541968.663","LOWER_RIGHT_Y":"9256867.707"},"geometry":{"type":"Polygon","coordinates":[[[-62.62930223335745,-6.713855731903801],[-62.62025404218663,-6.713848805986232],[-62.62024702614265,-6.722894676312126],[-62.629295384475029,-6.722901611644033],[-62.62930223335745,-6.713855731903801]]]}},
{"type":"Feature","properties":{"DESCRIPTION":"MDT_1390223.tif","FILENAME":"U:\\P589_AmazoniaRevelada_BR-319\\LiDAR_dataset\\ENTREGAS\\ENTREGA_08\\2_MDT\\GEOTIFF\\MDT_1390223.tif","SHRT_FNAME":"MDT_1390223.tif","UPPER_LEFT_X":"539968.568","UPPER_LEFT_Y":"9257867.707","LOWER_RIGHT_X":"540968.568","LOWER_RIGHT_Y":"9256867.707"},"geometry":{"type":"Polygon","coordinates":[[[-62.638351293539706,-6.713862491451295],[-62.629303092936063,-6.713855732553829],[-62.629296244069522,-6.722901612294947],[-62.638344611835556,-6.722908380379724],[-62.638351293539706,-6.713862491451295]]]}},
{"type":"Feature","properties":{"DESCRIPTION":"MDT_1390222.tif","FILENAME":"U:\\P589_AmazoniaRevelada_BR-319\\LiDAR_dataset\\ENTREGAS\\ENTREGA_08\\2_MDT\\GEOTIFF\\MDT_1390222.tif","SHRT_FNAME":"MDT_1390222.tif","UPPER_LEFT_X":"538968.473","UPPER_LEFT_Y":"9257867.707","LOWER_RIGHT_X":"539968.473","LOWER_RIGHT_Y":"9256867.707"},"geometry":{"type":"Polygon","coordinates":[[[-62.647400362925403,-6.713869083961986],[-62.6383521531192,-6.713862492085457],[-62.638345471430938,-6.722908381014748],[-62.647393848400384,-6.722914981851556],[-62.647400362925403,-6.713869083961986]]]}},
{"type":"Feature","properties":{"DESCRIPTION":"MDT_1390221.tif","FILENAME":"U:\\P589_AmazoniaRevelada_BR-319\\LiDAR_dataset\\ENTREGAS\\ENTREGA_08\\2_MDT\\GEOTIFF\\MDT_1390221.tif","SHRT_FNAME":"MDT_1390221.tif","UPPER_LEFT_X":"537968.378","UPPER_LEFT_Y":"9257867.707","LOWER_RIGHT_X":"538968.378","LOWER_RIGHT_Y":"9256867.707"},"geometry":{"type":"Polygon","coordinates":[[[-62.656449441284288,-6.713875509435048],[-62.647401222505763,-6.71386908458028],[-62.647394707996618,-6.722914982470692],[-62.656443093939195,-6.72292141605871],[-62.656449441284288,-6.713875509435048]]]}},
{"type":"Feature","properties":{"DESCRIPTION":"MDT_1390220.tif","FILENAME":"U:\\P589_AmazoniaRevelada_BR-319\\LiDAR_dataset\\ENTREGAS\\ENTREGA_08\\2_MDT\\GEOTIFF\\MDT_1390220.tif","SHRT_FNAME":"MDT_1390220.tif","UPPER_LEFT_X":"536968.282","UPPER_LEFT_Y":"9257867.707","LOWER_RIGHT_X":"537968.282","LOWER_RIGHT_Y":"9256867.707"},"geometry":{"type":"Polygon","coordinates":[[[-62.66549853743431,-6.713881767875864],[-62.656450309913708,-6.713875510043819],[-62.656443962584675,-6.722921416668306],[-62.665492357270111,-6.722927683006571],[-62.66549853743431,-6.713881767875864]]]}},
{"type":"Feature","properties":{"DESCRIPTION":"MDT_1390219.tif","FILENAME":"U:\\P589_AmazoniaRevelada_BR-319\\LiDAR_dataset\\ENTREGAS\\ENTREGA_08\\2_MDT\\GEOTIFF\\MDT_1390219.tif","SHRT_FNAME":"MDT_1390219.tif","UPPER_LEFT_X":"535968.187","UPPER_LEFT_Y":"9257867.707","LOWER_RIGHT_X":"536968.187","LOWER_RIGHT_Y":"9256867.707"},"geometry":{"type":"Polygon","coordinates":[[[-62.674547633048718,-6.713887859271135],[-62.665499397016319,-6.713881768462423],[-62.665493216868015,-6.722927683593928],[-62.67454162006603,-6.722933782681823],[-62.674547633048718,-6.713887859271135]]]}},
{"type":"Feature","properties":{"DESCRIPTION":"MDT_1390218.tif","FILENAME":"U:\\P589_AmazoniaRevelada_BR-319\\LiDAR_dataset\\ENTREGAS\\ENTREGA_08\\2_MDT\\GEOTIFF\\MDT_1390218.tif","SHRT_FNAME":"MDT_1390218.tif","UPPER_LEFT_X":"534968.092","UPPER_LEFT_Y":"9257867.707","LOWER_RIGHT_X":"535968.092","LOWER_RIGHT_Y":"9256867.707"},"geometry":{"type":"Polygon","coordinates":[[[-62.683596736945503,-6.71389378362645],[-62.674548492631551,-6.713887859841829],[-62.674542479664737,-6.722933783253293],[-62.683590891145066,-6.722939715090066],[-62.683596736945503,-6.71389378362645]]]}},
{"type":"Feature","properties":{"DESCRIPTION":"MDT_1390217.tif","FILENAME":"U:\\P589_AmazoniaRevelada_BR-319\\LiDAR_dataset\\ENTREGAS\\ENTREGA_08\\2_MDT\\GEOTIFF\\MDT_1390217.tif","SHRT_FNAME":"MDT_1390217.tif","UPPER_LEFT_X":"533967.997","UPPER_LEFT_Y":"9257867.707","LOWER_RIGHT_X":"534967.997","LOWER_RIGHT_Y":"9256867.707"},"geometry":{"type":"Polygon","coordinates":[[[-62.692645848894337,-6.713899540941073],[-62.68359759652909,-6.713893784181277],[-62.683591750744533,-6.722939715645645],[-62.692640170276896,-6.722945480230557],[-62.692645848894337,-6.713899540941073]]]}},
{"type":"Feature","properties":{"DESCRIPTION":"MDT_1390216.tif","FILENAME":"U:\\P589_AmazoniaRevelada_BR-319\\LiDAR_dataset\\ENTREGAS\\ENTREGA_08\\2_MDT\\GEOTIFF\\MDT_1390216.tif","SHRT_FNAME":"MDT_1390216.tif","UPPER_LEFT_X":"532967.902","UPPER_LEFT_Y":"9257867.707","LOWER_RIGHT_X":"533967.902","LOWER_RIGHT_Y":"9256867.707"},"geometry":{"type":"Polygon","coordinates":[[[-62.701694968664974,-6.713905131214288],[-62.692646708478691,-6.713899541480032],[-62.692641029877116,-6.722945480770248],[-62.701689457231225,-6.722951078102584],[-62.701694968664974,-6.713905131214288]]]}},
{"type":"Feature","properties":{"DESCRIPTION":"MDT_1390215.tif","FILENAME":"U:\\P589_AmazoniaRevelada_BR-319\\LiDAR_dataset\\ENTREGAS\\ENTREGA_08\\2_MDT\\GEOTIFF\\MDT_1390215.tif","SHRT_FNAME":"MDT_1390215.tif","UPPER_LEFT_X":"531967.806","UPPER_LEFT_Y":"9257867.707","LOWER_RIGHT_X":"532967.806","LOWER_RIGHT_Y":"9256867.707"},"geometry":{"type":"Polygon","coordinates":[[[-62.710744105075392,-6.713910554450742],[-62.701695837298324,-6.713905131742886],[-62.70169032588062,-6.7229510786319],[-62.710738760826196,-6.722956508710797],[-62.710744105075392,-6.713910554450742]]]}},
{"type":"Feature","properties":{"DESCRIPTION":"MDT_1390214.tif","FILENAME":"U:\\P589_AmazoniaRevelada_BR-319\\LiDAR_dataset\\ENTREGAS\\ENTREGA_08\\2_MDT\\GEOTIFF\\MDT_1390214.tif","SHRT_FNAME":"MDT_1390214.tif","UPPER_LEFT_X":"530967.711","UPPER_LEFT_Y":"9257867.707","LOWER_RIGHT_X":"531967.711","LOWER_RIGHT_Y":"9256867.707"},"geometry":{"type":"Polygon","coordinates":[[[-62.719793239798776,-6.713915810638913],[-62.710744964661188,-6.713910554957965],[-62.71073962042788,-6.72295650921871],[-62.719788062734644,-6.722961772043659],[-62.719793239798776,-6.713915810638913]]]}},
{"type":"Feature","properties":{"DESCRIPTION":"MDT_1390213.tif","FILENAME":"U:\\P589_AmazoniaRevelada_BR-319\\LiDAR_dataset\\ENTREGAS\\ENTREGA_08\\2_MDT\\GEOTIFF\\MDT_1390213.tif","SHRT_FNAME":"MDT_1390213.tif","UPPER_LEFT_X":"529967.616","UPPER_LEFT_Y":"9257867.707","LOWER_RIGHT_X":"530967.616","LOWER_RIGHT_Y":"9256867.707"},"geometry":{"type":"Polygon","coordinates":[[[-62.728842381653109,-6.713920899783656],[-62.719794099385254,-6.713915811130267],[-62.719788922336996,-6.722961772535684],[-62.728837371774681,-6.722966868106035],[-62.728842381653109,-6.713920899783656]]]}},
{"type":"Feature","properties":{"DESCRIPTION":"MDT_1390212.tif","FILENAME":"U:\\P589_AmazoniaRevelada_BR-319\\LiDAR_dataset\\ENTREGAS\\ENTREGA_08\\2_MDT\\GEOTIFF\\MDT_1390212.tif","SHRT_FNAME":"MDT_1390212.tif","UPPER_LEFT_X":"528967.521","UPPER_LEFT_Y":"9257867.707","LOWER_RIGHT_X":"529967.521","LOWER_RIGHT_Y":"9256867.707"},"geometry":{"type":"Polygon","coordinates":[[[-62.737891530408099,-6.713925821884341],[-62.728843241240249,-6.713920900259145],[-62.728838231377708,-6.722966868582172],[-62.737886687716014,-6.722971796897289],[-62.737891530408099,-6.713925821884341]]]}},
{"type":"Feature","properties":{"DESCRIPTION":"MDT_1390211.tif","FILENAME":"U:\\P589_AmazoniaRevelada_BR-319\\LiDAR_dataset\\ENTREGAS\\ENTREGA_08\\2_MDT\\GEOTIFF\\MDT_1390211.tif","SHRT_FNAME":"MDT_1390211.tif","UPPER_LEFT_X":"527967.426","UPPER_LEFT_Y":"9257867.707","LOWER_RIGHT_X":"528967.426","LOWER_RIGHT_Y":"9256867.707"},"geometry":{"type":"Polygon","coordinates":[[[-62.746940685833479,-6.713930576940354],[-62.737892389995892,-6.713925822343961],[-62.73788754731968,-6.722971797357536],[-62.746936010328326,-6.722976558416811],[-62.746940685833479,-6.713930576940354]]]}},
{"type":"Feature","properties":{"DESCRIPTION":"MDT_1390210.tif","FILENAME":"U:\\P589_AmazoniaRevelada_BR-319\\LiDAR_dataset\\ENTREGAS\\ENTREGA_08\\2_MDT\\GEOTIFF\\MDT_1390210.tif","SHRT_FNAME":"MDT_1390210.tif","UPPER_LEFT_X":"526967.330","UPPER_LEFT_Y":"9257867.707","LOWER_RIGHT_X":"527967.330","LOWER_RIGHT_Y":"9256867.707"},"geometry":{"type":"Polygon","coordinates":[[[-62.755989856747256,-6.713935164955608],[-62.74694155447019,-6.713930577388776],[-62.746936878981096,-6.722976558865845],[-62.755985348429796,-6.722981152668516],[-62.755989856747256,-6.713935164955608]]]}},
{"type":"Feature","properties":{"DESCRIPTION":"MDT_1390209.tif","FILENAME":"U:\\P589_AmazoniaRevelada_BR-319\\LiDAR_dataset\\ENTREGAS\\ENTREGA_08\\2_MDT\\GEOTIFF\\MDT_1390209.tif","SHRT_FNAME":"MDT_1390209.tif","UPPER_LEFT_X":"525967.235","UPPER_LEFT_Y":"9257867.707","LOWER_RIGHT_X":"526967.235","LOWER_RIGHT_Y":"9256867.707"},"geometry":{"type":"Polygon","coordinates":[[[-62.765039024822542,-6.71393958592036],[-62.755990716336264,-6.713935165383492],[-62.755986208034699,-6.722981153096983],[-62.765034683693173,-6.722985579642652],[-62.765039024822542,-6.71393958592036]]]}},
{"type":"Feature","properties":{"DESCRIPTION":"MDT_1390208.tif","FILENAME":"U:\\P589_AmazoniaRevelada_BR-319\\LiDAR_dataset\\ENTREGAS\\ENTREGA_08\\2_MDT\\GEOTIFF\\MDT_1390208.tif","SHRT_FNAME":"MDT_1390208.tif","UPPER_LEFT_X":"524967.140","UPPER_LEFT_Y":"9257867.707","LOWER_RIGHT_X":"525967.140","LOWER_RIGHT_Y":"9256867.707"},"geometry":{"type":"Polygon","coordinates":[[[-62.774088198877344,-6.713943839838731],[-62.76503988441214,-6.713939586332377],[-62.765035543298652,-6.722985580055228],[-62.77408402493662,-6.72298983934334],[-62.774088198877344,-6.713943839838731]]]}},
{"type":"Feature","properties":{"DESCRIPTION":"MDT_1390207.tif","FILENAME":"U:\\P589_AmazoniaRevelada_BR-319\\LiDAR_dataset\\ENTREGAS\\ENTREGA_08\\2_MDT\\GEOTIFF\\MDT_1390207.tif","SHRT_FNAME":"MDT_1390207.tif","UPPER_LEFT_X":"523967.045","UPPER_LEFT_Y":"9257867.707","LOWER_RIGHT_X":"524967.045","LOWER_RIGHT_Y":"9256867.707"},"geometry":{"type":"Polygon","coordinates":[[[-62.783137378681396,-6.713947926710197],[-62.774089058467503,-6.713943840234881],[-62.774084884542653,-6.722989839740028],[-62.783133371929829,-6.722993931770055],[-62.783137378681396,-6.713947926710197]]]}},
{"type":"Feature","properties":{"DESCRIPTION":"MDT_1390206.tif","FILENAME":"U:\\P589_AmazoniaRevelada_BR-319\\LiDAR_dataset\\ENTREGAS\\ENTREGA_08\\2_MDT\\GEOTIFF\\MDT_1390206.tif","SHRT_FNAME":"MDT_1390206.tif","UPPER_LEFT_X":"522966.950","UPPER_LEFT_Y":"9257867.707","LOWER_RIGHT_X":"523966.950","LOWER_RIGHT_Y":"9256867.707"},"geometry":{"type":"Polygon","coordinates":[[[-62.792186564004382,-6.713951846534245],[-62.783138238272088,-6.713947927090478],[-62.783134231536394,-6.722993932150852],[-62.792182724442476,-6.722997856922288],[-62.792186564004382,-6.713951846534245]]]}},
{"type":"Feature","properties":{"DESCRIPTION":"MDT_1390205.tif","FILENAME":"U:\\P589_AmazoniaRevelada_BR-319\\LiDAR_dataset\\ENTREGAS\\ENTREGA_08\\2_MDT\\GEOTIFF\\MDT_1390205.tif","SHRT_FNAME":"MDT_1390205.tif","UPPER_LEFT_X":"521966.854","UPPER_LEFT_Y":"9257867.707","LOWER_RIGHT_X":"522966.854","LOWER_RIGHT_Y":"9256867.707"},"geometry":{"type":"Polygon","coordinates":[[[-62.801235763664373,-6.713955599314058],[-62.792187432643914,-6.713951846902495],[-62.792183593098052,-6.722997857291037],[-62.801232091292754,-6.723001614803225],[-62.801235763664373,-6.713955599314058]]]}},
{"type":"Feature","properties":{"DESCRIPTION":"MDT_1390204.tif","FILENAME":"U:\\P589_AmazoniaRevelada_BR-319\\LiDAR_dataset\\ENTREGAS\\ENTREGA_08\\2_MDT\\GEOTIFF\\MDT_1390204.tif","SHRT_FNAME":"MDT_1390204.tif","UPPER_LEFT_X":"520966.759","UPPER_LEFT_Y":"9257867.707","LOWER_RIGHT_X":"521966.759","LOWER_RIGHT_Y":"9256867.707"},"geometry":{"type":"Polygon","coordinates":[[[-62.810284959334389,-6.713959185041668],[-62.801236623256067,-6.713955599662604],[-62.801232950900328,-6.723001615152244],[-62.81028145415339,-6.723005205404884],[-62.810284959334389,-6.713959185041668]]]}},
{"type":"Feature","properties":{"DESCRIPTION":"MDT_1390203.tif","FILENAME":"U:\\P589_AmazoniaRevelada_BR-319\\LiDAR_dataset\\ENTREGAS\\ENTREGA_08\\2_MDT\\GEOTIFF\\MDT_1390203.tif","SHRT_FNAME":"MDT_1390203.tif","UPPER_LEFT_X":"519966.664","UPPER_LEFT_Y":"9257867.707","LOWER_RIGHT_X":"520966.664","LOWER_RIGHT_Y":"9256867.707"},"geometry":{"type":"Polygon","coordinates":[[[-62.819334159832501,-6.713962603720463],[-62.810285818926552,-6.713959185374346],[-62.810282313761434,-6.723005205738014],[-62.819330821842527,-6.723008628730663],[-62.819334159832501,-6.713962603720463]]]}},
{"type":"Feature","properties":{"DESCRIPTION":"MDT_1390202.tif","FILENAME":"U:\\P589_AmazoniaRevelada_BR-319\\LiDAR_dataset\\ENTREGAS\\ENTREGA_08\\2_MDT\\GEOTIFF\\MDT_1390202.tif","SHRT_FNAME":"MDT_1390202.tif","UPPER_LEFT_X":"518966.569","UPPER_LEFT_Y":"9257867.707","LOWER_RIGHT_X":"519966.569","LOWER_RIGHT_Y":"9256867.707"},"geometry":{"type":"Polygon","coordinates":[[[-62.828383364928385,-6.71396585535002],[-62.819335019425097,-6.713962604037273],[-62.819331681451011,-6.723008629047902],[-62.828380194129878,-6.723011884780133],[-62.828383364928385,-6.71396585535002]]]}},
{"type":"Feature","properties":{"DESCRIPTION":"MDT_1390201.tif","FILENAME":"U:\\P589_AmazoniaRevelada_BR-319\\LiDAR_dataset\\ENTREGAS\\ENTREGA_08\\2_MDT\\GEOTIFF\\MDT_1390201.tif","SHRT_FNAME":"MDT_1390201.tif","UPPER_LEFT_X":"517966.474","UPPER_LEFT_Y":"9257867.707","LOWER_RIGHT_X":"518966.474","LOWER_RIGHT_Y":"9256867.707"},"geometry":{"type":"Polygon","coordinates":[[[-62.837432574391769,-6.713968939929935],[-62.828384224521415,-6.713965855650961],[-62.828381053738788,-6.723011885081482],[-62.837429570785112,-6.723014973552892],[-62.837432574391769,-6.713968939929935]]]}},
{"type":"Feature","properties":{"DESCRIPTION":"MDT_1390200.tif","FILENAME":"U:\\P589_AmazoniaRevelada_BR-319\\LiDAR_dataset\\ENTREGAS\\ENTREGA_08\\2_MDT\\GEOTIFF\\MDT_1390200.tif","SHRT_FNAME":"MDT_1390200.tif","UPPER_LEFT_X":"516966.378","UPPER_LEFT_Y":"9257867.707","LOWER_RIGHT_X":"517966.378","LOWER_RIGHT_Y":"9256867.707"},"geometry":{"type":"Polygon","coordinates":[[[-62.846481797040717,-6.713971857462658],[-62.837433443033554,-6.713968940218007],[-62.837430439442954,-6.723014973841357],[-62.846478960626456,-6.723017895051393],[-62.846481797040717,-6.713971857462658]]]}},
{"type":"Feature","properties":{"DESCRIPTION":"MDT_1390199.tif","FILENAME":"U:\\P589_AmazoniaRevelada_BR-319\\LiDAR_dataset\\ENTREGAS\\ENTREGA_08\\2_MDT\\GEOTIFF\\MDT_1390199.tif","SHRT_FNAME":"MDT_1390199.tif","UPPER_LEFT_X":"515966.283","UPPER_LEFT_Y":"9257867.707","LOWER_RIGHT_X":"516966.283","LOWER_RIGHT_Y":"9256867.707"},"geometry":{"type":"Polygon","coordinates":[[[-62.85553101454822,-6.713974607941991],[-62.846482656634535,-6.713971857731862],[-62.846479820236155,-6.723017895320964],[-62.855528345326547,-6.723020649269432],[-62.85553101454822,-6.713974607941991]]]}},
{"type":"Feature","properties":{"DESCRIPTION":"MDT_1390198.tif","FILENAME":"U:\\P589_AmazoniaRevelada_BR-319\\LiDAR_dataset\\ENTREGAS\\ENTREGA_08\\2_MDT\\GEOTIFF\\MDT_1390198.tif","SHRT_FNAME":"MDT_1390198.tif","UPPER_LEFT_X":"514966.188","UPPER_LEFT_Y":"9257867.707","LOWER_RIGHT_X":"515966.188","LOWER_RIGHT_Y":"9256867.707"},"geometry":{"type":"Polygon","coordinates":[[[-62.864580235732348,-6.713977191370597],[-62.8555318741424,-6.713974608195327],[-62.855529204936609,-6.723020649523112],[-62.864577733703584,-6.723023236209672],[-62.864580235732348,-6.713977191370597]]]}},
{"type":"Feature","properties":{"DESCRIPTION":"MDT_1390197.tif","FILENAME":"U:\\P589_AmazoniaRevelada_BR-319\\LiDAR_dataset\\ENTREGAS\\ENTREGA_08\\2_MDT\\GEOTIFF\\MDT_1390197.tif","SHRT_FNAME":"MDT_1390197.tif","UPPER_LEFT_X":"513966.093","UPPER_LEFT_Y":"9257867.707","LOWER_RIGHT_X":"514966.093","LOWER_RIGHT_Y":"9256867.707"},"geometry":{"type":"Polygon","coordinates":[[[-62.873629460362793,-6.713979607748152],[-62.864581095326862,-6.713977191608063],[-62.864578593313986,-6.723023236447461],[-62.873627125527271,-6.72302565587179],[-62.873629460362793,-6.713979607748152]]]}},
{"type":"Feature","properties":{"DESCRIPTION":"MDT_1390196.tif","FILENAME":"U:\\P589_AmazoniaRevelada_BR-319\\LiDAR_dataset\\ENTREGAS\\ENTREGA_08\\2_MDT\\GEOTIFF\\MDT_1390196.tif","SHRT_FNAME":"MDT_1390196.tif","UPPER_LEFT_X":"512965.998","UPPER_LEFT_Y":"9257867.707","LOWER_RIGHT_X":"513965.998","LOWER_RIGHT_Y":"9256867.707"},"geometry":{"type":"Polygon","coordinates":[[[-62.882678688209275,-6.713981857074357],[-62.873630319957627,-6.713979607969751],[-62.873627985137986,-6.723025656093689],[-62.88267652056728,-6.723027908255484],[-62.882678688209275,-6.713981857074357]]]}},
{"type":"Feature","properties":{"DESCRIPTION":"MDT_1390195.tif","FILENAME":"U:\\P589_AmazoniaRevelada_BR-319\\LiDAR_dataset\\ENTREGAS\\ENTREGA_08\\2_MDT\\GEOTIFF\\MDT_1390195.tif","SHRT_FNAME":"MDT_1390195.tif","UPPER_LEFT_X":"511965.902","UPPER_LEFT_Y":"9257867.707","LOWER_RIGHT_X":"512965.902","LOWER_RIGHT_Y":"9256867.707"},"geometry":{"type":"Polygon","coordinates":[[[-62.891727928089864,-6.71398393935093],[-62.882679556852779,-6.713981857282253],[-62.882677389226821,-6.723027908463663],[-62.891725927641836,-6.723029993362481],[-62.891727928089864,-6.71398393935093]]]}},
{"type":"Feature","properties":{"DESCRIPTION":"MDT_1390194.tif","FILENAME":"U:\\P589_AmazoniaRevelada_BR-319\\LiDAR_dataset\\ENTREGAS\\ENTREGA_08\\2_MDT\\GEOTIFF\\MDT_1390194.tif","SHRT_FNAME":"MDT_1390194.tif","UPPER_LEFT_X":"510965.807","UPPER_LEFT_Y":"9257867.707","LOWER_RIGHT_X":"511965.807","LOWER_RIGHT_Y":"9256867.707"},"geometry":{"type":"Polygon","coordinates":[[[-62.900777161677532,-6.713985854573451],[-62.891728787685267,-6.713983939540793],[-62.891726787253106,-6.723029993552601],[-62.900775328423535,-6.723031911188348],[-62.900777161677532,-6.713985854573451]]]}},
{"type":"Feature","properties":{"DESCRIPTION":"MDT_1390193.tif","FILENAME":"U:\\P589_AmazoniaRevelada_BR-319\\LiDAR_dataset\\ENTREGAS\\ENTREGA_08\\2_MDT\\GEOTIFF\\MDT_1390193.tif","SHRT_FNAME":"MDT_1390193.tif","UPPER_LEFT_X":"509965.712","UPPER_LEFT_Y":"9257867.707","LOWER_RIGHT_X":"510965.712","LOWER_RIGHT_Y":"9256867.707"},"geometry":{"type":"Polygon","coordinates":[[[-62.90982639779034,-6.713987602743845],[-62.900778021273183,-6.713985854747444],[-62.900776188035074,-6.723031911362578],[-62.909824731730623,-6.723033661735016],[-62.90982639779034,-6.713987602743845]]]}},
{"type":"Feature","properties":{"DESCRIPTION":"MDT_1389250.tif","FILENAME":"U:\\P589_AmazoniaRevelada_BR-319\\LiDAR_dataset\\ENTREGAS\\ENTREGA_08\\2_MDT\\GEOTIFF\\MDT_1389250.tif","SHRT_FNAME":"MDT_1389250.tif","UPPER_LEFT_X":"566971.138","UPPER_LEFT_Y":"9258867.582","LOWER_RIGHT_X":"567971.138","LOWER_RIGHT_Y":"9257867.582"},"geometry":{"type":"Polygon","coordinates":[[[-62.394041786479214,-6.704576923058706],[-62.384994088256057,-6.704565670294334],[-62.384982741613378,-6.713611219483063],[-62.394030606738305,-6.713622487563479],[-62.394041786479214,-6.704576923058706]]]}},
{"type":"Feature","properties":{"DESCRIPTION":"MDT_1389249.tif","FILENAME":"U:\\P589_AmazoniaRevelada_BR-319\\LiDAR_dataset\\ENTREGAS\\ENTREGA_08\\2_MDT\\GEOTIFF\\MDT_1389249.tif","SHRT_FNAME":"MDT_1389249.tif","UPPER_LEFT_X":"565971.043","UPPER_LEFT_Y":"9258867.582","LOWER_RIGHT_X":"566971.043","LOWER_RIGHT_Y":"9257867.582"},"geometry":{"type":"Polygon","coordinates":[[[-62.403090359651863,-6.704588010120118],[-62.394042646011279,-6.704576924119797],[-62.394031466286222,-6.713622488626014],[-62.403079346829969,-6.713633589715402],[-62.403090359651863,-6.704588010120118]]]}},
{"type":"Feature","properties":{"DESCRIPTION":"MDT_1389248.tif","FILENAME":"U:\\P589_AmazoniaRevelada_BR-319\\LiDAR_dataset\\ENTREGAS\\ENTREGA_08\\2_MDT\\GEOTIFF\\MDT_1389248.tif","SHRT_FNAME":"MDT_1389248.tif","UPPER_LEFT_X":"564970.948","UPPER_LEFT_Y":"9258867.582","LOWER_RIGHT_X":"565970.948","LOWER_RIGHT_Y":"9257867.582"},"geometry":{"type":"Polygon","coordinates":[[[-62.412138948013208,-6.704598930400263],[-62.403091219185391,-6.704588011165368],[-62.40308020637935,-6.713633590762073],[-62.412128102111708,-6.713644524859051],[-62.412138948013208,-6.704598930400263]]]}},
{"type":"Feature","properties":{"DESCRIPTION":"MDT_1389247.tif","FILENAME":"U:\\P589_AmazoniaRevelada_BR-319\\LiDAR_dataset\\ENTREGAS\\ENTREGA_08\\2_MDT\\GEOTIFF\\MDT_1389247.tif","SHRT_FNAME":"MDT_1389247.tif","UPPER_LEFT_X":"563970.853","UPPER_LEFT_Y":"9258867.582","LOWER_RIGHT_X":"564970.853","LOWER_RIGHT_Y":"9257867.582"},"geometry":{"type":"Polygon","coordinates":[[[-62.42118755133302,-6.704609683897783],[-62.412139807548144,-6.70459893142967],[-62.412128961662518,-6.713644525889858],[-62.421176872353293,-6.713655292993072],[-62.42118755133302,-6.704609683897783]]]}},
{"type":"Feature","properties":{"DESCRIPTION":"MDT_1389246.tif","FILENAME":"U:\\P589_AmazoniaRevelada_BR-319\\LiDAR_dataset\\ENTREGAS\\ENTREGA_08\\2_MDT\\GEOTIFF\\MDT_1389246.tif","SHRT_FNAME":"MDT_1389246.tif","UPPER_LEFT_X":"562970.758","UPPER_LEFT_Y":"9258867.582","LOWER_RIGHT_X":"563970.758","LOWER_RIGHT_Y":"9257867.582"},"geometry":{"type":"Polygon","coordinates":[[[-62.430236169381104,-6.704620270611346],[-62.421188410869384,-6.704609684911347],[-62.421177731905509,-6.713655294008014],[-62.43022565732447,-6.713665894116124],[-62.430236169381104,-6.704620270611346]]]}},
{"type":"Feature","properties":{"DESCRIPTION":"MDT_1389245.tif","FILENAME":"U:\\P589_AmazoniaRevelada_BR-319\\LiDAR_dataset\\ENTREGAS\\ENTREGA_08\\2_MDT\\GEOTIFF\\MDT_1389245.tif","SHRT_FNAME":"MDT_1389245.tif","UPPER_LEFT_X":"561970.662","UPPER_LEFT_Y":"9258867.582","LOWER_RIGHT_X":"562970.662","LOWER_RIGHT_Y":"9257867.582"},"geometry":{"type":"Polygon","coordinates":[[[-62.43928481097501,-6.704630690549968],[-62.43023703796662,-6.704620271619569],[-62.430226525926003,-6.713665895125719],[-62.439274465842956,-6.713676328237244],[-62.43928481097501,-6.704630690549968]]]}},
{"type":"Feature","properties":{"DESCRIPTION":"MDT_1389244.tif","FILENAME":"U:\\P589_AmazoniaRevelada_BR-319\\LiDAR_dataset\\ENTREGAS\\ENTREGA_08\\2_MDT\\GEOTIFF\\MDT_1389244.tif","SHRT_FNAME":"MDT_1389244.tif","UPPER_LEFT_X":"560970.567","UPPER_LEFT_Y":"9258867.582","LOWER_RIGHT_X":"561970.567","LOWER_RIGHT_Y":"9257867.582"},"geometry":{"type":"Polygon","coordinates":[[[-62.448333457788983,-6.704640943691522],[-62.439285670514124,-6.704630691531845],[-62.439275325397936,-6.713676329220456],[-62.448323279582645,-6.713686595334268],[-62.448333457788983,-6.704640943691522]]]}},
{"type":"Feature","properties":{"DESCRIPTION":"MDT_1389243.tif","FILENAME":"U:\\P589_AmazoniaRevelada_BR-319\\LiDAR_dataset\\ENTREGAS\\ENTREGA_08\\2_MDT\\GEOTIFF\\MDT_1389243.tif","SHRT_FNAME":"MDT_1389243.tif","UPPER_LEFT_X":"559970.472","UPPER_LEFT_Y":"9258867.582","LOWER_RIGHT_X":"560970.472","LOWER_RIGHT_Y":"9257867.582"},"geometry":{"type":"Polygon","coordinates":[[[-62.457382118640567,-6.704651030045235],[-62.448334317329447,-6.704640944657556],[-62.448324139138961,-6.713686596301616],[-62.457372107361209,-6.713696695416438],[-62.457382118640567,-6.704651030045235]]]}},
{"type":"Feature","properties":{"DESCRIPTION":"MDT_1389242.tif","FILENAME":"U:\\P589_AmazoniaRevelada_BR-319\\LiDAR_dataset\\ENTREGAS\\ENTREGA_08\\2_MDT\\GEOTIFF\\MDT_1389242.tif","SHRT_FNAME":"MDT_1389242.tif","UPPER_LEFT_X":"558970.377","UPPER_LEFT_Y":"9258867.582","LOWER_RIGHT_X":"559970.377","LOWER_RIGHT_Y":"9257867.582"},"geometry":{"type":"Polygon","coordinates":[[[-62.466430793299537,-6.704660949609853],[-62.457382978182352,-6.704651030995425],[-62.457372966918847,-6.713696696367921],[-62.466420948948411,-6.7137066284825],[-62.466430793299537,-6.704660949609853]]]}},
{"type":"Feature","properties":{"DESCRIPTION":"MDT_1389241.tif","FILENAME":"U:\\P589_AmazoniaRevelada_BR-319\\LiDAR_dataset\\ENTREGAS\\ENTREGA_08\\2_MDT\\GEOTIFF\\MDT_1389241.tif","SHRT_FNAME":"MDT_1389241.tif","UPPER_LEFT_X":"557970.282","UPPER_LEFT_Y":"9258867.582","LOWER_RIGHT_X":"558970.282","LOWER_RIGHT_Y":"9257867.582"},"geometry":{"type":"Polygon","coordinates":[[[-62.475479481535665,-6.704670702384149],[-62.466431652842616,-6.704660950544199],[-62.466421808507356,-6.713706629418118],[-62.47546980411402,-6.713716394531222],[-62.475479481535665,-6.704670702384149]]]}},
{"type":"Feature","properties":{"DESCRIPTION":"MDT_1389240.tif","FILENAME":"U:\\P589_AmazoniaRevelada_BR-319\\LiDAR_dataset\\ENTREGAS\\ENTREGA_08\\2_MDT\\GEOTIFF\\MDT_1389240.tif","SHRT_FNAME":"MDT_1389240.tif","UPPER_LEFT_X":"556970.186","UPPER_LEFT_Y":"9258867.582","LOWER_RIGHT_X":"557970.186","LOWER_RIGHT_Y":"9257867.582"},"geometry":{"type":"Polygon","coordinates":[[[-62.484528192166593,-6.70468028837641],[-62.475480350127874,-6.704670703312319],[-62.475470672722246,-6.713716395460656],[-62.484518681675787,-6.713725993570902],[-62.484528192166593,-6.70468028837641]]]}},
{"type":"Feature","properties":{"DESCRIPTION":"MDT_1389239.tif","FILENAME":"U:\\P589_AmazoniaRevelada_BR-319\\LiDAR_dataset\\ENTREGAS\\ENTREGA_08\\2_MDT\\GEOTIFF\\MDT_1389239.tif","SHRT_FNAME":"MDT_1389239.tif","UPPER_LEFT_X":"555970.091","UPPER_LEFT_Y":"9258867.582","LOWER_RIGHT_X":"556970.091","LOWER_RIGHT_Y":"9257867.582"},"geometry":{"type":"Polygon","coordinates":[[[-62.493576906866387,-6.704689707566276],[-62.484529051712222,-6.704680289279067],[-62.484519541237269,-6.713725994474791],[-62.493567563307458,-6.713735425581158],[-62.493576906866387,-6.704689707566276]]]}},
{"type":"Feature","properties":{"DESCRIPTION":"MDT_1389238.tif","FILENAME":"U:\\P589_AmazoniaRevelada_BR-319\\LiDAR_dataset\\ENTREGAS\\ENTREGA_08\\2_MDT\\GEOTIFF\\MDT_1389238.tif","SHRT_FNAME":"MDT_1389238.tif","UPPER_LEFT_X":"554969.996","UPPER_LEFT_Y":"9258867.582","LOWER_RIGHT_X":"555969.996","LOWER_RIGHT_Y":"9257867.582"},"geometry":{"type":"Polygon","coordinates":[[[-62.502625634452677,-6.704698959962247],[-62.493577766413253,-6.70468970845309],[-62.493568422870169,-6.71373542646918],[-62.502616457826782,-6.713744690570494],[-62.502625634452677,-6.704698959962247]]]}},
{"type":"Feature","properties":{"DESCRIPTION":"MDT_1389237.tif","FILENAME":"U:\\P589_AmazoniaRevelada_BR-319\\LiDAR_dataset\\ENTREGAS\\ENTREGA_08\\2_MDT\\GEOTIFF\\MDT_1389237.tif","SHRT_FNAME":"MDT_1389237.tif","UPPER_LEFT_X":"553969.901","UPPER_LEFT_Y":"9258867.582","LOWER_RIGHT_X":"554969.901","LOWER_RIGHT_Y":"9257867.582"},"geometry":{"type":"Polygon","coordinates":[[[-62.511674374695211,-6.704708045563173],[-62.502626494000744,-6.704698960833218],[-62.502617317390715,-6.713744691442652],[-62.511665365003509,-6.713753788537765],[-62.511674374695211,-6.704708045563173]]]}},
{"type":"Feature","properties":{"DESCRIPTION":"MDT_1389236.tif","FILENAME":"U:\\P589_AmazoniaRevelada_BR-319\\LiDAR_dataset\\ENTREGAS\\ENTREGA_08\\2_MDT\\GEOTIFF\\MDT_1389236.tif","SHRT_FNAME":"MDT_1389236.tif","UPPER_LEFT_X":"552969.806","UPPER_LEFT_Y":"9258867.582","LOWER_RIGHT_X":"553969.806","LOWER_RIGHT_Y":"9257867.582"},"geometry":{"type":"Polygon","coordinates":[[[-62.520723127363773,-6.704716964367929],[-62.511675234244478,-6.704708046418301],[-62.511666224568621,-6.713753789394056],[-62.520714284607386,-6.713762719481839],[-62.520723127363773,-6.704716964367929]]]}},
{"type":"Feature","properties":{"DESCRIPTION":"MDT_1389235.tif","FILENAME":"U:\\P589_AmazoniaRevelada_BR-319\\LiDAR_dataset\\ENTREGAS\\ENTREGA_08\\2_MDT\\GEOTIFF\\MDT_1389235.tif","SHRT_FNAME":"MDT_1389235.tif","UPPER_LEFT_X":"551969.710","UPPER_LEFT_Y":"9258867.582","LOWER_RIGHT_X":"552969.710","LOWER_RIGHT_Y":"9257867.582"},"geometry":{"type":"Polygon","coordinates":[[[-62.529771901276035,-6.70472571638407],[-62.520723995962101,-6.704716965216045],[-62.520715153221737,-6.713762720331111],[-62.529763225456236,-6.713771483410286],[-62.529771901276035,-6.70472571638407]]]}},
{"type":"Feature","properties":{"DESCRIPTION":"MDT_1389234.tif","FILENAME":"U:\\P589_AmazoniaRevelada_BR-319\\LiDAR_dataset\\ENTREGAS\\ENTREGA_08\\2_MDT\\GEOTIFF\\MDT_1389234.tif","SHRT_FNAME":"MDT_1389234.tif","UPPER_LEFT_X":"550969.615","UPPER_LEFT_Y":"9258867.582","LOWER_RIGHT_X":"551969.615","LOWER_RIGHT_Y":"9257867.582"},"geometry":{"type":"Polygon","coordinates":[[[-62.538820678105928,-6.704734301593009],[-62.529772760827605,-6.704725717207509],[-62.529764085023672,-6.713771484234845],[-62.538812169223654,-6.713780080304491],[-62.538820678105928,-6.704734301593009]]]}},
{"type":"Feature","properties":{"DESCRIPTION":"MDT_1389233.tif","FILENAME":"U:\\P589_AmazoniaRevelada_BR-319\\LiDAR_dataset\\ENTREGAS\\ENTREGA_08\\2_MDT\\GEOTIFF\\MDT_1389233.tif","SHRT_FNAME":"MDT_1389233.tif","UPPER_LEFT_X":"549969.520","UPPER_LEFT_Y":"9258867.582","LOWER_RIGHT_X":"550969.520","LOWER_RIGHT_Y":"9257867.582"},"geometry":{"type":"Polygon","coordinates":[[[-62.547869466671159,-6.70474272000252],[-62.538821537658634,-6.704734302400606],[-62.538813028792219,-6.713780081113185],[-62.547861124727454,-6.713788510172237],[-62.547869466671159,-6.70474272000252]]]}},
{"type":"Feature","properties":{"DESCRIPTION":"MDT_1389232.tif","FILENAME":"U:\\P589_AmazoniaRevelada_BR-319\\LiDAR_dataset\\ENTREGAS\\ENTREGA_08\\2_MDT\\GEOTIFF\\MDT_1389232.tif","SHRT_FNAME":"MDT_1389232.tif","UPPER_LEFT_X":"548969.425","UPPER_LEFT_Y":"9258867.582","LOWER_RIGHT_X":"549969.425","LOWER_RIGHT_Y":"9257867.582"},"geometry":{"type":"Polygon","coordinates":[[[-62.556918266741455,-6.704750971611552],[-62.547870326224967,-6.704742720794269],[-62.547861984297114,-6.713788510965064],[-62.556910091737372,-6.713796773012473],[-62.556918266741455,-6.704750971611552]]]}},
{"type":"Feature","properties":{"DESCRIPTION":"MDT_1389231.tif","FILENAME":"U:\\P589_AmazoniaRevelada_BR-319\\LiDAR_dataset\\ENTREGAS\\ENTREGA_08\\2_MDT\\GEOTIFF\\MDT_1389231.tif","SHRT_FNAME":"MDT_1389231.tif","UPPER_LEFT_X":"547969.330","UPPER_LEFT_Y":"9258867.582","LOWER_RIGHT_X":"548969.330","LOWER_RIGHT_Y":"9257867.582"},"geometry":{"type":"Polygon","coordinates":[[[-62.565967078086594,-6.704759056419079],[-62.55691912629635,-6.704750972387456],[-62.556910951308126,-6.713796773789434],[-62.565959070023155,-6.713804868824173],[-62.565967078086594,-6.704759056419079]]]}},
{"type":"Feature","properties":{"DESCRIPTION":"MDT_1389230.tif","FILENAME":"U:\\P589_AmazoniaRevelada_BR-319\\LiDAR_dataset\\ENTREGAS\\ENTREGA_08\\2_MDT\\GEOTIFF\\MDT_1389230.tif","SHRT_FNAME":"MDT_1389230.tif","UPPER_LEFT_X":"546969.234","UPPER_LEFT_Y":"9258867.582","LOWER_RIGHT_X":"547969.234","LOWER_RIGHT_Y":"9257867.582"},"geometry":{"type":"Polygon","coordinates":[[[-62.575015909524289,-6.704766974431934],[-62.565967946690492,-6.70475905718714],[-62.565959938643083,-6.713804869593281],[-62.575008068402667,-6.71381279761418],[-62.575015909524289,-6.704766974431934]]]}},
{"type":"Feature","properties":{"DESCRIPTION":"MDT_1389229.tif","FILENAME":"U:\\P589_AmazoniaRevelada_BR-319\\LiDAR_dataset\\ENTREGAS\\ENTREGA_08\\2_MDT\\GEOTIFF\\MDT_1389229.tif","SHRT_FNAME":"MDT_1389229.tif","UPPER_LEFT_X":"545969.139","UPPER_LEFT_Y":"9258867.582","LOWER_RIGHT_X":"546969.139","LOWER_RIGHT_Y":"9257867.582"},"geometry":{"type":"Polygon","coordinates":[[[-62.584064742728387,-6.704774725633301],[-62.57501676908128,-6.704766975176152],[-62.575008927975524,-6.713812798359409],[-62.584057068549399,-6.713820559365653],[-62.584064742728387,-6.704774725633301]]]}},
{"type":"Feature","properties":{"DESCRIPTION":"MDT_1389228.tif","FILENAME":"U:\\P589_AmazoniaRevelada_BR-319\\LiDAR_dataset\\ENTREGAS\\ENTREGA_08\\2_MDT\\GEOTIFF\\MDT_1389228.tif","SHRT_FNAME":"MDT_1389228.tif","UPPER_LEFT_X":"544969.044","UPPER_LEFT_Y":"9258867.582","LOWER_RIGHT_X":"545969.044","LOWER_RIGHT_Y":"9257867.582"},"geometry":{"type":"Polygon","coordinates":[[[-62.593113586516594,-6.704782310030215],[-62.584065602286394,-6.704774726361671],[-62.584057928123258,-6.713820560095013],[-62.593106079281192,-6.713828154085634],[-62.593113586516594,-6.704782310030215]]]}},
{"type":"Feature","properties":{"DESCRIPTION":"MDT_1389227.tif","FILENAME":"U:\\P589_AmazoniaRevelada_BR-319\\LiDAR_dataset\\ENTREGAS\\ENTREGA_08\\2_MDT\\GEOTIFF\\MDT_1389227.tif","SHRT_FNAME":"MDT_1389227.tif","UPPER_LEFT_X":"543968.949","UPPER_LEFT_Y":"9258867.582","LOWER_RIGHT_X":"544968.949","LOWER_RIGHT_Y":"9257867.582"},"geometry":{"type":"Polygon","coordinates":[[[-62.60216244065866,-6.704789727621734],[-62.593114446075589,-6.70478231074274],[-62.59310693885606,-6.713828154799129],[-62.602155100367796,-6.713835581773186],[-62.60216244065866,-6.704789727621734]]]}},
{"type":"Feature","properties":{"DESCRIPTION":"MDT_1389226.tif","FILENAME":"U:\\P589_AmazoniaRevelada_BR-319\\LiDAR_dataset\\ENTREGAS\\ENTREGA_08\\2_MDT\\GEOTIFF\\MDT_1389226.tif","SHRT_FNAME":"MDT_1389226.tif","UPPER_LEFT_X":"542968.854","UPPER_LEFT_Y":"9258867.582","LOWER_RIGHT_X":"543968.854","LOWER_RIGHT_Y":"9257867.582"},"geometry":{"type":"Polygon","coordinates":[[[-62.611211304924346,-6.704796978406939],[-62.602163300218628,-6.704789728318414],[-62.602155959943623,-6.713835582470813],[-62.611204131578937,-6.713842842427383],[-62.611211304924346,-6.704796978406939]]]}},
{"type":"Feature","properties":{"DESCRIPTION":"MDT_1389225.tif","FILENAME":"U:\\P589_AmazoniaRevelada_BR-319\\LiDAR_dataset\\ENTREGAS\\ENTREGA_08\\2_MDT\\GEOTIFF\\MDT_1389225.tif","SHRT_FNAME":"MDT_1389225.tif","UPPER_LEFT_X":"541968.758","UPPER_LEFT_Y":"9258867.582","LOWER_RIGHT_X":"542968.758","LOWER_RIGHT_Y":"9257867.582"},"geometry":{"type":"Polygon","coordinates":[[[-62.620260188131418,-6.704804062391929],[-62.611212173533282,-6.704796979094942],[-62.611205000203888,-6.713842843116322],[-62.620253181732522,-6.713849936054338],[-62.620260188131418,-6.704804062391929]]]}},
{"type":"Feature","properties":{"DESCRIPTION":"MDT_1389224.tif","FILENAME":"U:\\P589_AmazoniaRevelada_BR-319\\LiDAR_dataset\\ENTREGAS\\ENTREGA_08\\2_MDT\\GEOTIFF\\MDT_1389224.tif","SHRT_FNAME":"MDT_1389224.tif","UPPER_LEFT_X":"540968.663","UPPER_LEFT_Y":"9258867.582","LOWER_RIGHT_X":"541968.663","LOWER_RIGHT_Y":"9257867.582"},"geometry":{"type":"Polygon","coordinates":[[[-62.629309071953614,-6.704810979561657],[-62.620261047693269,-6.704804063056919],[-62.62025404131024,-6.713849936720232],[-62.629302232501928,-6.713856862638976],[-62.629309071953614,-6.704810979561657]]]}},
{"type":"Feature","properties":{"DESCRIPTION":"MDT_1389223.tif","FILENAME":"U:\\P589_AmazoniaRevelada_BR-319\\LiDAR_dataset\\ENTREGAS\\ENTREGA_08\\2_MDT\\GEOTIFF\\MDT_1389223.tif","SHRT_FNAME":"MDT_1389223.tif","UPPER_LEFT_X":"539968.568","UPPER_LEFT_Y":"9258867.582","LOWER_RIGHT_X":"540968.568","LOWER_RIGHT_Y":"9257867.582"},"geometry":{"type":"Polygon","coordinates":[[[-62.638357965208655,-6.704817729922433],[-62.629309931516367,-6.704810980210803],[-62.629303092080548,-6.713856863289005],[-62.63835129270506,-6.713863622187621],[-62.638357965208655,-6.704817729922433]]]}},
{"type":"Feature","properties":{"DESCRIPTION":"MDT_1389222.tif","FILENAME":"U:\\P589_AmazoniaRevelada_BR-319\\LiDAR_dataset\\ENTREGAS\\ENTREGA_08\\2_MDT\\GEOTIFF\\MDT_1389222.tif","SHRT_FNAME":"MDT_1389222.tif","UPPER_LEFT_X":"538968.473","UPPER_LEFT_Y":"9258867.582","LOWER_RIGHT_X":"539968.473","LOWER_RIGHT_Y":"9257867.582"},"geometry":{"type":"Polygon","coordinates":[[[-62.647406867666326,-6.704824313473415],[-62.638358824772297,-6.704817730555732],[-62.638352152284568,-6.713863622821783],[-62.647400362111654,-6.713870214699432],[-62.647406867666326,-6.704824313473415]]]}},
{"type":"Feature","properties":{"DESCRIPTION":"MDT_1389221.tif","FILENAME":"U:\\P589_AmazoniaRevelada_BR-319\\LiDAR_dataset\\ENTREGAS\\ENTREGA_08\\2_MDT\\GEOTIFF\\MDT_1389221.tif","SHRT_FNAME":"MDT_1389221.tif","UPPER_LEFT_X":"537968.378","UPPER_LEFT_Y":"9258867.582","LOWER_RIGHT_X":"538968.378","LOWER_RIGHT_Y":"9257867.582"},"geometry":{"type":"Polygon","coordinates":[[[-62.656455779096355,-6.704830730213789],[-62.647407727230835,-6.704824314090869],[-62.647401221692014,-6.713870215317725],[-62.656449440491414,-6.713876640173585],[-62.656455779096355,-6.704830730213789]]]}},
{"type":"Feature","properties":{"DESCRIPTION":"MDT_1389220.tif","FILENAME":"U:\\P589_AmazoniaRevelada_BR-319\\LiDAR_dataset\\ENTREGAS\\ENTREGA_08\\2_MDT\\GEOTIFF\\MDT_1389220.tif","SHRT_FNAME":"MDT_1389220.tif","UPPER_LEFT_X":"536968.282","UPPER_LEFT_Y":"9258867.582","LOWER_RIGHT_X":"537968.282","LOWER_RIGHT_Y":"9257867.582"},"geometry":{"type":"Polygon","coordinates":[[[-62.665504708316568,-6.704836980148921],[-62.65645664770976,-6.704830730821729],[-62.656450309120849,-6.713876640782356],[-62.665498536662312,-6.713882898615463],[-62.665504708316568,-6.704836980148921]]]}},
{"type":"Feature","properties":{"DESCRIPTION":"MDT_1389219.tif","FILENAME":"U:\\P589_AmazoniaRevelada_BR-319\\LiDAR_dataset\\ENTREGAS\\ENTREGA_08\\2_MDT\\GEOTIFF\\MDT_1389219.tif","SHRT_FNAME":"MDT_1389219.tif","UPPER_LEFT_X":"535968.187","UPPER_LEFT_Y":"9258867.582","LOWER_RIGHT_X":"536968.187","LOWER_RIGHT_Y":"9257867.582"},"geometry":{"type":"Polygon","coordinates":[[[-62.674553637000571,-6.704843063265542],[-62.665505567882725,-6.704836980734686],[-62.665499396244336,-6.713882899202025],[-62.674547632297624,-6.71388899001177],[-62.674553637000571,-6.704843063265542]]]}},
{"type":"Feature","properties":{"DESCRIPTION":"MDT_1389218.tif","FILENAME":"U:\\P589_AmazoniaRevelada_BR-319\\LiDAR_dataset\\ENTREGAS\\ENTREGA_08\\2_MDT\\GEOTIFF\\MDT_1389218.tif","SHRT_FNAME":"MDT_1389218.tif","UPPER_LEFT_X":"534968.092","UPPER_LEFT_Y":"9258867.582","LOWER_RIGHT_X":"535968.092","LOWER_RIGHT_Y":"9257867.582"},"geometry":{"type":"Polygon","coordinates":[[[-62.683602573966184,-6.704848979569221],[-62.674554496567531,-6.704843063835458],[-62.674548491880444,-6.713888990582464],[-62.683596736215272,-6.713894914368093],[-62.683602573966184,-6.704848979569221]]]}},
{"type":"Feature","properties":{"DESCRIPTION":"MDT_1389217.tif","FILENAME":"U:\\P589_AmazoniaRevelada_BR-319\\LiDAR_dataset\\ENTREGAS\\ENTREGA_08\\2_MDT\\GEOTIFF\\MDT_1389217.tif","SHRT_FNAME":"MDT_1389217.tif","UPPER_LEFT_X":"533967.997","UPPER_LEFT_Y":"9258867.582","LOWER_RIGHT_X":"534967.997","LOWER_RIGHT_Y":"9257867.582"},"geometry":{"type":"Polygon","coordinates":[[[-62.692651518983119,-6.704854729059231],[-62.683603433533918,-6.704848980123292],[-62.683597595798872,-6.713894914922919],[-62.692645848185002,-6.713900671683694],[-62.692651518983119,-6.704854729059231]]]}},
{"type":"Feature","properties":{"DESCRIPTION":"MDT_1389216.tif","FILENAME":"U:\\P589_AmazoniaRevelada_BR-319\\LiDAR_dataset\\ENTREGAS\\ENTREGA_08\\2_MDT\\GEOTIFF\\MDT_1389216.tif","SHRT_FNAME":"MDT_1389216.tif","UPPER_LEFT_X":"532967.902","UPPER_LEFT_Y":"9258867.582","LOWER_RIGHT_X":"533967.902","LOWER_RIGHT_Y":"9257867.582"},"geometry":{"type":"Polygon","coordinates":[[[-62.701700471821148,-6.704860311734851],[-62.692652378551614,-6.704854729597456],[-62.692646707769356,-6.713900672222652],[-62.701694967976522,-6.713906261957858],[-62.701700471821148,-6.704860311734851]]]}},
{"type":"Feature","properties":{"DESCRIPTION":"MDT_1389215.tif","FILENAME":"U:\\P589_AmazoniaRevelada_BR-319\\LiDAR_dataset\\ENTREGAS\\ENTREGA_08\\2_MDT\\GEOTIFF\\MDT_1389215.tif","SHRT_FNAME":"MDT_1389215.tif","UPPER_LEFT_X":"531967.806","UPPER_LEFT_Y":"9258867.582","LOWER_RIGHT_X":"532967.806","LOWER_RIGHT_Y":"9257867.582"},"geometry":{"type":"Polygon","coordinates":[[[-62.710749441298098,-6.704865727600728],[-62.701701340438468,-6.704860312262731],[-62.701695836609865,-6.713906262486455],[-62.710744104407823,-6.713911685195235],[-62.710749441298098,-6.704865727600728]]]}},
{"type":"Feature","properties":{"DESCRIPTION":"MDT_1389214.tif","FILENAME":"U:\\P589_AmazoniaRevelada_BR-319\\LiDAR_dataset\\ENTREGAS\\ENTREGA_08\\2_MDT\\GEOTIFF\\MDT_1389214.tif","SHRT_FNAME":"MDT_1389214.tif","UPPER_LEFT_X":"530967.711","UPPER_LEFT_Y":"9258867.582","LOWER_RIGHT_X":"531967.711","LOWER_RIGHT_Y":"9257867.582"},"geometry":{"type":"Polygon","coordinates":[[[-62.719798409087517,-6.704870976645351],[-62.710750300868035,-6.704865728107261],[-62.710744963993612,-6.713911685702456],[-62.719793239152089,-6.713916941384298],[-62.719798409087517,-6.704870976645351]]]}},
{"type":"Feature","properties":{"DESCRIPTION":"MDT_1389213.tif","FILENAME":"U:\\P589_AmazoniaRevelada_BR-319\\LiDAR_dataset\\ENTREGAS\\ENTREGA_08\\2_MDT\\GEOTIFF\\MDT_1389213.tif","SHRT_FNAME":"MDT_1389213.tif","UPPER_LEFT_X":"529967.616","UPPER_LEFT_Y":"9258867.582","LOWER_RIGHT_X":"530967.616","LOWER_RIGHT_Y":"9257867.582"},"geometry":{"type":"Polygon","coordinates":[[[-62.728847384007231,-6.704876058873571],[-62.719799268658143,-6.704870977136039],[-62.719794098738568,-6.713916941875653],[-62.728842381027299,-6.713922030529905],[-62.728847384007231,-6.704876058873571]]]}},
{"type":"Feature","properties":{"DESCRIPTION":"MDT_1389212.tif","FILENAME":"U:\\P589_AmazoniaRevelada_BR-319\\LiDAR_dataset\\ENTREGAS\\ENTREGA_08\\2_MDT\\GEOTIFF\\MDT_1389212.tif","SHRT_FNAME":"MDT_1389212.tif","UPPER_LEFT_X":"528967.521","UPPER_LEFT_Y":"9258867.582","LOWER_RIGHT_X":"529967.521","LOWER_RIGHT_Y":"9257867.582"},"geometry":{"type":"Polygon","coordinates":[[[-62.737896365826998,-6.704880974284759],[-62.728848243578518,-6.704876059348415],[-62.728843240614452,-6.713922031005394],[-62.737891529803186,-6.713926952631424],[-62.737896365826998,-6.704880974284759]]]}},
{"type":"Feature","properties":{"DESCRIPTION":"MDT_1389211.tif","FILENAME":"U:\\P589_AmazoniaRevelada_BR-319\\LiDAR_dataset\\ENTREGAS\\ENTREGA_08\\2_MDT\\GEOTIFF\\MDT_1389211.tif","SHRT_FNAME":"MDT_1389211.tif","UPPER_LEFT_X":"527967.426","UPPER_LEFT_Y":"9258867.582","LOWER_RIGHT_X":"528967.426","LOWER_RIGHT_Y":"9257867.582"},"geometry":{"type":"Polygon","coordinates":[[[-62.746945354316523,-6.704885722878299],[-62.737897225398925,-6.704880974743754],[-62.737892389390971,-6.713926953091046],[-62.746940685249442,-6.713931707688245],[-62.746945354316523,-6.704885722878299]]]}},
{"type":"Feature","properties":{"DESCRIPTION":"MDT_1389210.tif","FILENAME":"U:\\P589_AmazoniaRevelada_BR-319\\LiDAR_dataset\\ENTREGAS\\ENTREGA_08\\2_MDT\\GEOTIFF\\MDT_1389210.tif","SHRT_FNAME":"MDT_1389210.tif","UPPER_LEFT_X":"526967.330","UPPER_LEFT_Y":"9258867.582","LOWER_RIGHT_X":"527967.330","LOWER_RIGHT_Y":"9257867.582"},"geometry":{"type":"Polygon","coordinates":[[[-62.755994358293712,-6.704890304658102],[-62.746946222937218,-6.704885723326113],[-62.74694155388616,-6.713931708136669],[-62.755989856184108,-6.713936295704281],[-62.755994358293712,-6.704890304658102]]]}},
{"type":"Feature","properties":{"DESCRIPTION":"MDT_1389209.tif","FILENAME":"U:\\P589_AmazoniaRevelada_BR-319\\LiDAR_dataset\\ENTREGAS\\ENTREGA_08\\2_MDT\\GEOTIFF\\MDT_1389209.tif","SHRT_FNAME":"MDT_1389209.tif","UPPER_LEFT_X":"525967.235","UPPER_LEFT_Y":"9258867.582","LOWER_RIGHT_X":"526967.235","LOWER_RIGHT_Y":"9257867.582"},"geometry":{"type":"Polygon","coordinates":[[[-62.765043359431999,-6.704894719614437],[-62.755995217866854,-6.704890305085405],[-62.755990715773116,-6.713936296132165],[-62.76503902428027,-6.713940716669784],[-62.765043359431999,-6.704894719614437]]]}},
{"type":"Feature","properties":{"DESCRIPTION":"MDT_1389208.tif","FILENAME":"U:\\P589_AmazoniaRevelada_BR-319\\LiDAR_dataset\\ENTREGAS\\ENTREGA_08\\2_MDT\\GEOTIFF\\MDT_1389208.tif","SHRT_FNAME":"MDT_1389208.tif","UPPER_LEFT_X":"524967.140","UPPER_LEFT_Y":"9258867.582","LOWER_RIGHT_X":"525967.140","LOWER_RIGHT_Y":"9257867.582"},"geometry":{"type":"Polygon","coordinates":[[[-62.774092366549269,-6.70489896775142],[-62.76504421900573,-6.704894720025894],[-62.765039883869868,-6.713940717081801],[-62.774088198355962,-6.71394497058888],[-62.774092366549269,-6.70489896775142]]]}},
{"type":"Feature","properties":{"DESCRIPTION":"MDT_1389207.tif","FILENAME":"U:\\P589_AmazoniaRevelada_BR-319\\LiDAR_dataset\\ENTREGAS\\ENTREGA_08\\2_MDT\\GEOTIFF\\MDT_1389207.tif","SHRT_FNAME":"MDT_1389207.tif","UPPER_LEFT_X":"523967.045","UPPER_LEFT_Y":"9258867.582","LOWER_RIGHT_X":"524967.045","LOWER_RIGHT_Y":"9257867.582"},"geometry":{"type":"Polygon","coordinates":[[[-62.783141379415255,-6.704903049068525],[-62.774093226123561,-6.704898968147031],[-62.774089057946121,-6.713944970985028],[-62.783137378180889,-6.713949057461039],[-62.783141379415255,-6.704903049068525]]]}},
{"type":"Feature","properties":{"DESCRIPTION":"MDT_1389206.tif","FILENAME":"U:\\P589_AmazoniaRevelada_BR-319\\LiDAR_dataset\\ENTREGAS\\ENTREGA_08\\2_MDT\\GEOTIFF\\MDT_1389206.tif","SHRT_FNAME":"MDT_1389206.tif","UPPER_LEFT_X":"522966.950","UPPER_LEFT_Y":"9258867.582","LOWER_RIGHT_X":"523966.950","LOWER_RIGHT_Y":"9257867.582"},"geometry":{"type":"Polygon","coordinates":[[[-62.792190397799693,-6.704906963565242],[-62.783142238990095,-6.704903049448289],[-62.783138237771581,-6.71394905784132],[-62.792186563524766,-6.713952977285752],[-62.792190397799693,-6.704906963565242]]]}},
{"type":"Feature","properties":{"DESCRIPTION":"MDT_1389205.tif","FILENAME":"U:\\P589_AmazoniaRevelada_BR-319\\LiDAR_dataset\\ENTREGAS\\ENTREGA_08\\2_MDT\\GEOTIFF\\MDT_1389205.tif","SHRT_FNAME":"MDT_1389205.tif","UPPER_LEFT_X":"521966.854","UPPER_LEFT_Y":"9258867.582","LOWER_RIGHT_X":"522966.854","LOWER_RIGHT_Y":"9257867.582"},"geometry":{"type":"Polygon","coordinates":[[[-62.801239430520468,-6.70491071124475],[-62.792191266423195,-6.704906963932991],[-62.792187432164305,-6.713952977653999],[-62.801235763205646,-6.713956730066204],[-62.801239430520468,-6.70491071124475]]]}},
{"type":"Feature","properties":{"DESCRIPTION":"MDT_1389204.tif","FILENAME":"U:\\P589_AmazoniaRevelada_BR-319\\LiDAR_dataset\\ENTREGAS\\ENTREGA_08\\2_MDT\\GEOTIFF\\MDT_1389204.tif","SHRT_FNAME":"MDT_1389204.tif","UPPER_LEFT_X":"520966.759","UPPER_LEFT_Y":"9258867.582","LOWER_RIGHT_X":"521966.759","LOWER_RIGHT_Y":"9257867.582"},"geometry":{"type":"Polygon","coordinates":[[[-62.810288459250998,-6.704914292099092],[-62.80124029009631,-6.704910711592823],[-62.801236622797326,-6.713956730414749],[-62.810284958896553,-6.713960315794422],[-62.810288459250998,-6.704914292099092]]]}},
{"type":"Feature","properties":{"DESCRIPTION":"MDT_1389203.tif","FILENAME":"U:\\P589_AmazoniaRevelada_BR-319\\LiDAR_dataset\\ENTREGAS\\ENTREGA_08\\2_MDT\\GEOTIFF\\MDT_1389203.tif","SHRT_FNAME":"MDT_1389203.tif","UPPER_LEFT_X":"519966.664","UPPER_LEFT_Y":"9258867.582","LOWER_RIGHT_X":"520966.664","LOWER_RIGHT_Y":"9257867.582"},"geometry":{"type":"Polygon","coordinates":[[[-62.819337492809161,-6.70491770613165],[-62.810289318827294,-6.704914292431316],[-62.810285818488708,-6.7139603161271],[-62.819334159415533,-6.713963734473799],[-62.819337492809161,-6.70491770613165]]]}},
{"type":"Feature","properties":{"DESCRIPTION":"MDT_1389202.tif","FILENAME":"U:\\P589_AmazoniaRevelada_BR-319\\LiDAR_dataset\\ENTREGAS\\ENTREGA_08\\2_MDT\\GEOTIFF\\MDT_1389202.tif","SHRT_FNAME":"MDT_1389202.tif","UPPER_LEFT_X":"518966.569","UPPER_LEFT_Y":"9258867.582","LOWER_RIGHT_X":"519966.569","LOWER_RIGHT_Y":"9257867.582"},"geometry":{"type":"Polygon","coordinates":[[[-62.8283865309647,-6.704920953342001],[-62.81933835238592,-6.704917706448027],[-62.819335019008143,-6.713963734790608],[-62.828383364532307,-6.713966986103908],[-62.8283865309647,-6.704920953342001]]]}},
{"type":"Feature","properties":{"DESCRIPTION":"MDT_1389201.tif","FILENAME":"U:\\P589_AmazoniaRevelada_BR-319\\LiDAR_dataset\\ENTREGAS\\ENTREGA_08\\2_MDT\\GEOTIFF\\MDT_1389201.tif","SHRT_FNAME":"MDT_1389201.tif","UPPER_LEFT_X":"517966.474","UPPER_LEFT_Y":"9258867.582","LOWER_RIGHT_X":"518966.474","LOWER_RIGHT_Y":"9257867.582"},"geometry":{"type":"Polygon","coordinates":[[[-62.837435573487333,-6.704924033729743],[-62.828387390541877,-6.704920953642533],[-62.828384224125351,-6.713966986404848],[-62.837432574016582,-6.713970070684347],[-62.837435573487333,-6.704924033729743]]]}},
{"type":"Feature","properties":{"DESCRIPTION":"MDT_1389200.tif","FILENAME":"U:\\P589_AmazoniaRevelada_BR-319\\LiDAR_dataset\\ENTREGAS\\ENTREGA_08\\2_MDT\\GEOTIFF\\MDT_1389200.tif","SHRT_FNAME":"MDT_1389200.tif","UPPER_LEFT_X":"516966.378","UPPER_LEFT_Y":"9258867.582","LOWER_RIGHT_X":"517966.378","LOWER_RIGHT_Y":"9257867.582"},"geometry":{"type":"Polygon","coordinates":[[[-62.846484629194983,-6.704926947297323],[-62.837436442113102,-6.704924034017425],[-62.837433442658366,-6.713970070972419],[-62.846481796686405,-6.713972988217565],[-62.846484629194983,-6.704926947297323]]]}},
{"type":"Feature","properties":{"DESCRIPTION":"MDT_1389199.tif","FILENAME":"U:\\P589_AmazoniaRevelada_BR-319\\LiDAR_dataset\\ENTREGAS\\ENTREGA_08\\2_MDT\\GEOTIFF\\MDT_1389199.tif","SHRT_FNAME":"MDT_1389199.tif","UPPER_LEFT_X":"515966.283","UPPER_LEFT_Y":"9258867.582","LOWER_RIGHT_X":"516966.283","LOWER_RIGHT_Y":"9257867.582"},"geometry":{"type":"Polygon","coordinates":[[[-62.85553367976101,-6.704929694038553],[-62.846485488772956,-6.704926947566162],[-62.846482656280237,-6.71397298848677],[-62.855531014214797,-6.713975738697366],[-62.85553367976101,-6.704929694038553]]]}},
{"type":"Feature","properties":{"DESCRIPTION":"MDT_1389198.tif","FILENAME":"U:\\P589_AmazoniaRevelada_BR-319\\LiDAR_dataset\\ENTREGAS\\ENTREGA_08\\2_MDT\\GEOTIFF\\MDT_1389198.tif","SHRT_FNAME":"MDT_1389198.tif","UPPER_LEFT_X":"514966.188","UPPER_LEFT_Y":"9258867.582","LOWER_RIGHT_X":"515966.188","LOWER_RIGHT_Y":"9257867.582"},"geometry":{"type":"Polygon","coordinates":[[[-62.864582734003328,-6.704932273956087],[-62.855534539339338,-6.704929694291543],[-62.855531873808985,-6.713975738950701],[-62.864580235419808,-6.713978322126411],[-62.864582734003328,-6.704932273956087]]]}},
{"type":"Feature","properties":{"DESCRIPTION":"MDT_1389197.tif","FILENAME":"U:\\P589_AmazoniaRevelada_BR-319\\LiDAR_dataset\\ENTREGAS\\ENTREGA_08\\2_MDT\\GEOTIFF\\MDT_1389197.tif","SHRT_FNAME":"MDT_1389197.tif","UPPER_LEFT_X":"513966.093","UPPER_LEFT_Y":"9258867.582","LOWER_RIGHT_X":"514966.093","LOWER_RIGHT_Y":"9257867.582"},"geometry":{"type":"Polygon","coordinates":[[[-62.873631791691651,-6.704934687049607],[-62.864583593581983,-6.704932274193232],[-62.86458109501433,-6.713978322363878],[-62.873629460071143,-6.713980738504376],[-62.873631791691651,-6.704934687049607]]]}},
{"type":"Feature","properties":{"DESCRIPTION":"MDT_1389196.tif","FILENAME":"U:\\P589_AmazoniaRevelada_BR-319\\LiDAR_dataset\\ENTREGAS\\ENTREGA_08\\2_MDT\\GEOTIFF\\MDT_1389196.tif","SHRT_FNAME":"MDT_1389196.tif","UPPER_LEFT_X":"512965.998","UPPER_LEFT_Y":"9258867.582","LOWER_RIGHT_X":"513965.998","LOWER_RIGHT_Y":"9257867.582"},"geometry":{"type":"Polygon","coordinates":[[[-62.882680852595712,-6.70493693331881],[-62.873632651270626,-6.704934687270904],[-62.873630319665985,-6.713980738725975],[-62.882678687938508,-6.713982987830962],[-62.882680852595712,-6.70493693331881]]]}},
{"type":"Feature","properties":{"DESCRIPTION":"MDT_1389195.tif","FILENAME":"U:\\P589_AmazoniaRevelada_BR-319\\LiDAR_dataset\\ENTREGAS\\ENTREGA_08\\2_MDT\\GEOTIFF\\MDT_1389195.tif","SHRT_FNAME":"MDT_1389195.tif","UPPER_LEFT_X":"511965.902","UPPER_LEFT_Y":"9258867.582","LOWER_RIGHT_X":"512965.902","LOWER_RIGHT_Y":"9257867.582"},"geometry":{"type":"Polygon","coordinates":[[[-62.891729925533447,-6.704939012765416],[-62.882681721223186,-6.704936933526423],[-62.882679556582012,-6.71398298803886],[-62.89172792783998,-6.71398507010789],[-62.891729925533447,-6.704939012765416]]]}},
{"type":"Feature","properties":{"DESCRIPTION":"MDT_1389194.tif","FILENAME":"U:\\P589_AmazoniaRevelada_BR-319\\LiDAR_dataset\\ENTREGAS\\ENTREGA_08\\2_MDT\\GEOTIFF\\MDT_1389194.tif","SHRT_FNAME":"MDT_1389194.tif","UPPER_LEFT_X":"510965.807","UPPER_LEFT_Y":"9258867.582","LOWER_RIGHT_X":"511965.807","LOWER_RIGHT_Y":"9257867.582"},"geometry":{"type":"Polygon","coordinates":[[[-62.900778992178168,-6.704940925385007],[-62.891730785112991,-6.704939012955021],[-62.89172878743539,-6.713985070297753],[-62.900777161448531,-6.713986985330736],[-62.900778992178168,-6.704940925385007]]]}},
{"type":"Feature","properties":{"DESCRIPTION":"MDT_1389193.tif","FILENAME":"U:\\P589_AmazoniaRevelada_BR-319\\LiDAR_dataset\\ENTREGAS\\ENTREGA_08\\2_MDT\\GEOTIFF\\MDT_1389193.tif","SHRT_FNAME":"MDT_1389193.tif","UPPER_LEFT_X":"509965.712","UPPER_LEFT_Y":"9258867.582","LOWER_RIGHT_X":"510965.712","LOWER_RIGHT_Y":"9257867.582"},"geometry":{"type":"Polygon","coordinates":[[[-62.909828061347795,-6.704942671179508],[-62.90077985175796,-6.704940925558764],[-62.900778021044182,-6.71398698550473],[-62.909826397582215,-6.713988733501427],[-62.909828061347795,-6.704942671179508]]]}},
{"type":"Feature","properties":{"DESCRIPTION":"MDT_1388251.tif","FILENAME":"U:\\P589_AmazoniaRevelada_BR-319\\LiDAR_dataset\\ENTREGAS\\ENTREGA_08\\2_MDT\\GEOTIFF\\MDT_1388251.tif","SHRT_FNAME":"MDT_1388251.tif","UPPER_LEFT_X":"567971.234","UPPER_LEFT_Y":"9259867.457","LOWER_RIGHT_X":"568971.234","LOWER_RIGHT_Y":"9258867.457"},"geometry":{"type":"Polygon","coordinates":[[[-62.385004549274939,-6.695521247368216],[-62.375957033348811,-6.695509843381559],[-62.375945535664044,-6.704555380370791],[-62.384993218260426,-6.704566799899922],[-62.385004549274939,-6.695521247368216]]]}},
{"type":"Feature","properties":{"DESCRIPTION":"MDT_1388250.tif","FILENAME":"U:\\P589_AmazoniaRevelada_BR-319\\LiDAR_dataset\\ENTREGAS\\ENTREGA_08\\2_MDT\\GEOTIFF\\MDT_1388250.tif","SHRT_FNAME":"MDT_1388250.tif","UPPER_LEFT_X":"566971.138","UPPER_LEFT_Y":"9259867.457","LOWER_RIGHT_X":"567971.138","LOWER_RIGHT_Y":"9258867.457"},"geometry":{"type":"Polygon","coordinates":[[[-62.394052949409584,-6.695532485905785],[-62.38500541783722,-6.695521248455004],[-62.384994086838709,-6.704566800988193],[-62.394041785082706,-6.704578053754478],[-62.394052949409584,-6.695532485905785]]]}},
{"type":"Feature","properties":{"DESCRIPTION":"MDT_1388249.tif","FILENAME":"U:\\P589_AmazoniaRevelada_BR-319\\LiDAR_dataset\\ENTREGAS\\ENTREGA_08\\2_MDT\\GEOTIFF\\MDT_1388249.tif","SHRT_FNAME":"MDT_1388249.tif","UPPER_LEFT_X":"565971.043","UPPER_LEFT_Y":"9259867.457","LOWER_RIGHT_X":"566971.043","LOWER_RIGHT_Y":"9258867.457"},"geometry":{"type":"Polygon","coordinates":[[[-62.403101355914188,-6.695543557879107],[-62.394053808925811,-6.695532486965432],[-62.394042644614778,-6.70457805481557],[-62.403090358276209,-6.704589140817778],[-62.403101355914188,-6.695543557879107]]]}},
{"type":"Feature","properties":{"DESCRIPTION":"MDT_1388248.tif","FILENAME":"U:\\P589_AmazoniaRevelada_BR-319\\LiDAR_dataset\\ENTREGAS\\ENTREGA_08\\2_MDT\\GEOTIFF\\MDT_1388248.tif","SHRT_FNAME":"MDT_1388248.tif","UPPER_LEFT_X":"564970.948","UPPER_LEFT_Y":"9259867.457","LOWER_RIGHT_X":"565970.948","LOWER_RIGHT_Y":"9258867.457"},"geometry":{"type":"Polygon","coordinates":[[[-62.412149777606118,-6.69555446329813],[-62.403102215431879,-6.695543558922934],[-62.403091217809738,-6.704589141863026],[-62.412138946658395,-6.70460006109978],[-62.412149777606118,-6.69555446329813]]]}},
{"type":"Feature","properties":{"DESCRIPTION":"MDT_1388247.tif","FILENAME":"U:\\P589_AmazoniaRevelada_BR-319\\LiDAR_dataset\\ENTREGAS\\ENTREGA_08\\2_MDT\\GEOTIFF\\MDT_1388247.tif","SHRT_FNAME":"MDT_1388247.tif","UPPER_LEFT_X":"563970.853","UPPER_LEFT_Y":"9259867.457","LOWER_RIGHT_X":"564970.853","LOWER_RIGHT_Y":"9258867.457"},"geometry":{"type":"Polygon","coordinates":[[[-62.42119821425517,-6.695565202161498],[-62.412150637125244,-6.695554464326135],[-62.412139806193359,-6.704600062129186],[-62.421187549999068,-6.704610814599129],[-62.42119821425517,-6.695565202161498]]]}},
{"type":"Feature","properties":{"DESCRIPTION":"MDT_1388246.tif","FILENAME":"U:\\P589_AmazoniaRevelada_BR-319\\LiDAR_dataset\\ENTREGAS\\ENTREGA_08\\2_MDT\\GEOTIFF\\MDT_1388246.tif","SHRT_FNAME":"MDT_1388246.tif","UPPER_LEFT_X":"562970.758","UPPER_LEFT_Y":"9259867.457","LOWER_RIGHT_X":"563970.758","LOWER_RIGHT_Y":"9258867.457"},"geometry":{"type":"Polygon","coordinates":[[[-62.430246665631145,-6.695575774467876],[-62.421199073775696,-6.695565203173681],[-62.421188409535432,-6.704610815612694],[-62.430236168067992,-6.704621401314493],[-62.430246665631145,-6.695575774467876]]]}},
{"type":"Feature","properties":{"DESCRIPTION":"MDT_1388245.tif","FILENAME":"U:\\P589_AmazoniaRevelada_BR-319\\LiDAR_dataset\\ENTREGAS\\ENTREGA_08\\2_MDT\\GEOTIFF\\MDT_1388245.tif","SHRT_FNAME":"MDT_1388245.tif","UPPER_LEFT_X":"561970.662","UPPER_LEFT_Y":"9259867.457","LOWER_RIGHT_X":"562970.662","LOWER_RIGHT_Y":"9258867.457"},"geometry":{"type":"Polygon","coordinates":[[[-62.439295140551479,-6.695586180226276],[-62.430247534200667,-6.695575775474727],[-62.430237036653516,-6.704621402322714],[-62.439284809682761,-6.704631821254889],[-62.439295140551479,-6.695586180226276]]]}},
{"type":"Feature","properties":{"DESCRIPTION":"MDT_1388244.tif","FILENAME":"U:\\P589_AmazoniaRevelada_BR-319\\LiDAR_dataset\\ENTREGAS\\ENTREGA_08\\2_MDT\\GEOTIFF\\MDT_1388244.tif","SHRT_FNAME":"MDT_1388244.tif","UPPER_LEFT_X":"560970.567","UPPER_LEFT_Y":"9259867.457","LOWER_RIGHT_X":"561970.567","LOWER_RIGHT_Y":"9258867.457"},"geometry":{"type":"Polygon","coordinates":[[[-62.448343620690736,-6.695596419414596],[-62.439296000074755,-6.695586181206818],[-62.439285669221881,-6.704631822236765],[-62.448333456517581,-6.704642074398186],[-62.448343620690736,-6.695596419414596]]]}},
{"type":"Feature","properties":{"DESCRIPTION":"MDT_1388243.tif","FILENAME":"U:\\P589_AmazoniaRevelada_BR-319\\LiDAR_dataset\\ENTREGAS\\ENTREGA_08\\2_MDT\\GEOTIFF\\MDT_1388243.tif","SHRT_FNAME":"MDT_1388243.tif","UPPER_LEFT_X":"559970.472","UPPER_LEFT_Y":"9259867.457","LOWER_RIGHT_X":"560970.472","LOWER_RIGHT_Y":"9258867.457"},"geometry":{"type":"Polygon","coordinates":[[[-62.457392114866344,-6.695606492042052],[-62.448344480215361,-6.695596420379315],[-62.448334316058052,-6.70464207536422],[-62.457382117390026,-6.704652160753614],[-62.457392114866344,-6.695606492042052]]]}},
{"type":"Feature","properties":{"DESCRIPTION":"MDT_1388242.tif","FILENAME":"U:\\P589_AmazoniaRevelada_BR-319\\LiDAR_dataset\\ENTREGAS\\ENTREGA_08\\2_MDT\\GEOTIFF\\MDT_1388242.tif","SHRT_FNAME":"MDT_1388242.tif","UPPER_LEFT_X":"558970.377","UPPER_LEFT_Y":"9259867.457","LOWER_RIGHT_X":"559970.377","LOWER_RIGHT_Y":"9258867.457"},"geometry":{"type":"Polygon","coordinates":[[[-62.466440622848076,-6.695616398107393],[-62.457392974392292,-6.695606492990949],[-62.457382976931811,-6.704652161703804],[-62.466430792069843,-6.704662080319923],[-62.466440622848076,-6.695616398107393]]]}},
{"type":"Feature","properties":{"DESCRIPTION":"MDT_1388241.tif","FILENAME":"U:\\P589_AmazoniaRevelada_BR-319\\LiDAR_dataset\\ENTREGAS\\ENTREGA_08\\2_MDT\\GEOTIFF\\MDT_1388241.tif","SHRT_FNAME":"MDT_1388241.tif","UPPER_LEFT_X":"557970.282","UPPER_LEFT_Y":"9259867.457","LOWER_RIGHT_X":"558970.282","LOWER_RIGHT_Y":"9258867.457"},"geometry":{"type":"Polygon","coordinates":[[[-62.475489144405749,-6.695626137609389],[-62.46644148237533,-6.695616399040468],[-62.466431651612929,-6.70466208125427],[-62.475479480326825,-6.704671833095876],[-62.475489144405749,-6.695626137609389]]]}},
{"type":"Feature","properties":{"DESCRIPTION":"MDT_1388240.tif","FILENAME":"U:\\P589_AmazoniaRevelada_BR-319\\LiDAR_dataset\\ENTREGAS\\ENTREGA_08\\2_MDT\\GEOTIFF\\MDT_1388240.tif","SHRT_FNAME":"MDT_1388240.tif","UPPER_LEFT_X":"556970.186","UPPER_LEFT_Y":"9259867.457","LOWER_RIGHT_X":"557970.186","LOWER_RIGHT_Y":"9258867.457"},"geometry":{"type":"Polygon","coordinates":[[[-62.484537688356838,-6.695635710556321],[-62.475490012981943,-6.695626138536298],[-62.475480348919035,-6.704671834024048],[-62.484528190978601,-6.704681419089766],[-62.484537688356838,-6.695635710556321]]]}},
{"type":"Feature","properties":{"DESCRIPTION":"MDT_1388239.tif","FILENAME":"U:\\P589_AmazoniaRevelada_BR-319\\LiDAR_dataset\\ENTREGAS\\ENTREGA_08\\2_MDT\\GEOTIFF\\MDT_1388239.tif","SHRT_FNAME":"MDT_1388239.tif","UPPER_LEFT_X":"555970.091","UPPER_LEFT_Y":"9259867.457","LOWER_RIGHT_X":"556970.091","LOWER_RIGHT_Y":"9258867.457"},"geometry":{"type":"Polygon","coordinates":[[[-62.493586236375769,-6.695645116927854],[-62.484538547886608,-6.69563571145775],[-62.48452905052423,-6.704681419992427],[-62.49357690569925,-6.704690838281237],[-62.493586236375769,-6.695645116927854]]]}},
{"type":"Feature","properties":{"DESCRIPTION":"MDT_1388238.tif","FILENAME":"U:\\P589_AmazoniaRevelada_BR-319\\LiDAR_dataset\\ENTREGAS\\ENTREGA_08\\2_MDT\\GEOTIFF\\MDT_1388238.tif","SHRT_FNAME":"MDT_1388238.tif","UPPER_LEFT_X":"554969.996","UPPER_LEFT_Y":"9259867.457","LOWER_RIGHT_X":"555969.996","LOWER_RIGHT_Y":"9258867.457"},"geometry":{"type":"Polygon","coordinates":[[[-62.50263479728001,-6.695654356732478],[-62.49358709590679,-6.695645117813462],[-62.493577765246116,-6.704690839168052],[-62.502625633306387,-6.704700090678782],[-62.50263479728001,-6.695654356732478]]]}},
{"type":"Feature","properties":{"DESCRIPTION":"MDT_1388237.tif","FILENAME":"U:\\P589_AmazoniaRevelada_BR-319\\LiDAR_dataset\\ENTREGAS\\ENTREGA_08\\2_MDT\\GEOTIFF\\MDT_1388237.tif","SHRT_FNAME":"MDT_1388237.tif","UPPER_LEFT_X":"553969.901","UPPER_LEFT_Y":"9259867.457","LOWER_RIGHT_X":"554969.901","LOWER_RIGHT_Y":"9258867.457"},"geometry":{"type":"Polygon","coordinates":[[[-62.511683370839371,-6.695663429969043],[-62.502635656812252,-6.695654357602263],[-62.502626492854461,-6.704700091549753],[-62.511674373569782,-6.704709176281254],[-62.511683370839371,-6.695663429969043]]]}},
{"type":"Feature","properties":{"DESCRIPTION":"MDT_1388236.tif","FILENAME":"U:\\P589_AmazoniaRevelada_BR-319\\LiDAR_dataset\\ENTREGAS\\ENTREGA_08\\2_MDT\\GEOTIFF\\MDT_1388236.tif","SHRT_FNAME":"MDT_1388236.tif","UPPER_LEFT_X":"552969.806","UPPER_LEFT_Y":"9259867.457","LOWER_RIGHT_X":"553969.806","LOWER_RIGHT_Y":"9258867.457"},"geometry":{"type":"Polygon","coordinates":[[[-62.520731956823624,-6.695672336636423],[-62.511684230372801,-6.695663430823005],[-62.51167523311905,-6.704709177136381],[-62.520723126259192,-6.704718095087525],[-62.520731956823624,-6.695672336636423]]]}},
{"type":"Feature","properties":{"DESCRIPTION":"MDT_1388235.tif","FILENAME":"U:\\P589_AmazoniaRevelada_BR-319\\LiDAR_dataset\\ENTREGAS\\ENTREGA_08\\2_MDT\\GEOTIFF\\MDT_1388235.tif","SHRT_FNAME":"MDT_1388235.tif","UPPER_LEFT_X":"551969.710","UPPER_LEFT_Y":"9259867.457","LOWER_RIGHT_X":"552969.710","LOWER_RIGHT_Y":"9258867.457"},"geometry":{"type":"Polygon","coordinates":[[[-62.529780564050306,-6.69568107674217],[-62.520732825405958,-6.695672337483387],[-62.520723994857519,-6.704718095935643],[-62.529771900192294,-6.704726847105158],[-62.529780564050306,-6.69568107674217]]]}},
{"type":"Feature","properties":{"DESCRIPTION":"MDT_1388234.tif","FILENAME":"U:\\P589_AmazoniaRevelada_BR-319\\LiDAR_dataset\\ENTREGAS\\ENTREGA_08\\2_MDT\\GEOTIFF\\MDT_1388234.tif","SHRT_FNAME":"MDT_1388234.tif","UPPER_LEFT_X":"550969.615","UPPER_LEFT_Y":"9259867.457","LOWER_RIGHT_X":"551969.615","LOWER_RIGHT_Y":"9258867.457"},"geometry":{"type":"Polygon","coordinates":[[[-62.538829174193715,-6.695689650267719],[-62.529781423586044,-6.695681077564488],[-62.529772759743871,-6.704726847928596],[-62.538820677043056,-6.704735432315558],[-62.538829174193715,-6.695689650267719]]]}},
{"type":"Feature","properties":{"DESCRIPTION":"MDT_1388233.tif","FILENAME":"U:\\P589_AmazoniaRevelada_BR-319\\LiDAR_dataset\\ENTREGAS\\ENTREGA_08\\2_MDT\\GEOTIFF\\MDT_1388233.tif","SHRT_FNAME":"MDT_1388233.tif","UPPER_LEFT_X":"549969.520","UPPER_LEFT_Y":"9259867.457","LOWER_RIGHT_X":"550969.520","LOWER_RIGHT_Y":"9258867.457"},"geometry":{"type":"Polygon","coordinates":[[[-62.547877796071376,-6.695698057220829],[-62.538830033730591,-6.695689651074216],[-62.538821536595769,-6.704735433123154],[-62.547869465629134,-6.7047438507265],[-62.547877796071376,-6.695698057220829]]]}},
{"type":"Feature","properties":{"DESCRIPTION":"MDT_1388232.tif","FILENAME":"U:\\P589_AmazoniaRevelada_BR-319\\LiDAR_dataset\\ENTREGAS\\ENTREGA_08\\2_MDT\\GEOTIFF\\MDT_1388232.tif","SHRT_FNAME":"MDT_1388232.tif","UPPER_LEFT_X":"548969.425","UPPER_LEFT_Y":"9259867.457","LOWER_RIGHT_X":"549969.425","LOWER_RIGHT_Y":"9258867.457"},"geometry":{"type":"Polygon","coordinates":[[[-62.556926429453085,-6.695706297600455],[-62.547878655609345,-6.695698058011502],[-62.547870325182942,-6.70474385151825],[-62.556918265720284,-6.704752102336934],[-62.556926429453085,-6.695706297600455]]]}},
{"type":"Feature","properties":{"DESCRIPTION":"MDT_1388231.tif","FILENAME":"U:\\P589_AmazoniaRevelada_BR-319\\LiDAR_dataset\\ENTREGAS\\ENTREGA_08\\2_MDT\\GEOTIFF\\MDT_1388231.tif","SHRT_FNAME":"MDT_1388231.tif","UPPER_LEFT_X":"547969.330","UPPER_LEFT_Y":"9259867.457","LOWER_RIGHT_X":"548969.330","LOWER_RIGHT_Y":"9258867.457"},"geometry":{"type":"Polygon","coordinates":[[[-62.565975074108593,-6.695714371405574],[-62.556927288992135,-6.695706298375305],[-62.556919125275172,-6.704752103112839],[-62.56596707708627,-6.704760187145838],[-62.565975074108593,-6.695714371405574]]]}},
{"type":"Feature","properties":{"DESCRIPTION":"MDT_1388230.tif","FILENAME":"U:\\P589_AmazoniaRevelada_BR-319\\LiDAR_dataset\\ENTREGAS\\ENTREGA_08\\2_MDT\\GEOTIFF\\MDT_1388230.tif","SHRT_FNAME":"MDT_1388230.tif","UPPER_LEFT_X":"546969.234","UPPER_LEFT_Y":"9259867.457","LOWER_RIGHT_X":"547969.234","LOWER_RIGHT_Y":"9258867.457"},"geometry":{"type":"Polygon","coordinates":[[[-62.575023738855499,-6.695722278643006],[-62.565975942696497,-6.695714372172591],[-62.565967945690183,-6.7047601879139],[-62.575015908544827,-6.70476810516004],[-62.575023738855499,-6.695722278643006]]]}},
{"type":"Feature","properties":{"DESCRIPTION":"MDT_1388229.tif","FILENAME":"U:\\P589_AmazoniaRevelada_BR-319\\LiDAR_dataset\\ENTREGAS\\ENTREGA_08\\2_MDT\\GEOTIFF\\MDT_1388229.tif","SHRT_FNAME":"MDT_1388229.tif","UPPER_LEFT_X":"545969.139","UPPER_LEFT_Y":"9259867.457","LOWER_RIGHT_X":"546969.139","LOWER_RIGHT_Y":"9258867.457"},"geometry":{"type":"Polygon","coordinates":[[[-62.584072405367984,-6.695730019295959],[-62.575024598396652,-6.695722279386209],[-62.575016768101818,-6.704768105904257],[-62.58406474176978,-6.704775856362725],[-62.584072405367984,-6.695730019295959]]]}},
{"type":"Feature","properties":{"DESCRIPTION":"MDT_1388228.tif","FILENAME":"U:\\P589_AmazoniaRevelada_BR-319\\LiDAR_dataset\\ENTREGAS\\ENTREGA_08\\2_MDT\\GEOTIFF\\MDT_1388228.tif","SHRT_FNAME":"MDT_1388228.tif","UPPER_LEFT_X":"544969.044","UPPER_LEFT_Y":"9259867.457","LOWER_RIGHT_X":"545969.044","LOWER_RIGHT_Y":"9258867.457"},"geometry":{"type":"Polygon","coordinates":[[[-62.593121082463625,-6.695737593371458],[-62.584073264910167,-6.695730020023338],[-62.584065601327787,-6.704775857091097],[-62.593113585578834,-6.704783440760928],[-62.593121082463625,-6.695737593371458]]]}},
{"type":"Feature","properties":{"DESCRIPTION":"MDT_1388227.tif","FILENAME":"U:\\P589_AmazoniaRevelada_BR-319\\LiDAR_dataset\\ENTREGAS\\ENTREGA_08\\2_MDT\\GEOTIFF\\MDT_1388227.tif","SHRT_FNAME":"MDT_1388227.tif","UPPER_LEFT_X":"543968.949","UPPER_LEFT_Y":"9259867.457","LOWER_RIGHT_X":"544968.949","LOWER_RIGHT_Y":"9258867.457"},"geometry":{"type":"Polygon","coordinates":[[[-62.602169769912202,-6.695745000868564],[-62.593121942006803,-6.695737594083014],[-62.593114445137836,-6.704783441473456],[-62.602162439741761,-6.704790858353712],[-62.602169769912202,-6.695745000868564]]]}},
{"type":"Feature","properties":{"DESCRIPTION":"MDT_1388226.tif","FILENAME":"U:\\P589_AmazoniaRevelada_BR-319\\LiDAR_dataset\\ENTREGAS\\ENTREGA_08\\2_MDT\\GEOTIFF\\MDT_1388226.tif","SHRT_FNAME":"MDT_1388226.tif","UPPER_LEFT_X":"542968.854","UPPER_LEFT_Y":"9259867.457","LOWER_RIGHT_X":"543968.854","LOWER_RIGHT_Y":"9258867.457"},"geometry":{"type":"Polygon","coordinates":[[[-62.611218467483468,-6.695752241786359],[-62.602170629456332,-6.695745001564298],[-62.602163299301736,-6.704790859050394],[-62.611211304028295,-6.704798109140151],[-62.611218467483468,-6.695752241786359]]]}},
{"type":"Feature","properties":{"DESCRIPTION":"MDT_1388225.tif","FILENAME":"U:\\P589_AmazoniaRevelada_BR-319\\LiDAR_dataset\\ENTREGAS\\ENTREGA_08\\2_MDT\\GEOTIFF\\MDT_1388225.tif","SHRT_FNAME":"MDT_1388225.tif","UPPER_LEFT_X":"541968.758","UPPER_LEFT_Y":"9259867.457","LOWER_RIGHT_X":"542968.758","LOWER_RIGHT_Y":"9258867.457"},"geometry":{"type":"Polygon","coordinates":[[[-62.620267183995047,-6.695759316130932],[-62.611219336076388,-6.695752242473425],[-62.611212172637231,-6.704798109828153],[-62.620260187256221,-6.704805193126345],[-62.620267183995047,-6.695759316130932]]]}},
{"type":"Feature","properties":{"DESCRIPTION":"MDT_1388224.tif","FILENAME":"U:\\P589_AmazoniaRevelada_BR-319\\LiDAR_dataset\\ENTREGAS\\ENTREGA_08\\2_MDT\\GEOTIFF\\MDT_1388224.tif","SHRT_FNAME":"MDT_1388224.tif","UPPER_LEFT_X":"540968.663","UPPER_LEFT_Y":"9259867.457","LOWER_RIGHT_X":"541968.663","LOWER_RIGHT_Y":"9258867.457"},"geometry":{"type":"Polygon","coordinates":[[[-62.629315901121039,-6.695766223887259],[-62.620268043541067,-6.695759316795018],[-62.620261046818079,-6.704805193791335],[-62.629309071099264,-6.704812110297252],[-62.629315901121039,-6.695766223887259]]]}},
{"type":"Feature","properties":{"DESCRIPTION":"MDT_1388223.tif","FILENAME":"U:\\P589_AmazoniaRevelada_BR-319\\LiDAR_dataset\\ENTREGAS\\ENTREGA_08\\2_MDT\\GEOTIFF\\MDT_1388223.tif","SHRT_FNAME":"MDT_1388223.tif","UPPER_LEFT_X":"539968.568","UPPER_LEFT_Y":"9259867.457","LOWER_RIGHT_X":"540968.568","LOWER_RIGHT_Y":"9258867.457"},"geometry":{"type":"Polygon","coordinates":[[[-62.638364627679046,-6.695772965061637],[-62.629316760667962,-6.695766224535519],[-62.629309930662032,-6.704812110946397],[-62.638357964375174,-6.704818860659174],[-62.638364627679046,-6.695772965061637]]]}},
{"type":"Feature","properties":{"DESCRIPTION":"MDT_1388222.tif","FILENAME":"U:\\P589_AmazoniaRevelada_BR-319\\LiDAR_dataset\\ENTREGAS\\ENTREGA_08\\2_MDT\\GEOTIFF\\MDT_1388222.tif","SHRT_FNAME":"MDT_1388222.tif","UPPER_LEFT_X":"538968.473","UPPER_LEFT_Y":"9259867.457","LOWER_RIGHT_X":"539968.473","LOWER_RIGHT_Y":"9258867.457"},"geometry":{"type":"Polygon","coordinates":[[[-62.647413363438837,-6.695779539653229],[-62.638365487226849,-6.695772965694072],[-62.638358823938816,-6.704818861292473],[-62.647406866853693,-6.704825444211277],[-62.647413363438837,-6.695779539653229]]]}},
{"type":"Feature","properties":{"DESCRIPTION":"MDT_1388221.tif","FILENAME":"U:\\P589_AmazoniaRevelada_BR-319\\LiDAR_dataset\\ENTREGAS\\ENTREGA_08\\2_MDT\\GEOTIFF\\MDT_1388221.tif","SHRT_FNAME":"MDT_1388221.tif","UPPER_LEFT_X":"537968.378","UPPER_LEFT_Y":"9259867.457","LOWER_RIGHT_X":"538968.378","LOWER_RIGHT_Y":"9258867.457"},"geometry":{"type":"Polygon","coordinates":[[[-62.656462108170167,-6.69578594766122],[-62.647414222987507,-6.695779540269842],[-62.647407726418201,-6.704825444828733],[-62.656455778304576,-6.704831860952743],[-62.656462108170167,-6.69578594766122]]]}},
{"type":"Feature","properties":{"DESCRIPTION":"MDT_1388220.tif","FILENAME":"U:\\P589_AmazoniaRevelada_BR-319\\LiDAR_dataset\\ENTREGAS\\ENTREGA_08\\2_MDT\\GEOTIFF\\MDT_1388220.tif","SHRT_FNAME":"MDT_1388220.tif","UPPER_LEFT_X":"536968.282","UPPER_LEFT_Y":"9259867.457","LOWER_RIGHT_X":"537968.282","LOWER_RIGHT_Y":"9258867.457"},"geometry":{"type":"Polygon","coordinates":[[[-62.66551087069071,-6.695792189090973],[-62.656462976767564,-6.695785948268335],[-62.656456646917981,-6.704831861560684],[-62.665504707545637,-6.704838110888939],[-62.66551087069071,-6.695792189090973]]]}},
{"type":"Feature","properties":{"DESCRIPTION":"MDT_1388219.tif","FILENAME":"U:\\P589_AmazoniaRevelada_BR-319\\LiDAR_dataset\\ENTREGAS\\ENTREGA_08\\2_MDT\\GEOTIFF\\MDT_1388219.tif","SHRT_FNAME":"MDT_1388219.tif","UPPER_LEFT_X":"535968.187","UPPER_LEFT_Y":"9259867.457","LOWER_RIGHT_X":"536968.187","LOWER_RIGHT_Y":"9258867.457"},"geometry":{"type":"Polygon","coordinates":[[[-62.674559632674466,-6.695798263929229],[-62.66551173024105,-6.695792189675939],[-62.665505567111815,-6.704838111474702],[-62.674553636250508,-6.704844194006592],[-62.674559632674466,-6.695798263929229]]]}},
{"type":"Feature","properties":{"DESCRIPTION":"MDT_1388218.tif","FILENAME":"U:\\P589_AmazoniaRevelada_BR-319\\LiDAR_dataset\\ENTREGAS\\ENTREGA_08\\2_MDT\\GEOTIFF\\MDT_1388218.tif","SHRT_FNAME":"MDT_1388218.tif","UPPER_LEFT_X":"534968.092","UPPER_LEFT_Y":"9259867.457","LOWER_RIGHT_X":"535968.092","LOWER_RIGHT_Y":"9258867.457"},"geometry":{"type":"Polygon","coordinates":[[[-62.683608402939051,-6.69580417218156],[-62.674560492225595,-6.695798264498372],[-62.674554495817468,-6.70484419457651],[-62.683602573236954,-6.704850110311281],[-62.683608402939051,-6.69580417218156]]]}},
{"type":"Feature","properties":{"DESCRIPTION":"MDT_1388217.tif","FILENAME":"U:\\P589_AmazoniaRevelada_BR-319\\LiDAR_dataset\\ENTREGAS\\ENTREGA_08\\2_MDT\\GEOTIFF\\MDT_1388217.tif","SHRT_FNAME":"MDT_1388217.tif","UPPER_LEFT_X":"533967.997","UPPER_LEFT_Y":"9259867.457","LOWER_RIGHT_X":"534967.997","LOWER_RIGHT_Y":"9258867.457"},"geometry":{"type":"Polygon","coordinates":[[[-62.692657181254255,-6.69580991384723],[-62.683609262490961,-6.695804172734878],[-62.683603432804709,-6.704850110865351],[-62.692651518274765,-6.704855859802266],[-62.692657181254255,-6.69580991384723]]]}},
{"type":"Feature","properties":{"DESCRIPTION":"MDT_1388216.tif","FILENAME":"U:\\P589_AmazoniaRevelada_BR-319\\LiDAR_dataset\\ENTREGAS\\ENTREGA_08\\2_MDT\\GEOTIFF\\MDT_1388216.tif","SHRT_FNAME":"MDT_1388216.tif","UPPER_LEFT_X":"532967.902","UPPER_LEFT_Y":"9259867.457","LOWER_RIGHT_X":"533967.902","LOWER_RIGHT_Y":"9258867.457"},"geometry":{"type":"Polygon","coordinates":[[[-62.701705967389834,-6.695815488925527],[-62.692658040806919,-6.695809914384723],[-62.692652377843253,-6.704855860340492],[-62.701700471133641,-6.704861442478839],[-62.701705967389834,-6.695815488925527]]]}},
{"type":"Feature","properties":{"DESCRIPTION":"MDT_1388215.tif","FILENAME":"U:\\P589_AmazoniaRevelada_BR-319\\LiDAR_dataset\\ENTREGAS\\ENTREGA_08\\2_MDT\\GEOTIFF\\MDT_1388215.tif","SHRT_FNAME":"MDT_1388215.tif","UPPER_LEFT_X":"531967.806","UPPER_LEFT_Y":"9259867.457","LOWER_RIGHT_X":"532967.806","LOWER_RIGHT_Y":"9258867.457"},"geometry":{"type":"Polygon","coordinates":[[[-62.71075477016349,-6.695820897421085],[-62.70170683599116,-6.695815489452688],[-62.701701339750961,-6.704861443006718],[-62.710749440631453,-6.704866858345635],[-62.71075477016349,-6.695820897421085]]]}},
{"type":"Feature","properties":{"DESCRIPTION":"MDT_1388214.tif","FILENAME":"U:\\P589_AmazoniaRevelada_BR-319\\LiDAR_dataset\\ENTREGAS\\ENTREGA_08\\2_MDT\\GEOTIFF\\MDT_1388214.tif","SHRT_FNAME":"MDT_1388214.tif","UPPER_LEFT_X":"530967.711","UPPER_LEFT_Y":"9259867.457","LOWER_RIGHT_X":"531967.711","LOWER_RIGHT_Y":"9258867.457"},"geometry":{"type":"Polygon","coordinates":[[[-62.719803571249095,-6.695826139322416],[-62.710755629717589,-6.69582089792693],[-62.710750300201383,-6.704866858852169],[-62.719798408441726,-6.704872107391153],[-62.719803571249095,-6.695826139322416]]]}},
{"type":"Feature","properties":{"DESCRIPTION":"MDT_1388213.tif","FILENAME":"U:\\P589_AmazoniaRevelada_BR-319\\LiDAR_dataset\\ENTREGAS\\ENTREGA_08\\2_MDT\\GEOTIFF\\MDT_1388213.tif","SHRT_FNAME":"MDT_1388213.tif","UPPER_LEFT_X":"529967.616","UPPER_LEFT_Y":"9259867.457","LOWER_RIGHT_X":"530967.616","LOWER_RIGHT_Y":"9258867.457"},"geometry":{"type":"Polygon","coordinates":[[[-62.728852379464364,-6.695831214634357],[-62.719804430803883,-6.695826139812437],[-62.719799268012352,-6.704872107881841],[-62.728847383382295,-6.704877189620237],[-62.728852379464364,-6.695831214634357]]]}},
{"type":"Feature","properties":{"DESCRIPTION":"MDT_1388212.tif","FILENAME":"U:\\P589_AmazoniaRevelada_BR-319\\LiDAR_dataset\\ENTREGAS\\ENTREGA_08\\2_MDT\\GEOTIFF\\MDT_1388212.tif","SHRT_FNAME":"MDT_1388212.tif","UPPER_LEFT_X":"528967.521","UPPER_LEFT_Y":"9259867.457","LOWER_RIGHT_X":"529967.521","LOWER_RIGHT_Y":"9258867.457"},"geometry":{"type":"Polygon","coordinates":[[[-62.737901194579045,-6.695836123356281],[-62.728853239019813,-6.695831215108552],[-62.728848242953582,-6.70487719009508],[-62.737896365222909,-6.704882105032259],[-62.737901194579045,-6.695836123356281]]]}},
{"type":"Feature","properties":{"DESCRIPTION":"MDT_1388211.tif","FILENAME":"U:\\P589_AmazoniaRevelada_BR-319\\LiDAR_dataset\\ENTREGAS\\ENTREGA_08\\2_MDT\\GEOTIFF\\MDT_1388211.tif","SHRT_FNAME":"MDT_1388211.tif","UPPER_LEFT_X":"527967.426","UPPER_LEFT_Y":"9259867.457","LOWER_RIGHT_X":"528967.426","LOWER_RIGHT_Y":"9258867.457"},"geometry":{"type":"Polygon","coordinates":[[[-62.746950016362888,-6.695840865487577],[-62.737902054135141,-6.695836123814652],[-62.737897224794843,-6.704882105491256],[-62.746945353733295,-6.704886853626607],[-62.746950016362888,-6.695840865487577]]]}},
{"type":"Feature","properties":{"DESCRIPTION":"MDT_1388210.tif","FILENAME":"U:\\P589_AmazoniaRevelada_BR-319\\LiDAR_dataset\\ENTREGAS\\ENTREGA_08\\2_MDT\\GEOTIFF\\MDT_1388210.tif","SHRT_FNAME":"MDT_1388210.tif","UPPER_LEFT_X":"526967.330","UPPER_LEFT_Y":"9259867.457","LOWER_RIGHT_X":"527967.330","LOWER_RIGHT_Y":"9258867.457"},"geometry":{"type":"Polygon","coordinates":[[[-62.755998853633642,-6.695845441032151],[-62.746950884967575,-6.695840865934783],[-62.746946222353976,-6.704886854074424],[-62.755994357731325,-6.704891435407192],[-62.755998853633642,-6.695845441032151]]]}},
{"type":"Feature","properties":{"DESCRIPTION":"MDT_1388209.tif","FILENAME":"U:\\P589_AmazoniaRevelada_BR-319\\LiDAR_dataset\\ENTREGAS\\ENTREGA_08\\2_MDT\\GEOTIFF\\MDT_1388209.tif","SHRT_FNAME":"MDT_1388209.tif","UPPER_LEFT_X":"525967.235","UPPER_LEFT_Y":"9259867.457","LOWER_RIGHT_X":"526967.235","LOWER_RIGHT_Y":"9258867.457"},"geometry":{"type":"Polygon","coordinates":[[[-62.765047688065103,-6.695849849980281],[-62.75599971319096,-6.695845441458872],[-62.755995217304481,-6.704891435834495],[-62.765043358890473,-6.704895850364279],[-62.765047688065103,-6.695849849980281]]]}},
{"type":"Feature","properties":{"DESCRIPTION":"MDT_1388208.tif","FILENAME":"U:\\P589_AmazoniaRevelada_BR-319\\LiDAR_dataset\\ENTREGAS\\ENTREGA_08\\2_MDT\\GEOTIFF\\MDT_1388208.tif","SHRT_FNAME":"MDT_1388208.tif","UPPER_LEFT_X":"524967.140","UPPER_LEFT_Y":"9259867.457","LOWER_RIGHT_X":"525967.140","LOWER_RIGHT_Y":"9258867.457"},"geometry":{"type":"Polygon","coordinates":[[[-62.774096528475013,-6.695854092336078],[-62.76504854762301,-6.695849850391176],[-62.765044218464219,-6.704895850775735],[-62.774092366028611,-6.704900098501984],[-62.774096528475013,-6.695854092336078]]]}},
{"type":"Feature","properties":{"DESCRIPTION":"MDT_1388207.tif","FILENAME":"U:\\P589_AmazoniaRevelada_BR-319\\LiDAR_dataset\\ENTREGAS\\ENTREGA_08\\2_MDT\\GEOTIFF\\MDT_1388207.tif","SHRT_FNAME":"MDT_1388207.tif","UPPER_LEFT_X":"523967.045","UPPER_LEFT_Y":"9259867.457","LOWER_RIGHT_X":"524967.045","LOWER_RIGHT_Y":"9258867.457"},"geometry":{"type":"Polygon","coordinates":[[[-62.783145374633101,-6.69585816809902],[-62.774097388033468,-6.69585409273115],[-62.774093225602904,-6.704900098897594],[-62.783141378915452,-6.704904179819782],[-62.783145374633101,-6.69585816809902]]]}},
{"type":"Feature","properties":{"DESCRIPTION":"MDT_1388206.tif","FILENAME":"U:\\P589_AmazoniaRevelada_BR-319\\LiDAR_dataset\\ENTREGAS\\ENTREGA_08\\2_MDT\\GEOTIFF\\MDT_1388206.tif","SHRT_FNAME":"MDT_1388206.tif","UPPER_LEFT_X":"522966.950","UPPER_LEFT_Y":"9259867.457","LOWER_RIGHT_X":"523966.950","LOWER_RIGHT_Y":"9258867.457"},"geometry":{"type":"Polygon","coordinates":[[[-62.792194226309149,-6.695862077268592],[-62.783146234192102,-6.695858168478265],[-62.783142238490271,-6.704904180199547],[-62.792190397320738,-6.704908094317166],[-62.792194226309149,-6.695862077268592]]]}},
{"type":"Feature","properties":{"DESCRIPTION":"MDT_1388205.tif","FILENAME":"U:\\P589_AmazoniaRevelada_BR-319\\LiDAR_dataset\\ENTREGAS\\ENTREGA_08\\2_MDT\\GEOTIFF\\MDT_1388205.tif","SHRT_FNAME":"MDT_1388205.tif","UPPER_LEFT_X":"521966.854","UPPER_LEFT_Y":"9259867.457","LOWER_RIGHT_X":"522966.854","LOWER_RIGHT_Y":"9258867.457"},"geometry":{"type":"Polygon","coordinates":[[[-62.801243092320881,-6.695865819847978],[-62.79219509491665,-6.695862077635842],[-62.79219126594424,-6.704908094684914],[-62.801239430062381,-6.704911841997313],[-62.801243092320881,-6.695865819847978]]]}},
{"type":"Feature","properties":{"DESCRIPTION":"MDT_1388204.tif","FILENAME":"U:\\P589_AmazoniaRevelada_BR-319\\LiDAR_dataset\\ENTREGAS\\ENTREGA_08\\2_MDT\\GEOTIFF\\MDT_1388204.tif","SHRT_FNAME":"MDT_1388204.tif","UPPER_LEFT_X":"520966.759","UPPER_LEFT_Y":"9259867.457","LOWER_RIGHT_X":"521966.759","LOWER_RIGHT_Y":"9258867.457"},"geometry":{"type":"Polygon","coordinates":[[[-62.810291954342091,-6.695869395829221],[-62.801243951880885,-6.695865820195575],[-62.801240289638208,-6.704911842345385],[-62.810288458813758,-6.704915422852262],[-62.810291954342091,-6.695869395829221]]]}},
{"type":"Feature","properties":{"DESCRIPTION":"MDT_1388203.tif","FILENAME":"U:\\P589_AmazoniaRevelada_BR-319\\LiDAR_dataset\\ENTREGAS\\ENTREGA_08\\2_MDT\\GEOTIFF\\MDT_1388203.tif","SHRT_FNAME":"MDT_1388203.tif","UPPER_LEFT_X":"519966.664","UPPER_LEFT_Y":"9259867.457","LOWER_RIGHT_X":"520966.664","LOWER_RIGHT_Y":"9258867.457"},"geometry":{"type":"Polygon","coordinates":[[[-62.819340821190487,-6.695872805215705],[-62.810292813902549,-6.695869396160994],[-62.810289318390062,-6.704915423184487],[-62.819337492392776,-6.704918836885402],[-62.819340821190487,-6.695872805215705]]]}},
{"type":"Feature","properties":{"DESCRIPTION":"MDT_1388202.tif","FILENAME":"U:\\P589_AmazoniaRevelada_BR-319\\LiDAR_dataset\\ENTREGAS\\ENTREGA_08\\2_MDT\\GEOTIFF\\MDT_1388202.tif","SHRT_FNAME":"MDT_1388202.tif","UPPER_LEFT_X":"518966.569","UPPER_LEFT_Y":"9259867.457","LOWER_RIGHT_X":"519966.569","LOWER_RIGHT_Y":"9258867.457"},"geometry":{"type":"Polygon","coordinates":[[[-62.828389692635831,-6.695876048007009],[-62.819341680751393,-6.695872805531654],[-62.819338351969535,-6.704918837201778],[-62.828386530569169,-6.704922084096305],[-62.828389692635831,-6.695876048007009]]]}},
{"type":"Feature","properties":{"DESCRIPTION":"MDT_1388201.tif","FILENAME":"U:\\P589_AmazoniaRevelada_BR-319\\LiDAR_dataset\\ENTREGAS\\ENTREGA_08\\2_MDT\\GEOTIFF\\MDT_1388201.tif","SHRT_FNAME":"MDT_1388201.tif","UPPER_LEFT_X":"517966.474","UPPER_LEFT_Y":"9259867.457","LOWER_RIGHT_X":"518966.474","LOWER_RIGHT_Y":"9258867.457"},"geometry":{"type":"Polygon","coordinates":[[[-62.837438568447901,-6.695879124202726],[-62.82839055219717,-6.695876048307131],[-62.828387390146347,-6.704922084396837],[-62.837435573112664,-6.704925164484572],[-62.837438568447901,-6.695879124202726]]]}},
{"type":"Feature","properties":{"DESCRIPTION":"MDT_1388200.tif","FILENAME":"U:\\P589_AmazoniaRevelada_BR-319\\LiDAR_dataset\\ENTREGAS\\ENTREGA_08\\2_MDT\\GEOTIFF\\MDT_1388200.tif","SHRT_FNAME":"MDT_1388200.tif","UPPER_LEFT_X":"516966.378","UPPER_LEFT_Y":"9259867.457","LOWER_RIGHT_X":"517966.378","LOWER_RIGHT_Y":"9258867.457"},"geometry":{"type":"Polygon","coordinates":[[[-62.846487457444418,-6.695882033805304],[-62.837439437057647,-6.695879124490016],[-62.837436441738433,-6.704925164772254],[-62.846484628841168,-6.704928078052647],[-62.846487457444418,-6.695882033805304]]]}},
{"type":"Feature","properties":{"DESCRIPTION":"MDT_1388199.tif","FILENAME":"U:\\P589_AmazoniaRevelada_BR-319\\LiDAR_dataset\\ENTREGAS\\ENTREGA_08\\2_MDT\\GEOTIFF\\MDT_1388199.tif","SHRT_FNAME":"MDT_1388199.tif","UPPER_LEFT_X":"515966.283","UPPER_LEFT_Y":"9259867.457","LOWER_RIGHT_X":"516966.283","LOWER_RIGHT_Y":"9258867.457"},"geometry":{"type":"Polygon","coordinates":[[[-62.855536341299143,-6.695884776808561],[-62.846488317006546,-6.695882034073775],[-62.846485488419134,-6.704928078321484],[-62.855533679428049,-6.704930824794344],[-62.855536341299143,-6.695884776808561]]]}},
{"type":"Feature","properties":{"DESCRIPTION":"MDT_1388198.tif","FILENAME":"U:\\P589_AmazoniaRevelada_BR-319\\LiDAR_dataset\\ENTREGAS\\ENTREGA_08\\2_MDT\\GEOTIFF\\MDT_1388198.tif","SHRT_FNAME":"MDT_1388198.tif","UPPER_LEFT_X":"514966.188","UPPER_LEFT_Y":"9259867.457","LOWER_RIGHT_X":"515966.188","LOWER_RIGHT_Y":"9258867.457"},"geometry":{"type":"Polygon","coordinates":[[[-62.86458522882981,-6.695887353215147],[-62.855537200861626,-6.695884777061208],[-62.855534539006371,-6.704930825047335],[-62.864582733691215,-6.704933404712317],[-62.86458522882981,-6.695887353215147]]]}},
{"type":"Feature","properties":{"DESCRIPTION":"MDT_1388197.tif","FILENAME":"U:\\P589_AmazoniaRevelada_BR-319\\LiDAR_dataset\\ENTREGAS\\ENTREGA_08\\2_MDT\\GEOTIFF\\MDT_1388197.tif","SHRT_FNAME":"MDT_1388197.tif","UPPER_LEFT_X":"513966.093","UPPER_LEFT_Y":"9259867.457","LOWER_RIGHT_X":"514966.093","LOWER_RIGHT_Y":"9258867.457"},"geometry":{"type":"Polygon","coordinates":[[[-62.873634119806177,-6.695889763024746],[-62.864586088392642,-6.69588735345197],[-62.864583593269884,-6.704933404949461],[-62.873631791400399,-6.704935817806246],[-62.873634119806177,-6.695889763024746]]]}},
{"type":"Feature","properties":{"DESCRIPTION":"MDT_1388196.tif","FILENAME":"U:\\P589_AmazoniaRevelada_BR-319\\LiDAR_dataset\\ENTREGAS\\ENTREGA_08\\2_MDT\\GEOTIFF\\MDT_1388196.tif","SHRT_FNAME":"MDT_1388196.tif","UPPER_LEFT_X":"512965.998","UPPER_LEFT_Y":"9259867.457","LOWER_RIGHT_X":"513965.998","LOWER_RIGHT_Y":"9258867.457"},"geometry":{"type":"Polygon","coordinates":[[[-62.882683013997998,-6.695892006237057],[-62.873634979369321,-6.695889763245742],[-62.873632650979374,-6.704935818027545],[-62.882680852325315,-6.704938064075832],[-62.882683013997998,-6.695892006237057]]]}},
{"type":"Feature","properties":{"DESCRIPTION":"MDT_1388195.tif","FILENAME":"U:\\P589_AmazoniaRevelada_BR-319\\LiDAR_dataset\\ENTREGAS\\ENTREGA_08\\2_MDT\\GEOTIFF\\MDT_1388195.tif","SHRT_FNAME":"MDT_1388195.tif","UPPER_LEFT_X":"511965.902","UPPER_LEFT_Y":"9259867.457","LOWER_RIGHT_X":"512965.902","LOWER_RIGHT_Y":"9258867.457"},"geometry":{"type":"Polygon","coordinates":[[[-62.891731920223044,-6.695894082853797],[-62.882683882609463,-6.695892006444389],[-62.882681720952789,-6.704938064283446],[-62.891729925283897,-6.704940143522792],[-62.891731920223044,-6.695894082853797]]]}},
{"type":"Feature","properties":{"DESCRIPTION":"MDT_1388194.tif","FILENAME":"U:\\P589_AmazoniaRevelada_BR-319\\LiDAR_dataset\\ENTREGAS\\ENTREGA_08\\2_MDT\\GEOTIFF\\MDT_1388194.tif","SHRT_FNAME":"MDT_1388194.tif","UPPER_LEFT_X":"510965.807","UPPER_LEFT_Y":"9259867.457","LOWER_RIGHT_X":"511965.807","LOWER_RIGHT_Y":"9258867.457"},"geometry":{"type":"Polygon","coordinates":[[[-62.900780820155006,-6.695895992870549],[-62.891732779786757,-6.695894083043141],[-62.891730784863448,-6.704940143712397],[-62.90077899194948,-6.704942056142709],[-62.900780820155006,-6.695895992870549]]]}},
{"type":"Feature","properties":{"DESCRIPTION":"MDT_1388193.tif","FILENAME":"U:\\P589_AmazoniaRevelada_BR-319\\LiDAR_dataset\\ENTREGAS\\ENTREGA_08\\2_MDT\\GEOTIFF\\MDT_1388193.tif","SHRT_FNAME":"MDT_1388193.tif","UPPER_LEFT_X":"509965.712","UPPER_LEFT_Y":"9259867.457","LOWER_RIGHT_X":"510965.712","LOWER_RIGHT_Y":"9258867.457"},"geometry":{"type":"Polygon","coordinates":[[[-62.909829722611647,-6.695897736289242],[-62.900781679718953,-6.69589599304407],[-62.900779851529279,-6.704942056316465],[-62.909828061139983,-6.704943801937507],[-62.909829722611647,-6.695897736289242]]]}},
{"type":"Feature","properties":{"DESCRIPTION":"MDT_1395201.tif","FILENAME":"U:\\P589_AmazoniaRevelada_BR-319\\LiDAR_dataset\\ENTREGAS\\ENTREGA_08\\2_MDT\\GEOTIFF\\MDT_1395201.tif","SHRT_FNAME":"MDT_1395201.tif","UPPER_LEFT_X":"517966.474","UPPER_LEFT_Y":"9252868.331","LOWER_RIGHT_X":"518966.474","LOWER_RIGHT_Y":"9251868.331"},"geometry":{"type":"Polygon","coordinates":[[[-62.837417516872627,-6.7591934299204],[-62.828368328924704,-6.759190324680379],[-62.828365136305607,-6.768236337385864],[-62.837414492580812,-6.768239446819065],[-62.837417516872627,-6.7591934299204]]]}}
]
}
