{
"type": "FeatureCollection",
"name": "Entrega_03_limite_ficheiros",
"crs": { "type": "name", "properties": { "name": "urn:ogc:def:crs:OGC:1.3:CRS84" } },
"features": [
{"type":"Feature","properties":{"DESCRIPTION":"MDT_1409117.tif","FILENAME":"U:\\P589_AmazoniaRevelada_BR-319\\LiDAR_dataset\\ENTREGAS\\ENTREGA_03\\2_MDT\\GEOTIFF\\MDT_1409117.tif","SHRT_FNAME":"MDT_1409117.tif","UPPER_LEFT_X":"433957.477","UPPER_LEFT_Y":"9238871.079","LOWER_RIGHT_X":"434959.477","LOWER_RIGHT_Y":"9237869.079"},"geometry":{"type":"Polygon","coordinates":[[[-63.597779719474097,-6.885466520985901],[-63.588710508247033,-6.885477772057186],[-63.588721687758927,-6.894541388753494],[-63.597791071183948,-6.894530122733835],[-63.597779719474097,-6.885466520985901]]]}},
{"type":"Feature","properties":{"DESCRIPTION":"MDT_1409118.tif","FILENAME":"U:\\P589_AmazoniaRevelada_BR-319\\LiDAR_dataset\\ENTREGAS\\ENTREGA_03\\2_MDT\\GEOTIFF\\MDT_1409118.tif","SHRT_FNAME":"MDT_1409118.tif","UPPER_LEFT_X":"434957.572","UPPER_LEFT_Y":"9238871.079","LOWER_RIGHT_X":"435959.572","LOWER_RIGHT_Y":"9237869.079"},"geometry":{"type":"Polygon","coordinates":[[[-63.588727748810548,-6.885477750832078],[-63.579658522552641,-6.885488830253601],[-63.579669530192518,-6.894552461642027],[-63.588738928649789,-6.894541367500185],[-63.588727748810548,-6.885477750832078]]]}},
{"type":"Feature","properties":{"DESCRIPTION":"MDT_1409119.tif","FILENAME":"U:\\P589_AmazoniaRevelada_BR-319\\LiDAR_dataset\\ENTREGAS\\ENTREGA_03\\2_MDT\\GEOTIFF\\MDT_1409119.tif","SHRT_FNAME":"MDT_1409119.tif","UPPER_LEFT_X":"435957.667","UPPER_LEFT_Y":"9238871.079","LOWER_RIGHT_X":"436959.667","LOWER_RIGHT_Y":"9237869.079"},"geometry":{"type":"Polygon","coordinates":[[[-63.579675763144508,-6.885488809354801],[-63.570606522086834,-6.885499717125187],[-63.570617357853315,-6.894563362978104],[-63.579686771111739,-6.894552440715459],[-63.579675763144508,-6.885488809354801]]]}},
{"type":"Feature","properties":{"DESCRIPTION":"MDT_1409120.tif","FILENAME":"U:\\P589_AmazoniaRevelada_BR-319\\LiDAR_dataset\\ENTREGAS\\ENTREGA_03\\2_MDT\\GEOTIFF\\MDT_1409120.tif","SHRT_FNAME":"MDT_1409120.tif","UPPER_LEFT_X":"436957.762","UPPER_LEFT_Y":"9238871.079","LOWER_RIGHT_X":"437959.762","LOWER_RIGHT_Y":"9237869.079"},"geometry":{"type":"Polygon","coordinates":[[[-63.570623762706617,-6.885499696552696],[-63.561554507080253,-6.885510432670591],[-63.561565170971974,-6.894574092760372],[-63.570634598800453,-6.89456334237828],[-63.570623762706617,-6.885499696552696]]]}},
{"type":"Feature","properties":{"DESCRIPTION":"MDT_1409121.tif","FILENAME":"U:\\P589_AmazoniaRevelada_BR-319\\LiDAR_dataset\\ENTREGAS\\ENTREGA_03\\2_MDT\\GEOTIFF\\MDT_1409121.tif","SHRT_FNAME":"MDT_1409121.tif","UPPER_LEFT_X":"437957.858","UPPER_LEFT_Y":"9238871.079","LOWER_RIGHT_X":"438959.858","LOWER_RIGHT_Y":"9237869.079"},"geometry":{"type":"Polygon","coordinates":[[[-63.561571747727513,-6.885510412424411],[-63.552502477763532,-6.885520976888481],[-63.552512969779173,-6.8945846509875],[-63.561582411946596,-6.894574072487295],[-63.561571747727513,-6.885510412424411]]]}},
{"type":"Feature","properties":{"DESCRIPTION":"MDT_1409122.tif","FILENAME":"U:\\P589_AmazoniaRevelada_BR-319\\LiDAR_dataset\\ENTREGAS\\ENTREGA_03\\2_MDT\\GEOTIFF\\MDT_1409122.tif","SHRT_FNAME":"MDT_1409122.tif","UPPER_LEFT_X":"438957.953","UPPER_LEFT_Y":"9238871.079","LOWER_RIGHT_X":"439959.953","LOWER_RIGHT_Y":"9237869.079"},"geometry":{"type":"Polygon","coordinates":[[[-63.552519718437843,-6.885520956968616],[-63.543450434367344,-6.885531349777547],[-63.543460754505567,-6.894595037658175],[-63.552530210780823,-6.894584631041172],[-63.552519718437843,-6.885520956968616]]]}},
{"type":"Feature","properties":{"DESCRIPTION":"MDT_1409123.tif","FILENAME":"U:\\P589_AmazoniaRevelada_BR-319\\LiDAR_dataset\\ENTREGAS\\ENTREGA_03\\2_MDT\\GEOTIFF\\MDT_1409123.tif","SHRT_FNAME":"MDT_1409123.tif","UPPER_LEFT_X":"439958.048","UPPER_LEFT_Y":"9238871.079","LOWER_RIGHT_X":"440960.048","LOWER_RIGHT_Y":"9237869.079"},"geometry":{"type":"Polygon","coordinates":[[[-63.543467675068229,-6.885531330184],[-63.534398377122294,-6.885541551336502],[-63.534408525381814,-6.894605252771106],[-63.54347799553382,-6.894595018038597],[-63.543467675068229,-6.885531330184]]]}},
{"type":"Feature","properties":{"DESCRIPTION":"MDT_1409124.tif","FILENAME":"U:\\P589_AmazoniaRevelada_BR-319\\LiDAR_dataset\\ENTREGAS\\ENTREGA_03\\2_MDT\\GEOTIFF\\MDT_1409124.tif","SHRT_FNAME":"MDT_1409124.tif","UPPER_LEFT_X":"440958.143","UPPER_LEFT_Y":"9238871.079","LOWER_RIGHT_X":"441960.143","LOWER_RIGHT_Y":"9237869.079"},"geometry":{"type":"Polygon","coordinates":[[[-63.534415617849341,-6.885541532069276],[-63.52534630625906,-6.885551581564077],[-63.525356282638604,-6.894615296325024],[-63.534425766436236,-6.894605233478281],[-63.534415617849341,-6.885541532069276]]]}},
{"type":"Feature","properties":{"DESCRIPTION":"MDT_1409125.tif","FILENAME":"U:\\P589_AmazoniaRevelada_BR-319\\LiDAR_dataset\\ENTREGAS\\ENTREGA_03\\2_MDT\\GEOTIFF\\MDT_1409125.tif","SHRT_FNAME":"MDT_1409125.tif","UPPER_LEFT_X":"441958.238","UPPER_LEFT_Y":"9238871.079","LOWER_RIGHT_X":"442960.238","LOWER_RIGHT_Y":"9237869.079"},"geometry":{"type":"Polygon","coordinates":[[[-63.525363547011821,-6.885551562623172],[-63.516294222008256,-6.885561440459028],[-63.516304026506589,-6.894625168318684],[-63.525373523718741,-6.894615277358954],[-63.525363547011821,-6.885551562623172]]]}},
{"type":"Feature","properties":{"DESCRIPTION":"MDT_1409126.tif","FILENAME":"U:\\P589_AmazoniaRevelada_BR-319\\LiDAR_dataset\\ENTREGAS\\ENTREGA_03\\2_MDT\\GEOTIFF\\MDT_1409126.tif","SHRT_FNAME":"MDT_1409126.tif","UPPER_LEFT_X":"442958.334","UPPER_LEFT_Y":"9238871.079","LOWER_RIGHT_X":"443960.334","LOWER_RIGHT_Y":"9237869.079"},"geometry":{"type":"Polygon","coordinates":[[[-63.516311462786305,-6.885561421844448],[-63.507242124600573,-6.885571128020129],[-63.507251757216444,-6.894634868750855],[-63.516321267612014,-6.89462514967937],[-63.516311462786305,-6.885561421844448]]]}},
{"type":"Feature","properties":{"DESCRIPTION":"MDT_1409127.tif","FILENAME":"U:\\P589_AmazoniaRevelada_BR-319\\LiDAR_dataset\\ENTREGAS\\ENTREGA_03\\2_MDT\\GEOTIFF\\MDT_1409127.tif","SHRT_FNAME":"MDT_1409127.tif","UPPER_LEFT_X":"443958.429","UPPER_LEFT_Y":"9238871.079","LOWER_RIGHT_X":"444960.429","LOWER_RIGHT_Y":"9237869.079"},"geometry":{"type":"Polygon","coordinates":[[[-63.507259365403463,-6.885571109731877],[-63.498190014266648,-6.885580644246177],[-63.498199474998856,-6.894644397620335],[-63.507268998346703,-6.894634850438303],[-63.507259365403463,-6.885571109731877]]]}},
{"type":"Feature","properties":{"DESCRIPTION":"MDT_1409128.tif","FILENAME":"U:\\P589_AmazoniaRevelada_BR-319\\LiDAR_dataset\\ENTREGAS\\ENTREGA_03\\2_MDT\\GEOTIFF\\MDT_1409128.tif","SHRT_FNAME":"MDT_1409128.tif","UPPER_LEFT_X":"444958.524","UPPER_LEFT_Y":"9238871.079","LOWER_RIGHT_X":"445960.524","LOWER_RIGHT_Y":"9237869.079"},"geometry":{"type":"Polygon","coordinates":[[[-63.498207255093924,-6.885580626284255],[-63.489137891237114,-6.885589989135991],[-63.489147180084487,-6.894653754925941],[-63.498216716153514,-6.894644379634546],[-63.498207255093924,-6.885580626284255]]]}},
{"type":"Feature","properties":{"DESCRIPTION":"MDT_1409129.tif","FILENAME":"U:\\P589_AmazoniaRevelada_BR-319\\LiDAR_dataset\\ENTREGAS\\ENTREGA_03\\2_MDT\\GEOTIFF\\MDT_1409129.tif","SHRT_FNAME":"MDT_1409129.tif","UPPER_LEFT_X":"445958.619","UPPER_LEFT_Y":"9238871.079","LOWER_RIGHT_X":"446960.619","LOWER_RIGHT_Y":"9237869.079"},"geometry":{"type":"Polygon","coordinates":[[[-63.489155132088356,-6.885589971500398],[-63.480085755742657,-6.885599162688408],[-63.480094872704029,-6.894662940666509],[-63.489164421263119,-6.894653737266917],[-63.489155132088356,-6.885589971500398]]]}},
{"type":"Feature","properties":{"DESCRIPTION":"MDT_1409130.tif","FILENAME":"U:\\P589_AmazoniaRevelada_BR-319\\LiDAR_dataset\\ENTREGAS\\ENTREGA_03\\2_MDT\\GEOTIFF\\MDT_1409130.tif","SHRT_FNAME":"MDT_1409130.tif","UPPER_LEFT_X":"446958.714","UPPER_LEFT_Y":"9238871.079","LOWER_RIGHT_X":"447960.714","LOWER_RIGHT_Y":"9237869.079"},"geometry":{"type":"Polygon","coordinates":[[[-63.480102996617426,-6.885599145379148],[-63.471033608013911,-6.88560816490229],[-63.471042553088132,-6.894671954840899],[-63.480112113906166,-6.894662923334251],[-63.480102996617426,-6.885599145379148]]]}},
{"type":"Feature","properties":{"DESCRIPTION":"MDT_1409131.tif","FILENAME":"U:\\P589_AmazoniaRevelada_BR-319\\LiDAR_dataset\\ENTREGAS\\ENTREGA_03\\2_MDT\\GEOTIFF\\MDT_1409131.tif","SHRT_FNAME":"MDT_1409131.tif","UPPER_LEFT_X":"447958.810","UPPER_LEFT_Y":"9238871.079","LOWER_RIGHT_X":"448960.810","LOWER_RIGHT_Y":"9237869.079"},"geometry":{"type":"Polygon","coordinates":[[[-63.471050848911773,-6.885608147919364],[-63.461981448281556,-6.885616995776516],[-63.461990221467509,-6.894680797447988],[-63.471059794313362,-6.89467193783541],[-63.471050848911773,-6.885608147919364]]]}},
{"type":"Feature","properties":{"DESCRIPTION":"MDT_1409132.tif","FILENAME":"U:\\P589_AmazoniaRevelada_BR-319\\LiDAR_dataset\\ENTREGAS\\ENTREGA_03\\2_MDT\\GEOTIFF\\MDT_1409132.tif","SHRT_FNAME":"MDT_1409132.tif","UPPER_LEFT_X":"448958.905","UPPER_LEFT_Y":"9238871.079","LOWER_RIGHT_X":"449960.905","LOWER_RIGHT_Y":"9237869.079"},"geometry":{"type":"Polygon","coordinates":[[[-63.461998689202048,-6.885616979119931],[-63.452929276776246,-6.885625655309995],[-63.452937878072809,-6.894689468486684],[-63.462007462715384,-6.894680780769272],[-63.461998689202048,-6.885616979119931]]]}},
{"type":"Feature","properties":{"DESCRIPTION":"MDT_1409133.tif","FILENAME":"U:\\P589_AmazoniaRevelada_BR-319\\LiDAR_dataset\\ENTREGAS\\ENTREGA_03\\2_MDT\\GEOTIFF\\MDT_1409133.tif","SHRT_FNAME":"MDT_1409133.tif","UPPER_LEFT_X":"449959.000","UPPER_LEFT_Y":"9238871.079","LOWER_RIGHT_X":"450961.000","LOWER_RIGHT_Y":"9237869.079"},"geometry":{"type":"Polygon","coordinates":[[[-63.452946517718942,-6.885625638979747],[-63.443877093728631,-6.885634143501645],[-63.443885523134746,-6.894697967955903],[-63.452955119342903,-6.894689452134739],[-63.452946517718942,-6.885625638979747]]]}},
{"type":"Feature","properties":{"DESCRIPTION":"MDT_1409134.tif","FILENAME":"U:\\P589_AmazoniaRevelada_BR-319\\LiDAR_dataset\\ENTREGAS\\ENTREGA_03\\2_MDT\\GEOTIFF\\MDT_1409134.tif","SHRT_FNAME":"MDT_1409134.tif","UPPER_LEFT_X":"450959.095","UPPER_LEFT_Y":"9238871.079","LOWER_RIGHT_X":"451961.095","LOWER_RIGHT_Y":"9237869.079"},"geometry":{"type":"Polygon","coordinates":[[[-63.443894334693091,-6.88563412749774],[-63.434824899369382,-6.885642460350414],[-63.43483315688399,-6.894706295854594],[-63.443902764426603,-6.894697951930734],[-63.443894334693091,-6.88563412749774]]]}},
{"type":"Feature","properties":{"DESCRIPTION":"MDT_1409135.tif","FILENAME":"U:\\P589_AmazoniaRevelada_BR-319\\LiDAR_dataset\\ENTREGAS\\ENTREGA_03\\2_MDT\\GEOTIFF\\MDT_1409135.tif","SHRT_FNAME":"MDT_1409135.tif","UPPER_LEFT_X":"451959.190","UPPER_LEFT_Y":"9238871.079","LOWER_RIGHT_X":"452961.190","LOWER_RIGHT_Y":"9237869.079"},"geometry":{"type":"Polygon","coordinates":[[[-63.434842140355165,-6.885642444672854],[-63.425772693929154,-6.88565060585527],[-63.425780779551232,-6.894714452181718],[-63.43485039819717,-6.894706280156203],[-63.434842140355165,-6.885642444672854]]]}},
{"type":"Feature","properties":{"DESCRIPTION":"MDT_1409136.tif","FILENAME":"U:\\P589_AmazoniaRevelada_BR-319\\LiDAR_dataset\\ENTREGAS\\ENTREGA_03\\2_MDT\\GEOTIFF\\MDT_1409136.tif","SHRT_FNAME":"MDT_1409136.tif","UPPER_LEFT_X":"452959.286","UPPER_LEFT_Y":"9238871.079","LOWER_RIGHT_X":"453961.286","LOWER_RIGHT_Y":"9237869.079"},"geometry":{"type":"Polygon","coordinates":[[[-63.425789934935828,-6.885650590504055],[-63.416720477638634,-6.8856585800152],[-63.416728391367165,-6.894722436936267],[-63.425798020885303,-6.894714436810107],[-63.425789934935828,-6.885650590504055]]]}},
{"type":"Feature","properties":{"DESCRIPTION":"MDT_1409137.tif","FILENAME":"U:\\P589_AmazoniaRevelada_BR-319\\LiDAR_dataset\\ENTREGAS\\ENTREGA_03\\2_MDT\\GEOTIFF\\MDT_1409137.tif","SHRT_FNAME":"MDT_1409137.tif","UPPER_LEFT_X":"453959.381","UPPER_LEFT_Y":"9238871.079","LOWER_RIGHT_X":"454961.381","LOWER_RIGHT_Y":"9237869.079"},"geometry":{"type":"Polygon","coordinates":[[[-63.416737718665757,-6.885658564990331],[-63.40766825072847,-6.885666382829213],[-63.40767599256246,-6.894730250117245],[-63.416745632721678,-6.894722421891435],[-63.416737718665757,-6.885658564990331]]]}},
{"type":"Feature","properties":{"DESCRIPTION":"MDT_1409138.tif","FILENAME":"U:\\P589_AmazoniaRevelada_BR-319\\LiDAR_dataset\\ENTREGAS\\ENTREGA_03\\2_MDT\\GEOTIFF\\MDT_1409138.tif","SHRT_FNAME":"MDT_1409138.tif","UPPER_LEFT_X":"454959.476","UPPER_LEFT_Y":"9238871.079","LOWER_RIGHT_X":"455961.476","LOWER_RIGHT_Y":"9237869.079"},"geometry":{"type":"Polygon","coordinates":[[[-63.407685491775602,-6.885666368130694],[-63.398616013429354,-6.88567401429634],[-63.398623583367808,-6.894737891723683],[-63.407693233936982,-6.894730235399197],[-63.407685491775602,-6.885666368130694]]]}},
{"type":"Feature","properties":{"DESCRIPTION":"MDT_1409139.tif","FILENAME":"U:\\P589_AmazoniaRevelada_BR-319\\LiDAR_dataset\\ENTREGAS\\ENTREGA_03\\2_MDT\\GEOTIFF\\MDT_1409139.tif","SHRT_FNAME":"MDT_1409139.tif","UPPER_LEFT_X":"455959.571","UPPER_LEFT_Y":"9238871.079","LOWER_RIGHT_X":"456961.571","LOWER_RIGHT_Y":"9237869.079"},"geometry":{"type":"Polygon","coordinates":[[[-63.398633254496055,-6.885673999924173],[-63.389563765971928,-6.885681474415633],[-63.389571164013937,-6.894745361754632],[-63.398640824761912,-6.89473787733242],[-63.398633254496055,-6.885673999924173]]]}},
{"type":"Feature","properties":{"DESCRIPTION":"MDT_1409140.tif","FILENAME":"U:\\P589_AmazoniaRevelada_BR-319\\LiDAR_dataset\\ENTREGAS\\ENTREGA_03\\2_MDT\\GEOTIFF\\MDT_1409140.tif","SHRT_FNAME":"MDT_1409140.tif","UPPER_LEFT_X":"456959.666","UPPER_LEFT_Y":"9238871.079","LOWER_RIGHT_X":"457961.666","LOWER_RIGHT_Y":"9237869.079"},"geometry":{"type":"Polygon","coordinates":[[[-63.389581007057764,-6.885681460369819],[-63.380511508586885,-6.885688763186167],[-63.380518734731503,-6.894752660209163],[-63.389588405427148,-6.894745347690156],[-63.389581007057764,-6.885681460369819]]]}},
{"type":"Feature","properties":{"DESCRIPTION":"MDT_1409141.tif","FILENAME":"U:\\P589_AmazoniaRevelada_BR-319\\LiDAR_dataset\\ENTREGAS\\ENTREGA_03\\2_MDT\\GEOTIFF\\MDT_1409141.tif","SHRT_FNAME":"MDT_1409141.tif","UPPER_LEFT_X":"457959.762","UPPER_LEFT_Y":"9238871.079","LOWER_RIGHT_X":"458961.762","LOWER_RIGHT_Y":"9237869.079"},"geometry":{"type":"Polygon","coordinates":[[[-63.380528749691408,-6.885688749466707],[-63.371459241504894,-6.885695880607032],[-63.371466295751205,-6.89475978708637],[-63.380535976163408,-6.894752646471476],[-63.380528749691408,-6.885688749466707]]]}},
{"type":"Feature","properties":{"DESCRIPTION":"MDT_1409142.tif","FILENAME":"U:\\P589_AmazoniaRevelada_BR-319\\LiDAR_dataset\\ENTREGAS\\ENTREGA_03\\2_MDT\\GEOTIFF\\MDT_1409142.tif","SHRT_FNAME":"MDT_1409142.tif","UPPER_LEFT_X":"458959.857","UPPER_LEFT_Y":"9238871.079","LOWER_RIGHT_X":"459961.857","LOWER_RIGHT_Y":"9237869.079"},"geometry":{"type":"Polygon","coordinates":[[[-63.371476482627656,-6.885695867213929],[-63.362406964956627,-6.885702826677347],[-63.362413847303749,-6.894766742385367],[-63.371483537201371,-6.894759773675472],[-63.371476482627656,-6.885695867213929]]]}},
{"type":"Feature","properties":{"DESCRIPTION":"MDT_1409143.tif","FILENAME":"U:\\P589_AmazoniaRevelada_BR-319\\LiDAR_dataset\\ENTREGAS\\ENTREGA_03\\2_MDT\\GEOTIFF\\MDT_1409143.tif","SHRT_FNAME":"MDT_1409143.tif","UPPER_LEFT_X":"459959.952","UPPER_LEFT_Y":"9238871.079","LOWER_RIGHT_X":"460961.952","LOWER_RIGHT_Y":"9237869.079"},"geometry":{"type":"Polygon","coordinates":[[[-63.362424206097202,-6.885702813610604],[-63.353354679172753,-6.88570960139625],[-63.353361389619828,-6.89477352610529],[-63.362431088771736,-6.894766729301262],[-63.362424206097202,-6.885702813610604]]]}},
{"type":"Feature","properties":{"DESCRIPTION":"MDT_1409144.tif","FILENAME":"U:\\P589_AmazoniaRevelada_BR-319\\LiDAR_dataset\\ENTREGAS\\ENTREGA_03\\2_MDT\\GEOTIFF\\MDT_1409144.tif","SHRT_FNAME":"MDT_1409144.tif","UPPER_LEFT_X":"460960.047","UPPER_LEFT_Y":"9238871.079","LOWER_RIGHT_X":"461962.047","LOWER_RIGHT_Y":"9237869.079"},"geometry":{"type":"Polygon","coordinates":[[[-63.353371920330694,-6.885709588655867],[-63.344302384383944,-6.885716204762901],[-63.344308922930153,-6.894780138245298],[-63.35337863110518,-6.89477351334798],[-63.353371920330694,-6.885709588655867]]]}},
{"type":"Feature","properties":{"DESCRIPTION":"MDT_1409145.tif","FILENAME":"U:\\P589_AmazoniaRevelada_BR-319\\LiDAR_dataset\\ENTREGAS\\ENTREGA_03\\2_MDT\\GEOTIFF\\MDT_1409145.tif","SHRT_FNAME":"MDT_1409145.tif","UPPER_LEFT_X":"461960.142","UPPER_LEFT_Y":"9238871.079","LOWER_RIGHT_X":"462962.142","LOWER_RIGHT_Y":"9237869.079"},"geometry":{"type":"Polygon","coordinates":[[[-63.344319625558832,-6.885716192348876],[-63.335250080820899,-6.885722636776474],[-63.335256447465405,-6.894786578804568],[-63.344326164432438,-6.894780125814781],[-63.344319625558832,-6.885716192348876]]]}},
{"type":"Feature","properties":{"DESCRIPTION":"MDT_1409146.tif","FILENAME":"U:\\P589_AmazoniaRevelada_BR-319\\LiDAR_dataset\\ENTREGAS\\ENTREGA_03\\2_MDT\\GEOTIFF\\MDT_1409146.tif","SHRT_FNAME":"MDT_1409146.tif","UPPER_LEFT_X":"462960.238","UPPER_LEFT_Y":"9238871.079","LOWER_RIGHT_X":"463962.238","LOWER_RIGHT_Y":"9237869.079"},"geometry":{"type":"Polygon","coordinates":[[[-63.335267322012271,-6.885722624688814],[-63.32619776871428,-6.885728897436174],[-63.326203963456287,-6.894792847782299],[-63.335273688984174,-6.894786566700847],[-63.335267322012271,-6.885722624688814]]]}},
{"type":"Feature","properties":{"DESCRIPTION":"MDT_1409147.tif","FILENAME":"U:\\P589_AmazoniaRevelada_BR-319\\LiDAR_dataset\\ENTREGAS\\ENTREGA_03\\2_MDT\\GEOTIFF\\MDT_1409147.tif","SHRT_FNAME":"MDT_1409147.tif","UPPER_LEFT_X":"463960.333","UPPER_LEFT_Y":"9238871.079","LOWER_RIGHT_X":"464962.333","LOWER_RIGHT_Y":"9237869.079"},"geometry":{"type":"Polygon","coordinates":[[[-63.326215009921718,-6.885728885674878],[-63.317145448294781,-6.885734986741221],[-63.317151471133506,-6.894798945177714],[-63.326221204991114,-6.894792836005378],[-63.326215009921718,-6.885728885674878]]]}},
{"type":"Feature","properties":{"DESCRIPTION":"MDT_1410117.tif","FILENAME":"U:\\P589_AmazoniaRevelada_BR-319\\LiDAR_dataset\\ENTREGAS\\ENTREGA_03\\2_MDT\\GEOTIFF\\MDT_1410117.tif","SHRT_FNAME":"MDT_1410117.tif","UPPER_LEFT_X":"433957.477","UPPER_LEFT_Y":"9237871.204","LOWER_RIGHT_X":"434959.477","LOWER_RIGHT_Y":"9236869.204"},"geometry":{"type":"Polygon","coordinates":[[[-63.597791047095448,-6.8945109025485],[-63.588721664035816,-6.894522168536458],[-63.588732858576435,-6.903585781790111],[-63.597802414065512,-6.903574500853237],[-63.597791047095448,-6.8945109025485]]]}},
{"type":"Feature","properties":{"DESCRIPTION":"MDT_1410118.tif","FILENAME":"U:\\P589_AmazoniaRevelada_BR-319\\LiDAR_dataset\\ENTREGAS\\ENTREGA_03\\2_MDT\\GEOTIFF\\MDT_1410118.tif","SHRT_FNAME":"MDT_1410118.tif","UPPER_LEFT_X":"434957.572","UPPER_LEFT_Y":"9237871.204","LOWER_RIGHT_X":"435959.572","LOWER_RIGHT_Y":"9236869.204"},"geometry":{"type":"Polygon","coordinates":[[[-63.588738904925997,-6.89452214728321],[-63.579669506834129,-6.894533241393833],[-63.57968052927167,-6.903596869340138],[-63.588750099794403,-6.903585760508663],[-63.588738904925997,-6.89452214728321]]]}},
{"type":"Feature","properties":{"DESCRIPTION":"MDT_1410119.tif","FILENAME":"U:\\P589_AmazoniaRevelada_BR-319\\LiDAR_dataset\\ENTREGAS\\ENTREGA_03\\2_MDT\\GEOTIFF\\MDT_1410119.tif","SHRT_FNAME":"MDT_1410119.tif","UPPER_LEFT_X":"435957.667","UPPER_LEFT_Y":"9237871.204","LOWER_RIGHT_X":"436959.667","LOWER_RIGHT_Y":"9236869.204"},"geometry":{"type":"Polygon","coordinates":[[[-63.579686747752646,-6.894533220467325],[-63.570617334859634,-6.894544142699237],[-63.570628185192739,-6.903607785110561],[-63.579697770517996,-6.903596848385863],[-63.579686747752646,-6.894533220467325]]]}},
{"type":"Feature","properties":{"DESCRIPTION":"MDT_1410120.tif","FILENAME":"U:\\P589_AmazoniaRevelada_BR-319\\LiDAR_dataset\\ENTREGAS\\ENTREGA_03\\2_MDT\\GEOTIFF\\MDT_1410120.tif","SHRT_FNAME":"MDT_1410120.tif","UPPER_LEFT_X":"436957.762","UPPER_LEFT_Y":"9237871.204","LOWER_RIGHT_X":"437959.762","LOWER_RIGHT_Y":"9236869.204"},"geometry":{"type":"Polygon","coordinates":[[[-63.570634575806082,-6.894544122099473],[-63.561565148343028,-6.894554872451316],[-63.561575826570319,-6.90361852910002],[-63.570645426466989,-6.90360776448346],[-63.570634575806082,-6.894544122099473]]]}},
{"type":"Feature","properties":{"DESCRIPTION":"MDT_1410121.tif","FILENAME":"U:\\P589_AmazoniaRevelada_BR-319\\LiDAR_dataset\\ENTREGAS\\ENTREGA_03\\2_MDT\\GEOTIFF\\MDT_1410121.tif","SHRT_FNAME":"MDT_1410121.tif","UPPER_LEFT_X":"437957.858","UPPER_LEFT_Y":"9237871.204","LOWER_RIGHT_X":"438959.858","LOWER_RIGHT_Y":"9236869.204"},"geometry":{"type":"Polygon","coordinates":[[[-63.561582389316953,-6.894554852178295],[-63.552512947514948,-6.894565430648735],[-63.552523453635089,-6.903629101307185],[-63.561593067872039,-6.9036185088001],[-63.561582389316953,-6.894554852178295]]]}},
{"type":"Feature","properties":{"DESCRIPTION":"MDT_1410122.tif","FILENAME":"U:\\P589_AmazoniaRevelada_BR-319\\LiDAR_dataset\\ENTREGAS\\ENTREGA_03\\2_MDT\\GEOTIFF\\MDT_1410122.tif","SHRT_FNAME":"MDT_1410122.tif","UPPER_LEFT_X":"438957.953","UPPER_LEFT_Y":"9237871.204","LOWER_RIGHT_X":"439959.953","LOWER_RIGHT_Y":"9236869.204"},"geometry":{"type":"Polygon","coordinates":[[[-63.55253018851591,-6.894565410702462],[-63.543460732606057,-6.894575817290185],[-63.543471066617748,-6.903639501730743],[-63.552540694963852,-6.903629081334446],[-63.55253018851591,-6.894565410702462]]]}},
{"type":"Feature","properties":{"DESCRIPTION":"MDT_1410123.tif","FILENAME":"U:\\P589_AmazoniaRevelada_BR-319\\LiDAR_dataset\\ENTREGAS\\ENTREGA_03\\2_MDT\\GEOTIFF\\MDT_1410123.tif","SHRT_FNAME":"MDT_1410123.tif","UPPER_LEFT_X":"439958.048","UPPER_LEFT_Y":"9237871.204","LOWER_RIGHT_X":"440960.048","LOWER_RIGHT_Y":"9236869.204"},"geometry":{"type":"Polygon","coordinates":[[[-63.543477973633628,-6.894575797670661],[-63.534408503847054,-6.894586032374371],[-63.53441866574898,-6.903649730369399],[-63.543488307973114,-6.903639482085186],[-63.543477973633628,-6.894575797670661]]]}},
{"type":"Feature","properties":{"DESCRIPTION":"MDT_1410124.tif","FILENAME":"U:\\P589_AmazoniaRevelada_BR-319\\LiDAR_dataset\\ENTREGAS\\ENTREGA_03\\2_MDT\\GEOTIFF\\MDT_1410124.tif","SHRT_FNAME":"MDT_1410124.tif","UPPER_LEFT_X":"440958.143","UPPER_LEFT_Y":"9237871.204","LOWER_RIGHT_X":"441960.143","LOWER_RIGHT_Y":"9236869.204"},"geometry":{"type":"Polygon","coordinates":[[[-63.534425744900773,-6.894586013081601],[-63.525356261468566,-6.89459607590003],[-63.525366251259456,-6.903659787221883],[-63.534435907130501,-6.903649711051028],[-63.534425744900773,-6.894586013081601]]]}},
{"type":"Feature","properties":{"DESCRIPTION":"MDT_1410125.tif","FILENAME":"U:\\P589_AmazoniaRevelada_BR-319\\LiDAR_dataset\\ENTREGAS\\ENTREGA_03\\2_MDT\\GEOTIFF\\MDT_1410125.tif","SHRT_FNAME":"MDT_1410125.tif","UPPER_LEFT_X":"441958.238","UPPER_LEFT_Y":"9237871.204","LOWER_RIGHT_X":"442960.238","LOWER_RIGHT_Y":"9236869.204"},"geometry":{"type":"Polygon","coordinates":[[[-63.525373502548,-6.894596056934014],[-63.516304005701279,-6.894605947865911],[-63.516313823379903,-6.903669672286948],[-63.525383492666705,-6.903659768230701],[-63.525373502548,-6.894596056934014]]]}},
{"type":"Feature","properties":{"DESCRIPTION":"MDT_1410126.tif","FILENAME":"U:\\P589_AmazoniaRevelada_BR-319\\LiDAR_dataset\\ENTREGAS\\ENTREGA_03\\2_MDT\\GEOTIFF\\MDT_1410126.tif","SHRT_FNAME":"MDT_1410126.tif","UPPER_LEFT_X":"442958.334","UPPER_LEFT_Y":"9237871.204","LOWER_RIGHT_X":"443960.334","LOWER_RIGHT_Y":"9236869.204"},"geometry":{"type":"Polygon","coordinates":[[[-63.516321246806008,-6.894605929226651],[-63.507251736775885,-6.894615648270788],[-63.507261382340985,-6.903679385563363],[-63.516331064812427,-6.903669653622956],[-63.516321246806008,-6.894605929226651]]]}},
{"type":"Feature","properties":{"DESCRIPTION":"MDT_1410127.tif","FILENAME":"U:\\P589_AmazoniaRevelada_BR-319\\LiDAR_dataset\\ENTREGAS\\ENTREGA_03\\2_MDT\\GEOTIFF\\MDT_1410127.tif","SHRT_FNAME":"MDT_1410127.tif","UPPER_LEFT_X":"443958.429","UPPER_LEFT_Y":"9237871.204","LOWER_RIGHT_X":"444960.429","LOWER_RIGHT_Y":"9236869.204"},"geometry":{"type":"Polygon","coordinates":[[[-63.507268977905447,-6.894615629958288],[-63.498199454923025,-6.894625177113457],[-63.498208928373408,-6.903688927049923],[-63.507278623798364,-6.903679367226564],[-63.507268977905447,-6.894615629958288]]]}},
{"type":"Feature","properties":{"DESCRIPTION":"MDT_1410128.tif","FILENAME":"U:\\P589_AmazoniaRevelada_BR-319\\LiDAR_dataset\\ENTREGAS\\ENTREGA_03\\2_MDT\\GEOTIFF\\MDT_1410128.tif","SHRT_FNAME":"MDT_1410128.tif","UPPER_LEFT_X":"444958.524","UPPER_LEFT_Y":"9237871.204","LOWER_RIGHT_X":"445960.524","LOWER_RIGHT_Y":"9236869.204"},"geometry":{"type":"Polygon","coordinates":[[[-63.498216696077002,-6.894625159127718],[-63.489147160373406,-6.894634534392733],[-63.489156461707871,-6.903698296745443],[-63.498226169855194,-6.903688909040319],[-63.498216696077002,-6.894625159127718]]]}},
{"type":"Feature","properties":{"DESCRIPTION":"MDT_1410129.tif","FILENAME":"U:\\P589_AmazoniaRevelada_BR-319\\LiDAR_dataset\\ENTREGAS\\ENTREGA_03\\2_MDT\\GEOTIFF\\MDT_1410129.tif","SHRT_FNAME":"MDT_1410129.tif","UPPER_LEFT_X":"445958.619","UPPER_LEFT_Y":"9237871.204","LOWER_RIGHT_X":"446960.619","LOWER_RIGHT_Y":"9236869.204"},"geometry":{"type":"Polygon","coordinates":[[[-63.489164401551335,-6.894634516733758],[-63.480094853357677,-6.894643720107454],[-63.480103982575073,-6.903707494648757],[-63.489173703213623,-6.903698279063036],[-63.489164401551335,-6.894634516733758]]]}},
{"type":"Feature","properties":{"DESCRIPTION":"MDT_1410130.tif","FILENAME":"U:\\P589_AmazoniaRevelada_BR-319\\LiDAR_dataset\\ENTREGAS\\ENTREGA_03\\2_MDT\\GEOTIFF\\MDT_1410130.tif","SHRT_FNAME":"MDT_1410130.tif","UPPER_LEFT_X":"446958.714","UPPER_LEFT_Y":"9237871.204","LOWER_RIGHT_X":"447960.714","LOWER_RIGHT_Y":"9236869.204"},"geometry":{"type":"Polygon","coordinates":[[[-63.480112094559146,-6.894643702775245],[-63.471042534106545,-6.89465273425648],[-63.471051491205721,-6.903716520758726],[-63.480121224104352,-6.90370747729355],[-63.480112094559146,-6.894643702775245]]]}},
{"type":"Feature","properties":{"DESCRIPTION":"MDT_1410131.tif","FILENAME":"U:\\P589_AmazoniaRevelada_BR-319\\LiDAR_dataset\\ENTREGAS\\ENTREGA_03\\2_MDT\\GEOTIFF\\MDT_1410131.tif","SHRT_FNAME":"MDT_1410131.tif","UPPER_LEFT_X":"447958.810","UPPER_LEFT_Y":"9237871.204","LOWER_RIGHT_X":"448960.810","LOWER_RIGHT_Y":"9236869.204"},"geometry":{"type":"Polygon","coordinates":[[[-63.471059775331078,-6.894652717251039],[-63.461990202850664,-6.89466157683869],[-63.461998987830498,-6.903725375074224],[-63.471068732758077,-6.90371650373072],[-63.471059775331078,-6.894652717251039]]]}},
{"type":"Feature","properties":{"DESCRIPTION":"MDT_1410132.tif","FILENAME":"U:\\P589_AmazoniaRevelada_BR-319\\LiDAR_dataset\\ENTREGAS\\ENTREGA_03\\2_MDT\\GEOTIFF\\MDT_1410132.tif","SHRT_FNAME":"MDT_1410132.tif","UPPER_LEFT_X":"448958.905","UPPER_LEFT_Y":"9237871.204","LOWER_RIGHT_X":"449960.905","LOWER_RIGHT_Y":"9236869.204"},"geometry":{"type":"Polygon","coordinates":[[[-63.462007444097843,-6.89466156016002],[-63.452937859820729,-6.894670247852985],[-63.452946472680111,-6.903734057594155],[-63.462016229405499,-6.903725358373423],[-63.462007444097843,-6.89466156016002]]]}},
{"type":"Feature","properties":{"DESCRIPTION":"MDT_1410133.tif","FILENAME":"U:\\P589_AmazoniaRevelada_BR-319\\LiDAR_dataset\\ENTREGAS\\ENTREGA_03\\2_MDT\\GEOTIFF\\MDT_1410133.tif","SHRT_FNAME":"MDT_1410133.tif","UPPER_LEFT_X":"449959.000","UPPER_LEFT_Y":"9237871.204","LOWER_RIGHT_X":"450961.000","LOWER_RIGHT_Y":"9236869.204"},"geometry":{"type":"Polygon","coordinates":[[[-63.452955101090119,-6.894670231501087],[-63.443885505247408,-6.894678747298291],[-63.443893945985273,-6.903742568317438],[-63.452963714277324,-6.90373404122056],[-63.452955101090119,-6.894670231501087]]]}},
{"type":"Feature","properties":{"DESCRIPTION":"MDT_1410134.tif","FILENAME":"U:\\P589_AmazoniaRevelada_BR-319\\LiDAR_dataset\\ENTREGAS\\ENTREGA_03\\2_MDT\\GEOTIFF\\MDT_1410134.tif","SHRT_FNAME":"MDT_1410134.tif","UPPER_LEFT_X":"450959.095","UPPER_LEFT_Y":"9237871.204","LOWER_RIGHT_X":"451961.095","LOWER_RIGHT_Y":"9236869.204"},"geometry":{"type":"Polygon","coordinates":[[[-63.443902746538569,-6.894678731273168],[-63.434833139361409,-6.894687075173546],[-63.434841407976698,-6.903750907243017],[-63.443911187604257,-6.90374255227105],[-63.443902746538569,-6.894678731273168]]]}},
{"type":"Feature","properties":{"DESCRIPTION":"MDT_1410135.tif","FILENAME":"U:\\P589_AmazoniaRevelada_BR-319\\LiDAR_dataset\\ENTREGAS\\ENTREGA_03\\2_MDT\\GEOTIFF\\MDT_1410135.tif","SHRT_FNAME":"MDT_1410135.tif","UPPER_LEFT_X":"451959.190","UPPER_LEFT_Y":"9237871.204","LOWER_RIGHT_X":"452961.190","LOWER_RIGHT_Y":"9236869.204"},"geometry":{"type":"Polygon","coordinates":[[[-63.4348503806739,-6.894687059475201],[-63.425780762393416,-6.894695231477723],[-63.425788858885085,-6.903759074369855],[-63.43485864961702,-6.903750891523839],[-63.4348503806739,-6.894687059475201]]]}},
{"type":"Feature","properties":{"DESCRIPTION":"MDT_1410136.tif","FILENAME":"U:\\P589_AmazoniaRevelada_BR-319\\LiDAR_dataset\\ENTREGAS\\ENTREGA_03\\2_MDT\\GEOTIFF\\MDT_1410136.tif","SHRT_FNAME":"MDT_1410136.tif","UPPER_LEFT_X":"452959.286","UPPER_LEFT_Y":"9237871.204","LOWER_RIGHT_X":"453961.286","LOWER_RIGHT_Y":"9236869.204"},"geometry":{"type":"Polygon","coordinates":[[[-63.425798003726783,-6.894695216106155],[-63.416728374574106,-6.894703216209804],[-63.416736298941139,-6.903767069696939],[-63.425806100546282,-6.903759058977891],[-63.425798003726783,-6.894695216106155]]]}},
{"type":"Feature","properties":{"DESCRIPTION":"MDT_1410137.tif","FILENAME":"U:\\P589_AmazoniaRevelada_BR-319\\LiDAR_dataset\\ENTREGAS\\ENTREGA_03\\2_MDT\\GEOTIFF\\MDT_1410137.tif","SHRT_FNAME":"MDT_1410137.tif","UPPER_LEFT_X":"453959.381","UPPER_LEFT_Y":"9237871.204","LOWER_RIGHT_X":"454961.381","LOWER_RIGHT_Y":"9236869.204"},"geometry":{"type":"Polygon","coordinates":[[[-63.416745615927915,-6.894703201165016],[-63.407675976134158,-6.894711029368797],[-63.407683728375567,-6.903774893223275],[-63.416753540622793,-6.903767054632189],[-63.416745615927915,-6.894703201165016]]]}},
{"type":"Feature","properties":{"DESCRIPTION":"MDT_1410138.tif","FILENAME":"U:\\P589_AmazoniaRevelada_BR-319\\LiDAR_dataset\\ENTREGAS\\ENTREGA_03\\2_MDT\\GEOTIFF\\MDT_1410138.tif","SHRT_FNAME":"MDT_1410138.tif","UPPER_LEFT_X":"454959.476","UPPER_LEFT_Y":"9237871.204","LOWER_RIGHT_X":"455961.476","LOWER_RIGHT_Y":"9236869.204"},"geometry":{"type":"Polygon","coordinates":[[[-63.407693217507997,-6.894711014650792],[-63.398623567304291,-6.894718670953734],[-63.398631147419096,-6.90378254494789],[-63.407700970077229,-6.90377487848574],[-63.407693217507997,-6.894711014650792]]]}},
{"type":"Feature","properties":{"DESCRIPTION":"MDT_1410139.tif","FILENAME":"U:\\P589_AmazoniaRevelada_BR-319\\LiDAR_dataset\\ENTREGAS\\ENTREGA_03\\2_MDT\\GEOTIFF\\MDT_1410139.tif","SHRT_FNAME":"MDT_1410139.tif","UPPER_LEFT_X":"455959.571","UPPER_LEFT_Y":"9237871.204","LOWER_RIGHT_X":"456961.571","LOWER_RIGHT_Y":"9236869.204"},"geometry":{"type":"Polygon","coordinates":[[[-63.398640808697685,-6.894718656562511],[-63.389571148315163,-6.894726140963662],[-63.389578556302432,-6.903790024869835],[-63.398648389140341,-6.903782530537574],[-63.398640808697685,-6.894718656562511]]]}},
{"type":"Feature","properties":{"DESCRIPTION":"MDT_1410140.tif","FILENAME":"U:\\P589_AmazoniaRevelada_BR-319\\LiDAR_dataset\\ENTREGAS\\ENTREGA_03\\2_MDT\\GEOTIFF\\MDT_1410140.tif","SHRT_FNAME":"MDT_1410140.tif","UPPER_LEFT_X":"456959.666","UPPER_LEFT_Y":"9237871.204","LOWER_RIGHT_X":"457961.666","LOWER_RIGHT_Y":"9236869.204"},"geometry":{"type":"Polygon","coordinates":[[[-63.389588389727706,-6.894726126899227],[-63.3805187193975,-6.894733439397658],[-63.380525955256296,-6.903797332988181],[-63.389595798042812,-6.903790010786738],[-63.389588389727706,-6.894726126899227]]]}},
{"type":"Feature","properties":{"DESCRIPTION":"MDT_1410141.tif","FILENAME":"U:\\P589_AmazoniaRevelada_BR-319\\LiDAR_dataset\\ENTREGAS\\ENTREGA_03\\2_MDT\\GEOTIFF\\MDT_1410141.tif","SHRT_FNAME":"MDT_1410141.tif","UPPER_LEFT_X":"457959.762","UPPER_LEFT_Y":"9237871.204","LOWER_RIGHT_X":"458961.762","LOWER_RIGHT_Y":"9236869.204"},"geometry":{"type":"Polygon","coordinates":[[[-63.380535960828716,-6.89473342566001],[-63.371466280781988,-6.894740566254812],[-63.371473344511401,-6.903804469302017],[-63.380543197015363,-6.903797319232304],[-63.380535960828716,-6.89473342566001]]]}},
{"type":"Feature","properties":{"DESCRIPTION":"MDT_1410142.tif","FILENAME":"U:\\P589_AmazoniaRevelada_BR-319\\LiDAR_dataset\\ENTREGAS\\ENTREGA_03\\2_MDT\\GEOTIFF\\MDT_1410142.tif","SHRT_FNAME":"MDT_1410142.tif","UPPER_LEFT_X":"458959.857","UPPER_LEFT_Y":"9237871.204","LOWER_RIGHT_X":"459961.857","LOWER_RIGHT_Y":"9236869.204"},"geometry":{"type":"Polygon","coordinates":[[[-63.371483522231458,-6.894740552843953],[-63.362413832699303,-6.894747521534239],[-63.362420724298445,-6.903811433810461],[-63.371490586288708,-6.903804455873364],[-63.371483522231458,-6.894740552843953]]]}},
{"type":"Feature","properties":{"DESCRIPTION":"MDT_1410143.tif","FILENAME":"U:\\P589_AmazoniaRevelada_BR-319\\LiDAR_dataset\\ENTREGAS\\ENTREGA_03\\2_MDT\\GEOTIFF\\MDT_1410143.tif","SHRT_FNAME":"MDT_1410143.tif","UPPER_LEFT_X":"459959.952","UPPER_LEFT_Y":"9237871.204","LOWER_RIGHT_X":"460961.952","LOWER_RIGHT_Y":"9236869.204"},"geometry":{"type":"Polygon","coordinates":[[[-63.362431074166587,-6.89474750845017],[-63.353361375380153,-6.894754305235073],[-63.353368094848172,-6.903818226512644],[-63.362437966093566,-6.903811420709031],[-63.362431074166587,-6.89474750845017]]]}},
{"type":"Feature","properties":{"DESCRIPTION":"MDT_1410144.tif","FILENAME":"U:\\P589_AmazoniaRevelada_BR-319\\LiDAR_dataset\\ENTREGAS\\ENTREGA_03\\2_MDT\\GEOTIFF\\MDT_1410144.tif","SHRT_FNAME":"MDT_1410144.tif","UPPER_LEFT_X":"460960.047","UPPER_LEFT_Y":"9237871.204","LOWER_RIGHT_X":"461962.047","LOWER_RIGHT_Y":"9236869.204"},"geometry":{"type":"Polygon","coordinates":[[[-63.353378616864816,-6.894754292477798],[-63.34430890905525,-6.894760917356476],[-63.344315456391293,-6.903824847407724],[-63.353385336660672,-6.903818213738441],[-63.353378616864816,-6.894754292477798]]]}},
{"type":"Feature","properties":{"DESCRIPTION":"MDT_1410145.tif","FILENAME":"U:\\P589_AmazoniaRevelada_BR-319\\LiDAR_dataset\\ENTREGAS\\ENTREGA_03\\2_MDT\\GEOTIFF\\MDT_1410145.tif","SHRT_FNAME":"MDT_1410145.tif","UPPER_LEFT_X":"461960.142","UPPER_LEFT_Y":"9237871.204","LOWER_RIGHT_X":"462962.142","LOWER_RIGHT_Y":"9236869.204"},"geometry":{"type":"Polygon","coordinates":[[[-63.344326150556832,-6.894760904925994],[-63.335256433955273,-6.894767357897624],[-63.335262809158529,-6.903831296494877],[-63.344332698220725,-6.903824834960748],[-63.344326150556832,-6.894760904925994]]]}},
{"type":"Feature","properties":{"DESCRIPTION":"MDT_1410146.tif","FILENAME":"U:\\P589_AmazoniaRevelada_BR-319\\LiDAR_dataset\\ENTREGAS\\ENTREGA_03\\2_MDT\\GEOTIFF\\MDT_1410146.tif","SHRT_FNAME":"MDT_1410146.tif","UPPER_LEFT_X":"462960.238","UPPER_LEFT_Y":"9237871.204","LOWER_RIGHT_X":"463962.238","LOWER_RIGHT_Y":"9236869.204"},"geometry":{"type":"Polygon","coordinates":[[[-63.335273675473353,-6.894767345793937],[-63.326203950310941,-6.894773626857715],[-63.3262101533806,-6.903837573773303],[-63.33528005100446,-6.903831284375131],[-63.335273675473353,-6.894767345793937]]]}},
{"type":"Feature","properties":{"DESCRIPTION":"MDT_1410147.tif","FILENAME":"U:\\P589_AmazoniaRevelada_BR-319\\LiDAR_dataset\\ENTREGAS\\ENTREGA_03\\2_MDT\\GEOTIFF\\MDT_1410147.tif","SHRT_FNAME":"MDT_1410147.tif","UPPER_LEFT_X":"463960.333","UPPER_LEFT_Y":"9237871.204","LOWER_RIGHT_X":"464962.333","LOWER_RIGHT_Y":"9236869.204"},"geometry":{"type":"Polygon","coordinates":[[[-63.326221191845079,-6.894773615080826],[-63.317151458352939,-6.894779724235974],[-63.317157489288235,-6.903843679242224],[-63.32622739524259,-6.903837561980788],[-63.326221191845079,-6.894773615080826]]]}},
{"type":"Feature","properties":{"DESCRIPTION":"MDT_1415193.tif","FILENAME":"U:\\P589_AmazoniaRevelada_BR-319\\LiDAR_dataset\\ENTREGAS\\ENTREGA_03\\2_MDT\\GEOTIFF\\MDT_1415193.tif","SHRT_FNAME":"MDT_1415193.tif","UPPER_LEFT_X":"509964.712","UPPER_LEFT_Y":"9232871.828","LOWER_RIGHT_X":"510966.712","LOWER_RIGHT_Y":"9231869.828"},"geometry":{"type":"Polygon","coordinates":[[[-62.909793117408526,-6.940100790716566],[-62.900722387771161,-6.940098979688695],[-62.900720487383253,-6.949163043544223],[-62.909791390653375,-6.94916485695979],[-62.909793117408526,-6.940100790716566]]]}},
{"type":"Feature","properties":{"DESCRIPTION":"MDT_1415194.tif","FILENAME":"U:\\P589_AmazoniaRevelada_BR-319\\LiDAR_dataset\\ENTREGAS\\ENTREGA_03\\2_MDT\\GEOTIFF\\MDT_1415194.tif","SHRT_FNAME":"MDT_1415194.tif","UPPER_LEFT_X":"510964.807","UPPER_LEFT_Y":"9232871.828","LOWER_RIGHT_X":"511966.807","LOWER_RIGHT_Y":"9231869.828"},"geometry":{"type":"Polygon","coordinates":[[[-62.900739631204473,-6.940098983295949],[-62.891668904102907,-6.940096999208581],[-62.891666830412568,-6.949161060453002],[-62.900737731146641,-6.949163047156231],[-62.900739631204473,-6.940098983295949]]]}},
{"type":"Feature","properties":{"DESCRIPTION":"MDT_1415195.tif","FILENAME":"U:\\P589_AmazoniaRevelada_BR-319\\LiDAR_dataset\\ENTREGAS\\ENTREGA_03\\2_MDT\\GEOTIFF\\MDT_1415195.tif","SHRT_FNAME":"MDT_1415195.tif","UPPER_LEFT_X":"511964.902","UPPER_LEFT_Y":"9232871.828","LOWER_RIGHT_X":"512966.902","LOWER_RIGHT_Y":"9231869.828"},"geometry":{"type":"Polygon","coordinates":[[[-62.891686147531182,-6.94009700314482],[-62.882615423196668,-6.940094845998201],[-62.882613176204138,-6.949158904403782],[-62.891684074170904,-6.949161064394429],[-62.891686147531182,-6.94009700314482]]]}},
{"type":"Feature","properties":{"DESCRIPTION":"MDT_1415196.tif","FILENAME":"U:\\P589_AmazoniaRevelada_BR-319\\LiDAR_dataset\\ENTREGAS\\ENTREGA_03\\2_MDT\\GEOTIFF\\MDT_1415196.tif","SHRT_FNAME":"MDT_1415196.tif","UPPER_LEFT_X":"512964.998","UPPER_LEFT_Y":"9232871.828","LOWER_RIGHT_X":"513966.998","LOWER_RIGHT_Y":"9231869.828"},"geometry":{"type":"Polygon","coordinates":[[[-62.882632666619457,-6.940094850263424],[-62.873561945283271,-6.940092520057823],[-62.873559524988856,-6.949156575396836],[-62.882630419957003,-6.949158908674629],[-62.882632666619457,-6.940094850263424]]]}},
{"type":"Feature","properties":{"DESCRIPTION":"MDT_1415197.tif","FILENAME":"U:\\P589_AmazoniaRevelada_BR-319\\LiDAR_dataset\\ENTREGAS\\ENTREGA_03\\2_MDT\\GEOTIFF\\MDT_1415197.tif","SHRT_FNAME":"MDT_1415197.tif","UPPER_LEFT_X":"513965.093","UPPER_LEFT_Y":"9232871.828","LOWER_RIGHT_X":"514967.093","LOWER_RIGHT_Y":"9231869.828"},"geometry":{"type":"Polygon","coordinates":[[[-62.873579188700148,-6.940092524652031],[-62.864508470593556,-6.940090021387737],[-62.864505876997548,-6.94915407343245],[-62.873576768735802,-6.9491565799971],[-62.873579188700148,-6.940092524652031]]]}},
{"type":"Feature","properties":{"DESCRIPTION":"MDT_1415198.tif","FILENAME":"U:\\P589_AmazoniaRevelada_BR-319\\LiDAR_dataset\\ENTREGAS\\ENTREGA_03\\2_MDT\\GEOTIFF\\MDT_1415198.tif","SHRT_FNAME":"MDT_1415198.tif","UPPER_LEFT_X":"514965.188","UPPER_LEFT_Y":"9232871.828","LOWER_RIGHT_X":"515967.188","LOWER_RIGHT_Y":"9231869.828"},"geometry":{"type":"Polygon","coordinates":[[[-62.864525714004067,-6.940090026310928],[-62.855454999358344,-6.940087349988254],[-62.855452232461055,-6.949151398510935],[-62.864523120738134,-6.949154078362131],[-62.864525714004067,-6.940090026310928]]]}},
{"type":"Feature","properties":{"DESCRIPTION":"MDT_1415199.tif","FILENAME":"U:\\P589_AmazoniaRevelada_BR-319\\LiDAR_dataset\\ENTREGAS\\ENTREGA_03\\2_MDT\\GEOTIFF\\MDT_1415199.tif","SHRT_FNAME":"MDT_1415199.tif","UPPER_LEFT_X":"515965.283","UPPER_LEFT_Y":"9232871.828","LOWER_RIGHT_X":"516967.283","LOWER_RIGHT_Y":"9231869.828"},"geometry":{"type":"Polygon","coordinates":[[[-62.855472242762062,-6.940087355240428],[-62.846401531808453,-6.940084505859703],[-62.846398591610246,-6.949148550632626],[-62.855469476194855,-6.949151403770034],[-62.855472242762062,-6.940087355240428]]]}},
{"type":"Feature","properties":{"DESCRIPTION":"MDT_1415200.tif","FILENAME":"U:\\P589_AmazoniaRevelada_BR-319\\LiDAR_dataset\\ENTREGAS\\ENTREGA_03\\2_MDT\\GEOTIFF\\MDT_1415200.tif","SHRT_FNAME":"MDT_1415200.tif","UPPER_LEFT_X":"516965.378","UPPER_LEFT_Y":"9232871.828","LOWER_RIGHT_X":"517967.378","LOWER_RIGHT_Y":"9231869.828"},"geometry":{"type":"Polygon","coordinates":[[[-62.846418775204931,-6.940084511440861],[-62.837348068174713,-6.94008148900244],[-62.837344954675956,-6.949145529797872],[-62.846415835336792,-6.94914855622114],[-62.846418775204931,-6.940084511440861]]]}},
{"type":"Feature","properties":{"DESCRIPTION":"MDT_1415201.tif","FILENAME":"U:\\P589_AmazoniaRevelada_BR-319\\LiDAR_dataset\\ENTREGAS\\ENTREGA_03\\2_MDT\\GEOTIFF\\MDT_1415201.tif","SHRT_FNAME":"MDT_1415201.tif","UPPER_LEFT_X":"517965.474","UPPER_LEFT_Y":"9232871.828","LOWER_RIGHT_X":"518967.474","LOWER_RIGHT_Y":"9231869.828"},"geometry":{"type":"Polygon","coordinates":[[[-62.837365311563509,-6.94008149491258],[-62.828294608687948,-6.940078299416839],[-62.82829132188904,-6.949142336007054],[-62.837362198394835,-6.949145535715804],[-62.837365311563509,-6.94008149491258]]]}},
{"type":"Feature","properties":{"DESCRIPTION":"MDT_1415202.tif","FILENAME":"U:\\P589_AmazoniaRevelada_BR-319\\LiDAR_dataset\\ENTREGAS\\ENTREGA_03\\2_MDT\\GEOTIFF\\MDT_1415202.tif","SHRT_FNAME":"MDT_1415202.tif","UPPER_LEFT_X":"518965.569","UPPER_LEFT_Y":"9232871.828","LOWER_RIGHT_X":"519967.569","LOWER_RIGHT_Y":"9231869.828"},"geometry":{"type":"Polygon","coordinates":[[[-62.828311852068637,-6.94007830565596],[-62.819241153579,-6.940074937103296],[-62.819237693480325,-6.949138969260565],[-62.828308565599784,-6.949142342254399],[-62.828311852068637,-6.94007830565596]]]}},
{"type":"Feature","properties":{"DESCRIPTION":"MDT_1415203.tif","FILENAME":"U:\\P589_AmazoniaRevelada_BR-319\\LiDAR_dataset\\ENTREGAS\\ENTREGA_03\\2_MDT\\GEOTIFF\\MDT_1415203.tif","SHRT_FNAME":"MDT_1415203.tif","UPPER_LEFT_X":"519965.664","UPPER_LEFT_Y":"9232871.828","LOWER_RIGHT_X":"520967.664","LOWER_RIGHT_Y":"9231869.828"},"geometry":{"type":"Polygon","coordinates":[[[-62.819258396951113,-6.940074943671396],[-62.810187703078661,-6.940071402062229],[-62.810184069680673,-6.949135429558825],[-62.819254937182521,-6.949138975837324],[-62.819258396951113,-6.940074943671396]]]}},
{"type":"Feature","properties":{"DESCRIPTION":"MDT_1415204.tif","FILENAME":"U:\\P589_AmazoniaRevelada_BR-319\\LiDAR_dataset\\ENTREGAS\\ENTREGA_03\\2_MDT\\GEOTIFF\\MDT_1415204.tif","SHRT_FNAME":"MDT_1415204.tif","UPPER_LEFT_X":"520965.759","UPPER_LEFT_Y":"9232871.828","LOWER_RIGHT_X":"521967.759","LOWER_RIGHT_Y":"9231869.828"},"geometry":{"type":"Polygon","coordinates":[[[-62.810204946441786,-6.940071408959309],[-62.801134257417765,-6.940067694294076],[-62.801130450720919,-6.949131716902271],[-62.810201313373874,-6.949135436464998],[-62.810204946441786,-6.940071408959309]]]}},
{"type":"Feature","properties":{"DESCRIPTION":"MDT_1415205.tif","FILENAME":"U:\\P589_AmazoniaRevelada_BR-319\\LiDAR_dataset\\ENTREGAS\\ENTREGA_03\\2_MDT\\GEOTIFF\\MDT_1415205.tif","SHRT_FNAME":"MDT_1415205.tif","UPPER_LEFT_X":"521965.854","UPPER_LEFT_Y":"9232871.828","LOWER_RIGHT_X":"522967.854","LOWER_RIGHT_Y":"9231869.828"},"geometry":{"type":"Polygon","coordinates":[[[-62.801151500771461,-6.940067701520137],[-62.792080816827159,-6.9400638137993],[-62.792076836831932,-6.94912783129137],[-62.801147694404683,-6.949131724137859],[-62.801151500771461,-6.940067701520137]]]}},
{"type":"Feature","properties":{"DESCRIPTION":"MDT_1415206.tif","FILENAME":"U:\\P589_AmazoniaRevelada_BR-319\\LiDAR_dataset\\ENTREGAS\\ENTREGA_03\\2_MDT\\GEOTIFF\\MDT_1415206.tif","SHRT_FNAME":"MDT_1415206.tif","UPPER_LEFT_X":"522965.950","UPPER_LEFT_Y":"9232871.828","LOWER_RIGHT_X":"523967.950","LOWER_RIGHT_Y":"9231869.828"},"geometry":{"type":"Polygon","coordinates":[[[-62.792098060170972,-6.940063821354339],[-62.783027381537636,-6.940059760578384],[-62.783023228244524,-6.949123772726599],[-62.792094080505805,-6.949127838856367],[-62.792098060170972,-6.940063821354339]]]}},
{"type":"Feature","properties":{"DESCRIPTION":"MDT_1415207.tif","FILENAME":"U:\\P589_AmazoniaRevelada_BR-319\\LiDAR_dataset\\ENTREGAS\\ENTREGA_03\\2_MDT\\GEOTIFF\\MDT_1415207.tif","SHRT_FNAME":"MDT_1415207.tif","UPPER_LEFT_X":"523966.045","UPPER_LEFT_Y":"9232871.828","LOWER_RIGHT_X":"524968.045","LOWER_RIGHT_Y":"9231869.828"},"geometry":{"type":"Polygon","coordinates":[[[-62.783044624871124,-6.940059768462398],[-62.773973951780022,-6.940055534631829],[-62.773969625189544,-6.949119541208464],[-62.78304047190808,-6.949123780621008],[-62.783044624871124,-6.940059768462398]]]}},
{"type":"Feature","properties":{"DESCRIPTION":"MDT_1415208.tif","FILENAME":"U:\\P589_AmazoniaRevelada_BR-319\\LiDAR_dataset\\ENTREGAS\\ENTREGA_03\\2_MDT\\GEOTIFF\\MDT_1415208.tif","SHRT_FNAME":"MDT_1415208.tif","UPPER_LEFT_X":"524966.140","UPPER_LEFT_Y":"9232871.828","LOWER_RIGHT_X":"525968.140","LOWER_RIGHT_Y":"9231869.828"},"geometry":{"type":"Polygon","coordinates":[[[-62.773991195102759,-6.940055542844818],[-62.764920527785151,-6.940051135960159],[-62.76491602789784,-6.949115136737494],[-62.77398686884235,-6.949119549432284],[-62.773991195102759,-6.940055542844818]]]}},
{"type":"Feature","properties":{"DESCRIPTION":"MDT_1415209.tif","FILENAME":"U:\\P589_AmazoniaRevelada_BR-319\\LiDAR_dataset\\ENTREGAS\\ENTREGA_03\\2_MDT\\GEOTIFF\\MDT_1415209.tif","SHRT_FNAME":"MDT_1415209.tif","UPPER_LEFT_X":"525966.235","UPPER_LEFT_Y":"9232871.828","LOWER_RIGHT_X":"526968.235","LOWER_RIGHT_Y":"9231869.828"},"geometry":{"type":"Polygon","coordinates":[[[-62.764937771096697,-6.940051144502124],[-62.755867109783821,-6.940046564563922],[-62.755862436600275,-6.949110559314232],[-62.764933271539455,-6.949115145290722],[-62.764937771096697,-6.940051144502124]]]}},
{"type":"Feature","properties":{"DESCRIPTION":"MDT_1415210.tif","FILENAME":"U:\\P589_AmazoniaRevelada_BR-319\\LiDAR_dataset\\ENTREGAS\\ENTREGA_03\\2_MDT\\GEOTIFF\\MDT_1415210.tif","SHRT_FNAME":"MDT_1415210.tif","UPPER_LEFT_X":"526966.330","UPPER_LEFT_Y":"9232871.828","LOWER_RIGHT_X":"527968.330","LOWER_RIGHT_Y":"9231869.828"},"geometry":{"type":"Polygon","coordinates":[[[-62.755884353083744,-6.940046573434861],[-62.746813698006882,-6.940041820443688],[-62.746808851527653,-6.949105808939249],[-62.755879680230244,-6.949110568196867],[-62.755884353083744,-6.940046573434861]]]}},
{"type":"Feature","properties":{"DESCRIPTION":"MDT_1415211.tif","FILENAME":"U:\\P589_AmazoniaRevelada_BR-319\\LiDAR_dataset\\ENTREGAS\\ENTREGA_03\\2_MDT\\GEOTIFF\\MDT_1415211.tif","SHRT_FNAME":"MDT_1415211.tif","UPPER_LEFT_X":"527966.426","UPPER_LEFT_Y":"9232871.828","LOWER_RIGHT_X":"528968.426","LOWER_RIGHT_Y":"9231869.828"},"geometry":{"type":"Polygon","coordinates":[[[-62.746830941294725,-6.940041829643598],[-62.737760292685124,-6.940036903600045],[-62.737755272910832,-6.949100885613135],[-62.746826095145551,-6.949105818151289],[-62.746830941294725,-6.940041829643598]]]}},
{"type":"Feature","properties":{"DESCRIPTION":"MDT_1415212.tif","FILENAME":"U:\\P589_AmazoniaRevelada_BR-319\\LiDAR_dataset\\ENTREGAS\\ENTREGA_03\\2_MDT\\GEOTIFF\\MDT_1415212.tif","SHRT_FNAME":"MDT_1415212.tif","UPPER_LEFT_X":"528966.521","UPPER_LEFT_Y":"9232871.828","LOWER_RIGHT_X":"529968.521","LOWER_RIGHT_Y":"9231869.828"},"geometry":{"type":"Polygon","coordinates":[[[-62.737777535960454,-6.940036913128927],[-62.728706894049381,-6.940031814033603],[-62.728701700980643,-6.949095789336502],[-62.737772516516216,-6.949100895154581],[-62.737777535960454,-6.940036913128927]]]}},
{"type":"Feature","properties":{"DESCRIPTION":"MDT_1415213.tif","FILENAME":"U:\\P589_AmazoniaRevelada_BR-319\\LiDAR_dataset\\ENTREGAS\\ENTREGA_03\\2_MDT\\GEOTIFF\\MDT_1415213.tif","SHRT_FNAME":"MDT_1415213.tif","UPPER_LEFT_X":"529966.616","UPPER_LEFT_Y":"9232871.828","LOWER_RIGHT_X":"530968.616","LOWER_RIGHT_Y":"9231869.828"},"geometry":{"type":"Polygon","coordinates":[[[-62.728724137311744,-6.940031823891456],[-62.719653502330452,-6.940026551744993],[-62.719648135967951,-6.949090520109981],[-62.728718944573075,-6.949095799207352],[-62.728724137311744,-6.940031823891456]]]}},
{"type":"Feature","properties":{"DESCRIPTION":"MDT_1415214.tif","FILENAME":"U:\\P589_AmazoniaRevelada_BR-319\\LiDAR_dataset\\ENTREGAS\\ENTREGA_03\\2_MDT\\GEOTIFF\\MDT_1415214.tif","SHRT_FNAME":"MDT_1415214.tif","UPPER_LEFT_X":"530966.711","UPPER_LEFT_Y":"9232871.828","LOWER_RIGHT_X":"531968.711","LOWER_RIGHT_Y":"9231869.828"},"geometry":{"type":"Polygon","coordinates":[[[-62.719670745579428,-6.940026561931815],[-62.710600117759171,-6.940021116734872],[-62.710594578103546,-6.949085077934228],[-62.719665379546981,-6.949090530310234],[-62.719670745579428,-6.940026561931815]]]}},
{"type":"Feature","properties":{"DESCRIPTION":"MDT_1415215.tif","FILENAME":"U:\\P589_AmazoniaRevelada_BR-319\\LiDAR_dataset\\ENTREGAS\\ENTREGA_03\\2_MDT\\GEOTIFF\\MDT_1415215.tif","SHRT_FNAME":"MDT_1415215.tif","UPPER_LEFT_X":"531966.806","UPPER_LEFT_Y":"9232871.828","LOWER_RIGHT_X":"532968.806","LOWER_RIGHT_Y":"9231869.828"},"geometry":{"type":"Polygon","coordinates":[[[-62.71061736099432,-6.940021127250663],[-62.701546740566357,-6.940015509003914],[-62.701541027618312,-6.94907946280992],[-62.710611821668749,-6.949085088463883],[-62.71061736099432,-6.940021127250663]]]}},
{"type":"Feature","properties":{"DESCRIPTION":"MDT_1415216.tif","FILENAME":"U:\\P589_AmazoniaRevelada_BR-319\\LiDAR_dataset\\ENTREGAS\\ENTREGA_03\\2_MDT\\GEOTIFF\\MDT_1415216.tif","SHRT_FNAME":"MDT_1415216.tif","UPPER_LEFT_X":"532966.902","UPPER_LEFT_Y":"9232871.828","LOWER_RIGHT_X":"533968.902","LOWER_RIGHT_Y":"9231869.828"},"geometry":{"type":"Polygon","coordinates":[[[-62.701563983787217,-6.940015519848672],[-62.692493370982788,-6.940009728552817],[-62.692487484743054,-6.949073674737753],[-62.70155827116924,-6.949079473668974],[-62.701563983787217,-6.940015519848672]]]}},
{"type":"Feature","properties":{"DESCRIPTION":"MDT_1415217.tif","FILENAME":"U:\\P589_AmazoniaRevelada_BR-319\\LiDAR_dataset\\ENTREGAS\\ENTREGA_03\\2_MDT\\GEOTIFF\\MDT_1415217.tif","SHRT_FNAME":"MDT_1415217.tif","UPPER_LEFT_X":"533966.997","UPPER_LEFT_Y":"9232871.828","LOWER_RIGHT_X":"534968.997","LOWER_RIGHT_Y":"9231869.828"},"geometry":{"type":"Polygon","coordinates":[[[-62.692510614188961,-6.940009739726539],[-62.68344000923932,-6.940003775382297],[-62.683433949708608,-6.94906771371845],[-62.69250472827926,-6.949073685926208],[-62.692510614188961,-6.940009739726539]]]}},
{"type":"Feature","properties":{"DESCRIPTION":"MDT_1415218.tif","FILENAME":"U:\\P589_AmazoniaRevelada_BR-319\\LiDAR_dataset\\ENTREGAS\\ENTREGA_03\\2_MDT\\GEOTIFF\\MDT_1415218.tif","SHRT_FNAME":"MDT_1415218.tif","UPPER_LEFT_X":"534967.092","UPPER_LEFT_Y":"9232871.828","LOWER_RIGHT_X":"535969.092","LOWER_RIGHT_Y":"9231869.828"},"geometry":{"type":"Polygon","coordinates":[[[-62.68345725243033,-6.940003786884983],[-62.674386655566742,-6.939997649493095],[-62.674380422745827,-6.949061579752747],[-62.683451193229679,-6.9490677252363],[-62.68345725243033,-6.940003786884983]]]}},
{"type":"Feature","properties":{"DESCRIPTION":"MDT_1415219.tif","FILENAME":"U:\\P589_AmazoniaRevelada_BR-319\\LiDAR_dataset\\ENTREGAS\\ENTREGA_03\\2_MDT\\GEOTIFF\\MDT_1415219.tif","SHRT_FNAME":"MDT_1415219.tif","UPPER_LEFT_X":"535967.187","UPPER_LEFT_Y":"9232871.828","LOWER_RIGHT_X":"536969.187","LOWER_RIGHT_Y":"9231869.828"},"geometry":{"type":"Polygon","coordinates":[[[-62.674403898742163,-6.939997661324743],[-62.665333310195862,-6.939991350885971],[-62.665326904085532,-6.949055272841407],[-62.674397666251302,-6.949061591599993],[-62.674403898742163,-6.939997661324743]]]}},
{"type":"Feature","properties":{"DESCRIPTION":"MDT_1415220.tif","FILENAME":"U:\\P589_AmazoniaRevelada_BR-319\\LiDAR_dataset\\ENTREGAS\\ENTREGA_03\\2_MDT\\GEOTIFF\\MDT_1415220.tif","SHRT_FNAME":"MDT_1415220.tif","UPPER_LEFT_X":"536967.282","UPPER_LEFT_Y":"9232871.828","LOWER_RIGHT_X":"537969.282","LOWER_RIGHT_Y":"9231869.828"},"geometry":{"type":"Polygon","coordinates":[[[-62.665350553355246,-6.939991363046581],[-62.656279973357506,-6.939984879561709],[-62.656273393958557,-6.949048792985216],[-62.66534414757497,-6.94905528501805],[-62.665350553355246,-6.939991363046581]]]}},
{"type":"Feature","properties":{"DESCRIPTION":"MDT_1415221.tif","FILENAME":"U:\\P589_AmazoniaRevelada_BR-319\\LiDAR_dataset\\ENTREGAS\\ENTREGA_03\\2_MDT\\GEOTIFF\\MDT_1415221.tif","SHRT_FNAME":"MDT_1415221.tif","UPPER_LEFT_X":"537967.378","UPPER_LEFT_Y":"9232871.828","LOWER_RIGHT_X":"538969.378","LOWER_RIGHT_Y":"9231869.828"},"geometry":{"type":"Polygon","coordinates":[[[-62.65629721650042,-6.939984892051276],[-62.647226645282451,-6.939978235521112],[-62.647219892595714,-6.949042140184976],[-62.656290637431511,-6.949048805491251],[-62.65629721650042,-6.939984892051276]]]}},
{"type":"Feature","properties":{"DESCRIPTION":"MDT_1415222.tif","FILENAME":"U:\\P589_AmazoniaRevelada_BR-319\\LiDAR_dataset\\ENTREGAS\\ENTREGA_03\\2_MDT\\GEOTIFF\\MDT_1415222.tif","SHRT_FNAME":"MDT_1415222.tif","UPPER_LEFT_X":"538967.473","UPPER_LEFT_Y":"9232871.828","LOWER_RIGHT_X":"539969.473","LOWER_RIGHT_Y":"9231869.828"},"geometry":{"type":"Polygon","coordinates":[[[-62.647243888408461,-6.939978248339639],[-62.638173326201553,-6.939971418765005],[-62.638166400227853,-6.949035314441518],[-62.647237136051764,-6.949042153020404],[-62.647243888408461,-6.939978248339639]]]}},
{"type":"Feature","properties":{"DESCRIPTION":"MDT_1415223.tif","FILENAME":"U:\\P589_AmazoniaRevelada_BR-319\\LiDAR_dataset\\ENTREGAS\\ENTREGA_03\\2_MDT\\GEOTIFF\\MDT_1415223.tif","SHRT_FNAME":"MDT_1415223.tif","UPPER_LEFT_X":"539967.568","UPPER_LEFT_Y":"9232871.828","LOWER_RIGHT_X":"540969.568","LOWER_RIGHT_Y":"9231869.828"},"geometry":{"type":"Polygon","coordinates":[[[-62.638190569310204,-6.939971431912488],[-62.629120016345574,-6.939964429294236],[-62.629112917085806,-6.949028315755688],[-62.638183643666558,-6.949035327606335],[-62.638190569310204,-6.939971431912488]]]}},
{"type":"Feature","properties":{"DESCRIPTION":"MDT_1415224.tif","FILENAME":"U:\\P589_AmazoniaRevelada_BR-319\\LiDAR_dataset\\ENTREGAS\\ENTREGA_03\\2_MDT\\GEOTIFF\\MDT_1415224.tif","SHRT_FNAME":"MDT_1415224.tif","UPPER_LEFT_X":"540967.663","UPPER_LEFT_Y":"9232871.828","LOWER_RIGHT_X":"541969.663","LOWER_RIGHT_Y":"9231869.828"},"geometry":{"type":"Polygon","coordinates":[[[-62.62913725943644,-6.939964442770675],[-62.620066715945342,-6.939957267109675],[-62.620059443400379,-6.949021144128353],[-62.629130160506712,-6.949028329249892],[-62.62913725943644,-6.939964442770675]]]}},
{"type":"Feature","properties":{"DESCRIPTION":"MDT_1415225.tif","FILENAME":"U:\\P589_AmazoniaRevelada_BR-319\\LiDAR_dataset\\ENTREGAS\\ENTREGA_03\\2_MDT\\GEOTIFF\\MDT_1415225.tif","SHRT_FNAME":"MDT_1415225.tif","UPPER_LEFT_X":"541967.758","UPPER_LEFT_Y":"9232871.828","LOWER_RIGHT_X":"542969.758","LOWER_RIGHT_Y":"9231869.828"},"geometry":{"type":"Polygon","coordinates":[[[-62.620083959017983,-6.939957280915065],[-62.611013425231647,-6.939949932212207],[-62.611005979402414,-6.949013799560405],[-62.620076686803067,-6.949021157951944],[-62.620083959017983,-6.939957280915065]]]}},
{"type":"Feature","properties":{"DESCRIPTION":"MDT_1415226.tif","FILENAME":"U:\\P589_AmazoniaRevelada_BR-319\\LiDAR_dataset\\ENTREGAS\\ENTREGA_03\\2_MDT\\GEOTIFF\\MDT_1415226.tif","SHRT_FNAME":"MDT_1415226.tif","UPPER_LEFT_X":"542967.854","UPPER_LEFT_Y":"9232871.828","LOWER_RIGHT_X":"543969.854","LOWER_RIGHT_Y":"9231869.828"},"geometry":{"type":"Polygon","coordinates":[[[-62.611030668285615,-6.93994994634655],[-62.60196014443531,-6.939942424602747],[-62.601952525322737,-6.949006282052759],[-62.611023222786429,-6.949013813713382],[-62.611030668285615,-6.93994994634655]]]}},
{"type":"Feature","properties":{"DESCRIPTION":"MDT_1415227.tif","FILENAME":"U:\\P589_AmazoniaRevelada_BR-319\\LiDAR_dataset\\ENTREGAS\\ENTREGA_03\\2_MDT\\GEOTIFF\\MDT_1415227.tif","SHRT_FNAME":"MDT_1415227.tif","UPPER_LEFT_X":"543967.949","UPPER_LEFT_Y":"9232871.828","LOWER_RIGHT_X":"544969.949","LOWER_RIGHT_Y":"9231869.828"},"geometry":{"type":"Polygon","coordinates":[[[-62.601977387470164,-6.93994243906604],[-62.592906873787108,-6.93993474428223],[-62.592899081392147,-6.948998591606347],[-62.601969768687624,-6.94900629653512],[-62.601977387470164,-6.93994243906604]]]}},
{"type":"Feature","properties":{"DESCRIPTION":"MDT_1415228.tif","FILENAME":"U:\\P589_AmazoniaRevelada_BR-319\\LiDAR_dataset\\ENTREGAS\\ENTREGA_03\\2_MDT\\GEOTIFF\\MDT_1415228.tif","SHRT_FNAME":"MDT_1415228.tif","UPPER_LEFT_X":"544968.044","UPPER_LEFT_Y":"9232871.828","LOWER_RIGHT_X":"545970.044","LOWER_RIGHT_Y":"9231869.828"},"geometry":{"type":"Polygon","coordinates":[[[-62.592924116802429,-6.939934759074468],[-62.583853613517874,-6.939926891251604],[-62.5838456478415,-6.948990728222124],[-62.592916324737502,-6.948998606418088],[-62.592924116802429,-6.939934759074468]]]}},
{"type":"Feature","properties":{"DESCRIPTION":"MDT_1415229.tif","FILENAME":"U:\\P589_AmazoniaRevelada_BR-319\\LiDAR_dataset\\ENTREGAS\\ENTREGA_03\\2_MDT\\GEOTIFF\\MDT_1415229.tif","SHRT_FNAME":"MDT_1415229.tif","UPPER_LEFT_X":"545968.139","UPPER_LEFT_Y":"9232871.828","LOWER_RIGHT_X":"546970.139","LOWER_RIGHT_Y":"9231869.828"},"geometry":{"type":"Polygon","coordinates":[[[-62.583870856513194,-6.939926906372791],[-62.574800363858365,-6.939918865511849],[-62.574792224901579,-6.948982691901071],[-62.583862891166845,-6.948990743363246],[-62.583870856513194,-6.939926906372791]]]}},
{"type":"Feature","properties":{"DESCRIPTION":"MDT_1415230.tif","FILENAME":"U:\\P589_AmazoniaRevelada_BR-319\\LiDAR_dataset\\ENTREGAS\\ENTREGA_03\\2_MDT\\GEOTIFF\\MDT_1415230.tif","SHRT_FNAME":"MDT_1415230.tif","UPPER_LEFT_X":"546968.234","UPPER_LEFT_Y":"9232871.828","LOWER_RIGHT_X":"547970.234","LOWER_RIGHT_Y":"9231869.828"},"geometry":{"type":"Polygon","coordinates":[[[-62.574817606833271,-6.939918880961979],[-62.565747125039415,-6.939910667063963],[-62.565738812803232,-6.94897448264418],[-62.57480946820651,-6.948982707371569],[-62.574817606833271,-6.939918880961979]]]}},
{"type":"Feature","properties":{"DESCRIPTION":"MDT_1415231.tif","FILENAME":"U:\\P589_AmazoniaRevelada_BR-319\\LiDAR_dataset\\ENTREGAS\\ENTREGA_03\\2_MDT\\GEOTIFF\\MDT_1415231.tif","SHRT_FNAME":"MDT_1415231.tif","UPPER_LEFT_X":"547968.330","UPPER_LEFT_Y":"9232871.828","LOWER_RIGHT_X":"548970.330","LOWER_RIGHT_Y":"9231869.828"},"geometry":{"type":"Polygon","coordinates":[[[-62.565764367993438,-6.939910682843033],[-62.556693897291794,-6.939902295908959],[-62.556685411777266,-6.948966100452477],[-62.565756056087288,-6.948974498444055],[-62.565764367993438,-6.939910682843033]]]}},
{"type":"Feature","properties":{"DESCRIPTION":"MDT_1415232.tif","FILENAME":"U:\\P589_AmazoniaRevelada_BR-319\\LiDAR_dataset\\ENTREGAS\\ENTREGA_03\\2_MDT\\GEOTIFF\\MDT_1415232.tif","SHRT_FNAME":"MDT_1415232.tif","UPPER_LEFT_X":"548968.425","UPPER_LEFT_Y":"9232871.828","LOWER_RIGHT_X":"549970.425","LOWER_RIGHT_Y":"9231869.828"},"geometry":{"type":"Polygon","coordinates":[[[-62.556711140224522,-6.939902312016971],[-62.547640680846314,-6.939893752047884],[-62.547632022054493,-6.948957545327],[-62.556702655040006,-6.948966116581724],[-62.556711140224522,-6.939902312016971]]]}},
{"type":"Feature","properties":{"DESCRIPTION":"MDT_1415233.tif","FILENAME":"U:\\P589_AmazoniaRevelada_BR-319\\LiDAR_dataset\\ENTREGAS\\ENTREGA_03\\2_MDT\\GEOTIFF\\MDT_1415233.tif","SHRT_FNAME":"MDT_1415233.tif","UPPER_LEFT_X":"549968.520","UPPER_LEFT_Y":"9232871.828","LOWER_RIGHT_X":"550970.520","LOWER_RIGHT_Y":"9231869.828"},"geometry":{"type":"Polygon","coordinates":[[[-62.547657923757299,-6.939893768484833],[-62.538587475933767,-6.939885035481794],[-62.538578643865741,-6.948948817268813],[-62.547649265295505,-6.948957561785621],[-62.547657923757299,-6.939893768484833]]]}},
{"type":"Feature","properties":{"DESCRIPTION":"MDT_1416193.tif","FILENAME":"U:\\P589_AmazoniaRevelada_BR-319\\LiDAR_dataset\\ENTREGAS\\ENTREGA_03\\2_MDT\\GEOTIFF\\MDT_1416193.tif","SHRT_FNAME":"MDT_1416193.tif","UPPER_LEFT_X":"509964.712","UPPER_LEFT_Y":"9231871.953","LOWER_RIGHT_X":"510966.712","LOWER_RIGHT_Y":"9230869.953"},"geometry":{"type":"Polygon","coordinates":[[[-62.909791394317551,-6.94914563578946],[-62.900720491415889,-6.949143822378955],[-62.900718588492289,-6.958207882782392],[-62.909789665258387,-6.958209698580681],[-62.909791394317551,-6.94914563578946]]]}},
{"type":"Feature","properties":{"DESCRIPTION":"MDT_1416194.tif","FILENAME":"U:\\P589_AmazoniaRevelada_BR-319\\LiDAR_dataset\\ENTREGAS\\ENTREGA_03\\2_MDT\\GEOTIFF\\MDT_1416194.tif","SHRT_FNAME":"MDT_1416194.tif","UPPER_LEFT_X":"510964.807","UPPER_LEFT_Y":"9231871.953","LOWER_RIGHT_X":"511966.807","LOWER_RIGHT_Y":"9230869.953"},"geometry":{"type":"Polygon","coordinates":[[[-62.900737735178581,-6.949143825990955],[-62.891666834812938,-6.94914183929327],[-62.891664758355667,-6.958205897085503],[-62.90073583258549,-6.958207886399148],[-62.900737735178581,-6.949143825990955]]]}},
{"type":"Feature","properties":{"DESCRIPTION":"MDT_1416195.tif","FILENAME":"U:\\P589_AmazoniaRevelada_BR-319\\LiDAR_dataset\\ENTREGAS\\ENTREGA_03\\2_MDT\\GEOTIFF\\MDT_1416195.tif","SHRT_FNAME":"MDT_1416195.tif","UPPER_LEFT_X":"511964.902","UPPER_LEFT_Y":"9231871.953","LOWER_RIGHT_X":"512966.902","LOWER_RIGHT_Y":"9230869.953"},"geometry":{"type":"Polygon","coordinates":[[[-62.891684078570592,-6.949141843234687],[-62.882613180972271,-6.949139683250073],[-62.882610930981585,-6.958203738203363],[-62.891682002443829,-6.95820590103211],[-62.891684078570592,-6.949141843234687]]]}},
{"type":"Feature","properties":{"DESCRIPTION":"MDT_1416196.tif","FILENAME":"U:\\P589_AmazoniaRevelada_BR-319\\LiDAR_dataset\\ENTREGAS\\ENTREGA_03\\2_MDT\\GEOTIFF\\MDT_1416196.tif","SHRT_FNAME":"MDT_1416196.tif","UPPER_LEFT_X":"512964.998","UPPER_LEFT_Y":"9231871.953","LOWER_RIGHT_X":"513966.998","LOWER_RIGHT_Y":"9230869.953"},"geometry":{"type":"Polygon","coordinates":[[[-62.882630424724439,-6.949139687520907],[-62.873559530124737,-6.949137354249627],[-62.873557106600913,-6.958201406136236],[-62.882628175064262,-6.958203742479822],[-62.882630424724439,-6.949139687520907]]]}},
{"type":"Feature","properties":{"DESCRIPTION":"MDT_1416197.tif","FILENAME":"U:\\P589_AmazoniaRevelada_BR-319\\LiDAR_dataset\\ENTREGAS\\ENTREGA_03\\2_MDT\\GEOTIFF\\MDT_1416197.tif","SHRT_FNAME":"MDT_1416197.tif","UPPER_LEFT_X":"513965.093","UPPER_LEFT_Y":"9231871.953","LOWER_RIGHT_X":"514967.093","LOWER_RIGHT_Y":"9230869.953"},"geometry":{"type":"Polygon","coordinates":[[[-62.873576773870973,-6.949137358849879],[-62.864505882501163,-6.949134852292228],[-62.86450328544452,-6.958198900884417],[-62.873574350677671,-6.958201410742546],[-62.873576773870973,-6.949137358849879]]]}},
{"type":"Feature","properties":{"DESCRIPTION":"MDT_1416198.tif","FILENAME":"U:\\P589_AmazoniaRevelada_BR-319\\LiDAR_dataset\\ENTREGAS\\ENTREGA_03\\2_MDT\\GEOTIFF\\MDT_1416198.tif","SHRT_FNAME":"MDT_1416198.tif","UPPER_LEFT_X":"514965.188","UPPER_LEFT_Y":"9231871.953","LOWER_RIGHT_X":"515967.188","LOWER_RIGHT_Y":"9230869.953"},"geometry":{"type":"Polygon","coordinates":[[[-62.864523126241053,-6.949134857221896],[-62.85545223833244,-6.949132177378183],[-62.855449467743263,-6.958196222448211],[-62.864520529514905,-6.958198905820576],[-62.864523126241053,-6.949134857221896]]]}},
{"type":"Feature","properties":{"DESCRIPTION":"MDT_1416199.tif","FILENAME":"U:\\P589_AmazoniaRevelada_BR-319\\LiDAR_dataset\\ENTREGAS\\ENTREGA_03\\2_MDT\\GEOTIFF\\MDT_1416199.tif","SHRT_FNAME":"MDT_1416199.tif","UPPER_LEFT_X":"515965.283","UPPER_LEFT_Y":"9231871.953","LOWER_RIGHT_X":"516967.283","LOWER_RIGHT_Y":"9230869.953"},"geometry":{"type":"Polygon","coordinates":[[[-62.855469482065523,-6.949132182637267],[-62.846398597849365,-6.949129329507824],[-62.846395653728045,-6.958193370827956],[-62.855466711806869,-6.958196227714222],[-62.855469482065523,-6.949132182637267]]]}},
{"type":"Feature","properties":{"DESCRIPTION":"MDT_1416200.tif","FILENAME":"U:\\P589_AmazoniaRevelada_BR-319\\LiDAR_dataset\\ENTREGAS\\ENTREGA_03\\2_MDT\\GEOTIFF\\MDT_1416200.tif","SHRT_FNAME":"MDT_1416200.tif","UPPER_LEFT_X":"516965.378","UPPER_LEFT_Y":"9231871.953","LOWER_RIGHT_X":"517967.378","LOWER_RIGHT_Y":"9230869.953"},"geometry":{"type":"Polygon","coordinates":[[[-62.846415841575208,-6.949129335096323],[-62.837344961282824,-6.949126308681506],[-62.837341843629716,-6.958190346024003],[-62.846412897784404,-6.958193376423815],[-62.846415841575208,-6.949129335096323]]]}},
{"type":"Feature","properties":{"DESCRIPTION":"MDT_1416201.tif","FILENAME":"U:\\P589_AmazoniaRevelada_BR-319\\LiDAR_dataset\\ENTREGAS\\ENTREGA_03\\2_MDT\\GEOTIFF\\MDT_1416201.tif","SHRT_FNAME":"MDT_1416201.tif","UPPER_LEFT_X":"517965.474","UPPER_LEFT_Y":"9231871.953","LOWER_RIGHT_X":"518967.474","LOWER_RIGHT_Y":"9230869.953"},"geometry":{"type":"Polygon","coordinates":[[[-62.837362205000986,-6.949126314599421],[-62.828291328863635,-6.949123114899606],[-62.828288037679137,-6.958187148036731],[-62.837359087678387,-6.958190351949711],[-62.837362205000986,-6.949126314599421]]]}},
{"type":"Feature","properties":{"DESCRIPTION":"MDT_1416202.tif","FILENAME":"U:\\P589_AmazoniaRevelada_BR-319\\LiDAR_dataset\\ENTREGAS\\ENTREGA_03\\2_MDT\\GEOTIFF\\MDT_1416202.tif","SHRT_FNAME":"MDT_1416202.tif","UPPER_LEFT_X":"518965.569","UPPER_LEFT_Y":"9231871.953","LOWER_RIGHT_X":"519967.569","LOWER_RIGHT_Y":"9230869.953"},"geometry":{"type":"Polygon","coordinates":[[[-62.828308572573697,-6.949123121146934],[-62.819237700822676,-6.949119748162518],[-62.819234236107192,-6.958183776866536],[-62.828305281719693,-6.958187154292285],[-62.828308572573697,-6.949123121146934]]]}},
{"type":"Feature","properties":{"DESCRIPTION":"MDT_1416203.tif","FILENAME":"U:\\P589_AmazoniaRevelada_BR-319\\LiDAR_dataset\\ENTREGAS\\ENTREGA_03\\2_MDT\\GEOTIFF\\MDT_1416203.tif","SHRT_FNAME":"MDT_1416203.tif","UPPER_LEFT_X":"519965.664","UPPER_LEFT_Y":"9231871.953","LOWER_RIGHT_X":"520967.664","LOWER_RIGHT_Y":"9230869.953"},"geometry":{"type":"Polygon","coordinates":[[[-62.819254944524168,-6.949119754739259],[-62.810184077390758,-6.94911620847066],[-62.81018043914473,-6.958180232513834],[-62.819251480139179,-6.958183783451936],[-62.819254944524168,-6.949119754739259]]]}},
{"type":"Feature","properties":{"DESCRIPTION":"MDT_1416204.tif","FILENAME":"U:\\P589_AmazoniaRevelada_BR-319\\LiDAR_dataset\\ENTREGAS\\ENTREGA_03\\2_MDT\\GEOTIFF\\MDT_1416204.tif","SHRT_FNAME":"MDT_1416204.tif","UPPER_LEFT_X":"520965.759","UPPER_LEFT_Y":"9231871.953","LOWER_RIGHT_X":"521967.759","LOWER_RIGHT_Y":"9230869.953"},"geometry":{"type":"Polygon","coordinates":[[[-62.810201321083262,-6.949116215376814],[-62.801130458798752,-6.949112495824474],[-62.801126647022627,-6.958176514979069],[-62.810197683167729,-6.958180239429081],[-62.810201321083262,-6.949116215376814]]]}},
{"type":"Feature","properties":{"DESCRIPTION":"MDT_1416205.tif","FILENAME":"U:\\P589_AmazoniaRevelada_BR-319\\LiDAR_dataset\\ENTREGAS\\ENTREGA_03\\2_MDT\\GEOTIFF\\MDT_1416205.tif","SHRT_FNAME":"MDT_1416205.tif","UPPER_LEFT_X":"521965.854","UPPER_LEFT_Y":"9231871.953","LOWER_RIGHT_X":"522967.854","LOWER_RIGHT_Y":"9230869.953"},"geometry":{"type":"Polygon","coordinates":[[[-62.801147702481813,-6.949112503060041],[-62.792076845277499,-6.949108610224421],[-62.792072859971746,-6.958172624262701],[-62.80114389103619,-6.958176522224162],[-62.801147702481813,-6.949112503060041]]]}},
{"type":"Feature","properties":{"DESCRIPTION":"MDT_1416206.tif","FILENAME":"U:\\P589_AmazoniaRevelada_BR-319\\LiDAR_dataset\\ENTREGAS\\ENTREGA_03\\2_MDT\\GEOTIFF\\MDT_1416206.tif","SHRT_FNAME":"MDT_1416206.tif","UPPER_LEFT_X":"522965.950","UPPER_LEFT_Y":"9231871.953","LOWER_RIGHT_X":"523967.950","LOWER_RIGHT_Y":"9230869.953"},"geometry":{"type":"Polygon","coordinates":[[[-62.79209408895067,-6.949108617789397],[-62.783023237057826,-6.949104551670984],[-62.783019078222964,-6.958168560365215],[-62.792090103975433,-6.958172631837638],[-62.79209408895067,-6.949108617789397]]]}},
{"type":"Feature","properties":{"DESCRIPTION":"MDT_1416207.tif","FILENAME":"U:\\P589_AmazoniaRevelada_BR-319\\LiDAR_dataset\\ENTREGAS\\ENTREGA_03\\2_MDT\\GEOTIFF\\MDT_1416207.tif","SHRT_FNAME":"MDT_1416207.tif","UPPER_LEFT_X":"523966.045","UPPER_LEFT_Y":"9231871.953","LOWER_RIGHT_X":"524968.045","LOWER_RIGHT_Y":"9230869.953"},"geometry":{"type":"Polygon","coordinates":[[[-62.783040480720686,-6.949104559565369],[-62.773969634370594,-6.949100320164665],[-62.773965302007134,-6.958164323287115],[-62.783036322216326,-6.958168568269995],[-62.783040480720686,-6.949104559565369]]]}},
{"type":"Feature","properties":{"DESCRIPTION":"MDT_1416208.tif","FILENAME":"U:\\P589_AmazoniaRevelada_BR-319\\LiDAR_dataset\\ENTREGAS\\ENTREGA_03\\2_MDT\\GEOTIFF\\MDT_1416208.tif","SHRT_FNAME":"MDT_1416208.tif","UPPER_LEFT_X":"524966.140","UPPER_LEFT_Y":"9231871.953","LOWER_RIGHT_X":"525968.140","LOWER_RIGHT_Y":"9230869.953"},"geometry":{"type":"Polygon","coordinates":[[[-62.773986878022704,-6.94910032838846],[-62.764916037446632,-6.949095915705993],[-62.764911531555121,-6.958159913028928],[-62.773982545989739,-6.958164331521739],[-62.773986878022704,-6.94910032838846]]]}},
{"type":"Feature","properties":{"DESCRIPTION":"MDT_1416209.tif","FILENAME":"U:\\P589_AmazoniaRevelada_BR-319\\LiDAR_dataset\\ENTREGAS\\ENTREGA_03\\2_MDT\\GEOTIFF\\MDT_1416209.tif","SHRT_FNAME":"MDT_1416209.tif","UPPER_LEFT_X":"525966.235","UPPER_LEFT_Y":"9231871.953","LOWER_RIGHT_X":"526968.235","LOWER_RIGHT_Y":"9230869.953"},"geometry":{"type":"Polygon","coordinates":[[[-62.764933281087544,-6.949095924259194],[-62.755862446516787,-6.949091338295513],[-62.755857767097787,-6.958155329591201],[-62.764928775526542,-6.958159921593393],[-62.764933281087544,-6.949095924259194]]]}},
{"type":"Feature","properties":{"DESCRIPTION":"MDT_1416210.tif","FILENAME":"U:\\P589_AmazoniaRevelada_BR-319\\LiDAR_dataset\\ENTREGAS\\ENTREGA_03\\2_MDT\\GEOTIFF\\MDT_1416210.tif","SHRT_FNAME":"MDT_1416210.tif","UPPER_LEFT_X":"526966.330","UPPER_LEFT_Y":"9231871.953","LOWER_RIGHT_X":"527968.330","LOWER_RIGHT_Y":"9230869.953"},"geometry":{"type":"Polygon","coordinates":[[[-62.755879690146074,-6.94909134717812],[-62.7468088618119,-6.949086587933792],[-62.746804008866015,-6.958150572974504],[-62.755875011057569,-6.958155338485507],[-62.755879690146074,-6.94909134717812]]]}},
{"type":"Feature","properties":{"DESCRIPTION":"MDT_1416211.tif","FILENAME":"U:\\P589_AmazoniaRevelada_BR-319\\LiDAR_dataset\\ENTREGAS\\ENTREGA_03\\2_MDT\\GEOTIFF\\MDT_1416211.tif","SHRT_FNAME":"MDT_1416211.tif","UPPER_LEFT_X":"527966.426","UPPER_LEFT_Y":"9231871.953","LOWER_RIGHT_X":"528968.426","LOWER_RIGHT_Y":"9230869.953"},"geometry":{"type":"Polygon","coordinates":[[[-62.746826105429101,-6.949086597145808],[-62.737755283562819,-6.949081664621424],[-62.737750257090624,-6.958145643179428],[-62.746821252813703,-6.958150582198648],[-62.746826105429101,-6.949086597145808]]]}},
{"type":"Feature","properties":{"DESCRIPTION":"MDT_1416212.tif","FILENAME":"U:\\P589_AmazoniaRevelada_BR-319\\LiDAR_dataset\\ENTREGAS\\ENTREGA_03\\2_MDT\\GEOTIFF\\MDT_1416212.tif","SHRT_FNAME":"MDT_1416212.tif","UPPER_LEFT_X":"528966.521","UPPER_LEFT_Y":"9231871.953","LOWER_RIGHT_X":"529968.521","LOWER_RIGHT_Y":"9230869.953"},"geometry":{"type":"Polygon","coordinates":[[[-62.737772527167493,-6.949081674162844],[-62.728701712000365,-6.949076568359019],[-62.728696512002514,-6.958140540206586],[-62.737767501025807,-6.958145652733412],[-62.737772527167493,-6.949081674162844]]]}},
{"type":"Feature","properties":{"DESCRIPTION":"MDT_1416213.tif","FILENAME":"U:\\P589_AmazoniaRevelada_BR-319\\LiDAR_dataset\\ENTREGAS\\ENTREGA_03\\2_MDT\\GEOTIFF\\MDT_1416213.tif","SHRT_FNAME":"MDT_1416213.tif","UPPER_LEFT_X":"529966.616","UPPER_LEFT_Y":"9231871.953","LOWER_RIGHT_X":"530968.616","LOWER_RIGHT_Y":"9230869.953"},"geometry":{"type":"Polygon","coordinates":[[[-62.728718955592093,-6.949076578229843],[-62.719648147355393,-6.949071299147212],[-62.719642773832533,-6.958135264056613],[-62.728713755924737,-6.958140550090407],[-62.728718955592093,-6.949076578229843]]]}},
{"type":"Feature","properties":{"DESCRIPTION":"MDT_1416214.tif","FILENAME":"U:\\P589_AmazoniaRevelada_BR-319\\LiDAR_dataset\\ENTREGAS\\ENTREGA_03\\2_MDT\\GEOTIFF\\MDT_1416214.tif","SHRT_FNAME":"MDT_1416214.tif","UPPER_LEFT_X":"530966.711","UPPER_LEFT_Y":"9231871.953","LOWER_RIGHT_X":"531968.711","LOWER_RIGHT_Y":"9230869.953"},"geometry":{"type":"Polygon","coordinates":[[[-62.71966539093372,-6.949071309347437],[-62.710594589858722,-6.949065856986655],[-62.710589042811534,-6.958129814730162],[-62.719660017741361,-6.958135274270267],[-62.71966539093372,-6.949071309347437]]]}},
{"type":"Feature","properties":{"DESCRIPTION":"MDT_1416215.tif","FILENAME":"U:\\P589_AmazoniaRevelada_BR-319\\LiDAR_dataset\\ENTREGAS\\ENTREGA_03\\2_MDT\\GEOTIFF\\MDT_1416215.tif","SHRT_FNAME":"MDT_1416215.tif","UPPER_LEFT_X":"531966.806","UPPER_LEFT_Y":"9231871.953","LOWER_RIGHT_X":"532968.806","LOWER_RIGHT_Y":"9230869.953"},"geometry":{"type":"Polygon","coordinates":[[[-62.710611833423229,-6.94906586751628],[-62.701541039741215,-6.949060241878026],[-62.701535319170375,-6.958124192227911],[-62.710606286706522,-6.958129825273652],[-62.710611833423229,-6.94906586751628]]]}},
{"type":"Feature","properties":{"DESCRIPTION":"MDT_1416216.tif","FILENAME":"U:\\P589_AmazoniaRevelada_BR-319\\LiDAR_dataset\\ENTREGAS\\ENTREGA_03\\2_MDT\\GEOTIFF\\MDT_1416216.tif","SHRT_FNAME":"MDT_1416216.tif","UPPER_LEFT_X":"532966.902","UPPER_LEFT_Y":"9231871.953","LOWER_RIGHT_X":"533968.902","LOWER_RIGHT_Y":"9230869.953"},"geometry":{"type":"Polygon","coordinates":[[[-62.70155828329144,-6.94906025273705],[-62.692487497233685,-6.949054453822022],[-62.692481603139917,-6.958118396550559],[-62.701552563051102,-6.958124203101234],[-62.70155828329144,-6.94906025273705]]]}},
{"type":"Feature","properties":{"DESCRIPTION":"MDT_1416217.tif","FILENAME":"U:\\P589_AmazoniaRevelada_BR-319\\LiDAR_dataset\\ENTREGAS\\ENTREGA_03\\2_MDT\\GEOTIFF\\MDT_1416217.tif","SHRT_FNAME":"MDT_1416217.tif","UPPER_LEFT_X":"533966.997","UPPER_LEFT_Y":"9231871.953","LOWER_RIGHT_X":"534968.997","LOWER_RIGHT_Y":"9230869.953"},"geometry":{"type":"Polygon","coordinates":[[[-62.692504740769195,-6.949054465010444],[-62.683433962566966,-6.94904849281936],[-62.683427894951024,-6.958112427698827],[-62.692498847005922,-6.958118407753715],[-62.692504740769195,-6.949054465010444]]]}},
{"type":"Feature","properties":{"DESCRIPTION":"MDT_1416218.tif","FILENAME":"U:\\P589_AmazoniaRevelada_BR-319\\LiDAR_dataset\\ENTREGAS\\ENTREGA_03\\2_MDT\\GEOTIFF\\MDT_1416218.tif","SHRT_FNAME":"MDT_1416218.tif","UPPER_LEFT_X":"534967.092","UPPER_LEFT_Y":"9231871.953","LOWER_RIGHT_X":"535969.092","LOWER_RIGHT_Y":"9230869.953"},"geometry":{"type":"Polygon","coordinates":[[[-62.683451206087334,-6.94904850433718],[-62.674380435971912,-6.949042358870786],[-62.674374194834535,-6.958106285673455],[-62.683445138801879,-6.958112439231813],[-62.683451206087334,-6.94904850433718]]]}},
{"type":"Feature","properties":{"DESCRIPTION":"MDT_1416219.tif","FILENAME":"U:\\P589_AmazoniaRevelada_BR-319\\LiDAR_dataset\\ENTREGAS\\ENTREGA_03\\2_MDT\\GEOTIFF\\MDT_1416219.tif","SHRT_FNAME":"MDT_1416219.tif","UPPER_LEFT_X":"535967.187","UPPER_LEFT_Y":"9231871.953","LOWER_RIGHT_X":"536969.187","LOWER_RIGHT_Y":"9230869.953"},"geometry":{"type":"Polygon","coordinates":[[[-62.674397679476684,-6.949042370718],[-62.665326917679337,-6.949036051977055],[-62.665320503021313,-6.958099970475208],[-62.674391438669787,-6.95810629753627],[-62.674397679476684,-6.949042370718]]]}},
{"type":"Feature","properties":{"DESCRIPTION":"MDT_1416220.tif","FILENAME":"U:\\P589_AmazoniaRevelada_BR-319\\LiDAR_dataset\\ENTREGAS\\ENTREGA_03\\2_MDT\\GEOTIFF\\MDT_1416220.tif","SHRT_FNAME":"MDT_1416220.tif","UPPER_LEFT_X":"536967.282","UPPER_LEFT_Y":"9231871.953","LOWER_RIGHT_X":"537969.282","LOWER_RIGHT_Y":"9230869.953"},"geometry":{"type":"Polygon","coordinates":[[[-62.665344161168065,-6.949036064153665],[-62.656273407920075,-6.949029572138958],[-62.656266819742221,-6.958093482104869],[-62.665337746840542,-6.958099982667849],[-62.665344161168065,-6.949036064153665]]]}},
{"type":"Feature","properties":{"DESCRIPTION":"MDT_1416221.tif","FILENAME":"U:\\P589_AmazoniaRevelada_BR-319\\LiDAR_dataset\\ENTREGAS\\ENTREGA_03\\2_MDT\\GEOTIFF\\MDT_1416221.tif","SHRT_FNAME":"MDT_1416221.tif","UPPER_LEFT_X":"537967.378","UPPER_LEFT_Y":"9231871.953","LOWER_RIGHT_X":"538969.378","LOWER_RIGHT_Y":"9230869.953"},"geometry":{"type":"Polygon","coordinates":[[[-62.656290651392339,-6.94902958464496],[-62.647219906924953,-6.949022919357295],[-62.647213145228086,-6.958086820563245],[-62.656284063544973,-6.958093494627337],[-62.656290651392339,-6.94902958464496]]]}},
{"type":"Feature","properties":{"DESCRIPTION":"MDT_1416222.tif","FILENAME":"U:\\P589_AmazoniaRevelada_BR-319\\LiDAR_dataset\\ENTREGAS\\ENTREGA_03\\2_MDT\\GEOTIFF\\MDT_1416222.tif","SHRT_FNAME":"MDT_1416222.tif","UPPER_LEFT_X":"538967.473","UPPER_LEFT_Y":"9231871.953","LOWER_RIGHT_X":"539969.473","LOWER_RIGHT_Y":"9230869.953"},"geometry":{"type":"Polygon","coordinates":[[[-62.647237150380299,-6.949022932192687],[-62.638166414924818,-6.949016093632896],[-62.638159479709785,-6.958079985851161],[-62.64723038901392,-6.958086833415535],[-62.647237150380299,-6.949022932192687]]]}},
{"type":"Feature","properties":{"DESCRIPTION":"MDT_1416223.tif","FILENAME":"U:\\P589_AmazoniaRevelada_BR-319\\LiDAR_dataset\\ENTREGAS\\ENTREGA_03\\2_MDT\\GEOTIFF\\MDT_1416223.tif","SHRT_FNAME":"MDT_1416223.tif","UPPER_LEFT_X":"539967.568","UPPER_LEFT_Y":"9231871.953","LOWER_RIGHT_X":"540969.568","LOWER_RIGHT_Y":"9230869.953"},"geometry":{"type":"Polygon","coordinates":[[[-62.638183658362813,-6.949016106797677],[-62.629112932150477,-6.949009094966605],[-62.629105823418151,-6.958072977969471],[-62.638176723478267,-6.958079999033277],[-62.638183658362813,-6.949016106797677]]]}},
{"type":"Feature","properties":{"DESCRIPTION":"MDT_1416224.tif","FILENAME":"U:\\P589_AmazoniaRevelada_BR-319\\LiDAR_dataset\\ENTREGAS\\ENTREGA_03\\2_MDT\\GEOTIFF\\MDT_1416224.tif","SHRT_FNAME":"MDT_1416224.tif","UPPER_LEFT_X":"540967.663","UPPER_LEFT_Y":"9231871.953","LOWER_RIGHT_X":"541969.663","LOWER_RIGHT_Y":"9230869.953"},"geometry":{"type":"Polygon","coordinates":[[[-62.62913017557068,-6.949009108460773],[-62.620059458832763,-6.949001923359295],[-62.620052176584039,-6.958065796919042],[-62.629123067168841,-6.958072991481408],[-62.62913017557068,-6.949009108460773]]]}},
{"type":"Feature","properties":{"DESCRIPTION":"MDT_1416225.tif","FILENAME":"U:\\P589_AmazoniaRevelada_BR-319\\LiDAR_dataset\\ENTREGAS\\ENTREGA_03\\2_MDT\\GEOTIFF\\MDT_1416225.tif","SHRT_FNAME":"MDT_1416225.tif","UPPER_LEFT_X":"541967.758","UPPER_LEFT_Y":"9231871.953","LOWER_RIGHT_X":"542969.758","LOWER_RIGHT_Y":"9230869.953"},"geometry":{"type":"Polygon","coordinates":[[[-62.620076702234741,-6.94900193718285],[-62.611005995202511,-6.948994578811855],[-62.610998539438299,-6.958058442700769],[-62.620069420316497,-6.958065810760798],[-62.620076702234741,-6.94900193718285]]]}},
{"type":"Feature","properties":{"DESCRIPTION":"MDT_1416226.tif","FILENAME":"U:\\P589_AmazoniaRevelada_BR-319\\LiDAR_dataset\\ENTREGAS\\ENTREGA_03\\2_MDT\\GEOTIFF\\MDT_1416226.tif","SHRT_FNAME":"MDT_1416226.tif","UPPER_LEFT_X":"542967.854","UPPER_LEFT_Y":"9231871.953","LOWER_RIGHT_X":"543969.854","LOWER_RIGHT_Y":"9230869.953"},"geometry":{"type":"Polygon","coordinates":[[[-62.611023238585808,-6.948994592964794],[-62.601952541490526,-6.9489870613252],[-62.601944912211763,-6.958050915315563],[-62.611015783152077,-6.958058456872342],[-62.611023238585808,-6.948994592964794]]]}},
{"type":"Feature","properties":{"DESCRIPTION":"MDT_1416227.tif","FILENAME":"U:\\P589_AmazoniaRevelada_BR-319\\LiDAR_dataset\\ENTREGAS\\ENTREGA_03\\2_MDT\\GEOTIFF\\MDT_1416227.tif","SHRT_FNAME":"MDT_1416227.tif","UPPER_LEFT_X":"543967.949","UPPER_LEFT_Y":"9231871.953","LOWER_RIGHT_X":"544969.949","LOWER_RIGHT_Y":"9230869.953"},"geometry":{"type":"Polygon","coordinates":[[[-62.601969784854724,-6.948987075807521],[-62.592899097927649,-6.948979370900262],[-62.592891295135274,-6.958043214764363],[-62.601962155906435,-6.958050929816953],[-62.601969784854724,-6.948987075807521]]]}},
{"type":"Feature","properties":{"DESCRIPTION":"MDT_1416228.tif","FILENAME":"U:\\P589_AmazoniaRevelada_BR-319\\LiDAR_dataset\\ENTREGAS\\ENTREGA_03\\2_MDT\\GEOTIFF\\MDT_1416228.tif","SHRT_FNAME":"MDT_1416228.tif","UPPER_LEFT_X":"544968.044","UPPER_LEFT_Y":"9231871.953","LOWER_RIGHT_X":"545970.044","LOWER_RIGHT_Y":"9230869.953"},"geometry":{"type":"Polygon","coordinates":[[[-62.5929163412723,-6.948979385711961],[-62.583845664744693,-6.948971507537996],[-62.583837688439708,-6.95803534104812],[-62.592908538810399,-6.958043229595565],[-62.5929163412723,-6.948979385711961]]]}},
{"type":"Feature","properties":{"DESCRIPTION":"MDT_1416229.tif","FILENAME":"U:\\P589_AmazoniaRevelada_BR-319\\LiDAR_dataset\\ENTREGAS\\ENTREGA_03\\2_MDT\\GEOTIFF\\MDT_1416229.tif","SHRT_FNAME":"MDT_1416229.tif","UPPER_LEFT_X":"545968.139","UPPER_LEFT_Y":"9231871.953","LOWER_RIGHT_X":"546970.139","LOWER_RIGHT_Y":"9230869.953"},"geometry":{"type":"Polygon","coordinates":[[[-62.583862908069356,-6.948971522679074],[-62.574792242172492,-6.948963471239381],[-62.574784092355877,-6.958027294167818],[-62.583854932094845,-6.958035356209137],[-62.583862908069356,-6.948971522679074]]]}},
{"type":"Feature","properties":{"DESCRIPTION":"MDT_1416230.tif","FILENAME":"U:\\P589_AmazoniaRevelada_BR-319\\LiDAR_dataset\\ENTREGAS\\ENTREGA_03\\2_MDT\\GEOTIFF\\MDT_1416230.tif","SHRT_FNAME":"MDT_1416230.tif","UPPER_LEFT_X":"546968.234","UPPER_LEFT_Y":"9231871.953","LOWER_RIGHT_X":"547970.234","LOWER_RIGHT_Y":"9230869.953"},"geometry":{"type":"Polygon","coordinates":[[[-62.57480948547672,-6.948963486709836],[-62.565738830441838,-6.948955262005414],[-62.565730507114623,-6.958019074124453],[-62.574801335990578,-6.958027309658643],[-62.57480948547672,-6.948963486709836]]]}},
{"type":"Feature","properties":{"DESCRIPTION":"MDT_1416231.tif","FILENAME":"U:\\P589_AmazoniaRevelada_BR-319\\LiDAR_dataset\\ENTREGAS\\ENTREGA_03\\2_MDT\\GEOTIFF\\MDT_1416231.tif","SHRT_FNAME":"MDT_1416231.tif","UPPER_LEFT_X":"547968.330","UPPER_LEFT_Y":"9231871.953","LOWER_RIGHT_X":"548970.330","LOWER_RIGHT_Y":"9230869.953"},"geometry":{"type":"Polygon","coordinates":[[[-62.565756073725197,-6.948955277805243],[-62.55668542978357,-6.948946879837114],[-62.5566769329468,-6.958010680919048],[-62.565747750728463,-6.958019089945087],[-62.565756073725197,-6.948955277805243]]]}},
{"type":"Feature","properties":{"DESCRIPTION":"MDT_1416232.tif","FILENAME":"U:\\P589_AmazoniaRevelada_BR-319\\LiDAR_dataset\\ENTREGAS\\ENTREGA_03\\2_MDT\\GEOTIFF\\MDT_1416232.tif","SHRT_FNAME":"MDT_1416232.tif","UPPER_LEFT_X":"548968.425","UPPER_LEFT_Y":"9231871.953","LOWER_RIGHT_X":"549970.425","LOWER_RIGHT_Y":"9230869.953"},"geometry":{"type":"Polygon","coordinates":[[[-62.556702673045628,-6.948946895966317],[-62.547632040428489,-6.948938324735524],[-62.547623370083244,-6.958002114552645],[-62.556694176539317,-6.958010697069489],[-62.556702673045628,-6.948946895966317]]]}},
{"type":"Feature","properties":{"DESCRIPTION":"MDT_1417193.tif","FILENAME":"U:\\P589_AmazoniaRevelada_BR-319\\LiDAR_dataset\\ENTREGAS\\ENTREGA_03\\2_MDT\\GEOTIFF\\MDT_1417193.tif","SHRT_FNAME":"MDT_1417193.tif","UPPER_LEFT_X":"509964.712","UPPER_LEFT_Y":"9230872.078","LOWER_RIGHT_X":"510966.712","LOWER_RIGHT_Y":"9229870.078"},"geometry":{"type":"Polygon","coordinates":[[[-62.909789668927466,-6.958190477417675],[-62.900718592530296,-6.95818866162445],[-62.900716687070762,-6.967252718571392],[-62.909787937564062,-6.967254536752494],[-62.909789668927466,-6.958190477417675]]]}},
{"type":"Feature","properties":{"DESCRIPTION":"MDT_1417194.tif","FILENAME":"U:\\P589_AmazoniaRevelada_BR-319\\LiDAR_dataset\\ENTREGAS\\ENTREGA_03\\2_MDT\\GEOTIFF\\MDT_1417194.tif","SHRT_FNAME":"MDT_1417194.tif","UPPER_LEFT_X":"510964.807","UPPER_LEFT_Y":"9230872.078","LOWER_RIGHT_X":"511966.807","LOWER_RIGHT_Y":"9229870.078"},"geometry":{"type":"Polygon","coordinates":[[[-62.900735836622808,-6.958188665241194],[-62.89166476276192,-6.958186675933099],[-62.891662683537447,-6.967250730268743],[-62.90073393149423,-6.967252722192893],[-62.900735836622808,-6.958188665241194]]]}},
{"type":"Feature","properties":{"DESCRIPTION":"MDT_1417195.tif","FILENAME":"U:\\P589_AmazoniaRevelada_BR-319\\LiDAR_dataset\\ENTREGAS\\ENTREGA_03\\2_MDT\\GEOTIFF\\MDT_1417195.tif","SHRT_FNAME":"MDT_1417195.tif","UPPER_LEFT_X":"511964.902","UPPER_LEFT_Y":"9230872.078","LOWER_RIGHT_X":"512966.902","LOWER_RIGHT_Y":"9229870.078"},"geometry":{"type":"Polygon","coordinates":[[[-62.891682006849379,-6.958186679879696],[-62.882610935756063,-6.958184517056979],[-62.882608682766929,-6.967248568553578],[-62.891679927955863,-6.967250734220529],[-62.891682006849379,-6.958186679879696]]]}},
{"type":"Feature","properties":{"DESCRIPTION":"MDT_1417196.tif","FILENAME":"U:\\P589_AmazoniaRevelada_BR-319\\LiDAR_dataset\\ENTREGAS\\ENTREGA_03\\2_MDT\\GEOTIFF\\MDT_1417196.tif","SHRT_FNAME":"MDT_1417196.tif","UPPER_LEFT_X":"512964.998","UPPER_LEFT_Y":"9230872.078","LOWER_RIGHT_X":"513966.998","LOWER_RIGHT_Y":"9229870.078"},"geometry":{"type":"Polygon","coordinates":[[[-62.882628179838044,-6.958184521333425],[-62.873557111743636,-6.958182184996357],[-62.873554684990097,-6.96724623342616],[-62.882625927179859,-6.967248572835645],[-62.882628179838044,-6.958184521333425]]]}},
{"type":"Feature","properties":{"DESCRIPTION":"MDT_1417197.tif","FILENAME":"U:\\P589_AmazoniaRevelada_BR-319\\LiDAR_dataset\\ENTREGAS\\ENTREGA_03\\2_MDT\\GEOTIFF\\MDT_1417197.tif","SHRT_FNAME":"MDT_1417197.tif","UPPER_LEFT_X":"513965.093","UPPER_LEFT_Y":"9230872.078","LOWER_RIGHT_X":"514967.093","LOWER_RIGHT_Y":"9229870.078"},"geometry":{"type":"Polygon","coordinates":[[[-62.873574355819684,-6.958182189602652],[-62.864503290955476,-6.958179679751522],[-62.86450069043785,-6.967243724886783],[-62.873571929397102,-6.967246238038514],[-62.873574355819684,-6.958182189602652]]]}},
{"type":"Feature","properties":{"DESCRIPTION":"MDT_1417198.tif","FILENAME":"U:\\P589_AmazoniaRevelada_BR-319\\LiDAR_dataset\\ENTREGAS\\ENTREGA_03\\2_MDT\\GEOTIFF\\MDT_1417198.tif","SHRT_FNAME":"MDT_1417198.tif","UPPER_LEFT_X":"514965.188","UPPER_LEFT_Y":"9230872.078","LOWER_RIGHT_X":"515967.188","LOWER_RIGHT_Y":"9229870.078"},"geometry":{"type":"Polygon","coordinates":[[[-62.864520535025179,-6.958179684687666],[-62.855449473622471,-6.958177001322785],[-62.85544669934108,-6.967241042935759],[-62.864517934838496,-6.967243729829421],[-62.864520535025179,-6.958179684687666]]]}},
{"type":"Feature","properties":{"DESCRIPTION":"MDT_1417199.tif","FILENAME":"U:\\P589_AmazoniaRevelada_BR-319\\LiDAR_dataset\\ENTREGAS\\ENTREGA_03\\2_MDT\\GEOTIFF\\MDT_1417199.tif","SHRT_FNAME":"MDT_1417199.tif","UPPER_LEFT_X":"515965.283","UPPER_LEFT_Y":"9230872.078","LOWER_RIGHT_X":"516967.283","LOWER_RIGHT_Y":"9229870.078"},"geometry":{"type":"Polygon","coordinates":[[[-62.855466717685367,-6.958177006588782],[-62.846395659975478,-6.958174149710483],[-62.846392711930683,-6.967238187573423],[-62.855463943734932,-6.967241048208679],[-62.855466717685367,-6.958177006588782]]]}},
{"type":"Feature","properties":{"DESCRIPTION":"MDT_1417200.tif","FILENAME":"U:\\P589_AmazoniaRevelada_BR-319\\LiDAR_dataset\\ENTREGAS\\ENTREGA_03\\2_MDT\\GEOTIFF\\MDT_1417200.tif","SHRT_FNAME":"MDT_1417200.tif","UPPER_LEFT_X":"516965.378","UPPER_LEFT_Y":"9230872.078","LOWER_RIGHT_X":"517967.378","LOWER_RIGHT_Y":"9229870.078"},"geometry":{"type":"Polygon","coordinates":[[[-62.846412904031141,-6.958174155306326],[-62.837341850245387,-6.958171124914966],[-62.83733872843753,-6.967235158800124],[-62.846409956317295,-6.967238193176623],[-62.846412904031141,-6.958174155306326]]]}},
{"type":"Feature","properties":{"DESCRIPTION":"MDT_1417201.tif","FILENAME":"U:\\P589_AmazoniaRevelada_BR-319\\LiDAR_dataset\\ENTREGAS\\ENTREGA_03\\2_MDT\\GEOTIFF\\MDT_1417201.tif","SHRT_FNAME":"MDT_1417201.tif","UPPER_LEFT_X":"517965.474","UPPER_LEFT_Y":"9230872.078","LOWER_RIGHT_X":"518967.474","LOWER_RIGHT_Y":"9229870.078"},"geometry":{"type":"Polygon","coordinates":[[[-62.837359094293355,-6.958171130840656],[-62.82828804466304,-6.95816792693661],[-62.828284749092539,-6.967231956616243],[-62.837355972816461,-6.967235164733608],[-62.837359094293355,-6.958171130840656]]]}},
{"type":"Feature","properties":{"DESCRIPTION":"MDT_1417202.tif","FILENAME":"U:\\P589_AmazoniaRevelada_BR-319\\LiDAR_dataset\\ENTREGAS\\ENTREGA_03\\2_MDT\\GEOTIFF\\MDT_1417202.tif","SHRT_FNAME":"MDT_1417202.tif","UPPER_LEFT_X":"518965.569","UPPER_LEFT_Y":"9230872.078","LOWER_RIGHT_X":"519967.569","LOWER_RIGHT_Y":"9229870.078"},"geometry":{"type":"Polygon","coordinates":[[[-62.828305288702907,-6.958167933192147],[-62.81923424345932,-6.958164555775815],[-62.819230774126588,-6.967228581022177],[-62.828301993463349,-6.967231962880007],[-62.828305288702907,-6.958167933192147]]]}},
{"type":"Feature","properties":{"DESCRIPTION":"MDT_1417203.tif","FILENAME":"U:\\P589_AmazoniaRevelada_BR-319\\LiDAR_dataset\\ENTREGAS\\ENTREGA_03\\2_MDT\\GEOTIFF\\MDT_1417203.tif","SHRT_FNAME":"MDT_1417203.tif","UPPER_LEFT_X":"519965.664","UPPER_LEFT_Y":"9230872.078","LOWER_RIGHT_X":"520967.664","LOWER_RIGHT_Y":"9229870.078"},"geometry":{"type":"Polygon","coordinates":[[[-62.819251487490625,-6.958164562361199],[-62.810180446865097,-6.958161011432999],[-62.810176803770553,-6.967225032018344],[-62.819248018488835,-6.96722858761622],[-62.819251487490625,-6.958164562361199]]]}},
{"type":"Feature","properties":{"DESCRIPTION":"MDT_1417204.tif","FILENAME":"U:\\P589_AmazoniaRevelada_BR-319\\LiDAR_dataset\\ENTREGAS\\ENTREGA_03\\2_MDT\\GEOTIFF\\MDT_1417204.tif","SHRT_FNAME":"MDT_1417204.tif","UPPER_LEFT_X":"520965.759","UPPER_LEFT_Y":"9230872.078","LOWER_RIGHT_X":"521967.759","LOWER_RIGHT_Y":"9229870.078"},"geometry":{"type":"Polygon","coordinates":[[[-62.810197690887392,-6.958161018348227],[-62.801126655111226,-6.958157293908601],[-62.801122838255324,-6.967221309605188],[-62.81019404812379,-6.967225038942669],[-62.810197690887392,-6.958161018348227]]]}},
{"type":"Feature","properties":{"DESCRIPTION":"MDT_1417205.tif","FILENAME":"U:\\P589_AmazoniaRevelada_BR-319\\LiDAR_dataset\\ENTREGAS\\ENTREGA_03\\2_MDT\\GEOTIFF\\MDT_1417205.tif","SHRT_FNAME":"MDT_1417205.tif","UPPER_LEFT_X":"521965.854","UPPER_LEFT_Y":"9230872.078","LOWER_RIGHT_X":"522967.854","LOWER_RIGHT_Y":"9229870.078"},"geometry":{"type":"Polygon","coordinates":[[[-62.801143899124099,-6.958157301153673],[-62.792072868428583,-6.958153403203082],[-62.792068877811815,-6.967217413783168],[-62.801140082599133,-6.967221316859789],[-62.801143899124099,-6.958157301153673]]]}},
{"type":"Feature","properties":{"DESCRIPTION":"MDT_1417206.tif","FILENAME":"U:\\P589_AmazoniaRevelada_BR-319\\LiDAR_dataset\\ENTREGAS\\ENTREGA_03\\2_MDT\\GEOTIFF\\MDT_1417206.tif","SHRT_FNAME":"MDT_1417206.tif","UPPER_LEFT_X":"522965.950","UPPER_LEFT_Y":"9230872.078","LOWER_RIGHT_X":"523967.950","LOWER_RIGHT_Y":"9229870.078"},"geometry":{"type":"Polygon","coordinates":[[[-62.792090112431573,-6.958153410777999],[-62.783019087048018,-6.958149339316929],[-62.78301492267088,-6.967213344552772],[-62.792086122145747,-6.967217421368048],[-62.792090112431573,-6.958153410777999]]]}},
{"type":"Feature","properties":{"DESCRIPTION":"MDT_1417207.tif","FILENAME":"U:\\P589_AmazoniaRevelada_BR-319\\LiDAR_dataset\\ENTREGAS\\ENTREGA_03\\2_MDT\\GEOTIFF\\MDT_1417207.tif","SHRT_FNAME":"MDT_1417207.tif","UPPER_LEFT_X":"523966.045","UPPER_LEFT_Y":"9230872.078","LOWER_RIGHT_X":"524968.045","LOWER_RIGHT_Y":"9229870.078"},"geometry":{"type":"Polygon","coordinates":[[[-62.783036331040691,-6.958149347221688],[-62.773965311200421,-6.958145102250644],[-62.773960973063438,-6.967209101914501],[-62.783032166994495,-6.967213352467926],[-62.783036331040691,-6.958149347221688]]]}},
{"type":"Feature","properties":{"DESCRIPTION":"MDT_1417208.tif","FILENAME":"U:\\P589_AmazoniaRevelada_BR-319\\LiDAR_dataset\\ENTREGAS\\ENTREGA_03\\2_MDT\\GEOTIFF\\MDT_1417208.tif","SHRT_FNAME":"MDT_1417208.tif","UPPER_LEFT_X":"524966.140","UPPER_LEFT_Y":"9230872.078","LOWER_RIGHT_X":"525968.140","LOWER_RIGHT_Y":"9229870.078"},"geometry":{"type":"Polygon","coordinates":[[[-62.773982555182329,-6.958145110485246],[-62.764911541116639,-6.958140692004757],[-62.764907029220346,-6.967204685868886],[-62.773978217376289,-6.96720911015993],[-62.773982555182329,-6.958145110485246]]]}},
{"type":"Feature","properties":{"DESCRIPTION":"MDT_1417209.tif","FILENAME":"U:\\P589_AmazoniaRevelada_BR-319\\LiDAR_dataset\\ENTREGAS\\ENTREGA_03\\2_MDT\\GEOTIFF\\MDT_1417209.tif","SHRT_FNAME":"MDT_1417209.tif","UPPER_LEFT_X":"525966.235","UPPER_LEFT_Y":"9230872.078","LOWER_RIGHT_X":"526968.235","LOWER_RIGHT_Y":"9229870.078"},"geometry":{"type":"Polygon","coordinates":[[[-62.764928785087349,-6.958140700569198],[-62.755857777027529,-6.958136108579811],[-62.755853091372508,-6.967200096416474],[-62.764924273522013,-6.96720469444459],[-62.764928785087349,-6.958140700569198]]]}},
{"type":"Feature","properties":{"DESCRIPTION":"MDT_1417210.tif","FILENAME":"U:\\P589_AmazoniaRevelada_BR-319\\LiDAR_dataset\\ENTREGAS\\ENTREGA_03\\2_MDT\\GEOTIFF\\MDT_1417210.tif","SHRT_FNAME":"MDT_1417210.tif","UPPER_LEFT_X":"526966.330","UPPER_LEFT_Y":"9230872.078","LOWER_RIGHT_X":"527968.330","LOWER_RIGHT_Y":"9229870.078"},"geometry":{"type":"Polygon","coordinates":[[[-62.755875020986615,-6.958136117474092],[-62.746804019163974,-6.958131351976379],[-62.746799159750793,-6.967195333557834],[-62.755870335662529,-6.96720010532245],[-62.755875020986615,-6.958136117474092]]]}},
{"type":"Feature","properties":{"DESCRIPTION":"MDT_1417211.tif","FILENAME":"U:\\P589_AmazoniaRevelada_BR-319\\LiDAR_dataset\\ENTREGAS\\ENTREGA_03\\2_MDT\\GEOTIFF\\MDT_1417211.tif","SHRT_FNAME":"MDT_1417211.tif","UPPER_LEFT_X":"527966.426","UPPER_LEFT_Y":"9230872.078","LOWER_RIGHT_X":"528968.426","LOWER_RIGHT_Y":"9229870.078"},"geometry":{"type":"Polygon","coordinates":[[[-62.746821263110967,-6.958131361200498],[-62.737750267756816,-6.95812642219505],[-62.737745234586093,-6.967190397293561],[-62.746816404028735,-6.967195342794085],[-62.746821263110967,-6.958131361200498]]]}},
{"type":"Feature","properties":{"DESCRIPTION":"MDT_1417212.tif","FILENAME":"U:\\P589_AmazoniaRevelada_BR-319\\LiDAR_dataset\\ENTREGAS\\ENTREGA_03\\2_MDT\\GEOTIFF\\MDT_1417212.tif","SHRT_FNAME":"MDT_1417212.tif","UPPER_LEFT_X":"528966.521","UPPER_LEFT_Y":"9230872.078","LOWER_RIGHT_X":"529968.521","LOWER_RIGHT_Y":"9229870.078"},"geometry":{"type":"Polygon","coordinates":[[[-62.737767511691303,-6.958126431749006],[-62.728696523036923,-6.95812131923644],[-62.728691316109291,-6.967185287624266],[-62.737762478851522,-6.967190406860081],[-62.737767511691303,-6.958126431749006]]]}},
{"type":"Feature","properties":{"DESCRIPTION":"MDT_1417213.tif","FILENAME":"U:\\P589_AmazoniaRevelada_BR-319\\LiDAR_dataset\\ENTREGAS\\ENTREGA_03\\2_MDT\\GEOTIFF\\MDT_1417213.tif","SHRT_FNAME":"MDT_1417213.tif","UPPER_LEFT_X":"529966.616","UPPER_LEFT_Y":"9230872.078","LOWER_RIGHT_X":"530968.616","LOWER_RIGHT_Y":"9229870.078"},"geometry":{"type":"Polygon","coordinates":[[[-62.72871376695845,-6.958121329120231],[-62.719642785235159,-6.958116043101178],[-62.719637404551271,-6.967180004550586],[-62.72870856036176,-6.967185297521056],[-62.72871376695845,-6.958121329120231]]]}},
{"type":"Feature","properties":{"DESCRIPTION":"MDT_1417214.tif","FILENAME":"U:\\P589_AmazoniaRevelada_BR-319\\LiDAR_dataset\\ENTREGAS\\ENTREGA_03\\2_MDT\\GEOTIFF\\MDT_1417214.tif","SHRT_FNAME":"MDT_1417214.tif","UPPER_LEFT_X":"530966.711","UPPER_LEFT_Y":"9230872.078","LOWER_RIGHT_X":"531968.711","LOWER_RIGHT_Y":"9229870.078"},"geometry":{"type":"Polygon","coordinates":[[[-62.719660029143292,-6.958116053314805],[-62.710589054582385,-6.958110593789923],[-62.710583500142903,-6.967174548073173],[-62.719654648790339,-6.967180014777642],[-62.719660029143292,-6.958116053314805]]]}},
{"type":"Feature","properties":{"DESCRIPTION":"MDT_1417215.tif","FILENAME":"U:\\P589_AmazoniaRevelada_BR-319\\LiDAR_dataset\\ENTREGAS\\ENTREGA_03\\2_MDT\\GEOTIFF\\MDT_1417215.tif","SHRT_FNAME":"MDT_1417215.tif","UPPER_LEFT_X":"531966.806","UPPER_LEFT_Y":"9230872.078","LOWER_RIGHT_X":"532968.806","LOWER_RIGHT_Y":"9229870.078"},"geometry":{"type":"Polygon","coordinates":[[[-62.710606298476684,-6.958110604333384],[-62.701535331309444,-6.958104971303352],[-62.701529603115084,-6.967168918192709],[-62.710600744368136,-6.9671745586305],[-62.710606298476684,-6.958110604333384]]]}},
{"type":"Feature","properties":{"DESCRIPTION":"MDT_1417216.tif","FILENAME":"U:\\P589_AmazoniaRevelada_BR-319\\LiDAR_dataset\\ENTREGAS\\ENTREGA_03\\2_MDT\\GEOTIFF\\MDT_1417216.tif","SHRT_FNAME":"MDT_1417216.tif","UPPER_LEFT_X":"532966.902","UPPER_LEFT_Y":"9230872.078","LOWER_RIGHT_X":"533968.902","LOWER_RIGHT_Y":"9229870.078"},"geometry":{"type":"Polygon","coordinates":[[[-62.701552575189467,-6.958104982176644],[-62.692481615647203,-6.958099175642163],[-62.692475713698684,-6.967163114909895],[-62.701546847326036,-6.967168929080302],[-62.701552575189467,-6.958104982176644]]]}},
{"type":"Feature","properties":{"DESCRIPTION":"MDT_1417217.tif","FILENAME":"U:\\P589_AmazoniaRevelada_BR-319\\LiDAR_dataset\\ENTREGAS\\ENTREGA_03\\2_MDT\\GEOTIFF\\MDT_1417217.tif","SHRT_FNAME":"MDT_1417217.tif","UPPER_LEFT_X":"533966.997","UPPER_LEFT_Y":"9230872.078","LOWER_RIGHT_X":"534968.997","LOWER_RIGHT_Y":"9229870.078"},"geometry":{"type":"Polygon","coordinates":[[[-62.692498859512511,-6.958099186845286],[-62.68342790782652,-6.958093206807075],[-62.683421832124559,-6.967157138225446],[-62.69249295789492,-6.96716312612775],[-62.692498859512511,-6.958099186845286]]]}},
{"type":"Feature","properties":{"DESCRIPTION":"MDT_1417218.tif","FILENAME":"U:\\P589_AmazoniaRevelada_BR-319\\LiDAR_dataset\\ENTREGAS\\ENTREGA_03\\2_MDT\\GEOTIFF\\MDT_1417218.tif","SHRT_FNAME":"MDT_1417218.tif","UPPER_LEFT_X":"534967.092","UPPER_LEFT_Y":"9230872.078","LOWER_RIGHT_X":"535969.092","LOWER_RIGHT_Y":"9229870.078"},"geometry":{"type":"Polygon","coordinates":[[[-62.683445151676672,-6.958093218340029],[-62.674374208078248,-6.95808706479883],[-62.674367958623634,-6.967150988140111],[-62.683439076305646,-6.967157149773566],[-62.683445151676672,-6.958093218340029]]]}},
{"type":"Feature","properties":{"DESCRIPTION":"MDT_1417219.tif","FILENAME":"U:\\P589_AmazoniaRevelada_BR-319\\LiDAR_dataset\\ENTREGAS\\ENTREGA_03\\2_MDT\\GEOTIFF\\MDT_1417219.tif","SHRT_FNAME":"MDT_1417219.tif","UPPER_LEFT_X":"535967.187","UPPER_LEFT_Y":"9230872.078","LOWER_RIGHT_X":"536969.187","LOWER_RIGHT_Y":"9229870.078"},"geometry":{"type":"Polygon","coordinates":[[[-62.674391451912804,-6.958087076661613],[-62.665320516633251,-6.958080749618195],[-62.665314093426737,-6.96714466465465],[-62.674385202789118,-6.967151000018491],[-62.674391451912804,-6.958087076661613]]]}},
{"type":"Feature","properties":{"DESCRIPTION":"MDT_1417220.tif","FILENAME":"U:\\P589_AmazoniaRevelada_BR-319\\LiDAR_dataset\\ENTREGAS\\ENTREGA_03\\2_MDT\\GEOTIFF\\MDT_1417220.tif","SHRT_FNAME":"MDT_1417220.tif","UPPER_LEFT_X":"536967.282","UPPER_LEFT_Y":"9230872.078","LOWER_RIGHT_X":"537969.282","LOWER_RIGHT_Y":"9229870.078"},"geometry":{"type":"Polygon","coordinates":[[[-62.665337760451763,-6.958080761810802],[-62.656266833722349,-6.958074261265948],[-62.656260236764766,-6.967138167769851],[-62.665331337576191,-6.967144676863292],[-62.665337760451763,-6.958080761810802]]]}},
{"type":"Feature","properties":{"DESCRIPTION":"MDT_1417221.tif","FILENAME":"U:\\P589_AmazoniaRevelada_BR-319\\LiDAR_dataset\\ENTREGAS\\ENTREGA_03\\2_MDT\\GEOTIFF\\MDT_1417221.tif","SHRT_FNAME":"MDT_1417221.tif","UPPER_LEFT_X":"537967.378","UPPER_LEFT_Y":"9230872.078","LOWER_RIGHT_X":"538969.378","LOWER_RIGHT_Y":"9229870.078"},"geometry":{"type":"Polygon","coordinates":[[[-62.656284077524404,-6.958074273788382],[-62.647213159576438,-6.9580675997429],[-62.647206388868604,-6.96713149748652],[-62.656277480897749,-6.96713818030875],[-62.656284077524404,-6.958074273788382]]]}},
{"type":"Feature","properties":{"DESCRIPTION":"MDT_1417222.tif","FILENAME":"U:\\P589_AmazoniaRevelada_BR-319\\LiDAR_dataset\\ENTREGAS\\ENTREGA_03\\2_MDT\\GEOTIFF\\MDT_1417222.tif","SHRT_FNAME":"MDT_1417222.tif","UPPER_LEFT_X":"538967.473","UPPER_LEFT_Y":"9230872.078","LOWER_RIGHT_X":"539969.473","LOWER_RIGHT_Y":"9229870.078"},"geometry":{"type":"Polygon","coordinates":[[[-62.647230403361569,-6.958067612595157],[-62.63815949442634,-6.958060765049876],[-62.638152549969092,-6.967124653805485],[-62.647223632984662,-6.967131510355678],[-62.647230403361569,-6.958067612595157]]]}},
{"type":"Feature","properties":{"DESCRIPTION":"MDT_1417223.tif","FILENAME":"U:\\P589_AmazoniaRevelada_BR-319\\LiDAR_dataset\\ENTREGAS\\ENTREGA_03\\2_MDT\\GEOTIFF\\MDT_1417223.tif","SHRT_FNAME":"MDT_1417223.tif","UPPER_LEFT_X":"539967.568","UPPER_LEFT_Y":"9230872.078","LOWER_RIGHT_X":"540969.568","LOWER_RIGHT_Y":"9229870.078"},"geometry":{"type":"Polygon","coordinates":[[[-62.638176738194119,-6.958060778231957],[-62.629105838502909,-6.958053757187729],[-62.629098720297129,-6.967117636727599],[-62.6381697940678,-6.967124667004899],[-62.638176738194119,-6.958060778231957]]]}},
{"type":"Feature","properties":{"DESCRIPTION":"MDT_1417224.tif","FILENAME":"U:\\P589_AmazoniaRevelada_BR-319\\LiDAR_dataset\\ENTREGAS\\ENTREGA_03\\2_MDT\\GEOTIFF\\MDT_1417224.tif","SHRT_FNAME":"MDT_1417224.tif","UPPER_LEFT_X":"540967.663","UPPER_LEFT_Y":"9230872.078","LOWER_RIGHT_X":"541969.663","LOWER_RIGHT_Y":"9229870.078"},"geometry":{"type":"Polygon","coordinates":[[[-62.629123082252903,-6.958053770699628],[-62.620052192036994,-6.958046576157326],[-62.620044900083585,-6.967110446253731],[-62.629115964378045,-6.967117650257266],[-62.629123082252903,-6.958053770699628]]]}},
{"type":"Feature","properties":{"DESCRIPTION":"MDT_1417225.tif","FILENAME":"U:\\P589_AmazoniaRevelada_BR-319\\LiDAR_dataset\\ENTREGAS\\ENTREGA_03\\2_MDT\\GEOTIFF\\MDT_1417225.tif","SHRT_FNAME":"MDT_1417225.tif","UPPER_LEFT_X":"541967.758","UPPER_LEFT_Y":"9230872.078","LOWER_RIGHT_X":"542969.758","LOWER_RIGHT_Y":"9229870.078"},"geometry":{"type":"Polygon","coordinates":[[[-62.620069435768755,-6.958046589999044],[-62.610998555259442,-6.95803922195956],[-62.61099108955932,-6.967103082384776],[-62.62006214414626,-6.967110460113652],[-62.620069435768755,-6.958046589999044]]]}},
{"type":"Feature","properties":{"DESCRIPTION":"MDT_1417226.tif","FILENAME":"U:\\P589_AmazoniaRevelada_BR-319\\LiDAR_dataset\\ENTREGAS\\ENTREGA_03\\2_MDT\\GEOTIFF\\MDT_1417226.tif","SHRT_FNAME":"MDT_1417226.tif","UPPER_LEFT_X":"542967.854","UPPER_LEFT_Y":"9230872.078","LOWER_RIGHT_X":"543969.854","LOWER_RIGHT_Y":"9229870.078"},"geometry":{"type":"Polygon","coordinates":[[[-62.611015798972531,-6.958039236131095],[-62.601944928401117,-6.958031694595347],[-62.601937288955185,-6.967095545121651],[-62.611008333603323,-6.967103096574947],[-62.611015798972531,-6.958039236131095]]]}},
{"type":"Feature","properties":{"DESCRIPTION":"MDT_1417227.tif","FILENAME":"U:\\P589_AmazoniaRevelada_BR-319\\LiDAR_dataset\\ENTREGAS\\ENTREGA_03\\2_MDT\\GEOTIFF\\MDT_1417227.tif","SHRT_FNAME":"MDT_1417227.tif","UPPER_LEFT_X":"543967.949","UPPER_LEFT_Y":"9230872.078","LOWER_RIGHT_X":"544969.949","LOWER_RIGHT_Y":"9229870.078"},"geometry":{"type":"Polygon","coordinates":[[[-62.601962172095092,-6.958031709096696],[-62.592891311692838,-6.95802399406562],[-62.592883498502076,-6.967087834465287],[-62.601954532980081,-6.967095559642068],[-62.601962172095092,-6.958031709096696]]]}},
{"type":"Feature","properties":{"DESCRIPTION":"MDT_1417228.tif","FILENAME":"U:\\P589_AmazoniaRevelada_BR-319\\LiDAR_dataset\\ENTREGAS\\ENTREGA_03\\2_MDT\\GEOTIFF\\MDT_1417228.tif","SHRT_FNAME":"MDT_1417228.tif","UPPER_LEFT_X":"544968.044","UPPER_LEFT_Y":"9230872.078","LOWER_RIGHT_X":"545970.044","LOWER_RIGHT_Y":"9229870.078"},"geometry":{"type":"Polygon","coordinates":[[[-62.592908555367259,-6.958024008896781],[-62.583837705365447,-6.958016120371335],[-62.583829718430842,-6.967079950416649],[-62.592900742507418,-6.967087849315955],[-62.592908555367259,-6.958024008896781]]]}},
{"type":"Feature","properties":{"DESCRIPTION":"MDT_1417229.tif","FILENAME":"U:\\P589_AmazoniaRevelada_BR-319\\LiDAR_dataset\\ENTREGAS\\ENTREGA_03\\2_MDT\\GEOTIFF\\MDT_1417229.tif","SHRT_FNAME":"MDT_1417229.tif","UPPER_LEFT_X":"545968.139","UPPER_LEFT_Y":"9230872.078","LOWER_RIGHT_X":"546970.139","LOWER_RIGHT_Y":"9229870.078"},"geometry":{"type":"Polygon","coordinates":[[[-62.58385494901988,-6.958016135532309],[-62.574784109649812,-6.95800807351347],[-62.574775948972359,-6.96707189297671],[-62.583846962416196,-6.967079965597559],[-62.58385494901988,-6.958016135532309]]]}},
{"type":"Feature","properties":{"DESCRIPTION":"MDT_1417230.tif","FILENAME":"U:\\P589_AmazoniaRevelada_BR-319\\LiDAR_dataset\\ENTREGAS\\ENTREGA_03\\2_MDT\\GEOTIFF\\MDT_1417230.tif","SHRT_FNAME":"MDT_1417230.tif","UPPER_LEFT_X":"546968.234","UPPER_LEFT_Y":"9230872.078","LOWER_RIGHT_X":"547970.234","LOWER_RIGHT_Y":"9229870.078"},"geometry":{"type":"Polygon","coordinates":[[[-62.574801353283817,-6.958008089004255],[-62.565730524776754,-6.95799985349303],[-62.565722190357477,-6.967063662146475],[-62.574793192937264,-6.967071908487865],[-62.574801353283817,-6.958008089004255]]]}},
{"type":"Feature","properties":{"DESCRIPTION":"MDT_1417231.tif","FILENAME":"U:\\P589_AmazoniaRevelada_BR-319\\LiDAR_dataset\\ENTREGAS\\ENTREGA_03\\2_MDT\\GEOTIFF\\MDT_1417231.tif","SHRT_FNAME":"MDT_1417231.tif","UPPER_LEFT_X":"547968.330","UPPER_LEFT_Y":"9230872.078","LOWER_RIGHT_X":"548970.330","LOWER_RIGHT_Y":"9229870.078"},"geometry":{"type":"Polygon","coordinates":[[[-62.56574776838989,-6.95799986931362],[-62.556676950977121,-6.95799146031103],[-62.556668442817056,-6.967055257926965],[-62.565739434301506,-6.967063677987872],[-62.56574776838989,-6.95799986931362]]]}},
{"type":"Feature","properties":{"DESCRIPTION":"MDT_1417232.tif","FILENAME":"U:\\P589_AmazoniaRevelada_BR-319\\LiDAR_dataset\\ENTREGAS\\ENTREGA_03\\2_MDT\\GEOTIFF\\MDT_1417232.tif","SHRT_FNAME":"MDT_1417232.tif","UPPER_LEFT_X":"548968.425","UPPER_LEFT_Y":"9230872.078","LOWER_RIGHT_X":"549970.425","LOWER_RIGHT_Y":"9229870.078"},"geometry":{"type":"Polygon","coordinates":[[[-62.556694194568941,-6.957991476461427],[-62.547623388481746,-6.957982893968517],[-62.54761470658196,-6.967046680319227],[-62.556685686739783,-6.967055274098601],[-62.556694194568941,-6.957991476461427]]]}},
{"type":"Feature","properties":{"DESCRIPTION":"MDT_1448162.tif","FILENAME":"U:\\P589_AmazoniaRevelada_BR-319\\LiDAR_dataset\\ENTREGAS\\ENTREGA_03\\2_MDT\\GEOTIFF\\MDT_1448162.tif","SHRT_FNAME":"MDT_1448162.tif","UPPER_LEFT_X":"478961.761","UPPER_LEFT_Y":"9199875.947","LOWER_RIGHT_X":"479963.761","LOWER_RIGHT_Y":"9198873.947"},"geometry":{"type":"Polygon","coordinates":[[[-63.190573801460722,-7.238547902929398],[-63.181497268128382,-7.238551611133961],[-63.181500893238848,-7.247615526697257],[-63.190577607857463,-7.247611813801476],[-63.190573801460722,-7.238547902929398]]]}},
{"type":"Feature","properties":{"DESCRIPTION":"MDT_1448163.tif","FILENAME":"U:\\P589_AmazoniaRevelada_BR-319\\LiDAR_dataset\\ENTREGAS\\ENTREGA_03\\2_MDT\\GEOTIFF\\MDT_1448163.tif","SHRT_FNAME":"MDT_1448163.tif","UPPER_LEFT_X":"479961.856","UPPER_LEFT_Y":"9199875.947","LOWER_RIGHT_X":"480963.856","LOWER_RIGHT_Y":"9198873.947"},"geometry":{"type":"Polygon","coordinates":[[[-63.18151452260134,-7.23855160425631],[-63.172437984620821,-7.238555131886583],[-63.172441428789185,-7.247619051903954],[-63.181518148056419,-7.247615519810907],[-63.18151452260134,-7.23855160425631]]]}},
{"type":"Feature","properties":{"DESCRIPTION":"MDT_1448164.tif","FILENAME":"U:\\P589_AmazoniaRevelada_BR-319\\LiDAR_dataset\\ENTREGAS\\ENTREGA_03\\2_MDT\\GEOTIFF\\MDT_1448164.tif","SHRT_FNAME":"MDT_1448164.tif","UPPER_LEFT_X":"480961.951","UPPER_LEFT_Y":"9199875.947","LOWER_RIGHT_X":"481963.951","LOWER_RIGHT_Y":"9198873.947"},"geometry":{"type":"Polygon","coordinates":[[[-63.172455239102383,-7.238555125352204],[-63.163378696705685,-7.23855847240775],[-63.163381959931513,-7.247622396651184],[-63.172458683615382,-7.247619045361307],[-63.172455239102383,-7.238555125352204]]]}},
{"type":"Feature","properties":{"DESCRIPTION":"MDT_1448165.tif","FILENAME":"U:\\P589_AmazoniaRevelada_BR-319\\LiDAR_dataset\\ENTREGAS\\ENTREGA_03\\2_MDT\\GEOTIFF\\MDT_1448165.tif","SHRT_FNAME":"MDT_1448165.tif","UPPER_LEFT_X":"481962.046","UPPER_LEFT_Y":"9199875.947","LOWER_RIGHT_X":"482964.046","LOWER_RIGHT_Y":"9198873.947"},"geometry":{"type":"Polygon","coordinates":[[[-63.163395951195426,-7.238558466216641],[-63.154319404614526,-7.238561632697037],[-63.154322486897421,-7.247625560938525],[-63.163399214765882,-7.247622390452243],[-63.163395951195426,-7.238558466216641]]]}},
{"type":"Feature","properties":{"DESCRIPTION":"MDT_1448166.tif","FILENAME":"U:\\P589_AmazoniaRevelada_BR-319\\LiDAR_dataset\\ENTREGAS\\ENTREGA_03\\2_MDT\\GEOTIFF\\MDT_1448166.tif","SHRT_FNAME":"MDT_1448166.tif","UPPER_LEFT_X":"482962.142","UPPER_LEFT_Y":"9199875.947","LOWER_RIGHT_X":"483964.142","LOWER_RIGHT_Y":"9198873.947"},"geometry":{"type":"Polygon","coordinates":[[[-63.154336659112005,-7.238561626849205],[-63.145260108578924,-7.238564612754061],[-63.14526300991848,-7.247628544765593],[-63.15433974173952,-7.247625555083292],[-63.154336659112005,-7.238561626849205]]]}},
{"type":"Feature","properties":{"DESCRIPTION":"MDT_1448167.tif","FILENAME":"U:\\P589_AmazoniaRevelada_BR-319\\LiDAR_dataset\\ENTREGAS\\ENTREGA_03\\2_MDT\\GEOTIFF\\MDT_1448167.tif","SHRT_FNAME":"MDT_1448167.tif","UPPER_LEFT_X":"483962.237","UPPER_LEFT_Y":"9199875.947","LOWER_RIGHT_X":"484964.237","LOWER_RIGHT_Y":"9198873.947"},"geometry":{"type":"Polygon","coordinates":[[[-63.145277363083679,-7.238564607249502],[-63.136200808830402,-7.238567412578448],[-63.136203529226272,-7.247631348132013],[-63.145280264767884,-7.247628539254069],[-63.145277363083679,-7.238564607249502]]]}},
{"type":"Feature","properties":{"DESCRIPTION":"MDT_1448168.tif","FILENAME":"U:\\P589_AmazoniaRevelada_BR-319\\LiDAR_dataset\\ENTREGAS\\ENTREGA_03\\2_MDT\\GEOTIFF\\MDT_1448168.tif","SHRT_FNAME":"MDT_1448168.tif","UPPER_LEFT_X":"484962.332","UPPER_LEFT_Y":"9199875.947","LOWER_RIGHT_X":"485964.332","LOWER_RIGHT_Y":"9198873.947"},"geometry":{"type":"Polygon","coordinates":[[[-63.136218063342028,-7.238567407417161],[-63.127141505600548,-7.238570032169848],[-63.12714404505239,-7.247633971037436],[-63.136220784082532,-7.247631342964196],[-63.136218063342028,-7.238567407417161]]]}},
{"type":"Feature","properties":{"DESCRIPTION":"MDT_1448169.tif","FILENAME":"U:\\P589_AmazoniaRevelada_BR-319\\LiDAR_dataset\\ENTREGAS\\ENTREGA_03\\2_MDT\\GEOTIFF\\MDT_1448169.tif","SHRT_FNAME":"MDT_1448169.tif","UPPER_LEFT_X":"485962.427","UPPER_LEFT_Y":"9199875.947","LOWER_RIGHT_X":"486964.427","LOWER_RIGHT_Y":"9198873.947"},"geometry":{"type":"Polygon","coordinates":[[[-63.127158760118576,-7.238570027351837],[-63.118082199120906,-7.238572471527934],[-63.118084557628393,-7.247636413481535],[-63.127161299915045,-7.247633966213331],[-63.127158760118576,-7.238570027351837]]]}},
{"type":"Feature","properties":{"DESCRIPTION":"MDT_1448170.tif","FILENAME":"U:\\P589_AmazoniaRevelada_BR-319\\LiDAR_dataset\\ENTREGAS\\ENTREGA_03\\2_MDT\\GEOTIFF\\MDT_1448170.tif","SHRT_FNAME":"MDT_1448170.tif","UPPER_LEFT_X":"486962.522","UPPER_LEFT_Y":"9199875.947","LOWER_RIGHT_X":"487964.522","LOWER_RIGHT_Y":"9198873.947"},"geometry":{"type":"Polygon","coordinates":[[[-63.118099453644902,-7.238572467053201],[-63.109022889623034,-7.23857473065241],[-63.109025067185875,-7.247638675464007],[-63.118101812497024,-7.247636409001139],[-63.118099453644902,-7.238572467053201]]]}},
{"type":"Feature","properties":{"DESCRIPTION":"MDT_1448171.tif","FILENAME":"U:\\P589_AmazoniaRevelada_BR-319\\LiDAR_dataset\\ENTREGAS\\ENTREGA_03\\2_MDT\\GEOTIFF\\MDT_1448171.tif","SHRT_FNAME":"MDT_1448171.tif","UPPER_LEFT_X":"487962.618","UPPER_LEFT_Y":"9199875.947","LOWER_RIGHT_X":"488964.618","LOWER_RIGHT_Y":"9198873.947"},"geometry":{"type":"Polygon","coordinates":[[[-63.109040144152559,-7.238574726520952],[-63.099963577338485,-7.238576809542989],[-63.099965573956403,-7.247640756984575],[-63.109042322060034,-7.247638671327326],[-63.109040144152559,-7.238574726520952]]]}},
{"type":"Feature","properties":{"DESCRIPTION":"MDT_1448172.tif","FILENAME":"U:\\P589_AmazoniaRevelada_BR-319\\LiDAR_dataset\\ENTREGAS\\ENTREGA_03\\2_MDT\\GEOTIFF\\MDT_1448172.tif","SHRT_FNAME":"MDT_1448172.tif","UPPER_LEFT_X":"488962.713","UPPER_LEFT_Y":"9199875.947","LOWER_RIGHT_X":"489964.713","LOWER_RIGHT_Y":"9198873.947"},"geometry":{"type":"Polygon","coordinates":[[[-63.099980831873104,-7.238576805754809],[-63.090904262498832,-7.238578708199412],[-63.090906078171585,-7.247642658042974],[-63.099982828835657,-7.2476407531916],[-63.099980831873104,-7.238576805754809]]]}},
{"type":"Feature","properties":{"DESCRIPTION":"MDT_1448173.tif","FILENAME":"U:\\P589_AmazoniaRevelada_BR-319\\LiDAR_dataset\\ENTREGAS\\ENTREGA_03\\2_MDT\\GEOTIFF\\MDT_1448173.tif","SHRT_FNAME":"MDT_1448173.tif","UPPER_LEFT_X":"489962.808","UPPER_LEFT_Y":"9199875.947","LOWER_RIGHT_X":"490964.808","LOWER_RIGHT_Y":"9198873.947"},"geometry":{"type":"Polygon","coordinates":[[[-63.09092151703809,-7.238578704754512],[-63.081844945335618,-7.238580426621449],[-63.08184658006298,-7.247644378638968],[-63.090923333055478,-7.24764265459371],[-63.09092151703809,-7.238578704754512]]]}},
{"type":"Feature","properties":{"DESCRIPTION":"MDT_1448174.tif","FILENAME":"U:\\P589_AmazoniaRevelada_BR-319\\LiDAR_dataset\\ENTREGAS\\ENTREGA_03\\2_MDT\\GEOTIFF\\MDT_1448174.tif","SHRT_FNAME":"MDT_1448174.tif","UPPER_LEFT_X":"490962.903","UPPER_LEFT_Y":"9199875.947","LOWER_RIGHT_X":"491964.903","LOWER_RIGHT_Y":"9198873.947"},"geometry":{"type":"Polygon","coordinates":[[[-63.08186219987909,-7.238580423519824],[-63.072785626080424,-7.23858196480888],[-63.072787079862174,-7.247645918772347],[-63.081863834951079,-7.247644375533418],[-63.08186219987909,-7.238580423519824]]]}},
{"type":"Feature","properties":{"DESCRIPTION":"MDT_1448175.tif","FILENAME":"U:\\P589_AmazoniaRevelada_BR-319\\LiDAR_dataset\\ENTREGAS\\ENTREGA_03\\2_MDT\\GEOTIFF\\MDT_1448175.tif","SHRT_FNAME":"MDT_1448175.tif","UPPER_LEFT_X":"491962.998","UPPER_LEFT_Y":"9199875.947","LOWER_RIGHT_X":"492964.998","LOWER_RIGHT_Y":"9198873.947"},"geometry":{"type":"Polygon","coordinates":[[[-63.072802880627648,-7.238581962050533],[-63.063726304964781,-7.238583322761516],[-63.063727577800748,-7.247647278442917],[-63.072804334754032,-7.247645916010511],[-63.072802880627648,-7.238581962050533]]]}},
{"type":"Feature","properties":{"DESCRIPTION":"MDT_1448176.tif","FILENAME":"U:\\P589_AmazoniaRevelada_BR-319\\LiDAR_dataset\\ENTREGAS\\ENTREGA_03\\2_MDT\\GEOTIFF\\MDT_1448176.tif","SHRT_FNAME":"MDT_1448176.tif","UPPER_LEFT_X":"492963.094","UPPER_LEFT_Y":"9199875.947","LOWER_RIGHT_X":"493965.094","LOWER_RIGHT_Y":"9198873.947"},"geometry":{"type":"Polygon","coordinates":[[[-63.063743559515345,-7.238583320346448],[-63.054666982220283,-7.238584500479189],[-63.054668074110289,-7.24764845765051],[-63.063744832695939,-7.247647276024793],[-63.063743559515345,-7.238583320346448]]]}},
{"type":"Feature","properties":{"DESCRIPTION":"MDT_1448177.tif","FILENAME":"U:\\P589_AmazoniaRevelada_BR-319\\LiDAR_dataset\\ENTREGAS\\ENTREGA_03\\2_MDT\\GEOTIFF\\MDT_1448177.tif","SHRT_FNAME":"MDT_1448177.tif","UPPER_LEFT_X":"493963.189","UPPER_LEFT_Y":"9199875.947","LOWER_RIGHT_X":"494965.189","LOWER_RIGHT_Y":"9198873.947"},"geometry":{"type":"Polygon","coordinates":[[[-63.054684236773717,-7.238584498407398],[-63.04560765807846,-7.238585497961751],[-63.045608569022384,-7.247649456394979],[-63.054685329008365,-7.247648455576101],[-63.054684236773717,-7.238584498407398]]]}},
{"type":"Feature","properties":{"DESCRIPTION":"MDT_1448178.tif","FILENAME":"U:\\P589_AmazoniaRevelada_BR-319\\LiDAR_dataset\\ENTREGAS\\ENTREGA_03\\2_MDT\\GEOTIFF\\MDT_1448178.tif","SHRT_FNAME":"MDT_1448178.tif","UPPER_LEFT_X":"494963.284","UPPER_LEFT_Y":"9199875.947","LOWER_RIGHT_X":"495965.284","LOWER_RIGHT_Y":"9198873.947"},"geometry":{"type":"Polygon","coordinates":[[[-63.045624912634338,-7.238585496233242],[-63.036548332770892,-7.23858631520908],[-63.036549062768621,-7.2476502746762],[-63.045625823922897,-7.247649454664281],[-63.045624912634338,-7.238585496233242]]]}},
{"type":"Feature","properties":{"DESCRIPTION":"MDT_1448179.tif","FILENAME":"U:\\P589_AmazoniaRevelada_BR-319\\LiDAR_dataset\\ENTREGAS\\ENTREGA_03\\2_MDT\\GEOTIFF\\MDT_1448179.tif","SHRT_FNAME":"MDT_1448179.tif","UPPER_LEFT_X":"495963.379","UPPER_LEFT_Y":"9199875.947","LOWER_RIGHT_X":"496965.379","LOWER_RIGHT_Y":"9198873.947"},"geometry":{"type":"Polygon","coordinates":[[[-63.036565587328759,-7.238586313823848],[-63.027489006529109,-7.238586952221071],[-63.027489555580559,-7.247650912494072],[-63.036566317671124,-7.247650273289215],[-63.036565587328759,-7.238586313823848]]]}},
{"type":"Feature","properties":{"DESCRIPTION":"MDT_1448180.tif","FILENAME":"U:\\P589_AmazoniaRevelada_BR-319\\LiDAR_dataset\\ENTREGAS\\ENTREGA_03\\2_MDT\\GEOTIFF\\MDT_1448180.tif","SHRT_FNAME":"MDT_1448180.tif","UPPER_LEFT_X":"496963.474","UPPER_LEFT_Y":"9199875.947","LOWER_RIGHT_X":"497965.474","LOWER_RIGHT_Y":"9198873.947"},"geometry":{"type":"Polygon","coordinates":[[[-63.027506261088547,-7.238586951179119],[-63.018429679584713,-7.238587408997648],[-63.018430047689797,-7.247651369848511],[-63.027506810484624,-7.247650911450799],[-63.027506261088547,-7.238586951179119]]]}},
{"type":"Feature","properties":{"DESCRIPTION":"MDT_1448181.tif","FILENAME":"U:\\P589_AmazoniaRevelada_BR-319\\LiDAR_dataset\\ENTREGAS\\ENTREGA_03\\2_MDT\\GEOTIFF\\MDT_1448181.tif","SHRT_FNAME":"MDT_1448181.tif","UPPER_LEFT_X":"497963.570","UPPER_LEFT_Y":"9199875.947","LOWER_RIGHT_X":"498965.570","LOWER_RIGHT_Y":"9198873.947"},"geometry":{"type":"Polygon","coordinates":[[[-63.018446934145267,-7.238587408298977],[-63.009370352169249,-7.238587685538753],[-63.009370539327918,-7.247651646739466],[-63.018447302594986,-7.247651369148954],[-63.018446934145267,-7.238587408298977]]]}},
{"type":"Feature","properties":{"DESCRIPTION":"MDT_1448182.tif","FILENAME":"U:\\P589_AmazoniaRevelada_BR-319\\LiDAR_dataset\\ENTREGAS\\ENTREGA_03\\2_MDT\\GEOTIFF\\MDT_1448182.tif","SHRT_FNAME":"MDT_1448182.tif","UPPER_LEFT_X":"498963.665","UPPER_LEFT_Y":"9199875.947","LOWER_RIGHT_X":"499965.665","LOWER_RIGHT_Y":"9198873.947"},"geometry":{"type":"Polygon","coordinates":[[[-63.009387606730478,-7.238587685183361],[-63.000311024514261,-7.23858778184435],[-63.000311030726508,-7.247651743166897],[-63.009387794233795,-7.247651646383623],[-63.009387606730478,-7.238587685183361]]]}},
{"type":"Feature","properties":{"DESCRIPTION":"MDT_1448183.tif","FILENAME":"U:\\P589_AmazoniaRevelada_BR-319\\LiDAR_dataset\\ENTREGAS\\ENTREGA_03\\2_MDT\\GEOTIFF\\MDT_1448183.tif","SHRT_FNAME":"MDT_1448183.tif","UPPER_LEFT_X":"499963.760","UPPER_LEFT_Y":"9199875.947","LOWER_RIGHT_X":"500965.760","LOWER_RIGHT_Y":"9198873.947"},"geometry":{"type":"Polygon","coordinates":[[[-63.000328279075731,-7.238587781832239],[-62.991251696851336,-7.238587697914431],[-62.991251522117146,-7.2476516591308],[-63.000328285632612,-7.24765174315477],[-63.000328279075731,-7.238587781832239]]]}},
{"type":"Feature","properties":{"DESCRIPTION":"MDT_1448184.tif","FILENAME":"U:\\P589_AmazoniaRevelada_BR-319\\LiDAR_dataset\\ENTREGAS\\ENTREGA_03\\2_MDT\\GEOTIFF\\MDT_1448184.tif","SHRT_FNAME":"MDT_1448184.tif","UPPER_LEFT_X":"500963.855","UPPER_LEFT_Y":"9199875.947","LOWER_RIGHT_X":"501965.855","LOWER_RIGHT_Y":"9198873.947"},"geometry":{"type":"Polygon","coordinates":[[[-62.991268951412593,-7.238587698245598],[-62.982192369412019,-7.238587433749003],[-62.982192013731428,-7.24765139463118],[-62.991268777023045,-7.247651659462387],[-62.991268951412593,-7.238587698245598]]]}},
{"type":"Feature","properties":{"DESCRIPTION":"MDT_1448185.tif","FILENAME":"U:\\P589_AmazoniaRevelada_BR-319\\LiDAR_dataset\\ENTREGAS\\ENTREGA_03\\2_MDT\\GEOTIFF\\MDT_1448185.tif","SHRT_FNAME":"MDT_1448185.tif","UPPER_LEFT_X":"501963.950","UPPER_LEFT_Y":"9199875.947","LOWER_RIGHT_X":"502965.950","LOWER_RIGHT_Y":"9198873.947"},"geometry":{"type":"Polygon","coordinates":[[[-62.982209623972636,-7.238587434423451],[-62.973133042427861,-7.238586989348102],[-62.973132505800905,-7.247650949668071],[-62.98220926863668,-7.24765139530648],[-62.982209623972636,-7.238587434423451]]]}},
{"type":"Feature","properties":{"DESCRIPTION":"MDT_1448186.tif","FILENAME":"U:\\P589_AmazoniaRevelada_BR-319\\LiDAR_dataset\\ENTREGAS\\ENTREGA_03\\2_MDT\\GEOTIFF\\MDT_1448186.tif","SHRT_FNAME":"MDT_1448186.tif","UPPER_LEFT_X":"502964.046","UPPER_LEFT_Y":"9199875.947","LOWER_RIGHT_X":"503966.046","LOWER_RIGHT_Y":"9198873.947"},"geometry":{"type":"Polygon","coordinates":[[[-62.973150296987399,-7.238586990365829],[-62.96407371613045,-7.238586364711779],[-62.964072998557199,-7.247650324241524],[-62.973149760705077,-7.247650950687082],[-62.973150296987399,-7.238586990365829]]]}},
{"type":"Feature","properties":{"DESCRIPTION":"MDT_1448187.tif","FILENAME":"U:\\P589_AmazoniaRevelada_BR-319\\LiDAR_dataset\\ENTREGAS\\ENTREGA_03\\2_MDT\\GEOTIFF\\MDT_1448187.tif","SHRT_FNAME":"MDT_1448187.tif","UPPER_LEFT_X":"503964.141","UPPER_LEFT_Y":"9199875.947","LOWER_RIGHT_X":"504966.141","LOWER_RIGHT_Y":"9198873.947"},"geometry":{"type":"Polygon","coordinates":[[[-62.964090970688446,-7.238586366072784],[-62.95501439075133,-7.238585559840113],[-62.95501349223187,-7.247649518351621],[-62.96409025345983,-7.247650325604249],[-62.964090970688446,-7.238586366072784]]]}},
{"type":"Feature","properties":{"DESCRIPTION":"MDT_1448188.tif","FILENAME":"U:\\P589_AmazoniaRevelada_BR-319\\LiDAR_dataset\\ENTREGAS\\ENTREGA_03\\2_MDT\\GEOTIFF\\MDT_1448188.tif","SHRT_FNAME":"MDT_1448188.tif","UPPER_LEFT_X":"504964.236","UPPER_LEFT_Y":"9199875.947","LOWER_RIGHT_X":"505966.236","LOWER_RIGHT_Y":"9198873.947"},"geometry":{"type":"Polygon","coordinates":[[[-62.955031645307358,-7.238585561544401],[-62.945955066522053,-7.238584574733208],[-62.945953987056498,-7.247648531998466],[-62.955030747132533,-7.247649520058065],[-62.955031645307358,-7.238585561544401]]]}},
{"type":"Feature","properties":{"DESCRIPTION":"MDT_1448189.tif","FILENAME":"U:\\P589_AmazoniaRevelada_BR-319\\LiDAR_dataset\\ENTREGAS\\ENTREGA_03\\2_MDT\\GEOTIFF\\MDT_1448189.tif","SHRT_FNAME":"MDT_1448189.tif","UPPER_LEFT_X":"505964.331","UPPER_LEFT_Y":"9199875.947","LOWER_RIGHT_X":"506966.331","LOWER_RIGHT_Y":"9198873.947"},"geometry":{"type":"Polygon","coordinates":[[[-62.945972321075679,-7.238584576780773],[-62.936895743674192,-7.238583409391182],[-62.936894483262691,-7.247647365182175],[-62.945971241954759,-7.247648534048621],[-62.945972321075679,-7.238584576780773]]]}},
{"type":"Feature","properties":{"DESCRIPTION":"MDT_1448190.tif","FILENAME":"U:\\P589_AmazoniaRevelada_BR-319\\LiDAR_dataset\\ENTREGAS\\ENTREGA_03\\2_MDT\\GEOTIFF\\MDT_1448190.tif","SHRT_FNAME":"MDT_1448190.tif","UPPER_LEFT_X":"506964.426","UPPER_LEFT_Y":"9199875.947","LOWER_RIGHT_X":"507966.426","LOWER_RIGHT_Y":"9198873.947"},"geometry":{"type":"Polygon","coordinates":[[[-62.936912998224969,-7.238583411782025],[-62.927836422439313,-7.238582063814181],[-62.927834981082,-7.247646017902898],[-62.936911738158095,-7.247647367576045],[-62.936912998224969,-7.238583411782025]]]}},
{"type":"Feature","properties":{"DESCRIPTION":"MDT_1448191.tif","FILENAME":"U:\\P589_AmazoniaRevelada_BR-319\\LiDAR_dataset\\ENTREGAS\\ENTREGA_03\\2_MDT\\GEOTIFF\\MDT_1448191.tif","SHRT_FNAME":"MDT_1448191.tif","UPPER_LEFT_X":"507964.522","UPPER_LEFT_Y":"9199875.947","LOWER_RIGHT_X":"508966.522","LOWER_RIGHT_Y":"9198873.947"},"geometry":{"type":"Polygon","coordinates":[[[-62.927853676986793,-7.238582066548305],[-62.91877710304896,-7.238580538002373],[-62.918775480746042,-7.247644490160798],[-62.927852235974115,-7.247646020640479],[-62.927853676986793,-7.238582066548305]]]}},
{"type":"Feature","properties":{"DESCRIPTION":"MDT_1448192.tif","FILENAME":"U:\\P589_AmazoniaRevelada_BR-319\\LiDAR_dataset\\ENTREGAS\\ENTREGA_03\\2_MDT\\GEOTIFF\\MDT_1448192.tif","SHRT_FNAME":"MDT_1448192.tif","UPPER_LEFT_X":"508964.617","UPPER_LEFT_Y":"9199875.947","LOWER_RIGHT_X":"509966.617","LOWER_RIGHT_Y":"9198873.947"},"geometry":{"type":"Polygon","coordinates":[[[-62.918794357592709,-7.238580541079775],[-62.909717785734706,-7.238578831955946],[-62.909715982486368,-7.247642781956069],[-62.918792735634426,-7.247644493242093],[-62.918794357592709,-7.238580541079775]]]}},
{"type":"Feature","properties":{"DESCRIPTION":"MDT_1448193.tif","FILENAME":"U:\\P589_AmazoniaRevelada_BR-319\\LiDAR_dataset\\ENTREGAS\\ENTREGA_03\\2_MDT\\GEOTIFF\\MDT_1448193.tif","SHRT_FNAME":"MDT_1448193.tif","UPPER_LEFT_X":"509964.712","UPPER_LEFT_Y":"9199875.947","LOWER_RIGHT_X":"510966.712","LOWER_RIGHT_Y":"9198873.947"},"geometry":{"type":"Polygon","coordinates":[[[-62.909735040274285,-7.238578835376625],[-62.900658470728096,-7.238576945675116],[-62.900656486534579,-7.247640893288919],[-62.909733237370574,-7.247642785381077],[-62.909735040274285,-7.238578835376625]]]}},
{"type":"Feature","properties":{"DESCRIPTION":"MDT_1449158.tif","FILENAME":"U:\\P589_AmazoniaRevelada_BR-319\\LiDAR_dataset\\ENTREGAS\\ENTREGA_03\\2_MDT\\GEOTIFF\\MDT_1449158.tif","SHRT_FNAME":"MDT_1449158.tif","UPPER_LEFT_X":"474961.380","UPPER_LEFT_Y":"9198876.072","LOWER_RIGHT_X":"475963.380","LOWER_RIGHT_Y":"9197874.072"},"geometry":{"type":"Polygon","coordinates":[[[-63.226815386417066,-7.247575964386898],[-63.21773869309785,-7.247580400476889],[-63.217743047547188,-7.256644292344625],[-63.226819922383008,-7.256639850649436],[-63.226815386417066,-7.247575964386898]]]}},
{"type":"Feature","properties":{"DESCRIPTION":"MDT_1449159.tif","FILENAME":"U:\\P589_AmazoniaRevelada_BR-319\\LiDAR_dataset\\ENTREGAS\\ENTREGA_03\\2_MDT\\GEOTIFF\\MDT_1449159.tif","SHRT_FNAME":"MDT_1449159.tif","UPPER_LEFT_X":"475961.475","UPPER_LEFT_Y":"9198876.072","LOWER_RIGHT_X":"476963.475","LOWER_RIGHT_Y":"9197874.072"},"geometry":{"type":"Polygon","coordinates":[[[-63.21775594787583,-7.247580392215744],[-63.208679248979919,-7.247584647505469],[-63.208683422257138,-7.256648544739514],[-63.217760302670222,-7.256644284073039],[-63.21775594787583,-7.247580392215744]]]}},
{"type":"Feature","properties":{"DESCRIPTION":"MDT_1449160.tif","FILENAME":"U:\\P589_AmazoniaRevelada_BR-319\\LiDAR_dataset\\ENTREGAS\\ENTREGA_03\\2_MDT\\GEOTIFF\\MDT_1449160.tif","SHRT_FNAME":"MDT_1449160.tif","UPPER_LEFT_X":"476961.570","UPPER_LEFT_Y":"9198876.072","LOWER_RIGHT_X":"477963.570","LOWER_RIGHT_Y":"9197874.072"},"geometry":{"type":"Polygon","coordinates":[[[-63.208696503768266,-7.247584639588024],[-63.199619799527667,-7.247588714076953],[-63.199623791632263,-7.256652616449289],[-63.208700677390553,-7.256648536812064],[-63.208696503768266,-7.247584639588024]]]}},
{"type":"Feature","properties":{"DESCRIPTION":"MDT_1449161.tif","FILENAME":"U:\\P589_AmazoniaRevelada_BR-319\\LiDAR_dataset\\ENTREGAS\\ENTREGA_03\\2_MDT\\GEOTIFF\\MDT_1449161.tif","SHRT_FNAME":"MDT_1449161.tif","UPPER_LEFT_X":"477961.666","UPPER_LEFT_Y":"9198876.072","LOWER_RIGHT_X":"478963.666","LOWER_RIGHT_Y":"9197874.072"},"geometry":{"type":"Polygon","coordinates":[[[-63.199637054325947,-7.247588706503208],[-63.190560344972681,-7.247592600190834],[-63.190564155904156,-7.256656507473448],[-63.199641046775625,-7.256652608865978],[-63.199637054325947,-7.247588706503208]]]}},
{"type":"Feature","properties":{"DESCRIPTION":"MDT_1449162.tif","FILENAME":"U:\\P589_AmazoniaRevelada_BR-319\\LiDAR_dataset\\ENTREGAS\\ENTREGA_03\\2_MDT\\GEOTIFF\\MDT_1449162.tif","SHRT_FNAME":"MDT_1449162.tif","UPPER_LEFT_X":"478961.761","UPPER_LEFT_Y":"9198876.072","LOWER_RIGHT_X":"479963.761","LOWER_RIGHT_Y":"9197874.072"},"geometry":{"type":"Polygon","coordinates":[[[-63.190577599780468,-7.247592592960793],[-63.181500885546555,-7.247596305846628],[-63.181504515304404,-7.256660217811507],[-63.190581411057003,-7.256656500234275],[-63.190577599780468,-7.247592592960793]]]}},
{"type":"Feature","properties":{"DESCRIPTION":"MDT_1449163.tif","FILENAME":"U:\\P589_AmazoniaRevelada_BR-319\\LiDAR_dataset\\ENTREGAS\\ENTREGA_03\\2_MDT\\GEOTIFF\\MDT_1449163.tif","SHRT_FNAME":"MDT_1449163.tif","UPPER_LEFT_X":"479961.856","UPPER_LEFT_Y":"9198876.072","LOWER_RIGHT_X":"480963.856","LOWER_RIGHT_Y":"9197874.072"},"geometry":{"type":"Polygon","coordinates":[[[-63.181518140363401,-7.247596298960294],[-63.172441421480833,-7.24759983104388],[-63.172444870064624,-7.256663747463],[-63.181521770466318,-7.256660210916468],[-63.181518140363401,-7.247596298960294]]]}},
{"type":"Feature","properties":{"DESCRIPTION":"MDT_1449164.tif","FILENAME":"U:\\P589_AmazoniaRevelada_BR-319\\LiDAR_dataset\\ENTREGAS\\ENTREGA_03\\2_MDT\\GEOTIFF\\MDT_1449164.tif","SHRT_FNAME":"MDT_1449164.tif","UPPER_LEFT_X":"480961.951","UPPER_LEFT_Y":"9198876.072","LOWER_RIGHT_X":"481963.951","LOWER_RIGHT_Y":"9197874.072"},"geometry":{"type":"Polygon","coordinates":[[[-63.172458676306292,-7.247599824501251],[-63.163381953007118,-7.247603175782145],[-63.163385220416401,-7.256667096427491],[-63.17246212523515,-7.256663740912102],[-63.172458676306292,-7.247599824501251]]]}},
{"type":"Feature","properties":{"DESCRIPTION":"MDT_1449165.tif","FILENAME":"U:\\P589_AmazoniaRevelada_BR-319\\LiDAR_dataset\\ENTREGAS\\ENTREGA_03\\2_MDT\\GEOTIFF\\MDT_1449165.tif","SHRT_FNAME":"MDT_1449165.tif","UPPER_LEFT_X":"481962.046","UPPER_LEFT_Y":"9198876.072","LOWER_RIGHT_X":"482964.046","LOWER_RIGHT_Y":"9197874.072"},"geometry":{"type":"Polygon","coordinates":[[[-63.163399207840754,-7.247603169583223],[-63.154322480356967,-7.247606340061012],[-63.154325566591361,-7.256670264704565],[-63.163402475595113,-7.256667090220733],[-63.163399207840754,-7.247603169583223]]]}},
{"type":"Feature","properties":{"DESCRIPTION":"MDT_1449166.tif","FILENAME":"U:\\P589_AmazoniaRevelada_BR-319\\LiDAR_dataset\\ENTREGAS\\ENTREGA_03\\2_MDT\\GEOTIFF\\MDT_1449166.tif","SHRT_FNAME":"MDT_1449166.tif","UPPER_LEFT_X":"482962.142","UPPER_LEFT_Y":"9198876.072","LOWER_RIGHT_X":"483964.142","LOWER_RIGHT_Y":"9197874.072"},"geometry":{"type":"Polygon","coordinates":[[[-63.154339735198342,-7.247606334205796],[-63.145263003761983,-7.247609323880084],[-63.145265908821081,-7.256673252293825],[-63.154342821777796,-7.256670258841948],[-63.154339735198342,-7.247606334205796]]]}},
{"type":"Feature","properties":{"DESCRIPTION":"MDT_1449167.tif","FILENAME":"U:\\P589_AmazoniaRevelada_BR-319\\LiDAR_dataset\\ENTREGAS\\ENTREGA_03\\2_MDT\\GEOTIFF\\MDT_1449167.tif","SHRT_FNAME":"MDT_1449167.tif","UPPER_LEFT_X":"483962.237","UPPER_LEFT_Y":"9198876.072","LOWER_RIGHT_X":"484964.237","LOWER_RIGHT_Y":"9197874.072"},"geometry":{"type":"Polygon","coordinates":[[[-63.145280258610647,-7.247609318368574],[-63.13620352345373,-7.247612127238992],[-63.136206247337157,-7.2566760591949],[-63.145283164014806,-7.25667324677535],[-63.145280258610647,-7.247609318368574]]]}},
{"type":"Feature","properties":{"DESCRIPTION":"MDT_1449168.tif","FILENAME":"U:\\P589_AmazoniaRevelada_BR-319\\LiDAR_dataset\\ENTREGAS\\ENTREGA_03\\2_MDT\\GEOTIFF\\MDT_1449168.tif","SHRT_FNAME":"MDT_1449168.tif","UPPER_LEFT_X":"484962.332","UPPER_LEFT_Y":"9198876.072","LOWER_RIGHT_X":"485964.332","LOWER_RIGHT_Y":"9197874.072"},"geometry":{"type":"Polygon","coordinates":[[[-63.136220778309252,-7.24761212207119],[-63.127144039663804,-7.247614750137387],[-63.127146582371218,-7.256678685407443],[-63.136223502537746,-7.256676054020569],[-63.136220778309252,-7.24761212207119]]]}},
{"type":"Feature","properties":{"DESCRIPTION":"MDT_1449169.tif","FILENAME":"U:\\P589_AmazoniaRevelada_BR-319\\LiDAR_dataset\\ENTREGAS\\ENTREGA_03\\2_MDT\\GEOTIFF\\MDT_1449169.tif","SHRT_FNAME":"MDT_1449169.tif","UPPER_LEFT_X":"485962.427","UPPER_LEFT_Y":"9198876.072","LOWER_RIGHT_X":"486964.427","LOWER_RIGHT_Y":"9197874.072"},"geometry":{"type":"Polygon","coordinates":[[[-63.127161294525727,-7.247614745313293],[-63.118084552623756,-7.247617192574942],[-63.118086914154858,-7.256681130931127],[-63.127163837578216,-7.256678680577258],[-63.127161294525727,-7.247614745313293]]]}},
{"type":"Feature","properties":{"DESCRIPTION":"MDT_1449170.tif","FILENAME":"U:\\P589_AmazoniaRevelada_BR-319\\LiDAR_dataset\\ENTREGAS\\ENTREGA_03\\2_MDT\\GEOTIFF\\MDT_1449170.tif","SHRT_FNAME":"MDT_1449170.tif","UPPER_LEFT_X":"486962.522","UPPER_LEFT_Y":"9198876.072","LOWER_RIGHT_X":"487964.522","LOWER_RIGHT_Y":"9197874.072"},"geometry":{"type":"Polygon","coordinates":[[[-63.118101807491655,-7.247617188094559],[-63.109025062565195,-7.247619454551353],[-63.109027242919673,-7.256683395765647],[-63.118104169367832,-7.256681126445083],[-63.118101807491655,-7.247617188094559]]]}},
{"type":"Feature","properties":{"DESCRIPTION":"MDT_1449171.tif","FILENAME":"U:\\P589_AmazoniaRevelada_BR-319\\LiDAR_dataset\\ENTREGAS\\ENTREGA_03\\2_MDT\\GEOTIFF\\MDT_1449171.tif","SHRT_FNAME":"MDT_1449171.tif","UPPER_LEFT_X":"487962.618","UPPER_LEFT_Y":"9198876.072","LOWER_RIGHT_X":"488964.618","LOWER_RIGHT_Y":"9197874.072"},"geometry":{"type":"Polygon","coordinates":[[[-63.109042317438629,-7.247619450414681],[-63.099965569719693,-7.247621536066341],[-63.099967568897284,-7.256685479910725],[-63.109044498138175,-7.256683391623747],[-63.109042317438629,-7.247619450414681]]]}},
{"type":"Feature","properties":{"DESCRIPTION":"MDT_1449172.tif","FILENAME":"U:\\P589_AmazoniaRevelada_BR-319\\LiDAR_dataset\\ENTREGAS\\ENTREGA_03\\2_MDT\\GEOTIFF\\MDT_1449172.tif","SHRT_FNAME":"MDT_1449172.tif","UPPER_LEFT_X":"488962.713","UPPER_LEFT_Y":"9198876.072","LOWER_RIGHT_X":"489964.713","LOWER_RIGHT_Y":"9197874.072"},"geometry":{"type":"Polygon","coordinates":[[[-63.0999828245982,-7.247621532273379],[-63.090906074318816,-7.247623437119649],[-63.090907892319265,-7.256687383366094],[-63.099984824120874,-7.256685476112969],[-63.0999828245982,-7.247621532273379]]]}},
{"type":"Feature","properties":{"DESCRIPTION":"MDT_1449173.tif","FILENAME":"U:\\P589_AmazoniaRevelada_BR-319\\LiDAR_dataset\\ENTREGAS\\ENTREGA_03\\2_MDT\\GEOTIFF\\MDT_1449173.tif","SHRT_FNAME":"MDT_1449173.tif","UPPER_LEFT_X":"489962.808","UPPER_LEFT_Y":"9198876.072","LOWER_RIGHT_X":"490964.808","LOWER_RIGHT_Y":"9197874.072"},"geometry":{"type":"Polygon","coordinates":[[[-63.090923329201985,-7.247623433670396],[-63.08184657659416,-7.247625157711033],[-63.081848213417238,-7.256689106131523],[-63.090925147547495,-7.256687379912486],[-63.090923329201985,-7.247623433670396]]]}},
{"type":"Feature","properties":{"DESCRIPTION":"MDT_1449174.tif","FILENAME":"U:\\P589_AmazoniaRevelada_BR-319\\LiDAR_dataset\\ENTREGAS\\ENTREGA_03\\2_MDT\\GEOTIFF\\MDT_1449174.tif","SHRT_FNAME":"MDT_1449174.tif","UPPER_LEFT_X":"490962.903","UPPER_LEFT_Y":"9198876.072","LOWER_RIGHT_X":"491964.903","LOWER_RIGHT_Y":"9197874.072"},"geometry":{"type":"Polygon","coordinates":[[[-63.081863831481542,-7.247625154605493],[-63.072787076777317,-7.247626697840286],[-63.07278853242282,-7.256690648206797],[-63.081865468649681,-7.25668910302206],[-63.081863831481542,-7.247625154605493]]]}},
{"type":"Feature","properties":{"DESCRIPTION":"MDT_1449175.tif","FILENAME":"U:\\P589_AmazoniaRevelada_BR-319\\LiDAR_dataset\\ENTREGAS\\ENTREGA_03\\2_MDT\\GEOTIFF\\MDT_1449175.tif","SHRT_FNAME":"MDT_1449175.tif","UPPER_LEFT_X":"491962.998","UPPER_LEFT_Y":"9198876.072","LOWER_RIGHT_X":"492964.998","LOWER_RIGHT_Y":"9197874.072"},"geometry":{"type":"Polygon","coordinates":[[[-63.072804331668451,-7.247626695078458],[-63.063727575099854,-7.247628057507211],[-63.063728849567596,-7.256692009591726],[-63.072805787659028,-7.256690645441477],[-63.072804331668451,-7.247626695078458]]]}},
{"type":"Feature","properties":{"DESCRIPTION":"MDT_1449176.tif","FILENAME":"U:\\P589_AmazoniaRevelada_BR-319\\LiDAR_dataset\\ENTREGAS\\ENTREGA_03\\2_MDT\\GEOTIFF\\MDT_1449176.tif","SHRT_FNAME":"MDT_1449176.tif","UPPER_LEFT_X":"492963.094","UPPER_LEFT_Y":"9198876.072","LOWER_RIGHT_X":"493965.094","LOWER_RIGHT_Y":"9197874.072"},"geometry":{"type":"Polygon","coordinates":[[[-63.063744829994306,-7.247628055089095],[-63.054668071793358,-7.247629236711646],[-63.054669165083176,-7.256693190286135],[-63.063746104807123,-7.256692007170553],[-63.063744829994306,-7.247628055089095]]]}},
{"type":"Feature","properties":{"DESCRIPTION":"MDT_1449177.tif","FILENAME":"U:\\P589_AmazoniaRevelada_BR-319\\LiDAR_dataset\\ENTREGAS\\ENTREGA_03\\2_MDT\\GEOTIFF\\MDT_1449177.tif","SHRT_FNAME":"MDT_1449177.tif","UPPER_LEFT_X":"493963.189","UPPER_LEFT_Y":"9198876.072","LOWER_RIGHT_X":"494965.189","LOWER_RIGHT_Y":"9197874.072"},"geometry":{"type":"Polygon","coordinates":[[[-63.054685326690695,-7.247629234637242],[-63.04560856708941,-7.24763023545344],[-63.045609479201175,-7.256694190289885],[-63.054686420325595,-7.25669318820911],[-63.054685326690695,-7.247629234637242]]]}},
{"type":"Feature","properties":{"DESCRIPTION":"MDT_1449178.tif","FILENAME":"U:\\P589_AmazoniaRevelada_BR-319\\LiDAR_dataset\\ENTREGAS\\ENTREGA_03\\2_MDT\\GEOTIFF\\MDT_1449178.tif","SHRT_FNAME":"MDT_1449178.tif","UPPER_LEFT_X":"494963.284","UPPER_LEFT_Y":"9198876.072","LOWER_RIGHT_X":"495965.284","LOWER_RIGHT_Y":"9197874.072"},"geometry":{"type":"Polygon","coordinates":[[[-63.045625821989191,-7.247630233722745],[-63.036549061219603,-7.247631053732466],[-63.036549792153188,-7.256695009602843],[-63.045626734446031,-7.256694188557004],[-63.045625821989191,-7.247630233722745]]]}},
{"type":"Feature","properties":{"DESCRIPTION":"MDT_1449179.tif","FILENAME":"U:\\P589_AmazoniaRevelada_BR-319\\LiDAR_dataset\\ENTREGAS\\ENTREGA_03\\2_MDT\\GEOTIFF\\MDT_1449179.tif","SHRT_FNAME":"MDT_1449179.tif","UPPER_LEFT_X":"495963.379","UPPER_LEFT_Y":"9198876.072","LOWER_RIGHT_X":"496965.379","LOWER_RIGHT_Y":"9197874.072"},"geometry":{"type":"Polygon","coordinates":[[[-63.03656631612138,-7.247631052345486],[-63.027489554415496,-7.247631691548628],[-63.027490104170823,-7.256695648224914],[-63.036567047400048,-7.256695008214113],[-63.03656631612138,-7.247631052345486]]]}},
{"type":"Feature","properties":{"DESCRIPTION":"MDT_1449180.tif","FILENAME":"U:\\P589_AmazoniaRevelada_BR-319\\LiDAR_dataset\\ENTREGAS\\ENTREGA_03\\2_MDT\\GEOTIFF\\MDT_1449180.tif","SHRT_FNAME":"MDT_1449180.tif","UPPER_LEFT_X":"496963.474","UPPER_LEFT_Y":"9198876.072","LOWER_RIGHT_X":"497965.474","LOWER_RIGHT_Y":"9197874.072"},"geometry":{"type":"Polygon","coordinates":[[[-63.027506809318837,-7.247631690505361],[-63.018430046908705,-7.247632148901841],[-63.018430415485689,-7.256696106156015],[-63.027507359419246,-7.256695647180329],[-63.027506809318837,-7.247631690505361]]]}},
{"type":"Feature","properties":{"DESCRIPTION":"MDT_1449181.tif","FILENAME":"U:\\P589_AmazoniaRevelada_BR-319\\LiDAR_dataset\\ENTREGAS\\ENTREGA_03\\2_MDT\\GEOTIFF\\MDT_1449181.tif","SHRT_FNAME":"MDT_1449181.tif","UPPER_LEFT_X":"497963.570","UPPER_LEFT_Y":"9198876.072","LOWER_RIGHT_X":"498965.570","LOWER_RIGHT_Y":"9197874.072"},"geometry":{"type":"Polygon","coordinates":[[[-63.018447301813154,-7.24763214820229],[-63.009370538930781,-7.247632425792055],[-63.009370726329394,-7.256696383396091],[-63.01844767073522,-7.256696105455578],[-63.018447301813154,-7.24763214820229]]]}},
{"type":"Feature","properties":{"DESCRIPTION":"MDT_1449182.tif","FILENAME":"U:\\P589_AmazoniaRevelada_BR-319\\LiDAR_dataset\\ENTREGAS\\ENTREGA_03\\2_MDT\\GEOTIFF\\MDT_1449182.tif","SHRT_FNAME":"MDT_1449182.tif","UPPER_LEFT_X":"498963.665","UPPER_LEFT_Y":"9198876.072","LOWER_RIGHT_X":"499965.665","LOWER_RIGHT_Y":"9197874.072"},"geometry":{"type":"Polygon","coordinates":[[[-63.00938779383592,-7.247632425436218],[-63.000311030713327,-7.247632522219231],[-63.000311036933539,-7.256696479945107],[-63.009387981579607,-7.256696383039801],[-63.00938779383592,-7.247632425436218]]]}},
{"type":"Feature","properties":{"DESCRIPTION":"MDT_1449183.tif","FILENAME":"U:\\P589_AmazoniaRevelada_BR-319\\LiDAR_dataset\\ENTREGAS\\ENTREGA_03\\2_MDT\\GEOTIFF\\MDT_1449183.tif","SHRT_FNAME":"MDT_1449183.tif","UPPER_LEFT_X":"499963.760","UPPER_LEFT_Y":"9198876.072","LOWER_RIGHT_X":"500965.760","LOWER_RIGHT_Y":"9197874.072"},"geometry":{"type":"Polygon","coordinates":[[[-63.000328285618693,-7.247632522207104],[-62.991251522487921,-7.247632438183357],[-62.991251347529733,-7.256696395803051],[-63.00032829218398,-7.256696479932965],[-63.000328285618693,-7.247632522207104]]]}},
{"type":"Feature","properties":{"DESCRIPTION":"MDT_1449184.tif","FILENAME":"U:\\P589_AmazoniaRevelada_BR-319\\LiDAR_dataset\\ENTREGAS\\ENTREGA_03\\2_MDT\\GEOTIFF\\MDT_1449184.tif","SHRT_FNAME":"MDT_1449184.tif","UPPER_LEFT_X":"500963.855","UPPER_LEFT_Y":"9198876.072","LOWER_RIGHT_X":"501965.855","LOWER_RIGHT_Y":"9197874.072"},"geometry":{"type":"Polygon","coordinates":[[[-62.991268777393095,-7.247632438514944],[-62.982192014486159,-7.247632173684447],[-62.982191658349578,-7.256696130969931],[-62.991268602779968,-7.256696396135054],[-62.991268777393095,-7.247632438514944]]]}},
{"type":"Feature","properties":{"DESCRIPTION":"MDT_1449185.tif","FILENAME":"U:\\P589_AmazoniaRevelada_BR-319\\LiDAR_dataset\\ENTREGAS\\ENTREGA_03\\2_MDT\\GEOTIFF\\MDT_1449185.tif","SHRT_FNAME":"MDT_1449185.tif","UPPER_LEFT_X":"501963.950","UPPER_LEFT_Y":"9198876.072","LOWER_RIGHT_X":"502965.950","LOWER_RIGHT_Y":"9197874.072"},"geometry":{"type":"Polygon","coordinates":[[[-62.982209269390673,-7.247632174359744],[-62.973132506939614,-7.247631728722527],[-62.973131969624689,-7.256695685445785],[-62.982208913599187,-7.256696131646083],[-62.982209269390673,-7.247632174359744]]]}},
{"type":"Feature","properties":{"DESCRIPTION":"MDT_1449186.tif","FILENAME":"U:\\P589_AmazoniaRevelada_BR-319\\LiDAR_dataset\\ENTREGAS\\ENTREGA_03\\2_MDT\\GEOTIFF\\MDT_1449186.tif","SHRT_FNAME":"MDT_1449186.tif","UPPER_LEFT_X":"502964.046","UPPER_LEFT_Y":"9198876.072","LOWER_RIGHT_X":"503966.046","LOWER_RIGHT_Y":"9197874.072"},"geometry":{"type":"Polygon","coordinates":[[[-62.973149761843047,-7.24763172974154],[-62.964073000079843,-7.247631103297658],[-62.964072281586667,-7.256695059230664],[-62.973149224873204,-7.256695686466084],[-62.973149761843047,-7.24763172974154]]]}},
{"type":"Feature","properties":{"DESCRIPTION":"MDT_1449187.tif","FILENAME":"U:\\P589_AmazoniaRevelada_BR-319\\LiDAR_dataset\\ENTREGAS\\ENTREGA_03\\2_MDT\\GEOTIFF\\MDT_1449187.tif","SHRT_FNAME":"MDT_1449187.tif","UPPER_LEFT_X":"503964.141","UPPER_LEFT_Y":"9198876.072","LOWER_RIGHT_X":"504966.141","LOWER_RIGHT_Y":"9197874.072"},"geometry":{"type":"Polygon","coordinates":[[[-62.964090254981755,-7.247631104660383],[-62.955013494138484,-7.247630297409914],[-62.955012594467121,-7.256694252324645],[-62.964089536833647,-7.25669506059511],[-62.964090254981755,-7.247631104660383]]]}},
{"type":"Feature","properties":{"DESCRIPTION":"MDT_1449188.tif","FILENAME":"U:\\P589_AmazoniaRevelada_BR-319\\LiDAR_dataset\\ENTREGAS\\ENTREGA_03\\2_MDT\\GEOTIFF\\MDT_1449188.tif","SHRT_FNAME":"MDT_1449188.tif","UPPER_LEFT_X":"504964.236","UPPER_LEFT_Y":"9198876.072","LOWER_RIGHT_X":"505966.236","LOWER_RIGHT_Y":"9197874.072"},"geometry":{"type":"Polygon","coordinates":[[[-62.955030749038421,-7.247630299116354],[-62.945953989347075,-7.247629311059401],[-62.945952908497645,-7.256693264727834],[-62.955029849712133,-7.256694254033242],[-62.955030749038421,-7.247630299116354]]]}},
{"type":"Feature","properties":{"DESCRIPTION":"MDT_1449189.tif","FILENAME":"U:\\P589_AmazoniaRevelada_BR-319\\LiDAR_dataset\\ENTREGAS\\ENTREGA_03\\2_MDT\\GEOTIFF\\MDT_1449189.tif","SHRT_FNAME":"MDT_1449189.tif","UPPER_LEFT_X":"505964.331","UPPER_LEFT_Y":"9198876.072","LOWER_RIGHT_X":"506966.331","LOWER_RIGHT_Y":"9197874.072"},"geometry":{"type":"Polygon","coordinates":[[[-62.945971244244603,-7.247629313109553],[-62.936894485937216,-7.247628144246238],[-62.936893223909863,-7.256692096440348],[-62.945970163740256,-7.256693266780577],[-62.945971244244603,-7.247629313109553]]]}},
{"type":"Feature","properties":{"DESCRIPTION":"MDT_1449190.tif","FILENAME":"U:\\P589_AmazoniaRevelada_BR-319\\LiDAR_dataset\\ENTREGAS\\ENTREGA_03\\2_MDT\\GEOTIFF\\MDT_1449190.tif","SHRT_FNAME":"MDT_1449190.tif","UPPER_LEFT_X":"506964.426","UPPER_LEFT_Y":"9198876.072","LOWER_RIGHT_X":"507966.426","LOWER_RIGHT_Y":"9197874.072"},"geometry":{"type":"Polygon","coordinates":[[[-62.936911740831896,-7.2476281466401],[-62.927834984140489,-7.247626796970571],[-62.927833540935367,-7.256690747462339],[-62.93691047914961,-7.256692098837236],[-62.936911740831896,-7.2476281466401]]]}},
{"type":"Feature","properties":{"DESCRIPTION":"MDT_1449191.tif","FILENAME":"U:\\P589_AmazoniaRevelada_BR-319\\LiDAR_dataset\\ENTREGAS\\ENTREGA_03\\2_MDT\\GEOTIFF\\MDT_1449191.tif","SHRT_FNAME":"MDT_1449191.tif","UPPER_LEFT_X":"507964.522","UPPER_LEFT_Y":"9198876.072","LOWER_RIGHT_X":"508966.522","LOWER_RIGHT_Y":"9197874.072"},"geometry":{"type":"Polygon","coordinates":[[[-62.927852239031871,-7.247626799708146],[-62.91877548418848,-7.247625269232564],[-62.918773859805775,-7.256689217793969],[-62.927850796171818,-7.256690750203374],[-62.927852239031871,-7.247626799708146]]]}},
{"type":"Feature","properties":{"DESCRIPTION":"MDT_1449192.tif","FILENAME":"U:\\P589_AmazoniaRevelada_BR-319\\LiDAR_dataset\\ENTREGAS\\ENTREGA_03\\2_MDT\\GEOTIFF\\MDT_1449192.tif","SHRT_FNAME":"MDT_1449192.tif","UPPER_LEFT_X":"508964.617","UPPER_LEFT_Y":"9198876.072","LOWER_RIGHT_X":"509966.617","LOWER_RIGHT_Y":"9197874.072"},"geometry":{"type":"Polygon","coordinates":[[[-62.918792739076125,-7.247625272313849],[-62.909715986312762,-7.247623561032411],[-62.909714180752658,-7.256687507435427],[-62.918791115038481,-7.256689220879148],[-62.918792739076125,-7.247625272313849]]]}},
{"type":"Feature","properties":{"DESCRIPTION":"MDT_1449193.tif","FILENAME":"U:\\P589_AmazoniaRevelada_BR-319\\LiDAR_dataset\\ENTREGAS\\ENTREGA_03\\2_MDT\\GEOTIFF\\MDT_1449193.tif","SHRT_FNAME":"MDT_1449193.tif","UPPER_LEFT_X":"509964.712","UPPER_LEFT_Y":"9198876.072","LOWER_RIGHT_X":"510966.712","LOWER_RIGHT_Y":"9197874.072"},"geometry":{"type":"Polygon","coordinates":[[[-62.90973324119625,-7.24762356445741],[-62.900656490744936,-7.247621672370324],[-62.900654504007676,-7.256685616386933],[-62.909731435981207,-7.256687510864753],[-62.90973324119625,-7.24762356445741]]]}},
{"type":"Feature","properties":{"DESCRIPTION":"MDT_1450147.tif","FILENAME":"U:\\P589_AmazoniaRevelada_BR-319\\LiDAR_dataset\\ENTREGAS\\ENTREGA_03\\2_MDT\\GEOTIFF\\MDT_1450147.tif","SHRT_FNAME":"MDT_1450147.tif","UPPER_LEFT_X":"463960.333","UPPER_LEFT_Y":"9197876.197","LOWER_RIGHT_X":"464962.333","LOWER_RIGHT_Y":"9196874.197"},"geometry":{"type":"Polygon","coordinates":[[[-63.326475291720222,-7.256559937355019],[-63.317398493933673,-7.256566370307481],[-63.317404849362696,-7.2656301844906],[-63.326481828890749,-7.265623743419743],[-63.326475291720222,-7.256559937355019]]]}},
{"type":"Feature","properties":{"DESCRIPTION":"MDT_1450148.tif","FILENAME":"U:\\P589_AmazoniaRevelada_BR-319\\LiDAR_dataset\\ENTREGAS\\ENTREGA_03\\2_MDT\\GEOTIFF\\MDT_1450148.tif","SHRT_FNAME":"MDT_1450148.tif","UPPER_LEFT_X":"464960.428","UPPER_LEFT_Y":"9197876.197","LOWER_RIGHT_X":"465962.428","LOWER_RIGHT_Y":"9196874.197"},"geometry":{"type":"Polygon","coordinates":[[[-63.317415748912666,-7.256566358250513],[-63.308338942996485,-7.256572610182057],[-63.308345117028686,-7.265636432239904],[-63.317422104687168,-7.265630172418415],[-63.317415748912666,-7.256566358250513]]]}},
{"type":"Feature","properties":{"DESCRIPTION":"MDT_1450149.tif","FILENAME":"U:\\P589_AmazoniaRevelada_BR-319\\LiDAR_dataset\\ENTREGAS\\ENTREGA_03\\2_MDT\\GEOTIFF\\MDT_1450149.tif","SHRT_FNAME":"MDT_1450149.tif","UPPER_LEFT_X":"465960.523","UPPER_LEFT_Y":"9197876.197","LOWER_RIGHT_X":"466962.523","LOWER_RIGHT_Y":"9196874.197"},"geometry":{"type":"Polygon","coordinates":[[[-63.308356197990719,-7.256572598469213],[-63.299279384176941,-7.256578669379057],[-63.299285376811554,-7.265642499083619],[-63.308362372368407,-7.265636420512276],[-63.308356197990719,-7.256572598469213]]]}},
{"type":"Feature","properties":{"DESCRIPTION":"MDT_1450150.tif","FILENAME":"U:\\P589_AmazoniaRevelada_BR-319\\LiDAR_dataset\\ENTREGAS\\ENTREGA_03\\2_MDT\\GEOTIFF\\MDT_1450150.tif","SHRT_FNAME":"MDT_1450150.tif","UPPER_LEFT_X":"466960.618","UPPER_LEFT_Y":"9197876.197","LOWER_RIGHT_X":"467962.618","LOWER_RIGHT_Y":"9196874.197"},"geometry":{"type":"Polygon","coordinates":[[[-63.299296639185954,-7.256578658010334],[-63.290219817706621,-7.256584547897728],[-63.290225628942885,-7.265648385020986],[-63.299302632166061,-7.265642487700546],[-63.299296639185954,-7.256578658010334]]]}},
{"type":"Feature","properties":{"DESCRIPTION":"MDT_1450151.tif","FILENAME":"U:\\P589_AmazoniaRevelada_BR-319\\LiDAR_dataset\\ENTREGAS\\ENTREGA_03\\2_MDT\\GEOTIFF\\MDT_1450151.tif","SHRT_FNAME":"MDT_1450151.tif","UPPER_LEFT_X":"467960.714","UPPER_LEFT_Y":"9197876.197","LOWER_RIGHT_X":"468962.714","LOWER_RIGHT_Y":"9196874.197"},"geometry":{"type":"Polygon","coordinates":[[[-63.290237072730001,-7.256584536873127],[-63.281160243817126,-7.256590245737338],[-63.281165873654309,-7.265654090051277],[-63.290242884311752,-7.265648373982474],[-63.290237072730001,-7.256584536873127]]]}},
{"type":"Feature","properties":{"DESCRIPTION":"MDT_1450152.tif","FILENAME":"U:\\P589_AmazoniaRevelada_BR-319\\LiDAR_dataset\\ENTREGAS\\ENTREGA_03\\2_MDT\\GEOTIFF\\MDT_1450152.tif","SHRT_FNAME":"MDT_1450152.tif","UPPER_LEFT_X":"468960.809","UPPER_LEFT_Y":"9197876.197","LOWER_RIGHT_X":"469962.809","LOWER_RIGHT_Y":"9196874.197"},"geometry":{"type":"Polygon","coordinates":[[[-63.281177498854412,-7.256590235056864],[-63.27210066274003,-7.256595762897181],[-63.272106111177436,-7.265659614173781],[-63.281183129037082,-7.265654079357325],[-63.281177498854412,-7.256590235056864]]]}},
{"type":"Feature","properties":{"DESCRIPTION":"MDT_1450153.tif","FILENAME":"U:\\P589_AmazoniaRevelada_BR-319\\LiDAR_dataset\\ENTREGAS\\ENTREGA_03\\2_MDT\\GEOTIFF\\MDT_1450153.tif","SHRT_FNAME":"MDT_1450153.tif","UPPER_LEFT_X":"469960.904","UPPER_LEFT_Y":"9197876.197","LOWER_RIGHT_X":"470962.904","LOWER_RIGHT_Y":"9196874.197"},"geometry":{"type":"Polygon","coordinates":[[[-63.27211791779078,-7.256595752560831],[-63.26304107470694,-7.256601099376563],[-63.263046341743873,-7.265664957387813],[-63.27212336657368,-7.26565960382439],[-63.27211791779078,-7.256595752560831]]]}},
{"type":"Feature","properties":{"DESCRIPTION":"MDT_1450154.tif","FILENAME":"U:\\P589_AmazoniaRevelada_BR-319\\LiDAR_dataset\\ENTREGAS\\ENTREGA_03\\2_MDT\\GEOTIFF\\MDT_1450154.tif","SHRT_FNAME":"MDT_1450154.tif","UPPER_LEFT_X":"470960.999","UPPER_LEFT_Y":"9197876.197","LOWER_RIGHT_X":"471962.999","LOWER_RIGHT_Y":"9196874.197"},"geometry":{"type":"Polygon","coordinates":[[[-63.263058329770715,-7.256601089384348],[-63.253981479949445,-7.256606255174834],[-63.253986565585251,-7.265670119692704],[-63.263063597153142,-7.265664947382982],[-63.263058329770715,-7.256601089384348]]]}},
{"type":"Feature","properties":{"DESCRIPTION":"MDT_1450155.tif","FILENAME":"U:\\P589_AmazoniaRevelada_BR-319\\LiDAR_dataset\\ENTREGAS\\ENTREGA_03\\2_MDT\\GEOTIFF\\MDT_1450155.tif","SHRT_FNAME":"MDT_1450155.tif","UPPER_LEFT_X":"471961.094","UPPER_LEFT_Y":"9197876.197","LOWER_RIGHT_X":"472963.094","LOWER_RIGHT_Y":"9196874.197"},"geometry":{"type":"Polygon","coordinates":[[[-63.25399873502581,-7.256606245526743],[-63.244921878699138,-7.25661123029134],[-63.244926782933177,-7.265675101087818],[-63.25400382100711,-7.265670110032438],[-63.25399873502581,-7.256606245526743]]]}},
{"type":"Feature","properties":{"DESCRIPTION":"MDT_1450156.tif","FILENAME":"U:\\P589_AmazoniaRevelada_BR-319\\LiDAR_dataset\\ENTREGAS\\ENTREGA_03\\2_MDT\\GEOTIFF\\MDT_1450156.tif","SHRT_FNAME":"MDT_1450156.tif","UPPER_LEFT_X":"472961.190","UPPER_LEFT_Y":"9197876.197","LOWER_RIGHT_X":"473963.190","LOWER_RIGHT_Y":"9196874.197"},"geometry":{"type":"Polygon","coordinates":[[[-63.244939133787639,-7.256611220987382],[-63.2358622711876,-7.25661602472547],[-63.235866994019261,-7.265679901572528],[-63.244944038367173,-7.265675091772113],[-63.244939133787639,-7.256611220987382]]]}},
{"type":"Feature","properties":{"DESCRIPTION":"MDT_1450157.tif","FILENAME":"U:\\P589_AmazoniaRevelada_BR-319\\LiDAR_dataset\\ENTREGAS\\ENTREGA_03\\2_MDT\\GEOTIFF\\MDT_1450157.tif","SHRT_FNAME":"MDT_1450157.tif","UPPER_LEFT_X":"473961.285","UPPER_LEFT_Y":"9197876.197","LOWER_RIGHT_X":"474963.285","LOWER_RIGHT_Y":"9196874.197"},"geometry":{"type":"Polygon","coordinates":[[[-63.23587952628781,-7.256616015765641],[-63.226802657646445,-7.256620638476629],[-63.226807199075132,-7.265684521146246],[-63.235884249464966,-7.265679892601395],[-63.23587952628781,-7.256616015765641]]]}},
{"type":"Feature","properties":{"DESCRIPTION":"MDT_1450158.tif","FILENAME":"U:\\P589_AmazoniaRevelada_BR-319\\LiDAR_dataset\\ENTREGAS\\ENTREGA_03\\2_MDT\\GEOTIFF\\MDT_1450158.tif","SHRT_FNAME":"MDT_1450158.tif","UPPER_LEFT_X":"474961.380","UPPER_LEFT_Y":"9197876.197","LOWER_RIGHT_X":"475963.380","LOWER_RIGHT_Y":"9196874.197"},"geometry":{"type":"Polygon","coordinates":[[[-63.226819912757925,-7.25662062986093],[-63.217743038307269,-7.256625071544234],[-63.217747398332406,-7.265688959808393],[-63.226824454532114,-7.265684512519678],[-63.226819912757925,-7.25662062986093]]]}},
{"type":"Feature","properties":{"DESCRIPTION":"MDT_1450159.tif","FILENAME":"U:\\P589_AmazoniaRevelada_BR-319\\LiDAR_dataset\\ENTREGAS\\ENTREGA_03\\2_MDT\\GEOTIFF\\MDT_1450159.tif","SHRT_FNAME":"MDT_1450159.tif","UPPER_LEFT_X":"475961.475","UPPER_LEFT_Y":"9197876.197","LOWER_RIGHT_X":"476963.475","LOWER_RIGHT_Y":"9196874.197"},"geometry":{"type":"Polygon","coordinates":[[[-63.217760293429578,-7.256625063272672],[-63.208683413401658,-7.256629323927742],[-63.208687592022699,-7.265693217558413],[-63.217764653800216,-7.265688951526391],[-63.217760293429578,-7.256625063272672]]]}},
{"type":"Feature","properties":{"DESCRIPTION":"MDT_1450160.tif","FILENAME":"U:\\P589_AmazoniaRevelada_BR-319\\LiDAR_dataset\\ENTREGAS\\ENTREGA_03\\2_MDT\\GEOTIFF\\MDT_1450160.tif","SHRT_FNAME":"MDT_1450160.tif","UPPER_LEFT_X":"476961.570","UPPER_LEFT_Y":"9197876.197","LOWER_RIGHT_X":"477963.570","LOWER_RIGHT_Y":"9196874.197"},"geometry":{"type":"Polygon","coordinates":[[[-63.208700668534348,-7.256629316000314],[-63.199623783161222,-7.256633395626623],[-63.199627780377639,-7.265697294395784],[-63.208704847500897,-7.265693209620981],[-63.208700668534348,-7.256629316000314]]]}},
{"type":"Feature","properties":{"DESCRIPTION":"MDT_1450161.tif","FILENAME":"U:\\P589_AmazoniaRevelada_BR-319\\LiDAR_dataset\\ENTREGAS\\ENTREGA_03\\2_MDT\\GEOTIFF\\MDT_1450161.tif","SHRT_FNAME":"MDT_1450161.tif","UPPER_LEFT_X":"477961.666","UPPER_LEFT_Y":"9197876.197","LOWER_RIGHT_X":"478963.666","LOWER_RIGHT_Y":"9196874.197"},"geometry":{"type":"Polygon","coordinates":[[[-63.199641038303845,-7.256633388043333],[-63.190564147817554,-7.25663728664037],[-63.190567963628851,-7.265701190319994],[-63.199645035865778,-7.265697286802922],[-63.199641038303845,-7.256633388043333]]]}},
{"type":"Feature","properties":{"DESCRIPTION":"MDT_1450162.tif","FILENAME":"U:\\P589_AmazoniaRevelada_BR-319\\LiDAR_dataset\\ENTREGAS\\ENTREGA_03\\2_MDT\\GEOTIFF\\MDT_1450162.tif","SHRT_FNAME":"MDT_1450162.tif","UPPER_LEFT_X":"478961.761","UPPER_LEFT_Y":"9197876.197","LOWER_RIGHT_X":"479963.761","LOWER_RIGHT_Y":"9196874.197"},"geometry":{"type":"Polygon","coordinates":[[[-63.19058140296967,-7.256637279401213],[-63.181504507602249,-7.256640996968496],[-63.181508142007949,-7.26570490533056],[-63.19058521912649,-7.265701183071703],[-63.19058140296967,-7.256637279401213]]]}},
{"type":"Feature","properties":{"DESCRIPTION":"MDT_1450163.tif","FILENAME":"U:\\P589_AmazoniaRevelada_BR-319\\LiDAR_dataset\\ENTREGAS\\ENTREGA_03\\2_MDT\\GEOTIFF\\MDT_1450163.tif","SHRT_FNAME":"MDT_1450163.tif","UPPER_LEFT_X":"479961.856","UPPER_LEFT_Y":"9197876.197","LOWER_RIGHT_X":"480963.856","LOWER_RIGHT_Y":"9196874.197"},"geometry":{"type":"Polygon","coordinates":[[[-63.181521762763417,-7.256640990073478],[-63.1724448627469,-7.256644526610545],[-63.17244831574655,-7.265708439427025],[-63.18152539751464,-7.265704898426841],[-63.181521762763417,-7.256640990073478]]]}},
{"type":"Feature","properties":{"DESCRIPTION":"MDT_1450164.tif","FILENAME":"U:\\P589_AmazoniaRevelada_BR-319\\LiDAR_dataset\\ENTREGAS\\ENTREGA_03\\2_MDT\\GEOTIFF\\MDT_1450164.tif","SHRT_FNAME":"MDT_1450164.tif","UPPER_LEFT_X":"480961.951","UPPER_LEFT_Y":"9197876.197","LOWER_RIGHT_X":"481963.951","LOWER_RIGHT_Y":"9196874.197"},"geometry":{"type":"Polygon","coordinates":[[[-63.172462117916702,-7.256644520059663],[-63.163385213483132,-7.256647875566073],[-63.163388485076297,-7.265711792608939],[-63.17246557126186,-7.265708432867876],[-63.172462117916702,-7.256644520059663]]]}},
{"type":"Feature","properties":{"DESCRIPTION":"MDT_1450165.tif","FILENAME":"U:\\P589_AmazoniaRevelada_BR-319\\LiDAR_dataset\\ENTREGAS\\ENTREGA_03\\2_MDT\\GEOTIFF\\MDT_1450165.tif","SHRT_FNAME":"MDT_1450165.tif","UPPER_LEFT_X":"481962.046","UPPER_LEFT_Y":"9197876.197","LOWER_RIGHT_X":"482964.046","LOWER_RIGHT_Y":"9196874.197"},"geometry":{"type":"Polygon","coordinates":[[[-63.163402468661097,-7.256647869359331],[-63.15432556004253,-7.256651043834665],[-63.154328650228784,-7.265714964875894],[-63.163405740599771,-7.265711786394368],[-63.163402468661097,-7.256647869359331]]]}},
{"type":"Feature","properties":{"DESCRIPTION":"MDT_1450166.tif","FILENAME":"U:\\P589_AmazoniaRevelada_BR-319\\LiDAR_dataset\\ENTREGAS\\ENTREGA_03\\2_MDT\\GEOTIFF\\MDT_1450166.tif","SHRT_FNAME":"MDT_1450166.tif","UPPER_LEFT_X":"482962.142","UPPER_LEFT_Y":"9197876.197","LOWER_RIGHT_X":"483964.142","LOWER_RIGHT_Y":"9196874.197"},"geometry":{"type":"Polygon","coordinates":[[[-63.154342815228233,-7.256651037972067],[-63.145265902656696,-7.256654031415933],[-63.145268811435663,-7.265717956227494],[-63.15434590576001,-7.265714959005895],[-63.154342815228233,-7.256651037972067]]]}},
{"type":"Feature","properties":{"DESCRIPTION":"MDT_1450167.tif","FILENAME":"U:\\P589_AmazoniaRevelada_BR-319\\LiDAR_dataset\\ENTREGAS\\ENTREGA_03\\2_MDT\\GEOTIFF\\MDT_1450167.tif","SHRT_FNAME":"MDT_1450167.tif","UPPER_LEFT_X":"483962.237","UPPER_LEFT_Y":"9197876.197","LOWER_RIGHT_X":"484964.237","LOWER_RIGHT_Y":"9196874.197"},"geometry":{"type":"Polygon","coordinates":[[[-63.145283157849697,-7.256654025897472],[-63.136206241557225,-7.256656838309498],[-63.136208968928536,-7.265720766663361],[-63.145286066974172,-7.265717950702069],[-63.145283157849697,-7.256654025897472]]]}},
{"type":"Feature","properties":{"DESCRIPTION":"MDT_1450168.tif","FILENAME":"U:\\P589_AmazoniaRevelada_BR-319\\LiDAR_dataset\\ENTREGAS\\ENTREGA_03\\2_MDT\\GEOTIFF\\MDT_1450168.tif","SHRT_FNAME":"MDT_1450168.tif","UPPER_LEFT_X":"484962.332","UPPER_LEFT_Y":"9197876.197","LOWER_RIGHT_X":"485964.332","LOWER_RIGHT_Y":"9196874.197"},"geometry":{"type":"Polygon","coordinates":[[[-63.136223496757076,-7.256656833135179],[-63.127146576975726,-7.256659464515013],[-63.127149122939052,-7.265723396183153],[-63.136226224473909,-7.265720761482514],[-63.136223496757076,-7.256656833135179]]]}},
{"type":"Feature","properties":{"DESCRIPTION":"MDT_1450169.tif","FILENAME":"U:\\P589_AmazoniaRevelada_BR-319\\LiDAR_dataset\\ENTREGAS\\ENTREGA_03\\2_MDT\\GEOTIFF\\MDT_1450169.tif","SHRT_FNAME":"MDT_1450169.tif","UPPER_LEFT_X":"485962.427","UPPER_LEFT_Y":"9197876.197","LOWER_RIGHT_X":"486964.427","LOWER_RIGHT_Y":"9196874.197"},"geometry":{"type":"Polygon","coordinates":[[[-63.127163832181999,-7.256659459684837],[-63.118086909143813,-7.256661910032155],[-63.118089273698821,-7.265725844786541],[-63.127166378490834,-7.265723391346881],[-63.127163832181999,-7.256659459684837]]]}},
{"type":"Feature","properties":{"DESCRIPTION":"MDT_1450170.tif","FILENAME":"U:\\P589_AmazoniaRevelada_BR-319\\LiDAR_dataset\\ENTREGAS\\ENTREGA_03\\2_MDT\\GEOTIFF\\MDT_1450170.tif","SHRT_FNAME":"MDT_1450170.tif","UPPER_LEFT_X":"486962.522","UPPER_LEFT_Y":"9197876.197","LOWER_RIGHT_X":"487964.522","LOWER_RIGHT_Y":"9196874.197"},"geometry":{"type":"Polygon","coordinates":[[[-63.118104164356055,-7.256661905546119],[-63.109027238293073,-7.256664174860611],[-63.109029421439473,-7.265728112473216],[-63.118106529256572,-7.265725840294844],[-63.118104164356055,-7.256661905546119]]]}},
{"type":"Feature","properties":{"DESCRIPTION":"MDT_1450171.tif","FILENAME":"U:\\P589_AmazoniaRevelada_BR-319\\LiDAR_dataset\\ENTREGAS\\ENTREGA_03\\2_MDT\\GEOTIFF\\MDT_1450171.tif","SHRT_FNAME":"MDT_1450171.tif","UPPER_LEFT_X":"487962.618","UPPER_LEFT_Y":"9197876.197","LOWER_RIGHT_X":"488964.618","LOWER_RIGHT_Y":"9196874.197"},"geometry":{"type":"Polygon","coordinates":[[[-63.109044493510851,-7.256664170718722],[-63.099967564655124,-7.256666259000109],[-63.09996956639263,-7.265730199242901],[-63.109046677002752,-7.2657281083261],[-63.109044493510851,-7.256664170718722]]]}},
{"type":"Feature","properties":{"DESCRIPTION":"MDT_1450172.tif","FILENAME":"U:\\P589_AmazoniaRevelada_BR-319\\LiDAR_dataset\\ENTREGAS\\ENTREGA_03\\2_MDT\\GEOTIFF\\MDT_1450172.tif","SHRT_FNAME":"MDT_1450172.tif","UPPER_LEFT_X":"488962.713","UPPER_LEFT_Y":"9197876.197","LOWER_RIGHT_X":"489964.713","LOWER_RIGHT_Y":"9196874.197"},"geometry":{"type":"Polygon","coordinates":[[[-63.099984819877989,-7.256666255202365],[-63.090907888461558,-7.256668162450387],[-63.09090970878993,-7.265732105095335],[-63.099986821961004,-7.265730195440362],[-63.099984819877989,-7.256666255202365]]]}},
{"type":"Feature","properties":{"DESCRIPTION":"MDT_1450173.tif","FILENAME":"U:\\P589_AmazoniaRevelada_BR-319\\LiDAR_dataset\\ENTREGAS\\ENTREGA_03\\2_MDT\\GEOTIFF\\MDT_1450173.tif","SHRT_FNAME":"MDT_1450173.tif","UPPER_LEFT_X":"489962.808","UPPER_LEFT_Y":"9197876.197","LOWER_RIGHT_X":"490964.808","LOWER_RIGHT_Y":"9196874.197"},"geometry":{"type":"Polygon","coordinates":[[[-63.090925143689063,-7.256668158996787],[-63.081848209943985,-7.256669885211206],[-63.081849848862987,-7.265733830030283],[-63.09092696436295,-7.265732101637376],[-63.090925143689063,-7.256668158996787]]]}},
{"type":"Feature","properties":{"DESCRIPTION":"MDT_1450174.tif","FILENAME":"U:\\P589_AmazoniaRevelada_BR-319\\LiDAR_dataset\\ENTREGAS\\ENTREGA_03\\2_MDT\\GEOTIFF\\MDT_1450174.tif","SHRT_FNAME":"MDT_1450174.tif","UPPER_LEFT_X":"490962.903","UPPER_LEFT_Y":"9197876.197","LOWER_RIGHT_X":"491964.903","LOWER_RIGHT_Y":"9196874.197"},"geometry":{"type":"Polygon","coordinates":[[[-63.081865465175689,-7.256669882101748],[-63.072788529334005,-7.256671427282352],[-63.072789986843439,-7.265735374047526],[-63.081867104440214,-7.2657338269169],[-63.081865465175689,-7.256669882101748]]]}},
{"type":"Feature","properties":{"DESCRIPTION":"MDT_1450175.tif","FILENAME":"U:\\P589_AmazoniaRevelada_BR-319\\LiDAR_dataset\\ENTREGAS\\ENTREGA_03\\2_MDT\\GEOTIFF\\MDT_1450175.tif","SHRT_FNAME":"MDT_1450175.tif","UPPER_LEFT_X":"491962.998","UPPER_LEFT_Y":"9197876.197","LOWER_RIGHT_X":"492964.998","LOWER_RIGHT_Y":"9196874.197"},"geometry":{"type":"Polygon","coordinates":[[[-63.072805784569489,-7.256671424517043],[-63.063728846863235,-7.256672788663638],[-63.063730122962916,-7.265736737146874],[-63.072807242424439,-7.265735371278724],[-63.072805784569489,-7.256671424517043]]]}},
{"type":"Feature","properties":{"DESCRIPTION":"MDT_1450176.tif","FILENAME":"U:\\P589_AmazoniaRevelada_BR-319\\LiDAR_dataset\\ENTREGAS\\ENTREGA_03\\2_MDT\\GEOTIFF\\MDT_1450176.tif","SHRT_FNAME":"MDT_1450176.tif","UPPER_LEFT_X":"492963.094","UPPER_LEFT_Y":"9197876.197","LOWER_RIGHT_X":"493965.094","LOWER_RIGHT_Y":"9196874.197"},"geometry":{"type":"Polygon","coordinates":[[[-63.063746102102037,-7.256672786242472],[-63.054669162763268,-7.256673969354889],[-63.054670257453026,-7.265737919328161],[-63.063747378547227,-7.265736734722654],[-63.063746102102037,-7.256672786242472]]]}},
{"type":"Feature","properties":{"DESCRIPTION":"MDT_1450177.tif","FILENAME":"U:\\P589_AmazoniaRevelada_BR-319\\LiDAR_dataset\\ENTREGAS\\ENTREGA_03\\2_MDT\\GEOTIFF\\MDT_1450177.tif","SHRT_FNAME":"MDT_1450177.tif","UPPER_LEFT_X":"493963.189","UPPER_LEFT_Y":"9197876.197","LOWER_RIGHT_X":"494965.189","LOWER_RIGHT_Y":"9196874.197"},"geometry":{"type":"Polygon","coordinates":[[[-63.054686418004948,-7.256673967277867],[-63.045609477265714,-7.256674969355958],[-63.045610390545413,-7.265738920591233],[-63.054687513040228,-7.265737917248519],[-63.054686418004948,-7.256673967277867]]]}},
{"type":"Feature","properties":{"DESCRIPTION":"MDT_1450178.tif","FILENAME":"U:\\P589_AmazoniaRevelada_BR-319\\LiDAR_dataset\\ENTREGAS\\ENTREGA_03\\2_MDT\\GEOTIFF\\MDT_1450178.tif","SHRT_FNAME":"MDT_1450178.tif","UPPER_LEFT_X":"494963.284","UPPER_LEFT_Y":"9197876.197","LOWER_RIGHT_X":"495965.284","LOWER_RIGHT_Y":"9196874.197"},"geometry":{"type":"Polygon","coordinates":[[[-63.045626732509838,-7.256674967623084],[-63.036549790602187,-7.256675788666726],[-63.036550522471721,-7.265739740935973],[-63.04562764613506,-7.265738918856174],[-63.045626732509838,-7.256674967623084]]]}},
{"type":"Feature","properties":{"DESCRIPTION":"MDT_1450179.tif","FILENAME":"U:\\P589_AmazoniaRevelada_BR-319\\LiDAR_dataset\\ENTREGAS\\ENTREGA_03\\2_MDT\\GEOTIFF\\MDT_1450179.tif","SHRT_FNAME":"MDT_1450179.tif","UPPER_LEFT_X":"495963.379","UPPER_LEFT_Y":"9197876.197","LOWER_RIGHT_X":"496965.379","LOWER_RIGHT_Y":"9196874.197"},"geometry":{"type":"Polygon","coordinates":[[[-63.036567045848301,-7.256675787277998],[-63.027490103004268,-7.256676427287087],[-63.027490653463545,-7.265740380362275],[-63.036567778063365,-7.265739739545495],[-63.036567045848301,-7.256675787277998]]]}},
{"type":"Feature","properties":{"DESCRIPTION":"MDT_1450180.tif","FILENAME":"U:\\P589_AmazoniaRevelada_BR-319\\LiDAR_dataset\\ENTREGAS\\ENTREGA_03\\2_MDT\\GEOTIFF\\MDT_1450180.tif","SHRT_FNAME":"MDT_1450180.tif","UPPER_LEFT_X":"496963.474","UPPER_LEFT_Y":"9197876.197","LOWER_RIGHT_X":"497965.474","LOWER_RIGHT_Y":"9196874.197"},"geometry":{"type":"Polygon","coordinates":[[[-63.027507358251952,-7.256676426242505],[-63.018430414703595,-7.256676885216967],[-63.018430783752535,-7.265740838870062],[-63.027507909056752,-7.265740379316375],[-63.027507358251952,-7.256676426242505]]]}},
{"type":"Feature","properties":{"DESCRIPTION":"MDT_1450181.tif","FILENAME":"U:\\P589_AmazoniaRevelada_BR-319\\LiDAR_dataset\\ENTREGAS\\ENTREGA_03\\2_MDT\\GEOTIFF\\MDT_1450181.tif","SHRT_FNAME":"MDT_1450181.tif","UPPER_LEFT_X":"497963.570","UPPER_LEFT_Y":"9197876.197","LOWER_RIGHT_X":"498965.570","LOWER_RIGHT_Y":"9196874.197"},"geometry":{"type":"Polygon","coordinates":[[[-63.018447669952387,-7.256676884516527],[-63.009370725931745,-7.256677162456299],[-63.009370913570315,-7.265741116459272],[-63.01844803934685,-7.265740838168739],[-63.018447669952387,-7.256676884516527]]]}},
{"type":"Feature","properties":{"DESCRIPTION":"MDT_1450182.tif","FILENAME":"U:\\P589_AmazoniaRevelada_BR-319\\LiDAR_dataset\\ENTREGAS\\ENTREGA_03\\2_MDT\\GEOTIFF\\MDT_1450182.tif","SHRT_FNAME":"MDT_1450182.tif","UPPER_LEFT_X":"498963.665","UPPER_LEFT_Y":"9197876.197","LOWER_RIGHT_X":"499965.665","LOWER_RIGHT_Y":"9196874.197"},"geometry":{"type":"Polygon","coordinates":[[[-63.009387981181227,-7.25667716210001],[-63.000311036920344,-7.256677259005053],[-63.000311043148521,-7.265741213129871],[-63.009388169165319,-7.265741116102531],[-63.009387981181227,-7.25667716210001]]]}},
{"type":"Feature","properties":{"DESCRIPTION":"MDT_1450183.tif","FILENAME":"U:\\P589_AmazoniaRevelada_BR-319\\LiDAR_dataset\\ENTREGAS\\ENTREGA_03\\2_MDT\\GEOTIFF\\MDT_1450183.tif","SHRT_FNAME":"MDT_1450183.tif","UPPER_LEFT_X":"499963.760","UPPER_LEFT_Y":"9197876.197","LOWER_RIGHT_X":"500965.760","LOWER_RIGHT_Y":"9196874.197"},"geometry":{"type":"Polygon","coordinates":[[[-63.000328292170053,-7.256677258992912],[-62.991251347900992,-7.256677174863224],[-62.991251172718762,-7.265741128881854],[-63.000328298743753,-7.265741213117714],[-63.000328292170053,-7.256677258992912]]]}},
{"type":"Feature","properties":{"DESCRIPTION":"MDT_1450184.tif","FILENAME":"U:\\P589_AmazoniaRevelada_BR-319\\LiDAR_dataset\\ENTREGAS\\ENTREGA_03\\2_MDT\\GEOTIFF\\MDT_1450184.tif","SHRT_FNAME":"MDT_1450184.tif","UPPER_LEFT_X":"500963.855","UPPER_LEFT_Y":"9197876.197","LOWER_RIGHT_X":"501965.855","LOWER_RIGHT_Y":"9196874.197"},"geometry":{"type":"Polygon","coordinates":[[[-62.991268603150495,-7.256677175195228],[-62.98219165910529,-7.256676910030813],[-62.982191302512682,-7.265740863715225],[-62.991268428313788,-7.265741129214276],[-62.991268603150495,-7.256677175195228]]]}},
{"type":"Feature","properties":{"DESCRIPTION":"MDT_1450185.tif","FILENAME":"U:\\P589_AmazoniaRevelada_BR-319\\LiDAR_dataset\\ENTREGAS\\ENTREGA_03\\2_MDT\\GEOTIFF\\MDT_1450185.tif","SHRT_FNAME":"MDT_1450185.tif","UPPER_LEFT_X":"501963.950","UPPER_LEFT_Y":"9197876.197","LOWER_RIGHT_X":"502965.950","LOWER_RIGHT_Y":"9196874.197"},"geometry":{"type":"Polygon","coordinates":[[[-62.982208914354146,-7.256676910706962],[-62.973131970764847,-7.256676464507859],[-62.97313143276191,-7.265740417630019],[-62.982208558107075,-7.265740864392228],[-62.982208914354146,-7.256676910706962]]]}},
{"type":"Feature","properties":{"DESCRIPTION":"MDT_1450186.tif","FILENAME":"U:\\P589_AmazoniaRevelada_BR-319\\LiDAR_dataset\\ENTREGAS\\ENTREGA_03\\2_MDT\\GEOTIFF\\MDT_1450186.tif","SHRT_FNAME":"MDT_1450186.tif","UPPER_LEFT_X":"502964.046","UPPER_LEFT_Y":"9197876.197","LOWER_RIGHT_X":"503966.046","LOWER_RIGHT_Y":"9196874.197"},"geometry":{"type":"Polygon","coordinates":[[[-62.97314922601263,-7.256676465528155],[-62.964072283111271,-7.256675838294413],[-62.96407156369807,-7.265739790626291],[-62.973148688355202,-7.265740418651603],[-62.97314922601263,-7.256676465528155]]]}},
{"type":"Feature","properties":{"DESCRIPTION":"MDT_1450187.tif","FILENAME":"U:\\P589_AmazoniaRevelada_BR-319\\LiDAR_dataset\\ENTREGAS\\ENTREGA_03\\2_MDT\\GEOTIFF\\MDT_1450187.tif","SHRT_FNAME":"MDT_1450187.tif","UPPER_LEFT_X":"503964.141","UPPER_LEFT_Y":"9197876.197","LOWER_RIGHT_X":"504966.141","LOWER_RIGHT_Y":"9196874.197"},"geometry":{"type":"Polygon","coordinates":[[[-62.964089538357527,-7.256675839658857],[-62.955012596376179,-7.256675031390555],[-62.955011695552798,-7.265738982704121],[-62.964088819289842,-7.265739791992455],[-62.964089538357527,-7.256675839658857]]]}},
{"type":"Feature","properties":{"DESCRIPTION":"MDT_1450188.tif","FILENAME":"U:\\P589_AmazoniaRevelada_BR-319\\LiDAR_dataset\\ENTREGAS\\ENTREGA_03\\2_MDT\\GEOTIFF\\MDT_1450188.tif","SHRT_FNAME":"MDT_1450188.tif","UPPER_LEFT_X":"504964.236","UPPER_LEFT_Y":"9197876.197","LOWER_RIGHT_X":"505966.236","LOWER_RIGHT_Y":"9196874.197"},"geometry":{"type":"Polygon","coordinates":[[[-62.955029851620452,-7.256675033099145],[-62.945952910791156,-7.256674043796388],[-62.945951828557725,-7.265737993863606],[-62.955028951142602,-7.265738984414866],[-62.955029851620452,-7.256675033099145]]]}},
{"type":"Feature","properties":{"DESCRIPTION":"MDT_1450189.tif","FILENAME":"U:\\P589_AmazoniaRevelada_BR-319\\LiDAR_dataset\\ENTREGAS\\ENTREGA_03\\2_MDT\\GEOTIFF\\MDT_1450189.tif","SHRT_FNAME":"MDT_1450189.tif","UPPER_LEFT_X":"505964.331","UPPER_LEFT_Y":"9197876.197","LOWER_RIGHT_X":"506966.331","LOWER_RIGHT_Y":"9196874.197"},"geometry":{"type":"Polygon","coordinates":[[[-62.945970166033028,-7.256674045849123],[-62.936893226587827,-7.256672875512031],[-62.936891962944458,-7.265736824104869],[-62.945969084145105,-7.26573799591893],[-62.945970166033028,-7.256674045849123]]]}},
{"type":"Feature","properties":{"DESCRIPTION":"MDT_1450190.tif","FILENAME":"U:\\P589_AmazoniaRevelada_BR-319\\LiDAR_dataset\\ENTREGAS\\ENTREGA_03\\2_MDT\\GEOTIFF\\MDT_1450190.tif","SHRT_FNAME":"MDT_1450190.tif","UPPER_LEFT_X":"506964.426","UPPER_LEFT_Y":"9197876.197","LOWER_RIGHT_X":"507966.426","LOWER_RIGHT_Y":"9196874.197"},"geometry":{"type":"Polygon","coordinates":[[[-62.936910481826835,-7.256672877908911],[-62.927833543997771,-7.256671526537628],[-62.927832098944648,-7.26573547342806],[-62.936909218528989,-7.265736826504777],[-62.936910481826835,-7.256672877908911]]]}},
{"type":"Feature","properties":{"DESCRIPTION":"MDT_1450191.tif","FILENAME":"U:\\P589_AmazoniaRevelada_BR-319\\LiDAR_dataset\\ENTREGAS\\ENTREGA_03\\2_MDT\\GEOTIFF\\MDT_1450191.tif","SHRT_FNAME":"MDT_1450191.tif","UPPER_LEFT_X":"507964.522","UPPER_LEFT_Y":"9197876.197","LOWER_RIGHT_X":"508966.522","LOWER_RIGHT_Y":"9196874.197"},"geometry":{"type":"Polygon","coordinates":[[[-62.927850799233497,-7.256671529278654],[-62.918773863252618,-7.256669996873351],[-62.918772236789913,-7.265733941833343],[-62.927849354525883,-7.265735476172548],[-62.927850799233497,-7.256671529278654]]]}},
{"type":"Feature","properties":{"DESCRIPTION":"MDT_1450192.tif","FILENAME":"U:\\P589_AmazoniaRevelada_BR-319\\LiDAR_dataset\\ENTREGAS\\ENTREGA_03\\2_MDT\\GEOTIFF\\MDT_1450192.tif","SHRT_FNAME":"MDT_1450192.tif","UPPER_LEFT_X":"508964.617","UPPER_LEFT_Y":"9197876.197","LOWER_RIGHT_X":"509966.617","LOWER_RIGHT_Y":"9196874.197"},"geometry":{"type":"Polygon","coordinates":[[[-62.918791118484613,-7.256669999958523],[-62.909714184583969,-7.256668286519388],[-62.90971237671188,-7.265732229320912],[-62.918789492367409,-7.265733944922411],[-62.918791118484613,-7.256669999958523]]]}},
{"type":"Feature","properties":{"DESCRIPTION":"MDT_1450193.tif","FILENAME":"U:\\P589_AmazoniaRevelada_BR-319\\LiDAR_dataset\\ENTREGAS\\ENTREGA_03\\2_MDT\\GEOTIFF\\MDT_1450193.tif","SHRT_FNAME":"MDT_1450193.tif","UPPER_LEFT_X":"509964.712","UPPER_LEFT_Y":"9197876.197","LOWER_RIGHT_X":"510966.712","LOWER_RIGHT_Y":"9196874.197"},"geometry":{"type":"Polygon","coordinates":[[[-62.909731439811779,-7.256668289948704],[-62.900654508223425,-7.256666395475952],[-62.900652518942181,-7.265730335890975],[-62.909729632285199,-7.265732232754556],[-62.909731439811779,-7.256668289948704]]]}},
{"type":"Feature","properties":{"DESCRIPTION":"MDT_1451147.tif","FILENAME":"U:\\P589_AmazoniaRevelada_BR-319\\LiDAR_dataset\\ENTREGAS\\ENTREGA_03\\2_MDT\\GEOTIFF\\MDT_1451147.tif","SHRT_FNAME":"MDT_1451147.tif","UPPER_LEFT_X":"463960.333","UPPER_LEFT_Y":"9196876.322","LOWER_RIGHT_X":"464962.333","LOWER_RIGHT_Y":"9195874.322"},"geometry":{"type":"Polygon","coordinates":[[[-63.326481815019221,-7.265604522801312],[-63.317404835876815,-7.265610963854952],[-63.317411199434247,-7.274674774427259],[-63.326488360550606,-7.274668325254915],[-63.326481815019221,-7.265604522801312]]]}},
{"type":"Feature","properties":{"DESCRIPTION":"MDT_1451148.tif","FILENAME":"U:\\P589_AmazoniaRevelada_BR-319\\LiDAR_dataset\\ENTREGAS\\ENTREGA_03\\2_MDT\\GEOTIFF\\MDT_1451148.tif","SHRT_FNAME":"MDT_1451148.tif","UPPER_LEFT_X":"464960.428","UPPER_LEFT_Y":"9196876.322","LOWER_RIGHT_X":"465962.428","LOWER_RIGHT_Y":"9195874.322"},"geometry":{"type":"Polygon","coordinates":[[[-63.317422091200562,-7.265610951782803],[-63.308345103927728,-7.26561721158756],[-63.308351285856332,-7.274681030034896],[-63.317428455103929,-7.274674762339892],[-63.317422091200562,-7.265610951782803]]]}},
{"type":"Feature","properties":{"DESCRIPTION":"MDT_1451149.tif","FILENAME":"U:\\P589_AmazoniaRevelada_BR-319\\LiDAR_dataset\\ENTREGAS\\ENTREGA_03\\2_MDT\\GEOTIFF\\MDT_1451149.tif","SHRT_FNAME":"MDT_1451149.tif","UPPER_LEFT_X":"465960.523","UPPER_LEFT_Y":"9196876.322","LOWER_RIGHT_X":"466962.523","LOWER_RIGHT_Y":"9195874.322"},"geometry":{"type":"Polygon","coordinates":[[[-63.30836235926671,-7.26561719985996],[-63.299285364095503,-7.265623278415057],[-63.29929136439452,-7.274687104509399],[-63.308368541541256,-7.274681018292519],[-63.30836235926671,-7.26561719985996]]]}},
{"type":"Feature","properties":{"DESCRIPTION":"MDT_1451150.tif","FILENAME":"U:\\P589_AmazoniaRevelada_BR-319\\LiDAR_dataset\\ENTREGAS\\ENTREGA_03\\2_MDT\\GEOTIFF\\MDT_1451150.tif","SHRT_FNAME":"MDT_1451150.tif","UPPER_LEFT_X":"466960.618","UPPER_LEFT_Y":"9196876.322","LOWER_RIGHT_X":"467962.618","LOWER_RIGHT_Y":"9195874.322"},"geometry":{"type":"Polygon","coordinates":[[[-63.299302619449278,-7.265623267032016],[-63.29022561661175,-7.265629164336693],[-63.290231435280425,-7.274692997850019],[-63.29930862009423,-7.274687093112011],[-63.299302619449278,-7.265623267032016]]]}},
{"type":"Feature","properties":{"DESCRIPTION":"MDT_1451151.tif","FILENAME":"U:\\P589_AmazoniaRevelada_BR-319\\LiDAR_dataset\\ENTREGAS\\ENTREGA_03\\2_MDT\\GEOTIFF\\MDT_1451151.tif","SHRT_FNAME":"MDT_1451151.tif","UPPER_LEFT_X":"467960.714","UPPER_LEFT_Y":"9196876.322","LOWER_RIGHT_X":"468962.714","LOWER_RIGHT_Y":"9195874.322"},"geometry":{"type":"Polygon","coordinates":[[[-63.290242871979892,-7.265629153298209],[-63.281165861708097,-7.265634869351736],[-63.281171498745685,-7.274698710056017],[-63.290248690994495,-7.274692986797621],[-63.290242871979892,-7.265629153298209]]]}},
{"type":"Feature","properties":{"DESCRIPTION":"MDT_1451152.tif","FILENAME":"U:\\P589_AmazoniaRevelada_BR-319\\LiDAR_dataset\\ENTREGAS\\ENTREGA_03\\2_MDT\\GEOTIFF\\MDT_1451152.tif","SHRT_FNAME":"MDT_1451152.tif","UPPER_LEFT_X":"468960.809","UPPER_LEFT_Y":"9196876.322","LOWER_RIGHT_X":"469962.809","LOWER_RIGHT_Y":"9195874.322"},"geometry":{"type":"Polygon","coordinates":[[[-63.281183117090137,-7.265634858657811],[-63.272106099616146,-7.265640393459475],[-63.272111555021944,-7.274704241126686],[-63.281188754473661,-7.274698699348613],[-63.281183117090137,-7.265634858657811]]]}},
{"type":"Feature","properties":{"DESCRIPTION":"MDT_1451153.tif","FILENAME":"U:\\P589_AmazoniaRevelada_BR-319\\LiDAR_dataset\\ENTREGAS\\ENTREGA_03\\2_MDT\\GEOTIFF\\MDT_1451153.tif","SHRT_FNAME":"MDT_1451153.tif","UPPER_LEFT_X":"469960.904","UPPER_LEFT_Y":"9196876.322","LOWER_RIGHT_X":"470962.904","LOWER_RIGHT_Y":"9195874.322"},"geometry":{"type":"Polygon","coordinates":[[[-63.272123355011651,-7.265640383110109],[-63.263046330567505,-7.265645736659223],[-63.263051604340831,-7.274709591061336],[-63.272128810763398,-7.274704230764276],[-63.272123355011651,-7.265640383110109]]]}},
{"type":"Feature","properties":{"DESCRIPTION":"MDT_1451154.tif","FILENAME":"U:\\P589_AmazoniaRevelada_BR-319\\LiDAR_dataset\\ENTREGAS\\ENTREGA_03\\2_MDT\\GEOTIFF\\MDT_1451154.tif","SHRT_FNAME":"MDT_1451154.tif","UPPER_LEFT_X":"470960.999","UPPER_LEFT_Y":"9196876.322","LOWER_RIGHT_X":"471962.999","LOWER_RIGHT_Y":"9195874.322"},"geometry":{"type":"Polygon","coordinates":[[[-63.263063585976042,-7.265645726654418],[-63.253986554793805,-7.265650898950317],[-63.253991646933997,-7.274714759859305],[-63.263068860095316,-7.274709581043921],[-63.263063585976042,-7.265645726654418]]]}},
{"type":"Feature","properties":{"DESCRIPTION":"MDT_1451155.tif","FILENAME":"U:\\P589_AmazoniaRevelada_BR-319\\LiDAR_dataset\\ENTREGAS\\ENTREGA_03\\2_MDT\\GEOTIFF\\MDT_1451155.tif","SHRT_FNAME":"MDT_1451155.tif","UPPER_LEFT_X":"471961.094","UPPER_LEFT_Y":"9196876.322","LOWER_RIGHT_X":"472963.094","LOWER_RIGHT_Y":"9195874.322"},"geometry":{"type":"Polygon","coordinates":[[[-63.254003810214932,-7.265650889290078],[-63.24492677252664,-7.265655880332115],[-63.244931683033066,-7.274719747519946],[-63.254008902701067,-7.274714750186888],[-63.254003810214932,-7.265650889290078]]]}},
{"type":"Feature","properties":{"DESCRIPTION":"MDT_1451156.tif","FILENAME":"U:\\P589_AmazoniaRevelada_BR-319\\LiDAR_dataset\\ENTREGAS\\ENTREGA_03\\2_MDT\\GEOTIFF\\MDT_1451156.tif","SHRT_FNAME":"MDT_1451156.tif","UPPER_LEFT_X":"472961.190","UPPER_LEFT_Y":"9196876.322","LOWER_RIGHT_X":"473963.190","LOWER_RIGHT_Y":"9195874.322"},"geometry":{"type":"Polygon","coordinates":[[[-63.244944027959932,-7.265655871016436],[-63.235866983997667,-7.265660680803997],[-63.235871712869688,-7.274724554042644],[-63.244948938812286,-7.274719738192524],[-63.244944027959932,-7.265655871016436]]]}},
{"type":"Feature","properties":{"DESCRIPTION":"MDT_1451157.tif","FILENAME":"U:\\P589_AmazoniaRevelada_BR-319\\LiDAR_dataset\\ENTREGAS\\ENTREGA_03\\2_MDT\\GEOTIFF\\MDT_1451157.tif","SHRT_FNAME":"MDT_1451157.tif","UPPER_LEFT_X":"473961.285","UPPER_LEFT_Y":"9196876.322","LOWER_RIGHT_X":"474963.285","LOWER_RIGHT_Y":"9195874.322"},"geometry":{"type":"Polygon","coordinates":[[[-63.235884239442647,-7.265660671832883],[-63.22680718943846,-7.265665300365363],[-63.226811736675508,-7.274729179426797],[-63.235888968660625,-7.274724545060221],[-63.235884239442647,-7.265660671832883]]]}},
{"type":"Feature","properties":{"DESCRIPTION":"MDT_1451158.tif","FILENAME":"U:\\P589_AmazoniaRevelada_BR-319\\LiDAR_dataset\\ENTREGAS\\ENTREGA_03\\2_MDT\\GEOTIFF\\MDT_1451158.tif","SHRT_FNAME":"MDT_1451158.tif","UPPER_LEFT_X":"474961.380","UPPER_LEFT_Y":"9196876.322","LOWER_RIGHT_X":"475963.380","LOWER_RIGHT_Y":"9195874.322"},"geometry":{"type":"Polygon","coordinates":[[[-63.226824444894717,-7.265665291738818],[-63.217747389080657,-7.265669739015646],[-63.217751754682155,-7.274733623671829],[-63.226828992477699,-7.274729170789375],[-63.226824444894717,-7.265665291738818]]]}},
{"type":"Feature","properties":{"DESCRIPTION":"MDT_1451159.tif","FILENAME":"U:\\P589_AmazoniaRevelada_BR-319\\LiDAR_dataset\\ENTREGAS\\ENTREGA_03\\2_MDT\\GEOTIFF\\MDT_1451159.tif","SHRT_FNAME":"MDT_1451159.tif","UPPER_LEFT_X":"475961.475","UPPER_LEFT_Y":"9196876.322","LOWER_RIGHT_X":"476963.475","LOWER_RIGHT_Y":"9195874.322"},"geometry":{"type":"Polygon","coordinates":[[[-63.217764644547742,-7.265669730733666],[-63.208687583155893,-7.265673996754288],[-63.20869176712128,-7.274737886777189],[-63.217769010495175,-7.274733615379409],[-63.217764644547742,-7.265669730733666]]]}},
{"type":"Feature","properties":{"DESCRIPTION":"MDT_1451160.tif","FILENAME":"U:\\P589_AmazoniaRevelada_BR-319\\LiDAR_dataset\\ENTREGAS\\ENTREGA_03\\2_MDT\\GEOTIFF\\MDT_1451160.tif","SHRT_FNAME":"MDT_1451160.tif","UPPER_LEFT_X":"476961.570","UPPER_LEFT_Y":"9196876.322","LOWER_RIGHT_X":"477963.570","LOWER_RIGHT_Y":"9195874.322"},"geometry":{"type":"Polygon","coordinates":[[[-63.208704838633345,-7.265673988816877],[-63.199627771895763,-7.265678073580763],[-63.199631774224514,-7.27474196874235],[-63.208709022944682,-7.274737878829773],[-63.208704838633345,-7.265673988816877]]]}},
{"type":"Feature","properties":{"DESCRIPTION":"MDT_1451161.tif","FILENAME":"U:\\P589_AmazoniaRevelada_BR-319\\LiDAR_dataset\\ENTREGAS\\ENTREGA_03\\2_MDT\\GEOTIFF\\MDT_1451161.tif","SHRT_FNAME":"MDT_1451161.tif","UPPER_LEFT_X":"477961.666","UPPER_LEFT_Y":"9196876.322","LOWER_RIGHT_X":"478963.666","LOWER_RIGHT_Y":"9195874.322"},"geometry":{"type":"Polygon","coordinates":[[[-63.199645027383163,-7.265678065987919],[-63.190567955531911,-7.26568196949456],[-63.190571776223521,-7.274745869566803],[-63.19964903005787,-7.274741961139937],[-63.199645027383163,-7.265678065987919]]]}},
{"type":"Feature","properties":{"DESCRIPTION":"MDT_1451162.tif","FILENAME":"U:\\P589_AmazoniaRevelada_BR-319\\LiDAR_dataset\\ENTREGAS\\ENTREGA_03\\2_MDT\\GEOTIFF\\MDT_1451162.tif","SHRT_FNAME":"MDT_1451162.tif","UPPER_LEFT_X":"478961.761","UPPER_LEFT_Y":"9196876.322","LOWER_RIGHT_X":"479963.761","LOWER_RIGHT_Y":"9195874.322"},"geometry":{"type":"Polygon","coordinates":[[[-63.190585211028797,-7.265681962246289],[-63.181508134295932,-7.265685684495199],[-63.181511773349946,-7.274749589250058],[-63.190589032066377,-7.274745862309394],[-63.190585211028797,-7.265681962246289]]]}},
{"type":"Feature","properties":{"DESCRIPTION":"MDT_1451163.tif","FILENAME":"U:\\P589_AmazoniaRevelada_BR-319\\LiDAR_dataset\\ENTREGAS\\ENTREGA_03\\2_MDT\\GEOTIFF\\MDT_1451163.tif","SHRT_FNAME":"MDT_1451163.tif","UPPER_LEFT_X":"479961.856","UPPER_LEFT_Y":"9196876.322","LOWER_RIGHT_X":"480963.856","LOWER_RIGHT_Y":"9195874.322"},"geometry":{"type":"Polygon","coordinates":[[[-63.181525389801884,-7.265685677591497],[-63.172448308419469,-7.265689218582213],[-63.172451765835419,-7.274753127791658],[-63.181529029201847,-7.274749582337655],[-63.181525389801884,-7.265685677591497]]]}},
{"type":"Feature","properties":{"DESCRIPTION":"MDT_1451164.tif","FILENAME":"U:\\P589_AmazoniaRevelada_BR-319\\LiDAR_dataset\\ENTREGAS\\ENTREGA_03\\2_MDT\\GEOTIFF\\MDT_1451164.tif","SHRT_FNAME":"MDT_1451164.tif","UPPER_LEFT_X":"480961.951","UPPER_LEFT_Y":"9196876.322","LOWER_RIGHT_X":"481963.951","LOWER_RIGHT_Y":"9195874.322"},"geometry":{"type":"Polygon","coordinates":[[[-63.172465563934054,-7.265689212023083],[-63.163388478134152,-7.265692571755169],[-63.163391753911583,-7.274756485191161],[-63.172469021695946,-7.274753121224263],[-63.172465563934054,-7.265689212023083]]]}},
{"type":"Feature","properties":{"DESCRIPTION":"MDT_1451165.tif","FILENAME":"U:\\P589_AmazoniaRevelada_BR-319\\LiDAR_dataset\\ENTREGAS\\ENTREGA_03\\2_MDT\\GEOTIFF\\MDT_1451165.tif","SHRT_FNAME":"MDT_1451165.tif","UPPER_LEFT_X":"481962.046","UPPER_LEFT_Y":"9196876.322","LOWER_RIGHT_X":"482964.046","LOWER_RIGHT_Y":"9195874.322"},"geometry":{"type":"Polygon","coordinates":[[[-63.163405733656901,-7.26569256554061],[-63.154328643671576,-7.265695744013644],[-63.154331737810089,-7.274759661448151],[-63.163409009780288,-7.274756478968771],[-63.163405733656901,-7.26569256554061]]]}},
{"type":"Feature","properties":{"DESCRIPTION":"MDT_1451166.tif","FILENAME":"U:\\P589_AmazoniaRevelada_BR-319\\LiDAR_dataset\\ENTREGAS\\ENTREGA_03\\2_MDT\\GEOTIFF\\MDT_1451166.tif","SHRT_FNAME":"MDT_1451166.tif","UPPER_LEFT_X":"482962.142","UPPER_LEFT_Y":"9196876.322","LOWER_RIGHT_X":"483964.142","LOWER_RIGHT_Y":"9195874.322"},"geometry":{"type":"Polygon","coordinates":[[[-63.154345899202063,-7.26569573814366],[-63.145268805263385,-7.265698735357243],[-63.145271717762597,-7.27476265656223],[-63.154348993686533,-7.274759655570768],[-63.154345899202063,-7.26569573814366]]]}},
{"type":"Feature","properties":{"DESCRIPTION":"MDT_1451167.tif","FILENAME":"U:\\P589_AmazoniaRevelada_BR-319\\LiDAR_dataset\\ENTREGAS\\ENTREGA_03\\2_MDT\\GEOTIFF\\MDT_1451167.tif","SHRT_FNAME":"MDT_1451167.tif","UPPER_LEFT_X":"483962.237","UPPER_LEFT_Y":"9196876.322","LOWER_RIGHT_X":"484964.237","LOWER_RIGHT_Y":"9195874.322"},"geometry":{"type":"Polygon","coordinates":[[[-63.145286060801162,-7.265698729831836],[-63.1362089631412,-7.265701545785602],[-63.136211694000757,-7.274765470533025],[-63.145288973646345,-7.274762651029856],[-63.145286060801162,-7.265698729831836]]]}},
{"type":"Feature","properties":{"DESCRIPTION":"MDT_1451168.tif","FILENAME":"U:\\P589_AmazoniaRevelada_BR-319\\LiDAR_dataset\\ENTREGAS\\ENTREGA_03\\2_MDT\\GEOTIFF\\MDT_1451168.tif","SHRT_FNAME":"MDT_1451168.tif","UPPER_LEFT_X":"484962.332","UPPER_LEFT_Y":"9196876.322","LOWER_RIGHT_X":"485964.332","LOWER_RIGHT_Y":"9195874.322"},"geometry":{"type":"Polygon","coordinates":[[[-63.136226218685835,-7.265701540604768],[-63.127149117536653,-7.265704175298363],[-63.127151666756191,-7.274768103360191],[-63.136228949891347,-7.274765465345663],[-63.136226218685835,-7.265701540604768]]]}},
{"type":"Feature","properties":{"DESCRIPTION":"MDT_1451169.tif","FILENAME":"U:\\P589_AmazoniaRevelada_BR-319\\LiDAR_dataset\\ENTREGAS\\ENTREGA_03\\2_MDT\\GEOTIFF\\MDT_1451169.tif","SHRT_FNAME":"MDT_1451169.tif","UPPER_LEFT_X":"485962.427","UPPER_LEFT_Y":"9196876.322","LOWER_RIGHT_X":"486964.427","LOWER_RIGHT_Y":"9195874.322"},"geometry":{"type":"Polygon","coordinates":[[[-63.127166373087697,-7.265704170462105],[-63.118089268681359,-7.265706623895205],[-63.118091636260566,-7.2747705550434],[-63.12716892265319,-7.274768098517836],[-63.127166373087697,-7.265704170462105]]]}},
{"type":"Feature","properties":{"DESCRIPTION":"MDT_1451170.tif","FILENAME":"U:\\P589_AmazoniaRevelada_BR-319\\LiDAR_dataset\\ENTREGAS\\ENTREGA_03\\2_MDT\\GEOTIFF\\MDT_1451170.tif","SHRT_FNAME":"MDT_1451170.tif","UPPER_LEFT_X":"486962.522","UPPER_LEFT_Y":"9196876.322","LOWER_RIGHT_X":"487964.522","LOWER_RIGHT_Y":"9195874.322"},"geometry":{"type":"Polygon","coordinates":[[[-63.118106524238385,-7.265706619403524],[-63.109029416806955,-7.26570889157582],[-63.109031602745532,-7.274772825582341],[-63.118108892163541,-7.274770550546053],[-63.118106524238385,-7.265706619403524]]]}},
{"type":"Feature","properties":{"DESCRIPTION":"MDT_1451171.tif","FILENAME":"U:\\P589_AmazoniaRevelada_BR-319\\LiDAR_dataset\\ENTREGAS\\ENTREGA_03\\2_MDT\\GEOTIFF\\MDT_1451171.tif","SHRT_FNAME":"MDT_1451171.tif","UPPER_LEFT_X":"487962.618","UPPER_LEFT_Y":"9196876.322","LOWER_RIGHT_X":"488964.618","LOWER_RIGHT_Y":"9195874.322"},"geometry":{"type":"Polygon","coordinates":[[[-63.109046672369502,-7.265708887428718],[-63.099969562145048,-7.26571097833993],[-63.099971566442726,-7.274774914976736],[-63.109048858654035,-7.274772821430006],[-63.109046672369502,-7.265708887428718]]]}},
{"type":"Feature","properties":{"DESCRIPTION":"MDT_1451172.tif","FILENAME":"U:\\P589_AmazoniaRevelada_BR-319\\LiDAR_dataset\\ENTREGAS\\ENTREGA_03\\2_MDT\\GEOTIFF\\MDT_1451172.tif","SHRT_FNAME":"MDT_1451172.tif","UPPER_LEFT_X":"488962.713","UPPER_LEFT_Y":"9196876.322","LOWER_RIGHT_X":"489964.713","LOWER_RIGHT_Y":"9195874.322"},"geometry":{"type":"Polygon","coordinates":[[[-63.099986817712683,-7.2657109745374],[-63.090909704927292,-7.26571288418727],[-63.090911527583806,-7.274776823226326],[-63.09998882235633,-7.274774911169414],[-63.099986817712683,-7.2657109745374]]]}},
{"type":"Feature","properties":{"DESCRIPTION":"MDT_1451173.tif","FILENAME":"U:\\P589_AmazoniaRevelada_BR-319\\LiDAR_dataset\\ENTREGAS\\ENTREGA_03\\2_MDT\\GEOTIFF\\MDT_1451173.tif","SHRT_FNAME":"MDT_1451173.tif","UPPER_LEFT_X":"489962.808","UPPER_LEFT_Y":"9196876.322","LOWER_RIGHT_X":"490964.808","LOWER_RIGHT_Y":"9195874.322"},"geometry":{"type":"Polygon","coordinates":[[[-63.09092696049958,-7.265712880729317],[-63.081849845385292,-7.265714609117605],[-63.081851486400417,-7.274778550330873],[-63.090928783502051,-7.274776819764016],[-63.09092696049958,-7.265712880729317]]]}},
{"type":"Feature","properties":{"DESCRIPTION":"MDT_1451174.tif","FILENAME":"U:\\P589_AmazoniaRevelada_BR-319\\LiDAR_dataset\\ENTREGAS\\ENTREGA_03\\2_MDT\\GEOTIFF\\MDT_1451174.tif","SHRT_FNAME":"MDT_1451174.tif","UPPER_LEFT_X":"490962.903","UPPER_LEFT_Y":"9196876.322","LOWER_RIGHT_X":"491964.903","LOWER_RIGHT_Y":"9195874.322"},"geometry":{"type":"Polygon","coordinates":[[[-63.08186710096178,-7.265714606004232],[-63.072789983750681,-7.265716153130723],[-63.072791443124231,-7.274780096290161],[-63.081868742322875,-7.274778547213576],[-63.08186710096178,-7.265714606004232]]]}},
{"type":"Feature","properties":{"DESCRIPTION":"MDT_1451175.tif","FILENAME":"U:\\P589_AmazoniaRevelada_BR-319\\LiDAR_dataset\\ENTREGAS\\ENTREGA_03\\2_MDT\\GEOTIFF\\MDT_1451175.tif","SHRT_FNAME":"MDT_1451175.tif","UPPER_LEFT_X":"491962.998","UPPER_LEFT_Y":"9196876.322","LOWER_RIGHT_X":"492964.998","LOWER_RIGHT_Y":"9195874.322"},"geometry":{"type":"Polygon","coordinates":[[[-63.072807239330942,-7.265716150361929],[-63.063730120255094,-7.265717516226429],[-63.063731397986871,-7.274781461103998],[-63.072808699050441,-7.274780093517875],[-63.072807239330942,-7.265716150361929]]]}},
{"type":"Feature","properties":{"DESCRIPTION":"MDT_1451176.tif","FILENAME":"U:\\P589_AmazoniaRevelada_BR-319\\LiDAR_dataset\\ENTREGAS\\ENTREGA_03\\2_MDT\\GEOTIFF\\MDT_1451176.tif","SHRT_FNAME":"MDT_1451176.tif","UPPER_LEFT_X":"492963.094","UPPER_LEFT_Y":"9196876.322","LOWER_RIGHT_X":"493965.094","LOWER_RIGHT_Y":"9195874.322"},"geometry":{"type":"Polygon","coordinates":[[[-63.06374737583868,-7.265717513802214],[-63.054670255130155,-7.265718698404553],[-63.054671351219994,-7.274782644772215],[-63.063748653916413,-7.274781458676725],[-63.06374737583868,-7.265717513802214]]]}},
{"type":"Feature","properties":{"DESCRIPTION":"MDT_1451177.tif","FILENAME":"U:\\P589_AmazoniaRevelada_BR-319\\LiDAR_dataset\\ENTREGAS\\ENTREGA_03\\2_MDT\\GEOTIFF\\MDT_1451177.tif","SHRT_FNAME":"MDT_1451177.tif","UPPER_LEFT_X":"493963.189","UPPER_LEFT_Y":"9196876.322","LOWER_RIGHT_X":"494965.189","LOWER_RIGHT_Y":"9195874.322"},"geometry":{"type":"Polygon","coordinates":[[[-63.054687510716619,-7.265718696324917],[-63.045610388607493,-7.265719699664951],[-63.045611303055253,-7.274783647294665],[-63.054688607152414,-7.274782642689959],[-63.054687510716619,-7.265718696324917]]]}},
{"type":"Feature","properties":{"DESCRIPTION":"MDT_1451178.tif","FILENAME":"U:\\P589_AmazoniaRevelada_BR-319\\LiDAR_dataset\\ENTREGAS\\ENTREGA_03\\2_MDT\\GEOTIFF\\MDT_1451178.tif","SHRT_FNAME":"MDT_1451178.tif","UPPER_LEFT_X":"494963.284","UPPER_LEFT_Y":"9196876.322","LOWER_RIGHT_X":"495965.284","LOWER_RIGHT_Y":"9195874.322"},"geometry":{"type":"Polygon","coordinates":[[[-63.045627644196401,-7.265719697929893],[-63.03655052091873,-7.265720520007497],[-63.036551253724305,-7.274784468671221],[-63.045628558990117,-7.274783645557422],[-63.045627644196401,-7.265719697929893]]]}},
{"type":"Feature","properties":{"DESCRIPTION":"MDT_1451179.tif","FILENAME":"U:\\P589_AmazoniaRevelada_BR-319\\LiDAR_dataset\\ENTREGAS\\ENTREGA_03\\2_MDT\\GEOTIFF\\MDT_1451179.tif","SHRT_FNAME":"MDT_1451179.tif","UPPER_LEFT_X":"495963.379","UPPER_LEFT_Y":"9196876.322","LOWER_RIGHT_X":"496965.379","LOWER_RIGHT_Y":"9195874.322"},"geometry":{"type":"Polygon","coordinates":[[[-63.036567776509635,-7.265720518617021],[-63.027490652295505,-7.26572115943209],[-63.027491203458801,-7.274785108901785],[-63.03656850966118,-7.274784467278994],[-63.036567776509635,-7.265720518617021]]]}},
{"type":"Feature","properties":{"DESCRIPTION":"MDT_1451180.tif","FILENAME":"U:\\P589_AmazoniaRevelada_BR-319\\LiDAR_dataset\\ENTREGAS\\ENTREGA_03\\2_MDT\\GEOTIFF\\MDT_1451180.tif","SHRT_FNAME":"MDT_1451180.tif","UPPER_LEFT_X":"496963.474","UPPER_LEFT_Y":"9196876.322","LOWER_RIGHT_X":"497965.474","LOWER_RIGHT_Y":"9195874.322"},"geometry":{"type":"Polygon","coordinates":[[[-63.027507907887973,-7.265721158386193],[-63.018430782969432,-7.265721617938651],[-63.018431152490386,-7.274785567986276],[-63.027508459397239,-7.27478510785457],[-63.027507907887973,-7.265721158386193]]]}},
{"type":"Feature","properties":{"DESCRIPTION":"MDT_1451181.tif","FILENAME":"U:\\P589_AmazoniaRevelada_BR-319\\LiDAR_dataset\\ENTREGAS\\ENTREGA_03\\2_MDT\\GEOTIFF\\MDT_1451181.tif","SHRT_FNAME":"MDT_1451181.tif","UPPER_LEFT_X":"497963.570","UPPER_LEFT_Y":"9196876.322","LOWER_RIGHT_X":"498965.570","LOWER_RIGHT_Y":"9195874.322"},"geometry":{"type":"Polygon","coordinates":[[[-63.018448038563022,-7.265721617237333],[-63.009370913172162,-7.265721895527118],[-63.009371101050718,-7.274785845924633],[-63.018448408429933,-7.274785567284074],[-63.018448038563022,-7.265721617237333]]]}},
{"type":"Feature","properties":{"DESCRIPTION":"MDT_1451182.tif","FILENAME":"U:\\P589_AmazoniaRevelada_BR-319\\LiDAR_dataset\\ENTREGAS\\ENTREGA_03\\2_MDT\\GEOTIFF\\MDT_1451182.tif","SHRT_FNAME":"MDT_1451182.tif","UPPER_LEFT_X":"498963.665","UPPER_LEFT_Y":"9196876.322","LOWER_RIGHT_X":"499965.665","LOWER_RIGHT_Y":"9195874.322"},"geometry":{"type":"Polygon","coordinates":[[[-63.009388168766421,-7.265721895170381],[-63.000311043135298,-7.265721992197462],[-63.00031104937144,-7.274785942716826],[-63.009388356990939,-7.274785845567446],[-63.009388168766421,-7.265721895170381]]]}},
{"type":"Feature","properties":{"DESCRIPTION":"MDT_1451183.tif","FILENAME":"U:\\P589_AmazoniaRevelada_BR-319\\LiDAR_dataset\\ENTREGAS\\ENTREGA_03\\2_MDT\\GEOTIFF\\MDT_1451183.tif","SHRT_FNAME":"MDT_1451183.tif","UPPER_LEFT_X":"499963.760","UPPER_LEFT_Y":"9196876.322","LOWER_RIGHT_X":"500965.760","LOWER_RIGHT_Y":"9195874.322"},"geometry":{"type":"Polygon","coordinates":[[[-63.000328298729791,-7.265721992185302],[-62.99125117309049,-7.265721907949668],[-62.991250997684212,-7.274785858362842],[-63.000328305311903,-7.274785942704655],[-63.000328298729791,-7.265721992185302]]]}},
{"type":"Feature","properties":{"DESCRIPTION":"MDT_1451184.tif","FILENAME":"U:\\P589_AmazoniaRevelada_BR-319\\LiDAR_dataset\\ENTREGAS\\ENTREGA_03\\2_MDT\\GEOTIFF\\MDT_1451184.tif","SHRT_FNAME":"MDT_1451184.tif","UPPER_LEFT_X":"500963.855","UPPER_LEFT_Y":"9196876.322","LOWER_RIGHT_X":"501965.855","LOWER_RIGHT_Y":"9195874.322"},"geometry":{"type":"Polygon","coordinates":[[[-62.991268428684776,-7.265721908282089],[-62.982191303269353,-7.265721642783745],[-62.982190946220676,-7.27478559286269],[-62.991268253624469,-7.274785858695681],[-62.991268428684776,-7.265721908282089]]]}},
{"type":"Feature","properties":{"DESCRIPTION":"MDT_1451185.tif","FILENAME":"U:\\P589_AmazoniaRevelada_BR-319\\LiDAR_dataset\\ENTREGAS\\ENTREGA_03\\2_MDT\\GEOTIFF\\MDT_1451185.tif","SHRT_FNAME":"MDT_1451185.tif","UPPER_LEFT_X":"501963.950","UPPER_LEFT_Y":"9196876.322","LOWER_RIGHT_X":"502965.950","LOWER_RIGHT_Y":"9195874.322"},"geometry":{"type":"Polygon","coordinates":[[[-62.982208558863,-7.265721643460751],[-62.973131433903525,-7.265721196699734],[-62.973130895212506,-7.274785146216402],[-62.982208202160294,-7.274785593540546],[-62.982208558863,-7.265721643460751]]]}},
{"type":"Feature","properties":{"DESCRIPTION":"MDT_1451186.tif","FILENAME":"U:\\P589_AmazoniaRevelada_BR-319\\LiDAR_dataset\\ENTREGAS\\ENTREGA_03\\2_MDT\\GEOTIFF\\MDT_1451186.tif","SHRT_FNAME":"MDT_1451186.tif","UPPER_LEFT_X":"502964.046","UPPER_LEFT_Y":"9196876.322","LOWER_RIGHT_X":"503966.046","LOWER_RIGHT_Y":"9195874.322"},"geometry":{"type":"Polygon","coordinates":[[[-62.973148689496085,-7.265721197721315],[-62.964071565224636,-7.265720569697684],[-62.964070844891324,-7.274784518424038],[-62.973148151151022,-7.274785147239274],[-62.973148689496085,-7.265721197721315]]]}},
{"type":"Feature","properties":{"DESCRIPTION":"MDT_1451187.tif","FILENAME":"U:\\P589_AmazoniaRevelada_BR-319\\LiDAR_dataset\\ENTREGAS\\ENTREGA_03\\2_MDT\\GEOTIFF\\MDT_1451187.tif","SHRT_FNAME":"MDT_1451187.tif","UPPER_LEFT_X":"503964.141","UPPER_LEFT_Y":"9196876.322","LOWER_RIGHT_X":"504966.141","LOWER_RIGHT_Y":"9195874.322"},"geometry":{"type":"Polygon","coordinates":[[[-62.964088820815668,-7.265720571063844],[-62.9550116974643,-7.265719761777671],[-62.955010795488803,-7.274783709485673],[-62.964088100828313,-7.27478451979192],[-62.964088820815668,-7.265720571063844]]]}},
{"type":"Feature","properties":{"DESCRIPTION":"MDT_1451188.tif","FILENAME":"U:\\P589_AmazoniaRevelada_BR-319\\LiDAR_dataset\\ENTREGAS\\ENTREGA_03\\2_MDT\\GEOTIFF\\MDT_1451188.tif","SHRT_FNAME":"MDT_1451188.tif","UPPER_LEFT_X":"504964.236","UPPER_LEFT_Y":"9196876.322","LOWER_RIGHT_X":"505966.236","LOWER_RIGHT_Y":"9195874.322"},"geometry":{"type":"Polygon","coordinates":[[[-62.955028953053365,-7.265719763488412],[-62.945951830854163,-7.265718772939798],[-62.945950747236573,-7.274782719401411],[-62.955028051423817,-7.27478371119857],[-62.955028953053365,-7.265719763488412]]]}},
{"type":"Feature","properties":{"DESCRIPTION":"MDT_1451189.tif","FILENAME":"U:\\P589_AmazoniaRevelada_BR-319\\LiDAR_dataset\\ENTREGAS\\ENTREGA_03\\2_MDT\\GEOTIFF\\MDT_1451189.tif","SHRT_FNAME":"MDT_1451189.tif","UPPER_LEFT_X":"505964.331","UPPER_LEFT_Y":"9196876.322","LOWER_RIGHT_X":"506966.331","LOWER_RIGHT_Y":"9195874.322"},"geometry":{"type":"Polygon","coordinates":[[[-62.945969086440812,-7.265718774995118],[-62.93689196562584,-7.265717603184191],[-62.93689070036632,-7.274781548171368],[-62.945968003169192,-7.27478272145932],[-62.945969086440812,-7.265718774995118]]]}},
{"type":"Feature","properties":{"DESCRIPTION":"MDT_1451190.tif","FILENAME":"U:\\P589_AmazoniaRevelada_BR-319\\LiDAR_dataset\\ENTREGAS\\ENTREGA_03\\2_MDT\\GEOTIFF\\MDT_1451190.tif","SHRT_FNAME":"MDT_1451190.tif","UPPER_LEFT_X":"506964.426","UPPER_LEFT_Y":"9196876.322","LOWER_RIGHT_X":"507966.426","LOWER_RIGHT_Y":"9195874.322"},"geometry":{"type":"Polygon","coordinates":[[[-62.936909221209646,-7.265717605584089],[-62.927832102010967,-7.265716252510992],[-62.927830655109659,-7.274780195795694],[-62.936907956296075,-7.274781550574293],[-62.936909221209646,-7.265717605584089]]]}},
{"type":"Feature","properties":{"DESCRIPTION":"MDT_1451191.tif","FILENAME":"U:\\P589_AmazoniaRevelada_BR-319\\LiDAR_dataset\\ENTREGAS\\ENTREGA_03\\2_MDT\\GEOTIFF\\MDT_1451191.tif","SHRT_FNAME":"MDT_1451191.tif","UPPER_LEFT_X":"507964.522","UPPER_LEFT_Y":"9196876.322","LOWER_RIGHT_X":"508966.522","LOWER_RIGHT_Y":"9195874.322"},"geometry":{"type":"Polygon","coordinates":[[[-62.927849357591477,-7.26571625525547],[-62.918772240241168,-7.26571472092037],[-62.918770611698257,-7.27477866227456],[-62.927847911036125,-7.274780198543633],[-62.927849357591477,-7.26571625525547]]]}},
{"type":"Feature","properties":{"DESCRIPTION":"MDT_1451192.tif","FILENAME":"U:\\P589_AmazoniaRevelada_BR-319\\LiDAR_dataset\\ENTREGAS\\ENTREGA_03\\2_MDT\\GEOTIFF\\MDT_1451192.tif","SHRT_FNAME":"MDT_1451192.tif","UPPER_LEFT_X":"508964.617","UPPER_LEFT_Y":"9196876.322","LOWER_RIGHT_X":"509966.617","LOWER_RIGHT_Y":"9195874.322"},"geometry":{"type":"Polygon","coordinates":[[[-62.91878949581794,-7.265714724009425],[-62.909712380548086,-7.265713008412512],[-62.909710570363771,-7.274776947608152],[-62.918787867620985,-7.274778665367508],[-62.91878949581794,-7.265714724009425]]]}},
{"type":"Feature","properties":{"DESCRIPTION":"MDT_1451193.tif","FILENAME":"U:\\P589_AmazoniaRevelada_BR-319\\LiDAR_dataset\\ENTREGAS\\ENTREGA_03\\2_MDT\\GEOTIFF\\MDT_1451193.tif","SHRT_FNAME":"MDT_1451193.tif","UPPER_LEFT_X":"509964.712","UPPER_LEFT_Y":"9196876.322","LOWER_RIGHT_X":"510966.712","LOWER_RIGHT_Y":"9195874.322"},"geometry":{"type":"Polygon","coordinates":[[[-62.909729636120687,-7.265713011846149],[-62.900652523163323,-7.265711114987636],[-62.900650531337838,-7.274775051796685],[-62.909727826282328,-7.274776951046114],[-62.909729636120687,-7.265713011846149]]]}},
{"type":"Feature","properties":{"DESCRIPTION":"MDT_1452147.tif","FILENAME":"U:\\P589_AmazoniaRevelada_BR-319\\LiDAR_dataset\\ENTREGAS\\ENTREGA_03\\2_MDT\\GEOTIFF\\MDT_1452147.tif","SHRT_FNAME":"MDT_1452147.tif","UPPER_LEFT_X":"463960.333","UPPER_LEFT_Y":"9195876.447","LOWER_RIGHT_X":"464962.333","LOWER_RIGHT_Y":"9194874.447"},"geometry":{"type":"Polygon","coordinates":[[[-63.32648834666135,-7.274649104644164],[-63.317411185931128,-7.274655553799291],[-63.317417557617766,-7.283719360756393],[-63.326494900554408,-7.283712903482252],[-63.32648834666135,-7.274649104644164]]]}},
{"type":"Feature","properties":{"DESCRIPTION":"MDT_1452148.tif","FILENAME":"U:\\P589_AmazoniaRevelada_BR-319\\LiDAR_dataset\\ENTREGAS\\ENTREGA_03\\2_MDT\\GEOTIFF\\MDT_1452148.tif","SHRT_FNAME":"MDT_1452148.tif","UPPER_LEFT_X":"464960.428","UPPER_LEFT_Y":"9195876.447","LOWER_RIGHT_X":"465962.428","LOWER_RIGHT_Y":"9194874.447"},"geometry":{"type":"Polygon","coordinates":[[[-63.317428441600072,-7.274655541711956],[-63.308351272738619,-7.274661809390228],[-63.308357462564423,-7.283725624222661],[-63.317434813633085,-7.283719348653839],[-63.317428441600072,-7.274655541711956]]]}},
{"type":"Feature","properties":{"DESCRIPTION":"MDT_1452149.tif","FILENAME":"U:\\P589_AmazoniaRevelada_BR-319\\LiDAR_dataset\\ENTREGAS\\ENTREGA_03\\2_MDT\\GEOTIFF\\MDT_1452149.tif","SHRT_FNAME":"MDT_1452149.tif","UPPER_LEFT_X":"465960.523","UPPER_LEFT_Y":"9195876.447","LOWER_RIGHT_X":"466962.523","LOWER_RIGHT_Y":"9194874.447"},"geometry":{"type":"Polygon","coordinates":[[[-63.308368528422804,-7.274661797647878],[-63.299291351662212,-7.274667883848514],[-63.299297359626401,-7.283731706328249],[-63.308374718594983,-7.283725612465532],[-63.308368528422804,-7.274661797647878]]]}},
{"type":"Feature","properties":{"DESCRIPTION":"MDT_1452150.tif","FILENAME":"U:\\P589_AmazoniaRevelada_BR-319\\LiDAR_dataset\\ENTREGAS\\ENTREGA_03\\2_MDT\\GEOTIFF\\MDT_1452150.tif","SHRT_FNAME":"MDT_1452150.tif","UPPER_LEFT_X":"466960.618","UPPER_LEFT_Y":"9195876.447","LOWER_RIGHT_X":"467962.618","LOWER_RIGHT_Y":"9194874.447"},"geometry":{"type":"Polygon","coordinates":[[[-63.299308607361198,-7.274667872451157],[-63.290231422933523,-7.2746737771734],[-63.290237249035336,-7.283737607072402],[-63.299314615671754,-7.283731694916544],[-63.299308607361198,-7.274667872451157]]]}},
{"type":"Feature","properties":{"DESCRIPTION":"MDT_1452151.tif","FILENAME":"U:\\P589_AmazoniaRevelada_BR-319\\LiDAR_dataset\\ENTREGAS\\ENTREGA_03\\2_MDT\\GEOTIFF\\MDT_1452151.tif","SHRT_FNAME":"MDT_1452151.tif","UPPER_LEFT_X":"467960.714","UPPER_LEFT_Y":"9195876.447","LOWER_RIGHT_X":"468962.714","LOWER_RIGHT_Y":"9194874.447"},"geometry":{"type":"Polygon","coordinates":[[[-63.290248678646854,-7.274673766121033],[-63.28117148678421,-7.27467948936415],[-63.281177131022908,-7.283743326454382],[-63.290254505095056,-7.283737596006118],[-63.290248678646854,-7.274673766121033]]]}},
{"type":"Feature","properties":{"DESCRIPTION":"MDT_1452152.tif","FILENAME":"U:\\P589_AmazoniaRevelada_BR-319\\LiDAR_dataset\\ENTREGAS\\ENTREGA_03\\2_MDT\\GEOTIFF\\MDT_1452152.tif","SHRT_FNAME":"MDT_1452152.tif","UPPER_LEFT_X":"468960.809","UPPER_LEFT_Y":"9195876.447","LOWER_RIGHT_X":"469962.809","LOWER_RIGHT_Y":"9194874.447"},"geometry":{"type":"Polygon","coordinates":[[[-63.281188742511439,-7.274679478656775],[-63.272111543445867,-7.274685020420052],[-63.272117005820753,-7.28374886447348],[-63.281194387096527,-7.283743315733526],[-63.281188742511439,-7.274679478656775]]]}},
{"type":"Feature","properties":{"DESCRIPTION":"MDT_1452153.tif","FILENAME":"U:\\P589_AmazoniaRevelada_BR-319\\LiDAR_dataset\\ENTREGAS\\ENTREGA_03\\2_MDT\\GEOTIFF\\MDT_1452153.tif","SHRT_FNAME":"MDT_1452153.tif","UPPER_LEFT_X":"469960.904","UPPER_LEFT_Y":"9195876.447","LOWER_RIGHT_X":"470962.904","LOWER_RIGHT_Y":"9194874.447"},"geometry":{"type":"Polygon","coordinates":[[[-63.272128799186589,-7.274685010057671],[-63.26305159315018,-7.27469037034042],[-63.263056873660553,-7.28375422112901],[-63.272134261907865,-7.283748854098054],[-63.272128799186589,-7.274685010057671]]]}},
{"type":"Feature","properties":{"DESCRIPTION":"MDT_1452154.tif","FILENAME":"U:\\P589_AmazoniaRevelada_BR-319\\LiDAR_dataset\\ENTREGAS\\ENTREGA_03\\2_MDT\\GEOTIFF\\MDT_1452154.tif","SHRT_FNAME":"MDT_1452154.tif","UPPER_LEFT_X":"470960.999","UPPER_LEFT_Y":"9195876.447","LOWER_RIGHT_X":"471962.999","LOWER_RIGHT_Y":"9194874.447"},"geometry":{"type":"Polygon","coordinates":[[[-63.263068848903927,-7.274690360323034],[-63.253991636128752,-7.274695539124591],[-63.253996734773978,-7.283759396420304],[-63.263074129760689,-7.28375421109901],[-63.263068848903927,-7.274690360323034]]]}},
{"type":"Feature","properties":{"DESCRIPTION":"MDT_1452155.tif","FILENAME":"U:\\P589_AmazoniaRevelada_BR-319\\LiDAR_dataset\\ENTREGAS\\ENTREGA_03\\2_MDT\\GEOTIFF\\MDT_1452155.tif","SHRT_FNAME":"MDT_1452155.tif","UPPER_LEFT_X":"471961.094","UPPER_LEFT_Y":"9195876.447","LOWER_RIGHT_X":"472963.094","LOWER_RIGHT_Y":"9194874.447"},"geometry":{"type":"Polygon","coordinates":[[[-63.25400889189509,-7.274695529452198],[-63.244931672613241,-7.274700526771916],[-63.244936589392658,-7.283764390346714],[-63.254013990886698,-7.283759386735734],[-63.25400889189509,-7.274695529452198]]]}},
{"type":"Feature","properties":{"DESCRIPTION":"MDT_1452156.tif","FILENAME":"U:\\P589_AmazoniaRevelada_BR-319\\LiDAR_dataset\\ENTREGAS\\ENTREGA_03\\2_MDT\\GEOTIFF\\MDT_1452156.tif","SHRT_FNAME":"MDT_1452156.tif","UPPER_LEFT_X":"472961.190","UPPER_LEFT_Y":"9195876.447","LOWER_RIGHT_X":"473963.190","LOWER_RIGHT_Y":"9194874.447"},"geometry":{"type":"Polygon","coordinates":[[[-63.244948928391729,-7.274700517444521],[-63.235871702835276,-7.274705333281782],[-63.235876437748281,-7.283769202907624],[-63.244953845517529,-7.283764381007578],[-63.244948928391729,-7.274700517444521]]]}},
{"type":"Feature","properties":{"DESCRIPTION":"MDT_1452157.tif","FILENAME":"U:\\P589_AmazoniaRevelada_BR-319\\LiDAR_dataset\\ENTREGAS\\ENTREGA_03\\2_MDT\\GEOTIFF\\MDT_1452157.tif","SHRT_FNAME":"MDT_1452157.tif","UPPER_LEFT_X":"473961.285","UPPER_LEFT_Y":"9195876.447","LOWER_RIGHT_X":"474963.285","LOWER_RIGHT_Y":"9194874.447"},"geometry":{"type":"Polygon","coordinates":[[[-63.235888958625473,-7.274705324299386],[-63.226811727026515,-7.274709958653586],[-63.226816280072484,-7.283773834102438],[-63.235893693884854,-7.283769193913922],[-63.235888958625473,-7.274705324299386]]]}},
{"type":"Feature","properties":{"DESCRIPTION":"MDT_1452158.tif","FILENAME":"U:\\P589_AmazoniaRevelada_BR-319\\LiDAR_dataset\\ENTREGAS\\ENTREGA_03\\2_MDT\\GEOTIFF\\MDT_1452158.tif","SHRT_FNAME":"MDT_1452158.tif","UPPER_LEFT_X":"474961.380","UPPER_LEFT_Y":"9195876.447","LOWER_RIGHT_X":"475963.380","LOWER_RIGHT_Y":"9194874.447"},"geometry":{"type":"Polygon","coordinates":[[[-63.226828982827975,-7.274709950016187],[-63.217751745418582,-7.274714402886754],[-63.217756116596966,-7.283778283930571],[-63.226833536220347,-7.283773825454167],[-63.226828982827975,-7.274709950016187]]]}},
{"type":"Feature","properties":{"DESCRIPTION":"MDT_1452159.tif","FILENAME":"U:\\P589_AmazoniaRevelada_BR-319\\LiDAR_dataset\\ENTREGAS\\ENTREGA_03\\2_MDT\\GEOTIFF\\MDT_1452159.tif","SHRT_FNAME":"MDT_1452159.tif","UPPER_LEFT_X":"475961.475","UPPER_LEFT_Y":"9195876.447","LOWER_RIGHT_X":"476963.475","LOWER_RIGHT_Y":"9194874.447"},"geometry":{"type":"Polygon","coordinates":[[[-63.21776900123087,-7.274714394594359],[-63.208691758243134,-7.274718665980737],[-63.208695947553373,-7.283782552391481],[-63.217773372755651,-7.283778275627738],[-63.21776900123087,-7.274714394594359]]]}},
{"type":"Feature","properties":{"DESCRIPTION":"MDT_1452160.tif","FILENAME":"U:\\P589_AmazoniaRevelada_BR-319\\LiDAR_dataset\\ENTREGAS\\ENTREGA_03\\2_MDT\\GEOTIFF\\MDT_1452160.tif","SHRT_FNAME":"MDT_1452160.tif","UPPER_LEFT_X":"476961.570","UPPER_LEFT_Y":"9195876.447","LOWER_RIGHT_X":"477963.570","LOWER_RIGHT_Y":"9194874.447"},"geometry":{"type":"Polygon","coordinates":[[[-63.208709014065796,-7.274718658033341],[-63.199631765731802,-7.274722747935],[-63.199635773173384,-7.283786639484626],[-63.208713203722439,-7.283782544434079],[-63.208709014065796,-7.274718658033341]]]}},
{"type":"Feature","properties":{"DESCRIPTION":"MDT_1452161.tif","FILENAME":"U:\\P589_AmazoniaRevelada_BR-319\\LiDAR_dataset\\ENTREGAS\\ENTREGA_03\\2_MDT\\GEOTIFF\\MDT_1452161.tif","SHRT_FNAME":"MDT_1452161.tif","UPPER_LEFT_X":"477961.666","UPPER_LEFT_Y":"9195876.447","LOWER_RIGHT_X":"478963.666","LOWER_RIGHT_Y":"9194874.447"},"geometry":{"type":"Polygon","coordinates":[[[-63.199649021564412,-7.274722740332607],[-63.190571768116229,-7.274726648749036],[-63.190575593688642,-7.283790545209508],[-63.19965302935239,-7.283786631872665],[-63.199649021564412,-7.274722740332607]]]}},
{"type":"Feature","properties":{"DESCRIPTION":"MDT_1452162.tif","FILENAME":"U:\\P589_AmazoniaRevelada_BR-319\\LiDAR_dataset\\ENTREGAS\\ENTREGA_03\\2_MDT\\GEOTIFF\\MDT_1452162.tif","SHRT_FNAME":"MDT_1452162.tif","UPPER_LEFT_X":"478961.761","UPPER_LEFT_Y":"9195876.447","LOWER_RIGHT_X":"479963.761","LOWER_RIGHT_Y":"9194874.447"},"geometry":{"type":"Polygon","coordinates":[[[-63.190589023958346,-7.274726641491648],[-63.181511765628066,-7.274730368422365],[-63.181515409330849,-7.283794269565631],[-63.190592849877149,-7.283790537942981],[-63.190589023958346,-7.274726641491648]]]}},
{"type":"Feature","properties":{"DESCRIPTION":"MDT_1452163.tif","FILENAME":"U:\\P589_AmazoniaRevelada_BR-319\\LiDAR_dataset\\ENTREGAS\\ENTREGA_03\\2_MDT\\GEOTIFF\\MDT_1452163.tif","SHRT_FNAME":"MDT_1452163.tif","UPPER_LEFT_X":"479961.856","UPPER_LEFT_Y":"9195876.447","LOWER_RIGHT_X":"480963.856","LOWER_RIGHT_Y":"9194874.447"},"geometry":{"type":"Polygon","coordinates":[[[-63.181529021479243,-7.274730361509978],[-63.172451758498958,-7.274733906954517],[-63.172455220331628,-7.28379781255254],[-63.181532665528408,-7.283794262644545],[-63.181529021479243,-7.274730361509978]]]}},
{"type":"Feature","properties":{"DESCRIPTION":"MDT_1452164.tif","FILENAME":"U:\\P589_AmazoniaRevelada_BR-319\\LiDAR_dataset\\ENTREGAS\\ENTREGA_03\\2_MDT\\GEOTIFF\\MDT_1452164.tif","SHRT_FNAME":"MDT_1452164.tif","UPPER_LEFT_X":"480961.951","UPPER_LEFT_Y":"9195876.447","LOWER_RIGHT_X":"481963.951","LOWER_RIGHT_Y":"9194874.447"},"geometry":{"type":"Polygon","coordinates":[[[-63.172469014358761,-7.274733900387138],[-63.163391746960556,-7.274737264345057],[-63.163395026922686,-7.283801174169792],[-63.17247247653782,-7.283797805976894],[-63.172469014358761,-7.274733900387138]]]}},
{"type":"Feature","properties":{"DESCRIPTION":"MDT_1452165.tif","FILENAME":"U:\\P589_AmazoniaRevelada_BR-319\\LiDAR_dataset\\ENTREGAS\\ENTREGA_03\\2_MDT\\GEOTIFF\\MDT_1452165.tif","SHRT_FNAME":"MDT_1452165.tif","UPPER_LEFT_X":"481962.046","UPPER_LEFT_Y":"9195876.447","LOWER_RIGHT_X":"482964.046","LOWER_RIGHT_Y":"9194874.447"},"geometry":{"type":"Polygon","coordinates":[[[-63.16340900282853,-7.274737258122683],[-63.154331731244511,-7.274740440593567],[-63.154334829335681,-7.283804354416968],[-63.163412283137056,-7.283801167939584],[-63.16340900282853,-7.274737258122683]]]}},
{"type":"Feature","properties":{"DESCRIPTION":"MDT_1452166.tif","FILENAME":"U:\\P589_AmazoniaRevelada_BR-319\\LiDAR_dataset\\ENTREGAS\\ENTREGA_03\\2_MDT\\GEOTIFF\\MDT_1452166.tif","SHRT_FNAME":"MDT_1452166.tif","UPPER_LEFT_X":"482962.142","UPPER_LEFT_Y":"9195876.447","LOWER_RIGHT_X":"483964.142","LOWER_RIGHT_Y":"9194874.447"},"geometry":{"type":"Polygon","coordinates":[[[-63.154348987120215,-7.2747404347162],[-63.145271711582438,-7.274743435699651],[-63.14527462780228,-7.283807353293671],[-63.154352085557782,-7.283804348532202],[-63.154348987120215,-7.2747404347162]]]}},
{"type":"Feature","properties":{"DESCRIPTION":"MDT_1452167.tif","FILENAME":"U:\\P589_AmazoniaRevelada_BR-319\\LiDAR_dataset\\ENTREGAS\\ENTREGA_03\\2_MDT\\GEOTIFF\\MDT_1452167.tif","SHRT_FNAME":"MDT_1452167.tif","UPPER_LEFT_X":"483962.237","UPPER_LEFT_Y":"9195876.447","LOWER_RIGHT_X":"484964.237","LOWER_RIGHT_Y":"9194874.447"},"geometry":{"type":"Polygon","coordinates":[[[-63.145288967465447,-7.274743430167291],[-63.136211688206025,-7.274746249662937],[-63.136214422554154,-7.283810170799534],[-63.145291884031671,-7.283807347754349],[-63.145288967465447,-7.274743430167291]]]}},
{"type":"Feature","properties":{"DESCRIPTION":"MDT_1452168.tif","FILENAME":"U:\\P589_AmazoniaRevelada_BR-319\\LiDAR_dataset\\ENTREGAS\\ENTREGA_03\\2_MDT\\GEOTIFF\\MDT_1452168.tif","SHRT_FNAME":"MDT_1452168.tif","UPPER_LEFT_X":"484962.332","UPPER_LEFT_Y":"9195876.447","LOWER_RIGHT_X":"485964.332","LOWER_RIGHT_Y":"9194874.447"},"geometry":{"type":"Polygon","coordinates":[[[-63.136228944095876,-7.274746244475586],[-63.127151661346893,-7.274748882483072],[-63.127154213822962,-7.2838128069342],[-63.136231678790402,-7.283810165605653],[-63.136228944095876,-7.274746244475586]]]}},
{"type":"Feature","properties":{"DESCRIPTION":"MDT_1452169.tif","FILENAME":"U:\\P589_AmazoniaRevelada_BR-319\\LiDAR_dataset\\ENTREGAS\\ENTREGA_03\\2_MDT\\GEOTIFF\\MDT_1452169.tif","SHRT_FNAME":"MDT_1452169.tif","UPPER_LEFT_X":"485962.427","UPPER_LEFT_Y":"9195876.447","LOWER_RIGHT_X":"486964.427","LOWER_RIGHT_Y":"9194874.447"},"geometry":{"type":"Polygon","coordinates":[[[-63.127168917243154,-7.274748877640729],[-63.118091631236702,-7.274751334159735],[-63.118094001840397,-7.283815261697344],[-63.127171470065626,-7.283812802085762],[-63.127168917243154,-7.274748877640729]]]}},
{"type":"Feature","properties":{"DESCRIPTION":"MDT_1452170.tif","FILENAME":"U:\\P589_AmazoniaRevelada_BR-319\\LiDAR_dataset\\ENTREGAS\\ENTREGA_03\\2_MDT\\GEOTIFF\\MDT_1452170.tif","SHRT_FNAME":"MDT_1452170.tif","UPPER_LEFT_X":"486962.522","UPPER_LEFT_Y":"9195876.447","LOWER_RIGHT_X":"487964.522","LOWER_RIGHT_Y":"9194874.447"},"geometry":{"type":"Polygon","coordinates":[[[-63.118108887138945,-7.274751329662402],[-63.109031598107087,-7.274753604692613],[-63.109033786838118,-7.283817535088663],[-63.118111258089037,-7.283815257194352],[-63.118108887138945,-7.274751329662402]]]}},
{"type":"Feature","properties":{"DESCRIPTION":"MDT_1452171.tif","FILENAME":"U:\\P589_AmazoniaRevelada_BR-319\\LiDAR_dataset\\ENTREGAS\\ENTREGA_03\\2_MDT\\GEOTIFF\\MDT_1452171.tif","SHRT_FNAME":"MDT_1452171.tif","UPPER_LEFT_X":"487962.618","UPPER_LEFT_Y":"9195876.447","LOWER_RIGHT_X":"488964.618","LOWER_RIGHT_Y":"9194874.447"},"geometry":{"type":"Polygon","coordinates":[[[-63.109048854014851,-7.274753600540293],[-63.099971562189715,-7.274755694081431],[-63.099973569047812,-7.283819627107872],[-63.1090510430923,-7.283817530931113],[-63.109048854014851,-7.274753600540293]]]}},
{"type":"Feature","properties":{"DESCRIPTION":"MDT_1452172.tif","FILENAME":"U:\\P589_AmazoniaRevelada_BR-319\\LiDAR_dataset\\ENTREGAS\\ENTREGA_03\\2_MDT\\GEOTIFF\\MDT_1452172.tif","SHRT_FNAME":"MDT_1452172.tif","UPPER_LEFT_X":"488962.713","UPPER_LEFT_Y":"9195876.447","LOWER_RIGHT_X":"489964.713","LOWER_RIGHT_Y":"9194874.447"},"geometry":{"type":"Polygon","coordinates":[[[-63.099988818102581,-7.274755690274121],[-63.090911523716237,-7.274757602325925],[-63.090913348701136,-7.283821537754704],[-63.099990825307074,-7.283819623295765],[-63.099988818102581,-7.274755690274121]]]}},
{"type":"Feature","properties":{"DESCRIPTION":"MDT_1452173.tif","FILENAME":"U:\\P589_AmazoniaRevelada_BR-319\\LiDAR_dataset\\ENTREGAS\\ENTREGA_03\\2_MDT\\GEOTIFF\\MDT_1452173.tif","SHRT_FNAME":"MDT_1452173.tif","UPPER_LEFT_X":"489962.808","UPPER_LEFT_Y":"9195876.447","LOWER_RIGHT_X":"490964.808","LOWER_RIGHT_Y":"9194874.447"},"geometry":{"type":"Polygon","coordinates":[[[-63.090928779633742,-7.274757598863628],[-63.081851482918282,-7.274759329425862],[-63.081853126029756,-7.283823267028937],[-63.090930604965045,-7.283821534288047],[-63.090928779633742,-7.274757598863628]]]}},
{"type":"Feature","properties":{"DESCRIPTION":"MDT_1452174.tif","FILENAME":"U:\\P589_AmazoniaRevelada_BR-319\\LiDAR_dataset\\ENTREGAS\\ENTREGA_03\\2_MDT\\GEOTIFF\\MDT_1452174.tif","SHRT_FNAME":"MDT_1452174.tif","UPPER_LEFT_X":"490962.903","UPPER_LEFT_Y":"9195876.447","LOWER_RIGHT_X":"491964.903","LOWER_RIGHT_Y":"9194874.447"},"geometry":{"type":"Polygon","coordinates":[[[-63.081868738840008,-7.274759326308573],[-63.072791440027515,-7.274760875381024],[-63.072792901265366,-7.283824814930342],[-63.081870382297872,-7.283823263907721],[-63.081868738840008,-7.274759326308573]]]}},
{"type":"Feature","properties":{"DESCRIPTION":"MDT_1452175.tif","FILENAME":"U:\\P589_AmazoniaRevelada_BR-319\\LiDAR_dataset\\ENTREGAS\\ENTREGA_03\\2_MDT\\GEOTIFF\\MDT_1452175.tif","SHRT_FNAME":"MDT_1452175.tif","UPPER_LEFT_X":"491962.998","UPPER_LEFT_Y":"9195876.447","LOWER_RIGHT_X":"492964.998","LOWER_RIGHT_Y":"9194874.447"},"geometry":{"type":"Polygon","coordinates":[[[-63.072808695953,-7.274760872608749],[-63.063731395275589,-7.274762240191219],[-63.063732674639624,-7.283826181458733],[-63.072810157537248,-7.283824812154575],[-63.072808695953,-7.274760872608749]]]}},
{"type":"Feature","properties":{"DESCRIPTION":"MDT_1452176.tif","FILENAME":"U:\\P589_AmazoniaRevelada_BR-319\\LiDAR_dataset\\ENTREGAS\\ENTREGA_03\\2_MDT\\GEOTIFF\\MDT_1452176.tif","SHRT_FNAME":"MDT_1452176.tif","UPPER_LEFT_X":"492963.094","UPPER_LEFT_Y":"9195876.447","LOWER_RIGHT_X":"493965.094","LOWER_RIGHT_Y":"9194874.447"},"geometry":{"type":"Polygon","coordinates":[[[-63.063748651204392,-7.274762237763953],[-63.054671348894146,-7.274763423856276],[-63.054672446384203,-7.283827366613941],[-63.063749930914831,-7.283826179028412],[-63.063748651204392,-7.274762237763953]]]}},
{"type":"Feature","properties":{"DESCRIPTION":"MDT_1452177.tif","FILENAME":"U:\\P589_AmazoniaRevelada_BR-319\\LiDAR_dataset\\ENTREGAS\\ENTREGA_03\\2_MDT\\GEOTIFF\\MDT_1452177.tif","SHRT_FNAME":"MDT_1452177.tif","UPPER_LEFT_X":"493963.189","UPPER_LEFT_Y":"9195876.447","LOWER_RIGHT_X":"494965.189","LOWER_RIGHT_Y":"9194874.447"},"geometry":{"type":"Polygon","coordinates":[[[-63.054688604825841,-7.274763421774021],[-63.045611301114853,-7.274764426376048],[-63.045612216730795,-7.283828370395812],[-63.054689702662301,-7.283827364529064],[-63.054688604825841,-7.274763421774021]]]}},
{"type":"Feature","properties":{"DESCRIPTION":"MDT_1452178.tif","FILENAME":"U:\\P589_AmazoniaRevelada_BR-319\\LiDAR_dataset\\ENTREGAS\\ENTREGA_03\\2_MDT\\GEOTIFF\\MDT_1452178.tif","SHRT_FNAME":"MDT_1452178.tif","UPPER_LEFT_X":"494963.284","UPPER_LEFT_Y":"9195876.447","LOWER_RIGHT_X":"495965.284","LOWER_RIGHT_Y":"9194874.447"},"geometry":{"type":"Polygon","coordinates":[[[-63.045628557048985,-7.274764424638808],[-63.036551252169332,-7.274765247750413],[-63.036551985911046,-7.283829192804228],[-63.045629473011317,-7.283828368656385],[-63.045628557048985,-7.274764424638808]]]}},
{"type":"Feature","properties":{"DESCRIPTION":"MDT_1452179.tif","FILENAME":"U:\\P589_AmazoniaRevelada_BR-319\\LiDAR_dataset\\ENTREGAS\\ENTREGA_03\\2_MDT\\GEOTIFF\\MDT_1452179.tif","SHRT_FNAME":"MDT_1452179.tif","UPPER_LEFT_X":"495963.379","UPPER_LEFT_Y":"9195876.447","LOWER_RIGHT_X":"496965.379","LOWER_RIGHT_Y":"9194874.447"},"geometry":{"type":"Polygon","coordinates":[[[-63.036568508105468,-7.274765246358185],[-63.027491202289255,-7.274765887979266],[-63.02749175415665,-7.283829833839085],[-63.036569242193586,-7.283829191410248],[-63.036568508105468,-7.274765246358185]]]}},
{"type":"Feature","properties":{"DESCRIPTION":"MDT_1452180.tif","FILENAME":"U:\\P589_AmazoniaRevelada_BR-319\\LiDAR_dataset\\ENTREGAS\\ENTREGA_03\\2_MDT\\GEOTIFF\\MDT_1452180.tif","SHRT_FNAME":"MDT_1452180.tif","UPPER_LEFT_X":"496963.474","UPPER_LEFT_Y":"9195876.447","LOWER_RIGHT_X":"497965.474","LOWER_RIGHT_Y":"9194874.447"},"geometry":{"type":"Polygon","coordinates":[[[-63.027508458226954,-7.274765886932054],[-63.018431151706281,-7.27476634706253],[-63.018431521699291,-7.2838302935003],[-63.027509010440752,-7.283829832790553],[-63.027508458226954,-7.274765886932054]]]}},
{"type":"Feature","properties":{"DESCRIPTION":"MDT_1452181.tif","FILENAME":"U:\\P589_AmazoniaRevelada_BR-319\\LiDAR_dataset\\ENTREGAS\\ENTREGA_03\\2_MDT\\GEOTIFF\\MDT_1452181.tif","SHRT_FNAME":"MDT_1452181.tif","UPPER_LEFT_X":"497963.570","UPPER_LEFT_Y":"9195876.447","LOWER_RIGHT_X":"498965.570","LOWER_RIGHT_Y":"9194874.447"},"geometry":{"type":"Polygon","coordinates":[[[-63.018448407645096,-7.27476634636033],[-63.009371100652039,-7.274766625000146],[-63.009371288770616,-7.283830571787822],[-63.018448777984496,-7.283830292797214],[-63.018448407645096,-7.27476634636033]]]}},
{"type":"Feature","properties":{"DESCRIPTION":"MDT_1452182.tif","FILENAME":"U:\\P589_AmazoniaRevelada_BR-319\\LiDAR_dataset\\ENTREGAS\\ENTREGA_03\\2_MDT\\GEOTIFF\\MDT_1452182.tif","SHRT_FNAME":"MDT_1452182.tif","UPPER_LEFT_X":"498963.665","UPPER_LEFT_Y":"9195876.447","LOWER_RIGHT_X":"499965.665","LOWER_RIGHT_Y":"9194874.447"},"geometry":{"type":"Polygon","coordinates":[[[-63.009388356591536,-7.274766624642961],[-63.00031104935821,-7.27476672179208],[-63.00031105560231,-7.283830668701606],[-63.00938854505651,-7.283830571430182],[-63.009388356591536,-7.274766624642961]]]}},
{"type":"Feature","properties":{"DESCRIPTION":"MDT_1452183.tif","FILENAME":"U:\\P589_AmazoniaRevelada_BR-319\\LiDAR_dataset\\ENTREGAS\\ENTREGA_03\\2_MDT\\GEOTIFF\\MDT_1452183.tif","SHRT_FNAME":"MDT_1452183.tif","UPPER_LEFT_X":"499963.760","UPPER_LEFT_Y":"9195876.447","LOWER_RIGHT_X":"500965.760","LOWER_RIGHT_Y":"9194874.447"},"geometry":{"type":"Polygon","coordinates":[[[-63.000328305297934,-7.274766721779909],[-62.991250998056415,-7.274766637438321],[-62.991250822426053,-7.283830584241652],[-63.000328311888445,-7.28383066868942],[-63.000328305297934,-7.274766721779909]]]}},
{"type":"Feature","properties":{"DESCRIPTION":"MDT_1452184.tif","FILENAME":"U:\\P589_AmazoniaRevelada_BR-319\\LiDAR_dataset\\ENTREGAS\\ENTREGA_03\\2_MDT\\GEOTIFF\\MDT_1452184.tif","SHRT_FNAME":"MDT_1452184.tif","UPPER_LEFT_X":"500963.855","UPPER_LEFT_Y":"9195876.447","LOWER_RIGHT_X":"501965.855","LOWER_RIGHT_Y":"9194874.447"},"geometry":{"type":"Polygon","coordinates":[[[-62.991268253995933,-7.274766637771163],[-62.982190946978321,-7.274766371938881],[-62.982190589473532,-7.283830318407966],[-62.99126807871199,-7.283830584574912],[-62.991268253995933,-7.274766637771163]]]}},
{"type":"Feature","properties":{"DESCRIPTION":"MDT_1452185.tif","FILENAME":"U:\\P589_AmazoniaRevelada_BR-319\\LiDAR_dataset\\ENTREGAS\\ENTREGA_03\\2_MDT\\GEOTIFF\\MDT_1452185.tif","SHRT_FNAME":"MDT_1452185.tif","UPPER_LEFT_X":"501963.950","UPPER_LEFT_Y":"9195876.447","LOWER_RIGHT_X":"502965.950","LOWER_RIGHT_Y":"9194874.447"},"geometry":{"type":"Polygon","coordinates":[[[-62.982208202917192,-7.274766372616732],[-62.97313089635557,-7.274765925293787],[-62.973130356976384,-7.283829871200579],[-62.982207845758801,-7.283830319086674],[-62.982208202917192,-7.274766372616732]]]}},
{"type":"Feature","properties":{"DESCRIPTION":"MDT_1452186.tif","FILENAME":"U:\\P589_AmazoniaRevelada_BR-319\\LiDAR_dataset\\ENTREGAS\\ENTREGA_03\\2_MDT\\GEOTIFF\\MDT_1452186.tif","SHRT_FNAME":"MDT_1452186.tif","UPPER_LEFT_X":"502964.046","UPPER_LEFT_Y":"9195876.447","LOWER_RIGHT_X":"503966.046","LOWER_RIGHT_Y":"9194874.447"},"geometry":{"type":"Polygon","coordinates":[[[-62.973148152293362,-7.274765926316654],[-62.964070846419837,-7.274765297503096],[-62.964070125166316,-7.283829242619546],[-62.973147613260572,-7.283829872224733],[-62.973148152293362,-7.274765926316654]]]}},
{"type":"Feature","properties":{"DESCRIPTION":"MDT_1452187.tif","FILENAME":"U:\\P589_AmazoniaRevelada_BR-319\\LiDAR_dataset\\ENTREGAS\\ENTREGA_03\\2_MDT\\GEOTIFF\\MDT_1452187.tif","SHRT_FNAME":"MDT_1452187.tif","UPPER_LEFT_X":"503964.141","UPPER_LEFT_Y":"9195876.447","LOWER_RIGHT_X":"504966.141","LOWER_RIGHT_Y":"9194874.447"},"geometry":{"type":"Polygon","coordinates":[[[-62.964088102356087,-7.274765298870976],[-62.955010797402743,-7.274764488566892],[-62.955009894274994,-7.283828432664948],[-62.964087381448977,-7.283829243989146],[-62.964088102356087,-7.274765298870976]]]}},
{"type":"Feature","properties":{"DESCRIPTION":"MDT_1452188.tif","FILENAME":"U:\\P589_AmazoniaRevelada_BR-319\\LiDAR_dataset\\ENTREGAS\\ENTREGA_03\\2_MDT\\GEOTIFF\\MDT_1452188.tif","SHRT_FNAME":"MDT_1452188.tif","UPPER_LEFT_X":"504964.236","UPPER_LEFT_Y":"9195876.447","LOWER_RIGHT_X":"505966.236","LOWER_RIGHT_Y":"9194874.447"},"geometry":{"type":"Polygon","coordinates":[[[-62.955028053337024,-7.274764490279786],[-62.94595074953596,-7.274763498485269],[-62.945949664534091,-7.283827441336887],[-62.955027150555686,-7.283828434379998],[-62.955028053337024,-7.274764490279786]]]}},
{"type":"Feature","properties":{"DESCRIPTION":"MDT_1452189.tif","FILENAME":"U:\\P589_AmazoniaRevelada_BR-319\\LiDAR_dataset\\ENTREGAS\\ENTREGA_03\\2_MDT\\GEOTIFF\\MDT_1452189.tif","SHRT_FNAME":"MDT_1452189.tif","UPPER_LEFT_X":"505964.331","UPPER_LEFT_Y":"9195876.447","LOWER_RIGHT_X":"506966.331","LOWER_RIGHT_Y":"9194874.447"},"geometry":{"type":"Polygon","coordinates":[[[-62.945968005467833,-7.274763500543174],[-62.936890703051127,-7.274762327258355],[-62.936889436175271,-7.283826268635481],[-62.945966920812367,-7.283827443397382],[-62.945968005467833,-7.274763500543174]]]}},
{"type":"Feature","properties":{"DESCRIPTION":"MDT_1452190.tif","FILENAME":"U:\\P589_AmazoniaRevelada_BR-319\\LiDAR_dataset\\ENTREGAS\\ENTREGA_03\\2_MDT\\GEOTIFF\\MDT_1452190.tif","SHRT_FNAME":"MDT_1452190.tif","UPPER_LEFT_X":"506964.426","UPPER_LEFT_Y":"9195876.447","LOWER_RIGHT_X":"507966.426","LOWER_RIGHT_Y":"9194874.447"},"geometry":{"type":"Polygon","coordinates":[[[-62.93690795898015,-7.274762329661275],[-62.9278306581799,-7.274760974886294],[-62.927829209430222,-7.28382491456088],[-62.936906692450691,-7.283826271041423],[-62.93690795898015,-7.274762329661275]]]}},
{"type":"Feature","properties":{"DESCRIPTION":"MDT_1452191.tif","FILENAME":"U:\\P589_AmazoniaRevelada_BR-319\\LiDAR_dataset\\ENTREGAS\\ENTREGA_03\\2_MDT\\GEOTIFF\\MDT_1452191.tif","SHRT_FNAME":"MDT_1452191.tif","UPPER_LEFT_X":"507964.522","UPPER_LEFT_Y":"9195876.447","LOWER_RIGHT_X":"508966.522","LOWER_RIGHT_Y":"9194874.447"},"geometry":{"type":"Polygon","coordinates":[[[-62.927847914105627,-7.274760977634222],[-62.918770615153932,-7.27475944136925],[-62.918768984530622,-7.283823379113252],[-62.927846465702359,-7.28382491731227],[-62.927847914105627,-7.274760977634222]]]}},
{"type":"Feature","properties":{"DESCRIPTION":"MDT_1452192.tif","FILENAME":"U:\\P589_AmazoniaRevelada_BR-319\\LiDAR_dataset\\ENTREGAS\\ENTREGA_03\\2_MDT\\GEOTIFF\\MDT_1452192.tif","SHRT_FNAME":"MDT_1452192.tif","UPPER_LEFT_X":"508964.617","UPPER_LEFT_Y":"9195876.447","LOWER_RIGHT_X":"509966.617","LOWER_RIGHT_Y":"9194874.447"},"geometry":{"type":"Polygon","coordinates":[[[-62.918787871075935,-7.274759444462192],[-62.90971057420488,-7.274757726707421],[-62.90970876170811,-7.283821662292788],[-62.918786240799008,-7.283823382210089],[-62.918787871075935,-7.274759444462192]]]}},
{"type":"Feature","properties":{"DESCRIPTION":"MDT_1452193.tif","FILENAME":"U:\\P589_AmazoniaRevelada_BR-319\\LiDAR_dataset\\ENTREGAS\\ENTREGA_03\\2_MDT\\GEOTIFF\\MDT_1452193.tif","SHRT_FNAME":"MDT_1452193.tif","UPPER_LEFT_X":"509964.712","UPPER_LEFT_Y":"9195876.447","LOWER_RIGHT_X":"510966.712","LOWER_RIGHT_Y":"9194874.447"},"geometry":{"type":"Polygon","coordinates":[[[-62.909727830122705,-7.274757730145375],[-62.900650535564388,-7.274755830901015],[-62.900648541194407,-7.283819764099698],[-62.909726017972339,-7.283821665735069],[-62.909727830122705,-7.274757730145375]]]}},
{"type":"Feature","properties":{"DESCRIPTION":"MDT_1453147.tif","FILENAME":"U:\\P589_AmazoniaRevelada_BR-319\\LiDAR_dataset\\ENTREGAS\\ENTREGA_03\\2_MDT\\GEOTIFF\\MDT_1453147.tif","SHRT_FNAME":"MDT_1453147.tif","UPPER_LEFT_X":"463960.333","UPPER_LEFT_Y":"9194876.572","LOWER_RIGHT_X":"464962.333","LOWER_RIGHT_Y":"9193874.572"},"geometry":{"type":"Polygon","coordinates":[[[-63.326494886647424,-7.283693682879154],[-63.31741754409741,-7.283700140136078],[-63.31742392391407,-7.292763943473576],[-63.326501448902988,-7.292757478097322],[-63.326494886647424,-7.283693682879154]]]}},
{"type":"Feature","properties":{"DESCRIPTION":"MDT_1453148.tif","FILENAME":"U:\\P589_AmazoniaRevelada_BR-319\\LiDAR_dataset\\ENTREGAS\\ENTREGA_03\\2_MDT\\GEOTIFF\\MDT_1453148.tif","SHRT_FNAME":"MDT_1453148.tif","UPPER_LEFT_X":"464960.428","UPPER_LEFT_Y":"9194876.572","LOWER_RIGHT_X":"465962.428","LOWER_RIGHT_Y":"9193874.572"},"geometry":{"type":"Polygon","coordinates":[[[-63.317434800112004,-7.283700128033558],[-63.30835744942997,-7.283706403585648],[-63.30836364715374,-7.29277021479878],[-63.317441180275466,-7.292763931355839],[-63.317434800112004,-7.283700128033558]]]}},
{"type":"Feature","properties":{"DESCRIPTION":"MDT_1453149.tif","FILENAME":"U:\\P589_AmazoniaRevelada_BR-319\\LiDAR_dataset\\ENTREGAS\\ENTREGA_03\\2_MDT\\GEOTIFF\\MDT_1453149.tif","SHRT_FNAME":"MDT_1453149.tif","UPPER_LEFT_X":"465960.523","UPPER_LEFT_Y":"9194876.572","LOWER_RIGHT_X":"466962.523","LOWER_RIGHT_Y":"9193874.572"},"geometry":{"type":"Polygon","coordinates":[[[-63.308374705459791,-7.283706391828548],[-63.299297346877836,-7.283712485675019],[-63.299303362507942,-7.292776304535743],[-63.308380903530384,-7.292770203026897],[-63.308374705459791,-7.283706391828548]]]}},
{"type":"Feature","properties":{"DESCRIPTION":"MDT_1453150.tif","FILENAME":"U:\\P589_AmazoniaRevelada_BR-319\\LiDAR_dataset\\ENTREGAS\\ENTREGA_03\\2_MDT\\GEOTIFF\\MDT_1453150.tif","SHRT_FNAME":"MDT_1453150.tif","UPPER_LEFT_X":"466960.618","UPPER_LEFT_Y":"9194876.572","LOWER_RIGHT_X":"467962.618","LOWER_RIGHT_Y":"9193874.572"},"geometry":{"type":"Polygon","coordinates":[[[-63.299314602922465,-7.283712474263343],[-63.290237236672674,-7.283718386403438],[-63.290243070208355,-7.292782212683714],[-63.29932061889938,-7.29277629310972],[-63.299314602922465,-7.283712474263343]]]}},
{"type":"Feature","properties":{"DESCRIPTION":"MDT_1453151.tif","FILENAME":"U:\\P589_AmazoniaRevelada_BR-319\\LiDAR_dataset\\ENTREGAS\\ENTREGA_03\\2_MDT\\GEOTIFF\\MDT_1453151.tif","SHRT_FNAME":"MDT_1453151.tif","UPPER_LEFT_X":"467960.714","UPPER_LEFT_Y":"9194876.572","LOWER_RIGHT_X":"468962.714","LOWER_RIGHT_Y":"9193874.572"},"geometry":{"type":"Polygon","coordinates":[[[-63.290254492731655,-7.283718375337186],[-63.281177119046141,-7.283724105770167],[-63.281182770486673,-7.292787939241954],[-63.290260326614153,-7.292782201603549],[-63.290254492731655,-7.283718375337186]]]}},
{"type":"Feature","properties":{"DESCRIPTION":"MDT_1453152.tif","FILENAME":"U:\\P589_AmazoniaRevelada_BR-319\\LiDAR_dataset\\ENTREGAS\\ENTREGA_03\\2_MDT\\GEOTIFF\\MDT_1453152.tif","SHRT_FNAME":"MDT_1453152.tif","UPPER_LEFT_X":"468960.809","UPPER_LEFT_Y":"9194876.572","LOWER_RIGHT_X":"469962.809","LOWER_RIGHT_Y":"9193874.572"},"geometry":{"type":"Polygon","coordinates":[[[-63.281194375119043,-7.283724095049339],[-63.272116994229911,-7.2837296437745],[-63.272122463574561,-7.292793484209749],[-63.281200026906383,-7.292787928507647],[-63.281194375119043,-7.283724095049339]]]}},
{"type":"Feature","properties":{"DESCRIPTION":"MDT_1453153.tif","FILENAME":"U:\\P589_AmazoniaRevelada_BR-319\\LiDAR_dataset\\ENTREGAS\\ENTREGA_03\\2_MDT\\GEOTIFF\\MDT_1453153.tif","SHRT_FNAME":"MDT_1453153.tif","UPPER_LEFT_X":"469960.904","UPPER_LEFT_Y":"9194876.572","LOWER_RIGHT_X":"470962.904","LOWER_RIGHT_Y":"9193874.572"},"geometry":{"type":"Polygon","coordinates":[[[-63.27213425031627,-7.283729633399101],[-63.263056862455613,-7.283735000415746],[-63.263062149703714,-7.292798847586414],[-63.27213972000775,-7.292793473821307],[-63.27213425031627,-7.283729633399101]]]}},
{"type":"Feature","properties":{"DESCRIPTION":"MDT_1453154.tif","FILENAME":"U:\\P589_AmazoniaRevelada_BR-319\\LiDAR_dataset\\ENTREGAS\\ENTREGA_03\\2_MDT\\GEOTIFF\\MDT_1453154.tif","SHRT_FNAME":"MDT_1453154.tif","UPPER_LEFT_X":"470960.999","UPPER_LEFT_Y":"9194876.572","LOWER_RIGHT_X":"471962.999","LOWER_RIGHT_Y":"9193874.572"},"geometry":{"type":"Polygon","coordinates":[[[-63.263074118555011,-7.283734990385776],[-63.253996723954941,-7.283740175693241],[-63.254001829105825,-7.29280402937128],[-63.263079406149949,-7.292798837543832],[-63.263074118555011,-7.283734990385776]]]}},
{"type":"Feature","properties":{"DESCRIPTION":"MDT_1453155.tif","FILENAME":"U:\\P589_AmazoniaRevelada_BR-319\\LiDAR_dataset\\ENTREGAS\\ENTREGA_03\\2_MDT\\GEOTIFF\\MDT_1453155.tif","SHRT_FNAME":"MDT_1453155.tif","UPPER_LEFT_X":"471961.094","UPPER_LEFT_Y":"9194876.572","LOWER_RIGHT_X":"472963.094","LOWER_RIGHT_Y":"9193874.572"},"geometry":{"type":"Polygon","coordinates":[[[-63.254013980066922,-7.283740166008699],[-63.244936578959525,-7.283745169606337],[-63.244941502012558,-7.292809029563703],[-63.254019085564629,-7.292804019674564],[-63.254013980066922,-7.283740166008699]]]}},
{"type":"Feature","properties":{"DESCRIPTION":"MDT_1453156.tif","FILENAME":"U:\\P589_AmazoniaRevelada_BR-319\\LiDAR_dataset\\ENTREGAS\\ENTREGA_03\\2_MDT\\GEOTIFF\\MDT_1453156.tif","SHRT_FNAME":"MDT_1453156.tif","UPPER_LEFT_X":"472961.190","UPPER_LEFT_Y":"9194876.572","LOWER_RIGHT_X":"473963.190","LOWER_RIGHT_Y":"9193874.572"},"geometry":{"type":"Polygon","coordinates":[[[-63.244953835083663,-7.283745160267224],[-63.235876427701058,-7.283749982154415],[-63.235881168655609,-7.292813848163062],[-63.244958758483527,-7.292809020212849],[-63.244953835083663,-7.283745160267224]]]}},
{"type":"Feature","properties":{"DESCRIPTION":"MDT_1453157.tif","FILENAME":"U:\\P589_AmazoniaRevelada_BR-319\\LiDAR_dataset\\ENTREGAS\\ENTREGA_03\\2_MDT\\GEOTIFF\\MDT_1453157.tif","SHRT_FNAME":"MDT_1453157.tif","UPPER_LEFT_X":"473961.285","UPPER_LEFT_Y":"9194876.572","LOWER_RIGHT_X":"474963.285","LOWER_RIGHT_Y":"9193874.572"},"geometry":{"type":"Polygon","coordinates":[[[-63.235893683836906,-7.283749973160737],[-63.226816270411184,-7.283754613336878],[-63.226820829266664,-7.292818485168755],[-63.235898425138281,-7.292813839158072],[-63.235893683836906,-7.283749973160737]]]}},
{"type":"Feature","properties":{"DESCRIPTION":"MDT_1453158.tif","FILENAME":"U:\\P589_AmazoniaRevelada_BR-319\\LiDAR_dataset\\ENTREGAS\\ENTREGA_03\\2_MDT\\GEOTIFF\\MDT_1453158.tif","SHRT_FNAME":"MDT_1453158.tif","UPPER_LEFT_X":"474961.380","UPPER_LEFT_Y":"9194876.572","LOWER_RIGHT_X":"475963.380","LOWER_RIGHT_Y":"9193874.572"},"geometry":{"type":"Polygon","coordinates":[[[-63.226833526558302,-7.283754604688632],[-63.217756107321577,-7.283759063153148],[-63.217760484077417,-7.292822940580209],[-63.226838085760605,-7.292818476509633],[-63.226833526558302,-7.283754604688632]]]}},
{"type":"Feature","properties":{"DESCRIPTION":"MDT_1453159.tif","FILENAME":"U:\\P589_AmazoniaRevelada_BR-319\\LiDAR_dataset\\ENTREGAS\\ENTREGA_03\\2_MDT\\GEOTIFF\\MDT_1453159.tif","SHRT_FNAME":"MDT_1453159.tif","UPPER_LEFT_X":"475961.475","UPPER_LEFT_Y":"9194876.572","LOWER_RIGHT_X":"476963.475","LOWER_RIGHT_Y":"9193874.572"},"geometry":{"type":"Polygon","coordinates":[[[-63.217773363479509,-7.283759054850336],[-63.208695938663901,-7.283763331602673],[-63.208700133319539,-7.292827214396866],[-63.217777740582186,-7.292822932266954],[-63.217773363479509,-7.283759054850336]]]}},
{"type":"Feature","properties":{"DESCRIPTION":"MDT_1453160.tif","FILENAME":"U:\\P589_AmazoniaRevelada_BR-319\\LiDAR_dataset\\ENTREGAS\\ENTREGA_03\\2_MDT\\GEOTIFF\\MDT_1453160.tif","SHRT_FNAME":"MDT_1453160.tif","UPPER_LEFT_X":"476961.570","UPPER_LEFT_Y":"9194876.572","LOWER_RIGHT_X":"477963.570","LOWER_RIGHT_Y":"9193874.572"},"geometry":{"type":"Polygon","coordinates":[[[-63.208713194832228,-7.283763323645295],[-63.199635764669814,-7.283767418684924],[-63.199639777224739,-7.292831306618194],[-63.208717389834696,-7.292827206429479],[-63.208713194832228,-7.283763323645295]]]}},
{"type":"Feature","properties":{"DESCRIPTION":"MDT_1453161.tif","FILENAME":"U:\\P589_AmazoniaRevelada_BR-319\\LiDAR_dataset\\ENTREGAS\\ENTREGA_03\\2_MDT\\GEOTIFF\\MDT_1453161.tif","SHRT_FNAME":"MDT_1453161.tif","UPPER_LEFT_X":"477961.666","UPPER_LEFT_Y":"9194876.572","LOWER_RIGHT_X":"478963.666","LOWER_RIGHT_Y":"9193874.572"},"geometry":{"type":"Polygon","coordinates":[[[-63.199653020848082,-7.283767411072982],[-63.190575585571004,-7.283771324399391],[-63.190579416024697,-7.292835217243691],[-63.199657033749837,-7.292831298996682],[-63.199653020848082,-7.283767411072982]]]}},
{"type":"Feature","properties":{"DESCRIPTION":"MDT_1453162.tif","FILENAME":"U:\\P589_AmazoniaRevelada_BR-319\\LiDAR_dataset\\ENTREGAS\\ENTREGA_03\\2_MDT\\GEOTIFF\\MDT_1453162.tif","SHRT_FNAME":"MDT_1453162.tif","UPPER_LEFT_X":"478961.761","UPPER_LEFT_Y":"9194876.572","LOWER_RIGHT_X":"479963.761","LOWER_RIGHT_Y":"9193874.572"},"geometry":{"type":"Polygon","coordinates":[[[-63.190592841758772,-7.283771317132883],[-63.181515401599107,-7.283775048745584],[-63.181519049951099,-7.292838946272864],[-63.190596672559295,-7.292835209968049],[-63.190592841758772,-7.283771317132883]]]}},
{"type":"Feature","properties":{"DESCRIPTION":"MDT_1453163.tif","FILENAME":"U:\\P589_AmazoniaRevelada_BR-319\\LiDAR_dataset\\ENTREGAS\\ENTREGA_03\\2_MDT\\GEOTIFF\\MDT_1453163.tif","SHRT_FNAME":"MDT_1453163.tif","UPPER_LEFT_X":"479961.856","UPPER_LEFT_Y":"9194876.572","LOWER_RIGHT_X":"480963.856","LOWER_RIGHT_Y":"9193874.572"},"geometry":{"type":"Polygon","coordinates":[[[-63.181532657795934,-7.283775041824518],[-63.172455212985824,-7.283778591723046],[-63.172458679235646,-7.292842493705252],[-63.18153630649477,-7.292838939343093],[-63.181532657795934,-7.283775041824518]]]}},
{"type":"Feature","properties":{"DESCRIPTION":"MDT_1453164.tif","FILENAME":"U:\\P589_AmazoniaRevelada_BR-319\\LiDAR_dataset\\ENTREGAS\\ENTREGA_03\\2_MDT\\GEOTIFF\\MDT_1453164.tif","SHRT_FNAME":"MDT_1453164.tif","UPPER_LEFT_X":"480961.951","UPPER_LEFT_Y":"9194876.572","LOWER_RIGHT_X":"481963.951","LOWER_RIGHT_Y":"9193874.572"},"geometry":{"type":"Polygon","coordinates":[[[-63.17247246919127,-7.283778585147417],[-63.163395019962792,-7.283781953331336],[-63.163398304110025,-7.292845859540413],[-63.172475935787929,-7.292842487121354],[-63.17247246919127,-7.283778585147417]]]}},
{"type":"Feature","properties":{"DESCRIPTION":"MDT_1453165.tif","FILENAME":"U:\\P589_AmazoniaRevelada_BR-319\\LiDAR_dataset\\ENTREGAS\\ENTREGA_03\\2_MDT\\GEOTIFF\\MDT_1453165.tif","SHRT_FNAME":"MDT_1453165.tif","UPPER_LEFT_X":"481962.046","UPPER_LEFT_Y":"9194876.572","LOWER_RIGHT_X":"482964.046","LOWER_RIGHT_Y":"9193874.572"},"geometry":{"type":"Polygon","coordinates":[[[-63.163412276176423,-7.283781947101143],[-63.154334822761705,-7.283785133570031],[-63.154337924805915,-7.29284904377793],[-63.163415560670487,-7.29284585330239],[-63.163412276176423,-7.283781947101143]]]}},
{"type":"Feature","properties":{"DESCRIPTION":"MDT_1453166.tif","FILENAME":"U:\\P589_AmazoniaRevelada_BR-319\\LiDAR_dataset\\ENTREGAS\\ENTREGA_03\\2_MDT\\GEOTIFF\\MDT_1453166.tif","SHRT_FNAME":"MDT_1453166.tif","UPPER_LEFT_X":"482962.142","UPPER_LEFT_Y":"9194876.572","LOWER_RIGHT_X":"483964.142","LOWER_RIGHT_Y":"9193874.572"},"geometry":{"type":"Polygon","coordinates":[[[-63.154352078983067,-7.283785127685279],[-63.145274621614227,-7.28378813243874],[-63.145277541555032,-7.292852046417405],[-63.154355181374129,-7.29284903788578],[-63.154352078983067,-7.283785127685279]]]}},
{"type":"Feature","properties":{"DESCRIPTION":"MDT_1453167.tif","FILENAME":"U:\\P589_AmazoniaRevelada_BR-319\\LiDAR_dataset\\ENTREGAS\\ENTREGA_03\\2_MDT\\GEOTIFF\\MDT_1453167.tif","SHRT_FNAME":"MDT_1453167.tif","UPPER_LEFT_X":"483962.237","UPPER_LEFT_Y":"9194876.572","LOWER_RIGHT_X":"484964.237","LOWER_RIGHT_Y":"9193874.572"},"geometry":{"type":"Polygon","coordinates":[[[-63.145291877842887,-7.283788126899432],[-63.136214416752019,-7.283790949937088],[-63.136217154589062,-7.292854867458466],[-63.145294798130536,-7.292852040871133],[-63.145291877842887,-7.283788126899432]]]}},
{"type":"Feature","properties":{"DESCRIPTION":"MDT_1453168.tif","FILENAME":"U:\\P589_AmazoniaRevelada_BR-319\\LiDAR_dataset\\ENTREGAS\\ENTREGA_03\\2_MDT\\GEOTIFF\\MDT_1453168.tif","SHRT_FNAME":"MDT_1453168.tif","UPPER_LEFT_X":"484962.332","UPPER_LEFT_Y":"9194876.572","LOWER_RIGHT_X":"485964.332","LOWER_RIGHT_Y":"9193874.572"},"geometry":{"type":"Polygon","coordinates":[[[-63.136231672987535,-7.28379094474322],[-63.127154208406758,-7.283793586064726],[-63.127156764139691,-7.29285750690076],[-63.136234411171422,-7.292854862258069],[-63.136231672987535,-7.28379094474322]]]}},
{"type":"Feature","properties":{"DESCRIPTION":"MDT_1453169.tif","FILENAME":"U:\\P589_AmazoniaRevelada_BR-319\\LiDAR_dataset\\ENTREGAS\\ENTREGA_03\\2_MDT\\GEOTIFF\\MDT_1453169.tif","SHRT_FNAME":"MDT_1453169.tif","UPPER_LEFT_X":"485962.427","UPPER_LEFT_Y":"9194876.572","LOWER_RIGHT_X":"486964.427","LOWER_RIGHT_Y":"9193874.572"},"geometry":{"type":"Polygon","coordinates":[[[-63.127171464648683,-7.283793581216301],[-63.118093996810117,-7.283796040821325],[-63.118096370438614,-7.292859964743963],[-63.127174020728461,-7.292857502046238],[-63.127171464648683,-7.283793581216301]]]}},
{"type":"Feature","properties":{"DESCRIPTION":"MDT_1453170.tif","FILENAME":"U:\\P589_AmazoniaRevelada_BR-319\\LiDAR_dataset\\ENTREGAS\\ENTREGA_03\\2_MDT\\GEOTIFF\\MDT_1453170.tif","SHRT_FNAME":"MDT_1453170.tif","UPPER_LEFT_X":"486962.522","UPPER_LEFT_Y":"9194876.572","LOWER_RIGHT_X":"487964.522","LOWER_RIGHT_Y":"9193874.572"},"geometry":{"type":"Polygon","coordinates":[[[-63.118111253058011,-7.283796036318344],[-63.109033782193762,-7.28379831420658],[-63.109035973717532,-7.292862240987763],[-63.118113627033367,-7.292859960235319],[-63.118111253058011,-7.283796036318344]]]}},
{"type":"Feature","properties":{"DESCRIPTION":"MDT_1453171.tif","FILENAME":"U:\\P589_AmazoniaRevelada_BR-319\\LiDAR_dataset\\ENTREGAS\\ENTREGA_03\\2_MDT\\GEOTIFF\\MDT_1453171.tif","SHRT_FNAME":"MDT_1453171.tif","UPPER_LEFT_X":"487962.618","UPPER_LEFT_Y":"9194876.572","LOWER_RIGHT_X":"488964.618","LOWER_RIGHT_Y":"9193874.572"},"geometry":{"type":"Polygon","coordinates":[[[-63.109051038447198,-7.283798310049042],[-63.09997356478938,-7.283800406220209],[-63.099975574208138,-7.292864335631881],[-63.109053230317805,-7.292862236824996],[-63.109051038447198,-7.283798310049042]]]}},
{"type":"Feature","properties":{"DESCRIPTION":"MDT_1453172.tif","FILENAME":"U:\\P589_AmazoniaRevelada_BR-319\\LiDAR_dataset\\ENTREGAS\\ENTREGA_03\\2_MDT\\GEOTIFF\\MDT_1453172.tif","SHRT_FNAME":"MDT_1453172.tif","UPPER_LEFT_X":"488962.713","UPPER_LEFT_Y":"9194876.572","LOWER_RIGHT_X":"489964.713","LOWER_RIGHT_Y":"9193874.572"},"geometry":{"type":"Polygon","coordinates":[[[-63.099990821047896,-7.283800402408117],[-63.090913344828621,-7.283802316861951],[-63.090915172142125,-7.292866248676058],[-63.099992830813505,-7.292864331814996],[-63.099990821047896,-7.283800402408117]]]}},
{"type":"Feature","properties":{"DESCRIPTION":"MDT_1453173.tif","FILENAME":"U:\\P589_AmazoniaRevelada_BR-319\\LiDAR_dataset\\ENTREGAS\\ENTREGA_03\\2_MDT\\GEOTIFF\\MDT_1453173.tif","SHRT_FNAME":"MDT_1453173.tif","UPPER_LEFT_X":"489962.808","UPPER_LEFT_Y":"9194876.572","LOWER_RIGHT_X":"490964.808","LOWER_RIGHT_Y":"9193874.572"},"geometry":{"type":"Polygon","coordinates":[[[-63.090930601091792,-7.283802313395304],[-63.081853122543166,-7.283804046131572],[-63.081854767751189,-7.292867980120052],[-63.090932428752147,-7.292866245205049],[-63.090930601091792,-7.283802313395304]]]}},
{"type":"Feature","properties":{"DESCRIPTION":"MDT_1453174.tif","FILENAME":"U:\\P589_AmazoniaRevelada_BR-319\\LiDAR_dataset\\ENTREGAS\\ENTREGA_03\\2_MDT\\GEOTIFF\\MDT_1453174.tif","SHRT_FNAME":"MDT_1453174.tif","UPPER_LEFT_X":"490962.903","UPPER_LEFT_Y":"9194876.572","LOWER_RIGHT_X":"491964.903","LOWER_RIGHT_Y":"9193874.572"},"geometry":{"type":"Polygon","coordinates":[[[-63.081870378810549,-7.283804043010365],[-63.072792898164693,-7.28380559402885],[-63.072794361267022,-7.292869529963655],[-63.08187202436541,-7.292867976994925],[-63.081870378810549,-7.283804043010365]]]}},
{"type":"Feature","properties":{"DESCRIPTION":"MDT_1453175.tif","FILENAME":"U:\\P589_AmazoniaRevelada_BR-319\\LiDAR_dataset\\ENTREGAS\\ENTREGA_03\\2_MDT\\GEOTIFF\\MDT_1453175.tif","SHRT_FNAME":"MDT_1453175.tif","UPPER_LEFT_X":"491962.998","UPPER_LEFT_Y":"9194876.572","LOWER_RIGHT_X":"492964.998","LOWER_RIGHT_Y":"9193874.572"},"geometry":{"type":"Polygon","coordinates":[[[-63.072810154435842,-7.283805591253091],[-63.063732671924882,-7.283806960553597],[-63.063733952921332,-7.292870898206666],[-63.072811617885016,-7.292869527184405],[-63.072810154435842,-7.283805591253091]]]}},
{"type":"Feature","properties":{"DESCRIPTION":"MDT_1453176.tif","FILENAME":"U:\\P589_AmazoniaRevelada_BR-319\\LiDAR_dataset\\ENTREGAS\\ENTREGA_03\\2_MDT\\GEOTIFF\\MDT_1453176.tif","SHRT_FNAME":"MDT_1453176.tif","UPPER_LEFT_X":"492963.094","UPPER_LEFT_Y":"9194876.572","LOWER_RIGHT_X":"493965.094","LOWER_RIGHT_Y":"9193874.572"},"geometry":{"type":"Polygon","coordinates":[[[-63.06374992819935,-7.283806958123282],[-63.054672444055392,-7.283808145705643],[-63.0546735429458,-7.292872084848916],[-63.063751209542644,-7.292870895773295],[-63.06374992819935,-7.283806958123282]]]}},
{"type":"Feature","properties":{"DESCRIPTION":"MDT_1453177.tif","FILENAME":"U:\\P589_AmazoniaRevelada_BR-319\\LiDAR_dataset\\ENTREGAS\\ENTREGA_03\\2_MDT\\GEOTIFF\\MDT_1453177.tif","SHRT_FNAME":"MDT_1453177.tif","UPPER_LEFT_X":"493963.189","UPPER_LEFT_Y":"9194876.572","LOWER_RIGHT_X":"494965.189","LOWER_RIGHT_Y":"9193874.572"},"geometry":{"type":"Polygon","coordinates":[[[-63.054689700332744,-7.283808143620774],[-63.045612214787909,-7.283809149484838],[-63.045613131572132,-7.29287308989026],[-63.054690799570004,-7.292872082761428],[-63.054689700332744,-7.283808143620774]]]}},
{"type":"Feature","properties":{"DESCRIPTION":"MDT_1453178.tif","FILENAME":"U:\\P589_AmazoniaRevelada_BR-319\\LiDAR_dataset\\ENTREGAS\\ENTREGA_03\\2_MDT\\GEOTIFF\\MDT_1453178.tif","SHRT_FNAME":"MDT_1453178.tif","UPPER_LEFT_X":"494963.284","UPPER_LEFT_Y":"9194876.572","LOWER_RIGHT_X":"495965.284","LOWER_RIGHT_Y":"9193874.572"},"geometry":{"type":"Polygon","coordinates":[[[-63.045629471067706,-7.283809147745417],[-63.036551984354091,-7.283809971891064],[-63.036552719032031,-7.292873913330573],[-63.045630388198781,-7.292873088148654],[-63.045629471067706,-7.283809147745417]]]}},
{"type":"Feature","properties":{"DESCRIPTION":"MDT_1453179.tif","FILENAME":"U:\\P589_AmazoniaRevelada_BR-319\\LiDAR_dataset\\ENTREGAS\\ENTREGA_03\\2_MDT\\GEOTIFF\\MDT_1453179.tif","SHRT_FNAME":"MDT_1453179.tif","UPPER_LEFT_X":"495963.379","UPPER_LEFT_Y":"9194876.572","LOWER_RIGHT_X":"496965.379","LOWER_RIGHT_Y":"9193874.572"},"geometry":{"type":"Polygon","coordinates":[[[-63.036569240635885,-7.283809970497086],[-63.027491752985625,-7.28381061292421],[-63.027492305557175,-7.292874555169753],[-63.036569975660676,-7.292873911934845],[-63.036569240635885,-7.283809970497086]]]}},
{"type":"Feature","properties":{"DESCRIPTION":"MDT_1453180.tif","FILENAME":"U:\\P589_AmazoniaRevelada_BR-319\\LiDAR_dataset\\ENTREGAS\\ENTREGA_03\\2_MDT\\GEOTIFF\\MDT_1453180.tif","SHRT_FNAME":"MDT_1453180.tif","UPPER_LEFT_X":"496963.474","UPPER_LEFT_Y":"9194876.572","LOWER_RIGHT_X":"497965.474","LOWER_RIGHT_Y":"9193874.572"},"geometry":{"type":"Polygon","coordinates":[[[-63.027509009268982,-7.283810611875681],[-63.018431520914184,-7.2838110725842],[-63.018431891379279,-7.292875015407719],[-63.027509562187383,-7.292874554119907],[-63.027509009268982,-7.283810611875681]]]}},
{"type":"Feature","properties":{"DESCRIPTION":"MDT_1453181.tif","FILENAME":"U:\\P589_AmazoniaRevelada_BR-319\\LiDAR_dataset\\ENTREGAS\\ENTREGA_03\\2_MDT\\GEOTIFF\\MDT_1453181.tif","SHRT_FNAME":"MDT_1453181.tif","UPPER_LEFT_X":"497963.570","UPPER_LEFT_Y":"9194876.572","LOWER_RIGHT_X":"498965.570","LOWER_RIGHT_Y":"9193874.572"},"geometry":{"type":"Polygon","coordinates":[[[-63.018448777198657,-7.283811071881116],[-63.009371288371433,-7.283811350870976],[-63.009371476730038,-7.292875294044413],[-63.01844914801061,-7.292875014703752],[-63.018448777198657,-7.283811071881116]]]}},
{"type":"Feature","properties":{"DESCRIPTION":"MDT_1453182.tif","FILENAME":"U:\\P589_AmazoniaRevelada_BR-319\\LiDAR_dataset\\ENTREGAS\\ENTREGA_03\\2_MDT\\GEOTIFF\\MDT_1453182.tif","SHRT_FNAME":"MDT_1453182.tif","UPPER_LEFT_X":"498963.665","UPPER_LEFT_Y":"9194876.572","LOWER_RIGHT_X":"499965.665","LOWER_RIGHT_Y":"9193874.572"},"geometry":{"type":"Polygon","coordinates":[[[-63.009388544656588,-7.283811350513343],[-63.000311055589066,-7.283811447784508],[-63.000311061841138,-7.292875391079804],[-63.009388733362037,-7.292875293686329],[-63.009388544656588,-7.283811350513343]]]}},
{"type":"Feature","properties":{"DESCRIPTION":"MDT_1453183.tif","FILENAME":"U:\\P589_AmazoniaRevelada_BR-319\\LiDAR_dataset\\ENTREGAS\\ENTREGA_03\\2_MDT\\GEOTIFF\\MDT_1453183.tif","SHRT_FNAME":"MDT_1453183.tif","UPPER_LEFT_X":"499963.760","UPPER_LEFT_Y":"9194876.572","LOWER_RIGHT_X":"500965.760","LOWER_RIGHT_Y":"9193874.572"},"geometry":{"type":"Polygon","coordinates":[[[-63.000328311874455,-7.283811447772318],[-62.99125082279874,-7.283811363324778],[-62.991250646944295,-7.292875306513875],[-63.000328318473379,-7.292875391067599],[-63.000328311874455,-7.283811447772318]]]}},
{"type":"Feature","properties":{"DESCRIPTION":"MDT_1453184.tif","FILENAME":"U:\\P589_AmazoniaRevelada_BR-319\\LiDAR_dataset\\ENTREGAS\\ENTREGA_03\\2_MDT\\GEOTIFF\\MDT_1453184.tif","SHRT_FNAME":"MDT_1453184.tif","UPPER_LEFT_X":"500963.855","UPPER_LEFT_Y":"9194876.572","LOWER_RIGHT_X":"501965.855","LOWER_RIGHT_Y":"9193874.572"},"geometry":{"type":"Polygon","coordinates":[[[-62.991268079083923,-7.283811363658035],[-62.982190590232129,-7.2838110974918],[-62.982190232271186,-7.292875040346638],[-62.991267903576322,-7.292875306847551],[-62.991268079083923,-7.283811363658035]]]}},
{"type":"Feature","properties":{"DESCRIPTION":"MDT_1453185.tif","FILENAME":"U:\\P589_AmazoniaRevelada_BR-319\\LiDAR_dataset\\ENTREGAS\\ENTREGA_03\\2_MDT\\GEOTIFF\\MDT_1453185.tif","SHRT_FNAME":"MDT_1453185.tif","UPPER_LEFT_X":"501963.950","UPPER_LEFT_Y":"9194876.572","LOWER_RIGHT_X":"502965.950","LOWER_RIGHT_Y":"9193874.572"},"geometry":{"type":"Polygon","coordinates":[[[-62.98220784651668,-7.283811098170505],[-62.973130358120926,-7.283810650285603],[-62.973129818053508,-7.292874592578127],[-62.98220748890256,-7.292875041026196],[-62.98220784651668,-7.283811098170505]]]}},
{"type":"Feature","properties":{"DESCRIPTION":"MDT_1453186.tif","FILENAME":"U:\\P589_AmazoniaRevelada_BR-319\\LiDAR_dataset\\ENTREGAS\\ENTREGA_03\\2_MDT\\GEOTIFF\\MDT_1453186.tif","SHRT_FNAME":"MDT_1453186.tif","UPPER_LEFT_X":"502964.046","UPPER_LEFT_Y":"9194876.572","LOWER_RIGHT_X":"503966.046","LOWER_RIGHT_Y":"9193874.572"},"geometry":{"type":"Polygon","coordinates":[[[-62.973147614404375,-7.283810651309754],[-62.964070126696775,-7.283810021706247],[-62.964069404522981,-7.292873963208399],[-62.973147074683801,-7.292874593603567],[-62.973147614404375,-7.283810651309754]]]}},
{"type":"Feature","properties":{"DESCRIPTION":"MDT_1453187.tif","FILENAME":"U:\\P589_AmazoniaRevelada_BR-319\\LiDAR_dataset\\ENTREGAS\\ENTREGA_03\\2_MDT\\GEOTIFF\\MDT_1453187.tif","SHRT_FNAME":"MDT_1453187.tif","UPPER_LEFT_X":"503964.141","UPPER_LEFT_Y":"9194876.572","LOWER_RIGHT_X":"504966.141","LOWER_RIGHT_Y":"9193874.572"},"geometry":{"type":"Polygon","coordinates":[[[-62.964087382978697,-7.283810023075845],[-62.955009896191378,-7.283809211753812],[-62.955008991911278,-7.29287315223753],[-62.964086661151747,-7.29287396457972],[-62.964087382978697,-7.283810023075845]]]}},
{"type":"Feature","properties":{"DESCRIPTION":"MDT_1453188.tif","FILENAME":"U:\\P589_AmazoniaRevelada_BR-319\\LiDAR_dataset\\ENTREGAS\\ENTREGA_03\\2_MDT\\GEOTIFF\\MDT_1453188.tif","SHRT_FNAME":"MDT_1453188.tif","UPPER_LEFT_X":"504964.236","UPPER_LEFT_Y":"9194876.572","LOWER_RIGHT_X":"505966.236","LOWER_RIGHT_Y":"9193874.572"},"geometry":{"type":"Polygon","coordinates":[[[-62.955027152471331,-7.283809213468852],[-62.945949666836391,-7.283808220428391],[-62.945948580450107,-7.292872159665621],[-62.955026248538076,-7.292873153954729],[-62.955027152471331,-7.283809213468852]]]}},
{"type":"Feature","properties":{"DESCRIPTION":"MDT_1453189.tif","FILENAME":"U:\\P589_AmazoniaRevelada_BR-319\\LiDAR_dataset\\ENTREGAS\\ENTREGA_03\\2_MDT\\GEOTIFF\\MDT_1453189.tif","SHRT_FNAME":"MDT_1453189.tif","UPPER_LEFT_X":"505964.331","UPPER_LEFT_Y":"9194876.572","LOWER_RIGHT_X":"506966.331","LOWER_RIGHT_Y":"9193874.572"},"geometry":{"type":"Polygon","coordinates":[[[-62.945966923113943,-7.283808222488883],[-62.93688943886351,-7.283807047730113],[-62.936888170371169,-7.292870985492798],[-62.945965837074503,-7.292872161728703],[-62.945966923113943,-7.283808222488883]]]}},
{"type":"Feature","properties":{"DESCRIPTION":"MDT_1453190.tif","FILENAME":"U:\\P589_AmazoniaRevelada_BR-319\\LiDAR_dataset\\ENTREGAS\\ENTREGA_03\\2_MDT\\GEOTIFF\\MDT_1453190.tif","SHRT_FNAME":"MDT_1453190.tif","UPPER_LEFT_X":"506964.426","UPPER_LEFT_Y":"9194876.572","LOWER_RIGHT_X":"507966.426","LOWER_RIGHT_Y":"9193874.572"},"geometry":{"type":"Polygon","coordinates":[[[-62.936906695138198,-7.28380705013605],[-62.927829212504392,-7.283805693659121],[-62.927827761906158,-7.292869629719202],[-62.936905426992716,-7.292870987901757],[-62.936906695138198,-7.28380705013605]]]}},
{"type":"Feature","properties":{"DESCRIPTION":"MDT_1453191.tif","FILENAME":"U:\\P589_AmazoniaRevelada_BR-319\\LiDAR_dataset\\ENTREGAS\\ENTREGA_03\\2_MDT\\GEOTIFF\\MDT_1453191.tif","SHRT_FNAME":"MDT_1453191.tif","UPPER_LEFT_X":"507964.522","UPPER_LEFT_Y":"9194876.572","LOWER_RIGHT_X":"508966.522","LOWER_RIGHT_Y":"9193874.572"},"geometry":{"type":"Polygon","coordinates":[[[-62.927846468775783,-7.283805696410504],[-62.91876898799071,-7.283804158215588],[-62.918767355286775,-7.292868092345007],[-62.927845018524394,-7.292869632474044],[-62.927846468775783,-7.283805696410504]]]}},
{"type":"Feature","properties":{"DESCRIPTION":"MDT_1453192.tif","FILENAME":"U:\\P589_AmazoniaRevelada_BR-319\\LiDAR_dataset\\ENTREGAS\\ENTREGA_03\\2_MDT\\GEOTIFF\\MDT_1453192.tif","SHRT_FNAME":"MDT_1453192.tif","UPPER_LEFT_X":"508964.617","UPPER_LEFT_Y":"9194876.572","LOWER_RIGHT_X":"509966.617","LOWER_RIGHT_Y":"9193874.572"},"geometry":{"type":"Polygon","coordinates":[[[-62.918786244258371,-7.283804161312416],[-62.909708765554129,-7.283802441399701],[-62.909706950744699,-7.2928663733704],[-62.918784611901273,-7.292868095445729],[-62.918786244258371,-7.283804161312416]]]}},
{"type":"Feature","properties":{"DESCRIPTION":"MDT_1453193.tif","FILENAME":"U:\\P589_AmazoniaRevelada_BR-319\\LiDAR_dataset\\ENTREGAS\\ENTREGA_03\\2_MDT\\GEOTIFF\\MDT_1453193.tif","SHRT_FNAME":"MDT_1453193.tif","UPPER_LEFT_X":"509964.712","UPPER_LEFT_Y":"9194876.572","LOWER_RIGHT_X":"510966.712","LOWER_RIGHT_Y":"9193874.572"},"geometry":{"type":"Polygon","coordinates":[[[-62.909726021817619,-7.283802444841973],[-62.90064854542635,-7.283800543211672],[-62.900646548511631,-7.2928644727956],[-62.909724207355026,-7.292866376817003],[-62.909726021817619,-7.283802444841973]]]}},
{"type":"Feature","properties":{"DESCRIPTION":"MDT_1454147.tif","FILENAME":"U:\\P589_AmazoniaRevelada_BR-319\\LiDAR_dataset\\ENTREGAS\\ENTREGA_03\\2_MDT\\GEOTIFF\\MDT_1454147.tif","SHRT_FNAME":"MDT_1454147.tif","UPPER_LEFT_X":"463960.333","UPPER_LEFT_Y":"9193876.696","LOWER_RIGHT_X":"464962.333","LOWER_RIGHT_Y":"9192874.696"},"geometry":{"type":"Polygon","coordinates":[[[-63.326501434978255,-7.292738257501908],[-63.317423910376469,-7.292744722860943],[-63.317430298323949,-7.301808522574445],[-63.326508005597141,-7.301802049095769],[-63.326501434978255,-7.292738257501908]]]}},
{"type":"Feature","properties":{"DESCRIPTION":"MDT_1454148.tif","FILENAME":"U:\\P589_AmazoniaRevelada_BR-319\\LiDAR_dataset\\ENTREGAS\\ENTREGA_03\\2_MDT\\GEOTIFF\\MDT_1454148.tif","SHRT_FNAME":"MDT_1454148.tif","UPPER_LEFT_X":"464960.428","UPPER_LEFT_Y":"9193876.696","LOWER_RIGHT_X":"465962.428","LOWER_RIGHT_Y":"9192874.696"},"geometry":{"type":"Polygon","coordinates":[[[-63.317441166737133,-7.292744710743237],[-63.308363634002532,-7.292750994169445],[-63.308369839625044,-7.301814801758886],[-63.317447555031869,-7.301808510441521],[-63.317441166737133,-7.292744710743237]]]}},
{"type":"Feature","properties":{"DESCRIPTION":"MDT_1454149.tif","FILENAME":"U:\\P589_AmazoniaRevelada_BR-319\\LiDAR_dataset\\ENTREGAS\\ENTREGA_03\\2_MDT\\GEOTIFF\\MDT_1454149.tif","SHRT_FNAME":"MDT_1454149.tif","UPPER_LEFT_X":"465960.523","UPPER_LEFT_Y":"9193876.696","LOWER_RIGHT_X":"466962.523","LOWER_RIGHT_Y":"9192874.696"},"geometry":{"type":"Polygon","coordinates":[[[-63.30838089037843,-7.292750982397595],[-63.29930334974312,-7.292757083890193],[-63.299309373039904,-7.301820899127518],[-63.308387096348198,-7.30181478997225],[-63.30838089037843,-7.292750982397595]]]}},
{"type":"Feature","properties":{"DESCRIPTION":"MDT_1454150.tif","FILENAME":"U:\\P589_AmazoniaRevelada_BR-319\\LiDAR_dataset\\ENTREGAS\\ENTREGA_03\\2_MDT\\GEOTIFF\\MDT_1454150.tif","SHRT_FNAME":"MDT_1454150.tif","UPPER_LEFT_X":"466960.618","UPPER_LEFT_Y":"9193876.696","LOWER_RIGHT_X":"467962.618","LOWER_RIGHT_Y":"9192874.696"},"geometry":{"type":"Polygon","coordinates":[[[-63.299320606133826,-7.292757072464197],[-63.290243057829926,-7.292762992022429],[-63.290248898800208,-7.301826814679589],[-63.299326629777866,-7.301820887687176],[-63.299320606133826,-7.292757072464197]]]}},
{"type":"Feature","properties":{"DESCRIPTION":"MDT_1454151.tif","FILENAME":"U:\\P589_AmazoniaRevelada_BR-319\\LiDAR_dataset\\ENTREGAS\\ENTREGA_03\\2_MDT\\GEOTIFF\\MDT_1454151.tif","SHRT_FNAME":"MDT_1454151.tif","UPPER_LEFT_X":"467960.714","UPPER_LEFT_Y":"9193876.696","LOWER_RIGHT_X":"468962.714","LOWER_RIGHT_Y":"9192874.696"},"geometry":{"type":"Polygon","coordinates":[[[-63.290260314234992,-7.292762980942291],[-63.281182758494644,-7.292768718565418],[-63.281188417137699,-7.301832548414363],[-63.290266155552537,-7.301826803585538],[-63.290260314234992,-7.292762980942291]]]}},
{"type":"Feature","properties":{"DESCRIPTION":"MDT_1454152.tif","FILENAME":"U:\\P589_AmazoniaRevelada_BR-319\\LiDAR_dataset\\ENTREGAS\\ENTREGA_03\\2_MDT\\GEOTIFF\\MDT_1454152.tif","SHRT_FNAME":"MDT_1454152.tif","UPPER_LEFT_X":"468960.809","UPPER_LEFT_Y":"9193876.696","LOWER_RIGHT_X":"469962.809","LOWER_RIGHT_Y":"9192874.696"},"geometry":{"type":"Polygon","coordinates":[[[-63.281200014913615,-7.292768707831139],[-63.272122451968933,-7.292774263518446],[-63.272127928284043,-7.301838100331125],[-63.281205673903926,-7.301832537666606],[-63.281200014913615,-7.292768707831139]]]}},
{"type":"Feature","properties":{"DESCRIPTION":"MDT_1454153.tif","FILENAME":"U:\\P589_AmazoniaRevelada_BR-319\\LiDAR_dataset\\ENTREGAS\\ENTREGA_03\\2_MDT\\GEOTIFF\\MDT_1454153.tif","SHRT_FNAME":"MDT_1454153.tif","UPPER_LEFT_X":"469960.904","UPPER_LEFT_Y":"9193876.696","LOWER_RIGHT_X":"470962.904","LOWER_RIGHT_Y":"9192874.696"},"geometry":{"type":"Polygon","coordinates":[[[-63.27213970840139,-7.292774253130028],[-63.263062138484486,-7.292779626880828],[-63.263067432470976,-7.301843470429183],[-63.272145185063756,-7.301838089929661],[-63.27213970840139,-7.292774253130028]]]}},
{"type":"Feature","properties":{"DESCRIPTION":"MDT_1454154.tif","FILENAME":"U:\\P589_AmazoniaRevelada_BR-319\\LiDAR_dataset\\ENTREGAS\\ENTREGA_03\\2_MDT\\GEOTIFF\\MDT_1454154.tif","SHRT_FNAME":"MDT_1454154.tif","UPPER_LEFT_X":"470960.999","UPPER_LEFT_Y":"9193876.696","LOWER_RIGHT_X":"471962.999","LOWER_RIGHT_Y":"9192874.696"},"geometry":{"type":"Polygon","coordinates":[[[-63.263079394929967,-7.292779616838272],[-63.254001818272982,-7.292784808651893],[-63.254006929930178,-7.301848658707875],[-63.263084689263721,-7.301843460374016],[-63.263079394929967,-7.292779616838272]]]}},
{"type":"Feature","properties":{"DESCRIPTION":"MDT_1454155.tif","FILENAME":"U:\\P589_AmazoniaRevelada_BR-319\\LiDAR_dataset\\ENTREGAS\\ENTREGA_03\\2_MDT\\GEOTIFF\\MDT_1454155.tif","SHRT_FNAME":"MDT_1454155.tif","UPPER_LEFT_X":"471961.094","UPPER_LEFT_Y":"9193876.696","LOWER_RIGHT_X":"472963.094","LOWER_RIGHT_Y":"9192874.696"},"geometry":{"type":"Polygon","coordinates":[[[-63.254019074731062,-7.292784798955201],[-63.244941491566117,-7.292789808831],[-63.244946420893385,-7.30185366516655],[-63.254024186735521,-7.301848648999003],[-63.254019074731062,-7.292784798955201]]]}},
{"type":"Feature","properties":{"DESCRIPTION":"MDT_1454156.tif","FILENAME":"U:\\P589_AmazoniaRevelada_BR-319\\LiDAR_dataset\\ENTREGAS\\ENTREGA_03\\2_MDT\\GEOTIFF\\MDT_1454156.tif","SHRT_FNAME":"MDT_1454156.tif","UPPER_LEFT_X":"472961.190","UPPER_LEFT_Y":"9193876.696","LOWER_RIGHT_X":"473963.190","LOWER_RIGHT_Y":"9192874.696"},"geometry":{"type":"Polygon","coordinates":[[[-63.244958748036353,-7.292789799480169],[-63.235881158595582,-7.292794627417526],[-63.235885905592284,-7.301858489804586],[-63.244963677710878,-7.301853655803975],[-63.244958748036353,-7.292789799480169]]]}},
{"type":"Feature","properties":{"DESCRIPTION":"MDT_1454157.tif","FILENAME":"U:\\P589_AmazoniaRevelada_BR-319\\LiDAR_dataset\\ENTREGAS\\ENTREGA_03\\2_MDT\\GEOTIFF\\MDT_1454157.tif","SHRT_FNAME":"MDT_1454157.tif","UPPER_LEFT_X":"473961.285","UPPER_LEFT_Y":"9193876.696","LOWER_RIGHT_X":"474963.285","LOWER_RIGHT_Y":"9192874.696"},"geometry":{"type":"Polygon","coordinates":[[[-63.235898415077514,-7.292794618412561],[-63.22682081959303,-7.292799264410872],[-63.226825384258603,-7.301863132621385],[-63.235903162421494,-7.301858480788313],[-63.235898415077514,-7.292794618412561]]]}},
{"type":"Feature","properties":{"DESCRIPTION":"MDT_1454158.tif","FILENAME":"U:\\P589_AmazoniaRevelada_BR-319\\LiDAR_dataset\\ENTREGAS\\ENTREGA_03\\2_MDT\\GEOTIFF\\MDT_1454158.tif","SHRT_FNAME":"MDT_1454158.tif","UPPER_LEFT_X":"474961.380","UPPER_LEFT_Y":"9193876.696","LOWER_RIGHT_X":"475963.380","LOWER_RIGHT_Y":"9192874.696"},"geometry":{"type":"Polygon","coordinates":[[[-63.226838076086246,-7.292799255751772],[-63.217760474790197,-7.292803719810458],[-63.217764857124031,-7.301867593616368],[-63.226842641099068,-7.301863123951411],[-63.226838076086246,-7.292799255751772]]]}},
{"type":"Feature","properties":{"DESCRIPTION":"MDT_1454159.tif","FILENAME":"U:\\P589_AmazoniaRevelada_BR-319\\LiDAR_dataset\\ENTREGAS\\ENTREGA_03\\2_MDT\\GEOTIFF\\MDT_1454159.tif","SHRT_FNAME":"MDT_1454159.tif","UPPER_LEFT_X":"475961.475","UPPER_LEFT_Y":"9193876.696","LOWER_RIGHT_X":"476963.475","LOWER_RIGHT_Y":"9192874.696"},"geometry":{"type":"Polygon","coordinates":[[[-63.217777731294227,-7.292803711497228],[-63.208700124418733,-7.292807993615733],[-63.208704324420282,-7.301871872788983],[-63.217782113975339,-7.301867585292696],[-63.217777731294227,-7.292803711497228]]]}},
{"type":"Feature","properties":{"DESCRIPTION":"MDT_1454160.tif","FILENAME":"U:\\P589_AmazoniaRevelada_BR-319\\LiDAR_dataset\\ENTREGAS\\ENTREGA_03\\2_MDT\\GEOTIFF\\MDT_1454160.tif","SHRT_FNAME":"MDT_1454160.tif","UPPER_LEFT_X":"476961.570","UPPER_LEFT_Y":"9193876.696","LOWER_RIGHT_X":"477963.570","LOWER_RIGHT_Y":"9192874.696"},"geometry":{"type":"Polygon","coordinates":[[[-63.208717380933152,-7.292807985648372],[-63.199639768710334,-7.292812085826165],[-63.199643786379092,-7.301875970138693],[-63.208721581281985,-7.301871864811613],[-63.208717380933152,-7.292807985648372]]]}},
{"type":"Feature","properties":{"DESCRIPTION":"MDT_1454161.tif","FILENAME":"U:\\P589_AmazoniaRevelada_BR-319\\LiDAR_dataset\\ENTREGAS\\ENTREGA_03\\2_MDT\\GEOTIFF\\MDT_1454161.tif","SHRT_FNAME":"MDT_1454161.tif","UPPER_LEFT_X":"477961.666","UPPER_LEFT_Y":"9193876.696","LOWER_RIGHT_X":"478963.666","LOWER_RIGHT_Y":"9192874.696"},"geometry":{"type":"Polygon","coordinates":[[[-63.199657025234693,-7.292812078204673],[-63.190579407896699,-7.292815996441246],[-63.190583243232147,-7.301879885664992],[-63.199661043250728,-7.301875962507627],[-63.199657025234693,-7.292812078204673]]]}},
{"type":"Feature","properties":{"DESCRIPTION":"MDT_1454162.tif","FILENAME":"U:\\P589_AmazoniaRevelada_BR-319\\LiDAR_dataset\\ENTREGAS\\ENTREGA_03\\2_MDT\\GEOTIFF\\MDT_1454162.tif","SHRT_FNAME":"MDT_1454162.tif","UPPER_LEFT_X":"478961.761","UPPER_LEFT_Y":"9193876.696","LOWER_RIGHT_X":"479963.761","LOWER_RIGHT_Y":"9192874.696"},"geometry":{"type":"Polygon","coordinates":[[[-63.190596664430558,-7.292815989165624],[-63.181519042209516,-7.292819725460489],[-63.181522695211179,-7.301883619367397],[-63.190600500113298,-7.301879878380232],[-63.190596664430558,-7.292815989165624]]]}},
{"type":"Feature","properties":{"DESCRIPTION":"MDT_1454163.tif","FILENAME":"U:\\P589_AmazoniaRevelada_BR-319\\LiDAR_dataset\\ENTREGAS\\ENTREGA_03\\2_MDT\\GEOTIFF\\MDT_1454163.tif","SHRT_FNAME":"MDT_1454163.tif","UPPER_LEFT_X":"479961.856","UPPER_LEFT_Y":"9193876.696","LOWER_RIGHT_X":"480963.856","LOWER_RIGHT_Y":"9192874.696"},"geometry":{"type":"Polygon","coordinates":[[[-63.181536298752448,-7.292819718530738],[-63.172458671880463,-7.292823272883432],[-63.172462142547886,-7.301887171245433],[-63.181539952101389,-7.30188361242894],[-63.181536298752448,-7.292819718530738]]]}},
{"type":"Feature","properties":{"DESCRIPTION":"MDT_1454164.tif","FILENAME":"U:\\P589_AmazoniaRevelada_BR-319\\LiDAR_dataset\\ENTREGAS\\ENTREGA_03\\2_MDT\\GEOTIFF\\MDT_1454164.tif","SHRT_FNAME":"MDT_1454164.tif","UPPER_LEFT_X":"480961.951","UPPER_LEFT_Y":"9193876.696","LOWER_RIGHT_X":"481963.951","LOWER_RIGHT_Y":"9192874.696"},"geometry":{"type":"Polygon","coordinates":[[[-63.172475928432021,-7.29282326629955],[-63.163398297141249,-7.292826638709628],[-63.163401585473991,-7.301890541298666],[-63.172479399446722,-7.301887164653285],[-63.172475928432021,-7.29282326629955]]]}},
{"type":"Feature","properties":{"DESCRIPTION":"MDT_1454165.tif","FILENAME":"U:\\P589_AmazoniaRevelada_BR-319\\LiDAR_dataset\\ENTREGAS\\ENTREGA_03\\2_MDT\\GEOTIFF\\MDT_1454165.tif","SHRT_FNAME":"MDT_1454165.tif","UPPER_LEFT_X":"481962.046","UPPER_LEFT_Y":"9193876.696","LOWER_RIGHT_X":"482964.046","LOWER_RIGHT_Y":"9192874.696"},"geometry":{"type":"Polygon","coordinates":[[[-63.163415553700979,-7.292826632471621],[-63.154337918223568,-7.292829822938664],[-63.154341024221218,-7.301893729526676],[-63.163418842381006,-7.301890535052824],[-63.163415553700979,-7.292826632471621]]]}},
{"type":"Feature","properties":{"DESCRIPTION":"MDT_1454166.tif","FILENAME":"U:\\P589_AmazoniaRevelada_BR-319\\LiDAR_dataset\\ENTREGAS\\ENTREGA_03\\2_MDT\\GEOTIFF\\MDT_1454166.tif","SHRT_FNAME":"MDT_1454166.tif","UPPER_LEFT_X":"482962.142","UPPER_LEFT_Y":"9193876.696","LOWER_RIGHT_X":"483964.142","LOWER_RIGHT_Y":"9192874.696"},"geometry":{"type":"Polygon","coordinates":[[[-63.154355174791029,-7.292829817046529],[-63.145277535359099,-7.292832825570144],[-63.145280459021258,-7.301896735929066],[-63.154358281135956,-7.301893723627145],[-63.154355174791029,-7.292829817046529]]]}},
{"type":"Feature","properties":{"DESCRIPTION":"MDT_1454167.tif","FILENAME":"U:\\P589_AmazoniaRevelada_BR-319\\LiDAR_dataset\\ENTREGAS\\ENTREGA_03\\2_MDT\\GEOTIFF\\MDT_1454167.tif","SHRT_FNAME":"MDT_1454167.tif","UPPER_LEFT_X":"483962.237","UPPER_LEFT_Y":"9193876.696","LOWER_RIGHT_X":"484964.237","LOWER_RIGHT_Y":"9192874.696"},"geometry":{"type":"Polygon","coordinates":[[[-63.145294791933864,-7.292832820023882],[-63.136217148779537,-7.292835646603691],[-63.136219890105849,-7.30189956050546],[-63.1452977159433,-7.301896730375842],[-63.145294791933864,-7.292832820023882]]]}},
{"type":"Feature","properties":{"DESCRIPTION":"MDT_1454168.tif","FILENAME":"U:\\P589_AmazoniaRevelada_BR-319\\LiDAR_dataset\\ENTREGAS\\ENTREGA_03\\2_MDT\\GEOTIFF\\MDT_1454168.tif","SHRT_FNAME":"MDT_1454168.tif","UPPER_LEFT_X":"484962.332","UPPER_LEFT_Y":"9193876.696","LOWER_RIGHT_X":"485964.332","LOWER_RIGHT_Y":"9192874.696"},"geometry":{"type":"Polygon","coordinates":[[[-63.136234405361158,-7.292835641403306],[-63.12715675871658,-7.292838286038956],[-63.127159317706692,-7.301902203255512],[-63.136237147034748,-7.301899555298547],[-63.136234405361158,-7.292835641403306]]]}},
{"type":"Feature","properties":{"DESCRIPTION":"MDT_1454169.tif","FILENAME":"U:\\P589_AmazoniaRevelada_BR-319\\LiDAR_dataset\\ENTREGAS\\ENTREGA_03\\2_MDT\\GEOTIFF\\MDT_1454169.tif","SHRT_FNAME":"MDT_1454169.tif","UPPER_LEFT_X":"485962.427","UPPER_LEFT_Y":"9193876.696","LOWER_RIGHT_X":"486964.427","LOWER_RIGHT_Y":"9192874.696"},"geometry":{"type":"Polygon","coordinates":[[[-63.127174015304611,-7.292838281184446],[-63.118096365401911,-7.292840743875613],[-63.118098742055508,-7.301904664178887],[-63.127176574642007,-7.301902198394908],[-63.127174015304611,-7.292838281184446]]]}},
{"type":"Feature","properties":{"DESCRIPTION":"MDT_1454170.tif","FILENAME":"U:\\P589_AmazoniaRevelada_BR-319\\LiDAR_dataset\\ENTREGAS\\ENTREGA_03\\2_MDT\\GEOTIFF\\MDT_1454170.tif","SHRT_FNAME":"MDT_1454170.tif","UPPER_LEFT_X":"486962.522","UPPER_LEFT_Y":"9193876.696","LOWER_RIGHT_X":"487964.522","LOWER_RIGHT_Y":"9192874.696"},"geometry":{"type":"Polygon","coordinates":[[[-63.118113621995924,-7.292840739366979],[-63.109035969067243,-7.292843020113351],[-63.109038163384028,-7.301906943275284],[-63.118115998996799,-7.301904659664595],[-63.118113621995924,-7.292840739366979]]]}},
{"type":"Feature","properties":{"DESCRIPTION":"MDT_1454171.tif","FILENAME":"U:\\P589_AmazoniaRevelada_BR-319\\LiDAR_dataset\\ENTREGAS\\ENTREGA_03\\2_MDT\\GEOTIFF\\MDT_1454171.tif","SHRT_FNAME":"MDT_1454171.tif","UPPER_LEFT_X":"487962.618","UPPER_LEFT_Y":"9193876.696","LOWER_RIGHT_X":"488964.618","LOWER_RIGHT_Y":"9192874.696"},"geometry":{"type":"Polygon","coordinates":[[[-63.109053225666791,-7.292843015950597],[-63.099975569944263,-7.292845114751893],[-63.099977581923959,-7.301909040544415],[-63.109055420330854,-7.301906939107301],[-63.109053225666791,-7.292843015950597]]]}},
{"type":"Feature","properties":{"DESCRIPTION":"MDT_1454172.tif","FILENAME":"U:\\P589_AmazoniaRevelada_BR-319\\LiDAR_dataset\\ENTREGAS\\ENTREGA_03\\2_MDT\\GEOTIFF\\MDT_1454172.tif","SHRT_FNAME":"MDT_1454172.tif","UPPER_LEFT_X":"488962.713","UPPER_LEFT_Y":"9193876.696","LOWER_RIGHT_X":"489964.713","LOWER_RIGHT_Y":"9192874.696"},"geometry":{"type":"Polygon","coordinates":[[[-63.099992826548899,-7.292845110935015],[-63.090915168264672,-7.292847027790975],[-63.090916997907009,-7.301910955986023],[-63.099994838875872,-7.301909036722745],[-63.099992826548899,-7.292845110935015]]]}},
{"type":"Feature","properties":{"DESCRIPTION":"MDT_1454173.tif","FILENAME":"U:\\P589_AmazoniaRevelada_BR-319\\LiDAR_dataset\\ENTREGAS\\ENTREGA_03\\2_MDT\\GEOTIFF\\MDT_1454173.tif","SHRT_FNAME":"MDT_1454173.tif","UPPER_LEFT_X":"489962.808","UPPER_LEFT_Y":"9193876.696","LOWER_RIGHT_X":"490964.808","LOWER_RIGHT_Y":"9192874.696"},"geometry":{"type":"Polygon","coordinates":[[[-63.090932424873955,-7.292847024319974],[-63.08185476426015,-7.292848759230359],[-63.081856411564928,-7.301912689599869],[-63.090934254863583,-7.301910952510664],[-63.090932424873955,-7.292847024319974]]]}},
{"type":"Feature","properties":{"DESCRIPTION":"MDT_1454174.tif","FILENAME":"U:\\P589_AmazoniaRevelada_BR-319\\LiDAR_dataset\\ENTREGAS\\ENTREGA_03\\2_MDT\\GEOTIFF\\MDT_1454174.tif","SHRT_FNAME":"MDT_1454174.tif","UPPER_LEFT_X":"490962.903","UPPER_LEFT_Y":"9193876.696","LOWER_RIGHT_X":"491964.903","LOWER_RIGHT_Y":"9192874.696"},"geometry":{"type":"Polygon","coordinates":[[[-63.081872020873639,-7.292848756105238],[-63.072794358162405,-7.292850309069831],[-63.072795823129397,-7.301914241385736],[-63.081873668525695,-7.301912686470824],[-63.081872020873639,-7.292848756105238]]]}},
{"type":"Feature","properties":{"DESCRIPTION":"MDT_1454175.tif","FILENAME":"U:\\P589_AmazoniaRevelada_BR-319\\LiDAR_dataset\\ENTREGAS\\ENTREGA_03\\2_MDT\\GEOTIFF\\MDT_1454175.tif","SHRT_FNAME":"MDT_1454175.tif","UPPER_LEFT_X":"491962.998","UPPER_LEFT_Y":"9193876.696","LOWER_RIGHT_X":"492964.998","LOWER_RIGHT_Y":"9192874.696"},"geometry":{"type":"Polygon","coordinates":[[[-63.07281161477966,-7.292850306290587],[-63.06373395020313,-7.2928516773092],[-63.063735232832158,-7.301915611343432],[-63.072813080093937,-7.301914238603007],[-63.07281161477966,-7.292850306290587]]]}},
{"type":"Feature","properties":{"DESCRIPTION":"MDT_1454176.tif","FILENAME":"U:\\P589_AmazoniaRevelada_BR-319\\LiDAR_dataset\\ENTREGAS\\ENTREGA_03\\2_MDT\\GEOTIFF\\MDT_1454176.tif","SHRT_FNAME":"MDT_1454176.tif","UPPER_LEFT_X":"492963.094","UPPER_LEFT_Y":"9193876.696","LOWER_RIGHT_X":"493965.094","LOWER_RIGHT_Y":"9192874.696"},"geometry":{"type":"Polygon","coordinates":[[[-63.063751206823703,-7.292851674875837],[-63.054673540614019,-7.292852863948288],[-63.054674640904913,-7.301916799472786],[-63.063752489800009,-7.301915608907013],[-63.063751206823703,-7.292851674875837]]]}},
{"type":"Feature","properties":{"DESCRIPTION":"MDT_1454177.tif","FILENAME":"U:\\P589_AmazoniaRevelada_BR-319\\LiDAR_dataset\\ENTREGAS\\ENTREGA_03\\2_MDT\\GEOTIFF\\MDT_1454177.tif","SHRT_FNAME":"MDT_1454177.tif","UPPER_LEFT_X":"493963.189","UPPER_LEFT_Y":"9193876.696","LOWER_RIGHT_X":"494965.189","LOWER_RIGHT_Y":"9192874.696"},"geometry":{"type":"Polygon","coordinates":[[[-63.054690797237484,-7.292852861860805],[-63.045613129626766,-7.292853868986959],[-63.045614047579399,-7.301917805773652],[-63.054691897875671,-7.301916797382681],[-63.054690797237484,-7.292852861860805]]]}},
{"type":"Feature","properties":{"DESCRIPTION":"MDT_1454178.tif","FILENAME":"U:\\P589_AmazoniaRevelada_BR-319\\LiDAR_dataset\\ENTREGAS\\ENTREGA_03\\2_MDT\\GEOTIFF\\MDT_1454178.tif","SHRT_FNAME":"MDT_1454178.tif","UPPER_LEFT_X":"494963.284","UPPER_LEFT_Y":"9193876.696","LOWER_RIGHT_X":"495965.284","LOWER_RIGHT_Y":"9192874.696"},"geometry":{"type":"Polygon","coordinates":[[[-63.045630386252675,-7.292853867245354],[-63.036552717473093,-7.292854692425077],[-63.036553453087336,-7.301918630245903],[-63.0456313045526,-7.301917804029862],[-63.045630386252675,-7.292853867245354]]]}},
{"type":"Feature","properties":{"DESCRIPTION":"MDT_1454179.tif","FILENAME":"U:\\P589_AmazoniaRevelada_BR-319\\LiDAR_dataset\\ENTREGAS\\ENTREGA_03\\2_MDT\\GEOTIFF\\MDT_1454179.tif","SHRT_FNAME":"MDT_1454179.tif","UPPER_LEFT_X":"495963.379","UPPER_LEFT_Y":"9193876.696","LOWER_RIGHT_X":"496965.379","LOWER_RIGHT_Y":"9192874.696"},"geometry":{"type":"Polygon","coordinates":[[[-63.036569974100992,-7.292854691029355],[-63.027492304384644,-7.292855334262548],[-63.027492857660441,-7.301919272889438],[-63.036570710062534,-7.301918628848426],[-63.036569974100992,-7.292854691029355]]]}},
{"type":"Feature","properties":{"DESCRIPTION":"MDT_1454180.tif","FILENAME":"U:\\P589_AmazoniaRevelada_BR-319\\LiDAR_dataset\\ENTREGAS\\ENTREGA_03\\2_MDT\\GEOTIFF\\MDT_1454180.tif","SHRT_FNAME":"MDT_1454180.tif","UPPER_LEFT_X":"496963.474","UPPER_LEFT_Y":"9193876.696","LOWER_RIGHT_X":"497965.474","LOWER_RIGHT_Y":"9192874.696"},"geometry":{"type":"Polygon","coordinates":[[[-63.027509561014121,-7.292855333212703],[-63.018431890593178,-7.292855794499289],[-63.018432261530414,-7.301919733704176],[-63.027510114637188,-7.301919271838274],[-63.027509561014121,-7.292855333212703]]]}},
{"type":"Feature","properties":{"DESCRIPTION":"MDT_1454181.tif","FILENAME":"U:\\P589_AmazoniaRevelada_BR-319\\LiDAR_dataset\\ENTREGAS\\ENTREGA_03\\2_MDT\\GEOTIFF\\MDT_1454181.tif","SHRT_FNAME":"MDT_1454181.tif","UPPER_LEFT_X":"497963.570","UPPER_LEFT_Y":"9193876.696","LOWER_RIGHT_X":"498965.570","LOWER_RIGHT_Y":"9192874.696"},"geometry":{"type":"Polygon","coordinates":[[[-63.018449147223762,-7.292855793795324],[-63.009371476330358,-7.292856073135241],[-63.009371664929006,-7.301920012690057],[-63.018449518508298,-7.301919732999326],[-63.018449147223762,-7.292855793795324]]]}},
{"type":"Feature","properties":{"DESCRIPTION":"MDT_1454182.tif","FILENAME":"U:\\P589_AmazoniaRevelada_BR-319\\LiDAR_dataset\\ENTREGAS\\ENTREGA_03\\2_MDT\\GEOTIFF\\MDT_1454182.tif","SHRT_FNAME":"MDT_1454182.tif","UPPER_LEFT_X":"498963.665","UPPER_LEFT_Y":"9193876.696","LOWER_RIGHT_X":"499965.665","LOWER_RIGHT_Y":"9192874.696"},"geometry":{"type":"Polygon","coordinates":[[[-63.009388732961611,-7.292856072777156],[-63.00031106182788,-7.292856170170372],[-63.00031106808791,-7.301920109847051],[-63.009388921907565,-7.301920012331524],[-63.009388732961611,-7.292856072777156]]]}},
{"type":"Feature","properties":{"DESCRIPTION":"MDT_1454183.tif","FILENAME":"U:\\P589_AmazoniaRevelada_BR-319\\LiDAR_dataset\\ENTREGAS\\ENTREGA_03\\2_MDT\\GEOTIFF\\MDT_1454183.tif","SHRT_FNAME":"MDT_1454183.tif","UPPER_LEFT_X":"499963.760","UPPER_LEFT_Y":"9193876.696","LOWER_RIGHT_X":"500965.760","LOWER_RIGHT_Y":"9192874.696"},"geometry":{"type":"Polygon","coordinates":[[[-63.000328318459374,-7.292856170158166],[-62.991250647317436,-7.292856085604667],[-62.991250471238878,-7.301920025175145],[-63.000328325066704,-7.30192010983483],[-63.000328318459374,-7.292856170158166]]]}},
{"type":"Feature","properties":{"DESCRIPTION":"MDT_1454184.tif","FILENAME":"U:\\P589_AmazoniaRevelada_BR-319\\LiDAR_dataset\\ENTREGAS\\ENTREGA_03\\2_MDT\\GEOTIFF\\MDT_1454184.tif","SHRT_FNAME":"MDT_1454184.tif","UPPER_LEFT_X":"500963.855","UPPER_LEFT_Y":"9193876.696","LOWER_RIGHT_X":"501965.855","LOWER_RIGHT_Y":"9192874.696"},"geometry":{"type":"Polygon","coordinates":[[[-62.991267903948739,-7.292856085938346],[-62.982190233030749,-7.292855819438139],[-62.982189874613589,-7.301919758674345],[-62.991267728217458,-7.30192002550924],[-62.991267903948739,-7.292856085938346]]]}},
{"type":"Feature","properties":{"DESCRIPTION":"MDT_1454185.tif","FILENAME":"U:\\P589_AmazoniaRevelada_BR-319\\LiDAR_dataset\\ENTREGAS\\ENTREGA_03\\2_MDT\\GEOTIFF\\MDT_1454185.tif","SHRT_FNAME":"MDT_1454185.tif","UPPER_LEFT_X":"501963.950","UPPER_LEFT_Y":"9193876.696","LOWER_RIGHT_X":"502965.950","LOWER_RIGHT_Y":"9192874.696"},"geometry":{"type":"Polygon","coordinates":[[[-62.982207489661405,-7.292855820117697],[-62.973129819199499,-7.292855371670822],[-62.973129278443793,-7.301919310344688],[-62.98220713159153,-7.301919759354755],[-62.982207489661405,-7.292855820117697]]]}},
{"type":"Feature","properties":{"DESCRIPTION":"MDT_1454186.tif","FILENAME":"U:\\P589_AmazoniaRevelada_BR-319\\LiDAR_dataset\\ENTREGAS\\ENTREGA_03\\2_MDT\\GEOTIFF\\MDT_1454186.tif","SHRT_FNAME":"MDT_1454186.tif","UPPER_LEFT_X":"502964.046","UPPER_LEFT_Y":"9193876.696","LOWER_RIGHT_X":"503966.046","LOWER_RIGHT_Y":"9192874.696"},"geometry":{"type":"Polygon","coordinates":[[[-62.973147075829054,-7.292855372696258],[-62.96406940605538,-7.29285474230277],[-62.964068682961198,-7.301918680186233],[-62.973146535420639,-7.301919311371416],[-62.973147075829054,-7.292855372696258]]]}},
{"type":"Feature","properties":{"DESCRIPTION":"MDT_1454187.tif","FILENAME":"U:\\P589_AmazoniaRevelada_BR-319\\LiDAR_dataset\\ENTREGAS\\ENTREGA_03\\2_MDT\\GEOTIFF\\MDT_1454187.tif","SHRT_FNAME":"MDT_1454187.tif","UPPER_LEFT_X":"503964.141","UPPER_LEFT_Y":"9193876.696","LOWER_RIGHT_X":"504966.141","LOWER_RIGHT_Y":"9192874.696"},"geometry":{"type":"Polygon","coordinates":[[[-62.964086662683414,-7.292854743674086],[-62.955008993830106,-7.292853931334061],[-62.955008088397548,-7.301917868199052],[-62.964085939936524,-7.301918681559273],[-62.964086662683414,-7.292854743674086]]]}},
{"type":"Feature","properties":{"DESCRIPTION":"MDT_1454188.tif","FILENAME":"U:\\P589_AmazoniaRevelada_BR-319\\LiDAR_dataset\\ENTREGAS\\ENTREGA_03\\2_MDT\\GEOTIFF\\MDT_1454188.tif","SHRT_FNAME":"MDT_1454188.tif","UPPER_LEFT_X":"504964.236","UPPER_LEFT_Y":"9193876.696","LOWER_RIGHT_X":"505966.236","LOWER_RIGHT_Y":"9192874.696"},"geometry":{"type":"Polygon","coordinates":[[[-62.955026250456164,-7.292853933051254],[-62.945948582755364,-7.292852938764794],[-62.945947494984516,-7.301916874383251],[-62.955025345370885,-7.301917869918407],[-62.955026250456164,-7.292853933051254]]]}},
{"type":"Feature","properties":{"DESCRIPTION":"MDT_1454189.tif","FILENAME":"U:\\P589_AmazoniaRevelada_BR-319\\LiDAR_dataset\\ENTREGAS\\ENTREGA_03\\2_MDT\\GEOTIFF\\MDT_1454189.tif","SHRT_FNAME":"MDT_1454189.tif","UPPER_LEFT_X":"505964.331","UPPER_LEFT_Y":"9193876.696","LOWER_RIGHT_X":"506966.331","LOWER_RIGHT_Y":"9192874.696"},"geometry":{"type":"Polygon","coordinates":[[[-62.945965839379021,-7.292852940827872],[-62.936888173062847,-7.292851764595098],[-62.936886902953873,-7.30191569873895],[-62.945964751955451,-7.301916876448918],[-62.945965839379021,-7.292852940827872]]]}},
{"type":"Feature","properties":{"DESCRIPTION":"MDT_1454190.tif","FILENAME":"U:\\P589_AmazoniaRevelada_BR-319\\LiDAR_dataset\\ENTREGAS\\ENTREGA_03\\2_MDT\\GEOTIFF\\MDT_1454190.tif","SHRT_FNAME":"MDT_1454190.tif","UPPER_LEFT_X":"506964.426","UPPER_LEFT_Y":"9193876.696","LOWER_RIGHT_X":"507966.426","LOWER_RIGHT_Y":"9192874.696"},"geometry":{"type":"Polygon","coordinates":[[[-62.936905429683641,-7.292851767004052],[-62.927827764984251,-7.292850408825115],[-62.927826312537292,-7.301914341266298],[-62.936904159921944,-7.30191570115093],[-62.936905429683641,-7.292851767004052]]]}},
{"type":"Feature","properties":{"DESCRIPTION":"MDT_1454191.tif","FILENAME":"U:\\P589_AmazoniaRevelada_BR-319\\LiDAR_dataset\\ENTREGAS\\ENTREGA_03\\2_MDT\\GEOTIFF\\MDT_1454191.tif","SHRT_FNAME":"MDT_1454191.tif","UPPER_LEFT_X":"507964.522","UPPER_LEFT_Y":"9193876.696","LOWER_RIGHT_X":"508966.522","LOWER_RIGHT_Y":"9192874.696"},"geometry":{"type":"Polygon","coordinates":[[[-62.927845021601748,-7.292850411579949],[-62.918767358751275,-7.292848871455011],[-62.91876572396653,-7.301912801965463],[-62.92784356950208,-7.301914344024593],[-62.927845021601748,-7.292850411579949]]]}},
{"type":"Feature","properties":{"DESCRIPTION":"MDT_1454192.tif","FILENAME":"U:\\P589_AmazoniaRevelada_BR-319\\LiDAR_dataset\\ENTREGAS\\ENTREGA_03\\2_MDT\\GEOTIFF\\MDT_1454192.tif","SHRT_FNAME":"MDT_1454192.tif","UPPER_LEFT_X":"508964.617","UPPER_LEFT_Y":"9193876.696","LOWER_RIGHT_X":"509966.617","LOWER_RIGHT_Y":"9192874.696"},"geometry":{"type":"Polygon","coordinates":[[[-62.918784615365034,-7.292848874555725],[-62.909706954595613,-7.292847152484982],[-62.909705137473274,-7.301911080836631],[-62.918782980927574,-7.301912805070067],[-62.918784615365034,-7.292848874555725]]]}},
{"type":"Feature","properties":{"DESCRIPTION":"MDT_1454193.tif","FILENAME":"U:\\P589_AmazoniaRevelada_BR-319\\LiDAR_dataset\\ENTREGAS\\ENTREGA_03\\2_MDT\\GEOTIFF\\MDT_1454193.tif","SHRT_FNAME":"MDT_1454193.tif","UPPER_LEFT_X":"509964.712","UPPER_LEFT_Y":"9193876.696","LOWER_RIGHT_X":"510966.712","LOWER_RIGHT_Y":"9192874.696"},"geometry":{"type":"Polygon","coordinates":[[[-62.909724211205216,-7.292847155931576],[-62.900646552748967,-7.292845251915243],[-62.900644553289276,-7.301909177880028],[-62.909722394430155,-7.301911084287553],[-62.909724211205216,-7.292847155931576]]]}},
{"type":"Feature","properties":{"DESCRIPTION":"MDT_1455147.tif","FILENAME":"U:\\P589_AmazoniaRevelada_BR-319\\LiDAR_dataset\\ENTREGAS\\ENTREGA_03\\2_MDT\\GEOTIFF\\MDT_1455147.tif","SHRT_FNAME":"MDT_1455147.tif","UPPER_LEFT_X":"463960.333","UPPER_LEFT_Y":"9192876.821","LOWER_RIGHT_X":"464962.333","LOWER_RIGHT_Y":"9191874.821"},"geometry":{"type":"Polygon","coordinates":[[[-63.326507991654687,-7.301782828508077],[-63.317430284769102,-7.301789301969534],[-63.317436680848189,-7.31085309805464],[-63.326514570637713,-7.31084661647323],[-63.326507991654687,-7.301782828508077]]]}},
{"type":"Feature","properties":{"DESCRIPTION":"MDT_1455148.tif","FILENAME":"U:\\P589_AmazoniaRevelada_BR-319\\LiDAR_dataset\\ENTREGAS\\ENTREGA_03\\2_MDT\\GEOTIFF\\MDT_1455148.tif","SHRT_FNAME":"MDT_1455148.tif","UPPER_LEFT_X":"464960.428","UPPER_LEFT_Y":"9192876.821","LOWER_RIGHT_X":"465962.428","LOWER_RIGHT_Y":"9191874.821"},"geometry":{"type":"Polygon","coordinates":[[[-63.317447541476291,-7.301789289836643],[-63.308369826457081,-7.301795581137273],[-63.308376039979123,-7.310859385098617],[-63.317453937903082,-7.310853085906527],[-63.317447541476291,-7.301789289836643]]]}},
{"type":"Feature","properties":{"DESCRIPTION":"MDT_1455149.tif","FILENAME":"U:\\P589_AmazoniaRevelada_BR-319\\LiDAR_dataset\\ENTREGAS\\ENTREGA_03\\2_MDT\\GEOTIFF\\MDT_1455149.tif","SHRT_FNAME":"MDT_1455149.tif","UPPER_LEFT_X":"465960.523","UPPER_LEFT_Y":"9192876.821","LOWER_RIGHT_X":"466962.523","LOWER_RIGHT_Y":"9191874.821"},"geometry":{"type":"Polygon","coordinates":[[[-63.308387083179511,-7.301795569350666],[-63.299309360258817,-7.301801678489686],[-63.299315391223033,-7.310865490099215],[-63.30839329704925,-7.310859373297229],[-63.308387083179511,-7.301795569350666]]]}},
{"type":"Feature","properties":{"DESCRIPTION":"MDT_1455150.tif","FILENAME":"U:\\P589_AmazoniaRevelada_BR-319\\LiDAR_dataset\\ENTREGAS\\ENTREGA_03\\2_MDT\\GEOTIFF\\MDT_1455150.tif","SHRT_FNAME":"MDT_1455150.tif","UPPER_LEFT_X":"466960.618","UPPER_LEFT_Y":"9192876.821","LOWER_RIGHT_X":"467962.618","LOWER_RIGHT_Y":"9191874.821"},"geometry":{"type":"Polygon","coordinates":[[[-63.299326616996048,-7.301801667049374],[-63.290248886406019,-7.301807594026025],[-63.290254734811633,-7.310871413055676],[-63.299332648307953,-7.31086547864455],[-63.299326616996048,-7.301801667049374]]]}},
{"type":"Feature","properties":{"DESCRIPTION":"MDT_1455151.tif","FILENAME":"U:\\P589_AmazoniaRevelada_BR-319\\LiDAR_dataset\\ENTREGAS\\ENTREGA_03\\2_MDT\\GEOTIFF\\MDT_1455151.tif","SHRT_FNAME":"MDT_1455151.tif","UPPER_LEFT_X":"467960.714","UPPER_LEFT_Y":"9192876.821","LOWER_RIGHT_X":"468962.714","LOWER_RIGHT_Y":"9191874.821"},"geometry":{"type":"Polygon","coordinates":[[[-63.290266143157609,-7.301807582932002],[-63.281188405130386,-7.301813327745546],[-63.281194070976682,-7.310877153967256],[-63.290271991910934,-7.310871401947735],[-63.290266143157609,-7.301807582932002]]]}},
{"type":"Feature","properties":{"DESCRIPTION":"MDT_1455152.tif","FILENAME":"U:\\P589_AmazoniaRevelada_BR-319\\LiDAR_dataset\\ENTREGAS\\ENTREGA_03\\2_MDT\\GEOTIFF\\MDT_1455152.tif","SHRT_FNAME":"MDT_1455152.tif","UPPER_LEFT_X":"468960.809","UPPER_LEFT_Y":"9192876.821","LOWER_RIGHT_X":"469962.809","LOWER_RIGHT_Y":"9191874.821"},"geometry":{"type":"Polygon","coordinates":[[[-63.281205661895896,-7.301813316997815],[-63.272127916663628,-7.301818879647542],[-63.272133399949887,-7.310882712833253],[-63.281211328089888,-7.310877143206047],[-63.281205661895896,-7.301813316997815]]]}},
{"type":"Feature","properties":{"DESCRIPTION":"MDT_1455153.tif","FILENAME":"U:\\P589_AmazoniaRevelada_BR-319\\LiDAR_dataset\\ENTREGAS\\ENTREGA_03\\2_MDT\\GEOTIFF\\MDT_1455153.tif","SHRT_FNAME":"MDT_1455153.tif","UPPER_LEFT_X":"469960.904","UPPER_LEFT_Y":"9192876.821","LOWER_RIGHT_X":"470962.904","LOWER_RIGHT_Y":"9191874.821"},"geometry":{"type":"Polygon","coordinates":[[[-63.27214517344261,-7.301818869246103],[-63.263067421237444,-7.301824249731315],[-63.263072721962978,-7.310888089652968],[-63.27215065707658,-7.310882702418767],[-63.27214517344261,-7.301818869246103]]]}},
{"type":"Feature","properties":{"DESCRIPTION":"MDT_1455154.tif","FILENAME":"U:\\P589_AmazoniaRevelada_BR-319\\LiDAR_dataset\\ENTREGAS\\ENTREGA_03\\2_MDT\\GEOTIFF\\MDT_1455154.tif","SHRT_FNAME":"MDT_1455154.tif","UPPER_LEFT_X":"470960.999","UPPER_LEFT_Y":"9192876.821","LOWER_RIGHT_X":"471962.999","LOWER_RIGHT_Y":"9191874.821"},"geometry":{"type":"Polygon","coordinates":[[[-63.263084678029465,-7.301824239676174],[-63.254006919083551,-7.301829437996206],[-63.254012037247691,-7.310893284425726],[-63.263089979102702,-7.31088807958521],[-63.263084678029465,-7.301824239676174]]]}},
{"type":"Feature","properties":{"DESCRIPTION":"MDT_1455155.tif","FILENAME":"U:\\P589_AmazoniaRevelada_BR-319\\LiDAR_dataset\\ENTREGAS\\ENTREGA_03\\2_MDT\\GEOTIFF\\MDT_1455155.tif","SHRT_FNAME":"MDT_1455155.tif","UPPER_LEFT_X":"471961.094","UPPER_LEFT_Y":"9192876.821","LOWER_RIGHT_X":"472963.094","LOWER_RIGHT_Y":"9191874.821"},"geometry":{"type":"Polygon","coordinates":[[[-63.254024175888162,-7.30182942828736],[-63.244946410433649,-7.301834444441561],[-63.244951346035755,-7.310898297150895],[-63.254029294400013,-7.310893274704703],[-63.254024175888162,-7.30182942828736]]]}},
{"type":"Feature","properties":{"DESCRIPTION":"MDT_1455156.tif","FILENAME":"U:\\P589_AmazoniaRevelada_BR-319\\LiDAR_dataset\\ENTREGAS\\ENTREGA_03\\2_MDT\\GEOTIFF\\MDT_1455156.tif","SHRT_FNAME":"MDT_1455156.tif","UPPER_LEFT_X":"472961.190","UPPER_LEFT_Y":"9192876.821","LOWER_RIGHT_X":"473963.190","LOWER_RIGHT_Y":"9191874.821"},"geometry":{"type":"Polygon","coordinates":[[[-63.244963667250403,-7.301834435079015],[-63.235885895519445,-7.301839269066766],[-63.235890648558893,-7.310903127827841],[-63.244968603200221,-7.310898287776602],[-63.244963667250403,-7.301834435079015]]]}},
{"type":"Feature","properties":{"DESCRIPTION":"MDT_1455157.tif","FILENAME":"U:\\P589_AmazoniaRevelada_BR-319\\LiDAR_dataset\\ENTREGAS\\ENTREGA_03\\2_MDT\\GEOTIFF\\MDT_1455157.tif","SHRT_FNAME":"MDT_1455157.tif","UPPER_LEFT_X":"473961.285","UPPER_LEFT_Y":"9192876.821","LOWER_RIGHT_X":"474963.285","LOWER_RIGHT_Y":"9191874.821"},"geometry":{"type":"Polygon","coordinates":[[[-63.235903152347916,-7.301839260050517],[-63.226825374572655,-7.301843911871217],[-63.226829945048856,-7.31090777645597],[-63.235907905735075,-7.310903118800282],[-63.235903152347916,-7.301839260050517]]]}},
{"type":"Feature","properties":{"DESCRIPTION":"MDT_1455158.tif","FILENAME":"U:\\P589_AmazoniaRevelada_BR-319\\LiDAR_dataset\\ENTREGAS\\ENTREGA_03\\2_MDT\\GEOTIFF\\MDT_1455158.tif","SHRT_FNAME":"MDT_1455158.tif","UPPER_LEFT_X":"474961.380","UPPER_LEFT_Y":"9192876.821","LOWER_RIGHT_X":"475963.380","LOWER_RIGHT_Y":"9191874.821"},"geometry":{"type":"Polygon","coordinates":[[[-63.226842631412381,-7.301843903201267],[-63.217764847824981,-7.301848372854333],[-63.217769235737364,-7.3109122430347],[-63.226847202236307,-7.310907767775145],[-63.226842631412381,-7.301843903201267]]]}},
{"type":"Feature","properties":{"DESCRIPTION":"MDT_1455159.tif","FILENAME":"U:\\P589_AmazoniaRevelada_BR-319\\LiDAR_dataset\\ENTREGAS\\ENTREGA_03\\2_MDT\\GEOTIFF\\MDT_1455159.tif","SHRT_FNAME":"MDT_1455159.tif","UPPER_LEFT_X":"475961.475","UPPER_LEFT_Y":"9192876.821","LOWER_RIGHT_X":"476963.475","LOWER_RIGHT_Y":"9191874.821"},"geometry":{"type":"Polygon","coordinates":[[[-63.21778210467555,-7.301848364530683],[-63.208704315508136,-7.301852652015566],[-63.208708520856135,-7.310916527563477],[-63.217786492935645,-7.31091223470061],[-63.21778210467555,-7.301848364530683]]]}},
{"type":"Feature","properties":{"DESCRIPTION":"MDT_1455160.tif","FILENAME":"U:\\P589_AmazoniaRevelada_BR-319\\LiDAR_dataset\\ENTREGAS\\ENTREGA_03\\2_MDT\\GEOTIFF\\MDT_1455160.tif","SHRT_FNAME":"MDT_1455160.tif","UPPER_LEFT_X":"476961.570","UPPER_LEFT_Y":"9192876.821","LOWER_RIGHT_X":"477963.570","LOWER_RIGHT_Y":"9191874.821"},"geometry":{"type":"Polygon","coordinates":[[[-63.208721572369086,-7.301852644038218],[-63.199643777853844,-7.301856749354378],[-63.199647800636953,-7.310920630041768],[-63.20872577806481,-7.310916519576121],[-63.208721572369086,-7.301852644038218]]]}},
{"type":"Feature","properties":{"DESCRIPTION":"MDT_1455161.tif","FILENAME":"U:\\P589_AmazoniaRevelada_BR-319\\LiDAR_dataset\\ENTREGAS\\ENTREGA_03\\2_MDT\\GEOTIFF\\MDT_1455161.tif","SHRT_FNAME":"MDT_1455161.tif","UPPER_LEFT_X":"477961.666","UPPER_LEFT_Y":"9192876.821","LOWER_RIGHT_X":"478963.666","LOWER_RIGHT_Y":"9191874.821"},"geometry":{"type":"Polygon","coordinates":[[[-63.199661034724741,-7.301856741723333],[-63.190583235093797,-7.301860664870264],[-63.190587075311498,-7.310924550469061],[-63.199665057855562,-7.310920622401148],[-63.199661034724741,-7.301856741723333]]]}},
{"type":"Feature","properties":{"DESCRIPTION":"MDT_1455162.tif","FILENAME":"U:\\P589_AmazoniaRevelada_BR-319\\LiDAR_dataset\\ENTREGAS\\ENTREGA_03\\2_MDT\\GEOTIFF\\MDT_1455162.tif","SHRT_FNAME":"MDT_1455162.tif","UPPER_LEFT_X":"478961.761","UPPER_LEFT_Y":"9192876.821","LOWER_RIGHT_X":"479963.761","LOWER_RIGHT_Y":"9191874.821"},"geometry":{"type":"Polygon","coordinates":[[[-63.190600491974209,-7.301860657585522],[-63.181522687459733,-7.301864398562734],[-63.181526345111536,-7.310928288844869],[-63.190604332539621,-7.31092454317518],[-63.190600491974209,-7.301860657585522]]]}},
{"type":"Feature","properties":{"DESCRIPTION":"MDT_1455163.tif","FILENAME":"U:\\P589_AmazoniaRevelada_BR-319\\LiDAR_dataset\\ENTREGAS\\ENTREGA_03\\2_MDT\\GEOTIFF\\MDT_1455163.tif","SHRT_FNAME":"MDT_1455163.tif","UPPER_LEFT_X":"479961.856","UPPER_LEFT_Y":"9192876.821","LOWER_RIGHT_X":"480963.856","LOWER_RIGHT_Y":"9191874.821"},"geometry":{"type":"Polygon","coordinates":[[[-63.181539944349197,-7.301864391624297],[-63.172462135183338,-7.301867950431325],[-63.172465610268794,-7.310931845168725],[-63.181543602348718,-7.310928281897729],[-63.181539944349197,-7.301864391624297]]]}},
{"type":"Feature","properties":{"DESCRIPTION":"MDT_1455164.tif","FILENAME":"U:\\P589_AmazoniaRevelada_BR-319\\LiDAR_dataset\\ENTREGAS\\ENTREGA_03\\2_MDT\\GEOTIFF\\MDT_1455164.tif","SHRT_FNAME":"MDT_1455164.tif","UPPER_LEFT_X":"480961.951","UPPER_LEFT_Y":"9192876.821","LOWER_RIGHT_X":"481963.951","LOWER_RIGHT_Y":"9191874.821"},"geometry":{"type":"Polygon","coordinates":[[[-63.172479392081435,-7.301867943839193],[-63.163401578496348,-7.301871320475593],[-63.163404871015018,-7.310935219440196],[-63.172482867514603,-7.310931838568327],[-63.172479392081435,-7.301867943839193]]]}},
{"type":"Feature","properties":{"DESCRIPTION":"MDT_1455165.tif","FILENAME":"U:\\P589_AmazoniaRevelada_BR-319\\LiDAR_dataset\\ENTREGAS\\ENTREGA_03\\2_MDT\\GEOTIFF\\MDT_1455165.tif","SHRT_FNAME":"MDT_1455165.tif","UPPER_LEFT_X":"481962.046","UPPER_LEFT_Y":"9192876.821","LOWER_RIGHT_X":"482964.046","LOWER_RIGHT_Y":"9191874.821"},"geometry":{"type":"Polygon","coordinates":[[[-63.163418835402616,-7.301871314229769],[-63.154341017630472,-7.301874508695123],[-63.154344127581936,-7.310938411658853],[-63.163422128269005,-7.310935213186538],[-63.163418835402616,-7.301871314229769]]]}},
{"type":"Feature","properties":{"DESCRIPTION":"MDT_1455166.tif","FILENAME":"U:\\P589_AmazoniaRevelada_BR-319\\LiDAR_dataset\\ENTREGAS\\ENTREGA_03\\2_MDT\\GEOTIFF\\MDT_1455166.tif","SHRT_FNAME":"MDT_1455166.tif","UPPER_LEFT_X":"482962.142","UPPER_LEFT_Y":"9192876.821","LOWER_RIGHT_X":"483964.142","LOWER_RIGHT_Y":"9191874.821"},"geometry":{"type":"Polygon","coordinates":[[[-63.154358274544485,-7.301874502795604],[-63.145280452817417,-7.301877515089516],[-63.145283380201299,-7.310941421824302],[-63.154361384843661,-7.310938405751936],[-63.154358274544485,-7.301874502795604]]]}},
{"type":"Feature","properties":{"DESCRIPTION":"MDT_1455167.tif","FILENAME":"U:\\P589_AmazoniaRevelada_BR-319\\LiDAR_dataset\\ENTREGAS\\ENTREGA_03\\2_MDT\\GEOTIFF\\MDT_1455167.tif","SHRT_FNAME":"MDT_1455167.tif","UPPER_LEFT_X":"483962.237","UPPER_LEFT_Y":"9192876.821","LOWER_RIGHT_X":"484964.237","LOWER_RIGHT_Y":"9191874.821"},"geometry":{"type":"Polygon","coordinates":[[[-63.14529770973872,-7.301877509536306],[-63.136219884288906,-7.301880339658398],[-63.136222629104836,-7.310944249936169],[-63.145300637470328,-7.310941416264128],[-63.14529770973872,-7.301877509536306]]]}},
{"type":"Feature","properties":{"DESCRIPTION":"MDT_1455168.tif","FILENAME":"U:\\P589_AmazoniaRevelada_BR-319\\LiDAR_dataset\\ENTREGAS\\ENTREGA_03\\2_MDT\\GEOTIFF\\MDT_1455168.tif","SHRT_FNAME":"MDT_1455168.tif","UPPER_LEFT_X":"484962.332","UPPER_LEFT_Y":"9192876.821","LOWER_RIGHT_X":"485964.332","LOWER_RIGHT_Y":"9191874.821"},"geometry":{"type":"Polygon","coordinates":[[[-63.13623714121708,-7.301880334451497],[-63.12715931227666,-7.301882982401421],[-63.127161874524283,-7.310946895994102],[-63.136239886380721,-7.310944244722737],[-63.13623714121708,-7.301880334451497]]]}},
{"type":"Feature","properties":{"DESCRIPTION":"MDT_1455169.tif","FILENAME":"U:\\P589_AmazoniaRevelada_BR-319\\LiDAR_dataset\\ENTREGAS\\ENTREGA_03\\2_MDT\\GEOTIFF\\MDT_1455169.tif","SHRT_FNAME":"MDT_1455169.tif","UPPER_LEFT_X":"485962.427","UPPER_LEFT_Y":"9192876.821","LOWER_RIGHT_X":"486964.427","LOWER_RIGHT_Y":"9191874.821"},"geometry":{"type":"Polygon","coordinates":[[[-63.127176569211244,-7.301882977540827],[-63.118098737012396,-7.30188544331825],[-63.118101116691385,-7.310949359997773],[-63.127179131806585,-7.310946891127413],[-63.127176569211244,-7.301882977540827]]]}},
{"type":"Feature","properties":{"DESCRIPTION":"MDT_1455170.tif","FILENAME":"U:\\P589_AmazoniaRevelada_BR-319\\LiDAR_dataset\\ENTREGAS\\ENTREGA_03\\2_MDT\\GEOTIFF\\MDT_1455170.tif","SHRT_FNAME":"MDT_1455170.tif","UPPER_LEFT_X":"486962.522","UPPER_LEFT_Y":"9192876.821","LOWER_RIGHT_X":"487964.522","LOWER_RIGHT_Y":"9191874.821"},"geometry":{"type":"Polygon","coordinates":[[[-63.118115993952948,-7.301885438803968],[-63.109038158727827,-7.301887722408585],[-63.109040355837891,-7.310951641946872],[-63.118118373979662,-7.310949355477828],[-63.118115993952948,-7.301885438803968]]]}},
{"type":"Feature","properties":{"DESCRIPTION":"MDT_1455171.tif","FILENAME":"U:\\P589_AmazoniaRevelada_BR-319\\LiDAR_dataset\\ENTREGAS\\ENTREGA_03\\2_MDT\\GEOTIFF\\MDT_1455171.tif","SHRT_FNAME":"MDT_1455171.tif","UPPER_LEFT_X":"487962.618","UPPER_LEFT_Y":"9192876.821","LOWER_RIGHT_X":"488964.618","LOWER_RIGHT_Y":"9191874.821"},"geometry":{"type":"Polygon","coordinates":[[[-63.1090554156739,-7.301887718240611],[-63.099977577654663,-7.301889819672136],[-63.099979592195531,-7.310953741841121],[-63.109057613131704,-7.310951637773672],[-63.1090554156739,-7.301887718240611]]]}},
{"type":"Feature","properties":{"DESCRIPTION":"MDT_1455172.tif","FILENAME":"U:\\P589_AmazoniaRevelada_BR-319\\LiDAR_dataset\\ENTREGAS\\ENTREGA_03\\2_MDT\\GEOTIFF\\MDT_1455172.tif","SHRT_FNAME":"MDT_1455172.tif","UPPER_LEFT_X":"488962.713","UPPER_LEFT_Y":"9192876.821","LOWER_RIGHT_X":"489964.713","LOWER_RIGHT_Y":"9191874.821"},"geometry":{"type":"Polygon","coordinates":[[[-63.099994834605837,-7.301889815850478],[-63.090916994024624,-7.301891735108649],[-63.090918825996042,-7.310955659680252],[-63.099996849494431,-7.310953738014662],[-63.099994834605837,-7.301889815850478]]]}},
{"type":"Feature","properties":{"DESCRIPTION":"MDT_1455173.tif","FILENAME":"U:\\P589_AmazoniaRevelada_BR-319\\LiDAR_dataset\\ENTREGAS\\ENTREGA_03\\2_MDT\\GEOTIFF\\MDT_1455173.tif","SHRT_FNAME":"MDT_1455173.tif","UPPER_LEFT_X":"489962.808","UPPER_LEFT_Y":"9192876.821","LOWER_RIGHT_X":"490964.808","LOWER_RIGHT_Y":"9191874.821"},"geometry":{"type":"Polygon","coordinates":[[[-63.090934250980453,-7.3018917316333],[-63.081856408069434,-7.301893468717884],[-63.081858057471173,-7.31095739546403],[-63.090936083299582,-7.310955656200542],[-63.090934250980453,-7.3018917316333]]]}},
{"type":"Feature","properties":{"DESCRIPTION":"MDT_1455174.tif","FILENAME":"U:\\P589_AmazoniaRevelada_BR-319\\LiDAR_dataset\\ENTREGAS\\ENTREGA_03\\2_MDT\\GEOTIFF\\MDT_1455174.tif","SHRT_FNAME":"MDT_1455174.tif","UPPER_LEFT_X":"490962.903","UPPER_LEFT_Y":"9192876.821","LOWER_RIGHT_X":"491964.903","LOWER_RIGHT_Y":"9191874.821"},"geometry":{"type":"Polygon","coordinates":[[[-63.081873665029477,-7.301893465588846],[-63.072795820020829,-7.301895020499624],[-63.072797286852662,-7.31095894919224],[-63.081875314778927,-7.310957392331067],[-63.081873665029477,-7.301893465588846]]]}},
{"type":"Feature","properties":{"DESCRIPTION":"MDT_1455175.tif","FILENAME":"U:\\P589_AmazoniaRevelada_BR-319\\LiDAR_dataset\\ENTREGAS\\ENTREGA_03\\2_MDT\\GEOTIFF\\MDT_1455175.tif","SHRT_FNAME":"MDT_1455175.tif","UPPER_LEFT_X":"491962.998","UPPER_LEFT_Y":"9192876.821","LOWER_RIGHT_X":"492964.998","LOWER_RIGHT_Y":"9191874.821"},"geometry":{"type":"Polygon","coordinates":[[[-63.072813076984623,-7.3018950177169],[-63.063735230110488,-7.301896390453674],[-63.063736514372252,-7.310960320864688],[-63.072814544164196,-7.310958946406023],[-63.072813076984623,-7.3018950177169]]]}},
{"type":"Feature","properties":{"DESCRIPTION":"MDT_1455176.tif","FILENAME":"U:\\P589_AmazoniaRevelada_BR-319\\LiDAR_dataset\\ENTREGAS\\ENTREGA_03\\2_MDT\\GEOTIFF\\MDT_1455176.tif","SHRT_FNAME":"MDT_1455176.tif","UPPER_LEFT_X":"492963.094","UPPER_LEFT_Y":"9192876.821","LOWER_RIGHT_X":"493965.094","LOWER_RIGHT_Y":"9191874.821"},"geometry":{"type":"Polygon","coordinates":[[[-63.063752487077622,-7.301896388017266],[-63.05467463857017,-7.301897578579871],[-63.054675740261693,-7.310961510481201],[-63.063753771687104,-7.310960318425218],[-63.063752487077622,-7.301896388017266]]]}},
{"type":"Feature","properties":{"DESCRIPTION":"MDT_1455177.tif","FILENAME":"U:\\P589_AmazoniaRevelada_BR-319\\LiDAR_dataset\\ENTREGAS\\ENTREGA_03\\2_MDT\\GEOTIFF\\MDT_1455177.tif","SHRT_FNAME":"MDT_1455177.tif","UPPER_LEFT_X":"493963.189","UPPER_LEFT_Y":"9192876.821","LOWER_RIGHT_X":"494965.189","LOWER_RIGHT_Y":"9191874.821"},"geometry":{"type":"Polygon","coordinates":[[[-63.054691895540181,-7.301897576489771],[-63.045614045631567,-7.30189858487806],[-63.045614964752723,-7.310962518041636],[-63.054692997579437,-7.31096150838848],[-63.054691895540181,-7.301897576489771]]]}},
{"type":"Feature","properties":{"DESCRIPTION":"MDT_1455178.tif","FILENAME":"U:\\P589_AmazoniaRevelada_BR-319\\LiDAR_dataset\\ENTREGAS\\ENTREGA_03\\2_MDT\\GEOTIFF\\MDT_1455178.tif","SHRT_FNAME":"MDT_1455178.tif","UPPER_LEFT_X":"494963.284","UPPER_LEFT_Y":"9192876.821","LOWER_RIGHT_X":"495965.284","LOWER_RIGHT_Y":"9191874.821"},"geometry":{"type":"Polygon","coordinates":[[[-63.045631302604015,-7.301898583134271],[-63.036553451526409,-7.301899409348119],[-63.036554188077076,-7.310963343545864],[-63.045632222072911,-7.310962516295661],[-63.045631302604015,-7.301898583134271]]]}},
{"type":"Feature","properties":{"DESCRIPTION":"MDT_1455179.tif","FILENAME":"U:\\P589_AmazoniaRevelada_BR-319\\LiDAR_dataset\\ENTREGAS\\ENTREGA_03\\2_MDT\\GEOTIFF\\MDT_1455179.tif","SHRT_FNAME":"MDT_1455179.tif","UPPER_LEFT_X":"495963.379","UPPER_LEFT_Y":"9192876.821","LOWER_RIGHT_X":"496965.379","LOWER_RIGHT_Y":"9191874.821"},"geometry":{"type":"Polygon","coordinates":[[[-63.036570708500868,-7.301899407950644],[-63.027492856486425,-7.301900051989941],[-63.027493410466505,-7.310963986993782],[-63.036571445399254,-7.310963342146636],[-63.036570708500868,-7.301899407950644]]]}},
{"type":"Feature","properties":{"DESCRIPTION":"MDT_1455180.tif","FILENAME":"U:\\P589_AmazoniaRevelada_BR-319\\LiDAR_dataset\\ENTREGAS\\ENTREGA_03\\2_MDT\\GEOTIFF\\MDT_1455180.tif","SHRT_FNAME":"MDT_1455180.tif","UPPER_LEFT_X":"496963.474","UPPER_LEFT_Y":"9192876.821","LOWER_RIGHT_X":"497965.474","LOWER_RIGHT_Y":"9191874.821"},"geometry":{"type":"Polygon","coordinates":[[[-63.027510113462434,-7.301900050938782],[-63.018432260743317,-7.301900512803451],[-63.018432632152745,-7.310964448385311],[-63.027510667790253,-7.310963985941304],[-63.027510113462434,-7.301900050938782]]]}},
{"type":"Feature","properties":{"DESCRIPTION":"MDT_1455181.tif","FILENAME":"U:\\P589_AmazoniaRevelada_BR-319\\LiDAR_dataset\\ENTREGAS\\ENTREGA_03\\2_MDT\\GEOTIFF\\MDT_1455181.tif","SHRT_FNAME":"MDT_1455181.tif","UPPER_LEFT_X":"497963.570","UPPER_LEFT_Y":"9192876.821","LOWER_RIGHT_X":"498965.570","LOWER_RIGHT_Y":"9191874.821"},"geometry":{"type":"Polygon","coordinates":[[[-63.018449517720448,-7.301900512098607],[-63.009371664528814,-7.301900791788591],[-63.009371853367547,-7.310964727720397],[-63.018449889477608,-7.310964447679582],[-63.018449517720448,-7.301900512098607]]]}},
{"type":"Feature","properties":{"DESCRIPTION":"MDT_1455182.tif","FILENAME":"U:\\P589_AmazoniaRevelada_BR-319\\LiDAR_dataset\\ENTREGAS\\ENTREGA_03\\2_MDT\\GEOTIFF\\MDT_1455182.tif","SHRT_FNAME":"MDT_1455182.tif","UPPER_LEFT_X":"498963.665","UPPER_LEFT_Y":"9192876.821","LOWER_RIGHT_X":"499965.665","LOWER_RIGHT_Y":"9191874.821"},"geometry":{"type":"Polygon","coordinates":[[[-63.00938892150662,-7.30190079143006],[-63.00031106807463,-7.301900888945328],[-63.000311074342648,-7.310964824999001],[-63.009389110693085,-7.310964727361412],[-63.00938892150662,-7.30190079143006]]]}},
{"type":"Feature","properties":{"DESCRIPTION":"MDT_1455183.tif","FILENAME":"U:\\P589_AmazoniaRevelada_BR-319\\LiDAR_dataset\\ENTREGAS\\ENTREGA_03\\2_MDT\\GEOTIFF\\MDT_1455183.tif","SHRT_FNAME":"MDT_1455183.tif","UPPER_LEFT_X":"499963.760","UPPER_LEFT_Y":"9192876.821","LOWER_RIGHT_X":"500965.760","LOWER_RIGHT_Y":"9191874.821"},"geometry":{"type":"Polygon","coordinates":[[[-63.000328325052678,-7.301900888933109],[-62.991250471612503,-7.301900804273646],[-62.99125029530979,-7.31096474022111],[-63.00032833166842,-7.310964824986765],[-63.000328325052678,-7.301900888933109]]]}},
{"type":"Feature","properties":{"DESCRIPTION":"MDT_1455184.tif","FILENAME":"U:\\P589_AmazoniaRevelada_BR-319\\LiDAR_dataset\\ENTREGAS\\ENTREGA_03\\2_MDT\\GEOTIFF\\MDT_1455184.tif","SHRT_FNAME":"MDT_1455184.tif","UPPER_LEFT_X":"500963.855","UPPER_LEFT_Y":"9192876.821","LOWER_RIGHT_X":"501965.855","LOWER_RIGHT_Y":"9191874.821"},"geometry":{"type":"Polygon","coordinates":[[[-62.991267728590344,-7.301900804607741],[-62.982189875374132,-7.301900537773557],[-62.982189516500725,-7.310964473386739],[-62.991267552635357,-7.310964740555626],[-62.991267728590344,-7.301900804607741]]]}},
{"type":"Feature","properties":{"DESCRIPTION":"MDT_1455185.tif","FILENAME":"U:\\P589_AmazoniaRevelada_BR-319\\LiDAR_dataset\\ENTREGAS\\ENTREGA_03\\2_MDT\\GEOTIFF\\MDT_1455185.tif","SHRT_FNAME":"MDT_1455185.tif","UPPER_LEFT_X":"501963.950","UPPER_LEFT_Y":"9192876.821","LOWER_RIGHT_X":"502965.950","LOWER_RIGHT_Y":"9191874.821"},"geometry":{"type":"Polygon","coordinates":[[[-62.982207132351327,-7.301900538453967],[-62.973129279591248,-7.301900089445096],[-62.973128738147182,-7.310964024495917],[-62.982206773825645,-7.310964474068001],[-62.982207132351327,-7.301900538453967]]]}},
{"type":"Feature","properties":{"DESCRIPTION":"MDT_1455186.tif","FILENAME":"U:\\P589_AmazoniaRevelada_BR-319\\LiDAR_dataset\\ENTREGAS\\ENTREGA_03\\2_MDT\\GEOTIFF\\MDT_1455186.tif","SHRT_FNAME":"MDT_1455186.tif","UPPER_LEFT_X":"502964.046","UPPER_LEFT_Y":"9192876.821","LOWER_RIGHT_X":"503966.046","LOWER_RIGHT_Y":"9191874.821"},"geometry":{"type":"Polygon","coordinates":[[[-62.973146536567363,-7.301900090471817],[-62.964068684495565,-7.301899459288316],[-62.964067960480918,-7.310963393548703],[-62.973145995471015,-7.310964025523927],[-62.973146536567363,-7.301900090471817]]]}},
{"type":"Feature","properties":{"DESCRIPTION":"MDT_1455187.tif","FILENAME":"U:\\P589_AmazoniaRevelada_BR-319\\LiDAR_dataset\\ENTREGAS\\ENTREGA_03\\2_MDT\\GEOTIFF\\MDT_1455187.tif","SHRT_FNAME":"MDT_1455187.tif","UPPER_LEFT_X":"503964.141","UPPER_LEFT_Y":"9192876.821","LOWER_RIGHT_X":"504966.141","LOWER_RIGHT_Y":"9191874.821"},"geometry":{"type":"Polygon","coordinates":[[[-62.964085941470152,-7.301899460661351],[-62.95500809031882,-7.301898647303293],[-62.955007183733663,-7.310962580545175],[-62.964085217803223,-7.310963394923459],[-62.964085941470152,-7.301899460661351]]]}},
{"type":"Feature","properties":{"DESCRIPTION":"MDT_1455188.tif","FILENAME":"U:\\P589_AmazoniaRevelada_BR-319\\LiDAR_dataset\\ENTREGAS\\ENTREGA_03\\2_MDT\\GEOTIFF\\MDT_1455188.tif","SHRT_FNAME":"MDT_1455188.tif","UPPER_LEFT_X":"504964.236","UPPER_LEFT_Y":"9192876.821","LOWER_RIGHT_X":"505966.236","LOWER_RIGHT_Y":"9191874.821"},"geometry":{"type":"Polygon","coordinates":[[[-62.955025347291418,-7.301898649022644],[-62.945947497292707,-7.301897653490136],[-62.945946408137175,-7.31096158548543],[-62.955024441054,-7.310962582266678],[-62.955025347291418,-7.301898649022644]]]}},
{"type":"Feature","properties":{"DESCRIPTION":"MDT_1455189.tif","FILENAME":"U:\\P589_AmazoniaRevelada_BR-319\\LiDAR_dataset\\ENTREGAS\\ENTREGA_03\\2_MDT\\GEOTIFF\\MDT_1455189.tif","SHRT_FNAME":"MDT_1455189.tif","UPPER_LEFT_X":"505964.331","UPPER_LEFT_Y":"9192876.821","LOWER_RIGHT_X":"506966.331","LOWER_RIGHT_Y":"9191874.821"},"geometry":{"type":"Polygon","coordinates":[[[-62.945964754262903,-7.301897655555798],[-62.936886905648954,-7.301896477848963],[-62.936885633923175,-7.310960408369597],[-62.945963665455096,-7.310961587553682],[-62.945964754262903,-7.301897655555798]]]}},
{"type":"Feature","properties":{"DESCRIPTION":"MDT_1455190.tif","FILENAME":"U:\\P589_AmazoniaRevelada_BR-319\\LiDAR_dataset\\ENTREGAS\\ENTREGA_03\\2_MDT\\GEOTIFF\\MDT_1455190.tif","SHRT_FNAME":"MDT_1455190.tif","UPPER_LEFT_X":"506964.426","UPPER_LEFT_Y":"9192876.821","LOWER_RIGHT_X":"507966.426","LOWER_RIGHT_Y":"9191874.821"},"geometry":{"type":"Polygon","coordinates":[[[-62.936904162616301,-7.301896480260937],[-62.927826315619299,-7.30189512037992],[-62.92782486132343,-7.31095904919782],[-62.936902891238248,-7.310960410784597],[-62.936904162616301,-7.301896480260937]]]}},
{"type":"Feature","properties":{"DESCRIPTION":"MDT_1455191.tif","FILENAME":"U:\\P589_AmazoniaRevelada_BR-319\\LiDAR_dataset\\ENTREGAS\\ENTREGA_03\\2_MDT\\GEOTIFF\\MDT_1455191.tif","SHRT_FNAME":"MDT_1455191.tif","UPPER_LEFT_X":"507964.522","UPPER_LEFT_Y":"9192876.821","LOWER_RIGHT_X":"508966.522","LOWER_RIGHT_Y":"9191874.821"},"geometry":{"type":"Polygon","coordinates":[[[-62.927843572583349,-7.301895123138207],[-62.918765727435442,-7.301893581083179],[-62.918764090569667,-7.310957507970268],[-62.927842118635205,-7.310959051959567],[-62.927843572583349,-7.301895123138207]]]}},
{"type":"Feature","properties":{"DESCRIPTION":"MDT_1455192.tif","FILENAME":"U:\\P589_AmazoniaRevelada_BR-319\\LiDAR_dataset\\ENTREGAS\\ENTREGA_03\\2_MDT\\GEOTIFF\\MDT_1455192.tif","SHRT_FNAME":"MDT_1455192.tif","UPPER_LEFT_X":"508964.617","UPPER_LEFT_Y":"9192876.821","LOWER_RIGHT_X":"509966.617","LOWER_RIGHT_Y":"9191874.821"},"geometry":{"type":"Polygon","coordinates":[[[-62.918782984395754,-7.301893584187779],[-62.909705141329098,-7.301891859958928],[-62.909703321893637,-7.310955784687133],[-62.918781347877704,-7.310957511078759],[-62.918782984395754,-7.301893584187779]]]}},
{"type":"Feature","properties":{"DESCRIPTION":"MDT_1455193.tif","FILENAME":"U:\\P589_AmazoniaRevelada_BR-319\\LiDAR_dataset\\ENTREGAS\\ENTREGA_03\\2_MDT\\GEOTIFF\\MDT_1455193.tif","SHRT_FNAME":"MDT_1455193.tif","UPPER_LEFT_X":"509964.712","UPPER_LEFT_Y":"9192876.821","LOWER_RIGHT_X":"510966.712","LOWER_RIGHT_Y":"9191874.821"},"geometry":{"type":"Polygon","coordinates":[[[-62.90972239828524,-7.301891863409838],[-62.900644557532004,-7.301889957007383],[-62.900642555527064,-7.310953879348629],[-62.909720579197497,-7.310955788142373],[-62.90972239828524,-7.301891863409838]]]}},
{"type":"Feature","properties":{"DESCRIPTION":"MDT_1456147.tif","FILENAME":"U:\\P589_AmazoniaRevelada_BR-319\\LiDAR_dataset\\ENTREGAS\\ENTREGA_03\\2_MDT\\GEOTIFF\\MDT_1456147.tif","SHRT_FNAME":"MDT_1456147.tif","UPPER_LEFT_X":"463960.333","UPPER_LEFT_Y":"9191876.946","LOWER_RIGHT_X":"464962.333","LOWER_RIGHT_Y":"9190874.946"},"geometry":{"type":"Polygon","coordinates":[[[-63.326514556677523,-7.310827395893225],[-63.317436667276105,-7.310833877457413],[-63.31744307148761,-7.319897669909728],[-63.326521144025527,-7.319891180225275],[-63.326514556677523,-7.310827395893225]]]}},
{"type":"Feature","properties":{"DESCRIPTION":"MDT_1456148.tif","FILENAME":"U:\\P589_AmazoniaRevelada_BR-319\\LiDAR_dataset\\ENTREGAS\\ENTREGA_03\\2_MDT\\GEOTIFF\\MDT_1456148.tif","SHRT_FNAME":"MDT_1456148.tif","UPPER_LEFT_X":"464960.428","UPPER_LEFT_Y":"9191876.946","LOWER_RIGHT_X":"465962.428","LOWER_RIGHT_Y":"9190874.946"},"geometry":{"type":"Polygon","coordinates":[[[-63.317453924330252,-7.310833865309334],[-63.308376026794399,-7.310840164484688],[-63.308382248216745,-7.319903964813551],[-63.317460328889901,-7.319897657746432],[-63.317453924330252,-7.310833865309334]]]}},
{"type":"Feature","properties":{"DESCRIPTION":"MDT_1456149.tif","FILENAME":"U:\\P589_AmazoniaRevelada_BR-319\\LiDAR_dataset\\ENTREGAS\\ENTREGA_03\\2_MDT\\GEOTIFF\\MDT_1456149.tif","SHRT_FNAME":"MDT_1456149.tif","UPPER_LEFT_X":"465960.523","UPPER_LEFT_Y":"9191876.946","LOWER_RIGHT_X":"466962.523","LOWER_RIGHT_Y":"9190874.946"},"geometry":{"type":"Polygon","coordinates":[[[-63.308393283863793,-7.31084015268333],[-63.299315378425689,-7.310846269469067],[-63.299321417058074,-7.319910077446408],[-63.308399505634291,-7.319903952997406],[-63.308393283863793,-7.31084015268333]]]}},
{"type":"Feature","properties":{"DESCRIPTION":"MDT_1456150.tif","FILENAME":"U:\\P589_AmazoniaRevelada_BR-319\\LiDAR_dataset\\ENTREGAS\\ENTREGA_03\\2_MDT\\GEOTIFF\\MDT_1456150.tif","SHRT_FNAME":"MDT_1456150.tif","UPPER_LEFT_X":"466960.618","UPPER_LEFT_Y":"9191876.946","LOWER_RIGHT_X":"467962.618","LOWER_RIGHT_Y":"9190874.946"},"geometry":{"type":"Polygon","coordinates":[[[-63.299332635509884,-7.310846258014435],[-63.290254722401684,-7.310852192409792],[-63.29026057824337,-7.319916007807538],[-63.299338674490421,-7.319910065977421],[-63.299332635509884,-7.310846258014435]]]}},
{"type":"Feature","properties":{"DESCRIPTION":"MDT_1456151.tif","FILENAME":"U:\\P589_AmazoniaRevelada_BR-319\\LiDAR_dataset\\ENTREGAS\\ENTREGA_03\\2_MDT\\GEOTIFF\\MDT_1456151.tif","SHRT_FNAME":"MDT_1456151.tif","UPPER_LEFT_X":"467960.714","UPPER_LEFT_Y":"9191876.946","LOWER_RIGHT_X":"468962.714","LOWER_RIGHT_Y":"9190874.946"},"geometry":{"type":"Polygon","coordinates":[[[-63.290271979500233,-7.310852181301883],[-63.281194058954107,-7.310857933306124],[-63.281199732004346,-7.31992175589621],[-63.290277835690063,-7.319915996685713],[-63.290271979500233,-7.310852181301883]]]}},
{"type":"Feature","properties":{"DESCRIPTION":"MDT_1456152.tif","FILENAME":"U:\\P589_AmazoniaRevelada_BR-319\\LiDAR_dataset\\ENTREGAS\\ENTREGA_03\\2_MDT\\GEOTIFF\\MDT_1456152.tif","SHRT_FNAME":"MDT_1456152.tif","UPPER_LEFT_X":"468960.809","UPPER_LEFT_Y":"9191876.946","LOWER_RIGHT_X":"469962.809","LOWER_RIGHT_Y":"9190874.946"},"geometry":{"type":"Polygon","coordinates":[[[-63.281211316066575,-7.310857922544939],[-63.272133388314693,-7.310863492157349],[-63.272138878572775,-7.319927321711703],[-63.281216989464973,-7.319921745121543],[-63.281211316066575,-7.310857922544939]]]}},
{"type":"Feature","properties":{"DESCRIPTION":"MDT_1456153.tif","FILENAME":"U:\\P589_AmazoniaRevelada_BR-319\\LiDAR_dataset\\ENTREGAS\\ENTREGA_03\\2_MDT\\GEOTIFF\\MDT_1456153.tif","SHRT_FNAME":"MDT_1456153.tif","UPPER_LEFT_X":"469960.904","UPPER_LEFT_Y":"9191876.946","LOWER_RIGHT_X":"470962.904","LOWER_RIGHT_Y":"9190874.946"},"geometry":{"type":"Polygon","coordinates":[[[-63.272150645440632,-7.310863481742891],[-63.263072710715164,-7.310868868962777],[-63.263078018180408,-7.319932705253327],[-63.272156136046874,-7.319927311284198],[-63.272150645440632,-7.310863481742891]]]}},
{"type":"Feature","properties":{"DESCRIPTION":"MDT_1456154.tif","FILENAME":"U:\\P589_AmazoniaRevelada_BR-319\\LiDAR_dataset\\ENTREGAS\\ENTREGA_03\\2_MDT\\GEOTIFF\\MDT_1456154.tif","SHRT_FNAME":"MDT_1456154.tif","UPPER_LEFT_X":"470960.999","UPPER_LEFT_Y":"9191876.946","LOWER_RIGHT_X":"471962.999","LOWER_RIGHT_Y":"9190874.946"},"geometry":{"type":"Polygon","coordinates":[[[-63.26308996785415,-7.310868858895049],[-63.254012026387265,-7.310874063721741],[-63.254017151058996,-7.319937906520414],[-63.263095275667553,-7.319932695172986],[-63.26308996785415,-7.310868858895049]]]}},
{"type":"Feature","properties":{"DESCRIPTION":"MDT_1456155.tif","FILENAME":"U:\\P589_AmazoniaRevelada_BR-319\\LiDAR_dataset\\ENTREGAS\\ENTREGA_03\\2_MDT\\GEOTIFF\\MDT_1456155.tif","SHRT_FNAME":"MDT_1456155.tif","UPPER_LEFT_X":"471961.094","UPPER_LEFT_Y":"9191876.946","LOWER_RIGHT_X":"472963.094","LOWER_RIGHT_Y":"9190874.946"},"geometry":{"type":"Polygon","coordinates":[[[-63.254029283538841,-7.310874054000741],[-63.24495133556271,-7.31087907643359],[-63.244956277440281,-7.319942925512314],[-63.254034408558731,-7.319937896787237],[-63.254029283538841,-7.310874054000741]]]}},
{"type":"Feature","properties":{"DESCRIPTION":"MDT_1456156.tif","FILENAME":"U:\\P589_AmazoniaRevelada_BR-319\\LiDAR_dataset\\ENTREGAS\\ENTREGA_03\\2_MDT\\GEOTIFF\\MDT_1456156.tif","SHRT_FNAME":"MDT_1456156.tif","UPPER_LEFT_X":"472961.190","UPPER_LEFT_Y":"9191876.946","LOWER_RIGHT_X":"473963.190","LOWER_RIGHT_Y":"9190874.946"},"geometry":{"type":"Polygon","coordinates":[[[-63.244968592726437,-7.310879067059322],[-63.235890638473244,-7.310883907097702],[-63.235895397556042,-7.319947762228406],[-63.24497353495218,-7.319942916126303],[-63.244968592726437,-7.310879067059322]]]}},
{"type":"Feature","properties":{"DESCRIPTION":"MDT_1456157.tif","FILENAME":"U:\\P589_AmazoniaRevelada_BR-319\\LiDAR_dataset\\ENTREGAS\\ENTREGA_03\\2_MDT\\GEOTIFF\\MDT_1456157.tif","SHRT_FNAME":"MDT_1456157.tif","UPPER_LEFT_X":"473961.285","UPPER_LEFT_Y":"9191876.946","LOWER_RIGHT_X":"474963.285","LOWER_RIGHT_Y":"9190874.946"},"geometry":{"type":"Polygon","coordinates":[[[-63.235907895648687,-7.310883898070169],[-63.22682993535058,-7.310888555713483],[-63.226834511638017,-7.319952416668086],[-63.235912655079638,-7.31994775318956],[-63.235907895648687,-7.310883898070169]]]}},
{"type":"Feature","properties":{"DESCRIPTION":"MDT_1456158.tif","FILENAME":"U:\\P589_AmazoniaRevelada_BR-319\\LiDAR_dataset\\ENTREGAS\\ENTREGA_03\\2_MDT\\GEOTIFF\\MDT_1456158.tif","SHRT_FNAME":"MDT_1456158.tif","UPPER_LEFT_X":"474961.380","UPPER_LEFT_Y":"9191876.946","LOWER_RIGHT_X":"475963.380","LOWER_RIGHT_Y":"9190874.946"},"geometry":{"type":"Polygon","coordinates":[[[-63.226847192537306,-7.310888547032678],[-63.217769226426483,-7.310893022280345],[-63.217773619917956,-7.319956888830778],[-63.226851769172889,-7.319952407976408],[-63.226847192537306,-7.310888547032678]]]}},
{"type":"Feature","properties":{"DESCRIPTION":"MDT_1456159.tif","FILENAME":"U:\\P589_AmazoniaRevelada_BR-319\\LiDAR_dataset\\ENTREGAS\\ENTREGA_03\\2_MDT\\GEOTIFF\\MDT_1456159.tif","SHRT_FNAME":"MDT_1456159.tif","UPPER_LEFT_X":"475961.475","UPPER_LEFT_Y":"9191876.946","LOWER_RIGHT_X":"476963.475","LOWER_RIGHT_Y":"9190874.946"},"geometry":{"type":"Polygon","coordinates":[[[-63.217786483624025,-7.310893013946278],[-63.208708511932649,-7.31089730679774],[-63.208712722627631,-7.319961178715925],[-63.217790877463663,-7.31995688048627],[-63.217786483624025,-7.310893013946278]]]}},
{"type":"Feature","properties":{"DESCRIPTION":"MDT_1456160.tif","FILENAME":"U:\\P589_AmazoniaRevelada_BR-319\\LiDAR_dataset\\ENTREGAS\\ENTREGA_03\\2_MDT\\GEOTIFF\\MDT_1456160.tif","SHRT_FNAME":"MDT_1456160.tif","UPPER_LEFT_X":"476961.570","UPPER_LEFT_Y":"9191876.946","LOWER_RIGHT_X":"477963.570","LOWER_RIGHT_Y":"9190874.946"},"geometry":{"type":"Polygon","coordinates":[[[-63.208725769140585,-7.310897298810405],[-63.199647792100848,-7.310901409265129],[-63.199651819998799,-7.319965286322991],[-63.208729980183719,-7.319961170718583],[-63.208725769140585,-7.310897298810405]]]}},
{"type":"Feature","properties":{"DESCRIPTION":"MDT_1456161.tif","FILENAME":"U:\\P589_AmazoniaRevelada_BR-319\\LiDAR_dataset\\ENTREGAS\\ENTREGA_03\\2_MDT\\GEOTIFF\\MDT_1456161.tif","SHRT_FNAME":"MDT_1456161.tif","UPPER_LEFT_X":"477961.666","UPPER_LEFT_Y":"9191876.946","LOWER_RIGHT_X":"478963.666","LOWER_RIGHT_Y":"9190874.946"},"geometry":{"type":"Polygon","coordinates":[[[-63.199665049318725,-7.310901401624533],[-63.190587067162788,-7.310905329682005],[-63.190590912263197,-7.319969211651464],[-63.199669077564835,-7.319965278672822],[-63.199665049318725,-7.310901401624533]]]}},
{"type":"Feature","properties":{"DESCRIPTION":"MDT_1456162.tif","FILENAME":"U:\\P589_AmazoniaRevelada_BR-319\\LiDAR_dataset\\ENTREGAS\\ENTREGA_03\\2_MDT\\GEOTIFF\\MDT_1456162.tif","SHRT_FNAME":"MDT_1456162.tif","UPPER_LEFT_X":"478961.761","UPPER_LEFT_Y":"9191876.946","LOWER_RIGHT_X":"479963.761","LOWER_RIGHT_Y":"9190874.946"},"geometry":{"type":"Polygon","coordinates":[[[-63.190604324390179,-7.310905322388149],[-63.181526337350221,-7.310909068047883],[-63.181529999652618,-7.319972954700861],[-63.190608169838761,-7.319969204348468],[-63.190604324390179,-7.310905322388149]]]}},
{"type":"Feature","properties":{"DESCRIPTION":"MDT_1456163.tif","FILENAME":"U:\\P589_AmazoniaRevelada_BR-319\\LiDAR_dataset\\ENTREGAS\\ENTREGA_03\\2_MDT\\GEOTIFF\\MDT_1456163.tif","SHRT_FNAME":"MDT_1456163.tif","UPPER_LEFT_X":"479961.856","UPPER_LEFT_Y":"9191876.946","LOWER_RIGHT_X":"480963.856","LOWER_RIGHT_Y":"9190874.946"},"geometry":{"type":"Polygon","coordinates":[[[-63.181543594586664,-7.310909061100761],[-63.172465602894881,-7.310912624362298],[-63.172469082398798,-7.319976515470711],[-63.181547257237234,-7.319972947745038],[-63.181543594586664,-7.310909061100761]]]}},
{"type":"Feature","properties":{"DESCRIPTION":"MDT_1456164.tif","FILENAME":"U:\\P589_AmazoniaRevelada_BR-319\\LiDAR_dataset\\ENTREGAS\\ENTREGA_03\\2_MDT\\GEOTIFF\\MDT_1456164.tif","SHRT_FNAME":"MDT_1456164.tif","UPPER_LEFT_X":"480961.951","UPPER_LEFT_Y":"9191876.946","LOWER_RIGHT_X":"481963.951","LOWER_RIGHT_Y":"9190874.946"},"geometry":{"type":"Polygon","coordinates":[[[-63.172482860139951,-7.310912617761916],[-63.163404864028493,-7.3109159986248],[-63.163408160733496,-7.31997989396058],[-63.172486339992034,-7.319976508862062],[-63.172482860139951,-7.310912617761916]]]}},
{"type":"Feature","properties":{"DESCRIPTION":"MDT_1456165.tif","FILENAME":"U:\\P589_AmazoniaRevelada_BR-319\\LiDAR_dataset\\ENTREGAS\\ENTREGA_03\\2_MDT\\GEOTIFF\\MDT_1456165.tif","SHRT_FNAME":"MDT_1456165.tif","UPPER_LEFT_X":"481962.046","UPPER_LEFT_Y":"9191876.946","LOWER_RIGHT_X":"482964.046","LOWER_RIGHT_Y":"9190874.946"},"geometry":{"type":"Polygon","coordinates":[[[-63.163422121281748,-7.310915992371159],[-63.154344120982806,-7.310919190834978],[-63.154347234888498,-7.319983090170038],[-63.163425418334917,-7.319979887699104],[-63.163422121281748,-7.310915992371159]]]}},
{"type":"Feature","properties":{"DESCRIPTION":"MDT_1456166.tif","FILENAME":"U:\\P589_AmazoniaRevelada_BR-319\\LiDAR_dataset\\ENTREGAS\\ENTREGA_03\\2_MDT\\GEOTIFF\\MDT_1456166.tif","SHRT_FNAME":"MDT_1456166.tif","UPPER_LEFT_X":"482962.142","UPPER_LEFT_Y":"9191876.946","LOWER_RIGHT_X":"483964.142","LOWER_RIGHT_Y":"9190874.946"},"geometry":{"type":"Polygon","coordinates":[[[-63.154361378243813,-7.310919184928074],[-63.145283373989571,-7.310922200992428],[-63.145286305095524,-7.319986104098692],[-63.154364492497656,-7.319983084255736],[-63.154361378243813,-7.310919184928074]]]}},
{"type":"Feature","properties":{"DESCRIPTION":"MDT_1456167.tif","FILENAME":"U:\\P589_AmazoniaRevelada_BR-319\\LiDAR_dataset\\ENTREGAS\\ENTREGA_03\\2_MDT\\GEOTIFF\\MDT_1456167.tif","SHRT_FNAME":"MDT_1456167.tif","UPPER_LEFT_X":"483962.237","UPPER_LEFT_Y":"9191876.946","LOWER_RIGHT_X":"484964.237","LOWER_RIGHT_Y":"9190874.946"},"geometry":{"type":"Polygon","coordinates":[[[-63.145300631257861,-7.31092219543227],[-63.136222623280503,-7.310925029096785],[-63.13622537158637,-7.319988935746164],[-63.14530356271198,-7.319986098531566],[-63.145300631257861,-7.31092219543227]]]}},
{"type":"Feature","properties":{"DESCRIPTION":"MDT_1456168.tif","FILENAME":"U:\\P589_AmazoniaRevelada_BR-319\\LiDAR_dataset\\ENTREGAS\\ENTREGA_03\\2_MDT\\GEOTIFF\\MDT_1456168.tif","SHRT_FNAME":"MDT_1456168.tif","UPPER_LEFT_X":"484962.332","UPPER_LEFT_Y":"9191876.946","LOWER_RIGHT_X":"485964.332","LOWER_RIGHT_Y":"9190874.946"},"geometry":{"type":"Polygon","coordinates":[[[-63.13623988055565,-7.310925023883364],[-63.127161869087345,-7.310927675147687],[-63.127164434592785,-7.319991585112109],[-63.136242629209683,-7.319988930526215],[-63.13623988055565,-7.310925023883364]]]}},
{"type":"Feature","properties":{"DESCRIPTION":"MDT_1456169.tif","FILENAME":"U:\\P589_AmazoniaRevelada_BR-319\\LiDAR_dataset\\ENTREGAS\\ENTREGA_03\\2_MDT\\GEOTIFF\\MDT_1456169.tif","SHRT_FNAME":"MDT_1456169.tif","UPPER_LEFT_X":"485962.427","UPPER_LEFT_Y":"9191876.946","LOWER_RIGHT_X":"486964.427","LOWER_RIGHT_Y":"9190874.946"},"geometry":{"type":"Polygon","coordinates":[[[-63.127179126368915,-7.310927670281008],[-63.118101111641849,-7.310930139144808],[-63.118103494346535,-7.319994052196193],[-63.127181692222514,-7.319991580239336],[-63.127179126368915,-7.310927670281008]]]}},
{"type":"Feature","properties":{"DESCRIPTION":"MDT_1456170.tif","FILENAME":"U:\\P589_AmazoniaRevelada_BR-319\\LiDAR_dataset\\ENTREGAS\\ENTREGA_03\\2_MDT\\GEOTIFF\\MDT_1456170.tif","SHRT_FNAME":"MDT_1456170.tif","UPPER_LEFT_X":"486962.522","UPPER_LEFT_Y":"9191876.946","LOWER_RIGHT_X":"487964.522","LOWER_RIGHT_Y":"9190874.946"},"geometry":{"type":"Polygon","coordinates":[[[-63.118118368929387,-7.310930134624878],[-63.109040351175757,-7.310932421087847],[-63.109042551079376,-7.319996336998104],[-63.118120751982232,-7.319994047670595],[-63.118118368929387,-7.310930134624878]]]}},
{"type":"Feature","properties":{"DESCRIPTION":"MDT_1456171.tif","FILENAME":"U:\\P589_AmazoniaRevelada_BR-319\\LiDAR_dataset\\ENTREGAS\\ENTREGA_03\\2_MDT\\GEOTIFF\\MDT_1456171.tif","SHRT_FNAME":"MDT_1456171.tif","UPPER_LEFT_X":"487962.618","UPPER_LEFT_Y":"9191876.946","LOWER_RIGHT_X":"488964.618","LOWER_RIGHT_Y":"9190874.946"},"geometry":{"type":"Polygon","coordinates":[[[-63.109057608468831,-7.310932416914658],[-63.099979587920785,-7.310934520976515],[-63.099981605023082,-7.319998439517564],[-63.109059808720616,-7.319996332819689],[-63.109057608468831,-7.310932416914658]]]}},
{"type":"Feature","properties":{"DESCRIPTION":"MDT_1456172.tif","FILENAME":"U:\\P589_AmazoniaRevelada_BR-319\\LiDAR_dataset\\ENTREGAS\\ENTREGA_03\\2_MDT\\GEOTIFF\\MDT_1456172.tif","SHRT_FNAME":"MDT_1456172.tif","UPPER_LEFT_X":"488962.713","UPPER_LEFT_Y":"9191876.946","LOWER_RIGHT_X":"489964.713","LOWER_RIGHT_Y":"9190874.946"},"geometry":{"type":"Polygon","coordinates":[[[-63.099996845218946,-7.31093451715007],[-63.090918822108705,-7.310936438810551],[-63.090920656409423,-7.320000359754315],[-63.099998862669416,-7.319998435686328],[-63.099996845218946,-7.31093451715007]]]}},
{"type":"Feature","properties":{"DESCRIPTION":"MDT_1456173.tif","FILENAME":"U:\\P589_AmazoniaRevelada_BR-319\\LiDAR_dataset\\ENTREGAS\\ENTREGA_03\\2_MDT\\GEOTIFF\\MDT_1456173.tif","SHRT_FNAME":"MDT_1456173.tif","UPPER_LEFT_X":"489962.808","UPPER_LEFT_Y":"9191876.946","LOWER_RIGHT_X":"490964.808","LOWER_RIGHT_Y":"9190874.946"},"geometry":{"type":"Polygon","coordinates":[[[-63.09093607941152,-7.310936435330851],[-63.081858053971239,-7.310938174589718],[-63.081859705470137,-7.320002097708109],[-63.090937914060397,-7.320000356270255],[-63.09093607941152,-7.310936435330851]]]}},
{"type":"Feature","properties":{"DESCRIPTION":"MDT_1456174.tif","FILENAME":"U:\\P589_AmazoniaRevelada_BR-319\\LiDAR_dataset\\ENTREGAS\\ENTREGA_03\\2_MDT\\GEOTIFF\\MDT_1456174.tif","SHRT_FNAME":"MDT_1456174.tif","UPPER_LEFT_X":"490962.903","UPPER_LEFT_Y":"9191876.946","LOWER_RIGHT_X":"491964.903","LOWER_RIGHT_Y":"9190874.946"},"geometry":{"type":"Polygon","coordinates":[[[-63.08187531127826,-7.310938171456765],[-63.07279728374013,-7.310939728313801],[-63.072798752437002,-7.320003653378738],[-63.081876963125325,-7.320002094571232],[-63.08187531127826,-7.310938171456765]]]}},
{"type":"Feature","properties":{"DESCRIPTION":"MDT_1456175.tif","FILENAME":"U:\\P589_AmazoniaRevelada_BR-319\\LiDAR_dataset\\ENTREGAS\\ENTREGA_03\\2_MDT\\GEOTIFF\\MDT_1456175.tif","SHRT_FNAME":"MDT_1456175.tif","UPPER_LEFT_X":"491962.998","UPPER_LEFT_Y":"9191876.946","LOWER_RIGHT_X":"492964.998","LOWER_RIGHT_Y":"9190874.946"},"geometry":{"type":"Polygon","coordinates":[[[-63.072814541050931,-7.310939725527592],[-63.063736511647129,-7.310941099982605],[-63.063737797541798,-7.320005026766001],[-63.07281601009597,-7.320003650589038],[-63.072814541050931,-7.310939725527592]]]}},
{"type":"Feature","properties":{"DESCRIPTION":"MDT_1456176.tif","FILENAME":"U:\\P589_AmazoniaRevelada_BR-319\\LiDAR_dataset\\ENTREGAS\\ENTREGA_03\\2_MDT\\GEOTIFF\\MDT_1456176.tif","SHRT_FNAME":"MDT_1456176.tif","UPPER_LEFT_X":"492963.094","UPPER_LEFT_Y":"9191876.946","LOWER_RIGHT_X":"493965.094","LOWER_RIGHT_Y":"9190874.946"},"geometry":{"type":"Polygon","coordinates":[[[-63.063753768961242,-7.310941097543141],[-63.054675737923972,-7.310942289595958],[-63.054676841016274,-7.320006217869735],[-63.063755055204084,-7.320005024323483],[-63.063753768961242,-7.310941097543141]]]}},
{"type":"Feature","properties":{"DESCRIPTION":"MDT_1456177.tif","FILENAME":"U:\\P589_AmazoniaRevelada_BR-319\\LiDAR_dataset\\ENTREGAS\\ENTREGA_03\\2_MDT\\GEOTIFF\\MDT_1456177.tif","SHRT_FNAME":"MDT_1456177.tif","UPPER_LEFT_X":"493963.189","UPPER_LEFT_Y":"9191876.946","LOWER_RIGHT_X":"494965.189","LOWER_RIGHT_Y":"9190874.946"},"geometry":{"type":"Polygon","coordinates":[[[-63.054692995240977,-7.310942287503241],[-63.045614962802404,-7.310943297153715],[-63.045615883092189,-7.320007226689787],[-63.054694098681438,-7.320006215774397],[-63.054692995240977,-7.310942287503241]]]}},
{"type":"Feature","properties":{"DESCRIPTION":"MDT_1456178.tif","FILENAME":"U:\\P589_AmazoniaRevelada_BR-319\\LiDAR_dataset\\ENTREGAS\\ENTREGA_03\\2_MDT\\GEOTIFF\\MDT_1456178.tif","SHRT_FNAME":"MDT_1456178.tif","UPPER_LEFT_X":"494963.284","UPPER_LEFT_Y":"9191876.946","LOWER_RIGHT_X":"495965.284","LOWER_RIGHT_Y":"9190874.946"},"geometry":{"type":"Polygon","coordinates":[[[-63.045632220121838,-7.310943295407746],[-63.036554186514159,-7.310944122655749],[-63.036554924001337,-7.32000805322603],[-63.045633140759804,-7.320007224941627],[-63.045632220121838,-7.310943295407746]]]}},
{"type":"Feature","properties":{"DESCRIPTION":"MDT_1456179.tif","FILENAME":"U:\\P589_AmazoniaRevelada_BR-319\\LiDAR_dataset\\ENTREGAS\\ENTREGA_03\\2_MDT\\GEOTIFF\\MDT_1456179.tif","SHRT_FNAME":"MDT_1456179.tif","UPPER_LEFT_X":"495963.379","UPPER_LEFT_Y":"9191876.946","LOWER_RIGHT_X":"496965.379","LOWER_RIGHT_Y":"9190874.946"},"geometry":{"type":"Polygon","coordinates":[[[-63.036571443835605,-7.310944121256526],[-63.027493409290983,-7.310944766101959],[-63.027493963975445,-7.320008697478365],[-63.036572181670948,-7.320008051825053],[-63.036571443835605,-7.310944121256526]]]}},
{"type":"Feature","properties":{"DESCRIPTION":"MDT_1456180.tif","FILENAME":"U:\\P589_AmazoniaRevelada_BR-319\\LiDAR_dataset\\ENTREGAS\\ENTREGA_03\\2_MDT\\GEOTIFF\\MDT_1456180.tif","SHRT_FNAME":"MDT_1456180.tif","UPPER_LEFT_X":"496963.474","UPPER_LEFT_Y":"9191876.946","LOWER_RIGHT_X":"497965.474","LOWER_RIGHT_Y":"9190874.946"},"geometry":{"type":"Polygon","coordinates":[[[-63.027510666613992,-7.310944765049485],[-63.018432631364639,-7.310945227492266],[-63.018433003246301,-7.320009159446712],[-63.027511221646627,-7.320008696424572],[-63.027510666613992,-7.310944765049485]]]}},
{"type":"Feature","properties":{"DESCRIPTION":"MDT_1456181.tif","FILENAME":"U:\\P589_AmazoniaRevelada_BR-319\\LiDAR_dataset\\ENTREGAS\\ENTREGA_03\\2_MDT\\GEOTIFF\\MDT_1456181.tif","SHRT_FNAME":"MDT_1456181.tif","UPPER_LEFT_X":"497963.570","UPPER_LEFT_Y":"9191876.946","LOWER_RIGHT_X":"498965.570","LOWER_RIGHT_Y":"9190874.946"},"geometry":{"type":"Polygon","coordinates":[[[-63.018449888688757,-7.310945226786536],[-63.009371852966844,-7.310945506826608],[-63.009372042045683,-7.320009439131012],[-63.018450260918598,-7.320009158740097],[-63.018449888688757,-7.310945226786536]]]}},
{"type":"Feature","properties":{"DESCRIPTION":"MDT_1456182.tif","FILENAME":"U:\\P589_AmazoniaRevelada_BR-319\\LiDAR_dataset\\ENTREGAS\\ENTREGA_03\\2_MDT\\GEOTIFF\\MDT_1456182.tif","SHRT_FNAME":"MDT_1456182.tif","UPPER_LEFT_X":"498963.665","UPPER_LEFT_Y":"9191876.946","LOWER_RIGHT_X":"499965.665","LOWER_RIGHT_Y":"9190874.946"},"geometry":{"type":"Polygon","coordinates":[[[-63.009389110291636,-7.310945506467625],[-63.000311074329339,-7.31094560410495],[-63.000311080605329,-7.320009536531228],[-63.009389299718656,-7.32000943877158],[-63.009389110291636,-7.310945506467625]]]}},
{"type":"Feature","properties":{"DESCRIPTION":"MDT_1456183.tif","FILENAME":"U:\\P589_AmazoniaRevelada_BR-319\\LiDAR_dataset\\ENTREGAS\\ENTREGA_03\\2_MDT\\GEOTIFF\\MDT_1456183.tif","SHRT_FNAME":"MDT_1456183.tif","UPPER_LEFT_X":"499963.760","UPPER_LEFT_Y":"9191876.946","LOWER_RIGHT_X":"500965.760","LOWER_RIGHT_Y":"9190874.946"},"geometry":{"type":"Polygon","coordinates":[[[-63.000328331654387,-7.310945604092718],[-62.991250295683884,-7.310945519327288],[-62.991250119157023,-7.320009451647352],[-63.000328338278528,-7.320009536518978],[-63.000328331654387,-7.310945604092718]]]}},
{"type":"Feature","properties":{"DESCRIPTION":"MDT_1456184.tif","FILENAME":"U:\\P589_AmazoniaRevelada_BR-319\\LiDAR_dataset\\ENTREGAS\\ENTREGA_03\\2_MDT\\GEOTIFF\\MDT_1456184.tif","SHRT_FNAME":"MDT_1456184.tif","UPPER_LEFT_X":"500963.855","UPPER_LEFT_Y":"9191876.946","LOWER_RIGHT_X":"501965.855","LOWER_RIGHT_Y":"9190874.946"},"geometry":{"type":"Polygon","coordinates":[[[-62.991267553008726,-7.310945519661801],[-62.982189517262228,-7.310945252493624],[-62.982189157932524,-7.320009184479393],[-62.991267376830017,-7.320009451982285],[-62.991267553008726,-7.310945519661801]]]}},
{"type":"Feature","properties":{"DESCRIPTION":"MDT_1456185.tif","FILENAME":"U:\\P589_AmazoniaRevelada_BR-319\\LiDAR_dataset\\ENTREGAS\\ENTREGA_03\\2_MDT\\GEOTIFF\\MDT_1456185.tif","SHRT_FNAME":"MDT_1456185.tif","UPPER_LEFT_X":"501963.950","UPPER_LEFT_Y":"9191876.946","LOWER_RIGHT_X":"502965.950","LOWER_RIGHT_Y":"9190874.946"},"geometry":{"type":"Polygon","coordinates":[[[-62.982206774586416,-7.310945253174886],[-62.973128739296101,-7.310944803603995],[-62.973128197163597,-7.320008735027383],[-62.982206415604871,-7.320009185161507],[-62.982206774586416,-7.310945253174886]]]}},
{"type":"Feature","properties":{"DESCRIPTION":"MDT_1456186.tif","FILENAME":"U:\\P589_AmazoniaRevelada_BR-319\\LiDAR_dataset\\ENTREGAS\\ENTREGA_03\\2_MDT\\GEOTIFF\\MDT_1456186.tif","SHRT_FNAME":"MDT_1456186.tif","UPPER_LEFT_X":"502964.046","UPPER_LEFT_Y":"9191876.946","LOWER_RIGHT_X":"503966.046","LOWER_RIGHT_Y":"9190874.946"},"geometry":{"type":"Polygon","coordinates":[[[-62.973145996619195,-7.310944804632003],[-62.964067962017225,-7.310944172658458],[-62.964067237082006,-7.320008103291381],[-62.973145454834864,-7.320008736056679],[-62.973145996619195,-7.310944804632003]]]}},
{"type":"Feature","properties":{"DESCRIPTION":"MDT_1456187.tif","FILENAME":"U:\\P589_AmazoniaRevelada_BR-319\\LiDAR_dataset\\ENTREGAS\\ENTREGA_03\\2_MDT\\GEOTIFF\\MDT_1456187.tif","SHRT_FNAME":"MDT_1456187.tif","UPPER_LEFT_X":"503964.141","UPPER_LEFT_Y":"9191876.946","LOWER_RIGHT_X":"504966.141","LOWER_RIGHT_Y":"9190874.946"},"geometry":{"type":"Polygon","coordinates":[[[-62.964085219338799,-7.310944174033213],[-62.955007185657379,-7.310943359657088],[-62.95500627791953,-7.320007289271461],[-62.964084494751752,-7.320008104667859],[-62.964085219338799,-7.310944174033213]]]}},
{"type":"Feature","properties":{"DESCRIPTION":"MDT_1456188.tif","FILENAME":"U:\\P589_AmazoniaRevelada_BR-319\\LiDAR_dataset\\ENTREGAS\\ENTREGA_03\\2_MDT\\GEOTIFF\\MDT_1456188.tif","SHRT_FNAME":"MDT_1456188.tif","UPPER_LEFT_X":"504964.236","UPPER_LEFT_Y":"9191876.946","LOWER_RIGHT_X":"505966.236","LOWER_RIGHT_Y":"9190874.946"},"geometry":{"type":"Polygon","coordinates":[[[-62.955024442976978,-7.310943361378587],[-62.945946410448293,-7.310942364599987],[-62.945945319907928,-7.320006292967729],[-62.955023535587294,-7.32000729099512],[-62.955024442976978,-7.310943361378587]]]}},
{"type":"Feature","properties":{"DESCRIPTION":"MDT_1456189.tif","FILENAME":"U:\\P589_AmazoniaRevelada_BR-319\\LiDAR_dataset\\ENTREGAS\\ENTREGA_03\\2_MDT\\GEOTIFF\\MDT_1456189.tif","SHRT_FNAME":"MDT_1456189.tif","UPPER_LEFT_X":"505964.331","UPPER_LEFT_Y":"9191876.946","LOWER_RIGHT_X":"506966.331","LOWER_RIGHT_Y":"9190874.946"},"geometry":{"type":"Polygon","coordinates":[[[-62.945963667765476,-7.310942366668235],[-62.93688563662171,-7.310941187487283],[-62.936884363278956,-7.320005114380308],[-62.94596257757329,-7.320006295038569],[-62.945963667765476,-7.310942366668235]]]}},
{"type":"Feature","properties":{"DESCRIPTION":"MDT_1456190.tif","FILENAME":"U:\\P589_AmazoniaRevelada_BR-319\\LiDAR_dataset\\ENTREGAS\\ENTREGA_03\\2_MDT\\GEOTIFF\\MDT_1456190.tif","SHRT_FNAME":"MDT_1456190.tif","UPPER_LEFT_X":"506964.426","UPPER_LEFT_Y":"9191876.946","LOWER_RIGHT_X":"507966.426","LOWER_RIGHT_Y":"9190874.946"},"geometry":{"type":"Polygon","coordinates":[[[-62.936902893936043,-7.310941189902275],[-62.927824864409359,-7.310939828319115],[-62.927823408264395,-7.32000375350934],[-62.936901620941462,-7.320005116798327],[-62.936902893936043,-7.310941189902275]]]}},
{"type":"Feature","properties":{"DESCRIPTION":"MDT_1456191.tif","FILENAME":"U:\\P589_AmazoniaRevelada_BR-319\\LiDAR_dataset\\ENTREGAS\\ENTREGA_03\\2_MDT\\GEOTIFF\\MDT_1456191.tif","SHRT_FNAME":"MDT_1456191.tif","UPPER_LEFT_X":"507964.522","UPPER_LEFT_Y":"9191876.946","LOWER_RIGHT_X":"508966.522","LOWER_RIGHT_Y":"9190874.946"},"geometry":{"type":"Polygon","coordinates":[[[-62.927842121720396,-7.310939831080854],[-62.918764094042999,-7.310938287095657],[-62.918762455095994,-7.320002210354999],[-62.927840665923597,-7.320003756274538],[-62.927842121720396,-7.310939831080854]]]}},
{"type":"Feature","properties":{"DESCRIPTION":"MDT_1456192.tif","FILENAME":"U:\\P589_AmazoniaRevelada_BR-319\\LiDAR_dataset\\ENTREGAS\\ENTREGA_03\\2_MDT\\GEOTIFF\\MDT_1456192.tif","SHRT_FNAME":"MDT_1456192.tif","UPPER_LEFT_X":"508964.617","UPPER_LEFT_Y":"9191876.946","LOWER_RIGHT_X":"509966.617","LOWER_RIGHT_Y":"9190874.946"},"geometry":{"type":"Polygon","coordinates":[[[-62.918781351350297,-7.310938290204144],[-62.909703325754357,-7.310936563817102],[-62.909701504005533,-7.320000484917475],[-62.918779712751473,-7.320002213467378],[-62.918781351350297,-7.310938290204144]]]}},
{"type":"Feature","properties":{"DESCRIPTION":"MDT_1456193.tif","FILENAME":"U:\\P589_AmazoniaRevelada_BR-319\\LiDAR_dataset\\ENTREGAS\\ENTREGA_03\\2_MDT\\GEOTIFF\\MDT_1456193.tif","SHRT_FNAME":"MDT_1456193.tif","UPPER_LEFT_X":"509964.712","UPPER_LEFT_Y":"9191876.946","LOWER_RIGHT_X":"510966.712","LOWER_RIGHT_Y":"9190874.946"},"geometry":{"type":"Polygon","coordinates":[[[-62.909720583057492,-7.310936567272333],[-62.900642559775193,-7.31093465848366],[-62.900640555224768,-7.319998577196984],[-62.909718761656826,-7.320000488377035],[-62.909720583057492,-7.310936567272333]]]}},
{"type":"Feature","properties":{"DESCRIPTION":"MDT_1457147.tif","FILENAME":"U:\\P589_AmazoniaRevelada_BR-319\\LiDAR_dataset\\ENTREGAS\\ENTREGA_03\\2_MDT\\GEOTIFF\\MDT_1457147.tif","SHRT_FNAME":"MDT_1457147.tif","UPPER_LEFT_X":"463960.333","UPPER_LEFT_Y":"9190877.071","LOWER_RIGHT_X":"464962.333","LOWER_RIGHT_Y":"9189875.071"},"geometry":{"type":"Polygon","coordinates":[[[-63.326521130047588,-7.319871959652962],[-63.317443057898281,-7.319878449320192],[-63.317449470243005,-7.328942238135328],[-63.326527725761409,-7.328935740347514],[-63.326521130047588,-7.319871959652962]]]}},
{"type":"Feature","properties":{"DESCRIPTION":"MDT_1457148.tif","FILENAME":"U:\\P589_AmazoniaRevelada_BR-319\\LiDAR_dataset\\ENTREGAS\\ENTREGA_03\\2_MDT\\GEOTIFF\\MDT_1457148.tif","SHRT_FNAME":"MDT_1457148.tif","UPPER_LEFT_X":"464960.428","UPPER_LEFT_Y":"9190877.071","LOWER_RIGHT_X":"465962.428","LOWER_RIGHT_Y":"9189875.071"},"geometry":{"type":"Polygon","coordinates":[[[-63.317460315299833,-7.319878437156929],[-63.30838223501528,-7.319884744207312],[-63.308388464338698,-7.328948540899291],[-63.317466727993136,-7.328942225956842],[-63.317460315299833,-7.319878437156929]]]}},
{"type":"Feature","properties":{"DESCRIPTION":"MDT_1457149.tif","FILENAME":"U:\\P589_AmazoniaRevelada_BR-319\\LiDAR_dataset\\ENTREGAS\\ENTREGA_03\\2_MDT\\GEOTIFF\\MDT_1457149.tif","SHRT_FNAME":"MDT_1457149.tif","UPPER_LEFT_X":"465960.523","UPPER_LEFT_Y":"9190877.071","LOWER_RIGHT_X":"466962.523","LOWER_RIGHT_Y":"9189875.071"},"geometry":{"type":"Polygon","coordinates":[[[-63.308399492432073,-7.319884732391199],[-63.299321404244488,-7.319890856823946],[-63.299327450545817,-7.328954661164701],[-63.308405722104084,-7.328948529068397],[-63.308399492432073,-7.319884732391199]]]}},
{"type":"Feature","properties":{"DESCRIPTION":"MDT_1457150.tif","FILENAME":"U:\\P589_AmazoniaRevelada_BR-319\\LiDAR_dataset\\ENTREGAS\\ENTREGA_03\\2_MDT\\GEOTIFF\\MDT_1457150.tif","SHRT_FNAME":"MDT_1457150.tif","UPPER_LEFT_X":"466960.618","UPPER_LEFT_Y":"9190877.071","LOWER_RIGHT_X":"467962.618","LOWER_RIGHT_Y":"9189875.071"},"geometry":{"type":"Polygon","coordinates":[[[-63.299338661676082,-7.319890845354992],[-63.29026056581764,-7.319896787169342],[-63.290266429096128,-7.328960598930792],[-63.299344708326011,-7.328954649681395],[-63.299338661676082,-7.319890845354992]]]}},
{"type":"Feature","properties":{"DESCRIPTION":"MDT_1457151.tif","FILENAME":"U:\\P589_AmazoniaRevelada_BR-319\\LiDAR_dataset\\ENTREGAS\\ENTREGA_03\\2_MDT\\GEOTIFF\\MDT_1457151.tif","SHRT_FNAME":"MDT_1457151.tif","UPPER_LEFT_X":"467960.714","UPPER_LEFT_Y":"9190877.071","LOWER_RIGHT_X":"468962.714","LOWER_RIGHT_Y":"9189875.071"},"geometry":{"type":"Polygon","coordinates":[[[-63.290277823263601,-7.319896776047549],[-63.281199719966494,-7.31990253524276],[-63.281205400221396,-7.328966354196826],[-63.290283686890689,-7.328960587795079],[-63.290277823263601,-7.319896776047549]]]}},
{"type":"Feature","properties":{"DESCRIPTION":"MDT_1457152.tif","FILENAME":"U:\\P589_AmazoniaRevelada_BR-319\\LiDAR_dataset\\ENTREGAS\\ENTREGA_03\\2_MDT\\GEOTIFF\\MDT_1457152.tif","SHRT_FNAME":"MDT_1457152.tif","UPPER_LEFT_X":"468960.809","UPPER_LEFT_Y":"9190877.071","LOWER_RIGHT_X":"469962.809","LOWER_RIGHT_Y":"9189875.071"},"geometry":{"type":"Polygon","coordinates":[[[-63.281216977426368,-7.319902524468124],[-63.272138866922802,-7.319908101043487],[-63.272144364153412,-7.328971926962089],[-63.281222658029876,-7.328966343408707],[-63.281216977426368,-7.319902524468124]]]}},
{"type":"Feature","properties":{"DESCRIPTION":"MDT_1457153.tif","FILENAME":"U:\\P589_AmazoniaRevelada_BR-319\\LiDAR_dataset\\ENTREGAS\\ENTREGA_03\\2_MDT\\GEOTIFF\\MDT_1457153.tif","SHRT_FNAME":"MDT_1457153.tif","UPPER_LEFT_X":"469960.904","UPPER_LEFT_Y":"9190877.071","LOWER_RIGHT_X":"470962.904","LOWER_RIGHT_Y":"9189875.071"},"geometry":{"type":"Polygon","coordinates":[[[-63.272156124396162,-7.31990809061601],[-63.263078006918299,-7.319913484570825],[-63.263083321123929,-7.328977317225884],[-63.272161621975357,-7.328971916521565],[-63.272156124396162,-7.31990809061601]]]}},
{"type":"Feature","properties":{"DESCRIPTION":"MDT_1457154.tif","FILENAME":"U:\\P589_AmazoniaRevelada_BR-319\\LiDAR_dataset\\ENTREGAS\\ENTREGA_03\\2_MDT\\GEOTIFF\\MDT_1457154.tif","SHRT_FNAME":"MDT_1457154.tif","UPPER_LEFT_X":"470960.999","UPPER_LEFT_Y":"9190877.071","LOWER_RIGHT_X":"471962.999","LOWER_RIGHT_Y":"9189875.071"},"geometry":{"type":"Polygon","coordinates":[[[-63.263095264404697,-7.319913474490513],[-63.254017140184757,-7.319918685824111],[-63.254022271364732,-7.328982524987545],[-63.263100578958912,-7.328977307132956],[-63.263095264404697,-7.319913474490513]]]}},
{"type":"Feature","properties":{"DESCRIPTION":"MDT_1457155.tif","FILENAME":"U:\\P589_AmazoniaRevelada_BR-319\\LiDAR_dataset\\ENTREGAS\\ENTREGA_03\\2_MDT\\GEOTIFF\\MDT_1457155.tif","SHRT_FNAME":"MDT_1457155.tif","UPPER_LEFT_X":"471961.094","UPPER_LEFT_Y":"9190877.071","LOWER_RIGHT_X":"472963.094","LOWER_RIGHT_Y":"9189875.071"},"geometry":{"type":"Polygon","coordinates":[[[-63.254034397683753,-7.31991867609096],[-63.244956266953928,-7.319923704802697],[-63.244961215107601,-7.328987550246423],[-63.254039529212314,-7.328982515242214],[-63.254034397683753,-7.31991867609096]]]}},
{"type":"Feature","properties":{"DESCRIPTION":"MDT_1457156.tif","FILENAME":"U:\\P589_AmazoniaRevelada_BR-319\\LiDAR_dataset\\ENTREGAS\\ENTREGA_03\\2_MDT\\GEOTIFF\\MDT_1457156.tif","SHRT_FNAME":"MDT_1457156.tif","UPPER_LEFT_X":"472961.190","UPPER_LEFT_Y":"9190877.071","LOWER_RIGHT_X":"473963.190","LOWER_RIGHT_Y":"9189875.071"},"geometry":{"type":"Polygon","coordinates":[[[-63.244973524465088,-7.319923695416708],[-63.23589538745756,-7.319928541505952],[-63.235900152584321,-7.328992393001894],[-63.244978472967347,-7.328987540848691],[-63.244973524465088,-7.319923695416708]]]}},
{"type":"Feature","properties":{"DESCRIPTION":"MDT_1457157.tif","FILENAME":"U:\\P589_AmazoniaRevelada_BR-319\\LiDAR_dataset\\ENTREGAS\\ENTREGA_03\\2_MDT\\GEOTIFF\\MDT_1457157.tif","SHRT_FNAME":"MDT_1457157.tif","UPPER_LEFT_X":"473961.285","UPPER_LEFT_Y":"9190877.071","LOWER_RIGHT_X":"474963.285","LOWER_RIGHT_Y":"9189875.071"},"geometry":{"type":"Polygon","coordinates":[[[-63.235912644980424,-7.319928532467133],[-63.226834501927414,-7.319933195933285],[-63.226839084026651,-7.328997053253349],[-63.23591741045577,-7.328992383951759],[-63.235912644980424,-7.319928532467133]]]}},
{"type":"Feature","properties":{"DESCRIPTION":"MDT_1457158.tif","FILENAME":"U:\\P589_AmazoniaRevelada_BR-319\\LiDAR_dataset\\ENTREGAS\\ENTREGA_03\\2_MDT\\GEOTIFF\\MDT_1457158.tif","SHRT_FNAME":"MDT_1457158.tif","UPPER_LEFT_X":"474961.380","UPPER_LEFT_Y":"9190877.071","LOWER_RIGHT_X":"475963.380","LOWER_RIGHT_Y":"9189875.071"},"geometry":{"type":"Polygon","coordinates":[[[-63.226851759461553,-7.319933187241628],[-63.217773610595252,-7.319937668084108],[-63.217778009666368,-7.329001531000217],[-63.226856341909382,-7.328997044550819],[-63.226851759461553,-7.319933187241628]]]}},
{"type":"Feature","properties":{"DESCRIPTION":"MDT_1457159.tif","FILENAME":"U:\\P589_AmazoniaRevelada_BR-319\\LiDAR_dataset\\ENTREGAS\\ENTREGA_03\\2_MDT\\GEOTIFF\\MDT_1457159.tif","SHRT_FNAME":"MDT_1457159.tif","UPPER_LEFT_X":"475961.475","UPPER_LEFT_Y":"9190877.071","LOWER_RIGHT_X":"476963.475","LOWER_RIGHT_Y":"9189875.071"},"geometry":{"type":"Polygon","coordinates":[[[-63.217790868140213,-7.319937659739621],[-63.208712713692805,-7.319941957957869],[-63.208716929735289,-7.32900582624194],[-63.21779526755995,-7.32900152264529],[-63.217790868140213,-7.319937659739621]]]}},
{"type":"Feature","properties":{"DESCRIPTION":"MDT_1457160.tif","FILENAME":"U:\\P589_AmazoniaRevelada_BR-319\\LiDAR_dataset\\ENTREGAS\\ENTREGA_03\\2_MDT\\GEOTIFF\\MDT_1457160.tif","SHRT_FNAME":"MDT_1457160.tif","UPPER_LEFT_X":"476961.570","UPPER_LEFT_Y":"9190877.071","LOWER_RIGHT_X":"477963.570","LOWER_RIGHT_Y":"9189875.071"},"geometry":{"type":"Polygon","coordinates":[[[-63.208729971248161,-7.319941949960552],[-63.199651811451858,-7.319946065554035],[-63.199655844465155,-7.329009938977978],[-63.208734187639244,-7.329005818234612],[-63.208729971248161,-7.319941949960552]]]}},
{"type":"Feature","properties":{"DESCRIPTION":"MDT_1457161.tif","FILENAME":"U:\\P589_AmazoniaRevelada_BR-319\\LiDAR_dataset\\ENTREGAS\\ENTREGA_03\\2_MDT\\GEOTIFF\\MDT_1457161.tif","SHRT_FNAME":"MDT_1457161.tif","UPPER_LEFT_X":"477961.666","UPPER_LEFT_Y":"9190877.071","LOWER_RIGHT_X":"478963.666","LOWER_RIGHT_Y":"9189875.071"},"geometry":{"type":"Polygon","coordinates":[[[-63.199669069017148,-7.319946057903886],[-63.190590904104148,-7.319949990872097],[-63.190594754087769,-7.329013869207823],[-63.199673102379059,-7.329009931318256],[-63.199669069017148,-7.319946057903886]]]}},
{"type":"Feature","properties":{"DESCRIPTION":"MDT_1457162.tif","FILENAME":"U:\\P589_AmazoniaRevelada_BR-319\\LiDAR_dataset\\ENTREGAS\\ENTREGA_03\\2_MDT\\GEOTIFF\\MDT_1457162.tif","SHRT_FNAME":"MDT_1457162.tif","UPPER_LEFT_X":"478961.761","UPPER_LEFT_Y":"9190877.071","LOWER_RIGHT_X":"479963.761","LOWER_RIGHT_Y":"9189875.071"},"geometry":{"type":"Polygon","coordinates":[[[-63.190608161678952,-7.319949983569118],[-63.18152999188144,-7.319953733911561],[-63.181533658834901,-7.329017616930989],[-63.190612012011179,-7.329013861895708],[-63.190608161678952,-7.319949983569118]]]}},
{"type":"Feature","properties":{"DESCRIPTION":"MDT_1457163.tif","FILENAME":"U:\\P589_AmazoniaRevelada_BR-319\\LiDAR_dataset\\ENTREGAS\\ENTREGA_03\\2_MDT\\GEOTIFF\\MDT_1457163.tif","SHRT_FNAME":"MDT_1457163.tif","UPPER_LEFT_X":"479961.856","UPPER_LEFT_Y":"9190877.071","LOWER_RIGHT_X":"480963.856","LOWER_RIGHT_Y":"9189875.071"},"geometry":{"type":"Polygon","coordinates":[[[-63.181547249465318,-7.319953726955753],[-63.172469075015513,-7.319957294671965],[-63.172472558938331,-7.329021182147007],[-63.181550916767378,-7.329017609966479],[-63.181547249465318,-7.319953726955753]]]}},
{"type":"Feature","properties":{"DESCRIPTION":"MDT_1457164.tif","FILENAME":"U:\\P589_AmazoniaRevelada_BR-319\\LiDAR_dataset\\ENTREGAS\\ENTREGA_03\\2_MDT\\GEOTIFF\\MDT_1457164.tif","SHRT_FNAME":"MDT_1457164.tif","UPPER_LEFT_X":"480961.951","UPPER_LEFT_Y":"9190877.071","LOWER_RIGHT_X":"481963.951","LOWER_RIGHT_Y":"9189875.071"},"geometry":{"type":"Polygon","coordinates":[[[-63.172486332608003,-7.319957288063332],[-63.163408153738096,-7.319960673152864],[-63.163411454629866,-7.329024564855431],[-63.172489816879434,-7.329021175530102],[-63.172486332608003,-7.319957288063332]]]}},
{"type":"Feature","properties":{"DESCRIPTION":"MDT_1457165.tif","FILENAME":"U:\\P589_AmazoniaRevelada_BR-319\\LiDAR_dataset\\ENTREGAS\\ENTREGA_03\\2_MDT\\GEOTIFF\\MDT_1457165.tif","SHRT_FNAME":"MDT_1457165.tif","UPPER_LEFT_X":"481962.046","UPPER_LEFT_Y":"9190877.071","LOWER_RIGHT_X":"482964.046","LOWER_RIGHT_Y":"9189875.071"},"geometry":{"type":"Polygon","coordinates":[[[-63.163425411338778,-7.319960666891405],[-63.154347228280983,-7.319963869353843],[-63.154350346141257,-7.329027765055844],[-63.163428712579147,-7.329024558586137],[-63.163425411338778,-7.319960666891405]]]}},
{"type":"Feature","properties":{"DESCRIPTION":"MDT_1457166.tif","FILENAME":"U:\\P589_AmazoniaRevelada_BR-319\\LiDAR_dataset\\ENTREGAS\\ENTREGA_03\\2_MDT\\GEOTIFF\\MDT_1457166.tif","SHRT_FNAME":"MDT_1457166.tif","UPPER_LEFT_X":"482962.142","UPPER_LEFT_Y":"9190877.071","LOWER_RIGHT_X":"483964.142","LOWER_RIGHT_Y":"9189875.071"},"geometry":{"type":"Polygon","coordinates":[[[-63.154364485889403,-7.319963863439557],[-63.145286298875895,-7.319966883274498],[-63.145289233704311,-7.32903078274785],[-63.154367604098276,-7.329027759134157],[-63.154364485889403,-7.319963863439557]]]}},
{"type":"Feature","properties":{"DESCRIPTION":"MDT_1457167.tif","FILENAME":"U:\\P589_AmazoniaRevelada_BR-319\\LiDAR_dataset\\ENTREGAS\\ENTREGA_03\\2_MDT\\GEOTIFF\\MDT_1457167.tif","SHRT_FNAME":"MDT_1457167.tif","UPPER_LEFT_X":"483962.237","UPPER_LEFT_Y":"9190877.071","LOWER_RIGHT_X":"484964.237","LOWER_RIGHT_Y":"9189875.071"},"geometry":{"type":"Polygon","coordinates":[[[-63.145303556491619,-7.319966877707388],[-63.13622536575464,-7.31996971491446],[-63.136228117550807,-7.329033617931067],[-63.145306491668634,-7.329030777173771],[-63.145303556491619,-7.319966877707388]]]}},
{"type":"Feature","properties":{"DESCRIPTION":"MDT_1457168.tif","FILENAME":"U:\\P589_AmazoniaRevelada_BR-319\\LiDAR_dataset\\ENTREGAS\\ENTREGA_03\\2_MDT\\GEOTIFF\\MDT_1457168.tif","SHRT_FNAME":"MDT_1457168.tif","UPPER_LEFT_X":"484962.332","UPPER_LEFT_Y":"9190877.071","LOWER_RIGHT_X":"485964.332","LOWER_RIGHT_Y":"9189875.071"},"geometry":{"type":"Polygon","coordinates":[[[-63.136242623377207,-7.319969709694527],[-63.127164429148948,-7.319972364273372],[-63.127166997912525,-7.329036270605148],[-63.136245375521987,-7.3290336127046],[-63.136242623377207,-7.319969709694527]]]}},
{"type":"Feature","properties":{"DESCRIPTION":"MDT_1457169.tif","FILENAME":"U:\\P589_AmazoniaRevelada_BR-319\\LiDAR_dataset\\ENTREGAS\\ENTREGA_03\\2_MDT\\GEOTIFF\\MDT_1457169.tif","SHRT_FNAME":"MDT_1457169.tif","UPPER_LEFT_X":"485962.427","UPPER_LEFT_Y":"9190877.071","LOWER_RIGHT_X":"486964.427","LOWER_RIGHT_Y":"9189875.071"},"geometry":{"type":"Polygon","coordinates":[[[-63.127181686777938,-7.319972359400613],[-63.11810348929059,-7.319974831350909],[-63.118105875021257,-7.329038740769759],[-63.127184255890128,-7.329036265726289],[-63.127181686777938,-7.319972359400613]]]}},
{"type":"Feature","properties":{"DESCRIPTION":"MDT_1457170.tif","FILENAME":"U:\\P589_AmazoniaRevelada_BR-319\\LiDAR_dataset\\ENTREGAS\\ENTREGA_03\\2_MDT\\GEOTIFF\\MDT_1457170.tif","SHRT_FNAME":"MDT_1457170.tif","UPPER_LEFT_X":"486962.522","UPPER_LEFT_Y":"9190877.071","LOWER_RIGHT_X":"487964.522","LOWER_RIGHT_Y":"9189875.071"},"geometry":{"type":"Polygon","coordinates":[[[-63.118120746925548,-7.319974826825325],[-63.109042546411324,-7.31997711614676],[-63.109044749108783,-7.3290410284246],[-63.118123133004829,-7.329038736238513],[-63.118120746925548,-7.319974826825325]]]}},
{"type":"Feature","properties":{"DESCRIPTION":"MDT_1457171.tif","FILENAME":"U:\\P589_AmazoniaRevelada_BR-319\\LiDAR_dataset\\ENTREGAS\\ENTREGA_03\\2_MDT\\GEOTIFF\\MDT_1457171.tif","SHRT_FNAME":"MDT_1457171.tif","UPPER_LEFT_X":"487962.618","UPPER_LEFT_Y":"9190877.071","LOWER_RIGHT_X":"488964.618","LOWER_RIGHT_Y":"9189875.071"},"geometry":{"type":"Polygon","coordinates":[[[-63.109059804051817,-7.319977111968354],[-63.099981600742922,-7.319979218660642],[-63.099983620406903,-7.329043133569376],[-63.10906200709789,-7.329041024240965],[-63.109059804051817,-7.319977111968354]]]}},
{"type":"Feature","properties":{"DESCRIPTION":"MDT_1457172.tif","FILENAME":"U:\\P589_AmazoniaRevelada_BR-319\\LiDAR_dataset\\ENTREGAS\\ENTREGA_03\\2_MDT\\GEOTIFF\\MDT_1457172.tif","SHRT_FNAME":"MDT_1457172.tif","UPPER_LEFT_X":"488962.713","UPPER_LEFT_Y":"9190877.071","LOWER_RIGHT_X":"489964.713","LOWER_RIGHT_Y":"9189875.071"},"geometry":{"type":"Polygon","coordinates":[[[-63.099998858388517,-7.319979214829414],[-63.090920652517148,-7.319981138892295],[-63.090922489147388,-7.329045056203833],[-63.100000878401104,-7.329043129733352],[-63.099998858388517,-7.319979214829414]]]}},
{"type":"Feature","properties":{"DESCRIPTION":"MDT_1457173.tif","FILENAME":"U:\\P589_AmazoniaRevelada_BR-319\\LiDAR_dataset\\ENTREGAS\\ENTREGA_03\\2_MDT\\GEOTIFF\\MDT_1457173.tif","SHRT_FNAME":"MDT_1457173.tif","UPPER_LEFT_X":"489962.808","UPPER_LEFT_Y":"9190877.071","LOWER_RIGHT_X":"490964.808","LOWER_RIGHT_Y":"9189875.071"},"geometry":{"type":"Polygon","coordinates":[[[-63.090937910167384,-7.319981135408246],[-63.081859701965762,-7.319982876841479],[-63.081861355562033,-7.329046796327729],[-63.090939747146244,-7.329045052715423],[-63.090937910167384,-7.319981135408246]]]}},
{"type":"Feature","properties":{"DESCRIPTION":"MDT_1457174.tif","FILENAME":"U:\\P589_AmazoniaRevelada_BR-319\\LiDAR_dataset\\ENTREGAS\\ENTREGA_03\\2_MDT\\GEOTIFF\\MDT_1457174.tif","SHRT_FNAME":"MDT_1457174.tif","UPPER_LEFT_X":"490962.903","UPPER_LEFT_Y":"9190877.071","LOWER_RIGHT_X":"491964.903","LOWER_RIGHT_Y":"9189875.071"},"geometry":{"type":"Polygon","coordinates":[[[-63.08187695962021,-7.319982873704608],[-63.072798749320533,-7.319984432507978],[-63.072800219882623,-7.329048353940849],[-63.081878613565095,-7.329046793186933],[-63.08187695962021,-7.319982873704608]]]}},
{"type":"Feature","properties":{"DESCRIPTION":"MDT_1457175.tif","FILENAME":"U:\\P589_AmazoniaRevelada_BR-319\\LiDAR_dataset\\ENTREGAS\\ENTREGA_03\\2_MDT\\GEOTIFF\\MDT_1457175.tif","SHRT_FNAME":"MDT_1457175.tif","UPPER_LEFT_X":"491962.998","UPPER_LEFT_Y":"9190877.071","LOWER_RIGHT_X":"492964.998","LOWER_RIGHT_Y":"9189875.071"},"geometry":{"type":"Polygon","coordinates":[[[-63.072816006978748,-7.319984429718287],[-63.063737794813214,-7.319985805891599],[-63.063739082340945,-7.329049729042997],[-63.072817477889451,-7.329048351147666],[-63.072816006978748,-7.319984429718287]]]}},
{"type":"Feature","properties":{"DESCRIPTION":"MDT_1457176.tif","FILENAME":"U:\\P589_AmazoniaRevelada_BR-319\\LiDAR_dataset\\ENTREGAS\\ENTREGA_03\\2_MDT\\GEOTIFF\\MDT_1457176.tif","SHRT_FNAME":"MDT_1457176.tif","UPPER_LEFT_X":"492963.094","UPPER_LEFT_Y":"9190877.071","LOWER_RIGHT_X":"493965.094","LOWER_RIGHT_Y":"9189875.071"},"geometry":{"type":"Polygon","coordinates":[[[-63.063755052474761,-7.319985803449089],[-63.054676838675576,-7.319986996992172],[-63.054677943168791,-7.329050921634004],[-63.063756340351091,-7.329049726597429],[-63.063755052474761,-7.319985803449089]]]}},
{"type":"Feature","properties":{"DESCRIPTION":"MDT_1457177.tif","FILENAME":"U:\\P589_AmazoniaRevelada_BR-319\\LiDAR_dataset\\ENTREGAS\\ENTREGA_03\\2_MDT\\GEOTIFF\\MDT_1457177.tif","SHRT_FNAME":"MDT_1457177.tif","UPPER_LEFT_X":"493963.189","UPPER_LEFT_Y":"9190877.071","LOWER_RIGHT_X":"494965.189","LOWER_RIGHT_Y":"9189875.071"},"geometry":{"type":"Polygon","coordinates":[[[-63.054694096340015,-7.319986994896839],[-63.045615881139391,-7.319988005809545],[-63.045616802597941,-7.329051931713724],[-63.054695201181822,-7.32905091953605],[-63.054694096340015,-7.319986994896839]]]}},
{"type":"Feature","properties":{"DESCRIPTION":"MDT_1457178.tif","FILENAME":"U:\\P589_AmazoniaRevelada_BR-319\\LiDAR_dataset\\ENTREGAS\\ENTREGA_03\\2_MDT\\GEOTIFF\\MDT_1457178.tif","SHRT_FNAME":"MDT_1457178.tif","UPPER_LEFT_X":"494963.284","UPPER_LEFT_Y":"9190877.071","LOWER_RIGHT_X":"495965.284","LOWER_RIGHT_Y":"9189875.071"},"geometry":{"type":"Polygon","coordinates":[[[-63.045633138806267,-7.319988004061393],[-63.036554922436423,-7.319988832343598],[-63.036555660860195,-7.329052759282023],[-63.045634060613416,-7.329051929963382],[-63.045633138806267,-7.319988004061393]]]}},
{"type":"Feature","properties":{"DESCRIPTION":"MDT_1457179.tif","FILENAME":"U:\\P589_AmazoniaRevelada_BR-319\\LiDAR_dataset\\ENTREGAS\\ENTREGA_03\\2_MDT\\GEOTIFF\\MDT_1457179.tif","SHRT_FNAME":"MDT_1457179.tif","UPPER_LEFT_X":"495963.379","UPPER_LEFT_Y":"9190877.071","LOWER_RIGHT_X":"496965.379","LOWER_RIGHT_Y":"9189875.071"},"geometry":{"type":"Polygon","coordinates":[[[-63.036572180105303,-7.319988830942624],[-63.027493962798438,-7.319989476594222],[-63.027494518187332,-7.329053404338805],[-63.036572918877674,-7.329052757879296],[-63.036572180105303,-7.319988830942624]]]}},
{"type":"Feature","properties":{"DESCRIPTION":"MDT_1457180.tif","FILENAME":"U:\\P589_AmazoniaRevelada_BR-319\\LiDAR_dataset\\ENTREGAS\\ENTREGA_03\\2_MDT\\GEOTIFF\\MDT_1457180.tif","SHRT_FNAME":"MDT_1457180.tif","UPPER_LEFT_X":"496963.474","UPPER_LEFT_Y":"9190877.071","LOWER_RIGHT_X":"497965.474","LOWER_RIGHT_Y":"9189875.071"},"geometry":{"type":"Polygon","coordinates":[[[-63.027511220468881,-7.319989475540432],[-63.018433002457193,-7.319989938561344],[-63.018433374811138,-7.32905386688399],[-63.027511776206381,-7.329053403283695],[-63.027511220468881,-7.319989475540432]]]}},
{"type":"Feature","properties":{"DESCRIPTION":"MDT_1457181.tif","FILENAME":"U:\\P589_AmazoniaRevelada_BR-319\\LiDAR_dataset\\ENTREGAS\\ENTREGA_03\\2_MDT\\GEOTIFF\\MDT_1457181.tif","SHRT_FNAME":"MDT_1457181.tif","UPPER_LEFT_X":"497963.570","UPPER_LEFT_Y":"9190877.071","LOWER_RIGHT_X":"498965.570","LOWER_RIGHT_Y":"9189875.071"},"geometry":{"type":"Polygon","coordinates":[[[-63.018450260128752,-7.319989937854731],[-63.009372041644461,-7.319990218244902],[-63.009372230963429,-7.329054146917518],[-63.018450632831318,-7.329053866176497],[-63.018450260128752,-7.319989937854731]]]}},
{"type":"Feature","properties":{"DESCRIPTION":"MDT_1457182.tif","FILENAME":"U:\\P589_AmazoniaRevelada_BR-319\\LiDAR_dataset\\ENTREGAS\\ENTREGA_03\\2_MDT\\GEOTIFF\\MDT_1457182.tif","SHRT_FNAME":"MDT_1457182.tif","UPPER_LEFT_X":"498963.665","UPPER_LEFT_Y":"9190877.071","LOWER_RIGHT_X":"499965.665","LOWER_RIGHT_Y":"9189875.071"},"geometry":{"type":"Polygon","coordinates":[[[-63.009389299316695,-7.319990217885469],[-63.000311080592006,-7.319990315644858],[-63.000311086875953,-7.329054244439356],[-63.009389488984269,-7.329054146557638],[-63.009389299316695,-7.319990217885469]]]}},
{"type":"Feature","properties":{"DESCRIPTION":"MDT_1457183.tif","FILENAME":"U:\\P589_AmazoniaRevelada_BR-319\\LiDAR_dataset\\ENTREGAS\\ENTREGA_03\\2_MDT\\GEOTIFF\\MDT_1457183.tif","SHRT_FNAME":"MDT_1457183.tif","UPPER_LEFT_X":"499963.760","UPPER_LEFT_Y":"9190877.071","LOWER_RIGHT_X":"500965.760","LOWER_RIGHT_Y":"9189875.071"},"geometry":{"type":"Polygon","coordinates":[[[-63.000328338264481,-7.319990315632609],[-62.9912501195316,-7.319990230761209],[-62.991249942780527,-7.329054159449487],[-63.000328344897049,-7.329054244427089],[-63.000328338264481,-7.319990315632609]]]}},
{"type":"Feature","properties":{"DESCRIPTION":"MDT_1457184.tif","FILENAME":"U:\\P589_AmazoniaRevelada_BR-319\\LiDAR_dataset\\ENTREGAS\\ENTREGA_03\\2_MDT\\GEOTIFF\\MDT_1457184.tif","SHRT_FNAME":"MDT_1457184.tif","UPPER_LEFT_X":"500963.855","UPPER_LEFT_Y":"9190877.071","LOWER_RIGHT_X":"501965.855","LOWER_RIGHT_Y":"9189875.071"},"geometry":{"type":"Polygon","coordinates":[[[-62.991267377203862,-7.31999023109614],[-62.982189158694993,-7.319989963593959],[-62.982188798908936,-7.329053891947929],[-62.991267200801417,-7.329054159784838],[-62.991267377203862,-7.31999023109614]]]}},
{"type":"Feature","properties":{"DESCRIPTION":"MDT_1457185.tif","FILENAME":"U:\\P589_AmazoniaRevelada_BR-319\\LiDAR_dataset\\ENTREGAS\\ENTREGA_03\\2_MDT\\GEOTIFF\\MDT_1457185.tif","SHRT_FNAME":"MDT_1457185.tif","UPPER_LEFT_X":"501963.950","UPPER_LEFT_Y":"9190877.071","LOWER_RIGHT_X":"502965.950","LOWER_RIGHT_Y":"9189875.071"},"geometry":{"type":"Polygon","coordinates":[[[-62.982206416366616,-7.319989964276072],[-62.973128198313965,-7.319989514143145],[-62.973127655492966,-7.329053441934711],[-62.982206056929179,-7.329053892630895],[-62.982206416366616,-7.319989964276072]]]}},
{"type":"Feature","properties":{"DESCRIPTION":"MDT_1457186.tif","FILENAME":"U:\\P589_AmazoniaRevelada_BR-319\\LiDAR_dataset\\ENTREGAS\\ENTREGA_03\\2_MDT\\GEOTIFF\\MDT_1457186.tif","SHRT_FNAME":"MDT_1457186.tif","UPPER_LEFT_X":"502964.046","UPPER_LEFT_Y":"9190877.071","LOWER_RIGHT_X":"503966.046","LOWER_RIGHT_Y":"9189875.071"},"geometry":{"type":"Polygon","coordinates":[[[-62.973145455984493,-7.319989515172435],[-62.964067238620281,-7.319988882408816],[-62.964066512764404,-7.329052809409889],[-62.973144913512115,-7.329053442965291],[-62.973145455984493,-7.319989515172435]]]}},
{"type":"Feature","properties":{"DESCRIPTION":"MDT_1457187.tif","FILENAME":"U:\\P589_AmazoniaRevelada_BR-319\\LiDAR_dataset\\ENTREGAS\\ENTREGA_03\\2_MDT\\GEOTIFF\\MDT_1457187.tif","SHRT_FNAME":"MDT_1457187.tif","UPPER_LEFT_X":"503964.141","UPPER_LEFT_Y":"9190877.071","LOWER_RIGHT_X":"504966.141","LOWER_RIGHT_Y":"9189875.071"},"geometry":{"type":"Polygon","coordinates":[[[-62.964084496289281,-7.319988883785288],[-62.955006279845698,-7.319988068391057],[-62.955005370955035,-7.329051994373543],[-62.964083770782011,-7.329052810788085],[-62.964084496289281,-7.319988883785288]]]}},
{"type":"Feature","properties":{"DESCRIPTION":"MDT_1457188.tif","FILENAME":"U:\\P589_AmazoniaRevelada_BR-319\\LiDAR_dataset\\ENTREGAS\\ENTREGA_03\\2_MDT\\GEOTIFF\\MDT_1457188.tif","SHRT_FNAME":"MDT_1457188.tif","UPPER_LEFT_X":"504964.236","UPPER_LEFT_Y":"9190877.071","LOWER_RIGHT_X":"505966.236","LOWER_RIGHT_Y":"9189875.071"},"geometry":{"type":"Polygon","coordinates":[[[-62.95502353751273,-7.319988070114709],[-62.945945322221981,-7.319987072089968],[-62.945944230296661,-7.329050996825773],[-62.955022628970681,-7.329051996099354],[-62.95502353751273,-7.319988070114709]]]}},
{"type":"Feature","properties":{"DESCRIPTION":"MDT_1457189.tif","FILENAME":"U:\\P589_AmazoniaRevelada_BR-319\\LiDAR_dataset\\ENTREGAS\\ENTREGA_03\\2_MDT\\GEOTIFF\\MDT_1457189.tif","SHRT_FNAME":"MDT_1457189.tif","UPPER_LEFT_X":"505964.331","UPPER_LEFT_Y":"9190877.071","LOWER_RIGHT_X":"506966.331","LOWER_RIGHT_Y":"9189875.071"},"geometry":{"type":"Polygon","coordinates":[[[-62.945962579886604,-7.319987074160801],[-62.936884365980916,-7.319985893505672],[-62.936883091021045,-7.329049816766701],[-62.945961488309884,-7.329050998899195],[-62.945962579886604,-7.319987074160801]]]}},
{"type":"Feature","properties":{"DESCRIPTION":"MDT_1457190.tif","FILENAME":"U:\\P589_AmazoniaRevelada_BR-319\\LiDAR_dataset\\ENTREGAS\\ENTREGA_03\\2_MDT\\GEOTIFF\\MDT_1457190.tif","SHRT_FNAME":"MDT_1457190.tif","UPPER_LEFT_X":"506964.426","UPPER_LEFT_Y":"9190877.071","LOWER_RIGHT_X":"507966.426","LOWER_RIGHT_Y":"9189875.071"},"geometry":{"type":"Polygon","coordinates":[[[-62.936901623642683,-7.319985895923685],[-62.927823411354247,-7.319984532638316],[-62.927821953360009,-7.32904845419648],[-62.936900349031426,-7.329049819187742],[-62.936901623642683,-7.319985895923685]]]}},
{"type":"Feature","properties":{"DESCRIPTION":"MDT_1457191.tif","FILENAME":"U:\\P589_AmazoniaRevelada_BR-319\\LiDAR_dataset\\ENTREGAS\\ENTREGA_03\\2_MDT\\GEOTIFF\\MDT_1457191.tif","SHRT_FNAME":"MDT_1457191.tif","UPPER_LEFT_X":"507964.522","UPPER_LEFT_Y":"9190877.071","LOWER_RIGHT_X":"508966.522","LOWER_RIGHT_Y":"9189875.071"},"geometry":{"type":"Polygon","coordinates":[[[-62.927840669012717,-7.319984535403508],[-62.918762458573745,-7.319982989488069],[-62.918760817545312,-7.329046909115276],[-62.927839211367093,-7.329048456965132],[-62.927840669012717,-7.319984535403508]]]}},
{"type":"Feature","properties":{"DESCRIPTION":"MDT_1457192.tif","FILENAME":"U:\\P589_AmazoniaRevelada_BR-319\\LiDAR_dataset\\ENTREGAS\\ENTREGA_03\\2_MDT\\GEOTIFF\\MDT_1457192.tif","SHRT_FNAME":"MDT_1457192.tif","UPPER_LEFT_X":"508964.617","UPPER_LEFT_Y":"9190877.071","LOWER_RIGHT_X":"509966.617","LOWER_RIGHT_Y":"9189875.071"},"geometry":{"type":"Polygon","coordinates":[[[-62.918779716228471,-7.319982992600441],[-62.909701507871169,-7.319981264055124],[-62.909699683808761,-7.329045181523279],[-62.918778075548651,-7.329046912231542],[-62.918779716228471,-7.319982992600441]]]}},
{"type":"Feature","properties":{"DESCRIPTION":"MDT_1457193.tif","FILENAME":"U:\\P589_AmazoniaRevelada_BR-319\\LiDAR_dataset\\ENTREGAS\\ENTREGA_03\\2_MDT\\GEOTIFF\\MDT_1457193.tif","SHRT_FNAME":"MDT_1457193.tif","UPPER_LEFT_X":"509964.712","UPPER_LEFT_Y":"9190877.071","LOWER_RIGHT_X":"510966.712","LOWER_RIGHT_Y":"9189875.071"},"geometry":{"type":"Polygon","coordinates":[[[-62.909718765521724,-7.319981267514676],[-62.900640559478298,-7.319979356339695],[-62.900638552382134,-7.329043271420708],[-62.909716941807929,-7.329045184987159],[-62.909718765521724,-7.319981267514676]]]}},
{"type":"Feature","properties":{"DESCRIPTION":"MDT_1458147.tif","FILENAME":"U:\\P589_AmazoniaRevelada_BR-319\\LiDAR_dataset\\ENTREGAS\\ENTREGA_03\\2_MDT\\GEOTIFF\\MDT_1458147.tif","SHRT_FNAME":"MDT_1458147.tif","UPPER_LEFT_X":"463960.333","UPPER_LEFT_Y":"9189877.196","LOWER_RIGHT_X":"464962.333","LOWER_RIGHT_Y":"9188875.196"},"geometry":{"type":"Polygon","coordinates":[[[-63.326527711765735,-7.328916519782918],[-63.317449456636432,-7.328923017553509],[-63.317455877115179,-7.337986802727064],[-63.326534315846168,-7.337980296835583],[-63.326527711765735,-7.328916519782918]]]}},
{"type":"Feature","properties":{"DESCRIPTION":"MDT_1458148.tif","FILENAME":"U:\\P589_AmazoniaRevelada_BR-319\\LiDAR_dataset\\ENTREGAS\\ENTREGA_03\\2_MDT\\GEOTIFF\\MDT_1458148.tif","SHRT_FNAME":"MDT_1458148.tif","UPPER_LEFT_X":"464960.428","UPPER_LEFT_Y":"9189877.196","LOWER_RIGHT_X":"465962.428","LOWER_RIGHT_Y":"9188875.196"},"geometry":{"type":"Polygon","coordinates":[[[-63.317466714385823,-7.328923005375054],[-63.308388451120479,-7.328929320300769],[-63.308394688345778,-7.337993113351479],[-63.317473135213611,-7.337986790533392],[-63.317466714385823,-7.328923005375054]]]}},
{"type":"Feature","properties":{"DESCRIPTION":"MDT_1458149.tif","FILENAME":"U:\\P589_AmazoniaRevelada_BR-319\\LiDAR_dataset\\ENTREGAS\\ENTREGA_03\\2_MDT\\GEOTIFF\\MDT_1458149.tif","SHRT_FNAME":"MDT_1458149.tif","UPPER_LEFT_X":"465960.523","UPPER_LEFT_Y":"9189877.196","LOWER_RIGHT_X":"466962.523","LOWER_RIGHT_Y":"9188875.196"},"geometry":{"type":"Polygon","coordinates":[[[-63.308405708885125,-7.328929308469905],[-63.299327437715952,-7.32893544054996],[-63.299333491687001,-7.337999241249739],[-63.308411946459444,-7.337993101505828],[-63.308405708885125,-7.328929308469905]]]}},
{"type":"Feature","properties":{"DESCRIPTION":"MDT_1458150.tif","FILENAME":"U:\\P589_AmazoniaRevelada_BR-319\\LiDAR_dataset\\ENTREGAS\\ENTREGA_03\\2_MDT\\GEOTIFF\\MDT_1458150.tif","SHRT_FNAME":"MDT_1458150.tif","UPPER_LEFT_X":"466960.618","UPPER_LEFT_Y":"9189877.196","LOWER_RIGHT_X":"467962.618","LOWER_RIGHT_Y":"9188875.196"},"geometry":{"type":"Polygon","coordinates":[[[-63.299344695495414,-7.328935429066685],[-63.290266416654624,-7.328941378300312],[-63.290272287370662,-7.338005186421071],[-63.299350749815481,-7.337999229752111],[-63.299344695495414,-7.328935429066685]]]}},
{"type":"Feature","properties":{"DESCRIPTION":"MDT_1458151.tif","FILENAME":"U:\\P589_AmazoniaRevelada_BR-319\\LiDAR_dataset\\ENTREGAS\\ENTREGA_03\\2_MDT\\GEOTIFF\\MDT_1458151.tif","SHRT_FNAME":"MDT_1458151.tif","UPPER_LEFT_X":"467960.714","UPPER_LEFT_Y":"9189877.196","LOWER_RIGHT_X":"468962.714","LOWER_RIGHT_Y":"9188875.196"},"geometry":{"type":"Polygon","coordinates":[[[-63.290283674448446,-7.328941367164631],[-63.281205388168267,-7.328947133551094],[-63.281211075628555,-7.338010948864747],[-63.290289545513502,-7.33800517527147],[-63.290283674448446,-7.328941367164631]]]}},
{"type":"Feature","properties":{"DESCRIPTION":"MDT_1458152.tif","FILENAME":"U:\\P589_AmazoniaRevelada_BR-319\\LiDAR_dataset\\ENTREGAS\\ENTREGA_03\\2_MDT\\GEOTIFF\\MDT_1458152.tif","SHRT_FNAME":"MDT_1458152.tif","UPPER_LEFT_X":"468960.809","UPPER_LEFT_Y":"9189877.196","LOWER_RIGHT_X":"469962.809","LOWER_RIGHT_Y":"9188875.196"},"geometry":{"type":"Polygon","coordinates":[[[-63.281222645975994,-7.328947122763005],[-63.272144352488638,-7.328952706301587],[-63.272149856692458,-7.338016528580046],[-63.281228333785315,-7.338010938063174],[-63.281222645975994,-7.328947122763005]]]}},
{"type":"Feature","properties":{"DESCRIPTION":"MDT_1458153.tif","FILENAME":"U:\\P589_AmazoniaRevelada_BR-319\\LiDAR_dataset\\ENTREGAS\\ENTREGA_03\\2_MDT\\GEOTIFF\\MDT_1458153.tif","SHRT_FNAME":"MDT_1458153.tif","UPPER_LEFT_X":"469960.904","UPPER_LEFT_Y":"9189877.196","LOWER_RIGHT_X":"470962.904","LOWER_RIGHT_Y":"9188875.196"},"geometry":{"type":"Polygon","coordinates":[[[-63.272161610309851,-7.328952695861091],[-63.263083309847524,-7.328958096551097],[-63.263088630794186,-7.338021925566272],[-63.272167114862704,-7.338016518126499],[-63.272161610309851,-7.328952695861091]]]}},
{"type":"Feature","properties":{"DESCRIPTION":"MDT_1458154.tif","FILENAME":"U:\\P589_AmazoniaRevelada_BR-319\\LiDAR_dataset\\ENTREGAS\\ENTREGA_03\\2_MDT\\GEOTIFF\\MDT_1458154.tif","SHRT_FNAME":"MDT_1458154.tif","UPPER_LEFT_X":"470960.999","UPPER_LEFT_Y":"9189877.196","LOWER_RIGHT_X":"471962.999","LOWER_RIGHT_Y":"9188875.196"},"geometry":{"type":"Polygon","coordinates":[[[-63.263100567681775,-7.328958086458197],[-63.254022260476702,-7.328963304298957],[-63.25402739816554,-7.338027139822758],[-63.263105888977471,-7.338021915460758],[-63.263100567681775,-7.328958086458197]]]}},
{"type":"Feature","properties":{"DESCRIPTION":"MDT_1458155.tif","FILENAME":"U:\\P589_AmazoniaRevelada_BR-319\\LiDAR_dataset\\ENTREGAS\\ENTREGA_03\\2_MDT\\GEOTIFF\\MDT_1458155.tif","SHRT_FNAME":"MDT_1458155.tif","UPPER_LEFT_X":"471961.094","UPPER_LEFT_Y":"9189877.196","LOWER_RIGHT_X":"472963.094","LOWER_RIGHT_Y":"9188875.196"},"geometry":{"type":"Polygon","coordinates":[[[-63.254039518323545,-7.328963294553652],[-63.244961204607939,-7.328968329544517],[-63.24496615903832,-7.338032171348853],[-63.254044656361437,-7.338027130065274],[-63.254039518323545,-7.328963294553652]]]}},
{"type":"Feature","properties":{"DESCRIPTION":"MDT_1458156.tif","FILENAME":"U:\\P589_AmazoniaRevelada_BR-319\\LiDAR_dataset\\ENTREGAS\\ENTREGA_03\\2_MDT\\GEOTIFF\\MDT_1458156.tif","SHRT_FNAME":"MDT_1458156.tif","UPPER_LEFT_X":"472961.190","UPPER_LEFT_Y":"9189877.196","LOWER_RIGHT_X":"473963.190","LOWER_RIGHT_Y":"9188875.196"},"geometry":{"type":"Polygon","coordinates":[[[-63.244978462466946,-7.328968320146809],[-63.235900142473021,-7.328973172287151],[-63.235904913644319,-7.338037020143932],[-63.244983417246367,-7.338032161939401],[-63.244978462466946,-7.328968320146809]]]}},
{"type":"Feature","properties":{"DESCRIPTION":"MDT_1458157.tif","FILENAME":"U:\\P589_AmazoniaRevelada_BR-319\\LiDAR_dataset\\ENTREGAS\\ENTREGA_03\\2_MDT\\GEOTIFF\\MDT_1458157.tif","SHRT_FNAME":"MDT_1458157.tif","UPPER_LEFT_X":"473961.285","UPPER_LEFT_Y":"9189877.196","LOWER_RIGHT_X":"474963.285","LOWER_RIGHT_Y":"9188875.196"},"geometry":{"type":"Polygon","coordinates":[[[-63.235917400343745,-7.328973163237044],[-63.226839074303733,-7.328977832526257],[-63.226843662215323,-7.338041686207392],[-63.235922171864075,-7.338037011082516],[-63.235917400343745,-7.328973163237044]]]}},
{"type":"Feature","properties":{"DESCRIPTION":"MDT_1458158.tif","FILENAME":"U:\\P589_AmazoniaRevelada_BR-319\\LiDAR_dataset\\ENTREGAS\\ENTREGA_03\\2_MDT\\GEOTIFF\\MDT_1458158.tif","SHRT_FNAME":"MDT_1458158.tif","UPPER_LEFT_X":"474961.380","UPPER_LEFT_Y":"9189877.196","LOWER_RIGHT_X":"475963.380","LOWER_RIGHT_Y":"9188875.196"},"geometry":{"type":"Polygon","coordinates":[[[-63.226856332185712,-7.328977823823751],[-63.21777800033184,-7.328982310261258],[-63.217782404983161,-7.338046169538654],[-63.22686092044637,-7.33804167749401],[-63.226856332185712,-7.328977823823751]]]}},
{"type":"Feature","properties":{"DESCRIPTION":"MDT_1458159.tif","FILENAME":"U:\\P589_AmazoniaRevelada_BR-319\\LiDAR_dataset\\ENTREGAS\\ENTREGA_03\\2_MDT\\GEOTIFF\\MDT_1458159.tif","SHRT_FNAME":"MDT_1458159.tif","UPPER_LEFT_X":"475961.475","UPPER_LEFT_Y":"9189877.196","LOWER_RIGHT_X":"476963.475","LOWER_RIGHT_Y":"9188875.196"},"geometry":{"type":"Polygon","coordinates":[[[-63.217795258224662,-7.328982301906351],[-63.208716920789115,-7.328986605491595],[-63.208721142179627,-7.338050470137156],[-63.217799663225037,-7.338046161173305],[-63.217795258224662,-7.328982301906351]]]}},
{"type":"Feature","properties":{"DESCRIPTION":"MDT_1458160.tif","FILENAME":"U:\\P589_AmazoniaRevelada_BR-319\\LiDAR_dataset\\ENTREGAS\\ENTREGA_03\\2_MDT\\GEOTIFF\\MDT_1458160.tif","SHRT_FNAME":"MDT_1458160.tif","UPPER_LEFT_X":"476961.570","UPPER_LEFT_Y":"9189877.196","LOWER_RIGHT_X":"477963.570","LOWER_RIGHT_Y":"9188875.196"},"geometry":{"type":"Polygon","coordinates":[[[-63.208734178692332,-7.328986597484291],[-63.199655835907357,-7.328990718216734],[-63.199659874036527,-7.338054588002368],[-63.208738400431898,-7.338050462119845],[-63.208734178692332,-7.328986597484291]]]}},
{"type":"Feature","properties":{"DESCRIPTION":"MDT_1458161.tif","FILENAME":"U:\\P589_AmazoniaRevelada_BR-319\\LiDAR_dataset\\ENTREGAS\\ENTREGA_03\\2_MDT\\GEOTIFF\\MDT_1458161.tif","SHRT_FNAME":"MDT_1458161.tif","UPPER_LEFT_X":"477961.666","UPPER_LEFT_Y":"9189877.196","LOWER_RIGHT_X":"478963.666","LOWER_RIGHT_Y":"9188875.196"},"geometry":{"type":"Polygon","coordinates":[[[-63.199673093820529,-7.328990710557033],[-63.190594745918347,-7.328994648436166],[-63.190598600785663,-7.338058523133774],[-63.199677132298739,-7.338054580333093],[-63.199673093820529,-7.328990710557033]]]}},
{"type":"Feature","properties":{"DESCRIPTION":"MDT_1458162.tif","FILENAME":"U:\\P589_AmazoniaRevelada_BR-319\\LiDAR_dataset\\ENTREGAS\\ENTREGA_03\\2_MDT\\GEOTIFF\\MDT_1458162.tif","SHRT_FNAME":"MDT_1458162.tif","UPPER_LEFT_X":"478961.761","UPPER_LEFT_Y":"9189877.196","LOWER_RIGHT_X":"479963.761","LOWER_RIGHT_Y":"9188875.196"},"geometry":{"type":"Polygon","coordinates":[[[-63.190612003841018,-7.328994641124069],[-63.181533651053861,-7.328998396149397],[-63.181537322658833,-7.33806227553089],[-63.190615859057374,-7.338058515812539],[-63.190612003841018,-7.328994641124069]]]}},
{"type":"Feature","properties":{"DESCRIPTION":"MDT_1458163.tif","FILENAME":"U:\\P589_AmazoniaRevelada_BR-319\\LiDAR_dataset\\ENTREGAS\\ENTREGA_03\\2_MDT\\GEOTIFF\\MDT_1458163.tif","SHRT_FNAME":"MDT_1458163.tif","UPPER_LEFT_X":"479961.856","UPPER_LEFT_Y":"9189877.196","LOWER_RIGHT_X":"480963.856","LOWER_RIGHT_Y":"9188875.196"},"geometry":{"type":"Polygon","coordinates":[[[-63.181550908985592,-7.328998389184906],[-63.172472551545681,-7.329001961355968],[-63.17247603988784,-7.338065845193241],[-63.181554580939611,-7.338062268557692],[-63.181550908985592,-7.328998389184906]]]}},
{"type":"Feature","properties":{"DESCRIPTION":"MDT_1458164.tif","FILENAME":"U:\\P589_AmazoniaRevelada_BR-319\\LiDAR_dataset\\ENTREGAS\\ENTREGA_03\\2_MDT\\GEOTIFF\\MDT_1458164.tif","SHRT_FNAME":"MDT_1458164.tif","UPPER_LEFT_X":"480961.951","UPPER_LEFT_Y":"9189877.196","LOWER_RIGHT_X":"481963.951","LOWER_RIGHT_Y":"9188875.196"},"geometry":{"type":"Polygon","coordinates":[[[-63.172489809486038,-7.329001954739081],[-63.163411447625585,-7.329005344055426],[-63.163414752704512,-7.33806923212039],[-63.172493298177258,-7.338065838568085],[-63.172489809486038,-7.329001954739081]]]}},
{"type":"Feature","properties":{"DESCRIPTION":"MDT_1458165.tif","FILENAME":"U:\\P589_AmazoniaRevelada_BR-319\\LiDAR_dataset\\ENTREGAS\\ENTREGA_03\\2_MDT\\GEOTIFF\\MDT_1458165.tif","SHRT_FNAME":"MDT_1458165.tif","UPPER_LEFT_X":"481962.046","UPPER_LEFT_Y":"9189877.196","LOWER_RIGHT_X":"482964.046","LOWER_RIGHT_Y":"9188875.196"},"geometry":{"type":"Polygon","coordinates":[[[-63.163428705574134,-7.32900533778615],[-63.154350339525358,-7.32900854424736],[-63.154353461340641,-7.338072436311912],[-63.163432011002094,-7.338069225843276],[-63.163428705574134,-7.32900533778615]]]}},
{"type":"Feature","properties":{"DESCRIPTION":"MDT_1458166.tif","FILENAME":"U:\\P589_AmazoniaRevelada_BR-319\\LiDAR_dataset\\ENTREGAS\\ENTREGA_03\\2_MDT\\GEOTIFF\\MDT_1458166.tif","SHRT_FNAME":"MDT_1458166.tif","UPPER_LEFT_X":"482962.142","UPPER_LEFT_Y":"9189877.196","LOWER_RIGHT_X":"483964.142","LOWER_RIGHT_Y":"9188875.196"},"geometry":{"type":"Polygon","coordinates":[[[-63.154367597481645,-7.329008538325687],[-63.145289227476795,-7.329011561931364],[-63.145292166028021,-7.338075457767411],[-63.154370719645968,-7.33807243038284],[-63.154367597481645,-7.329008538325687]]]}},
{"type":"Feature","properties":{"DESCRIPTION":"MDT_1458167.tif","FILENAME":"U:\\P589_AmazoniaRevelada_BR-319\\LiDAR_dataset\\ENTREGAS\\ENTREGA_03\\2_MDT\\GEOTIFF\\MDT_1458167.tif","SHRT_FNAME":"MDT_1458167.tif","UPPER_LEFT_X":"483962.237","UPPER_LEFT_Y":"9189877.196","LOWER_RIGHT_X":"484964.237","LOWER_RIGHT_Y":"9188875.196"},"geometry":{"type":"Polygon","coordinates":[[[-63.145306485440379,-7.3290115563573],[-63.136228111711681,-7.329014397107068],[-63.136230866998488,-7.338078296486511],[-63.145309424340653,-7.338075452186384],[-63.145306485440379,-7.3290115563573]]]}},
{"type":"Feature","properties":{"DESCRIPTION":"MDT_1458168.tif","FILENAME":"U:\\P589_AmazoniaRevelada_BR-319\\LiDAR_dataset\\ENTREGAS\\ENTREGA_03\\2_MDT\\GEOTIFF\\MDT_1458168.tif","SHRT_FNAME":"MDT_1458168.tif","UPPER_LEFT_X":"484962.332","UPPER_LEFT_Y":"9189877.196","LOWER_RIGHT_X":"485964.332","LOWER_RIGHT_Y":"9188875.196"},"geometry":{"type":"Polygon","coordinates":[[[-63.136245369682122,-7.329014391880615],[-63.127166992461781,-7.329017049774119],[-63.127169564483822,-7.338080952468856],[-63.136248125317977,-7.338078291253524],[-63.136245369682122,-7.329014391880615]]]}},
{"type":"Feature","properties":{"DESCRIPTION":"MDT_1458169.tif","FILENAME":"U:\\P589_AmazoniaRevelada_BR-319\\LiDAR_dataset\\ENTREGAS\\ENTREGA_03\\2_MDT\\GEOTIFF\\MDT_1458169.tif","SHRT_FNAME":"MDT_1458169.tif","UPPER_LEFT_X":"485962.427","UPPER_LEFT_Y":"9189877.196","LOWER_RIGHT_X":"486964.427","LOWER_RIGHT_Y":"9188875.196"},"geometry":{"type":"Polygon","coordinates":[[[-63.127184250438631,-7.329017044895275],[-63.118105869958896,-7.329019519932185],[-63.11810825871585,-7.33808342571412],[-63.127186822809733,-7.338080947583914],[-63.127184250438631,-7.329017044895275]]]}},
{"type":"Feature","properties":{"DESCRIPTION":"MDT_1458170.tif","FILENAME":"U:\\P589_AmazoniaRevelada_BR-319\\LiDAR_dataset\\ENTREGAS\\ENTREGA_03\\2_MDT\\GEOTIFF\\MDT_1458170.tif","SHRT_FNAME":"MDT_1458170.tif","UPPER_LEFT_X":"486962.522","UPPER_LEFT_Y":"9189877.196","LOWER_RIGHT_X":"487964.522","LOWER_RIGHT_Y":"9188875.196"},"geometry":{"type":"Polygon","coordinates":[[[-63.118123127941729,-7.329019515400951],[-63.109044744434804,-7.329021807580962],[-63.10904694992638,-7.338085716221991],[-63.11812551704773,-7.338083421177224],[-63.118123127941729,-7.329019515400951]]]}},
{"type":"Feature","properties":{"DESCRIPTION":"MDT_1458171.tif","FILENAME":"U:\\P589_AmazoniaRevelada_BR-319\\LiDAR_dataset\\ENTREGAS\\ENTREGA_03\\2_MDT\\GEOTIFF\\MDT_1458171.tif","SHRT_FNAME":"MDT_1458171.tif","UPPER_LEFT_X":"487962.618","UPPER_LEFT_Y":"9189877.196","LOWER_RIGHT_X":"488964.618","LOWER_RIGHT_Y":"9188875.196"},"geometry":{"type":"Polygon","coordinates":[[[-63.109062002423173,-7.329021803397337],[-63.099983616121307,-7.329023912720159],[-63.099985638347221,-7.338087823992186],[-63.109064208263796,-7.338085712033139],[-63.109062002423173,-7.329021803397337]]]}},
{"type":"Feature","properties":{"DESCRIPTION":"MDT_1458172.tif","FILENAME":"U:\\P589_AmazoniaRevelada_BR-319\\LiDAR_dataset\\ENTREGAS\\ENTREGA_03\\2_MDT\\GEOTIFF\\MDT_1458172.tif","SHRT_FNAME":"MDT_1458172.tif","UPPER_LEFT_X":"488962.713","UPPER_LEFT_Y":"9189877.196","LOWER_RIGHT_X":"489964.713","LOWER_RIGHT_Y":"9188875.196"},"geometry":{"type":"Polygon","coordinates":[[[-63.100000874114762,-7.329023908884148],[-63.090922485250168,-7.329025835349522],[-63.090924324210171,-7.338089749024446],[-63.100002896689723,-7.33808782015138],[-63.100000874114762,-7.329023908884148]]]}},
{"type":"Feature","properties":{"DESCRIPTION":"MDT_1458173.tif","FILENAME":"U:\\P589_AmazoniaRevelada_BR-319\\LiDAR_dataset\\ENTREGAS\\ENTREGA_03\\2_MDT\\GEOTIFF\\MDT_1458173.tif","SHRT_FNAME":"MDT_1458173.tif","UPPER_LEFT_X":"489962.808","UPPER_LEFT_Y":"9189877.196","LOWER_RIGHT_X":"490964.808","LOWER_RIGHT_Y":"9188875.196"},"geometry":{"type":"Polygon","coordinates":[[[-63.090939743248285,-7.329025831861119],[-63.081861352053203,-7.329027575468805],[-63.081863007747053,-7.338091491318528],[-63.090941582557328,-7.338089745531687],[-63.090939743248285,-7.329025831861119]]]}},
{"type":"Feature","properties":{"DESCRIPTION":"MDT_1458174.tif","FILENAME":"U:\\P589_AmazoniaRevelada_BR-319\\LiDAR_dataset\\ENTREGAS\\ENTREGA_03\\2_MDT\\GEOTIFF\\MDT_1458174.tif","SHRT_FNAME":"MDT_1458174.tif","UPPER_LEFT_X":"490962.903","UPPER_LEFT_Y":"9189877.196","LOWER_RIGHT_X":"491964.903","LOWER_RIGHT_Y":"9188875.196"},"geometry":{"type":"Polygon","coordinates":[[[-63.081878610055533,-7.329027572328018],[-63.072800216762175,-7.329029133077795],[-63.072801689189674,-7.338093050874213],[-63.081880266098423,-7.338091488173813],[-63.081878610055533,-7.329027572328018]]]}},
{"type":"Feature","properties":{"DESCRIPTION":"MDT_1458175.tif","FILENAME":"U:\\P589_AmazoniaRevelada_BR-319\\LiDAR_dataset\\ENTREGAS\\ENTREGA_03\\2_MDT\\GEOTIFF\\MDT_1458175.tif","SHRT_FNAME":"MDT_1458175.tif","UPPER_LEFT_X":"491962.998","UPPER_LEFT_Y":"9189877.196","LOWER_RIGHT_X":"492964.998","LOWER_RIGHT_Y":"9188875.196"},"geometry":{"type":"Polygon","coordinates":[[[-63.072817474768271,-7.329029130284622],[-63.063739079608887,-7.329030508176302],[-63.063740368769842,-7.338094427691311],[-63.07281894754481,-7.338093048077548],[-63.072817474768271,-7.329029130284622]]]}},
{"type":"Feature","properties":{"DESCRIPTION":"MDT_1458176.tif","FILENAME":"U:\\P589_AmazoniaRevelada_BR-319\\LiDAR_dataset\\ENTREGAS\\ENTREGA_03\\2_MDT\\GEOTIFF\\MDT_1458176.tif","SHRT_FNAME":"MDT_1458176.tif","UPPER_LEFT_X":"492963.094","UPPER_LEFT_Y":"9189877.196","LOWER_RIGHT_X":"493965.094","LOWER_RIGHT_Y":"9188875.196"},"geometry":{"type":"Polygon","coordinates":[[[-63.063756337618308,-7.32903050573074],[-63.05467794082513,-7.329031700764149],[-63.054679046719372,-7.338095621769652],[-63.063757627128318,-7.338094425242694],[-63.063756337618308,-7.32903050573074]]]}},
{"type":"Feature","properties":{"DESCRIPTION":"MDT_1458177.tif","FILENAME":"U:\\P589_AmazoniaRevelada_BR-319\\LiDAR_dataset\\ENTREGAS\\ENTREGA_03\\2_MDT\\GEOTIFF\\MDT_1458177.tif","SHRT_FNAME":"MDT_1458177.tif","UPPER_LEFT_X":"493963.189","UPPER_LEFT_Y":"9189877.196","LOWER_RIGHT_X":"494965.189","LOWER_RIGHT_Y":"9188875.196"},"geometry":{"type":"Polygon","coordinates":[[[-63.054695198837429,-7.329031698666198],[-63.045616800642662,-7.329032710841189],[-63.045617723270077,-7.338096633109083],[-63.054696305080732,-7.338095619669081],[-63.054695198837429,-7.329031698666198]]]}},
{"type":"Feature","properties":{"DESCRIPTION":"MDT_1458178.tif","FILENAME":"U:\\P589_AmazoniaRevelada_BR-319\\LiDAR_dataset\\ENTREGAS\\ENTREGA_03\\2_MDT\\GEOTIFF\\MDT_1458178.tif","SHRT_FNAME":"MDT_1458178.tif","UPPER_LEFT_X":"494963.284","UPPER_LEFT_Y":"9189877.196","LOWER_RIGHT_X":"495965.284","LOWER_RIGHT_Y":"9188875.196"},"geometry":{"type":"Polygon","coordinates":[[[-63.045634058657406,-7.329032709090854],[-63.036555659293299,-7.329033538407297],[-63.036556398653758,-7.338097461709483],[-63.045634981633874,-7.33809663135656],[-63.045634058657406,-7.329032709090854]]]}},
{"type":"Feature","properties":{"DESCRIPTION":"MDT_1458179.tif","FILENAME":"U:\\P589_AmazoniaRevelada_BR-319\\LiDAR_dataset\\ENTREGAS\\ENTREGA_03\\2_MDT\\GEOTIFF\\MDT_1458179.tif","SHRT_FNAME":"MDT_1458179.tif","UPPER_LEFT_X":"495963.379","UPPER_LEFT_Y":"9189877.196","LOWER_RIGHT_X":"496965.379","LOWER_RIGHT_Y":"9188875.196"},"geometry":{"type":"Polygon","coordinates":[[[-63.036572917310053,-7.329033537004574],[-63.027494517008833,-7.32903418346237],[-63.02749507310223,-7.338098107570745],[-63.036573657019552,-7.338097460305009],[-63.036572917310053,-7.329033537004574]]]}},
{"type":"Feature","properties":{"DESCRIPTION":"MDT_1458180.tif","FILENAME":"U:\\P589_AmazoniaRevelada_BR-319\\LiDAR_dataset\\ENTREGAS\\ENTREGA_03\\2_MDT\\GEOTIFF\\MDT_1458180.tif","SHRT_FNAME":"MDT_1458180.tif","UPPER_LEFT_X":"496963.474","UPPER_LEFT_Y":"9189877.196","LOWER_RIGHT_X":"497965.474","LOWER_RIGHT_Y":"9188875.196"},"geometry":{"type":"Polygon","coordinates":[[[-63.027511775027136,-7.329034182407261],[-63.018433374021043,-7.329034646006329],[-63.018433746847315,-7.338098570692788],[-63.027512331469595,-7.338098106514316],[-63.027511775027136,-7.329034182407261]]]}},
{"type":"Feature","properties":{"DESCRIPTION":"MDT_1458181.tif","FILENAME":"U:\\P589_AmazoniaRevelada_BR-319\\LiDAR_dataset\\ENTREGAS\\ENTREGA_03\\2_MDT\\GEOTIFF\\MDT_1458181.tif","SHRT_FNAME":"MDT_1458181.tif","UPPER_LEFT_X":"497963.570","UPPER_LEFT_Y":"9189877.196","LOWER_RIGHT_X":"498965.570","LOWER_RIGHT_Y":"9188875.196"},"geometry":{"type":"Polygon","coordinates":[[[-63.018450632040462,-7.329034645298836],[-63.009372230561702,-7.329034926039114],[-63.009372420120812,-7.338098851075558],[-63.018451005215795,-7.33809856998441],[-63.018450632040462,-7.329034645298836]]]}},
{"type":"Feature","properties":{"DESCRIPTION":"MDT_1458182.tif","FILENAME":"U:\\P589_AmazoniaRevelada_BR-319\\LiDAR_dataset\\ENTREGAS\\ENTREGA_03\\2_MDT\\GEOTIFF\\MDT_1458182.tif","SHRT_FNAME":"MDT_1458182.tif","UPPER_LEFT_X":"498963.665","UPPER_LEFT_Y":"9189877.196","LOWER_RIGHT_X":"499965.665","LOWER_RIGHT_Y":"9188875.196"},"geometry":{"type":"Polygon","coordinates":[[[-63.00938948858181,-7.329034925679236],[-63.000311086862624,-7.329035023560692],[-63.000311093154551,-7.338098948719018],[-63.009389678489981,-7.338098850715228],[-63.00938948858181,-7.329034925679236]]]}},
{"type":"Feature","properties":{"DESCRIPTION":"MDT_1458183.tif","FILENAME":"U:\\P589_AmazoniaRevelada_BR-319\\LiDAR_dataset\\ENTREGAS\\ENTREGA_03\\2_MDT\\GEOTIFF\\MDT_1458183.tif","SHRT_FNAME":"MDT_1458183.tif","UPPER_LEFT_X":"499963.760","UPPER_LEFT_Y":"9189877.196","LOWER_RIGHT_X":"500965.760","LOWER_RIGHT_Y":"9188875.196"},"geometry":{"type":"Polygon","coordinates":[[[-63.000328344882959,-7.329035023548427],[-62.991249943155594,-7.329034938571051],[-62.991249766180317,-7.338098863623157],[-63.000328351523947,-7.338098948706738],[-63.000328344882959,-7.329035023548427]]]}},
{"type":"Feature","properties":{"DESCRIPTION":"MDT_1458184.tif","FILENAME":"U:\\P589_AmazoniaRevelada_BR-319\\LiDAR_dataset\\ENTREGAS\\ENTREGA_03\\2_MDT\\GEOTIFF\\MDT_1458184.tif","SHRT_FNAME":"MDT_1458184.tif","UPPER_LEFT_X":"500963.855","UPPER_LEFT_Y":"9189877.196","LOWER_RIGHT_X":"501965.855","LOWER_RIGHT_Y":"9188875.196"},"geometry":{"type":"Polygon","coordinates":[[[-62.991267201175731,-7.329034938906402],[-62.982188799672386,-7.329034671070199],[-62.982188439429954,-7.338098595787987],[-62.991267024549515,-7.338098863958927],[-62.991267201175731,-7.329034938906402]]]}},
{"type":"Feature","properties":{"DESCRIPTION":"MDT_1458185.tif","FILENAME":"U:\\P589_AmazoniaRevelada_BR-319\\LiDAR_dataset\\ENTREGAS\\ENTREGA_03\\2_MDT\\GEOTIFF\\MDT_1458185.tif","SHRT_FNAME":"MDT_1458185.tif","UPPER_LEFT_X":"501963.950","UPPER_LEFT_Y":"9189877.196","LOWER_RIGHT_X":"502965.950","LOWER_RIGHT_Y":"9188875.196"},"geometry":{"type":"Polygon","coordinates":[[[-62.982206057691876,-7.329034671753166],[-62.973127656644799,-7.329034221058175],[-62.973127113135241,-7.338098145213535],[-62.982205697798484,-7.3380985964718],[-62.982206057691876,-7.329034671753166]]]}},
{"type":"Feature","properties":{"DESCRIPTION":"MDT_1458186.tif","FILENAME":"U:\\P589_AmazoniaRevelada_BR-319\\LiDAR_dataset\\ENTREGAS\\ENTREGA_03\\2_MDT\\GEOTIFF\\MDT_1458186.tif","SHRT_FNAME":"MDT_1458186.tif","UPPER_LEFT_X":"502964.046","UPPER_LEFT_Y":"9189877.196","LOWER_RIGHT_X":"503966.046","LOWER_RIGHT_Y":"9188875.196"},"geometry":{"type":"Polygon","coordinates":[[[-62.973144914663209,-7.329034222088752],[-62.964066514304619,-7.32903358853503],[-62.964065787528007,-7.338097511899865],[-62.973144371502698,-7.338098146245401],[-62.973144914663209,-7.329034222088752]]]}},
{"type":"Feature","properties":{"DESCRIPTION":"MDT_1458187.tif","FILENAME":"U:\\P589_AmazoniaRevelada_BR-319\\LiDAR_dataset\\ENTREGAS\\ENTREGA_03\\2_MDT\\GEOTIFF\\MDT_1458187.tif","SHRT_FNAME":"MDT_1458187.tif","UPPER_LEFT_X":"503964.141","UPPER_LEFT_Y":"9189877.196","LOWER_RIGHT_X":"504966.141","LOWER_RIGHT_Y":"9188875.196"},"geometry":{"type":"Polygon","coordinates":[[[-62.964083772321501,-7.32903358991322],[-62.955005372883647,-7.329032773500843],[-62.955004462840058,-7.338096695847052],[-62.964083045893929,-7.338097513279779],[-62.964083772321501,-7.32903358991322]]]}},
{"type":"Feature","properties":{"DESCRIPTION":"MDT_1458188.tif","FILENAME":"U:\\P589_AmazoniaRevelada_BR-319\\LiDAR_dataset\\ENTREGAS\\ENTREGA_03\\2_MDT\\GEOTIFF\\MDT_1458188.tif","SHRT_FNAME":"MDT_1458188.tif","UPPER_LEFT_X":"504964.236","UPPER_LEFT_Y":"9189877.196","LOWER_RIGHT_X":"505966.236","LOWER_RIGHT_Y":"9188875.196"},"geometry":{"type":"Polygon","coordinates":[[[-62.95502263089854,-7.329032775226648],[-62.945944232613655,-7.329031775955718],[-62.945943139303225,-7.338095697055194],[-62.955021721204012,-7.338096697575014],[-62.95502263089854,-7.329032775226648]]]}},
{"type":"Feature","properties":{"DESCRIPTION":"MDT_1458189.tif","FILENAME":"U:\\P589_AmazoniaRevelada_BR-319\\LiDAR_dataset\\ENTREGAS\\ENTREGA_03\\2_MDT\\GEOTIFF\\MDT_1458189.tif","SHRT_FNAME":"MDT_1458189.tif","UPPER_LEFT_X":"505964.331","UPPER_LEFT_Y":"9189877.196","LOWER_RIGHT_X":"506966.331","LOWER_RIGHT_Y":"9188875.196"},"geometry":{"type":"Polygon","coordinates":[[[-62.945961490626146,-7.329031778029134],[-62.936883093726436,-7.329030595899774],[-62.936881817149292,-7.338094515524421],[-62.945960397664763,-7.338095699131205],[-62.945961490626146,-7.329031778029134]]]}},
{"type":"Feature","properties":{"DESCRIPTION":"MDT_1458190.tif","FILENAME":"U:\\P589_AmazoniaRevelada_BR-319\\LiDAR_dataset\\ENTREGAS\\ENTREGA_03\\2_MDT\\GEOTIFF\\MDT_1458190.tif","SHRT_FNAME":"MDT_1458190.tif","UPPER_LEFT_X":"506964.426","UPPER_LEFT_Y":"9189877.196","LOWER_RIGHT_X":"507966.426","LOWER_RIGHT_Y":"9188875.196"},"geometry":{"type":"Polygon","coordinates":[[[-62.936900351736064,-7.329030598320806],[-62.927821956453769,-7.329029233333165],[-62.927820496610074,-7.338093151254879],[-62.936899075507981,-7.338094517948481],[-62.936900351736064,-7.329030598320806]]]}},
{"type":"Feature","properties":{"DESCRIPTION":"MDT_1458191.tif","FILENAME":"U:\\P589_AmazoniaRevelada_BR-319\\LiDAR_dataset\\ENTREGAS\\ENTREGA_03\\2_MDT\\GEOTIFF\\MDT_1458191.tif","SHRT_FNAME":"MDT_1458191.tif","UPPER_LEFT_X":"507964.522","UPPER_LEFT_Y":"9189877.196","LOWER_RIGHT_X":"508966.522","LOWER_RIGHT_Y":"9188875.196"},"geometry":{"type":"Polygon","coordinates":[[[-62.927839214460114,-7.329029236101807],[-62.918760821027469,-7.329027688256054],[-62.918759177917401,-7.338091604246736],[-62.927837754965466,-7.338093154026984],[-62.927839214460114,-7.329029236101807]]]}},
{"type":"Feature","properties":{"DESCRIPTION":"MDT_1458192.tif","FILENAME":"U:\\P589_AmazoniaRevelada_BR-319\\LiDAR_dataset\\ENTREGAS\\ENTREGA_03\\2_MDT\\GEOTIFF\\MDT_1458192.tif","SHRT_FNAME":"MDT_1458192.tif","UPPER_LEFT_X":"508964.617","UPPER_LEFT_Y":"9189877.196","LOWER_RIGHT_X":"509966.617","LOWER_RIGHT_Y":"9188875.196"},"geometry":{"type":"Polygon","coordinates":[[[-62.918778079030076,-7.329027691372309],[-62.9096996876793,-7.329025960668637],[-62.909697861303066,-7.338089874500185],[-62.918776436269049,-7.338091607366889],[-62.918778079030076,-7.329027691372309]]]}},
{"type":"Feature","properties":{"DESCRIPTION":"MDT_1458193.tif","FILENAME":"U:\\P589_AmazoniaRevelada_BR-319\\LiDAR_dataset\\ENTREGAS\\ENTREGA_03\\2_MDT\\GEOTIFF\\MDT_1458193.tif","SHRT_FNAME":"MDT_1458193.tif","UPPER_LEFT_X":"509964.712","UPPER_LEFT_Y":"9189877.196","LOWER_RIGHT_X":"510966.712","LOWER_RIGHT_Y":"9188875.196"},"geometry":{"type":"Polygon","coordinates":[[[-62.909716945677722,-7.329025964132506],[-62.900638556641063,-7.329024050571124],[-62.900636546998896,-7.33808796201544],[-62.909715119650542,-7.338089877968383],[-62.909716945677722,-7.329025964132506]]]}},
{"type":"Feature","properties":{"DESCRIPTION":"MDT_1459147.tif","FILENAME":"U:\\P589_AmazoniaRevelada_BR-319\\LiDAR_dataset\\ENTREGAS\\ENTREGA_03\\2_MDT\\GEOTIFF\\MDT_1459147.tif","SHRT_FNAME":"MDT_1459147.tif","UPPER_LEFT_X":"463960.333","UPPER_LEFT_Y":"9188877.321","LOWER_RIGHT_X":"464962.333","LOWER_RIGHT_Y":"9187875.321"},"geometry":{"type":"Polygon","coordinates":[[[-63.326534301832744,-7.33796107627873],[-63.317455863491354,-7.337967582152991],[-63.317462292104949,-7.347031363680578],[-63.326540914280656,-7.347024849685112],[-63.326534301832744,-7.33796107627873]]]}},
{"type":"Feature","properties":{"DESCRIPTION":"MDT_1459148.tif","FILENAME":"U:\\P589_AmazoniaRevelada_BR-319\\LiDAR_dataset\\ENTREGAS\\ENTREGA_03\\2_MDT\\GEOTIFF\\MDT_1459148.tif","SHRT_FNAME":"MDT_1459148.tif","UPPER_LEFT_X":"464960.428","UPPER_LEFT_Y":"9188877.321","LOWER_RIGHT_X":"465962.428","LOWER_RIGHT_Y":"9187875.321"},"geometry":{"type":"Polygon","coordinates":[[[-63.317473121589032,-7.337967569959351],[-63.30839467511079,-7.337973892760701],[-63.308400920238732,-7.347037682165747],[-63.317479550552093,-7.347031351471717],[-63.317473121589032,-7.337967569959351]]]}},
{"type":"Feature","properties":{"DESCRIPTION":"MDT_1459149.tif","FILENAME":"U:\\P589_AmazoniaRevelada_BR-319\\LiDAR_dataset\\ENTREGAS\\ENTREGA_03\\2_MDT\\GEOTIFF\\MDT_1459149.tif","SHRT_FNAME":"MDT_1459149.tif","UPPER_LEFT_X":"465960.523","UPPER_LEFT_Y":"9188877.321","LOWER_RIGHT_X":"466962.523","LOWER_RIGHT_Y":"9187875.321"},"geometry":{"type":"Polygon","coordinates":[[[-63.308411933223731,-7.337973880915081],[-63.299333478840872,-7.337980020642737],[-63.299339540482386,-7.347043817697145],[-63.308418178701139,-7.347037670305339],[-63.308411933223731,-7.337973880915081]]]}},
{"type":"Feature","properties":{"DESCRIPTION":"MDT_1459150.tif","FILENAME":"U:\\P589_AmazoniaRevelada_BR-319\\LiDAR_dataset\\ENTREGAS\\ENTREGA_03\\2_MDT\\GEOTIFF\\MDT_1459150.tif","SHRT_FNAME":"MDT_1459150.tif","UPPER_LEFT_X":"466960.618","UPPER_LEFT_Y":"9188877.321","LOWER_RIGHT_X":"467962.618","LOWER_RIGHT_Y":"9187875.321"},"geometry":{"type":"Polygon","coordinates":[[[-63.299350736968606,-7.337980009145141],[-63.290272274913384,-7.337985965798335],[-63.290278153067689,-7.347049770274012],[-63.299356798959593,-7.347043806185195],[-63.299350736968606,-7.337980009145141]]]}},
{"type":"Feature","properties":{"DESCRIPTION":"MDT_1459151.tif","FILENAME":"U:\\P589_AmazoniaRevelada_BR-319\\LiDAR_dataset\\ENTREGAS\\ENTREGA_03\\2_MDT\\GEOTIFF\\MDT_1459151.tif","SHRT_FNAME":"MDT_1459151.tif","UPPER_LEFT_X":"467960.714","UPPER_LEFT_Y":"9188877.321","LOWER_RIGHT_X":"468962.714","LOWER_RIGHT_Y":"9187875.321"},"geometry":{"type":"Polygon","coordinates":[[[-63.290289533055486,-7.337985954648764],[-63.281211063560129,-7.337991728226757],[-63.281216758226506,-7.347055539895605],[-63.290295411559278,-7.347049759110521],[-63.290289533055486,-7.337985954648764]]]}},
{"type":"Feature","properties":{"DESCRIPTION":"MDT_1459152.tif","FILENAME":"U:\\P589_AmazoniaRevelada_BR-319\\LiDAR_dataset\\ENTREGAS\\ENTREGA_03\\2_MDT\\GEOTIFF\\MDT_1459152.tif","SHRT_FNAME":"MDT_1459152.tif","UPPER_LEFT_X":"468960.809","UPPER_LEFT_Y":"9188877.321","LOWER_RIGHT_X":"469962.809","LOWER_RIGHT_Y":"9187875.321"},"geometry":{"type":"Polygon","coordinates":[[[-63.281228321716164,-7.337991717425211],[-63.272149845012905,-7.337997307927285],[-63.27215535619063,-7.347061126561208],[-63.281234016732007,-7.347055529080577],[-63.281228321716164,-7.337991717425211]]]}},
{"type":"Feature","properties":{"DESCRIPTION":"MDT_1459153.tif","FILENAME":"U:\\P589_AmazoniaRevelada_BR-319\\LiDAR_dataset\\ENTREGAS\\ENTREGA_03\\2_MDT\\GEOTIFF\\MDT_1459153.tif","SHRT_FNAME":"MDT_1459153.tif","UPPER_LEFT_X":"469960.904","UPPER_LEFT_Y":"9188877.321","LOWER_RIGHT_X":"470962.904","LOWER_RIGHT_Y":"9187875.321"},"geometry":{"type":"Polygon","coordinates":[[[-63.272167103182412,-7.337997297473766],[-63.263088619503499,-7.338002704899226],[-63.263093947191884,-7.347066530270127],[-63.272172614709618,-7.347061116094642],[-63.272167103182412,-7.337997297473766]]]}},
{"type":"Feature","properties":{"DESCRIPTION":"MDT_1459154.tif","FILENAME":"U:\\P589_AmazoniaRevelada_BR-319\\LiDAR_dataset\\ENTREGAS\\ENTREGA_03\\2_MDT\\GEOTIFF\\MDT_1459154.tif","SHRT_FNAME":"MDT_1459154.tif","UPPER_LEFT_X":"470960.999","UPPER_LEFT_Y":"9188877.321","LOWER_RIGHT_X":"471962.999","LOWER_RIGHT_Y":"9187875.321"},"geometry":{"type":"Polygon","coordinates":[[[-63.263105877686044,-7.338002694793738],[-63.254027387263704,-7.338007919141911],[-63.254032531462073,-7.347071751021689],[-63.263111205723895,-7.347066520152026],[-63.263105877686044,-7.338002694793738]]]}},
{"type":"Feature","properties":{"DESCRIPTION":"MDT_1459155.tif","FILENAME":"U:\\P589_AmazoniaRevelada_BR-319\\LiDAR_dataset\\ENTREGAS\\ENTREGA_03\\2_MDT\\GEOTIFF\\MDT_1459155.tif","SHRT_FNAME":"MDT_1459155.tif","UPPER_LEFT_X":"471961.094","UPPER_LEFT_Y":"9188877.321","LOWER_RIGHT_X":"472963.094","LOWER_RIGHT_Y":"9187875.321"},"geometry":{"type":"Polygon","coordinates":[[[-63.254044645458848,-7.338007909384451],[-63.244966148525343,-7.338012950654687],[-63.244971109233056,-7.347076788815246],[-63.254049790006711,-7.347071741252051],[-63.254044645458848,-7.338007909384451]]]}},
{"type":"Feature","properties":{"DESCRIPTION":"MDT_1459156.tif","FILENAME":"U:\\P589_AmazoniaRevelada_BR-319\\LiDAR_dataset\\ENTREGAS\\ENTREGA_03\\2_MDT\\GEOTIFF\\MDT_1459156.tif","SHRT_FNAME":"MDT_1459156.tif","UPPER_LEFT_X":"472961.190","UPPER_LEFT_Y":"9188877.321","LOWER_RIGHT_X":"473963.190","LOWER_RIGHT_Y":"9187875.321"},"geometry":{"type":"Polygon","coordinates":[[[-63.244983406732644,-7.338012941245259],[-63.235904903520201,-7.338017799436932],[-63.235909680736626,-7.347081643650167],[-63.244988367789837,-7.347076779394073],[-63.244983406732644,-7.338012941245259]]]}},
{"type":"Feature","properties":{"DESCRIPTION":"MDT_1459157.tif","FILENAME":"U:\\P589_AmazoniaRevelada_BR-319\\LiDAR_dataset\\ENTREGAS\\ENTREGA_03\\2_MDT\\GEOTIFF\\MDT_1459157.tif","SHRT_FNAME":"MDT_1459157.tif","UPPER_LEFT_X":"473961.285","UPPER_LEFT_Y":"9188877.321","LOWER_RIGHT_X":"474963.285","LOWER_RIGHT_Y":"9187875.321"},"geometry":{"type":"Polygon","coordinates":[[[-63.235922161739225,-7.338017790375537],[-63.226843652480078,-7.33802246548804],[-63.226848246204632,-7.347086315525856],[-63.235926939305131,-7.347081634577465],[-63.235922161739225,-7.338017790375537]]]}},
{"type":"Feature","properties":{"DESCRIPTION":"MDT_1459158.tif","FILENAME":"U:\\P589_AmazoniaRevelada_BR-319\\LiDAR_dataset\\ENTREGAS\\ENTREGA_03\\2_MDT\\GEOTIFF\\MDT_1459158.tif","SHRT_FNAME":"MDT_1459158.tif","UPPER_LEFT_X":"474961.380","UPPER_LEFT_Y":"9188877.321","LOWER_RIGHT_X":"475963.380","LOWER_RIGHT_Y":"9187875.321"},"geometry":{"type":"Polygon","coordinates":[[[-63.226860910710371,-7.338022456774678],[-63.217782395636789,-7.338026948807432],[-63.217786805868883,-7.347090804441726],[-63.226865504784399,-7.34708630680162],[-63.226860910710371,-7.338022456774678]]]}},
{"type":"Feature","properties":{"DESCRIPTION":"MDT_1459159.tif","FILENAME":"U:\\P589_AmazoniaRevelada_BR-319\\LiDAR_dataset\\ENTREGAS\\ENTREGA_03\\2_MDT\\GEOTIFF\\MDT_1459159.tif","SHRT_FNAME":"MDT_1459159.tif","UPPER_LEFT_X":"475961.475","UPPER_LEFT_Y":"9188877.321","LOWER_RIGHT_X":"476963.475","LOWER_RIGHT_Y":"9187875.321"},"geometry":{"type":"Polygon","coordinates":[[[-63.217799653877918,-7.338026940442106],[-63.20872113322212,-7.338031249394551],[-63.208725359961207,-7.34709511039722],[-63.217804064459493,-7.347090796065959],[-63.217799653877918,-7.338026940442106]]]}},
{"type":"Feature","properties":{"DESCRIPTION":"MDT_1459160.tif","FILENAME":"U:\\P589_AmazoniaRevelada_BR-319\\LiDAR_dataset\\ENTREGAS\\ENTREGA_03\\2_MDT\\GEOTIFF\\MDT_1459160.tif","SHRT_FNAME":"MDT_1459160.tif","UPPER_LEFT_X":"476961.570","UPPER_LEFT_Y":"9188877.321","LOWER_RIGHT_X":"477963.570","LOWER_RIGHT_Y":"9187875.321"},"geometry":{"type":"Polygon","coordinates":[[[-63.208738391473631,-7.338031241377261],[-63.199659865467886,-7.338035367248865],[-63.199663908713418,-7.3470992333918],[-63.208742618562198,-7.347095102369919],[-63.208738391473631,-7.338031241377261]]]}},
{"type":"Feature","properties":{"DESCRIPTION":"MDT_1459161.tif","FILENAME":"U:\\P589_AmazoniaRevelada_BR-319\\LiDAR_dataset\\ENTREGAS\\ENTREGA_03\\2_MDT\\GEOTIFF\\MDT_1459161.tif","SHRT_FNAME":"MDT_1459161.tif","UPPER_LEFT_X":"477961.666","UPPER_LEFT_Y":"9188877.321","LOWER_RIGHT_X":"478963.666","LOWER_RIGHT_Y":"9187875.321"},"geometry":{"type":"Polygon","coordinates":[[[-63.199677123729352,-7.33803535957961],[-63.19059859260588,-7.338039302369856],[-63.190602452357368,-7.347103173424958],[-63.199681167324371,-7.347099225712972],[-63.199677123729352,-7.33803535957961]]]}},
{"type":"Feature","properties":{"DESCRIPTION":"MDT_1459162.tif","FILENAME":"U:\\P589_AmazoniaRevelada_BR-319\\LiDAR_dataset\\ENTREGAS\\ENTREGA_03\\2_MDT\\GEOTIFF\\MDT_1459162.tif","SHRT_FNAME":"MDT_1459162.tif","UPPER_LEFT_X":"478961.761","UPPER_LEFT_Y":"9188877.321","LOWER_RIGHT_X":"479963.761","LOWER_RIGHT_Y":"9187875.321"},"geometry":{"type":"Polygon","coordinates":[[[-63.19061585087686,-7.338039295048636],[-63.181537314867924,-7.338043054757033],[-63.181540991124876,-7.347106930496199],[-63.190619710977828,-7.347103166094602],[-63.19061585087686,-7.338039295048636]]]}},
{"type":"Feature","properties":{"DESCRIPTION":"MDT_1459163.tif","FILENAME":"U:\\P589_AmazoniaRevelada_BR-319\\LiDAR_dataset\\ENTREGAS\\ENTREGA_03\\2_MDT\\GEOTIFF\\MDT_1459163.tif","SHRT_FNAME":"MDT_1459163.tif","UPPER_LEFT_X":"479961.856","UPPER_LEFT_Y":"9188877.321","LOWER_RIGHT_X":"480963.856","LOWER_RIGHT_Y":"9187875.321"},"geometry":{"type":"Polygon","coordinates":[[[-63.181554573147963,-7.338043047783857],[-63.172476032485811,-7.338046624409939],[-63.172479525247759,-7.347110504605062],[-63.18155824975441,-7.347106923514318],[-63.181554573147963,-7.338043047783857]]]}},
{"type":"Feature","properties":{"DESCRIPTION":"MDT_1459164.tif","FILENAME":"U:\\P589_AmazoniaRevelada_BR-319\\LiDAR_dataset\\ENTREGAS\\ENTREGA_03\\2_MDT\\GEOTIFF\\MDT_1459164.tif","SHRT_FNAME":"MDT_1459164.tif","UPPER_LEFT_X":"480961.951","UPPER_LEFT_Y":"9188877.321","LOWER_RIGHT_X":"481963.951","LOWER_RIGHT_Y":"9187875.321"},"geometry":{"type":"Polygon","coordinates":[[[-63.172493290774476,-7.3380466177848],[-63.163414745691355,-7.338050011328122],[-63.163418054957866,-7.347113895751098],[-63.172496783885919,-7.347110497971654],[-63.172493290774476,-7.3380466177848]]]}},
{"type":"Feature","properties":{"DESCRIPTION":"MDT_1459165.tif","FILENAME":"U:\\P589_AmazoniaRevelada_BR-319\\LiDAR_dataset\\ENTREGAS\\ENTREGA_03\\2_MDT\\GEOTIFF\\MDT_1459165.tif","SHRT_FNAME":"MDT_1459165.tif","UPPER_LEFT_X":"481962.046","UPPER_LEFT_Y":"9188877.321","LOWER_RIGHT_X":"482964.046","LOWER_RIGHT_Y":"9187875.321"},"geometry":{"type":"Polygon","coordinates":[[[-63.163432003988198,-7.338050005051024],[-63.15435345471635,-7.338053215511161],[-63.154356580487004,-7.347117103933882],[-63.163435313604204,-7.347113889466161],[-63.163432003988198,-7.338050005051024]]]}},
{"type":"Feature","properties":{"DESCRIPTION":"MDT_1459166.tif","FILENAME":"U:\\P589_AmazoniaRevelada_BR-319\\LiDAR_dataset\\ENTREGAS\\ENTREGA_03\\2_MDT\\GEOTIFF\\MDT_1459166.tif","SHRT_FNAME":"MDT_1459166.tif","UPPER_LEFT_X":"482962.142","UPPER_LEFT_Y":"9188877.321","LOWER_RIGHT_X":"483964.142","LOWER_RIGHT_Y":"9187875.321"},"geometry":{"type":"Polygon","coordinates":[[[-63.154370713020938,-7.338053209582105],[-63.145292159792604,-7.338056236958663],[-63.145295102067024,-7.347120129153022],[-63.154373839141087,-7.347117097997427],[-63.154370713020938,-7.338053209582105]]]}},
{"type":"Feature","properties":{"DESCRIPTION":"MDT_1459167.tif","FILENAME":"U:\\P589_AmazoniaRevelada_BR-319\\LiDAR_dataset\\ENTREGAS\\ENTREGA_03\\2_MDT\\GEOTIFF\\MDT_1459167.tif","SHRT_FNAME":"MDT_1459167.tif","UPPER_LEFT_X":"483962.237","UPPER_LEFT_Y":"9188877.321","LOWER_RIGHT_X":"484964.237","LOWER_RIGHT_Y":"9187875.321"},"geometry":{"type":"Polygon","coordinates":[[[-63.145309418104503,-7.338056231377649],[-63.136230861151944,-7.338059075670247],[-63.136233619929747,-7.347122971408139],[-63.145312360728411,-7.34712012356504],[-63.145309418104503,-7.338056231377649]]]}},
{"type":"Feature","properties":{"DESCRIPTION":"MDT_1459168.tif","FILENAME":"U:\\P589_AmazoniaRevelada_BR-319\\LiDAR_dataset\\ENTREGAS\\ENTREGA_03\\2_MDT\\GEOTIFF\\MDT_1459168.tif","SHRT_FNAME":"MDT_1459168.tif","UPPER_LEFT_X":"484962.332","UPPER_LEFT_Y":"9188877.321","LOWER_RIGHT_X":"485964.332","LOWER_RIGHT_Y":"9187875.321"},"geometry":{"type":"Polygon","coordinates":[[[-63.136248119470693,-7.338059070437276],[-63.127169559026164,-7.338061731645565],[-63.127172134307003,-7.347125630698878],[-63.136250878597984,-7.347122966168635],[-63.136248119470693,-7.338059070437276]]]}},
{"type":"Feature","properties":{"DESCRIPTION":"MDT_1459169.tif","FILENAME":"U:\\P589_AmazoniaRevelada_BR-319\\LiDAR_dataset\\ENTREGAS\\ENTREGA_03\\2_MDT\\GEOTIFF\\MDT_1459169.tif","SHRT_FNAME":"MDT_1459169.tif","UPPER_LEFT_X":"485962.427","UPPER_LEFT_Y":"9188877.321","LOWER_RIGHT_X":"486964.427","LOWER_RIGHT_Y":"9187875.321"},"geometry":{"type":"Polygon","coordinates":[[[-63.12718681735133,-7.338061726760636],[-63.118108253647065,-7.338064204884282],[-63.118110645430626,-7.34712810702491],[-63.127189392981663,-7.347125625807851],[-63.12718681735133,-7.338061726760636]]]}},
{"type":"Feature","properties":{"DESCRIPTION":"MDT_1459170.tif","FILENAME":"U:\\P589_AmazoniaRevelada_BR-319\\LiDAR_dataset\\ENTREGAS\\ENTREGA_03\\2_MDT\\GEOTIFF\\MDT_1459170.tif","SHRT_FNAME":"MDT_1459170.tif","UPPER_LEFT_X":"486962.522","UPPER_LEFT_Y":"9188877.321","LOWER_RIGHT_X":"487964.522","LOWER_RIGHT_Y":"9187875.321"},"geometry":{"type":"Polygon","coordinates":[[[-63.118125511978207,-7.338064200347396],[-63.109046945246476,-7.338066495386089],[-63.109049153532446,-7.347130400385926],[-63.118127904111255,-7.347128102482362],[-63.118125511978207,-7.338064200347396]]]}},
{"type":"Feature","properties":{"DESCRIPTION":"MDT_1459171.tif","FILENAME":"U:\\P589_AmazoniaRevelada_BR-319\\LiDAR_dataset\\ENTREGAS\\ENTREGA_03\\2_MDT\\GEOTIFF\\MDT_1459171.tif","SHRT_FNAME":"MDT_1459171.tif","UPPER_LEFT_X":"487962.618","UPPER_LEFT_Y":"9188877.321","LOWER_RIGHT_X":"488964.618","LOWER_RIGHT_Y":"9187875.321"},"geometry":{"type":"Polygon","coordinates":[[[-63.109064203583152,-7.338066491197248],[-63.099985634056182,-7.338068603150707],[-63.099987658844285,-7.347132510781641],[-63.109066412218617,-7.347130396191855],[-63.109064203583152,-7.338066491197248]]]}},
{"type":"Feature","properties":{"DESCRIPTION":"MDT_1459172.tif","FILENAME":"U:\\P589_AmazoniaRevelada_BR-319\\LiDAR_dataset\\ENTREGAS\\ENTREGA_03\\2_MDT\\GEOTIFF\\MDT_1459172.tif","SHRT_FNAME":"MDT_1459172.tif","UPPER_LEFT_X":"488962.713","UPPER_LEFT_Y":"9188877.321","LOWER_RIGHT_X":"489964.713","LOWER_RIGHT_Y":"9187875.321"},"geometry":{"type":"Polygon","coordinates":[[[-63.10000289239796,-7.338068599309911],[-63.090924320308019,-7.338070528177866],[-63.090926161598006,-7.347134438211795],[-63.100004917535557,-7.347132506936053],[-63.10000289239796,-7.338068599309911]]]}},
{"type":"Feature","properties":{"DESCRIPTION":"MDT_1459173.tif","FILENAME":"U:\\P589_AmazoniaRevelada_BR-319\\LiDAR_dataset\\ENTREGAS\\ENTREGA_03\\2_MDT\\GEOTIFF\\MDT_1459173.tif","SHRT_FNAME":"MDT_1459173.tif","UPPER_LEFT_X":"489962.808","UPPER_LEFT_Y":"9188877.321","LOWER_RIGHT_X":"490964.808","LOWER_RIGHT_Y":"9187875.321"},"geometry":{"type":"Polygon","coordinates":[[[-63.090941578654444,-7.338070524685119],[-63.081863004233782,-7.338072270467337],[-63.081864662025417,-7.347136182676145],[-63.090943420293925,-7.347134434714684],[-63.090941578654444,-7.338070524685119]]]}},
{"type":"Feature","properties":{"DESCRIPTION":"MDT_1459174.tif","FILENAME":"U:\\P589_AmazoniaRevelada_BR-319\\LiDAR_dataset\\ENTREGAS\\ENTREGA_03\\2_MDT\\GEOTIFF\\MDT_1459174.tif","SHRT_FNAME":"MDT_1459174.tif","UPPER_LEFT_X":"490962.903","UPPER_LEFT_Y":"9188877.321","LOWER_RIGHT_X":"491964.903","LOWER_RIGHT_Y":"9187875.321"},"geometry":{"type":"Polygon","coordinates":[[[-63.08188026258442,-7.338072267322632],[-63.072801686065276,-7.338073830018897],[-63.072803160358362,-7.347137744174474],[-63.081881920725543,-7.347136179527515],[-63.08188026258442,-7.338072267322632]]]}},
{"type":"Feature","properties":{"DESCRIPTION":"MDT_1459175.tif","FILENAME":"U:\\P589_AmazoniaRevelada_BR-319\\LiDAR_dataset\\ENTREGAS\\ENTREGA_03\\2_MDT\\GEOTIFF\\MDT_1459175.tif","SHRT_FNAME":"MDT_1459175.tif","UPPER_LEFT_X":"491962.998","UPPER_LEFT_Y":"9188877.321","LOWER_RIGHT_X":"492964.998","LOWER_RIGHT_Y":"9187875.321"},"geometry":{"type":"Polygon","coordinates":[[[-63.07281894441968,-7.338073827222237],[-63.063740366034324,-7.33807520683235],[-63.063741656828668,-7.347139122706588],[-63.072820419062253,-7.347137741374325],[-63.07281894441968,-7.338073827222237]]]}},
{"type":"Feature","properties":{"DESCRIPTION":"MDT_1459176.tif","FILENAME":"U:\\P589_AmazoniaRevelada_BR-319\\LiDAR_dataset\\ENTREGAS\\ENTREGA_03\\2_MDT\\GEOTIFF\\MDT_1459176.tif","SHRT_FNAME":"MDT_1459176.tif","UPPER_LEFT_X":"492963.094","UPPER_LEFT_Y":"9188877.321","LOWER_RIGHT_X":"493965.094","LOWER_RIGHT_Y":"9187875.321"},"geometry":{"type":"Polygon","coordinates":[[[-63.063757624392061,-7.338075204383737],[-63.054679044372733,-7.338076400907528],[-63.054680151668173,-7.347140318272316],[-63.063758915535892,-7.34713912025492],[-63.063757624392061,-7.338075204383737]]]}},
{"type":"Feature","properties":{"DESCRIPTION":"MDT_1459177.tif","FILENAME":"U:\\P589_AmazoniaRevelada_BR-319\\LiDAR_dataset\\ENTREGAS\\ENTREGA_03\\2_MDT\\GEOTIFF\\MDT_1459177.tif","SHRT_FNAME":"MDT_1459177.tif","UPPER_LEFT_X":"493963.189","UPPER_LEFT_Y":"9188877.321","LOWER_RIGHT_X":"494965.189","LOWER_RIGHT_Y":"9187875.321"},"geometry":{"type":"Polygon","coordinates":[[[-63.054696302733355,-7.338076398806963],[-63.045617721312318,-7.338077412244283],[-63.045618645108711,-7.34714133087151],[-63.054697410378274,-7.34714031616913],[-63.054696302733355,-7.338076398806963]]]}},
{"type":"Feature","properties":{"DESCRIPTION":"MDT_1459178.tif","FILENAME":"U:\\P589_AmazoniaRevelada_BR-319\\LiDAR_dataset\\ENTREGAS\\ENTREGA_03\\2_MDT\\GEOTIFF\\MDT_1459178.tif","SHRT_FNAME":"MDT_1459178.tif","UPPER_LEFT_X":"494963.284","UPPER_LEFT_Y":"9188877.321","LOWER_RIGHT_X":"495965.284","LOWER_RIGHT_Y":"9187875.321"},"geometry":{"type":"Polygon","coordinates":[[[-63.045634979675377,-7.338077410491766],[-63.03655639708488,-7.338078240842489],[-63.036557137382111,-7.347142160504048],[-63.045635903821264,-7.347141329116807],[-63.045634979675377,-7.338077410491766]]]}},
{"type":"Feature","properties":{"DESCRIPTION":"MDT_1459179.tif","FILENAME":"U:\\P589_AmazoniaRevelada_BR-319\\LiDAR_dataset\\ENTREGAS\\ENTREGA_03\\2_MDT\\GEOTIFF\\MDT_1459179.tif","SHRT_FNAME":"MDT_1459179.tif","UPPER_LEFT_X":"495963.379","UPPER_LEFT_Y":"9188877.321","LOWER_RIGHT_X":"496965.379","LOWER_RIGHT_Y":"9187875.321"},"geometry":{"type":"Polygon","coordinates":[[[-63.036573655449942,-7.338078239438018],[-63.027495071922246,-7.338078886702039],[-63.027495628720224,-7.347142807169817],[-63.036574396096675,-7.347142159097825],[-63.036573655449942,-7.338078239438018]]]}},
{"type":"Feature","properties":{"DESCRIPTION":"MDT_1459180.tif","FILENAME":"U:\\P589_AmazoniaRevelada_BR-319\\LiDAR_dataset\\ENTREGAS\\ENTREGA_03\\2_MDT\\GEOTIFF\\MDT_1459180.tif","SHRT_FNAME":"MDT_1459180.tif","UPPER_LEFT_X":"496963.474","UPPER_LEFT_Y":"9188877.321","LOWER_RIGHT_X":"497965.474","LOWER_RIGHT_Y":"9187875.321"},"geometry":{"type":"Polygon","coordinates":[[[-63.027512330288857,-7.338078885645614],[-63.018433746056211,-7.33807934982286],[-63.018434119354858,-7.347143270868746],[-63.027512887436338,-7.347142806112076],[-63.027512330288857,-7.338078885645614]]]}},
{"type":"Feature","properties":{"DESCRIPTION":"MDT_1459181.tif","FILENAME":"U:\\P589_AmazoniaRevelada_BR-319\\LiDAR_dataset\\ENTREGAS\\ENTREGA_03\\2_MDT\\GEOTIFF\\MDT_1459181.tif","SHRT_FNAME":"MDT_1459181.tif","UPPER_LEFT_X":"497963.570","UPPER_LEFT_Y":"9188877.321","LOWER_RIGHT_X":"498965.570","LOWER_RIGHT_Y":"9187875.321"},"geometry":{"type":"Polygon","coordinates":[[[-63.018451004423945,-7.338079349114483],[-63.009372419718588,-7.338079630204886],[-63.009372609517868,-7.347143551600771],[-63.018451378072093,-7.347143270159484],[-63.018451004423945,-7.338079349114483]]]}},
{"type":"Feature","properties":{"DESCRIPTION":"MDT_1459182.tif","FILENAME":"U:\\P589_AmazoniaRevelada_BR-319\\LiDAR_dataset\\ENTREGAS\\ENTREGA_03\\2_MDT\\GEOTIFF\\MDT_1459182.tif","SHRT_FNAME":"MDT_1459182.tif","UPPER_LEFT_X":"498963.665","UPPER_LEFT_Y":"9188877.321","LOWER_RIGHT_X":"499965.665","LOWER_RIGHT_Y":"9187875.321"},"geometry":{"type":"Polygon","coordinates":[[[-63.009389678087004,-7.338079629844559],[-63.000311093141207,-7.33807972784809],[-63.000311099441092,-7.34714364936586],[-63.009389868235793,-7.347143551239992],[-63.009389678087004,-7.338079629844559]]]}},
{"type":"Feature","properties":{"DESCRIPTION":"MDT_1459183.tif","FILENAME":"U:\\P589_AmazoniaRevelada_BR-319\\LiDAR_dataset\\ENTREGAS\\ENTREGA_03\\2_MDT\\GEOTIFF\\MDT_1459183.tif","SHRT_FNAME":"MDT_1459183.tif","UPPER_LEFT_X":"499963.760","UPPER_LEFT_Y":"9188877.321","LOWER_RIGHT_X":"500965.760","LOWER_RIGHT_Y":"9187875.321"},"geometry":{"type":"Polygon","coordinates":[[[-63.00032835150985,-7.338079727835808],[-62.991249766555853,-7.338079642752453],[-62.99124958935635,-7.347143564164002],[-63.000328358159244,-7.347143649353566],[-63.00032835150985,-7.338079727835808]]]}},
{"type":"Feature","properties":{"DESCRIPTION":"MDT_1459184.tif","FILENAME":"U:\\P589_AmazoniaRevelada_BR-319\\LiDAR_dataset\\ENTREGAS\\ENTREGA_03\\2_MDT\\GEOTIFF\\MDT_1459184.tif","SHRT_FNAME":"MDT_1459184.tif","UPPER_LEFT_X":"500963.855","UPPER_LEFT_Y":"9188877.321","LOWER_RIGHT_X":"501965.855","LOWER_RIGHT_Y":"9187875.321"},"geometry":{"type":"Polygon","coordinates":[[[-62.991267024924298,-7.33807964308822],[-62.982188440194356,-7.33807937491799],[-62.982188079495486,-7.347143295995202],[-62.991266848074304,-7.347143564500186],[-62.991267024924298,-7.33807964308822]]]}},
{"type":"Feature","properties":{"DESCRIPTION":"MDT_1459185.tif","FILENAME":"U:\\P589_AmazoniaRevelada_BR-319\\LiDAR_dataset\\ENTREGAS\\ENTREGA_03\\2_MDT\\GEOTIFF\\MDT_1459185.tif","SHRT_FNAME":"MDT_1459185.tif","UPPER_LEFT_X":"501963.950","UPPER_LEFT_Y":"9188877.321","LOWER_RIGHT_X":"502965.950","LOWER_RIGHT_Y":"9187875.321"},"geometry":{"type":"Polygon","coordinates":[[[-62.982205698562161,-7.338079375601804],[-62.973127114288523,-7.338078924344732],[-62.973126570090329,-7.347142844859501],[-62.982205338212786,-7.347143296679872],[-62.982205698562161,-7.338079375601804]]]}},
{"type":"Feature","properties":{"DESCRIPTION":"MDT_1459186.tif","FILENAME":"U:\\P589_AmazoniaRevelada_BR-319\\LiDAR_dataset\\ENTREGAS\\ENTREGA_03\\2_MDT\\GEOTIFF\\MDT_1459186.tif","SHRT_FNAME":"MDT_1459186.tif","UPPER_LEFT_X":"502964.046","UPPER_LEFT_Y":"9188877.321","LOWER_RIGHT_X":"503966.046","LOWER_RIGHT_Y":"9187875.321"},"geometry":{"type":"Polygon","coordinates":[[[-62.973144372655241,-7.338078925376594],[-62.964065789070176,-7.338078291032738],[-62.964065061372729,-7.347142210756949],[-62.973143828806549,-7.347142845892651],[-62.973144372655241,-7.338078925376594]]]}},
{"type":"Feature","properties":{"DESCRIPTION":"MDT_1459187.tif","FILENAME":"U:\\P589_AmazoniaRevelada_BR-319\\LiDAR_dataset\\ENTREGAS\\ENTREGA_03\\2_MDT\\GEOTIFF\\MDT_1459187.tif","SHRT_FNAME":"MDT_1459187.tif","UPPER_LEFT_X":"503964.141","UPPER_LEFT_Y":"9188877.321","LOWER_RIGHT_X":"504966.141","LOWER_RIGHT_Y":"9187875.321"},"geometry":{"type":"Polygon","coordinates":[[[-62.964083047435366,-7.338078292412648],[-62.955004464771115,-7.338077474982084],[-62.955003553574485,-7.347141393687627],[-62.964082320087407,-7.347142212138582],[-62.964083047435366,-7.338078292412648]]]}},
{"type":"Feature","properties":{"DESCRIPTION":"MDT_1459188.tif","FILENAME":"U:\\P589_AmazoniaRevelada_BR-319\\LiDAR_dataset\\ENTREGAS\\ENTREGA_03\\2_MDT\\GEOTIFF\\MDT_1459188.tif","SHRT_FNAME":"MDT_1459188.tif","UPPER_LEFT_X":"504964.236","UPPER_LEFT_Y":"9188877.321","LOWER_RIGHT_X":"505966.236","LOWER_RIGHT_Y":"9187875.321"},"geometry":{"type":"Polygon","coordinates":[[[-62.95502172313433,-7.338077476710043],[-62.945943141623147,-7.338076476192873],[-62.945942046927485,-7.347140393651639],[-62.955020812287195,-7.347141395417743],[-62.95502172313433,-7.338077476710043]]]}},
{"type":"Feature","properties":{"DESCRIPTION":"MDT_1459189.tif","FILENAME":"U:\\P589_AmazoniaRevelada_BR-319\\LiDAR_dataset\\ENTREGAS\\ENTREGA_03\\2_MDT\\GEOTIFF\\MDT_1459189.tif","SHRT_FNAME":"MDT_1459189.tif","UPPER_LEFT_X":"505964.331","UPPER_LEFT_Y":"9188877.321","LOWER_RIGHT_X":"506966.331","LOWER_RIGHT_Y":"9187875.321"},"geometry":{"type":"Polygon","coordinates":[[[-62.945960399983953,-7.338076478268877],[-62.936881819858108,-7.338075294665228],[-62.936880541663506,-7.347139210649105],[-62.945959305637771,-7.347140395730234],[-62.945960399983953,-7.338076478268877]]]}},
{"type":"Feature","properties":{"DESCRIPTION":"MDT_1459190.tif","FILENAME":"U:\\P589_AmazoniaRevelada_BR-319\\LiDAR_dataset\\ENTREGAS\\ENTREGA_03\\2_MDT\\GEOTIFF\\MDT_1459190.tif","SHRT_FNAME":"MDT_1459190.tif","UPPER_LEFT_X":"506964.426","UPPER_LEFT_Y":"9188877.321","LOWER_RIGHT_X":"507966.426","LOWER_RIGHT_Y":"9187875.321"},"geometry":{"type":"Polygon","coordinates":[[[-62.936899078216044,-7.338075297089277],[-62.927820499707771,-7.338073930399296],[-62.927819038014427,-7.347137844680176],[-62.93689780037095,-7.347139213076182],[-62.936899078216044,-7.338075297089277]]]}},
{"type":"Feature","properties":{"DESCRIPTION":"MDT_1459191.tif","FILENAME":"U:\\P589_AmazoniaRevelada_BR-319\\LiDAR_dataset\\ENTREGAS\\ENTREGA_03\\2_MDT\\GEOTIFF\\MDT_1459191.tif","SHRT_FNAME":"MDT_1459191.tif","UPPER_LEFT_X":"507964.522","UPPER_LEFT_Y":"9188877.321","LOWER_RIGHT_X":"508966.522","LOWER_RIGHT_Y":"9187875.321"},"geometry":{"type":"Polygon","coordinates":[[[-62.927837758062424,-7.338073933171392],[-62.918759181403978,-7.338072383395245],[-62.918757536212055,-7.347136295745021],[-62.927836296718574,-7.347137847455734],[-62.927837758062424,-7.338073933171392]]]}},
{"type":"Feature","properties":{"DESCRIPTION":"MDT_1459192.tif","FILENAME":"U:\\P589_AmazoniaRevelada_BR-319\\LiDAR_dataset\\ENTREGAS\\ENTREGA_03\\2_MDT\\GEOTIFF\\MDT_1459192.tif","SHRT_FNAME":"MDT_1459192.tif","UPPER_LEFT_X":"508964.617","UPPER_LEFT_Y":"9188877.321","LOWER_RIGHT_X":"509966.617","LOWER_RIGHT_Y":"9187875.321"},"geometry":{"type":"Polygon","coordinates":[[[-62.918776439754886,-7.338072386515391],[-62.909697865178522,-7.338070653653273],[-62.909696036488242,-7.347134563843829],[-62.918774794912473,-7.347136298869059],[-62.918776439754886,-7.338072386515391]]]}},
{"type":"Feature","properties":{"DESCRIPTION":"MDT_1459193.tif","FILENAME":"U:\\P589_AmazoniaRevelada_BR-319\\LiDAR_dataset\\ENTREGAS\\ENTREGA_03\\2_MDT\\GEOTIFF\\MDT_1459193.tif","SHRT_FNAME":"MDT_1459193.tif","UPPER_LEFT_X":"509964.712","UPPER_LEFT_Y":"9188877.321","LOWER_RIGHT_X":"510966.712","LOWER_RIGHT_Y":"9187875.321"},"geometry":{"type":"Polygon","coordinates":[[[-62.90971512352526,-7.338070657121463],[-62.900636551263219,-7.338068741173592],[-62.900634539074815,-7.347132648976824],[-62.909713295184474,-7.347134567316349],[-62.90971512352526,-7.338070657121463]]]}},
{"type":"Feature","properties":{"DESCRIPTION":"MDT_1462147.tif","FILENAME":"U:\\P589_AmazoniaRevelada_BR-319\\LiDAR_dataset\\ENTREGAS\\ENTREGA_03\\2_MDT\\GEOTIFF\\MDT_1462147.tif","SHRT_FNAME":"MDT_1462147.tif","UPPER_LEFT_X":"463960.333","UPPER_LEFT_Y":"9185877.695","LOWER_RIGHT_X":"464962.333","LOWER_RIGHT_Y":"9184875.695"},"geometry":{"type":"Polygon","coordinates":[[[-63.32655412213542,-7.365094723917323],[-63.317475132764848,-7.365101254104476],[-63.317481585787789,-7.374165024667789],[-63.326560759690679,-7.37415848635848],[-63.32655412213542,-7.365094723917323]]]}},
{"type":"Feature","properties":{"DESCRIPTION":"MDT_1462148.tif","FILENAME":"U:\\P589_AmazoniaRevelada_BR-319\\LiDAR_dataset\\ENTREGAS\\ENTREGA_03\\2_MDT\\GEOTIFF\\MDT_1462148.tif","SHRT_FNAME":"MDT_1462148.tif","UPPER_LEFT_X":"464960.428","UPPER_LEFT_Y":"9185877.695","LOWER_RIGHT_X":"465962.428","LOWER_RIGHT_Y":"9184875.695"},"geometry":{"type":"Polygon","coordinates":[[[-63.317492391910044,-7.365101241865268],[-63.308413394400205,-7.365107588295356],[-63.308419663240805,-7.374171366737042],[-63.317498845283779,-7.374165012413357],[-63.317492391910044,-7.365101241865268]]]}},
{"type":"Feature","properties":{"DESCRIPTION":"MDT_1462149.tif","FILENAME":"U:\\P589_AmazoniaRevelada_BR-319\\LiDAR_dataset\\ENTREGAS\\ENTREGA_03\\2_MDT\\GEOTIFF\\MDT_1462149.tif","SHRT_FNAME":"MDT_1462149.tif","UPPER_LEFT_X":"465960.523","UPPER_LEFT_Y":"9185877.695","LOWER_RIGHT_X":"466962.523","LOWER_RIGHT_Y":"9184875.695"},"geometry":{"type":"Polygon","coordinates":[[[-63.308430653560649,-7.36510757640547],[-63.299351648143848,-7.365113739077705],[-63.299357732801319,-7.374177525169643],[-63.308436922752044,-7.374171354832366],[-63.308430653560649,-7.36510757640547]]]}},
{"type":"Feature","properties":{"DESCRIPTION":"MDT_1462150.tif","FILENAME":"U:\\P589_AmazoniaRevelada_BR-319\\LiDAR_dataset\\ENTREGAS\\ENTREGA_03\\2_MDT\\GEOTIFF\\MDT_1462150.tif","SHRT_FNAME":"MDT_1462150.tif","UPPER_LEFT_X":"466960.618","UPPER_LEFT_Y":"9185877.695","LOWER_RIGHT_X":"467962.618","LOWER_RIGHT_Y":"9184875.695"},"geometry":{"type":"Polygon","coordinates":[[[-63.299368907319099,-7.365113727537142],[-63.290289894227634,-7.365119706450756],[-63.290295794701223,-7.374183499964825],[-63.299374992327373,-7.374177513614725],[-63.299368907319099,-7.365113727537142]]]}},
{"type":"Feature","properties":{"DESCRIPTION":"MDT_1462151.tif","FILENAME":"U:\\P589_AmazoniaRevelada_BR-319\\LiDAR_dataset\\ENTREGAS\\ENTREGA_03\\2_MDT\\GEOTIFF\\MDT_1462151.tif","SHRT_FNAME":"MDT_1462151.tif","UPPER_LEFT_X":"467960.714","UPPER_LEFT_Y":"9185877.695","LOWER_RIGHT_X":"468962.714","LOWER_RIGHT_Y":"9184875.695"},"geometry":{"type":"Polygon","coordinates":[[[-63.29030715341726,-7.365119695259517],[-63.281228132883449,-7.365125490413766],[-63.281233849172388,-7.374189291121846],[-63.290313054241651,-7.374183488759668],[-63.29030715341726,-7.365119695259517]]]}},
{"type":"Feature","properties":{"DESCRIPTION":"MDT_1462152.tif","FILENAME":"U:\\P589_AmazoniaRevelada_BR-319\\LiDAR_dataset\\ENTREGAS\\ENTREGA_03\\2_MDT\\GEOTIFF\\MDT_1462152.tif","SHRT_FNAME":"MDT_1462152.tif","UPPER_LEFT_X":"468960.809","UPPER_LEFT_Y":"9185877.695","LOWER_RIGHT_X":"469962.809","LOWER_RIGHT_Y":"9184875.695"},"geometry":{"type":"Polygon","coordinates":[[[-63.281245392086994,-7.365125479571855],[-63.272166364343136,-7.365131090966017],[-63.272171896446736,-7.374194898639981],[-63.281251108726742,-7.374189280266449],[-63.281245392086994,-7.365125479571855]]]}},
{"type":"Feature","properties":{"DESCRIPTION":"MDT_1462153.tif","FILENAME":"U:\\P589_AmazoniaRevelada_BR-319\\LiDAR_dataset\\ENTREGAS\\ENTREGA_03\\2_MDT\\GEOTIFF\\MDT_1462153.tif","SHRT_FNAME":"MDT_1462153.tif","UPPER_LEFT_X":"469960.904","UPPER_LEFT_Y":"9185877.695","LOWER_RIGHT_X":"470962.904","LOWER_RIGHT_Y":"9184875.695"},"geometry":{"type":"Polygon","coordinates":[[[-63.272183623560174,-7.365131080473435],[-63.263104588838573,-7.365136508106813],[-63.263109936756123,-7.374200322518537],[-63.272189156014562,-7.374194888134348],[-63.272183623560174,-7.365131080473435]]]}},
{"type":"Feature","properties":{"DESCRIPTION":"MDT_1462154.tif","FILENAME":"U:\\P589_AmazoniaRevelada_BR-319\\LiDAR_dataset\\ENTREGAS\\ENTREGA_03\\2_MDT\\GEOTIFF\\MDT_1462154.tif","SHRT_FNAME":"MDT_1462154.tif","UPPER_LEFT_X":"470960.999","UPPER_LEFT_Y":"9185877.695","LOWER_RIGHT_X":"471962.999","LOWER_RIGHT_Y":"9184875.695"},"geometry":{"type":"Polygon","coordinates":[[[-63.263121848068657,-7.365136497963562],[-63.254042806601632,-7.365141741835477],[-63.254047970332458,-7.37420556275684],[-63.26312719633701,-7.374200312362667],[-63.263121848068657,-7.365136497963562]]]}},
{"type":"Feature","properties":{"DESCRIPTION":"MDT_1462155.tif","FILENAME":"U:\\P589_AmazoniaRevelada_BR-319\\LiDAR_dataset\\ENTREGAS\\ENTREGA_03\\2_MDT\\GEOTIFF\\MDT_1462155.tif","SHRT_FNAME":"MDT_1462155.tif","UPPER_LEFT_X":"471961.094","UPPER_LEFT_Y":"9185877.695","LOWER_RIGHT_X":"472963.094","LOWER_RIGHT_Y":"9184875.695"},"geometry":{"type":"Polygon","coordinates":[[[-63.254060065844321,-7.365141732041555],[-63.24498101786417,-7.365146792151364],[-63.244985997407625,-7.374210619354237],[-63.254065229925935,-7.374205552950738],[-63.254060065844321,-7.365141732041555]]]}},
{"type":"Feature","properties":{"DESCRIPTION":"MDT_1462156.tif","FILENAME":"U:\\P589_AmazoniaRevelada_BR-319\\LiDAR_dataset\\ENTREGAS\\ENTREGA_03\\2_MDT\\GEOTIFF\\MDT_1462156.tif","SHRT_FNAME":"MDT_1462156.tif","UPPER_LEFT_X":"472961.190","UPPER_LEFT_Y":"9185877.695","LOWER_RIGHT_X":"473963.190","LOWER_RIGHT_Y":"9184875.695"},"geometry":{"type":"Polygon","coordinates":[[[-63.244998277119024,-7.365146782706774],[-63.235919222858065,-7.365151659053841],[-63.235924018213524,-7.374215492310096],[-63.245003257013281,-7.374210609897899],[-63.244998277119024,-7.365146782706774]]]}},
{"type":"Feature","properties":{"DESCRIPTION":"MDT_1462157.tif","FILENAME":"U:\\P589_AmazoniaRevelada_BR-319\\LiDAR_dataset\\ENTREGAS\\ENTREGA_03\\2_MDT\\GEOTIFF\\MDT_1462157.tif","SHRT_FNAME":"MDT_1462157.tif","UPPER_LEFT_X":"473961.285","UPPER_LEFT_Y":"9185877.695","LOWER_RIGHT_X":"474963.285","LOWER_RIGHT_Y":"9184875.695"},"geometry":{"type":"Polygon","coordinates":[[[-63.235936482124636,-7.365151649958584],[-63.226857421815176,-7.365156342542304],[-63.226862032982041,-7.374220181623817],[-63.235941277830896,-7.374215483203527],[-63.235936482124636,-7.365151649958584]]]}},
{"type":"Feature","properties":{"DESCRIPTION":"MDT_1462158.tif","FILENAME":"U:\\P589_AmazoniaRevelada_BR-319\\LiDAR_dataset\\ENTREGAS\\ENTREGA_03\\2_MDT\\GEOTIFF\\MDT_1462158.tif","SHRT_FNAME":"MDT_1462158.tif","UPPER_LEFT_X":"474961.380","UPPER_LEFT_Y":"9185877.695","LOWER_RIGHT_X":"475963.380","LOWER_RIGHT_Y":"9184875.695"},"geometry":{"type":"Polygon","coordinates":[[[-63.226874681093015,-7.36515633379638],[-63.217795614967393,-7.365160842616171],[-63.217800041945083,-7.374224687294809],[-63.226879292610697,-7.374220172867015],[-63.226874681093015,-7.36515633379638]]]}},
{"type":"Feature","properties":{"DESCRIPTION":"MDT_1462159.tif","FILENAME":"U:\\P589_AmazoniaRevelada_BR-319\\LiDAR_dataset\\ENTREGAS\\ENTREGA_03\\2_MDT\\GEOTIFF\\MDT_1462159.tif","SHRT_FNAME":"MDT_1462159.tif","UPPER_LEFT_X":"475961.475","UPPER_LEFT_Y":"9185877.695","LOWER_RIGHT_X":"476963.475","LOWER_RIGHT_Y":"9184875.695"},"geometry":{"type":"Polygon","coordinates":[[[-63.217812874256076,-7.365160834219583],[-63.208733802546568,-7.365165159274882],[-63.208738045334528,-7.374229009322517],[-63.217817301584567,-7.374224678887778],[-63.217812874256076,-7.365160834219583]]]}},
{"type":"Feature","properties":{"DESCRIPTION":"MDT_1462160.tif","FILENAME":"U:\\P589_AmazoniaRevelada_BR-319\\LiDAR_dataset\\ENTREGAS\\ENTREGA_03\\2_MDT\\GEOTIFF\\MDT_1462160.tif","SHRT_FNAME":"MDT_1462160.tif","UPPER_LEFT_X":"476961.570","UPPER_LEFT_Y":"9185877.695","LOWER_RIGHT_X":"477963.570","LOWER_RIGHT_Y":"9184875.695"},"geometry":{"type":"Polygon","coordinates":[[[-63.208751061845639,-7.365165151227629],[-63.199671984784594,-7.365169292517898],[-63.199676043382276,-7.374233147706404],[-63.208755304984408,-7.374229001265257],[-63.208751061845639,-7.365165151227629]]]}},
{"type":"Feature","properties":{"DESCRIPTION":"MDT_1462161.tif","FILENAME":"U:\\P589_AmazoniaRevelada_BR-319\\LiDAR_dataset\\ENTREGAS\\ENTREGA_03\\2_MDT\\GEOTIFF\\MDT_1462161.tif","SHRT_FNAME":"MDT_1462161.tif","UPPER_LEFT_X":"477961.666","UPPER_LEFT_Y":"9185877.695","LOWER_RIGHT_X":"478963.666","LOWER_RIGHT_Y":"9184875.695"},"geometry":{"type":"Polygon","coordinates":[[[-63.199689244093619,-7.365169284819984],[-63.19061016191332,-7.365173242344706],[-63.190614036320241,-7.374237102445952],[-63.19969330304211,-7.374233139998915],[-63.199689244093619,-7.365169284819984]]]}},
{"type":"Feature","properties":{"DESCRIPTION":"MDT_1462162.tif","FILENAME":"U:\\P589_AmazoniaRevelada_BR-319\\LiDAR_dataset\\ENTREGAS\\ENTREGA_03\\2_MDT\\GEOTIFF\\MDT_1462162.tif","SHRT_FNAME":"MDT_1462162.tif","UPPER_LEFT_X":"478961.761","UPPER_LEFT_Y":"9185877.695","LOWER_RIGHT_X":"479963.761","LOWER_RIGHT_Y":"9184875.695"},"geometry":{"type":"Polygon","coordinates":[[[-63.190627421231859,-7.365173234996132],[-63.181548334164638,-7.365177008754818],[-63.181552024380295,-7.374240873540669],[-63.190631295989583,-7.374237095088236],[-63.190627421231859,-7.365173234996132]]]}},
{"type":"Feature","properties":{"DESCRIPTION":"MDT_1462163.tif","FILENAME":"U:\\P589_AmazoniaRevelada_BR-319\\LiDAR_dataset\\ENTREGAS\\ENTREGA_03\\2_MDT\\GEOTIFF\\MDT_1462163.tif","SHRT_FNAME":"MDT_1462163.tif","UPPER_LEFT_X":"479961.856","UPPER_LEFT_Y":"9185877.695","LOWER_RIGHT_X":"480963.856","LOWER_RIGHT_Y":"9184875.695"},"geometry":{"type":"Polygon","coordinates":[[[-63.181565593492245,-7.365177001755579],[-63.172486501770422,-7.365180591747762],[-63.172490007794345,-7.37424446099009],[-63.181569284058703,-7.374240866532728],[-63.181565593492245,-7.365177001755579]]]}},
{"type":"Feature","properties":{"DESCRIPTION":"MDT_1462164.tif","FILENAME":"U:\\P589_AmazoniaRevelada_BR-319\\LiDAR_dataset\\ENTREGAS\\ENTREGA_03\\2_MDT\\GEOTIFF\\MDT_1462164.tif","SHRT_FNAME":"MDT_1462164.tif","UPPER_LEFT_X":"480961.951","UPPER_LEFT_Y":"9185877.695","LOWER_RIGHT_X":"481963.951","LOWER_RIGHT_Y":"9184875.695"},"geometry":{"type":"Polygon","coordinates":[[[-63.172503761106647,-7.365180585097865],[-63.163424664962541,-7.365183991323091],[-63.163427986794296,-7.374247864793764],[-63.172507267481393,-7.374244454331923],[-63.172503761106647,-7.365180585097865]]]}},
{"type":"Feature","properties":{"DESCRIPTION":"MDT_1462165.tif","FILENAME":"U:\\P589_AmazoniaRevelada_BR-319\\LiDAR_dataset\\ENTREGAS\\ENTREGA_03\\2_MDT\\GEOTIFF\\MDT_1462165.tif","SHRT_FNAME":"MDT_1462165.tif","UPPER_LEFT_X":"481962.046","UPPER_LEFT_Y":"9185877.695","LOWER_RIGHT_X":"482964.046","LOWER_RIGHT_Y":"9184875.695"},"geometry":{"type":"Polygon","coordinates":[[[-63.163441924306959,-7.365183985022536],[-63.154362823972868,-7.365187207480392],[-63.154365961612044,-7.37425108495127],[-63.163445246489523,-7.374247858485373],[-63.163441924306959,-7.365183985022536]]]}},
{"type":"Feature","properties":{"DESCRIPTION":"MDT_1462166.tif","FILENAME":"U:\\P589_AmazoniaRevelada_BR-319\\LiDAR_dataset\\ENTREGAS\\ENTREGA_03\\2_MDT\\GEOTIFF\\MDT_1462166.tif","SHRT_FNAME":"MDT_1462166.tif","UPPER_LEFT_X":"482962.142","UPPER_LEFT_Y":"9185877.695","LOWER_RIGHT_X":"483964.142","LOWER_RIGHT_Y":"9184875.695"},"geometry":{"type":"Polygon","coordinates":[[[-63.15438008332503,-7.365187201529174],[-63.145300979033287,-7.365190240219249],[-63.145303932479479,-7.374254121462207],[-63.154383221315008,-7.374251078992654],[-63.15438008332503,-7.365187201529174]]]}},
{"type":"Feature","properties":{"DESCRIPTION":"MDT_1462167.tif","FILENAME":"U:\\P589_AmazoniaRevelada_BR-319\\LiDAR_dataset\\ENTREGAS\\ENTREGA_03\\2_MDT\\GEOTIFF\\MDT_1462167.tif","SHRT_FNAME":"MDT_1462167.tif","UPPER_LEFT_X":"483962.237","UPPER_LEFT_Y":"9185877.695","LOWER_RIGHT_X":"484964.237","LOWER_RIGHT_Y":"9184875.695"},"geometry":{"type":"Polygon","coordinates":[[[-63.14531823839274,-7.365190234617376],[-63.136239130375664,-7.365193089539297],[-63.136241899628502,-7.374256974326198],[-63.145321192189762,-7.374254115853369],[-63.14531823839274,-7.365190234617376]]]}},
{"type":"Feature","properties":{"DESCRIPTION":"MDT_1462168.tif","FILENAME":"U:\\P589_AmazoniaRevelada_BR-319\\LiDAR_dataset\\ENTREGAS\\ENTREGA_03\\2_MDT\\GEOTIFF\\MDT_1462168.tif","SHRT_FNAME":"MDT_1462168.tif","UPPER_LEFT_X":"484962.332","UPPER_LEFT_Y":"9185877.695","LOWER_RIGHT_X":"485964.332","LOWER_RIGHT_Y":"9184875.695"},"geometry":{"type":"Polygon","coordinates":[[[-63.136256389741988,-7.365193084286769],[-63.127177278231883,-7.365195755440176],[-63.127179863291033,-7.37425964354289],[-63.136259159345656,-7.374256969067138],[-63.136256389741988,-7.365193084286769]]]}},
{"type":"Feature","properties":{"DESCRIPTION":"MDT_1462169.tif","FILENAME":"U:\\P589_AmazoniaRevelada_BR-319\\LiDAR_dataset\\ENTREGAS\\ENTREGA_03\\2_MDT\\GEOTIFF\\MDT_1462169.tif","SHRT_FNAME":"MDT_1462169.tif","UPPER_LEFT_X":"485962.427","UPPER_LEFT_Y":"9185877.695","LOWER_RIGHT_X":"486964.427","LOWER_RIGHT_Y":"9184875.695"},"geometry":{"type":"Polygon","coordinates":[[[-63.12719453760463,-7.365195750536992],[-63.118115422833839,-7.365198237921557],[-63.11811782369896,-7.374262129111945],[-63.127197123014597,-7.374259638633606],[-63.12719453760463,-7.365195750536992]]]}},
{"type":"Feature","properties":{"DESCRIPTION":"MDT_1462170.tif","FILENAME":"U:\\P589_AmazoniaRevelada_BR-319\\LiDAR_dataset\\ENTREGAS\\ENTREGA_03\\2_MDT\\GEOTIFF\\MDT_1462170.tif","SHRT_FNAME":"MDT_1462170.tif","UPPER_LEFT_X":"486962.522","UPPER_LEFT_Y":"9185877.695","LOWER_RIGHT_X":"487964.522","LOWER_RIGHT_Y":"9184875.695"},"geometry":{"type":"Polygon","coordinates":[[[-63.118132682212554,-7.365198233367717],[-63.109053564413372,-7.365200536983131],[-63.10905578108418,-7.374264431033059],[-63.118135083428506,-7.37426212455244],[-63.118132682212554,-7.365198233367717]]]}},
{"type":"Feature","properties":{"DESCRIPTION":"MDT_1462171.tif","FILENAME":"U:\\P589_AmazoniaRevelada_BR-319\\LiDAR_dataset\\ENTREGAS\\ENTREGA_03\\2_MDT\\GEOTIFF\\MDT_1462171.tif","SHRT_FNAME":"MDT_1462171.tif","UPPER_LEFT_X":"487962.618","UPPER_LEFT_Y":"9185877.695","LOWER_RIGHT_X":"488964.618","LOWER_RIGHT_Y":"9184875.695"},"geometry":{"type":"Polygon","coordinates":[[[-63.109070823797637,-7.365200532778635],[-63.099991703202392,-7.36520265262461],[-63.099993735678602,-7.374266549305942],[-63.109073040819254,-7.374264426823335],[-63.109070823797637,-7.365200532778635]]]}},
{"type":"Feature","properties":{"DESCRIPTION":"MDT_1462172.tif","FILENAME":"U:\\P589_AmazoniaRevelada_BR-319\\LiDAR_dataset\\ENTREGAS\\ENTREGA_03\\2_MDT\\GEOTIFF\\MDT_1462172.tif","SHRT_FNAME":"MDT_1462172.tif","UPPER_LEFT_X":"488962.713","UPPER_LEFT_Y":"9185877.695","LOWER_RIGHT_X":"489964.713","LOWER_RIGHT_Y":"9184875.695"},"geometry":{"type":"Polygon","coordinates":[[[-63.100008962591744,-7.365202648769463],[-63.090929839432768,-7.365204584845734],[-63.090931687714111,-7.374268483930337],[-63.100010995418764,-7.374266545445999],[-63.100008962591744,-7.365202648769463]]]}},
{"type":"Feature","properties":{"DESCRIPTION":"MDT_1462173.tif","FILENAME":"U:\\P589_AmazoniaRevelada_BR-319\\LiDAR_dataset\\ENTREGAS\\ENTREGA_03\\2_MDT\\GEOTIFF\\MDT_1462173.tif","SHRT_FNAME":"MDT_1462173.tif","UPPER_LEFT_X":"489962.808","UPPER_LEFT_Y":"9185877.695","LOWER_RIGHT_X":"490964.808","LOWER_RIGHT_Y":"9184875.695"},"geometry":{"type":"Polygon","coordinates":[[[-63.090947098826781,-7.36520458133993],[-63.081867973336379,-7.365206333646258],[-63.081869637422628,-7.374270234905997],[-63.090948947458934,-7.374268480420173],[-63.090947098826781,-7.36520458133993]]]}},
{"type":"Feature","properties":{"DESCRIPTION":"MDT_1462174.tif","FILENAME":"U:\\P589_AmazoniaRevelada_BR-319\\LiDAR_dataset\\ENTREGAS\\ENTREGA_03\\2_MDT\\GEOTIFF\\MDT_1462174.tif","SHRT_FNAME":"MDT_1462174.tif","UPPER_LEFT_X":"490962.903","UPPER_LEFT_Y":"9185877.695","LOWER_RIGHT_X":"491964.903","LOWER_RIGHT_Y":"9184875.695"},"geometry":{"type":"Polygon","coordinates":[[[-63.081885232734599,-7.365206330489801],[-63.072806105145098,-7.365207899025972],[-63.07280758503606,-7.374271802232705],[-63.081886897171678,-7.374270231745614],[-63.081885232734599,-7.365206330489801]]]}},
{"type":"Feature","properties":{"DESCRIPTION":"MDT_1462175.tif","FILENAME":"U:\\P589_AmazoniaRevelada_BR-319\\LiDAR_dataset\\ENTREGAS\\ENTREGA_03\\2_MDT\\GEOTIFF\\MDT_1462175.tif","SHRT_FNAME":"MDT_1462175.tif","UPPER_LEFT_X":"491962.998","UPPER_LEFT_Y":"9185877.695","LOWER_RIGHT_X":"492964.998","LOWER_RIGHT_Y":"9184875.695"},"geometry":{"type":"Polygon","coordinates":[[[-63.072823364547084,-7.36520789621886],[-63.063744235090816,-7.365209280984673],[-63.063745530786292,-7.374273185910267],[-63.072824844788862,-7.374271799422103],[-63.072823364547084,-7.36520789621886]]]}},
{"type":"Feature","properties":{"DESCRIPTION":"MDT_1462176.tif","FILENAME":"U:\\P589_AmazoniaRevelada_BR-319\\LiDAR_dataset\\ENTREGAS\\ENTREGA_03\\2_MDT\\GEOTIFF\\MDT_1462176.tif","SHRT_FNAME":"MDT_1462176.tif","UPPER_LEFT_X":"492963.094","UPPER_LEFT_Y":"9185877.695","LOWER_RIGHT_X":"493965.094","LOWER_RIGHT_Y":"9184875.695"},"geometry":{"type":"Polygon","coordinates":[[[-63.063761494496134,-7.36520927852691],[-63.054682363405419,-7.365210479522195],[-63.054683474905239,-7.374274385938512],[-63.063762790542427,-7.374273183449446],[-63.063761494496134,-7.36520927852691]]]}},
{"type":"Feature","properties":{"DESCRIPTION":"MDT_1462177.tif","FILENAME":"U:\\P589_AmazoniaRevelada_BR-319\\LiDAR_dataset\\ENTREGAS\\ENTREGA_03\\2_MDT\\GEOTIFF\\MDT_1462177.tif","SHRT_FNAME":"MDT_1462177.tif","UPPER_LEFT_X":"493963.189","UPPER_LEFT_Y":"9185877.695","LOWER_RIGHT_X":"494965.189","LOWER_RIGHT_Y":"9184875.695"},"geometry":{"type":"Polygon","coordinates":[[[-63.054699622813615,-7.365210477413778],[-63.045620490320765,-7.365211494638384],[-63.045621417624801,-7.37427540231729],[-63.054700734664259,-7.374274383827476],[-63.054699622813615,-7.365210477413778]]]}},
{"type":"Feature","properties":{"DESCRIPTION":"MDT_1462178.tif","FILENAME":"U:\\P589_AmazoniaRevelada_BR-319\\LiDAR_dataset\\ENTREGAS\\ENTREGA_03\\2_MDT\\GEOTIFF\\MDT_1462178.tif","SHRT_FNAME":"MDT_1462178.tif","UPPER_LEFT_X":"494963.284","UPPER_LEFT_Y":"9185877.695","LOWER_RIGHT_X":"495965.284","LOWER_RIGHT_Y":"9184875.695"},"geometry":{"type":"Polygon","coordinates":[[[-63.045637749731412,-7.365211492879316],[-63.036558616068746,-7.365212326333118],[-63.036559359176877,-7.374276235046476],[-63.045638677386265,-7.374275400556035],[-63.045637749731412,-7.365211492879316]]]}},
{"type":"Feature","properties":{"DESCRIPTION":"MDT_1462179.tif","FILENAME":"U:\\P589_AmazoniaRevelada_BR-319\\LiDAR_dataset\\ENTREGAS\\ENTREGA_03\\2_MDT\\GEOTIFF\\MDT_1462179.tif","SHRT_FNAME":"MDT_1462179.tif","UPPER_LEFT_X":"495963.379","UPPER_LEFT_Y":"9185877.695","LOWER_RIGHT_X":"496965.379","LOWER_RIGHT_Y":"9184875.695"},"geometry":{"type":"Polygon","coordinates":[[[-63.036575875481397,-7.365212324923401],[-63.027496740881254,-7.365212974606295],[-63.027497299793382,-7.374276884125964],[-63.036576618940352,-7.374276233635001],[-63.036575875481397,-7.365212324923401]]]}},
{"type":"Feature","properties":{"DESCRIPTION":"MDT_1462180.tif","FILENAME":"U:\\P589_AmazoniaRevelada_BR-319\\LiDAR_dataset\\ENTREGAS\\ENTREGA_03\\2_MDT\\GEOTIFF\\MDT_1462180.tif","SHRT_FNAME":"MDT_1462180.tif","UPPER_LEFT_X":"496963.474","UPPER_LEFT_Y":"9185877.695","LOWER_RIGHT_X":"497965.474","LOWER_RIGHT_Y":"9184875.695"},"geometry":{"type":"Polygon","coordinates":[[[-63.027514000295447,-7.36521297354592],[-63.018434864990141,-7.365213439457826],[-63.018435239706214,-7.374277349555671],[-63.027514559558412,-7.374276883064271],[-63.027514000295447,-7.36521297354592]]]}},
{"type":"Feature","properties":{"DESCRIPTION":"MDT_1462181.tif","FILENAME":"U:\\P589_AmazoniaRevelada_BR-319\\LiDAR_dataset\\ENTREGAS\\ENTREGA_03\\2_MDT\\GEOTIFF\\MDT_1462181.tif","SHRT_FNAME":"MDT_1462181.tif","UPPER_LEFT_X":"497963.570","UPPER_LEFT_Y":"9185877.695","LOWER_RIGHT_X":"498965.570","LOWER_RIGHT_Y":"9184875.695"},"geometry":{"type":"Polygon","coordinates":[[[-63.018452124405471,-7.365213438746804],[-63.00937298862732,-7.365213720887663],[-63.009373179147275,-7.374277631335547],[-63.01845249947236,-7.374277348843766],[-63.018452124405471,-7.365213438746804]]]}},
{"type":"Feature","properties":{"DESCRIPTION":"MDT_1462182.tif","FILENAME":"U:\\P589_AmazoniaRevelada_BR-319\\LiDAR_dataset\\ENTREGAS\\ENTREGA_03\\2_MDT\\GEOTIFF\\MDT_1462182.tif","SHRT_FNAME":"MDT_1462182.tif","UPPER_LEFT_X":"498963.665","UPPER_LEFT_Y":"9185877.695","LOWER_RIGHT_X":"499965.665","LOWER_RIGHT_Y":"9184875.695"},"geometry":{"type":"Polygon","coordinates":[[[-63.009390248043324,-7.365213720525986],[-63.000311112024654,-7.365213818895764],[-63.000311118348463,-7.374277729465547],[-63.009390438914096,-7.374277630973419],[-63.009390248043324,-7.365213720525986]]]}},
{"type":"Feature","properties":{"DESCRIPTION":"MDT_1462183.tif","FILENAME":"U:\\P589_AmazoniaRevelada_BR-319\\LiDAR_dataset\\ENTREGAS\\ENTREGA_03\\2_MDT\\GEOTIFF\\MDT_1462183.tif","SHRT_FNAME":"MDT_1462183.tif","UPPER_LEFT_X":"499963.760","UPPER_LEFT_Y":"9185877.695","LOWER_RIGHT_X":"500965.760","LOWER_RIGHT_Y":"9184875.695"},"geometry":{"type":"Polygon","coordinates":[[[-63.000328371440887,-7.365213818883436],[-62.99124923541401,-7.365213733482119],[-62.991249057541694,-7.374277643945667],[-63.000328378115519,-7.374277729453205],[-63.000328371440887,-7.365213818883436]]]}},
{"type":"Feature","properties":{"DESCRIPTION":"MDT_1462184.tif","FILENAME":"U:\\P589_AmazoniaRevelada_BR-319\\LiDAR_dataset\\ENTREGAS\\ENTREGA_03\\2_MDT\\GEOTIFF\\MDT_1462184.tif","SHRT_FNAME":"MDT_1462184.tif","UPPER_LEFT_X":"500963.855","UPPER_LEFT_Y":"9185877.695","LOWER_RIGHT_X":"501965.855","LOWER_RIGHT_Y":"9184875.695"},"geometry":{"type":"Polygon","coordinates":[[[-62.991266494830057,-7.365213733819142],[-62.982187359027307,-7.36521346464674],[-62.982186996958866,-7.374277374775914],[-62.991266317308551,-7.374277644283107],[-62.991266494830057,-7.365213733819142]]]}},
{"type":"Feature","properties":{"DESCRIPTION":"MDT_1462185.tif","FILENAME":"U:\\P589_AmazoniaRevelada_BR-319\\LiDAR_dataset\\ENTREGAS\\ENTREGA_03\\2_MDT\\GEOTIFF\\MDT_1462185.tif","SHRT_FNAME":"MDT_1462185.tif","UPPER_LEFT_X":"501963.950","UPPER_LEFT_Y":"9185877.695","LOWER_RIGHT_X":"502965.950","LOWER_RIGHT_Y":"9184875.695"},"geometry":{"type":"Polygon","coordinates":[[[-62.982204618442701,-7.36521346533311],[-62.973125483096403,-7.365213012389659],[-62.973124936831887,-7.374276921956324],[-62.982204256725076,-7.374277375463139],[-62.982204618442701,-7.36521346533311]]]}},
{"type":"Feature","properties":{"DESCRIPTION":"MDT_1462186.tif","FILENAME":"U:\\P589_AmazoniaRevelada_BR-319\\LiDAR_dataset\\ENTREGAS\\ENTREGA_03\\2_MDT\\GEOTIFF\\MDT_1462186.tif","SHRT_FNAME":"MDT_1462186.tif","UPPER_LEFT_X":"502964.046","UPPER_LEFT_Y":"9185877.695","LOWER_RIGHT_X":"503966.046","LOWER_RIGHT_Y":"9184875.695"},"geometry":{"type":"Polygon","coordinates":[[[-62.973142742510703,-7.365213013425378],[-62.96406360785317,-7.365212376710935],[-62.964062877392657,-7.374276285486948],[-62.973142196597017,-7.374276922993331],[-62.973142742510703,-7.365213013425378]]]}},
{"type":"Feature","properties":{"DESCRIPTION":"MDT_1462187.tif","FILENAME":"U:\\P589_AmazoniaRevelada_BR-319\\LiDAR_dataset\\ENTREGAS\\ENTREGA_03\\2_MDT\\GEOTIFF\\MDT_1462187.tif","SHRT_FNAME":"MDT_1462187.tif","UPPER_LEFT_X":"503964.141","UPPER_LEFT_Y":"9185877.695","LOWER_RIGHT_X":"504966.141","LOWER_RIGHT_Y":"9184875.695"},"geometry":{"type":"Polygon","coordinates":[[[-62.964080867265942,-7.365212378095999],[-62.9550017335295,-7.365211557610642],[-62.955000818873081,-7.37427546536787],[-62.964080137156245,-7.374276286873738],[-62.964080867265942,-7.365212378095999]]]}},
{"type":"Feature","properties":{"DESCRIPTION":"MDT_1462188.tif","FILENAME":"U:\\P589_AmazoniaRevelada_BR-319\\LiDAR_dataset\\ENTREGAS\\ENTREGA_03\\2_MDT\\GEOTIFF\\MDT_1462188.tif","SHRT_FNAME":"MDT_1462188.tif","UPPER_LEFT_X":"504964.236","UPPER_LEFT_Y":"9185877.695","LOWER_RIGHT_X":"505966.236","LOWER_RIGHT_Y":"9184875.695"},"geometry":{"type":"Polygon","coordinates":[[[-62.955018992940303,-7.365211559345055],[-62.945939860357278,-7.365210555088882],[-62.945938761505062,-7.374274461599191],[-62.955018078634708,-7.374275467104444],[-62.955018992940303,-7.365211559345055]]]}},
{"type":"Feature","properties":{"DESCRIPTION":"MDT_1462189.tif","FILENAME":"U:\\P589_AmazoniaRevelada_BR-319\\LiDAR_dataset\\ENTREGAS\\ENTREGA_03\\2_MDT\\GEOTIFF\\MDT_1462189.tif","SHRT_FNAME":"MDT_1462189.tif","UPPER_LEFT_X":"505964.331","UPPER_LEFT_Y":"9185877.695","LOWER_RIGHT_X":"506966.331","LOWER_RIGHT_Y":"9184875.695"},"geometry":{"type":"Polygon","coordinates":[[[-62.945957119765666,-7.365210557172646],[-62.936877988568384,-7.365209369145788],[-62.936876705520504,-7.374273274181035],[-62.94595602126428,-7.374274463685544],[-62.945957119765666,-7.365210557172646]]]}},
{"type":"Feature","properties":{"DESCRIPTION":"MDT_1462190.tif","FILENAME":"U:\\P589_AmazoniaRevelada_BR-319\\LiDAR_dataset\\ENTREGAS\\ENTREGA_03\\2_MDT\\GEOTIFF\\MDT_1462190.tif","SHRT_FNAME":"MDT_1462190.tif","UPPER_LEFT_X":"506964.426","UPPER_LEFT_Y":"9185877.695","LOWER_RIGHT_X":"507966.426","LOWER_RIGHT_Y":"9184875.695"},"geometry":{"type":"Polygon","coordinates":[[[-62.936895247973922,-7.365209371578901],[-62.927816118394695,-7.365207999781499],[-62.927814651151309,-7.374271903113551],[-62.936893965276852,-7.374273276617171],[-62.936895247973922,-7.365209371578901]]]}},
{"type":"Feature","properties":{"DESCRIPTION":"MDT_1462191.tif","FILENAME":"U:\\P589_AmazoniaRevelada_BR-319\\LiDAR_dataset\\ENTREGAS\\ENTREGA_03\\2_MDT\\GEOTIFF\\MDT_1462191.tif","SHRT_FNAME":"MDT_1462191.tif","UPPER_LEFT_X":"507964.522","UPPER_LEFT_Y":"9185877.695","LOWER_RIGHT_X":"508966.522","LOWER_RIGHT_Y":"9184875.695"},"geometry":{"type":"Polygon","coordinates":[[[-62.927833377796915,-7.365208002563958],[-62.918754250068069,-7.365206446996189],[-62.918752598629389,-7.374270348396908],[-62.927831910904374,-7.374271905899469],[-62.927833377796915,-7.365208002563958]]]}},
{"type":"Feature","properties":{"DESCRIPTION":"MDT_1462192.tif","FILENAME":"U:\\P589_AmazoniaRevelada_BR-319\\LiDAR_dataset\\ENTREGAS\\ENTREGA_03\\2_MDT\\GEOTIFF\\MDT_1462192.tif","SHRT_FNAME":"MDT_1462192.tif","UPPER_LEFT_X":"508964.617","UPPER_LEFT_Y":"9185877.695","LOWER_RIGHT_X":"509966.617","LOWER_RIGHT_Y":"9184875.695"},"geometry":{"type":"Polygon","coordinates":[[[-62.918771509466573,-7.365206450127993],[-62.909692383820428,-7.36520471079005],[-62.909690548186639,-7.374268610031302],[-62.918769858378703,-7.374270351532608],[-62.918771509466573,-7.365206450127993]]]}},
{"type":"Feature","properties":{"DESCRIPTION":"MDT_1462193.tif","FILENAME":"U:\\P589_AmazoniaRevelada_BR-319\\LiDAR_dataset\\ENTREGAS\\ENTREGA_03\\2_MDT\\GEOTIFF\\MDT_1462193.tif","SHRT_FNAME":"MDT_1462193.tif","UPPER_LEFT_X":"509964.712","UPPER_LEFT_Y":"9185877.695","LOWER_RIGHT_X":"510966.712","LOWER_RIGHT_Y":"9184875.695"},"geometry":{"type":"Polygon","coordinates":[[[-62.90970964321474,-7.365204714271201],[-62.900630519883627,-7.365202791163298],[-62.900628500054957,-7.374266688016944],[-62.909707807931781,-7.374268613516782],[-62.90970964321474,-7.365204714271201]]]}},
{"type":"Feature","properties":{"DESCRIPTION":"MDT_1463147.tif","FILENAME":"U:\\P589_AmazoniaRevelada_BR-319\\LiDAR_dataset\\ENTREGAS\\ENTREGA_03\\2_MDT\\GEOTIFF\\MDT_1463147.tif","SHRT_FNAME":"MDT_1463147.tif","UPPER_LEFT_X":"463960.333","UPPER_LEFT_Y":"9184877.820","LOWER_RIGHT_X":"464962.333","LOWER_RIGHT_Y":"9183875.820"},"geometry":{"type":"Polygon","coordinates":[[[-63.326560745606265,-7.374139265832616],[-63.317481572094941,-7.374145804124699],[-63.317488033255955,-7.383209571024469],[-63.326567391532329,-7.383203024609919],[-63.326560745606265,-7.374139265832616]]]}},
{"type":"Feature","properties":{"DESCRIPTION":"MDT_1463148.tif","FILENAME":"U:\\P589_AmazoniaRevelada_BR-319\\LiDAR_dataset\\ENTREGAS\\ENTREGA_03\\2_MDT\\GEOTIFF\\MDT_1463148.tif","SHRT_FNAME":"MDT_1463148.tif","UPPER_LEFT_X":"464960.428","UPPER_LEFT_Y":"9184877.820","LOWER_RIGHT_X":"465962.428","LOWER_RIGHT_Y":"9183875.820"},"geometry":{"type":"Polygon","coordinates":[[[-63.317498831590193,-7.374145791870299],[-63.308419649938777,-7.374152146177245],[-63.308425926685167,-7.383215920955696],[-63.317505293102435,-7.383209558754845],[-63.317498831590193,-7.374145791870299]]]}},
{"type":"Feature","properties":{"DESCRIPTION":"MDT_1463149.tif","FILENAME":"U:\\P589_AmazoniaRevelada_BR-319\\LiDAR_dataset\\ENTREGAS\\ENTREGA_03\\2_MDT\\GEOTIFF\\MDT_1463149.tif","SHRT_FNAME":"MDT_1463149.tif","UPPER_LEFT_X":"465960.523","UPPER_LEFT_Y":"9184877.820","LOWER_RIGHT_X":"466962.523","LOWER_RIGHT_Y":"9183875.820"},"geometry":{"type":"Polygon","coordinates":[[[-63.30843690944927,-7.3741521342726],[-63.299357719890111,-7.374158304593623],[-63.299363812221102,-7.383222087022625],[-63.308443186546903,-7.383215909036262],[-63.30843690944927,-7.3741521342726]]]}},
{"type":"Feature","properties":{"DESCRIPTION":"MDT_1463150.tif","FILENAME":"U:\\P589_AmazoniaRevelada_BR-319\\LiDAR_dataset\\ENTREGAS\\ENTREGA_03\\2_MDT\\GEOTIFF\\MDT_1463150.tif","SHRT_FNAME":"MDT_1463150.tif","UPPER_LEFT_X":"466960.618","UPPER_LEFT_Y":"9184877.820","LOWER_RIGHT_X":"467962.618","LOWER_RIGHT_Y":"9183875.820"},"geometry":{"type":"Polygon","coordinates":[[[-63.299374979415425,-7.374158293038736],[-63.290295782180841,-7.374164279373065],[-63.290301690095653,-7.383228069224488],[-63.299381072097653,-7.383222075453384],[-63.299374979415425,-7.374158293038736]]]}},
{"type":"Feature","properties":{"DESCRIPTION":"MDT_1463151.tif","FILENAME":"U:\\P589_AmazoniaRevelada_BR-319\\LiDAR_dataset\\ENTREGAS\\ENTREGA_03\\2_MDT\\GEOTIFF\\MDT_1463151.tif","SHRT_FNAME":"MDT_1463151.tif","UPPER_LEFT_X":"467960.714","UPPER_LEFT_Y":"9184877.820","LOWER_RIGHT_X":"468962.714","LOWER_RIGHT_Y":"9183875.820"},"geometry":{"type":"Polygon","coordinates":[[[-63.290313041720516,-7.374164268167937],[-63.281233837042848,-7.374170070514828],[-63.28123956054074,-7.38323386756054],[-63.290318949986577,-7.383228058005438],[-63.290313041720516,-7.374164268167937]]]}},
{"type":"Feature","properties":{"DESCRIPTION":"MDT_1463152.tif","FILENAME":"U:\\P589_AmazoniaRevelada_BR-319\\LiDAR_dataset\\ENTREGAS\\ENTREGA_03\\2_MDT\\GEOTIFF\\MDT_1463152.tif","SHRT_FNAME":"MDT_1463152.tif","UPPER_LEFT_X":"468960.809","UPPER_LEFT_Y":"9184877.820","LOWER_RIGHT_X":"469962.809","LOWER_RIGHT_Y":"9183875.820"},"geometry":{"type":"Polygon","coordinates":[[[-63.281251096596456,-7.374170059659461],[-63.272171884708008,-7.374175678018194],[-63.272177423788264,-7.38323948203006],[-63.281256820445591,-7.383233856691689],[-63.281251096596456,-7.374170059659461]]]}},
{"type":"Feature","properties":{"DESCRIPTION":"MDT_1463153.tif","FILENAME":"U:\\P589_AmazoniaRevelada_BR-319\\LiDAR_dataset\\ENTREGAS\\ENTREGA_03\\2_MDT\\GEOTIFF\\MDT_1463153.tif","SHRT_FNAME":"MDT_1463153.tif","UPPER_LEFT_X":"469960.904","UPPER_LEFT_Y":"9184877.820","LOWER_RIGHT_X":"470962.904","LOWER_RIGHT_Y":"9183875.820"},"geometry":{"type":"Polygon","coordinates":[[[-63.272189144275103,-7.374175667512588],[-63.263109925408223,-7.374181101882462],[-63.263115280070167,-7.383244912632354],[-63.272194683706623,-7.383239471511403],[-63.272189144275103,-7.374175667512588]]]}},
{"type":"Feature","properties":{"DESCRIPTION":"MDT_1463154.tif","FILENAME":"U:\\P589_AmazoniaRevelada_BR-319\\LiDAR_dataset\\ENTREGAS\\ENTREGA_03\\2_MDT\\GEOTIFF\\MDT_1463154.tif","SHRT_FNAME":"MDT_1463154.tif","UPPER_LEFT_X":"470960.999","UPPER_LEFT_Y":"9184877.820","LOWER_RIGHT_X":"471962.999","LOWER_RIGHT_Y":"9183875.820"},"geometry":{"type":"Polygon","coordinates":[[[-63.26312718498837,-7.374181091726622],[-63.254047959375399,-7.374186342106962],[-63.25405312961832,-7.38325015936674],[-63.26313254000155,-7.383244902463894],[-63.26312718498837,-7.374181091726622]]]}},
{"type":"Feature","properties":{"DESCRIPTION":"MDT_1463155.tif","FILENAME":"U:\\P589_AmazoniaRevelada_BR-319\\LiDAR_dataset\\ENTREGAS\\ENTREGA_03\\2_MDT\\GEOTIFF\\MDT_1463155.tif","SHRT_FNAME":"MDT_1463155.tif","UPPER_LEFT_X":"471961.094","UPPER_LEFT_Y":"9184877.820","LOWER_RIGHT_X":"472963.094","LOWER_RIGHT_Y":"9183875.820"},"geometry":{"type":"Polygon","coordinates":[[[-63.254065218968137,-7.374186332300883],[-63.244985986841392,-7.374191398691035],[-63.244990972664674,-7.383255222232568],[-63.254070389562322,-7.383250149548479],[-63.254065218968137,-7.374186332300883]]]}},
{"type":"Feature","properties":{"DESCRIPTION":"MDT_1463156.tif","FILENAME":"U:\\P589_AmazoniaRevelada_BR-319\\LiDAR_dataset\\ENTREGAS\\ENTREGA_03\\2_MDT\\GEOTIFF\\MDT_1463156.tif","SHRT_FNAME":"MDT_1463156.tif","UPPER_LEFT_X":"472961.190","UPPER_LEFT_Y":"9184877.820","LOWER_RIGHT_X":"473963.190","LOWER_RIGHT_Y":"9183875.820"},"geometry":{"type":"Polygon","coordinates":[[[-63.245003246446309,-7.374191389234723],[-63.235924008038126,-7.374196271634059],[-63.235928809441134,-7.383260101229211],[-63.245008232620833,-7.383255212764508],[-63.245003246446309,-7.374191389234723]]]}},
{"type":"Feature","properties":{"DESCRIPTION":"MDT_1463157.tif","FILENAME":"U:\\P589_AmazoniaRevelada_BR-319\\LiDAR_dataset\\ENTREGAS\\ENTREGA_03\\2_MDT\\GEOTIFF\\MDT_1463157.tif","SHRT_FNAME":"MDT_1463157.tif","UPPER_LEFT_X":"473961.285","UPPER_LEFT_Y":"9184877.820","LOWER_RIGHT_X":"474963.285","LOWER_RIGHT_Y":"9183875.820"},"geometry":{"type":"Polygon","coordinates":[[[-63.235941267654745,-7.374196262527512],[-63.226862023197484,-7.374200960935424],[-63.226866640179601,-7.383264796356058],[-63.235946069409003,-7.38326009211135],[-63.235941267654745,-7.374196262527512]]]}},
{"type":"Feature","properties":{"DESCRIPTION":"MDT_1463158.tif","FILENAME":"U:\\P589_AmazoniaRevelada_BR-319\\LiDAR_dataset\\ENTREGAS\\ENTREGA_03\\2_MDT\\GEOTIFF\\MDT_1463158.tif","SHRT_FNAME":"MDT_1463158.tif","UPPER_LEFT_X":"474961.380","UPPER_LEFT_Y":"9184877.820","LOWER_RIGHT_X":"475963.380","LOWER_RIGHT_Y":"9183875.820"},"geometry":{"type":"Polygon","coordinates":[[[-63.226879282825394,-7.374200952178646],[-63.217800032551352,-7.374205466594547],[-63.217804465112017,-7.383269307612526],[-63.226883900158754,-7.3832647875884],[-63.226879282825394,-7.374200952178646]]]}},
{"type":"Feature","properties":{"DESCRIPTION":"MDT_1463159.tif","FILENAME":"U:\\P589_AmazoniaRevelada_BR-319\\LiDAR_dataset\\ENTREGAS\\ENTREGA_03\\2_MDT\\GEOTIFF\\MDT_1463159.tif","SHRT_FNAME":"MDT_1463159.tif","UPPER_LEFT_X":"475961.475","UPPER_LEFT_Y":"9184877.820","LOWER_RIGHT_X":"476963.475","LOWER_RIGHT_Y":"9183875.820"},"geometry":{"type":"Polygon","coordinates":[[[-63.217817292190098,-7.374205458187539],[-63.208738036331638,-7.374209788610871],[-63.208742284470276,-7.383273634998058],[-63.217821725102013,-7.383269299195073],[-63.217817292190098,-7.374205458187539]]]}},
{"type":"Feature","properties":{"DESCRIPTION":"MDT_1463160.tif","FILENAME":"U:\\P589_AmazoniaRevelada_BR-319\\LiDAR_dataset\\ENTREGAS\\ENTREGA_03\\2_MDT\\GEOTIFF\\MDT_1463160.tif","SHRT_FNAME":"MDT_1463160.tif","UPPER_LEFT_X":"476961.570","UPPER_LEFT_Y":"9184877.820","LOWER_RIGHT_X":"477963.570","LOWER_RIGHT_Y":"9183875.820"},"geometry":{"type":"Polygon","coordinates":[[[-63.208755295980779,-7.374209780553631],[-63.199676034770221,-7.374213926983855],[-63.199680098486319,-7.38327777851211],[-63.208759544470674,-7.383273626930806],[-63.208755295980779,-7.374209780553631]]]}},
{"type":"Feature","properties":{"DESCRIPTION":"MDT_1463161.tif","FILENAME":"U:\\P589_AmazoniaRevelada_BR-319\\LiDAR_dataset\\ENTREGAS\\ENTREGA_03\\2_MDT\\GEOTIFF\\MDT_1463161.tif","SHRT_FNAME":"MDT_1463161.tif","UPPER_LEFT_X":"477961.666","UPPER_LEFT_Y":"9184877.820","LOWER_RIGHT_X":"478963.666","LOWER_RIGHT_Y":"9183875.820"},"geometry":{"type":"Polygon","coordinates":[[[-63.199693294429323,-7.374213919276387],[-63.190614028099027,-7.374217881712985],[-63.190617907392046,-7.383281738154169],[-63.199697358496664,-7.383277770795065],[-63.199693294429323,-7.374213919276387]]]}},
{"type":"Feature","properties":{"DESCRIPTION":"MDT_1463162.tif","FILENAME":"U:\\P589_AmazoniaRevelada_BR-319\\LiDAR_dataset\\ENTREGAS\\ENTREGA_03\\2_MDT\\GEOTIFF\\MDT_1463162.tif","SHRT_FNAME":"MDT_1463162.tif","UPPER_LEFT_X":"478961.761","UPPER_LEFT_Y":"9184877.820","LOWER_RIGHT_X":"479963.761","LOWER_RIGHT_Y":"9183875.820"},"geometry":{"type":"Polygon","coordinates":[[[-63.190631287767623,-7.374217874355287],[-63.181552016549922,-7.374221652797766],[-63.181555711419392,-7.383285513923741],[-63.190635167411912,-7.38328173078733],[-63.190631287767623,-7.374217874355287]]]}},
{"type":"Feature","properties":{"DESCRIPTION":"MDT_1463163.tif","FILENAME":"U:\\P589_AmazoniaRevelada_BR-319\\LiDAR_dataset\\ENTREGAS\\ENTREGA_03\\2_MDT\\GEOTIFF\\MDT_1463163.tif","SHRT_FNAME":"MDT_1463163.tif","UPPER_LEFT_X":"479961.856","UPPER_LEFT_Y":"9184877.820","LOWER_RIGHT_X":"480963.856","LOWER_RIGHT_Y":"9183875.820"},"geometry":{"type":"Polygon","coordinates":[[[-63.181569276227599,-7.374221645789844],[-63.172490000354813,-7.374225240237738],[-63.172493510800273,-7.383289105820357],[-63.181572971448325,-7.383285506907111],[-63.181569276227599,-7.374221645789844]]]}},
{"type":"Feature","properties":{"DESCRIPTION":"MDT_1463164.tif","FILENAME":"U:\\P589_AmazoniaRevelada_BR-319\\LiDAR_dataset\\ENTREGAS\\ENTREGA_03\\2_MDT\\GEOTIFF\\MDT_1463164.tif","SHRT_FNAME":"MDT_1463164.tif","UPPER_LEFT_X":"480961.951","UPPER_LEFT_Y":"9184877.820","LOWER_RIGHT_X":"481963.951","LOWER_RIGHT_Y":"9183875.820"},"geometry":{"type":"Polygon","coordinates":[[[-63.172507260041108,-7.374225233579587],[-63.163427979745613,-7.374228644032445],[-63.163431305766615,-7.383292513843576],[-63.172510770837839,-7.383289099153937],[-63.172507260041108,-7.374225233579587]]]}},
{"type":"Feature","properties":{"DESCRIPTION":"MDT_1463165.tif","FILENAME":"U:\\P589_AmazoniaRevelada_BR-319\\LiDAR_dataset\\ENTREGAS\\ENTREGA_03\\2_MDT\\GEOTIFF\\MDT_1463165.tif","SHRT_FNAME":"MDT_1463165.tif","UPPER_LEFT_X":"481962.046","UPPER_LEFT_Y":"9184877.820","LOWER_RIGHT_X":"482964.046","LOWER_RIGHT_Y":"9183875.820"},"geometry":{"type":"Polygon","coordinates":[[[-63.163445239440094,-7.374228637724072],[-63.154365954954201,-7.37423186418147],[-63.154369096550333,-7.383295737992965],[-63.163448565812352,-7.383292507527362],[-63.163445239440094,-7.374228637724072]]]}},
{"type":"Feature","properties":{"DESCRIPTION":"MDT_1463166.tif","FILENAME":"U:\\P589_AmazoniaRevelada_BR-319\\LiDAR_dataset\\ENTREGAS\\ENTREGA_03\\2_MDT\\GEOTIFF\\MDT_1463166.tif","SHRT_FNAME":"MDT_1463166.tif","UPPER_LEFT_X":"482962.142","UPPER_LEFT_Y":"9184877.820","LOWER_RIGHT_X":"483964.142","LOWER_RIGHT_Y":"9183875.820"},"geometry":{"type":"Polygon","coordinates":[[[-63.154383214656427,-7.37423185822287],[-63.145303926212478,-7.374234900684407],[-63.145306883383341,-7.383298778268128],[-63.154386356603823,-7.383295732026962],[-63.154383214656427,-7.37423185822287]]]}},
{"type":"Feature","properties":{"DESCRIPTION":"MDT_1463167.tif","FILENAME":"U:\\P589_AmazoniaRevelada_BR-319\\LiDAR_dataset\\ENTREGAS\\ENTREGA_03\\2_MDT\\GEOTIFF\\MDT_1463167.tif","SHRT_FNAME":"MDT_1463167.tif","UPPER_LEFT_X":"483962.237","UPPER_LEFT_Y":"9184877.820","LOWER_RIGHT_X":"484964.237","LOWER_RIGHT_Y":"9183875.820"},"geometry":{"type":"Polygon","coordinates":[[[-63.145321185922008,-7.374234895075585],[-63.136241893752356,-7.374237753540882],[-63.136244666497575,-7.383301634668685],[-63.145324143444135,-7.383298772652337],[-63.145321185922008,-7.374234895075585]]]}},
{"type":"Feature","properties":{"DESCRIPTION":"MDT_1463168.tif","FILENAME":"U:\\P589_AmazoniaRevelada_BR-319\\LiDAR_dataset\\ENTREGAS\\ENTREGA_03\\2_MDT\\GEOTIFF\\MDT_1463168.tif","SHRT_FNAME":"MDT_1463168.tif","UPPER_LEFT_X":"484962.332","UPPER_LEFT_Y":"9184877.820","LOWER_RIGHT_X":"485964.332","LOWER_RIGHT_Y":"9183875.820"},"geometry":{"type":"Polygon","coordinates":[[[-63.136259153468757,-7.374237748281836],[-63.127179857805729,-7.374240422750542],[-63.127182446124962,-7.38330430719428],[-63.136261926565233,-7.383301629403103],[-63.136259153468757,-7.374237748281836]]]}},
{"type":"Feature","properties":{"DESCRIPTION":"MDT_1463169.tif","FILENAME":"U:\\P589_AmazoniaRevelada_BR-319\\LiDAR_dataset\\ENTREGAS\\ENTREGA_03\\2_MDT\\GEOTIFF\\MDT_1463169.tif","SHRT_FNAME":"MDT_1463169.tif","UPPER_LEFT_X":"485962.427","UPPER_LEFT_Y":"9184877.820","LOWER_RIGHT_X":"486964.427","LOWER_RIGHT_Y":"9183875.820"},"geometry":{"type":"Polygon","coordinates":[[[-63.127197117528546,-7.374240417841269],[-63.118117818604503,-7.374242908313047],[-63.118120222497424,-7.383306795844585],[-63.127199706199036,-7.383304302278912],[-63.127197117528546,-7.374240417841269]]]}},
{"type":"Feature","properties":{"DESCRIPTION":"MDT_1463170.tif","FILENAME":"U:\\P589_AmazoniaRevelada_BR-319\\LiDAR_dataset\\ENTREGAS\\ENTREGA_03\\2_MDT\\GEOTIFF\\MDT_1463170.tif","SHRT_FNAME":"MDT_1463170.tif","UPPER_LEFT_X":"486962.522","UPPER_LEFT_Y":"9184877.820","LOWER_RIGHT_X":"487964.522","LOWER_RIGHT_Y":"9183875.820"},"geometry":{"type":"Polygon","coordinates":[[[-63.118135078333296,-7.374242903753556],[-63.109055776380558,-7.3742452102281],[-63.109057995846868,-7.383309100619287],[-63.118137482577474,-7.383306791279429],[-63.118135078333296,-7.374242903753556]]]}},
{"type":"Feature","properties":{"DESCRIPTION":"MDT_1463171.tif","FILENAME":"U:\\P589_AmazoniaRevelada_BR-319\\LiDAR_dataset\\ENTREGAS\\ENTREGA_03\\2_MDT\\GEOTIFF\\MDT_1463171.tif","SHRT_FNAME":"MDT_1463171.tif","UPPER_LEFT_X":"487962.618","UPPER_LEFT_Y":"9184877.820","LOWER_RIGHT_X":"488964.618","LOWER_RIGHT_Y":"9183875.820"},"geometry":{"type":"Polygon","coordinates":[[[-63.1090730361149,-7.374245206018385],[-63.099993731365828,-7.374247328495404],[-63.099995766405236,-7.383311221518098],[-63.109075255932467,-7.383309096404344],[-63.1090730361149,-7.374245206018385]]]}},
{"type":"Feature","properties":{"DESCRIPTION":"MDT_1463172.tif","FILENAME":"U:\\P589_AmazoniaRevelada_BR-319\\LiDAR_dataset\\ENTREGAS\\ENTREGA_03\\2_MDT\\GEOTIFF\\MDT_1463172.tif","SHRT_FNAME":"MDT_1463172.tif","UPPER_LEFT_X":"488962.713","UPPER_LEFT_Y":"9184877.820","LOWER_RIGHT_X":"489964.713","LOWER_RIGHT_Y":"9183875.820"},"geometry":{"type":"Polygon","coordinates":[[[-63.100010991105258,-7.37424732463547],[-63.090931683792192,-7.374249263114699],[-63.090933534404449,-7.383313158540759],[-63.100013026495937,-7.383311217653368],[-63.100010991105258,-7.37424732463547]]]}},
{"type":"Feature","properties":{"DESCRIPTION":"MDT_1463173.tif","FILENAME":"U:\\P589_AmazoniaRevelada_BR-319\\LiDAR_dataset\\ENTREGAS\\ENTREGA_03\\2_MDT\\GEOTIFF\\MDT_1463173.tif","SHRT_FNAME":"MDT_1463173.tif","UPPER_LEFT_X":"489962.808","UPPER_LEFT_Y":"9184877.820","LOWER_RIGHT_X":"490964.808","LOWER_RIGHT_Y":"9183875.820"},"geometry":{"type":"Polygon","coordinates":[[[-63.090948943536283,-7.374249259604545],[-63.081869633891564,-7.374251014085745],[-63.081871300076443,-7.383314911687023],[-63.090950794499797,-7.383313155026243],[-63.090948943536283,-7.374249259604545]]]}},
{"type":"Feature","properties":{"DESCRIPTION":"MDT_1463174.tif","FILENAME":"U:\\P589_AmazoniaRevelada_BR-319\\LiDAR_dataset\\ENTREGAS\\ENTREGA_03\\2_MDT\\GEOTIFF\\MDT_1463174.tif","SHRT_FNAME":"MDT_1463174.tif","UPPER_LEFT_X":"490962.903","UPPER_LEFT_Y":"9184877.820","LOWER_RIGHT_X":"491964.903","LOWER_RIGHT_Y":"9183875.820"},"geometry":{"type":"Polygon","coordinates":[[[-63.081886893639862,-7.374251010925373],[-63.072807581895837,-7.374252581408326],[-63.072809063653125,-7.383316480956676],[-63.081888560175997,-7.383314908522721],[-63.081886893639862,-7.374251010925373]]]}},
{"type":"Feature","properties":{"DESCRIPTION":"MDT_1463175.tif","FILENAME":"U:\\P589_AmazoniaRevelada_BR-319\\LiDAR_dataset\\ENTREGAS\\ENTREGA_03\\2_MDT\\GEOTIFF\\MDT_1463175.tif","SHRT_FNAME":"MDT_1463175.tif","UPPER_LEFT_X":"491962.998","UPPER_LEFT_Y":"9184877.820","LOWER_RIGHT_X":"492964.998","LOWER_RIGHT_Y":"9183875.820"},"geometry":{"type":"Polygon","coordinates":[[[-63.0728248416479,-7.374252578597732],[-63.063745528036918,-7.374253965082243],[-63.06374682536643,-7.383317866349521],[-63.072826323756445,-7.383316478142589],[-63.0728248416479,-7.374252578597732]]]}},
{"type":"Feature","properties":{"DESCRIPTION":"MDT_1463176.tif","FILENAME":"U:\\P589_AmazoniaRevelada_BR-319\\LiDAR_dataset\\ENTREGAS\\ENTREGA_03\\2_MDT\\GEOTIFF\\MDT_1463176.tif","SHRT_FNAME":"MDT_1463176.tif","UPPER_LEFT_X":"492963.094","UPPER_LEFT_Y":"9184877.820","LOWER_RIGHT_X":"493965.094","LOWER_RIGHT_Y":"9183875.820"},"geometry":{"type":"Polygon","coordinates":[[[-63.063762787792314,-7.374253962621431],[-63.054683472546714,-7.374255165107329],[-63.054684585448278,-7.383319067865388],[-63.063764085473089,-7.383317863885652],[-63.063762787792314,-7.374253962621431]]]}},
{"type":"Feature","properties":{"DESCRIPTION":"MDT_1463177.tif","FILENAME":"U:\\P589_AmazoniaRevelada_BR-319\\LiDAR_dataset\\ENTREGAS\\ENTREGA_03\\2_MDT\\GEOTIFF\\MDT_1463177.tif","SHRT_FNAME":"MDT_1463177.tif","UPPER_LEFT_X":"493963.189","UPPER_LEFT_Y":"9184877.820","LOWER_RIGHT_X":"494965.189","LOWER_RIGHT_Y":"9183875.820"},"geometry":{"type":"Polygon","coordinates":[[[-63.054700732305001,-7.374255162996295],[-63.045621415657131,-7.374256181483427],[-63.045622344130614,-7.383320085504122],[-63.054701845557823,-7.383319065751732],[-63.054700732305001,-7.374255162996295]]]}},
{"type":"Feature","properties":{"DESCRIPTION":"MDT_1463178.tif","FILENAME":"U:\\P589_AmazoniaRevelada_BR-319\\LiDAR_dataset\\ENTREGAS\\ENTREGA_03\\2_MDT\\GEOTIFF\\MDT_1463178.tif","SHRT_FNAME":"MDT_1463178.tif","UPPER_LEFT_X":"494963.284","UPPER_LEFT_Y":"9184877.820","LOWER_RIGHT_X":"495965.284","LOWER_RIGHT_Y":"9183875.820"},"geometry":{"type":"Polygon","coordinates":[[[-63.045638675417848,-7.374256179722177],[-63.036559357600062,-7.37425701421042],[-63.036560101645343,-7.383320919265605],[-63.045639604242595,-7.383320083740684],[-63.045638675417848,-7.374256179722177]]]}},
{"type":"Feature","properties":{"DESCRIPTION":"MDT_1463179.tif","FILENAME":"U:\\P589_AmazoniaRevelada_BR-319\\LiDAR_dataset\\ENTREGAS\\ENTREGA_03\\2_MDT\\GEOTIFF\\MDT_1463179.tif","SHRT_FNAME":"MDT_1463179.tif","UPPER_LEFT_X":"495963.379","UPPER_LEFT_Y":"9184877.820","LOWER_RIGHT_X":"496965.379","LOWER_RIGHT_Y":"9183875.820"},"geometry":{"type":"Polygon","coordinates":[[[-63.036576617362783,-7.37425701279895],[-63.027497298607408,-7.374257663288196],[-63.0274978582244,-7.383321569149725],[-63.036577361759328,-7.383320917852382],[-63.036576617362783,-7.37425701279895]]]}},
{"type":"Feature","properties":{"DESCRIPTION":"MDT_1463180.tif","FILENAME":"U:\\P589_AmazoniaRevelada_BR-319\\LiDAR_dataset\\ENTREGAS\\ENTREGA_03\\2_MDT\\GEOTIFF\\MDT_1463180.tif","SHRT_FNAME":"MDT_1463180.tif","UPPER_LEFT_X":"496963.474","UPPER_LEFT_Y":"9184877.820","LOWER_RIGHT_X":"497965.474","LOWER_RIGHT_Y":"9183875.820"},"geometry":{"type":"Polygon","coordinates":[[[-63.027514558371692,-7.374257662226507],[-63.018435238911088,-7.374258128716678],[-63.018435614099722,-7.383322035156407],[-63.027515118339963,-7.383321568086719],[-63.027514558371692,-7.374257662226507]]]}},
{"type":"Feature","properties":{"DESCRIPTION":"MDT_1463181.tif","FILENAME":"U:\\P589_AmazoniaRevelada_BR-319\\LiDAR_dataset\\ENTREGAS\\ENTREGA_03\\2_MDT\\GEOTIFF\\MDT_1463181.tif","SHRT_FNAME":"MDT_1463181.tif","UPPER_LEFT_X":"497963.570","UPPER_LEFT_Y":"9184877.820","LOWER_RIGHT_X":"498965.570","LOWER_RIGHT_Y":"9183875.820"},"geometry":{"type":"Polygon","coordinates":[[[-63.018452498676496,-7.374258128004773],[-63.009373178743004,-7.37425841049581],[-63.009373369503216,-7.38332231728559],[-63.018452874216393,-7.383322034443617],[-63.018452498676496,-7.374258128004773]]]}},
{"type":"Feature","properties":{"DESCRIPTION":"MDT_1463182.tif","FILENAME":"U:\\P589_AmazoniaRevelada_BR-319\\LiDAR_dataset\\ENTREGAS\\ENTREGA_03\\2_MDT\\GEOTIFF\\MDT_1463182.tif","SHRT_FNAME":"MDT_1463182.tif","UPPER_LEFT_X":"498963.665","UPPER_LEFT_Y":"9184877.820","LOWER_RIGHT_X":"499965.665","LOWER_RIGHT_Y":"9183875.820"},"geometry":{"type":"Polygon","coordinates":[[[-63.009390438509087,-7.374258410133686],[-63.000311118335041,-7.374258508625553],[-63.000311124666837,-7.38332241553724],[-63.009390629620576,-7.383322316923016],[-63.009390438509087,-7.374258410133686]]]}},
{"type":"Feature","properties":{"DESCRIPTION":"MDT_1463183.tif","FILENAME":"U:\\P589_AmazoniaRevelada_BR-319\\LiDAR_dataset\\ENTREGAS\\ENTREGA_03\\2_MDT\\GEOTIFF\\MDT_1463183.tif","SHRT_FNAME":"MDT_1463183.tif","UPPER_LEFT_X":"499963.760","UPPER_LEFT_Y":"9184877.820","LOWER_RIGHT_X":"500965.760","LOWER_RIGHT_Y":"9183875.820"},"geometry":{"type":"Polygon","coordinates":[[[-63.000328378101365,-7.374258508613214],[-62.991249057919127,-7.374258423105898],[-62.991248879822479,-7.383322329911343],[-63.000328384784417,-7.383322415524884],[-63.000328378101365,-7.374258508613214]]]}},
{"type":"Feature","properties":{"DESCRIPTION":"MDT_1463184.tif","FILENAME":"U:\\P589_AmazoniaRevelada_BR-319\\LiDAR_dataset\\ENTREGAS\\ENTREGA_03\\2_MDT\\GEOTIFF\\MDT_1463184.tif","SHRT_FNAME":"MDT_1463184.tif","UPPER_LEFT_X":"500963.855","UPPER_LEFT_Y":"9184877.820","LOWER_RIGHT_X":"501965.855","LOWER_RIGHT_Y":"9183875.820"},"geometry":{"type":"Polygon","coordinates":[[[-62.991266317685245,-7.374258423443339],[-62.982186997727148,-7.374258153936855],[-62.98218663520209,-7.383322060407916],[-62.99126613993986,-7.383322330249205],[-62.991266317685245,-7.374258423443339]]]}},
{"type":"Feature","properties":{"DESCRIPTION":"MDT_1463185.tif","FILENAME":"U:\\P589_AmazoniaRevelada_BR-319\\LiDAR_dataset\\ENTREGAS\\ENTREGA_03\\2_MDT\\GEOTIFF\\MDT_1463185.tif","SHRT_FNAME":"MDT_1463185.tif","UPPER_LEFT_X":"501963.950","UPPER_LEFT_Y":"9184877.820","LOWER_RIGHT_X":"502965.950","LOWER_RIGHT_Y":"9183875.820"},"geometry":{"type":"Polygon","coordinates":[[[-62.982204257492619,-7.374258154624077],[-62.973124937991017,-7.374257701118456],[-62.973124391037594,-7.383321607026983],[-62.982203895318825,-7.383322061095992],[-62.982204257492619,-7.374258154624077]]]}},
{"type":"Feature","properties":{"DESCRIPTION":"MDT_1463186.tif","FILENAME":"U:\\P589_AmazoniaRevelada_BR-319\\LiDAR_dataset\\ENTREGAS\\ENTREGA_03\\2_MDT\\GEOTIFF\\MDT_1463186.tif","SHRT_FNAME":"MDT_1463186.tif","UPPER_LEFT_X":"502964.046","UPPER_LEFT_Y":"9184877.820","LOWER_RIGHT_X":"503966.046","LOWER_RIGHT_Y":"9183875.820"},"geometry":{"type":"Polygon","coordinates":[[[-62.973142197755401,-7.374257702155463],[-62.964062878942642,-7.374257064650759],[-62.964062147560924,-7.383320969768608],[-62.973141651153249,-7.383321608065275],[-62.973142197755401,-7.374257702155463]]]}},
{"type":"Feature","properties":{"DESCRIPTION":"MDT_1463187.tif","FILENAME":"U:\\P589_AmazoniaRevelada_BR-319\\LiDAR_dataset\\ENTREGAS\\ENTREGA_03\\2_MDT\\GEOTIFF\\MDT_1463187.tif","SHRT_FNAME":"MDT_1463187.tif","UPPER_LEFT_X":"503964.141","UPPER_LEFT_Y":"9184877.820","LOWER_RIGHT_X":"504966.141","LOWER_RIGHT_Y":"9183875.820"},"geometry":{"type":"Polygon","coordinates":[[[-62.964080138705491,-7.374257066037547],[-62.955000820813915,-7.374256244533842],[-62.954999905003994,-7.383320148632865],[-62.964079407675037,-7.383320971157113],[-62.964080138705491,-7.374257066037547]]]}},
{"type":"Feature","properties":{"DESCRIPTION":"MDT_1463188.tif","FILENAME":"U:\\P589_AmazoniaRevelada_BR-319\\LiDAR_dataset\\ENTREGAS\\ENTREGA_03\\2_MDT\\GEOTIFF\\MDT_1463188.tif","SHRT_FNAME":"MDT_1463188.tif","UPPER_LEFT_X":"504964.236","UPPER_LEFT_Y":"9184877.820","LOWER_RIGHT_X":"505966.236","LOWER_RIGHT_Y":"9183875.820"},"geometry":{"type":"Polygon","coordinates":[[[-62.955018080574796,-7.37425624627041],[-62.945938763836743,-7.374255240767808],[-62.945937663598734,-7.383319143619858],[-62.955017165116139,-7.38332015037159],[-62.955018080574796,-7.37425624627041]]]}},
{"type":"Feature","properties":{"DESCRIPTION":"MDT_1463189.tif","FILENAME":"U:\\P589_AmazoniaRevelada_BR-319\\LiDAR_dataset\\ENTREGAS\\ENTREGA_03\\2_MDT\\GEOTIFF\\MDT_1463189.tif","SHRT_FNAME":"MDT_1463189.tif","UPPER_LEFT_X":"505964.331","UPPER_LEFT_Y":"9184877.820","LOWER_RIGHT_X":"506966.331","LOWER_RIGHT_Y":"9183875.820"},"geometry":{"type":"Polygon","coordinates":[[[-62.945956023595215,-7.374255242854155],[-62.936876708243048,-7.374254053352779],[-62.936875423577078,-7.383317954729714],[-62.94595492370847,-7.383319145708796],[-62.945956023595215,-7.374255242854155]]]}},
{"type":"Feature","properties":{"DESCRIPTION":"MDT_1463190.tif","FILENAME":"U:\\P589_AmazoniaRevelada_BR-319\\LiDAR_dataset\\ENTREGAS\\ENTREGA_03\\2_MDT\\GEOTIFF\\MDT_1463190.tif","SHRT_FNAME":"MDT_1463190.tif","UPPER_LEFT_X":"506964.426","UPPER_LEFT_Y":"9184877.820","LOWER_RIGHT_X":"507966.426","LOWER_RIGHT_Y":"9183875.820"},"geometry":{"type":"Polygon","coordinates":[[[-62.936893967998643,-7.374254055788908],[-62.927814654264701,-7.374252682288908],[-62.927813185170947,-7.38331658196258],[-62.936892683683951,-7.383317957168869],[-62.936893967998643,-7.374254055788908]]]}},
{"type":"Feature","properties":{"DESCRIPTION":"MDT_1463191.tif","FILENAME":"U:\\P589_AmazoniaRevelada_BR-319\\LiDAR_dataset\\ENTREGAS\\ENTREGA_03\\2_MDT\\GEOTIFF\\MDT_1463191.tif","SHRT_FNAME":"MDT_1463191.tif","UPPER_LEFT_X":"507964.522","UPPER_LEFT_Y":"9184877.820","LOWER_RIGHT_X":"508966.522","LOWER_RIGHT_Y":"9183875.820"},"geometry":{"type":"Polygon","coordinates":[[[-62.927831914017005,-7.374252685074817],[-62.918752602133623,-7.37425112757636],[-62.918750948612264,-7.383315025318623],[-62.927830445274523,-7.38331658475195],[-62.927831914017005,-7.374252685074817]]]}},
{"type":"Feature","properties":{"DESCRIPTION":"MDT_1463192.tif","FILENAME":"U:\\P589_AmazoniaRevelada_BR-319\\LiDAR_dataset\\ENTREGAS\\ENTREGA_03\\2_MDT\\GEOTIFF\\MDT_1463192.tif","SHRT_FNAME":"MDT_1463192.tif","UPPER_LEFT_X":"508964.617","UPPER_LEFT_Y":"9184877.820","LOWER_RIGHT_X":"509966.617","LOWER_RIGHT_Y":"9183875.820"},"geometry":{"type":"Polygon","coordinates":[[[-62.918769861882204,-7.374251130712051],[-62.909690552081727,-7.374249389215334],[-62.909688714132962,-7.383313284798044],[-62.918768208712102,-7.383315028458213],[-62.918769861882204,-7.374251130712051]]]}},
{"type":"Feature","properties":{"DESCRIPTION":"MDT_1463193.tif","FILENAME":"U:\\P589_AmazoniaRevelada_BR-319\\LiDAR_dataset\\ENTREGAS\\ENTREGA_03\\2_MDT\\GEOTIFF\\MDT_1463193.tif","SHRT_FNAME":"MDT_1463193.tif","UPPER_LEFT_X":"509964.712","UPPER_LEFT_Y":"9184877.820","LOWER_RIGHT_X":"510966.712","LOWER_RIGHT_Y":"9183875.820"},"geometry":{"type":"Polygon","coordinates":[[[-62.909707811826117,-7.374249392700801],[-62.900628504340894,-7.37424746720604],[-62.900626481964963,-7.383311360401051],[-62.909705974228615,-7.383313288287844],[-62.909707811826117,-7.374249392700801]]]}},
{"type":"Feature","properties":{"DESCRIPTION":"MDT_1464147.tif","FILENAME":"U:\\P589_AmazoniaRevelada_BR-319\\LiDAR_dataset\\ENTREGAS\\ENTREGA_03\\2_MDT\\GEOTIFF\\MDT_1464147.tif","SHRT_FNAME":"MDT_1464147.tif","UPPER_LEFT_X":"463960.333","UPPER_LEFT_Y":"9183877.945","LOWER_RIGHT_X":"464962.333","LOWER_RIGHT_Y":"9182875.945"},"geometry":{"type":"Polygon","coordinates":[[[-63.326567377430159,-7.383183804091844],[-63.317488019545841,-7.383190350489168],[-63.317494488845739,-7.392254113721004],[-63.326574031727837,-7.392247559200896],[-63.326567377430159,-7.383183804091844]]]}},
{"type":"Feature","properties":{"DESCRIPTION":"MDT_1464148.tif","FILENAME":"U:\\P589_AmazoniaRevelada_BR-319\\LiDAR_dataset\\ENTREGAS\\ENTREGA_03\\2_MDT\\GEOTIFF\\MDT_1464148.tif","SHRT_FNAME":"MDT_1464148.tif","UPPER_LEFT_X":"464960.428","UPPER_LEFT_Y":"9183877.945","LOWER_RIGHT_X":"465962.428","LOWER_RIGHT_Y":"9182875.945"},"geometry":{"type":"Polygon","coordinates":[[[-63.31750527939159,-7.383190338219576],[-63.308425913366378,-7.383196700403688],[-63.308432198019354,-7.392260471514508],[-63.317511749043156,-7.392254101436186],[-63.31750527939159,-7.383190338219576]]]}},
{"type":"Feature","properties":{"DESCRIPTION":"MDT_1464149.tif","FILENAME":"U:\\P589_AmazoniaRevelada_BR-319\\LiDAR_dataset\\ENTREGAS\\ENTREGA_03\\2_MDT\\GEOTIFF\\MDT_1464149.tif","SHRT_FNAME":"MDT_1464149.tif","UPPER_LEFT_X":"465960.523","UPPER_LEFT_Y":"9183877.945","LOWER_RIGHT_X":"466962.523","LOWER_RIGHT_Y":"9182875.945"},"geometry":{"type":"Polygon","coordinates":[[[-63.308443173227367,-7.383196688484285],[-63.29936379929363,-7.383202866454393],[-63.299369899298888,-7.392266645216063],[-63.308449458232033,-7.392260459580315],[-63.308443173227367,-7.383196688484285]]]}},
{"type":"Feature","properties":{"DESCRIPTION":"MDT_1464150.tif","FILENAME":"U:\\P589_AmazoniaRevelada_BR-319\\LiDAR_dataset\\ENTREGAS\\ENTREGA_03\\2_MDT\\GEOTIFF\\MDT_1464150.tif","SHRT_FNAME":"MDT_1464150.tif","UPPER_LEFT_X":"466960.618","UPPER_LEFT_Y":"9183877.945","LOWER_RIGHT_X":"467962.618","LOWER_RIGHT_Y":"9182875.945"},"geometry":{"type":"Polygon","coordinates":[[[-63.299381059169427,-7.383202854885181],[-63.290301677559491,-7.383208848640513],[-63.290307592916292,-7.392272634824891],[-63.299387159526383,-7.392266633632494],[-63.299381059169427,-7.383202854885181]]]}},
{"type":"Feature","properties":{"DESCRIPTION":"MDT_1464151.tif","FILENAME":"U:\\P589_AmazoniaRevelada_BR-319\\LiDAR_dataset\\ENTREGAS\\ENTREGA_03\\2_MDT\\GEOTIFF\\MDT_1464151.tif","SHRT_FNAME":"MDT_1464151.tif","UPPER_LEFT_X":"467960.714","UPPER_LEFT_Y":"9183877.945","LOWER_RIGHT_X":"468962.714","LOWER_RIGHT_Y":"9182875.945"},"geometry":{"type":"Polygon","coordinates":[[[-63.290318937449669,-7.383208837421493],[-63.281239548395902,-7.38321464696131],[-63.281245279103473,-7.392278440340258],[-63.290324853158147,-7.392272623591952],[-63.290318937449669,-7.383208837421493]]]}},
{"type":"Feature","properties":{"DESCRIPTION":"MDT_1464152.tif","FILENAME":"U:\\P589_AmazoniaRevelada_BR-319\\LiDAR_dataset\\ENTREGAS\\ENTREGA_03\\2_MDT\\GEOTIFF\\MDT_1464152.tif","SHRT_FNAME":"MDT_1464152.tif","UPPER_LEFT_X":"468960.809","UPPER_LEFT_Y":"9183877.945","LOWER_RIGHT_X":"469962.809","LOWER_RIGHT_Y":"9182875.945"},"geometry":{"type":"Polygon","coordinates":[[[-63.281256808300007,-7.383214636092487],[-63.272177412034758,-7.383220261416059],[-63.272182958092387,-7.392284061761432],[-63.281262539359275,-7.392278429457947],[-63.281256808300007,-7.383214636092487]]]}},
{"type":"Feature","properties":{"DESCRIPTION":"MDT_1464153.tif","FILENAME":"U:\\P589_AmazoniaRevelada_BR-319\\LiDAR_dataset\\ENTREGAS\\ENTREGA_03\\2_MDT\\GEOTIFF\\MDT_1464153.tif","SHRT_FNAME":"MDT_1464153.tif","UPPER_LEFT_X":"469960.904","UPPER_LEFT_Y":"9183877.945","LOWER_RIGHT_X":"470962.904","LOWER_RIGHT_Y":"9182875.945"},"geometry":{"type":"Polygon","coordinates":[[[-63.272194671952349,-7.383220250897431],[-63.263115268707963,-7.383225692004062],[-63.263120630114969,-7.392289499087722],[-63.272200218361675,-7.39228405122975],[-63.272194671952349,-7.383220250897431]]]}},
{"type":"Feature","properties":{"DESCRIPTION":"MDT_1464154.tif","FILENAME":"U:\\P589_AmazoniaRevelada_BR-319\\LiDAR_dataset\\ENTREGAS\\ENTREGA_03\\2_MDT\\GEOTIFF\\MDT_1464154.tif","SHRT_FNAME":"MDT_1464154.tif","UPPER_LEFT_X":"470960.999","UPPER_LEFT_Y":"9183877.945","LOWER_RIGHT_X":"471962.999","LOWER_RIGHT_Y":"9182875.945"},"geometry":{"type":"Polygon","coordinates":[[[-63.263132528638607,-7.383225681835628],[-63.254053118647455,-7.383230938724641],[-63.254058295403148,-7.392294752318447],[-63.263137890397296,-7.392289488906673],[-63.263132528638607,-7.383225681835628]]]}},
{"type":"Feature","properties":{"DESCRIPTION":"MDT_1464155.tif","FILENAME":"U:\\P589_AmazoniaRevelada_BR-319\\LiDAR_dataset\\ENTREGAS\\ENTREGA_03\\2_MDT\\GEOTIFF\\MDT_1464155.tif","SHRT_FNAME":"MDT_1464155.tif","UPPER_LEFT_X":"471961.094","UPPER_LEFT_Y":"9183877.945","LOWER_RIGHT_X":"472963.094","LOWER_RIGHT_Y":"9182875.945"},"geometry":{"type":"Polygon","coordinates":[[[-63.254070378590697,-7.38323092890641],[-63.244990962085126,-7.383236001577152],[-63.244995954188859,-7.392299821452955],[-63.25407555569808,-7.39229474248803],[-63.254070378590697,-7.38323092890641]]]}},
{"type":"Feature","properties":{"DESCRIPTION":"MDT_1464156.tif","FILENAME":"U:\\P589_AmazoniaRevelada_BR-319\\LiDAR_dataset\\ENTREGAS\\ENTREGA_03\\2_MDT\\GEOTIFF\\MDT_1464156.tif","SHRT_FNAME":"MDT_1464156.tif","UPPER_LEFT_X":"472961.190","UPPER_LEFT_Y":"9183877.945","LOWER_RIGHT_X":"473963.190","LOWER_RIGHT_Y":"9182875.945"},"geometry":{"type":"Polygon","coordinates":[[[-63.245008222040546,-7.383235992109118],[-63.23592879925291,-7.383240880560957],[-63.235933606704059,-7.39230470649061],[-63.24501321449597,-7.39229981197317],[-63.245008222040546,-7.383235992109118]]]}},
{"type":"Feature","properties":{"DESCRIPTION":"MDT_1464157.tif","FILENAME":"U:\\P589_AmazoniaRevelada_BR-319\\LiDAR_dataset\\ENTREGAS\\ENTREGA_03\\2_MDT\\GEOTIFF\\MDT_1464157.tif","SHRT_FNAME":"MDT_1464157.tif","UPPER_LEFT_X":"473961.285","UPPER_LEFT_Y":"9183877.945","LOWER_RIGHT_X":"474963.285","LOWER_RIGHT_Y":"9182875.945"},"geometry":{"type":"Polygon","coordinates":[[[-63.235946059220041,-7.383240871443121],[-63.226866630382702,-7.383245575675449],[-63.226871253180668,-7.392309407430814],[-63.235950867022886,-7.392304697361463],[-63.235946059220041,-7.383240871443121]]]}},
{"type":"Feature","properties":{"DESCRIPTION":"MDT_1464158.tif","FILENAME":"U:\\P589_AmazoniaRevelada_BR-319\\LiDAR_dataset\\ENTREGAS\\ENTREGA_03\\2_MDT\\GEOTIFF\\MDT_1464158.tif","SHRT_FNAME":"MDT_1464158.tif","UPPER_LEFT_X":"474961.380","UPPER_LEFT_Y":"9183877.945","LOWER_RIGHT_X":"475963.380","LOWER_RIGHT_Y":"9182875.945"},"geometry":{"type":"Polygon","coordinates":[[[-63.226883890361123,-7.383245566907816],[-63.217804455706442,-7.383250086920047],[-63.217808893850638,-7.392313924272977],[-63.226888513510779,-7.3923093986523],[-63.226883890361123,-7.383245566907816]]]}},
{"type":"Feature","properties":{"DESCRIPTION":"MDT_1464159.tif","FILENAME":"U:\\P589_AmazoniaRevelada_BR-319\\LiDAR_dataset\\ENTREGAS\\ENTREGA_03\\2_MDT\\GEOTIFF\\MDT_1464159.tif","SHRT_FNAME":"MDT_1464159.tif","UPPER_LEFT_X":"475961.475","UPPER_LEFT_Y":"9183877.945","LOWER_RIGHT_X":"476963.475","LOWER_RIGHT_Y":"9182875.945"},"geometry":{"type":"Polygon","coordinates":[[[-63.217821715695699,-7.383250078502618],[-63.208742275456046,-7.383254414294193],[-63.208746528945902,-7.392318257016537],[-63.217826154191592,-7.3923139158451],[-63.217821715695699,-7.383250078502618]]]}},
{"type":"Feature","properties":{"DESCRIPTION":"MDT_1464160.tif","FILENAME":"U:\\P589_AmazoniaRevelada_BR-319\\LiDAR_dataset\\ENTREGAS\\ENTREGA_03\\2_MDT\\GEOTIFF\\MDT_1464160.tif","SHRT_FNAME":"MDT_1464160.tif","UPPER_LEFT_X":"476961.570","UPPER_LEFT_Y":"9183877.945","LOWER_RIGHT_X":"477963.570","LOWER_RIGHT_Y":"9182875.945"},"geometry":{"type":"Polygon","coordinates":[[[-63.208759535455684,-7.383254406226964],[-63.199680089863413,-7.383258557797342],[-63.199684158698417,-7.392322405660955],[-63.208763789297244,-7.392318248939299],[-63.208759535455684,-7.383254406226964]]]}},
{"type":"Feature","properties":{"DESCRIPTION":"MDT_1464161.tif","FILENAME":"U:\\P589_AmazoniaRevelada_BR-319\\LiDAR_dataset\\ENTREGAS\\ENTREGA_03\\2_MDT\\GEOTIFF\\MDT_1464161.tif","SHRT_FNAME":"MDT_1464161.tif","UPPER_LEFT_X":"477961.666","UPPER_LEFT_Y":"9183877.945","LOWER_RIGHT_X":"478963.666","LOWER_RIGHT_Y":"9182875.945"},"geometry":{"type":"Polygon","coordinates":[[[-63.199697349873013,-7.383258550080321],[-63.190617899160479,-7.383262517428982],[-63.190621783340113,-7.392326370205715],[-63.199701419059707,-7.392322397934354],[-63.199697349873013,-7.383258550080321]]]}},
{"type":"Feature","properties":{"DESCRIPTION":"MDT_1464162.tif","FILENAME":"U:\\P589_AmazoniaRevelada_BR-319\\LiDAR_dataset\\ENTREGAS\\ENTREGA_03\\2_MDT\\GEOTIFF\\MDT_1464162.tif","SHRT_FNAME":"MDT_1464162.tif","UPPER_LEFT_X":"478961.761","UPPER_LEFT_Y":"9183877.945","LOWER_RIGHT_X":"479963.761","LOWER_RIGHT_Y":"9182875.945"},"geometry":{"type":"Polygon","coordinates":[[[-63.190635159179593,-7.383262510062163],[-63.181555703579157,-7.383266293188621],[-63.181559403102924,-7.392330150650325],[-63.190639043710917,-7.392326362829755],[-63.190635159179593,-7.383262510062163]]]}},
{"type":"Feature","properties":{"DESCRIPTION":"MDT_1464163.tif","FILENAME":"U:\\P589_AmazoniaRevelada_BR-319\\LiDAR_dataset\\ENTREGAS\\ENTREGA_03\\2_MDT\\GEOTIFF\\MDT_1464163.tif","SHRT_FNAME":"MDT_1464163.tif","UPPER_LEFT_X":"479961.856","UPPER_LEFT_Y":"9183877.945","LOWER_RIGHT_X":"480963.856","LOWER_RIGHT_Y":"9182875.945"},"geometry":{"type":"Polygon","coordinates":[[[-63.181572963607344,-7.38326628617201],[-63.172493503351362,-7.383269885075788],[-63.172497018218806,-7.392333746994314],[-63.181576663482801,-7.392330143625008],[-63.181572963607344,-7.38326628617201]]]}},
{"type":"Feature","properties":{"DESCRIPTION":"MDT_1464164.tif","FILENAME":"U:\\P589_AmazoniaRevelada_BR-319\\LiDAR_dataset\\ENTREGAS\\ENTREGA_03\\2_MDT\\GEOTIFF\\MDT_1464164.tif","SHRT_FNAME":"MDT_1464164.tif","UPPER_LEFT_X":"480961.951","UPPER_LEFT_Y":"9183877.945","LOWER_RIGHT_X":"481963.951","LOWER_RIGHT_Y":"9182875.945"},"geometry":{"type":"Polygon","coordinates":[[[-63.172510763388189,-7.383269878409386],[-63.163431298709035,-7.383273293090037],[-63.16343462891971,-7.392337159237236],[-63.172514278607323,-7.392333740319641],[-63.172510763388189,-7.383269878409386]]]}},
{"type":"Feature","properties":{"DESCRIPTION":"MDT_1464165.tif","FILENAME":"U:\\P589_AmazoniaRevelada_BR-319\\LiDAR_dataset\\ENTREGAS\\ENTREGA_03\\2_MDT\\GEOTIFF\\MDT_1464165.tif","SHRT_FNAME":"MDT_1464165.tif","UPPER_LEFT_X":"481962.046","UPPER_LEFT_Y":"9183877.945","LOWER_RIGHT_X":"482964.046","LOWER_RIGHT_Y":"9182875.945"},"geometry":{"type":"Polygon","coordinates":[[[-63.163448558754041,-7.383273286773842],[-63.154369089884092,-7.383276517230945],[-63.15437223543757,-7.392340387378663],[-63.16345188931642,-7.392337152913202],[-63.163448558754041,-7.383273286773842]]]}},
{"type":"Feature","properties":{"DESCRIPTION":"MDT_1464166.tif","FILENAME":"U:\\P589_AmazoniaRevelada_BR-319\\LiDAR_dataset\\ENTREGAS\\ENTREGA_03\\2_MDT\\GEOTIFF\\MDT_1464166.tif","SHRT_FNAME":"MDT_1464166.tif","UPPER_LEFT_X":"482962.142","UPPER_LEFT_Y":"9183877.945","LOWER_RIGHT_X":"483964.142","LOWER_RIGHT_Y":"9182875.945"},"geometry":{"type":"Polygon","coordinates":[[[-63.154386349936843,-7.383276511264955],[-63.145306877108439,-7.383279557498106],[-63.145309838004344,-7.392343431418198],[-63.154389495842025,-7.392340381405274],[-63.154386349936843,-7.383276511264955]]]}},
{"type":"Feature","properties":{"DESCRIPTION":"MDT_1464167.tif","FILENAME":"U:\\P589_AmazoniaRevelada_BR-319\\LiDAR_dataset\\ENTREGAS\\ENTREGA_03\\2_MDT\\GEOTIFF\\MDT_1464167.tif","SHRT_FNAME":"MDT_1464167.tif","UPPER_LEFT_X":"483962.237","UPPER_LEFT_Y":"9183877.945","LOWER_RIGHT_X":"484964.237","LOWER_RIGHT_Y":"9182875.945"},"geometry":{"type":"Polygon","coordinates":[[[-63.145324137168494,-7.38327955188233],[-63.136244660614018,-7.383282413891146],[-63.136247436851967,-7.392346291355461],[-63.145327098416097,-7.392343425795454],[-63.145324137168494,-7.38327955188233]]]}},
{"type":"Feature","properties":{"DESCRIPTION":"MDT_1464168.tif","FILENAME":"U:\\P589_AmazoniaRevelada_BR-319\\LiDAR_dataset\\ENTREGAS\\ENTREGA_03\\2_MDT\\GEOTIFF\\MDT_1464168.tif","SHRT_FNAME":"MDT_1464168.tif","UPPER_LEFT_X":"484962.332","UPPER_LEFT_Y":"9183877.945","LOWER_RIGHT_X":"485964.332","LOWER_RIGHT_Y":"9182875.945"},"geometry":{"type":"Polygon","coordinates":[[[-63.13626192068093,-7.38328240862558],[-63.127182440632744,-7.383285086409712],[-63.127185032212381,-7.392348967190092],[-63.13626469727059,-7.39234628608336],[-63.13626192068093,-7.38328240862558]]]}},
{"type":"Feature","properties":{"DESCRIPTION":"MDT_1464169.tif","FILENAME":"U:\\P589_AmazoniaRevelada_BR-319\\LiDAR_dataset\\ENTREGAS\\ENTREGA_03\\2_MDT\\GEOTIFF\\MDT_1464169.tif","SHRT_FNAME":"MDT_1464169.tif","UPPER_LEFT_X":"485962.427","UPPER_LEFT_Y":"9183877.945","LOWER_RIGHT_X":"486964.427","LOWER_RIGHT_Y":"9182875.945"},"geometry":{"type":"Polygon","coordinates":[[[-63.127199700706079,-7.383285081494357],[-63.118120217396537,-7.38328757505347],[-63.11812262431755,-7.392351458921763],[-63.127202292637428,-7.392348962268636],[-63.127199700706079,-7.383285081494357]]]}},
{"type":"Feature","properties":{"DESCRIPTION":"MDT_1464170.tif","FILENAME":"U:\\P589_AmazoniaRevelada_BR-319\\LiDAR_dataset\\ENTREGAS\\ENTREGA_03\\2_MDT\\GEOTIFF\\MDT_1464170.tif","SHRT_FNAME":"MDT_1464170.tif","UPPER_LEFT_X":"486962.522","UPPER_LEFT_Y":"9183877.945","LOWER_RIGHT_X":"487964.522","LOWER_RIGHT_Y":"9182875.945"},"geometry":{"type":"Polygon","coordinates":[[[-63.118137477475855,-7.383287570488324],[-63.109057991137327,-7.383289879822106],[-63.10906021339941,-7.392353766550163],[-63.118139884748572,-7.392351454350955],[-63.118137477475855,-7.383287570488324]]]}},
{"type":"Feature","properties":{"DESCRIPTION":"MDT_1464171.tif","FILENAME":"U:\\P589_AmazoniaRevelada_BR-319\\LiDAR_dataset\\ENTREGAS\\ENTREGA_03\\2_MDT\\GEOTIFF\\MDT_1464171.tif","SHRT_FNAME":"MDT_1464171.tif","UPPER_LEFT_X":"487962.618","UPPER_LEFT_Y":"9183877.945","LOWER_RIGHT_X":"488964.618","LOWER_RIGHT_Y":"9182875.945"},"geometry":{"type":"Polygon","coordinates":[[[-63.10907525122218,-7.383289875607173],[-63.099995762087033,-7.383292000715338],[-63.099997799689909,-7.392355890075006],[-63.109077473835967,-7.392353762329999],[-63.10907525122218,-7.383289875607173]]]}},
{"type":"Feature","properties":{"DESCRIPTION":"MDT_1464172.tif","FILENAME":"U:\\P589_AmazoniaRevelada_BR-319\\LiDAR_dataset\\ENTREGAS\\ENTREGA_03\\2_MDT\\GEOTIFF\\MDT_1464172.tif","SHRT_FNAME":"MDT_1464172.tif","UPPER_LEFT_X":"488962.713","UPPER_LEFT_Y":"9183877.945","LOWER_RIGHT_X":"489964.713","LOWER_RIGHT_Y":"9182875.945"},"geometry":{"type":"Polygon","coordinates":[[[-63.100013022176981,-7.383291996850619],[-63.090933530477599,-7.383293937732899],[-63.090935383420998,-7.392357829496023],[-63.100015060131554,-7.39235588620549],[-63.100013022176981,-7.383291996850619]]]}},
{"type":"Feature","properties":{"DESCRIPTION":"MDT_1464173.tif","FILENAME":"U:\\P589_AmazoniaRevelada_BR-319\\LiDAR_dataset\\ENTREGAS\\ENTREGA_03\\2_MDT\\GEOTIFF\\MDT_1464173.tif","SHRT_FNAME":"MDT_1464173.tif","UPPER_LEFT_X":"489962.808","UPPER_LEFT_Y":"9183877.945","LOWER_RIGHT_X":"490964.808","LOWER_RIGHT_Y":"9182875.945"},"geometry":{"type":"Polygon","coordinates":[[[-63.090950790572194,-7.383293934218393],[-63.081871296540911,-7.383295690874552],[-63.081872964824626,-7.392359584812978],[-63.090952643867311,-7.392357825977156],[-63.090950790572194,-7.383293934218393]]]}},
{"type":"Feature","properties":{"DESCRIPTION":"MDT_1464174.tif","FILENAME":"U:\\P589_AmazoniaRevelada_BR-319\\LiDAR_dataset\\ENTREGAS\\ENTREGA_03\\2_MDT\\GEOTIFF\\MDT_1464174.tif","SHRT_FNAME":"MDT_1464174.tif","UPPER_LEFT_X":"490962.903","UPPER_LEFT_Y":"9183877.945","LOWER_RIGHT_X":"491964.903","LOWER_RIGHT_Y":"9182875.945"},"geometry":{"type":"Polygon","coordinates":[[[-63.081888556639733,-7.38329568771026],[-63.072809060508945,-7.383297260140075],[-63.072810544132743,-7.392361156025652],[-63.081890225275153,-7.39235958164476],[-63.081888556639733,-7.38329568771026]]]}},
{"type":"Feature","properties":{"DESCRIPTION":"MDT_1464175.tif","FILENAME":"U:\\P589_AmazoniaRevelada_BR-319\\LiDAR_dataset\\ENTREGAS\\ENTREGA_03\\2_MDT\\GEOTIFF\\MDT_1464175.tif","SHRT_FNAME":"MDT_1464175.tif","UPPER_LEFT_X":"491962.998","UPPER_LEFT_Y":"9183877.945","LOWER_RIGHT_X":"492964.998","LOWER_RIGHT_Y":"9182875.945"},"geometry":{"type":"Polygon","coordinates":[[[-63.072826320611526,-7.383297257325997],[-63.063746822613588,-7.383298645529276],[-63.063748121577298,-7.392362543133846],[-63.072827804587035,-7.392361153208083],[-63.072826320611526,-7.383297257325997]]]}},
{"type":"Feature","properties":{"DESCRIPTION":"MDT_1464176.tif","FILENAME":"U:\\P589_AmazoniaRevelada_BR-319\\LiDAR_dataset\\ENTREGAS\\ENTREGA_03\\2_MDT\\GEOTIFF\\MDT_1464176.tif","SHRT_FNAME":"MDT_1464176.tif","UPPER_LEFT_X":"492963.094","UPPER_LEFT_Y":"9183877.945","LOWER_RIGHT_X":"493965.094","LOWER_RIGHT_Y":"9182875.945"},"geometry":{"type":"Polygon","coordinates":[[[-63.063764082719501,-7.383298643065411],[-63.054684583086782,-7.38329984704198],[-63.054685697390234,-7.392363746137388],[-63.063765382034916,-7.392362540666924],[-63.063764082719501,-7.383298643065411]]]}},
{"type":"Feature","properties":{"DESCRIPTION":"MDT_1464177.tif","FILENAME":"U:\\P589_AmazoniaRevelada_BR-319\\LiDAR_dataset\\ENTREGAS\\ENTREGA_03\\2_MDT\\GEOTIFF\\MDT_1464177.tif","SHRT_FNAME":"MDT_1464177.tif","UPPER_LEFT_X":"493963.189","UPPER_LEFT_Y":"9183877.945","LOWER_RIGHT_X":"494965.189","LOWER_RIGHT_Y":"9182875.945"},"geometry":{"type":"Polygon","coordinates":[[[-63.054701843195588,-7.383299844928331],[-63.045622342160463,-7.383300864678039],[-63.045623271803507,-7.392364765036135],[-63.054702957850736,-7.392363744021119],[-63.054701843195588,-7.383299844928331]]]}},
{"type":"Feature","properties":{"DESCRIPTION":"MDT_1464178.tif","FILENAME":"U:\\P589_AmazoniaRevelada_BR-319\\LiDAR_dataset\\ENTREGAS\\ENTREGA_03\\2_MDT\\GEOTIFF\\MDT_1464178.tif","SHRT_FNAME":"MDT_1464178.tif","UPPER_LEFT_X":"494963.284","UPPER_LEFT_Y":"9183877.945","LOWER_RIGHT_X":"495965.284","LOWER_RIGHT_Y":"9182875.945"},"geometry":{"type":"Polygon","coordinates":[[[-63.045639602271699,-7.383300862914604],[-63.036560100066531,-7.383301698437327],[-63.03656084504906,-7.392365599829954],[-63.045640532266461,-7.392364763270512],[-63.045639602271699,-7.383300862914604]]]}},
{"type":"Feature","properties":{"DESCRIPTION":"MDT_1464179.tif","FILENAME":"U:\\P589_AmazoniaRevelada_BR-319\\LiDAR_dataset\\ENTREGAS\\ENTREGA_03\\2_MDT\\GEOTIFF\\MDT_1464179.tif","SHRT_FNAME":"MDT_1464179.tif","UPPER_LEFT_X":"495963.379","UPPER_LEFT_Y":"9183877.945","LOWER_RIGHT_X":"496965.379","LOWER_RIGHT_Y":"9182875.945"},"geometry":{"type":"Polygon","coordinates":[[[-63.036577360179777,-7.383301697024108],[-63.027497857036934,-7.383302348319736],[-63.027498417358863,-7.392366250518739],[-63.036578105514025,-7.392365598414981],[-63.036577360179777,-7.383301697024108]]]}},
{"type":"Feature","properties":{"DESCRIPTION":"MDT_1464180.tif","FILENAME":"U:\\P589_AmazoniaRevelada_BR-319\\LiDAR_dataset\\ENTREGAS\\ENTREGA_03\\2_MDT\\GEOTIFF\\MDT_1464180.tif","SHRT_FNAME":"MDT_1464180.tif","UPPER_LEFT_X":"496963.474","UPPER_LEFT_Y":"9183877.945","LOWER_RIGHT_X":"497965.474","LOWER_RIGHT_Y":"9182875.945"},"geometry":{"type":"Polygon","coordinates":[[[-63.027515117151744,-7.383302347256734],[-63.018435613303602,-7.383302814325192],[-63.018435988964846,-7.392366717102417],[-63.027515677825377,-7.392366249454418],[-63.027515117151744,-7.383302347256734]]]}},
{"type":"Feature","properties":{"DESCRIPTION":"MDT_1464181.tif","FILENAME":"U:\\P589_AmazoniaRevelada_BR-319\\LiDAR_dataset\\ENTREGAS\\ENTREGA_03\\2_MDT\\GEOTIFF\\MDT_1464181.tif","SHRT_FNAME":"MDT_1464181.tif","UPPER_LEFT_X":"497963.570","UPPER_LEFT_Y":"9183877.945","LOWER_RIGHT_X":"498965.570","LOWER_RIGHT_Y":"9182875.945"},"geometry":{"type":"Polygon","coordinates":[[[-63.01845287341952,-7.383302813612405],[-63.009373369098448,-7.383303096453634],[-63.009373560098965,-7.392366999580922],[-63.018453249432483,-7.392366716388743],[-63.01845287341952,-7.383302813612405]]]}},
{"type":"Feature","properties":{"DESCRIPTION":"MDT_1464182.tif","FILENAME":"U:\\P589_AmazoniaRevelada_BR-319\\LiDAR_dataset\\ENTREGAS\\ENTREGA_03\\2_MDT\\GEOTIFF\\MDT_1464182.tif","SHRT_FNAME":"MDT_1464182.tif","UPPER_LEFT_X":"498963.665","UPPER_LEFT_Y":"9183877.945","LOWER_RIGHT_X":"499965.665","LOWER_RIGHT_Y":"9182875.945"},"geometry":{"type":"Polygon","coordinates":[[[-63.009390629215055,-7.383303096091059],[-63.0003111246534,-7.383303194705025],[-63.000311130993161,-7.392367097954224],[-63.009390820567276,-7.3923669992179],[-63.009390629215055,-7.383303096091059]]]}},
{"type":"Feature","properties":{"DESCRIPTION":"MDT_1464183.tif","FILENAME":"U:\\P589_AmazoniaRevelada_BR-319\\LiDAR_dataset\\ENTREGAS\\ENTREGA_03\\2_MDT\\GEOTIFF\\MDT_1464183.tif","SHRT_FNAME":"MDT_1464183.tif","UPPER_LEFT_X":"499963.760","UPPER_LEFT_Y":"9183877.945","LOWER_RIGHT_X":"500965.760","LOWER_RIGHT_Y":"9182875.945"},"geometry":{"type":"Polygon","coordinates":[[[-63.000328384770235,-7.383303194692669],[-62.991248880200388,-7.383303109079355],[-62.9912487018794,-7.392367012222309],[-63.000328391461714,-7.392367097941853],[-63.000328384770235,-7.383303194692669]]]}},
{"type":"Feature","properties":{"DESCRIPTION":"MDT_1464184.tif","FILENAME":"U:\\P589_AmazoniaRevelada_BR-319\\LiDAR_dataset\\ENTREGAS\\ENTREGA_03\\2_MDT\\GEOTIFF\\MDT_1464184.tif","SHRT_FNAME":"MDT_1464184.tif","UPPER_LEFT_X":"500963.855","UPPER_LEFT_Y":"9183877.945","LOWER_RIGHT_X":"501965.855","LOWER_RIGHT_Y":"9182875.945"},"geometry":{"type":"Polygon","coordinates":[[[-62.991266140317023,-7.383303109417215],[-62.982186635971338,-7.383302839576634],[-62.982186272989637,-7.392366742385188],[-62.991265962347747,-7.392367012560586],[-62.991266140317023,-7.383303109417215]]]}},
{"type":"Feature","properties":{"DESCRIPTION":"MDT_1464185.tif","FILENAME":"U:\\P589_AmazoniaRevelada_BR-319\\LiDAR_dataset\\ENTREGAS\\ENTREGA_03\\2_MDT\\GEOTIFF\\MDT_1464185.tif","SHRT_FNAME":"MDT_1464185.tif","UPPER_LEFT_X":"501963.950","UPPER_LEFT_Y":"9183877.945","LOWER_RIGHT_X":"502965.950","LOWER_RIGHT_Y":"9182875.945"},"geometry":{"type":"Polygon","coordinates":[[[-62.982203896087334,-7.383302840264708],[-62.973124392198194,-7.383302386196895],[-62.973123844555801,-7.392366288442894],[-62.982203533457337,-7.392366743074117],[-62.982203896087334,-7.383302840264708]]]}},
{"type":"Feature","properties":{"DESCRIPTION":"MDT_1464186.tif","FILENAME":"U:\\P589_AmazoniaRevelada_BR-319\\LiDAR_dataset\\ENTREGAS\\ENTREGA_03\\2_MDT\\GEOTIFF\\MDT_1464186.tif","SHRT_FNAME":"MDT_1464186.tif","UPPER_LEFT_X":"502964.046","UPPER_LEFT_Y":"9183877.945","LOWER_RIGHT_X":"503966.046","LOWER_RIGHT_Y":"9182875.945"},"geometry":{"type":"Polygon","coordinates":[[[-62.973141652313096,-7.383302387235186],[-62.964062149112856,-7.383301748940196],[-62.964061416809848,-7.392365650395487],[-62.973141105022407,-7.392366289482474],[-62.973141652313096,-7.383302387235186]]]}},
{"type":"Feature","properties":{"DESCRIPTION":"MDT_1464187.tif","FILENAME":"U:\\P589_AmazoniaRevelada_BR-319\\LiDAR_dataset\\ENTREGAS\\ENTREGA_03\\2_MDT\\GEOTIFF\\MDT_1464187.tif","SHRT_FNAME":"MDT_1464187.tif","UPPER_LEFT_X":"503964.141","UPPER_LEFT_Y":"9183877.945","LOWER_RIGHT_X":"504966.141","LOWER_RIGHT_Y":"9182875.945"},"geometry":{"type":"Polygon","coordinates":[[[-62.96407940922623,-7.3833017503287],[-62.954999906947279,-7.383300927806613],[-62.954998989983736,-7.392364828243037],[-62.964078677274927,-7.392365651785713],[-62.96407940922623,-7.3833017503287]]]}},
{"type":"Feature","properties":{"DESCRIPTION":"MDT_1464188.tif","FILENAME":"U:\\P589_AmazoniaRevelada_BR-319\\LiDAR_dataset\\ENTREGAS\\ENTREGA_03\\2_MDT\\GEOTIFF\\MDT_1464188.tif","SHRT_FNAME":"MDT_1464188.tif","UPPER_LEFT_X":"504964.236","UPPER_LEFT_Y":"9183877.945","LOWER_RIGHT_X":"505966.236","LOWER_RIGHT_Y":"9182875.945"},"geometry":{"type":"Polygon","coordinates":[[[-62.955017167058664,-7.383300929545335],[-62.945937665933364,-7.383299922796253],[-62.94593656430942,-7.392363821985658],[-62.955016250446839,-7.392364829983918],[-62.955017167058664,-7.383300929545335]]]}},
{"type":"Feature","properties":{"DESCRIPTION":"MDT_1464189.tif","FILENAME":"U:\\P589_AmazoniaRevelada_BR-319\\LiDAR_dataset\\ENTREGAS\\ENTREGA_03\\2_MDT\\GEOTIFF\\MDT_1464189.tif","SHRT_FNAME":"MDT_1464189.tif","UPPER_LEFT_X":"505964.331","UPPER_LEFT_Y":"9183877.945","LOWER_RIGHT_X":"506966.331","LOWER_RIGHT_Y":"9182875.945"},"geometry":{"type":"Polygon","coordinates":[[[-62.945954926042347,-7.383299924885187],[-62.93687542630304,-7.383298733909237],[-62.93687414001883,-7.392362631623468],[-62.945953824770108,-7.392363824077186],[-62.945954926042347,-7.383299924885187]]]}},
{"type":"Feature","properties":{"DESCRIPTION":"MDT_1464190.tif","FILENAME":"U:\\P589_AmazoniaRevelada_BR-319\\LiDAR_dataset\\ENTREGAS\\ENTREGA_03\\2_MDT\\GEOTIFF\\MDT_1464190.tif","SHRT_FNAME":"MDT_1464190.tif","UPPER_LEFT_X":"506964.426","UPPER_LEFT_Y":"9183877.945","LOWER_RIGHT_X":"507966.426","LOWER_RIGHT_Y":"9182875.945"},"geometry":{"type":"Polygon","coordinates":[[[-62.936892686409173,-7.383298736348386],[-62.927813188288248,-7.383297361145713],[-62.927811717343928,-7.392361257156618],[-62.936891400476668,-7.392362634065645],[-62.936892686409173,-7.383298736348386]]]}},
{"type":"Feature","properties":{"DESCRIPTION":"MDT_1464191.tif","FILENAME":"U:\\P589_AmazoniaRevelada_BR-319\\LiDAR_dataset\\ENTREGAS\\ENTREGA_03\\2_MDT\\GEOTIFF\\MDT_1464191.tif","SHRT_FNAME":"MDT_1464191.tif","UPPER_LEFT_X":"507964.522","UPPER_LEFT_Y":"9183877.945","LOWER_RIGHT_X":"508966.522","LOWER_RIGHT_Y":"9182875.945"},"geometry":{"type":"Polygon","coordinates":[[[-62.927830448391084,-7.383297363935079],[-62.918750952120909,-7.383295804505855],[-62.918749296516673,-7.392359698585275],[-62.927828977798477,-7.392361259949441],[-62.927830448391084,-7.383297363935079]]]}},
{"type":"Feature","properties":{"DESCRIPTION":"MDT_1464192.tif","FILENAME":"U:\\P589_AmazoniaRevelada_BR-319\\LiDAR_dataset\\ENTREGAS\\ENTREGA_03\\2_MDT\\GEOTIFF\\MDT_1464192.tif","SHRT_FNAME":"MDT_1464192.tif","UPPER_LEFT_X":"508964.617","UPPER_LEFT_Y":"9183877.945","LOWER_RIGHT_X":"509966.617","LOWER_RIGHT_Y":"9182875.945"},"geometry":{"type":"Polygon","coordinates":[[[-62.918768212220009,-7.383295807645435],[-62.90968871803296,-7.383294063989852],[-62.909686877768998,-7.392357955909636],[-62.918766556967476,-7.392359701728747],[-62.918768212220009,-7.383295807645435]]]}},
{"type":"Feature","properties":{"DESCRIPTION":"MDT_1464193.tif","FILENAME":"U:\\P589_AmazoniaRevelada_BR-319\\LiDAR_dataset\\ENTREGAS\\ENTREGA_03\\2_MDT\\GEOTIFF\\MDT_1464193.tif","SHRT_FNAME":"MDT_1464193.tif","UPPER_LEFT_X":"509964.712","UPPER_LEFT_Y":"9183877.945","LOWER_RIGHT_X":"510966.712","LOWER_RIGHT_Y":"9182875.945"},"geometry":{"type":"Polygon","coordinates":[[[-62.90970597812786,-7.383294067479646],[-62.900626486256307,-7.383292139597927],[-62.90062446133286,-7.392356029129919],[-62.909704138215616,-7.392357959403759],[-62.90970597812786,-7.383294067479646]]]}}
]
}
