{
"type": "FeatureCollection",
"name": "ENTREGA_07_LIMITE_FICHEIROS",
"crs": { "type": "name", "properties": { "name": "urn:ogc:def:crs:OGC:1.3:CRS84" } },
"features": [
{"type":"Feature","properties":{"DESCRIPTION":"MDT_1404242.tif","FILENAME":"U:\\P589_AmazoniaRevelada_BR-319\\LiDAR_dataset\\ENTREGAS\\ENTREGA_07\\2_MDT\\GEOTIFF\\MDT_1404242.tif","SHRT_FNAME":"MDT_1404242.tif","UPPER_LEFT_X":"558969.377","UPPER_LEFT_Y":"9243870.455","LOWER_RIGHT_X":"559971.377","LOWER_RIGHT_Y":"9242868.455"},"geometry":{"type":"Polygon","coordinates":[[[-62.466290781205899,-6.840319801432733],[-62.45722233802887,-6.840309660062193],[-62.457212098961094,-6.849373366014562],[-62.466280713187118,-6.849383520946565],[-62.466290781205899,-6.840319801432733]]]}},
{"type":"Feature","properties":{"DESCRIPTION":"MDT_1404241.tif","FILENAME":"U:\\P589_AmazoniaRevelada_BR-319\\LiDAR_dataset\\ENTREGAS\\ENTREGA_07\\2_MDT\\GEOTIFF\\MDT_1404241.tif","SHRT_FNAME":"MDT_1404241.tif","UPPER_LEFT_X":"557969.282","UPPER_LEFT_Y":"9243870.455","LOWER_RIGHT_X":"558971.282","LOWER_RIGHT_Y":"9242868.455"},"geometry":{"type":"Polygon","coordinates":[[[-62.475341997089195,-6.840329753164659],[-62.46627354029043,-6.84031978231408],[-62.466263471946441,-6.849383501802343],[-62.475332099795445,-6.849393485986361],[-62.475341997089195,-6.840329753164659]]]}},
{"type":"Feature","properties":{"DESCRIPTION":"MDT_1404240.tif","FILENAME":"U:\\P589_AmazoniaRevelada_BR-319\\LiDAR_dataset\\ENTREGAS\\ENTREGA_07\\2_MDT\\GEOTIFF\\MDT_1404240.tif","SHRT_FNAME":"MDT_1404240.tif","UPPER_LEFT_X":"556968.712","UPPER_LEFT_Y":"9243870.455","LOWER_RIGHT_X":"557971.712","LOWER_RIGHT_Y":"9242868.455"},"geometry":{"type":"Polygon","coordinates":[[[-62.484397525266161,-6.840339539304933],[-62.475320004707577,-6.840329729190516],[-62.475310106999011,-6.849393461980156],[-62.484387798779821,-6.849403285213067],[-62.484397525266161,-6.840339539304933]]]}},
{"type":"Feature","properties":{"DESCRIPTION":"MDT_1404239.tif","FILENAME":"U:\\P589_AmazoniaRevelada_BR-319\\LiDAR_dataset\\ENTREGAS\\ENTREGA_07\\2_MDT\\GEOTIFF\\MDT_1404239.tif","SHRT_FNAME":"MDT_1404239.tif","UPPER_LEFT_X":"555968.712","UPPER_LEFT_Y":"9243870.455","LOWER_RIGHT_X":"556971.212","LOWER_RIGHT_Y":"9242868.455"},"geometry":{"type":"Polygon","coordinates":[[[-62.493447907868251,-6.840349149655898],[-62.484374899326021,-6.840339515065817],[-62.484365172412893,-6.849403260941537],[-62.493438352093207,-6.849412908415394],[-62.493447907868251,-6.840349149655898]]]}},
{"type":"Feature","properties":{"DESCRIPTION":"MDT_1404238.tif","FILENAME":"U:\\P589_AmazoniaRevelada_BR-319\\LiDAR_dataset\\ENTREGAS\\ENTREGA_07\\2_MDT\\GEOTIFF\\MDT_1404238.tif","SHRT_FNAME":"MDT_1404238.tif","UPPER_LEFT_X":"554968.712","UPPER_LEFT_Y":"9243870.455","LOWER_RIGHT_X":"555971.212","LOWER_RIGHT_Y":"9242868.455"},"geometry":{"type":"Polygon","coordinates":[[[-62.502498303371773,-6.840358589839784],[-62.493425281895561,-6.840349125842198],[-62.493415725693723,-6.849412884569849],[-62.502488918309211,-6.849422361223088],[-62.502498303371773,-6.840358589839784]]]}},
{"type":"Feature","properties":{"DESCRIPTION":"MDT_1404237.tif","FILENAME":"U:\\P589_AmazoniaRevelada_BR-319\\LiDAR_dataset\\ENTREGAS\\ENTREGA_07\\2_MDT\\GEOTIFF\\MDT_1404237.tif","SHRT_FNAME":"MDT_1404237.tif","UPPER_LEFT_X":"553968.712","UPPER_LEFT_Y":"9243870.455","LOWER_RIGHT_X":"554971.212","LOWER_RIGHT_Y":"9242868.455"},"geometry":{"type":"Polygon","coordinates":[[[-62.511548711546247,-6.840367859855419],[-62.502475677367116,-6.840358566451504],[-62.502466291877774,-6.849422337803531],[-62.511539497197354,-6.849431643634972],[-62.511548711546247,-6.840367859855419]]]}},
{"type":"Feature","properties":{"DESCRIPTION":"MDT_1404236.tif","FILENAME":"U:\\P589_AmazoniaRevelada_BR-319\\LiDAR_dataset\\ENTREGAS\\ENTREGA_07\\2_MDT\\GEOTIFF\\MDT_1404236.tif","SHRT_FNAME":"MDT_1404236.tif","UPPER_LEFT_X":"552968.712","UPPER_LEFT_Y":"9243870.455","LOWER_RIGHT_X":"553971.212","LOWER_RIGHT_Y":"9242868.455"},"geometry":{"type":"Polygon","coordinates":[[[-62.520599132161188,-6.840376959701646],[-62.511526085510198,-6.840367836892558],[-62.511516870734518,-6.849431620641406],[-62.520590088527122,-6.849440755649895],[-62.520599132161188,-6.840376959701646]]]}},
{"type":"Feature","properties":{"DESCRIPTION":"MDT_1404235.tif","FILENAME":"U:\\P589_AmazoniaRevelada_BR-319\\LiDAR_dataset\\ENTREGAS\\ENTREGA_07\\2_MDT\\GEOTIFF\\MDT_1404235.tif","SHRT_FNAME":"MDT_1404235.tif","UPPER_LEFT_X":"551968.212","UPPER_LEFT_Y":"9243870.455","LOWER_RIGHT_X":"552971.212","LOWER_RIGHT_Y":"9242868.455"},"geometry":{"type":"Polygon","coordinates":[[[-62.52965409020554,-6.840385893799615],[-62.520576506094329,-6.840376937164212],[-62.520567462033476,-6.849440733082323],[-62.529645217372796,-6.849449701694913],[-62.52965409020554,-6.840385893799615]]]}},
{"type":"Feature","properties":{"DESCRIPTION":"MDT_1404234.tif","FILENAME":"U:\\P589_AmazoniaRevelada_BR-319\\LiDAR_dataset\\ENTREGAS\\ENTREGA_07\\2_MDT\\GEOTIFF\\MDT_1404234.tif","SHRT_FNAME":"MDT_1404234.tif","UPPER_LEFT_X":"550968.212","UPPER_LEFT_Y":"9243870.455","LOWER_RIGHT_X":"551970.712","LOWER_RIGHT_Y":"9242868.455"},"geometry":{"type":"Polygon","coordinates":[[[-62.538704535015903,-6.84039465321858],[-62.529631464108427,-6.84038587168782],[-62.529622590848895,-6.849449679553552],[-62.538695832900224,-6.849458472827342],[-62.538704535015903,-6.84039465321858]]]}},
{"type":"Feature","properties":{"DESCRIPTION":"MDT_1404233.tif","FILENAME":"U:\\P589_AmazoniaRevelada_BR-319\\LiDAR_dataset\\ENTREGAS\\ENTREGA_07\\2_MDT\\GEOTIFF\\MDT_1404233.tif","SHRT_FNAME":"MDT_1404233.tif","UPPER_LEFT_X":"549968.212","UPPER_LEFT_Y":"9243870.455","LOWER_RIGHT_X":"550970.712","LOWER_RIGHT_Y":"9242868.455"},"geometry":{"type":"Polygon","coordinates":[[[-62.547754991575161,-6.840403242464815],[-62.538681908889139,-6.840394631532217],[-62.538673206346651,-6.849458451111978],[-62.547746460177635,-6.849467073559476],[-62.547754991575161,-6.840403242464815]]]}},
{"type":"Feature","properties":{"DESCRIPTION":"MDT_1404232.tif","FILENAME":"U:\\P589_AmazoniaRevelada_BR-319\\LiDAR_dataset\\ENTREGAS\\ENTREGA_07\\2_MDT\\GEOTIFF\\MDT_1404232.tif","SHRT_FNAME":"MDT_1404232.tif","UPPER_LEFT_X":"548968.212","UPPER_LEFT_Y":"9243870.455","LOWER_RIGHT_X":"549970.712","LOWER_RIGHT_Y":"9242868.455"},"geometry":{"type":"Polygon","coordinates":[[[-62.556805459652821,-6.84041166153725],[-62.5477323654193,-6.840403221203883],[-62.547723833594979,-6.849467052270115],[-62.556797098974521,-6.84947550389025],[-62.556805459652821,-6.84041166153725]]]}},
{"type":"Feature","properties":{"DESCRIPTION":"MDT_1404231.tif","FILENAME":"U:\\P589_AmazoniaRevelada_BR-319\\LiDAR_dataset\\ENTREGAS\\ENTREGA_07\\2_MDT\\GEOTIFF\\MDT_1404231.tif","SHRT_FNAME":"MDT_1404231.tif","UPPER_LEFT_X":"547968.212","UPPER_LEFT_Y":"9243870.455","LOWER_RIGHT_X":"548970.712","LOWER_RIGHT_Y":"9242868.455"},"geometry":{"type":"Polygon","coordinates":[[[-62.565855939018398,-6.840419910434843],[-62.556782833468461,-6.840411640701756],[-62.556774472363358,-6.849475483026893],[-62.565847749060374,-6.849483763818615],[-62.565855939018398,-6.840419910434843]]]}},
{"type":"Feature","properties":{"DESCRIPTION":"MDT_1404230.tif","FILENAME":"U:\\P589_AmazoniaRevelada_BR-319\\LiDAR_dataset\\ENTREGAS\\ENTREGA_07\\2_MDT\\GEOTIFF\\MDT_1404230.tif","SHRT_FNAME":"MDT_1404230.tif","UPPER_LEFT_X":"546968.212","UPPER_LEFT_Y":"9243870.455","LOWER_RIGHT_X":"547970.712","LOWER_RIGHT_Y":"9242868.455"},"geometry":{"type":"Polygon","coordinates":[[[-62.574906429441405,-6.840427989156567],[-62.565833312806106,-6.840419890024788],[-62.565825122421273,-6.849483743381266],[-62.574898410204682,-6.849491853343546],[-62.574906429441405,-6.840427989156567]]]}},
{"type":"Feature","properties":{"DESCRIPTION":"MDT_1404229.tif","FILENAME":"U:\\P589_AmazoniaRevelada_BR-319\\LiDAR_dataset\\ENTREGAS\\ENTREGA_07\\2_MDT\\GEOTIFF\\MDT_1404229.tif","SHRT_FNAME":"MDT_1404229.tif","UPPER_LEFT_X":"545967.712","UPPER_LEFT_Y":"9243870.455","LOWER_RIGHT_X":"546970.712","LOWER_RIGHT_Y":"9242868.455"},"geometry":{"type":"Polygon","coordinates":[[[-62.583961455944639,-6.840435901613128],[-62.574883803201757,-6.840427969171953],[-62.574875783538225,-6.849491833332206],[-62.583953607515582,-6.849499776380977],[-62.583961455944639,-6.840435901613128]]]}},
{"type":"Feature","properties":{"DESCRIPTION":"MDT_1404228.tif","FILENAME":"U:\\P589_AmazoniaRevelada_BR-319\\LiDAR_dataset\\ENTREGAS\\ENTREGA_07\\2_MDT\\GEOTIFF\\MDT_1404228.tif","SHRT_FNAME":"MDT_1404228.tif","UPPER_LEFT_X":"544967.712","UPPER_LEFT_Y":"9243870.455","LOWER_RIGHT_X":"545970.212","LOWER_RIGHT_Y":"9242868.455"},"geometry":{"type":"Polygon","coordinates":[[[-62.593011967796251,-6.84044363989504],[-62.583938829678196,-6.84043588205417],[-62.583930980822323,-6.849499756795862],[-62.593004290090484,-6.849507525010845],[-62.593011967796251,-6.84044363989504]]]}},
{"type":"Feature","properties":{"DESCRIPTION":"MDT_1404227.tif","FILENAME":"U:\\P589_AmazoniaRevelada_BR-319\\LiDAR_dataset\\ENTREGAS\\ENTREGA_07\\2_MDT\\GEOTIFF\\MDT_1404227.tif","SHRT_FNAME":"MDT_1404227.tif","UPPER_LEFT_X":"543967.712","UPPER_LEFT_Y":"9243870.455","LOWER_RIGHT_X":"544970.212","LOWER_RIGHT_Y":"9242868.455"},"geometry":{"type":"Polygon","coordinates":[[[-62.602062490013694,-6.840451207998135],[-62.59298934150361,-6.840443620761526],[-62.59298166337102,-6.849507505851745],[-62.602054983032168,-6.849515103234327],[-62.602062490013694,-6.840451207998135]]]}},
{"type":"Feature","properties":{"DESCRIPTION":"MDT_1404226.tif","FILENAME":"U:\\P589_AmazoniaRevelada_BR-319\\LiDAR_dataset\\ENTREGAS\\ENTREGA_07\\2_MDT\\GEOTIFF\\MDT_1404226.tif","SHRT_FNAME":"MDT_1404226.tif","UPPER_LEFT_X":"542967.712","UPPER_LEFT_Y":"9243870.455","LOWER_RIGHT_X":"543970.212","LOWER_RIGHT_Y":"9242868.455"},"geometry":{"type":"Polygon","coordinates":[[[-62.61111302236646,-6.840458605921476],[-62.602039863695417,-6.840451189290071],[-62.602032356287076,-6.849515084501245],[-62.611105686110122,-6.849522511050485],[-62.61111302236646,-6.840458605921476]]]}},
{"type":"Feature","properties":{"DESCRIPTION":"MDT_1404225.tif","FILENAME":"U:\\P589_AmazoniaRevelada_BR-319\\LiDAR_dataset\\ENTREGAS\\ENTREGA_07\\2_MDT\\GEOTIFF\\MDT_1404225.tif","SHRT_FNAME":"MDT_1404225.tif","UPPER_LEFT_X":"541967.712","UPPER_LEFT_Y":"9243870.455","LOWER_RIGHT_X":"542970.212","LOWER_RIGHT_Y":"9242868.455"},"geometry":{"type":"Polygon","coordinates":[[[-62.620163564624058,-6.840465833664145],[-62.611090396023137,-6.840458587638862],[-62.611083059339983,-6.849522492743422],[-62.62015639909383,-6.849529748458394],[-62.620163564624058,-6.840465833664145]]]}},
{"type":"Feature","properties":{"DESCRIPTION":"MDT_1404224.tif","FILENAME":"U:\\P589_AmazoniaRevelada_BR-319\\LiDAR_dataset\\ENTREGAS\\ENTREGA_07\\2_MDT\\GEOTIFF\\MDT_1404224.tif","SHRT_FNAME":"MDT_1404224.tif","UPPER_LEFT_X":"540967.212","UPPER_LEFT_Y":"9243870.455","LOWER_RIGHT_X":"541970.212","LOWER_RIGHT_Y":"9242868.455"},"geometry":{"type":"Polygon","coordinates":[[[-62.629218641834314,-6.840472894711454],[-62.620140938256242,-6.840465815806983],[-62.620133772299212,-6.849529730577355],[-62.629211647116463,-6.849536818948039],[-62.629218641834314,-6.840472894711454]]]}},
{"type":"Feature","properties":{"DESCRIPTION":"MDT_1404223.tif","FILENAME":"U:\\P589_AmazoniaRevelada_BR-319\\LiDAR_dataset\\ENTREGAS\\ENTREGA_07\\2_MDT\\GEOTIFF\\MDT_1404223.tif","SHRT_FNAME":"MDT_1404223.tif","UPPER_LEFT_X":"539967.212","UPPER_LEFT_Y":"9243870.455","LOWER_RIGHT_X":"540969.712","LOWER_RIGHT_Y":"9242868.455"},"geometry":{"type":"Polygon","coordinates":[[[-62.638269203214733,-6.840479782005013],[-62.629196015442609,-6.84047287727996],[-62.629189020297943,-6.849536801493232],[-62.63826237922477,-6.849543715451576],[-62.638269203214733,-6.840479782005013]]]}},
{"type":"Feature","properties":{"DESCRIPTION":"MDT_1404222.tif","FILENAME":"U:\\P589_AmazoniaRevelada_BR-319\\LiDAR_dataset\\ENTREGAS\\ENTREGA_07\\2_MDT\\GEOTIFF\\MDT_1404222.tif","SHRT_FNAME":"MDT_1404222.tif","UPPER_LEFT_X":"538967.212","UPPER_LEFT_Y":"9243870.455","LOWER_RIGHT_X":"539969.712","LOWER_RIGHT_Y":"9242868.455"},"geometry":{"type":"Polygon","coordinates":[[[-62.647319773808348,-6.840486499115268],[-62.638246576799709,-6.840479764998975],[-62.638239752382908,-6.849543698422797],[-62.647313120547125,-6.849550441544236],[-62.647319773808348,-6.840486499115268]]]}},
{"type":"Feature","properties":{"DESCRIPTION":"MDT_1404221.tif","FILENAME":"U:\\P589_AmazoniaRevelada_BR-319\\LiDAR_dataset\\ENTREGAS\\ENTREGA_07\\2_MDT\\GEOTIFF\\MDT_1404221.tif","SHRT_FNAME":"MDT_1404221.tif","UPPER_LEFT_X":"537967.212","UPPER_LEFT_Y":"9243870.455","LOWER_RIGHT_X":"538969.712","LOWER_RIGHT_Y":"9242868.455"},"geometry":{"type":"Polygon","coordinates":[[[-62.656370353384681,-6.840493046041384],[-62.64729714737058,-6.840486482534689],[-62.647290493682526,-6.849550424941485],[-62.656363870853028,-6.84955699722518],[-62.656370353384681,-6.840493046041384]]]}},
{"type":"Feature","properties":{"DESCRIPTION":"MDT_1404220.tif","FILENAME":"U:\\P589_AmazoniaRevelada_BR-319\\LiDAR_dataset\\ENTREGAS\\ENTREGA_07\\2_MDT\\GEOTIFF\\MDT_1404220.tif","SHRT_FNAME":"MDT_1404220.tif","UPPER_LEFT_X":"536967.212","UPPER_LEFT_Y":"9243870.455","LOWER_RIGHT_X":"537969.712","LOWER_RIGHT_Y":"9242868.455"},"geometry":{"type":"Polygon","coordinates":[[[-62.665420941713215,-6.840499422782552],[-62.656347726924736,-6.840493029886268],[-62.656341243966246,-6.849556981048461],[-62.665414629911936,-6.849563382493595],[-62.665420941713215,-6.840499422782552]]]}},
{"type":"Feature","properties":{"DESCRIPTION":"MDT_1404219.tif","FILENAME":"U:\\P589_AmazoniaRevelada_BR-319\\LiDAR_dataset\\ENTREGAS\\ENTREGA_07\\2_MDT\\GEOTIFF\\MDT_1404219.tif","SHRT_FNAME":"MDT_1404219.tif","UPPER_LEFT_X":"535966.712","UPPER_LEFT_Y":"9243870.455","LOWER_RIGHT_X":"536969.712","LOWER_RIGHT_Y":"9242868.455"},"geometry":{"type":"Polygon","coordinates":[[[-62.674476063863942,-6.840505632398685],[-62.665398315231663,-6.840499407052897],[-62.665392003003568,-6.849563366742909],[-62.674469922879219,-6.849569600413492],[-62.674476063863942,-6.840505632398685]]]}},
{"type":"Feature","properties":{"DESCRIPTION":"MDT_1404218.tif","FILENAME":"U:\\P589_AmazoniaRevelada_BR-319\\LiDAR_dataset\\ENTREGAS\\ENTREGA_07\\2_MDT\\GEOTIFF\\MDT_1404218.tif","SHRT_FNAME":"MDT_1404218.tif","UPPER_LEFT_X":"534966.712","UPPER_LEFT_Y":"9243870.455","LOWER_RIGHT_X":"535969.212","LOWER_RIGHT_Y":"9242868.455"},"geometry":{"type":"Polygon","coordinates":[[[-62.683526669009439,-6.840511668682503],[-62.674453437361379,-6.84050561709471],[-62.674447295949818,-6.849569585089052],[-62.683520698756652,-6.849575644769285],[-62.683526669009439,-6.840511668682503]]]}},
{"type":"Feature","properties":{"DESCRIPTION":"MDT_1404217.tif","FILENAME":"U:\\P589_AmazoniaRevelada_BR-319\\LiDAR_dataset\\ENTREGAS\\ENTREGA_07\\2_MDT\\GEOTIFF\\MDT_1404217.tif","SHRT_FNAME":"MDT_1404217.tif","UPPER_LEFT_X":"533966.712","UPPER_LEFT_Y":"9243870.455","LOWER_RIGHT_X":"534969.212","LOWER_RIGHT_Y":"9242868.455"},"geometry":{"type":"Polygon","coordinates":[[[-62.692577282215495,-6.840517534779057],[-62.683504042486426,-6.840511653803994],[-62.68349807180681,-6.84957562987088],[-62.692571482695399,-6.849581518710233],[-62.692577282215495,-6.840517534779057]]]}},
{"type":"Feature","properties":{"DESCRIPTION":"MDT_1404216.tif","FILENAME":"U:\\P589_AmazoniaRevelada_BR-319\\LiDAR_dataset\\ENTREGAS\\ENTREGA_07\\2_MDT\\GEOTIFF\\MDT_1404216.tif","SHRT_FNAME":"MDT_1404216.tif","UPPER_LEFT_X":"532966.712","UPPER_LEFT_Y":"9243870.455","LOWER_RIGHT_X":"533969.212","LOWER_RIGHT_Y":"9242868.455"},"geometry":{"type":"Polygon","coordinates":[[[-62.701627903251605,-6.840523230687619],[-62.692554655672623,-6.840517520326017],[-62.692548855725697,-6.849581504237866],[-62.701622274464931,-6.849587222235606],[-62.701627903251605,-6.840523230687619]]]}},
{"type":"Feature","properties":{"DESCRIPTION":"MDT_1404215.tif","FILENAME":"U:\\P589_AmazoniaRevelada_BR-319\\LiDAR_dataset\\ENTREGAS\\ENTREGA_07\\2_MDT\\GEOTIFF\\MDT_1404215.tif","SHRT_FNAME":"MDT_1404215.tif","UPPER_LEFT_X":"531966.712","UPPER_LEFT_Y":"9243870.455","LOWER_RIGHT_X":"532969.212","LOWER_RIGHT_Y":"9242868.455"},"geometry":{"type":"Polygon","coordinates":[[[-62.710678531887268,-6.840528756407481],[-62.701605276689442,-6.840523216660051],[-62.701599647475945,-6.849587208189281],[-62.710673073834712,-6.849592755344697],[-62.710678531887268,-6.840528756407481]]]}},
{"type":"Feature","properties":{"DESCRIPTION":"MDT_1404214.tif","FILENAME":"U:\\P589_AmazoniaRevelada_BR-319\\LiDAR_dataset\\ENTREGAS\\ENTREGA_07\\2_MDT\\GEOTIFF\\MDT_1404214.tif","SHRT_FNAME":"MDT_1404214.tif","UPPER_LEFT_X":"530966.212","UPPER_LEFT_Y":"9243870.455","LOWER_RIGHT_X":"531969.212","LOWER_RIGHT_Y":"9242868.455"},"geometry":{"type":"Polygon","coordinates":[[[-62.719733693211744,-6.840534114573155],[-62.710655905306382,-6.840528742805387],[-62.710650446826996,-6.849592741724415],[-62.719728405979382,-6.849598120675539],[-62.719733693211744,-6.840534114573155]]]}},
{"type":"Feature","properties":{"DESCRIPTION":"MDT_1404213.tif","FILENAME":"U:\\P589_AmazoniaRevelada_BR-319\\LiDAR_dataset\\ENTREGAS\\ENTREGA_07\\2_MDT\\GEOTIFF\\MDT_1404213.tif","SHRT_FNAME":"MDT_1404213.tif","UPPER_LEFT_X":"529966.212","UPPER_LEFT_Y":"9243870.455","LOWER_RIGHT_X":"530968.712","LOWER_RIGHT_Y":"9242868.455"},"geometry":{"type":"Polygon","coordinates":[[[-62.728784336358473,-6.840539299828488],[-62.719711066612732,-6.840534101396749],[-62.719705778953525,-6.849598107481512],[-62.728779219861565,-6.849603312864817],[-62.728784336358473,-6.840539299828488]]]}},
{"type":"Feature","properties":{"DESCRIPTION":"MDT_1404212.tif","FILENAME":"U:\\P589_AmazoniaRevelada_BR-319\\LiDAR_dataset\\ENTREGAS\\ENTREGA_07\\2_MDT\\GEOTIFF\\MDT_1404212.tif","SHRT_FNAME":"MDT_1404212.tif","UPPER_LEFT_X":"528966.212","UPPER_LEFT_Y":"9243870.455","LOWER_RIGHT_X":"529968.712","LOWER_RIGHT_Y":"9242868.455"},"geometry":{"type":"Polygon","coordinates":[[[-62.73783498641307,-6.840544314893125],[-62.728761709741889,-6.840539287077555],[-62.728756592818151,-6.849603300096834],[-62.737830040652284,-6.849608334635811],[-62.73783498641307,-6.840544314893125]]]}},
{"type":"Feature","properties":{"DESCRIPTION":"MDT_1404211.tif","FILENAME":"U:\\P589_AmazoniaRevelada_BR-319\\LiDAR_dataset\\ENTREGAS\\ENTREGA_07\\2_MDT\\GEOTIFF\\MDT_1404211.tif","SHRT_FNAME":"MDT_1404211.tif","UPPER_LEFT_X":"527966.212","UPPER_LEFT_Y":"9243870.455","LOWER_RIGHT_X":"528968.712","LOWER_RIGHT_Y":"9242868.455"},"geometry":{"type":"Polygon","coordinates":[[[-62.746885643145049,-6.840549159766444],[-62.737812359779511,-6.84054430256767],[-62.737807413591881,-6.849608322293876],[-62.746880868120996,-6.849613185987902],[-62.746885643145049,-6.840549159766444]]]}},
{"type":"Feature","properties":{"DESCRIPTION":"MDT_1404210.tif","FILENAME":"U:\\P589_AmazoniaRevelada_BR-319\\LiDAR_dataset\\ENTREGAS\\ENTREGA_07\\2_MDT\\GEOTIFF\\MDT_1404210.tif","SHRT_FNAME":"MDT_1404210.tif","UPPER_LEFT_X":"526966.212","UPPER_LEFT_Y":"9243870.455","LOWER_RIGHT_X":"527968.712","LOWER_RIGHT_Y":"9242868.455"},"geometry":{"type":"Polygon","coordinates":[[[-62.755936306323889,-6.840553834447845],[-62.746863016495084,-6.840549147866468],[-62.746858241044187,-6.849613174072013],[-62.755931702037174,-6.849617866920487],[-62.755936306323889,-6.840553834447845]]]}},
{"type":"Feature","properties":{"DESCRIPTION":"MDT_1404209.tif","FILENAME":"U:\\P589_AmazoniaRevelada_BR-319\\LiDAR_dataset\\ENTREGAS\\ENTREGA_07\\2_MDT\\GEOTIFF\\MDT_1404209.tif","SHRT_FNAME":"MDT_1404209.tif","UPPER_LEFT_X":"525966.212","UPPER_LEFT_Y":"9243870.455","LOWER_RIGHT_X":"526968.712","LOWER_RIGHT_Y":"9242868.455"},"geometry":{"type":"Polygon","coordinates":[[[-62.76498697571909,-6.840558338936743],[-62.7559136796581,-6.840553822973349],[-62.755909074944526,-6.849617855430647],[-62.764982542170273,-6.849622377432982],[-62.76498697571909,-6.840558338936743]]]}},
{"type":"Feature","properties":{"DESCRIPTION":"MDT_1404208.tif","FILENAME":"U:\\P589_AmazoniaRevelada_BR-319\\LiDAR_dataset\\ENTREGAS\\ENTREGA_07\\2_MDT\\GEOTIFF\\MDT_1404208.tif","SHRT_FNAME":"MDT_1404208.tif","UPPER_LEFT_X":"524965.712","UPPER_LEFT_Y":"9243870.455","LOWER_RIGHT_X":"525968.712","LOWER_RIGHT_Y":"9242868.455"},"geometry":{"type":"Polygon","coordinates":[[[-62.774042176439252,-6.840562675357162],[-62.764964349038038,-6.840558327887731],[-62.76495991506237,-6.849622366369193],[-62.77403791371426,-6.849626719652249],[-62.774042176439252,-6.840562675357162]]]}},
{"type":"Feature","properties":{"DESCRIPTION":"MDT_1404207.tif","FILENAME":"U:\\P589_AmazoniaRevelada_BR-319\\LiDAR_dataset\\ENTREGAS\\ENTREGA_07\\2_MDT\\GEOTIFF\\MDT_1404207.tif","SHRT_FNAME":"MDT_1404207.tif","UPPER_LEFT_X":"523965.712","UPPER_LEFT_Y":"9243870.455","LOWER_RIGHT_X":"524968.212","LOWER_RIGHT_Y":"9242868.455"},"geometry":{"type":"Polygon","coordinates":[[[-62.783092857578403,-6.84056683937431],[-62.774019549743521,-6.840562664733847],[-62.774015286591691,-6.849626709014724],[-62.78308876559241,-6.849630889237696],[-62.783092857578403,-6.84056683937431]]]}},
{"type":"Feature","properties":{"DESCRIPTION":"MDT_1404206.tif","FILENAME":"U:\\P589_AmazoniaRevelada_BR-319\\LiDAR_dataset\\ENTREGAS\\ENTREGA_07\\2_MDT\\GEOTIFF\\MDT_1404206.tif","SHRT_FNAME":"MDT_1404206.tif","UPPER_LEFT_X":"522965.712","UPPER_LEFT_Y":"9243870.455","LOWER_RIGHT_X":"523968.212","LOWER_RIGHT_Y":"9242868.455"},"geometry":{"type":"Polygon","coordinates":[[[-62.792143544242229,-6.84057083319734],[-62.783070230868567,-6.840566829176477],[-62.78306613845573,-6.849630879026226],[-62.792139622995748,-6.84963488840144],[-62.792143544242229,-6.84057083319734]]]}},
{"type":"Feature","properties":{"DESCRIPTION":"MDT_1404205.tif","FILENAME":"U:\\P589_AmazoniaRevelada_BR-319\\LiDAR_dataset\\ENTREGAS\\ENTREGA_07\\2_MDT\\GEOTIFF\\MDT_1404205.tif","SHRT_FNAME":"MDT_1404205.tif","UPPER_LEFT_X":"521965.712","UPPER_LEFT_Y":"9243870.455","LOWER_RIGHT_X":"522968.212","LOWER_RIGHT_Y":"9242868.455"},"geometry":{"type":"Polygon","coordinates":[[[-62.801194236200217,-6.84057465682576],[-62.792120917518879,-6.840570823424994],[-62.792116995845547,-6.849634878616023],[-62.801190485693738,-6.849638717142979],[-62.801194236200217,-6.84057465682576]]]}},
{"type":"Feature","properties":{"DESCRIPTION":"MDT_1404204.tif","FILENAME":"U:\\P589_AmazoniaRevelada_BR-319\\LiDAR_dataset\\ENTREGAS\\ENTREGA_07\\2_MDT\\GEOTIFF\\MDT_1404204.tif","SHRT_FNAME":"MDT_1404204.tif","UPPER_LEFT_X":"520965.712","UPPER_LEFT_Y":"9243870.455","LOWER_RIGHT_X":"521968.212","LOWER_RIGHT_Y":"9242868.455"},"geometry":{"type":"Polygon","coordinates":[[[-62.810244933221853,-6.840578310259095],[-62.801171609463914,-6.840574647478901],[-62.801167858530583,-6.849638707783622],[-62.810241353455829,-6.849642375461841],[-62.810244933221853,-6.840578310259095]]]}},
{"type":"Feature","properties":{"DESCRIPTION":"MDT_1404203.tif","FILENAME":"U:\\P589_AmazoniaRevelada_BR-319\\LiDAR_dataset\\ENTREGAS\\ENTREGA_07\\2_MDT\\GEOTIFF\\MDT_1404203.tif","SHRT_FNAME":"MDT_1404203.tif","UPPER_LEFT_X":"519965.212","UPPER_LEFT_Y":"9243870.455","LOWER_RIGHT_X":"520968.212","LOWER_RIGHT_Y":"9242868.455"},"geometry":{"type":"Polygon","coordinates":[[[-62.819300160428682,-6.840581795195938],[-62.810222306473172,-6.840578301337723],[-62.810218726280304,-6.84964236652854],[-62.81929675148897,-6.84964586505889],[-62.819300160428682,-6.840581795195938]]]}},
{"type":"Feature","properties":{"DESCRIPTION":"MDT_1404202.tif","FILENAME":"U:\\P589_AmazoniaRevelada_BR-319\\LiDAR_dataset\\ENTREGAS\\ENTREGA_07\\2_MDT\\GEOTIFF\\MDT_1404202.tif","SHRT_FNAME":"MDT_1404202.tif","UPPER_LEFT_X":"518965.212","UPPER_LEFT_Y":"9243870.455","LOWER_RIGHT_X":"519967.712","LOWER_RIGHT_Y":"9242868.455"},"geometry":{"type":"Polygon","coordinates":[[[-62.828350866888279,-6.840585108152663],[-62.819277533668213,-6.84058178670027],[-62.819274124301643,-6.84964585655186],[-62.828347628689905,-6.849649182445843],[-62.828350866888279,-6.840585108152663]]]}},
{"type":"Feature","properties":{"DESCRIPTION":"MDT_1404201.tif","FILENAME":"U:\\P589_AmazoniaRevelada_BR-319\\LiDAR_dataset\\ENTREGAS\\ENTREGA_07\\2_MDT\\GEOTIFF\\MDT_1404201.tif","SHRT_FNAME":"MDT_1404201.tif","UPPER_LEFT_X":"517965.212","UPPER_LEFT_Y":"9243870.455","LOWER_RIGHT_X":"518967.712","LOWER_RIGHT_Y":"9242868.455"},"geometry":{"type":"Polygon","coordinates":[[[-62.837401577719831,-6.840588250913002],[-62.828328240116576,-6.840585100082484],[-62.828325001491351,-6.849649174364872],[-62.837398510263192,-6.849652329408817],[-62.837401577719831,-6.840588250913002]]]}},
{"type":"Feature","properties":{"DESCRIPTION":"MDT_1404200.tif","FILENAME":"U:\\P589_AmazoniaRevelada_BR-319\\LiDAR_dataset\\ENTREGAS\\ENTREGA_07\\2_MDT\\GEOTIFF\\MDT_1404200.tif","SHRT_FNAME":"MDT_1404200.tif","UPPER_LEFT_X":"516965.212","UPPER_LEFT_Y":"9243870.455","LOWER_RIGHT_X":"517967.712","LOWER_RIGHT_Y":"9242868.455"},"geometry":{"type":"Polygon","coordinates":[[[-62.846452292692824,-6.840591223476569],[-62.837378950937492,-6.840588243268315],[-62.837375883054008,-6.849652321753908],[-62.846449395978318,-6.849655305947424],[-62.846452292692824,-6.840591223476569]]]}},
{"type":"Feature","properties":{"DESCRIPTION":"MDT_1404199.tif","FILENAME":"U:\\P589_AmazoniaRevelada_BR-319\\LiDAR_dataset\\ENTREGAS\\ENTREGA_07\\2_MDT\\GEOTIFF\\MDT_1404199.tif","SHRT_FNAME":"MDT_1404199.tif","UPPER_LEFT_X":"515965.212","UPPER_LEFT_Y":"9243870.455","LOWER_RIGHT_X":"516967.712","LOWER_RIGHT_Y":"9242868.455"},"geometry":{"type":"Polygon","coordinates":[[[-62.855503011576722,-6.840594025842992],[-62.846429665900416,-6.840591216257375],[-62.846426768759059,-6.849655298718575],[-62.855500285604727,-6.849658112061292],[-62.855503011576722,-6.840594025842992]]]}},
{"type":"Feature","properties":{"DESCRIPTION":"MDT_1404198.tif","FILENAME":"U:\\P589_AmazoniaRevelada_BR-319\\LiDAR_dataset\\ENTREGAS\\ENTREGA_07\\2_MDT\\GEOTIFF\\MDT_1404198.tif","SHRT_FNAME":"MDT_1404198.tif","UPPER_LEFT_X":"514964.712","UPPER_LEFT_Y":"9243870.455","LOWER_RIGHT_X":"515967.712","LOWER_RIGHT_Y":"9242868.455"},"geometry":{"type":"Polygon","coordinates":[[[-62.864558259503191,-6.840596659285436],[-62.855480384774829,-6.840594019049289],[-62.855477658375975,-6.849658105258505],[-62.864555704359411,-6.849660749025288],[-62.864558259503191,-6.840596659285436]]]}},
{"type":"Feature","properties":{"DESCRIPTION":"MDT_1404197.tif","FILENAME":"U:\\P589_AmazoniaRevelada_BR-319\\LiDAR_dataset\\ENTREGAS\\ENTREGA_07\\2_MDT\\GEOTIFF\\MDT_1404197.tif","SHRT_FNAME":"MDT_1404197.tif","UPPER_LEFT_X":"513964.712","UPPER_LEFT_Y":"9243870.455","LOWER_RIGHT_X":"514967.212","LOWER_RIGHT_Y":"9242868.455"},"geometry":{"type":"Polygon","coordinates":[[[-62.873608985519027,-6.84059912117145],[-62.864535632692373,-6.840596652917442],[-62.864533077121742,-6.849660742648778],[-62.873606601118404,-6.849663214203441],[-62.873608985519027,-6.84059912117145]]]}},
{"type":"Feature","properties":{"DESCRIPTION":"MDT_1404196.tif","FILENAME":"U:\\P589_AmazoniaRevelada_BR-319\\LiDAR_dataset\\ENTREGAS\\ENTREGA_07\\2_MDT\\GEOTIFF\\MDT_1404196.tif","SHRT_FNAME":"MDT_1404196.tif","UPPER_LEFT_X":"512964.712","UPPER_LEFT_Y":"9243870.455","LOWER_RIGHT_X":"513967.212","LOWER_RIGHT_Y":"9242868.455"},"geometry":{"type":"Polygon","coordinates":[[[-62.882659714754091,-6.84060141285934],[-62.873586358699882,-6.840599115228951],[-62.8735839738724,-6.849663208252996],[-62.882657501096944,-6.849665508955875],[-62.882659714754091,-6.84060141285934]]]}},
{"type":"Feature","properties":{"DESCRIPTION":"MDT_1404195.tif","FILENAME":"U:\\P589_AmazoniaRevelada_BR-319\\LiDAR_dataset\\ENTREGAS\\ENTREGA_07\\2_MDT\\GEOTIFF\\MDT_1404195.tif","SHRT_FNAME":"MDT_1404195.tif","UPPER_LEFT_X":"511964.712","UPPER_LEFT_Y":"9243870.455","LOWER_RIGHT_X":"512967.212","LOWER_RIGHT_Y":"9242868.455"},"geometry":{"type":"Polygon","coordinates":[[[-62.891710446977875,-6.840603534348821],[-62.882637087927186,-6.840601407342336],[-62.882634873843166,-6.849665503431493],[-62.891708404064453,-6.849667633282302],[-62.891710446977875,-6.840603534348821]]]}},
{"type":"Feature","properties":{"DESCRIPTION":"MDT_1404194.tif","FILENAME":"U:\\P589_AmazoniaRevelada_BR-319\\LiDAR_dataset\\ENTREGAS\\ENTREGA_07\\2_MDT\\GEOTIFF\\MDT_1404194.tif","SHRT_FNAME":"MDT_1404194.tif","UPPER_LEFT_X":"510964.712","UPPER_LEFT_Y":"9243870.455","LOWER_RIGHT_X":"511967.212","LOWER_RIGHT_Y":"9242868.455"},"geometry":{"type":"Polygon","coordinates":[[[-62.900761181959822,-6.840605485639629],[-62.89168782014378,-6.840603529257312],[-62.891685776803499,-6.849667628183987],[-62.900759309790409,-6.84966958718246],[-62.900761181959822,-6.840605485639629]]]}},
{"type":"Feature","properties":{"DESCRIPTION":"MDT_1404193.tif","FILENAME":"U:\\P589_AmazoniaRevelada_BR-319\\LiDAR_dataset\\ENTREGAS\\ENTREGA_07\\2_MDT\\GEOTIFF\\MDT_1404193.tif","SHRT_FNAME":"MDT_1404193.tif","UPPER_LEFT_X":"509964.712","UPPER_LEFT_Y":"9243870.455","LOWER_RIGHT_X":"510966.712","LOWER_RIGHT_Y":"9242868.455"},"geometry":{"type":"Polygon","coordinates":[[[-62.909811919469448,-6.840607266731522],[-62.90074308048726,-6.840605481906905],[-62.900741207976353,-6.849669583444745],[-62.909810218044242,-6.849671370656108],[-62.909811919469448,-6.840607266731522]]]}},
{"type":"Feature","properties":{"DESCRIPTION":"MDT_1403243.tif","FILENAME":"U:\\P589_AmazoniaRevelada_BR-319\\LiDAR_dataset\\ENTREGAS\\ENTREGA_07\\2_MDT\\GEOTIFF\\MDT_1403243.tif","SHRT_FNAME":"MDT_1403243.tif","UPPER_LEFT_X":"559969.212","UPPER_LEFT_Y":"9244870.456","LOWER_RIGHT_X":"560971.712","LOWER_RIGHT_Y":"9243867.956"},"geometry":{"type":"Polygon","coordinates":[[[-62.457252136440069,-6.831264054950074],[-62.448179352511637,-6.831253751685231],[-62.448168951571994,-6.840321970086533],[-62.457241906487312,-6.840332287154129],[-62.457252136440069,-6.831264054950074]]]}},
{"type":"Feature","properties":{"DESCRIPTION":"MDT_1403242.tif","FILENAME":"U:\\P589_AmazoniaRevelada_BR-319\\LiDAR_dataset\\ENTREGAS\\ENTREGA_07\\2_MDT\\GEOTIFF\\MDT_1403242.tif","SHRT_FNAME":"MDT_1403242.tif","UPPER_LEFT_X":"558969.212","UPPER_LEFT_Y":"9244870.456","LOWER_RIGHT_X":"559971.712","LOWER_RIGHT_Y":"9243867.956"},"geometry":{"type":"Polygon","coordinates":[[[-62.466302308811827,-6.831274162373478],[-62.45722951102637,-6.831264029468566],[-62.457219280647202,-6.840332261638483],[-62.466292249420832,-6.840342408117925],[-62.466302308811827,-6.831274162373478]]]}},
{"type":"Feature","properties":{"DESCRIPTION":"MDT_1403241.tif","FILENAME":"U:\\P589_AmazoniaRevelada_BR-319\\LiDAR_dataset\\ENTREGAS\\ENTREGA_07\\2_MDT\\GEOTIFF\\MDT_1403241.tif","SHRT_FNAME":"MDT_1403241.tif","UPPER_LEFT_X":"557969.212","UPPER_LEFT_Y":"9244870.456","LOWER_RIGHT_X":"558971.712","LOWER_RIGHT_Y":"9243867.956"},"geometry":{"type":"Polygon","coordinates":[[[-62.475352494775301,-6.831284099860533],[-62.466279683363851,-6.831274137316809],[-62.466269623546445,-6.840342383027689],[-62.475342605947333,-6.84035235891772],[-62.475352494775301,-6.831284099860533]]]}},
{"type":"Feature","properties":{"DESCRIPTION":"MDT_1403240.tif","FILENAME":"U:\\P589_AmazoniaRevelada_BR-319\\LiDAR_dataset\\ENTREGAS\\ENTREGA_07\\2_MDT\\GEOTIFF\\MDT_1403240.tif","SHRT_FNAME":"MDT_1403240.tif","UPPER_LEFT_X":"556968.712","UPPER_LEFT_Y":"9244870.456","LOWER_RIGHT_X":"557971.712","LOWER_RIGHT_Y":"9243867.956"},"geometry":{"type":"Polygon","coordinates":[[[-62.484407219203014,-6.831293872251273],[-62.475329869293631,-6.831284075228707],[-62.475319980039259,-6.840352334252894],[-62.484397501024603,-6.84036214440003],[-62.484407219203014,-6.831293872251273]]]}},
{"type":"Feature","properties":{"DESCRIPTION":"MDT_1403239.tif","FILENAME":"U:\\P589_AmazoniaRevelada_BR-319\\LiDAR_dataset\\ENTREGAS\\ENTREGA_07\\2_MDT\\GEOTIFF\\MDT_1403239.tif","SHRT_FNAME":"MDT_1403239.tif","UPPER_LEFT_X":"555968.712","UPPER_LEFT_Y":"9244870.456","LOWER_RIGHT_X":"556971.212","LOWER_RIGHT_Y":"9243867.956"},"geometry":{"type":"Polygon","coordinates":[[[-62.493457431665085,-6.83130346977698],[-62.484384593688212,-6.831293848044504],[-62.48437487508339,-6.840362120160831],[-62.493447884052152,-6.840371754783046],[-62.493457431665085,-6.83130346977698]]]}},
{"type":"Feature","properties":{"DESCRIPTION":"MDT_1403238.tif","FILENAME":"U:\\P589_AmazoniaRevelada_BR-319\\LiDAR_dataset\\ENTREGAS\\ENTREGA_07\\2_MDT\\GEOTIFF\\MDT_1403238.tif","SHRT_FNAME":"MDT_1403238.tif","UPPER_LEFT_X":"554968.712","UPPER_LEFT_Y":"9244870.456","LOWER_RIGHT_X":"555971.212","LOWER_RIGHT_Y":"9243867.956"},"geometry":{"type":"Polygon","coordinates":[[[-62.502507657027401,-6.831312897362698],[-62.493434806117754,-6.831303445995059],[-62.493425258078396,-6.840371730969266],[-62.502498279981133,-6.840381194998415],[-62.502507657027401,-6.831312897362698]]]}},
{"type":"Feature","properties":{"DESCRIPTION":"MDT_1403237.tif","FILENAME":"U:\\P589_AmazoniaRevelada_BR-319\\LiDAR_dataset\\ENTREGAS\\ENTREGA_07\\2_MDT\\GEOTIFF\\MDT_1403237.tif","SHRT_FNAME":"MDT_1403237.tif","UPPER_LEFT_X":"553968.712","UPPER_LEFT_Y":"9244870.456","LOWER_RIGHT_X":"554971.212","LOWER_RIGHT_Y":"9243867.956"},"geometry":{"type":"Polygon","coordinates":[[[-62.511557895059489,-6.831322155007255],[-62.502485031448103,-6.831312874005628],[-62.502475653975424,-6.840381171610055],[-62.511548688581087,-6.840390465044965],[-62.511557895059489,-6.831322155007255]]]}},
{"type":"Feature","properties":{"DESCRIPTION":"MDT_1403236.tif","FILENAME":"U:\\P589_AmazoniaRevelada_BR-319\\LiDAR_dataset\\ENTREGAS\\ENTREGA_07\\2_MDT\\GEOTIFF\\MDT_1403236.tif","SHRT_FNAME":"MDT_1403236.tif","UPPER_LEFT_X":"552968.712","UPPER_LEFT_Y":"9244870.456","LOWER_RIGHT_X":"553971.212","LOWER_RIGHT_Y":"9243867.956"},"geometry":{"type":"Polygon","coordinates":[[[-62.5206081455309,-6.831331242709504],[-62.5115352694488,-6.83132213207504],[-62.511526062543972,-6.840390442082028],[-62.520599109621514,-6.840399564921541],[-62.5206081455309,-6.831331242709504]]]}},
{"type":"Feature","properties":{"DESCRIPTION":"MDT_1403235.tif","FILENAME":"U:\\P589_AmazoniaRevelada_BR-319\\LiDAR_dataset\\ENTREGAS\\ENTREGA_07\\2_MDT\\GEOTIFF\\MDT_1403235.tif","SHRT_FNAME":"MDT_1403235.tif","UPPER_LEFT_X":"551968.212","UPPER_LEFT_Y":"9244870.456","LOWER_RIGHT_X":"552971.212","LOWER_RIGHT_Y":"9243867.956"},"geometry":{"type":"Polygon","coordinates":[[[-62.529662933345527,-6.831340164884686],[-62.520585519889408,-6.831331220202145],[-62.52057648355359,-6.840399542384032],[-62.529654068091553,-6.840408499049305],[-62.529662933345527,-6.831340164884686]]]}},
{"type":"Feature","properties":{"DESCRIPTION":"MDT_1403234.tif","FILENAME":"U:\\P589_AmazoniaRevelada_BR-319\\LiDAR_dataset\\ENTREGAS\\ENTREGA_07\\2_MDT\\GEOTIFF\\MDT_1403234.tif","SHRT_FNAME":"MDT_1403234.tif","UPPER_LEFT_X":"550968.212","UPPER_LEFT_Y":"9244870.456","LOWER_RIGHT_X":"551970.712","LOWER_RIGHT_Y":"9243867.956"},"geometry":{"type":"Polygon","coordinates":[[[-62.538713208010122,-6.831348912613981],[-62.529640307673787,-6.831340142802401],[-62.529631441993381,-6.840408476937437],[-62.538704513327396,-6.840417258497483],[-62.538713208010122,-6.831348912613981]]]}},
{"type":"Feature","properties":{"DESCRIPTION":"MDT_1403233.tif","FILENAME":"U:\\P589_AmazoniaRevelada_BR-319\\LiDAR_dataset\\ENTREGAS\\ENTREGA_07\\2_MDT\\GEOTIFF\\MDT_1403233.tif","SHRT_FNAME":"MDT_1403233.tif","UPPER_LEFT_X":"549968.212","UPPER_LEFT_Y":"9244870.456","LOWER_RIGHT_X":"550970.712","LOWER_RIGHT_Y":"9243867.956"},"geometry":{"type":"Polygon","coordinates":[[[-62.547763494422533,-6.831357490397641],[-62.53869058230871,-6.831348890956558],[-62.538681887199559,-6.840417236811047],[-62.547754970312134,-6.840425847772362],[-62.547763494422533,-6.831357490397641]]]}},
{"type":"Feature","properties":{"DESCRIPTION":"MDT_1403232.tif","FILENAME":"U:\\P589_AmazoniaRevelada_BR-319\\LiDAR_dataset\\ENTREGAS\\ENTREGA_07\\2_MDT\\GEOTIFF\\MDT_1403232.tif","SHRT_FNAME":"MDT_1403232.tif","UPPER_LEFT_X":"548968.212","UPPER_LEFT_Y":"9244870.456","LOWER_RIGHT_X":"549970.712","LOWER_RIGHT_Y":"9243867.956"},"geometry":{"type":"Polygon","coordinates":[[[-62.556813792352273,-6.831365898234607],[-62.547740868692038,-6.831357469165085],[-62.547732344155222,-6.840425826511361],[-62.556805438815289,-6.840434266872877],[-62.556813792352273,-6.831365898234607]]]}},
{"type":"Feature","properties":{"DESCRIPTION":"MDT_1403231.tif","FILENAME":"U:\\P589_AmazoniaRevelada_BR-319\\LiDAR_dataset\\ENTREGAS\\ENTREGA_07\\2_MDT\\GEOTIFF\\MDT_1403231.tif","SHRT_FNAME":"MDT_1403231.tif","UPPER_LEFT_X":"547968.212","UPPER_LEFT_Y":"9244870.456","LOWER_RIGHT_X":"548970.712","LOWER_RIGHT_Y":"9243867.956"},"geometry":{"type":"Polygon","coordinates":[[[-62.565864101568884,-6.83137413612383],[-62.556791166593278,-6.831365877426918],[-62.556782812629862,-6.840434246037314],[-62.56585591860636,-6.84044251579798],[-62.565864101568884,-6.83137413612383]]]}},
{"type":"Feature","properties":{"DESCRIPTION":"MDT_1403230.tif","FILENAME":"U:\\P589_AmazoniaRevelada_BR-319\\LiDAR_dataset\\ENTREGAS\\ENTREGA_07\\2_MDT\\GEOTIFF\\MDT_1403230.tif","SHRT_FNAME":"MDT_1403230.tif","UPPER_LEFT_X":"546968.212","UPPER_LEFT_Y":"9244870.456","LOWER_RIGHT_X":"547970.712","LOWER_RIGHT_Y":"9243867.956"},"geometry":{"type":"Polygon","coordinates":[[[-62.57491442184191,-6.83138220406429],[-62.565841475781966,-6.831374115741013],[-62.565833292392995,-6.840442495387856],[-62.574906409454861,-6.840450594546647],[-62.57491442184191,-6.83138220406429]]]}},
{"type":"Feature","properties":{"DESCRIPTION":"MDT_1403229.tif","FILENAME":"U:\\P589_AmazoniaRevelada_BR-319\\LiDAR_dataset\\ENTREGAS\\ENTREGA_07\\2_MDT\\GEOTIFF\\MDT_1403229.tif","SHRT_FNAME":"MDT_1403229.tif","UPPER_LEFT_X":"545967.712","UPPER_LEFT_Y":"9244870.456","LOWER_RIGHT_X":"546970.712","LOWER_RIGHT_Y":"9243867.956"},"geometry":{"type":"Polygon","coordinates":[[[-62.583969278109073,-6.83139010596147],[-62.574891796027622,-6.831382184106345],[-62.57488378321414,-6.840450574561966],[-62.583961436383795,-6.840458507029598],[-62.583969278109073,-6.83139010596147]]]}},
{"type":"Feature","properties":{"DESCRIPTION":"MDT_1403228.tif","FILENAME":"U:\\P589_AmazoniaRevelada_BR-319\\LiDAR_dataset\\ENTREGAS\\ENTREGA_07\\2_MDT\\GEOTIFF\\MDT_1403228.tif","SHRT_FNAME":"MDT_1403228.tif","UPPER_LEFT_X":"544967.712","UPPER_LEFT_Y":"9244870.456","LOWER_RIGHT_X":"545970.212","LOWER_RIGHT_Y":"9243867.956"},"geometry":{"type":"Polygon","coordinates":[[[-62.593019619808729,-6.831397833916441],[-62.583946652268004,-6.831390086428613],[-62.583938810116287,-6.840458487470572],[-62.593011948660916,-6.840466245337314],[-62.593019619808729,-6.831397833916441]]]}},
{"type":"Feature","properties":{"DESCRIPTION":"MDT_1403227.tif","FILENAME":"U:\\P589_AmazoniaRevelada_BR-319\\LiDAR_dataset\\ENTREGAS\\ENTREGA_07\\2_MDT\\GEOTIFF\\MDT_1403227.tif","SHRT_FNAME":"MDT_1403227.tif","UPPER_LEFT_X":"543967.712","UPPER_LEFT_Y":"9244870.456","LOWER_RIGHT_X":"544970.212","LOWER_RIGHT_Y":"9243867.956"},"geometry":{"type":"Polygon","coordinates":[[[-62.602069971873242,-6.831405391919703],[-62.592996993941455,-6.831397814808462],[-62.592989322367195,-6.840466226203738],[-62.602062471303853,-6.840473813465651],[-62.602069971873242,-6.831405391919703]]]}},
{"type":"Feature","properties":{"DESCRIPTION":"MDT_1403226.tif","FILENAME":"U:\\P589_AmazoniaRevelada_BR-319\\LiDAR_dataset\\ENTREGAS\\ENTREGA_07\\2_MDT\\GEOTIFF\\MDT_1403226.tif","SHRT_FNAME":"MDT_1403226.tif","UPPER_LEFT_X":"542967.712","UPPER_LEFT_Y":"9244870.456","LOWER_RIGHT_X":"543970.212","LOWER_RIGHT_Y":"9243867.956"},"geometry":{"type":"Polygon","coordinates":[[[-62.61112033407214,-6.831412779970323],[-62.602047345980345,-6.831405373236605],[-62.60203984498451,-6.840473794757523],[-62.611113004082114,-6.840481211413665],[-62.61112033407214,-6.831412779970323]]]}},
{"type":"Feature","properties":{"DESCRIPTION":"MDT_1403225.tif","FILENAME":"U:\\P589_AmazoniaRevelada_BR-319\\LiDAR_dataset\\ENTREGAS\\ENTREGA_07\\2_MDT\\GEOTIFF\\MDT_1403225.tif","SHRT_FNAME":"MDT_1403225.tif","UPPER_LEFT_X":"541967.712","UPPER_LEFT_Y":"9244870.456","LOWER_RIGHT_X":"542970.212","LOWER_RIGHT_Y":"9243867.956"},"geometry":{"type":"Polygon","coordinates":[[[-62.620170706174953,-6.831419998067378],[-62.611097708154198,-6.831412761712106],[-62.611090377737732,-6.840481193130989],[-62.62016354676522,-6.840488439180437],[-62.620170706174953,-6.831419998067378]]]}},
{"type":"Feature","properties":{"DESCRIPTION":"MDT_1403224.tif","FILENAME":"U:\\P589_AmazoniaRevelada_BR-319\\LiDAR_dataset\\ENTREGAS\\ENTREGA_07\\2_MDT\\GEOTIFF\\MDT_1403224.tif","SHRT_FNAME":"MDT_1403224.tif","UPPER_LEFT_X":"540967.212","UPPER_LEFT_Y":"9244870.456","LOWER_RIGHT_X":"541970.212","LOWER_RIGHT_Y":"9243867.956"},"geometry":{"type":"Polygon","coordinates":[[[-62.62922561314447,-6.831427049691534],[-62.620148080232546,-6.831419980234047],[-62.620140920396345,-6.840488421323216],[-62.629218624401211,-6.840495500251296],[-62.62922561314447,-6.831427049691534]]]}},
{"type":"Feature","properties":{"DESCRIPTION":"MDT_1403223.tif","FILENAME":"U:\\P589_AmazoniaRevelada_BR-319\\LiDAR_dataset\\ENTREGAS\\ENTREGA_07\\2_MDT\\GEOTIFF\\MDT_1403223.tif","SHRT_FNAME":"MDT_1403223.tif","UPPER_LEFT_X":"539967.212","UPPER_LEFT_Y":"9244870.456","LOWER_RIGHT_X":"540969.712","LOWER_RIGHT_Y":"9243867.956"},"geometry":{"type":"Polygon","coordinates":[[[-62.638276004368336,-6.831433927793817],[-62.629202987178154,-6.831427032283302],[-62.629195998008427,-6.840495482819744],[-62.638269186207125,-6.840502387567824],[-62.638276004368336,-6.831433927793817]]]}},
{"type":"Feature","properties":{"DESCRIPTION":"MDT_1403222.tif","FILENAME":"U:\\P589_AmazoniaRevelada_BR-319\\LiDAR_dataset\\ENTREGAS\\ENTREGA_07\\2_MDT\\GEOTIFF\\MDT_1403222.tif","SHRT_FNAME":"MDT_1403222.tif","UPPER_LEFT_X":"538967.212","UPPER_LEFT_Y":"9244870.456","LOWER_RIGHT_X":"539969.712","LOWER_RIGHT_Y":"9243867.956"},"geometry":{"type":"Polygon","coordinates":[[[-62.647326404804559,-6.831440635939909],[-62.638253378378693,-6.831433910810475],[-62.638246559791028,-6.84050237056173],[-62.647319757226263,-6.840509104700481],[-62.647326404804559,-6.831440635939909]]]}},
{"type":"Feature","properties":{"DESCRIPTION":"MDT_1403221.tif","FILENAME":"U:\\P589_AmazoniaRevelada_BR-319\\LiDAR_dataset\\ENTREGAS\\ENTREGA_07\\2_MDT\\GEOTIFF\\MDT_1403221.tif","SHRT_FNAME":"MDT_1403221.tif","UPPER_LEFT_X":"537967.212","UPPER_LEFT_Y":"9244870.456","LOWER_RIGHT_X":"538969.712","LOWER_RIGHT_Y":"9243867.956"},"geometry":{"type":"Polygon","coordinates":[[[-62.656376814222654,-6.831447174128981],[-62.647303778792178,-6.83144061938146],[-62.647297130787422,-6.840509088119846],[-62.656370337228097,-6.840515651648432],[-62.656376814222654,-6.831447174128981]]]}},
{"type":"Feature","properties":{"DESCRIPTION":"MDT_1403220.tif","FILENAME":"U:\\P589_AmazoniaRevelada_BR-319\\LiDAR_dataset\\ENTREGAS\\ENTREGA_07\\2_MDT\\GEOTIFF\\MDT_1403220.tif","SHRT_FNAME":"MDT_1403220.tif","UPPER_LEFT_X":"536967.212","UPPER_LEFT_Y":"9244870.456","LOWER_RIGHT_X":"537969.712","LOWER_RIGHT_Y":"9243867.956"},"geometry":{"type":"Polygon","coordinates":[[[-62.66542723239214,-6.831453542360216],[-62.656354188188111,-6.831447157995423],[-62.656347710767079,-6.840515635493261],[-62.66542092598214,-6.840522028410865],[-62.66542723239214,-6.831453542360216]]]}},
{"type":"Feature","properties":{"DESCRIPTION":"MDT_1403219.tif","FILENAME":"U:\\P589_AmazoniaRevelada_BR-319\\LiDAR_dataset\\ENTREGAS\\ENTREGA_07\\2_MDT\\GEOTIFF\\MDT_1403219.tif","SHRT_FNAME":"MDT_1403219.tif","UPPER_LEFT_X":"535966.712","UPPER_LEFT_Y":"9244870.456","LOWER_RIGHT_X":"536969.712","LOWER_RIGHT_Y":"9243867.956"},"geometry":{"type":"Polygon","coordinates":[[[-62.674482184297972,-6.831459743689453],[-62.665404606335997,-6.831453526651556],[-62.665398299499529,-6.84052201268116],[-62.674476048558603,-6.840528238047709],[-62.674482184297972,-6.831459743689453]]]}},
{"type":"Feature","properties":{"DESCRIPTION":"MDT_1403218.tif","FILENAME":"U:\\P589_AmazoniaRevelada_BR-319\\LiDAR_dataset\\ENTREGAS\\ENTREGA_07\\2_MDT\\GEOTIFF\\MDT_1403218.tif","SHRT_FNAME":"MDT_1403218.tif","UPPER_LEFT_X":"534966.712","UPPER_LEFT_Y":"9244870.456","LOWER_RIGHT_X":"535969.212","LOWER_RIGHT_Y":"9243867.956"},"geometry":{"type":"Polygon","coordinates":[[[-62.683532619282879,-6.831465771917689],[-62.674459558220811,-6.831459728405902],[-62.674453422054981,-6.840528222743682],[-62.683526654129622,-6.840534274351657],[-62.683532619282879,-6.831465771917689]]]}},
{"type":"Feature","properties":{"DESCRIPTION":"MDT_1403217.tif","FILENAME":"U:\\P589_AmazoniaRevelada_BR-319\\LiDAR_dataset\\ENTREGAS\\ENTREGA_07\\2_MDT\\GEOTIFF\\MDT_1403217.tif","SHRT_FNAME":"MDT_1403217.tif","UPPER_LEFT_X":"533966.712","UPPER_LEFT_Y":"9244870.456","LOWER_RIGHT_X":"534969.212","LOWER_RIGHT_Y":"9243867.956"},"geometry":{"type":"Polygon","coordinates":[[[-62.692583062327593,-6.831471630185781],[-62.683509993185275,-6.831465757059037],[-62.683504027605558,-6.840534259473098],[-62.692577267761195,-6.840540140467774],[-62.692583062327593,-6.831471630185781]]]}},
{"type":"Feature","properties":{"DESCRIPTION":"MDT_1403216.tif","FILENAME":"U:\\P589_AmazoniaRevelada_BR-319\\LiDAR_dataset\\ENTREGAS\\ENTREGA_07\\2_MDT\\GEOTIFF\\MDT_1403216.tif","SHRT_FNAME":"MDT_1403216.tif","UPPER_LEFT_X":"532966.712","UPPER_LEFT_Y":"9244870.456","LOWER_RIGHT_X":"533969.212","LOWER_RIGHT_Y":"9243867.956"},"geometry":{"type":"Polygon","coordinates":[[[-62.701633513201642,-6.831477318493001],[-62.692560436210123,-6.83147161575203],[-62.692554641217271,-6.840540126014687],[-62.701627889222841,-6.840545836395332],[-62.701633513201642,-6.831477318493001]]]}},
{"type":"Feature","properties":{"DESCRIPTION":"MDT_1403215.tif","FILENAME":"U:\\P589_AmazoniaRevelada_BR-319\\LiDAR_dataset\\ENTREGAS\\ENTREGA_07\\2_MDT\\GEOTIFF\\MDT_1403215.tif","SHRT_FNAME":"MDT_1403215.tif","UPPER_LEFT_X":"531966.712","UPPER_LEFT_Y":"9244870.456","LOWER_RIGHT_X":"532969.212","LOWER_RIGHT_Y":"9243867.956"},"geometry":{"type":"Polygon","coordinates":[[[-62.710683971674527,-6.831482836838646],[-62.701610887064881,-6.831477304484155],[-62.701605262659612,-6.840545822367718],[-62.71067851828402,-6.840551362133624],[-62.710683971674527,-6.831482836838646]]]}},
{"type":"Feature","properties":{"DESCRIPTION":"MDT_1403214.tif","FILENAME":"U:\\P589_AmazoniaRevelada_BR-319\\LiDAR_dataset\\ENTREGAS\\ENTREGA_07\\2_MDT\\GEOTIFF\\MDT_1403214.tif","SHRT_FNAME":"MDT_1403214.tif","UPPER_LEFT_X":"530966.212","UPPER_LEFT_Y":"9244870.456","LOWER_RIGHT_X":"531969.212","LOWER_RIGHT_Y":"9243867.956"},"geometry":{"type":"Polygon","coordinates":[[[-62.71973896275049,-6.831488187853704],[-62.710661345519057,-6.831482823254702],[-62.710655891702082,-6.840551348531483],[-62.719733680034246,-6.840556720317168],[-62.71973896275049,-6.831488187853704]]]}},
{"type":"Feature","properties":{"DESCRIPTION":"MDT_1403213.tif","FILENAME":"U:\\P589_AmazoniaRevelada_BR-319\\LiDAR_dataset\\ENTREGAS\\ENTREGA_07\\2_MDT\\GEOTIFF\\MDT_1403213.tif","SHRT_FNAME":"MDT_1403213.tif","UPPER_LEFT_X":"529966.212","UPPER_LEFT_Y":"9244870.456","LOWER_RIGHT_X":"530968.712","LOWER_RIGHT_Y":"9243867.956"},"geometry":{"type":"Polygon","coordinates":[[[-62.728789435733091,-6.831493366189173],[-62.71971633657688,-6.831488174694879],[-62.719711053434168,-6.840556707140716],[-62.728784323606483,-6.840561905589793],[-62.728789435733091,-6.831493366189173]]]}},
{"type":"Feature","properties":{"DESCRIPTION":"MDT_1403212.tif","FILENAME":"U:\\P589_AmazoniaRevelada_BR-319\\LiDAR_dataset\\ENTREGAS\\ENTREGA_07\\2_MDT\\GEOTIFF\\MDT_1403212.tif","SHRT_FNAME":"MDT_1403212.tif","UPPER_LEFT_X":"528966.212","UPPER_LEFT_Y":"9244870.456","LOWER_RIGHT_X":"529968.712","LOWER_RIGHT_Y":"9243867.956"},"geometry":{"type":"Polygon","coordinates":[[[-62.737839915622949,-6.831498374561073],[-62.728766809541924,-6.831493353455257],[-62.72876169698884,-6.840561892838818],[-62.737834974086624,-6.840566920671155],[-62.737839915622949,-6.831498374561073]]]}},
{"type":"Feature","properties":{"DESCRIPTION":"MDT_1403211.tif","FILENAME":"U:\\P589_AmazoniaRevelada_BR-319\\LiDAR_dataset\\ENTREGAS\\ENTREGA_07\\2_MDT\\GEOTIFF\\MDT_1403211.tif","SHRT_FNAME":"MDT_1403211.tif","UPPER_LEFT_X":"527966.212","UPPER_LEFT_Y":"9244870.456","LOWER_RIGHT_X":"528968.712","LOWER_RIGHT_Y":"9243867.956"},"geometry":{"type":"Polygon","coordinates":[[[-62.746890402189571,-6.831503212968779],[-62.737817289414814,-6.831498362252066],[-62.737812347452,-6.84056690834566],[-62.74688563124414,-6.840571765560632],[-62.746890402189571,-6.831503212968779]]]}},
{"type":"Feature","properties":{"DESCRIPTION":"MDT_1403210.tif","FILENAME":"U:\\P589_AmazoniaRevelada_BR-319\\LiDAR_dataset\\ENTREGAS\\ENTREGA_07\\2_MDT\\GEOTIFF\\MDT_1403210.tif","SHRT_FNAME":"MDT_1403210.tif","UPPER_LEFT_X":"526966.212","UPPER_LEFT_Y":"9244870.456","LOWER_RIGHT_X":"527968.712","LOWER_RIGHT_Y":"9243867.956"},"geometry":{"type":"Polygon","coordinates":[[[-62.75594089520245,-6.831507881411691],[-62.746867775965022,-6.831503201084684],[-62.746863004593102,-6.840571753660616],[-62.755936294848517,-6.840576440257622],[-62.75594089520245,-6.831507881411691]]]}},
{"type":"Feature","properties":{"DESCRIPTION":"MDT_1403209.tif","FILENAME":"U:\\P589_AmazoniaRevelada_BR-319\\LiDAR_dataset\\ENTREGAS\\ENTREGA_07\\2_MDT\\GEOTIFF\\MDT_1403209.tif","SHRT_FNAME":"MDT_1403209.tif","UPPER_LEFT_X":"525966.212","UPPER_LEFT_Y":"9244870.456","LOWER_RIGHT_X":"526968.712","LOWER_RIGHT_Y":"9243867.956"},"geometry":{"type":"Polygon","coordinates":[[[-62.764991394431114,-6.83151237988923],[-62.755918268962077,-6.831507869952508],[-62.755913668181648,-6.840576428783089],[-62.764986964669241,-6.840580944761546],[-62.764991394431114,-6.83151237988923]]]}},
{"type":"Feature","properties":{"DESCRIPTION":"MDT_1403208.tif","FILENAME":"U:\\P589_AmazoniaRevelada_BR-319\\LiDAR_dataset\\ENTREGAS\\ENTREGA_07\\2_MDT\\GEOTIFF\\MDT_1403208.tif","SHRT_FNAME":"MDT_1403208.tif","UPPER_LEFT_X":"524965.712","UPPER_LEFT_Y":"9244870.456","LOWER_RIGHT_X":"525968.712","LOWER_RIGHT_Y":"9243867.956"},"geometry":{"type":"Polygon","coordinates":[[[-62.774046424899097,-6.831516710522579],[-62.764968768175486,-6.831512368854961],[-62.764964337987124,-6.840580933712495],[-62.774042165815153,-6.840585281196427],[-62.774046424899097,-6.831516710522579]]]}},
{"type":"Feature","properties":{"DESCRIPTION":"MDT_1403207.tif","FILENAME":"U:\\P589_AmazoniaRevelada_BR-319\\LiDAR_dataset\\ENTREGAS\\ENTREGA_07\\2_MDT\\GEOTIFF\\MDT_1403207.tif","SHRT_FNAME":"MDT_1403207.tif","UPPER_LEFT_X":"523965.712","UPPER_LEFT_Y":"9244870.456","LOWER_RIGHT_X":"524968.212","LOWER_RIGHT_Y":"9243867.956"},"geometry":{"type":"Polygon","coordinates":[[[-62.783096935870638,-6.831520868982733],[-62.774023798628789,-6.831516699913439],[-62.774019539118356,-6.840585270573075],[-62.783092847379841,-6.84058944522746],[-62.783096935870638,-6.831520868982733]]]}},
{"type":"Feature","properties":{"DESCRIPTION":"MDT_1403206.tif","FILENAME":"U:\\P589_AmazoniaRevelada_BR-319\\LiDAR_dataset\\ENTREGAS\\ENTREGA_07\\2_MDT\\GEOTIFF\\MDT_1403206.tif","SHRT_FNAME":"MDT_1403206.tif","UPPER_LEFT_X":"522965.712","UPPER_LEFT_Y":"9244870.456","LOWER_RIGHT_X":"523968.212","LOWER_RIGHT_Y":"9243867.956"},"geometry":{"type":"Polygon","coordinates":[[[-62.792147452366329,-6.831524857475898],[-62.783074309586219,-6.831520858798509],[-62.783070220668947,-6.840589435029594],[-62.792143534469211,-6.840593439063809],[-62.792147452366329,-6.831524857475898]]]}},
{"type":"Feature","properties":{"DESCRIPTION":"MDT_1403205.tif","FILENAME":"U:\\P589_AmazoniaRevelada_BR-319\\LiDAR_dataset\\ENTREGAS\\ENTREGA_07\\2_MDT\\GEOTIFF\\MDT_1403205.tif","SHRT_FNAME":"MDT_1403205.tif","UPPER_LEFT_X":"521965.712","UPPER_LEFT_Y":"9244870.456","LOWER_RIGHT_X":"522968.212","LOWER_RIGHT_Y":"9243867.956"},"geometry":{"type":"Polygon","coordinates":[[[-62.801197974155691,-6.831528676001584],[-62.792124826068395,-6.831524847716594],[-62.792120907744781,-6.84059342929143],[-62.801194226852729,-6.840597262704983],[-62.801197974155691,-6.831528676001584]]]}},
{"type":"Feature","properties":{"DESCRIPTION":"MDT_1403204.tif","FILENAME":"U:\\P589_AmazoniaRevelada_BR-319\\LiDAR_dataset\\ENTREGAS\\ENTREGA_07\\2_MDT\\GEOTIFF\\MDT_1403204.tif","SHRT_FNAME":"MDT_1403204.tif","UPPER_LEFT_X":"520965.712","UPPER_LEFT_Y":"9244870.456","LOWER_RIGHT_X":"521968.212","LOWER_RIGHT_Y":"9243867.956"},"geometry":{"type":"Polygon","coordinates":[[[-62.810248501008225,-6.831532324559312],[-62.801175347844811,-6.831528666667197],[-62.80117160011536,-6.840597253358093],[-62.810244924299901,-6.840600916150501],[-62.810248501008225,-6.831532324559312]]]}},
{"type":"Feature","properties":{"DESCRIPTION":"MDT_1403203.tif","FILENAME":"U:\\P589_AmazoniaRevelada_BR-319\\LiDAR_dataset\\ENTREGAS\\ENTREGA_07\\2_MDT\\GEOTIFF\\MDT_1403203.tif","SHRT_FNAME":"MDT_1403203.tif","UPPER_LEFT_X":"519965.212","UPPER_LEFT_Y":"9244870.456","LOWER_RIGHT_X":"520968.212","LOWER_RIGHT_Y":"9243867.956"},"geometry":{"type":"Polygon","coordinates":[[[-62.819303557960446,-6.831535804845414],[-62.810225874684974,-6.831532315649848],[-62.810222297550162,-6.840600907229101],[-62.819300151932502,-6.840604401098966],[-62.819303557960446,-6.831535804845414]]]}},
{"type":"Feature","properties":{"DESCRIPTION":"MDT_1403202.tif","FILENAME":"U:\\P589_AmazoniaRevelada_BR-319\\LiDAR_dataset\\ENTREGAS\\ENTREGA_07\\2_MDT\\GEOTIFF\\MDT_1403202.tif","SHRT_FNAME":"MDT_1403202.tif","UPPER_LEFT_X":"518965.212","UPPER_LEFT_Y":"9244870.456","LOWER_RIGHT_X":"519967.712","LOWER_RIGHT_Y":"9243867.956"},"geometry":{"type":"Polygon","coordinates":[[[-62.828354094250081,-6.831539113380908],[-62.819280931625393,-6.831535796361083],[-62.819277525170968,-6.840604392603269],[-62.828350858817636,-6.84060771406674],[-62.828354094250081,-6.831539113380908]]]}},
{"type":"Feature","properties":{"DESCRIPTION":"MDT_1403201.tif","FILENAME":"U:\\P589_AmazoniaRevelada_BR-319\\LiDAR_dataset\\ENTREGAS\\ENTREGA_07\\2_MDT\\GEOTIFF\\MDT_1403201.tif","SHRT_FNAME":"MDT_1403201.tif","UPPER_LEFT_X":"517965.212","UPPER_LEFT_Y":"9244870.456","LOWER_RIGHT_X":"518967.712","LOWER_RIGHT_Y":"9243867.956"},"geometry":{"type":"Polygon","coordinates":[[[-62.837404634911259,-6.83154225194715],[-62.828331467903801,-6.831539105321499],[-62.828328232044875,-6.840607705996534],[-62.837401570074718,-6.840610856837561],[-62.837404634911259,-6.83154225194715]]]}},
{"type":"Feature","properties":{"DESCRIPTION":"MDT_1403200.tif","FILENAME":"U:\\P589_AmazoniaRevelada_BR-319\\LiDAR_dataset\\ENTREGAS\\ENTREGA_07\\2_MDT\\GEOTIFF\\MDT_1403200.tif","SHRT_FNAME":"MDT_1403200.tif","UPPER_LEFT_X":"516965.212","UPPER_LEFT_Y":"9244870.456","LOWER_RIGHT_X":"517967.712","LOWER_RIGHT_Y":"9243867.956"},"geometry":{"type":"Polygon","coordinates":[[[-62.846455179713502,-6.831545220543748],[-62.837382008554343,-6.831542244312665],[-62.83737894329132,-6.840610849192848],[-62.846452285473255,-6.840613829411041],[-62.846455179713502,-6.831545220543748]]]}},
{"type":"Feature","properties":{"DESCRIPTION":"MDT_1403199.tif","FILENAME":"U:\\P589_AmazoniaRevelada_BR-319\\LiDAR_dataset\\ENTREGAS\\ENTREGA_07\\2_MDT\\GEOTIFF\\MDT_1403199.tif","SHRT_FNAME":"MDT_1403199.tif","UPPER_LEFT_X":"515965.212","UPPER_LEFT_Y":"9244870.456","LOWER_RIGHT_X":"516967.712","LOWER_RIGHT_Y":"9243867.956"},"geometry":{"type":"Polygon","coordinates":[[[-62.855505728426287,-6.831548019170339],[-62.846432553346517,-6.83154521333419],[-62.846429658679796,-6.840613822191822],[-62.855503004782712,-6.840616631786809],[-62.855505728426287,-6.831548019170339]]]}},
{"type":"Feature","properties":{"DESCRIPTION":"MDT_1403198.tif","FILENAME":"U:\\P589_AmazoniaRevelada_BR-319\\LiDAR_dataset\\ENTREGAS\\ENTREGA_07\\2_MDT\\GEOTIFF\\MDT_1403198.tif","SHRT_FNAME":"MDT_1403198.tif","UPPER_LEFT_X":"514964.712","UPPER_LEFT_Y":"9244870.456","LOWER_RIGHT_X":"515967.712","LOWER_RIGHT_Y":"9243867.956"},"geometry":{"type":"Polygon","coordinates":[[[-62.864560806096215,-6.831550649098382],[-62.855483102049824,-6.831548012385704],[-62.855480377979752,-6.840616624993086],[-62.864558253134931,-6.840619265238037],[-62.864560806096215,-6.831550649098382]]]}},
{"type":"Feature","properties":{"DESCRIPTION":"MDT_1403197.tif","FILENAME":"U:\\P589_AmazoniaRevelada_BR-319\\LiDAR_dataset\\ENTREGAS\\ENTREGA_07\\2_MDT\\GEOTIFF\\MDT_1403197.tif","SHRT_FNAME":"MDT_1403197.tif","UPPER_LEFT_X":"513964.712","UPPER_LEFT_Y":"9244870.456","LOWER_RIGHT_X":"514967.212","LOWER_RIGHT_Y":"9243867.956"},"geometry":{"type":"Polygon","coordinates":[[[-62.873611361940291,-6.831553107698944],[-62.864538179710834,-6.831550642738887],[-62.864535626323061,-6.840619258870022],[-62.873608979576325,-6.840621727132262],[-62.873611361940291,-6.831553107698944]]]}},
{"type":"Feature","properties":{"DESCRIPTION":"MDT_1403196.tif","FILENAME":"U:\\P589_AmazoniaRevelada_BR-319\\LiDAR_dataset\\ENTREGAS\\ENTREGA_07\\2_MDT\\GEOTIFF\\MDT_1403196.tif","SHRT_FNAME":"MDT_1403196.tif","UPPER_LEFT_X":"512964.712","UPPER_LEFT_Y":"9244870.456","LOWER_RIGHT_X":"513967.212","LOWER_RIGHT_Y":"9243867.956"},"geometry":{"type":"Polygon","coordinates":[[[-62.88266192100329,-6.831555396328513],[-62.873588735546562,-6.831553101764374],[-62.873586352756114,-6.840621721189743],[-62.88265970923694,-6.840624018827794],[-62.88266192100329,-6.831555396328513]]]}},
{"type":"Feature","properties":{"DESCRIPTION":"MDT_1403195.tif","FILENAME":"U:\\P589_AmazoniaRevelada_BR-319\\LiDAR_dataset\\ENTREGAS\\ENTREGA_07\\2_MDT\\GEOTIFF\\MDT_1403195.tif","SHRT_FNAME":"MDT_1403195.tif","UPPER_LEFT_X":"511964.712","UPPER_LEFT_Y":"9244870.456","LOWER_RIGHT_X":"512967.212","LOWER_RIGHT_Y":"9243867.956"},"geometry":{"type":"Polygon","coordinates":[[[-62.891712483054711,-6.831557514986809],[-62.882639294601802,-6.831555390818872],[-62.882637082408962,-6.840624013310771],[-62.891710441886268,-6.84062614032435],[-62.891712483054711,-6.831557514986809]]]}},
{"type":"Feature","properties":{"DESCRIPTION":"MDT_1403194.tif","FILENAME":"U:\\P589_AmazoniaRevelada_BR-319\\LiDAR_dataset\\ENTREGAS\\ENTREGA_07\\2_MDT\\GEOTIFF\\MDT_1403194.tif","SHRT_FNAME":"MDT_1403194.tif","UPPER_LEFT_X":"510964.712","UPPER_LEFT_Y":"9244870.456","LOWER_RIGHT_X":"511967.212","LOWER_RIGHT_Y":"9243867.956"},"geometry":{"type":"Polygon","coordinates":[[[-62.900763047864075,-6.831559463673567],[-62.891689856646046,-6.831557509902096],[-62.891687815051107,-6.840626135232826],[-62.900761177293774,-6.840628091621666],[-62.900763047864075,-6.831559463673567]]]}},
{"type":"Feature","properties":{"DESCRIPTION":"MDT_1403193.tif","FILENAME":"U:\\P589_AmazoniaRevelada_BR-319\\LiDAR_dataset\\ENTREGAS\\ENTREGA_07\\2_MDT\\GEOTIFF\\MDT_1403193.tif","SHRT_FNAME":"MDT_1403193.tif","UPPER_LEFT_X":"509964.712","UPPER_LEFT_Y":"9244870.456","LOWER_RIGHT_X":"510967.212","LOWER_RIGHT_Y":"9243867.956"},"geometry":{"type":"Polygon","coordinates":[[[-62.909813615200854,-6.831561242388545],[-62.900740421448809,-6.831559459013784],[-62.900738550452004,-6.84062808695564],[-62.909811915228943,-6.840629872719499],[-62.909813615200854,-6.831561242388545]]]}},
{"type":"Feature","properties":{"DESCRIPTION":"MDT_1402243.tif","FILENAME":"U:\\P589_AmazoniaRevelada_BR-319\\LiDAR_dataset\\ENTREGAS\\ENTREGA_07\\2_MDT\\GEOTIFF\\MDT_1402243.tif","SHRT_FNAME":"MDT_1402243.tif","UPPER_LEFT_X":"559969.212","UPPER_LEFT_Y":"9245870.456","LOWER_RIGHT_X":"560971.712","LOWER_RIGHT_Y":"9244867.956"},"geometry":{"type":"Polygon","coordinates":[[[-62.457262327042272,-6.822218433384492],[-62.448189713443007,-6.822208143887483],[-62.448179326591706,-6.831276365700461],[-62.457252110946243,-6.831286668999725],[-62.457262327042272,-6.822218433384492]]]}},
{"type":"Feature","properties":{"DESCRIPTION":"MDT_1402242.tif","FILENAME":"U:\\P589_AmazoniaRevelada_BR-319\\LiDAR_dataset\\ENTREGAS\\ENTREGA_07\\2_MDT\\GEOTIFF\\MDT_1402242.tif","SHRT_FNAME":"MDT_1402242.tif","UPPER_LEFT_X":"558969.212","UPPER_LEFT_Y":"9245870.456","LOWER_RIGHT_X":"559971.712","LOWER_RIGHT_Y":"9244867.956"},"geometry":{"type":"Polygon","coordinates":[[[-62.466312329508334,-6.822228527301757],[-62.457239702053329,-6.822218407937033],[-62.457229485531471,-6.831286643518131],[-62.466302283743047,-6.831296776456895],[-62.466312329508334,-6.822228527301757]]]}},
{"type":"Feature","properties":{"DESCRIPTION":"MDT_1402241.tif","FILENAME":"U:\\P589_AmazoniaRevelada_BR-319\\LiDAR_dataset\\ENTREGAS\\ENTREGA_07\\2_MDT\\GEOTIFF\\MDT_1402241.tif","SHRT_FNAME":"MDT_1402241.tif","UPPER_LEFT_X":"557969.212","UPPER_LEFT_Y":"9245870.456","LOWER_RIGHT_X":"558971.712","LOWER_RIGHT_Y":"9244867.956"},"geometry":{"type":"Polygon","coordinates":[[[-62.475362345564875,-6.822238451509749],[-62.466289704485128,-6.822228502278569],[-62.466279658294006,-6.831296751400142],[-62.475352470131575,-6.831306713977149],[-62.475362345564875,-6.822238451509749]]]}},
{"type":"Feature","properties":{"DESCRIPTION":"MDT_1402240.tif","FILENAME":"U:\\P589_AmazoniaRevelada_BR-319\\LiDAR_dataset\\ENTREGAS\\ENTREGA_07\\2_MDT\\GEOTIFF\\MDT_1402240.tif","SHRT_FNAME":"MDT_1402240.tif","UPPER_LEFT_X":"556968.712","UPPER_LEFT_Y":"9245870.456","LOWER_RIGHT_X":"557971.712","LOWER_RIGHT_Y":"9244867.956"},"geometry":{"type":"Polygon","coordinates":[[[-62.484416899999459,-6.82224821084204],[-62.475339720507982,-6.822238426910837],[-62.475329844648861,-6.831306689345239],[-62.48440719498457,-6.831316486400537],[-62.484416899999459,-6.82224821084204]]]}},
{"type":"Feature","properties":{"DESCRIPTION":"MDT_1402239.tif","FILENAME":"U:\\P589_AmazoniaRevelada_BR-319\\LiDAR_dataset\\ENTREGAS\\ENTREGA_07\\2_MDT\\GEOTIFF\\MDT_1402239.tif","SHRT_FNAME":"MDT_1402239.tif","UPPER_LEFT_X":"555968.712","UPPER_LEFT_Y":"9245870.456","LOWER_RIGHT_X":"556971.212","LOWER_RIGHT_Y":"9244867.956"},"geometry":{"type":"Polygon","coordinates":[[[-62.493466942552146,-6.822257795542958],[-62.484394274909441,-6.822248186667617],[-62.484384569468709,-6.831316462193686],[-62.493457407871709,-6.831326083958304],[-62.493466942552146,-6.822257795542958]]]}},
{"type":"Feature","properties":{"DESCRIPTION":"MDT_1402238.tif","FILENAME":"U:\\P589_AmazoniaRevelada_BR-319\\LiDAR_dataset\\ENTREGAS\\ENTREGA_07\\2_MDT\\GEOTIFF\\MDT_1402238.tif","SHRT_FNAME":"MDT_1402238.tif","UPPER_LEFT_X":"554968.712","UPPER_LEFT_Y":"9245870.456","LOWER_RIGHT_X":"555971.212","LOWER_RIGHT_Y":"9244867.956"},"geometry":{"type":"Polygon","coordinates":[[[-62.502516998003877,-6.822267210530973],[-62.493444317429585,-6.822257771792818],[-62.493434782323313,-6.831326060176304],[-62.502507633659079,-6.831335511575516],[-62.502516998003877,-6.822267210530973]]]}},
{"type":"Feature","properties":{"DESCRIPTION":"MDT_1402237.tif","FILENAME":"U:\\P589_AmazoniaRevelada_BR-319\\LiDAR_dataset\\ENTREGAS\\ENTREGA_07\\2_MDT\\GEOTIFF\\MDT_1402237.tif","SHRT_FNAME":"MDT_1402237.tif","UPPER_LEFT_X":"553968.712","UPPER_LEFT_Y":"9245870.456","LOWER_RIGHT_X":"554971.212","LOWER_RIGHT_Y":"9244867.956"},"geometry":{"type":"Polygon","coordinates":[[[-62.511567066124236,-6.822276455804913],[-62.502494372849355,-6.822267187205115],[-62.502485008078722,-6.831335488218369],[-62.511557872116242,-6.831344769251002],[-62.511567066124236,-6.822276455804913]]]}},
{"type":"Feature","properties":{"DESCRIPTION":"MDT_1402236.tif","FILENAME":"U:\\P589_AmazoniaRevelada_BR-319\\LiDAR_dataset\\ENTREGAS\\ENTREGA_07\\2_MDT\\GEOTIFF\\MDT_1402236.tif","SHRT_FNAME":"MDT_1402236.tif","UPPER_LEFT_X":"552968.712","UPPER_LEFT_Y":"9245870.456","LOWER_RIGHT_X":"553971.212","LOWER_RIGHT_Y":"9244867.956"},"geometry":{"type":"Polygon","coordinates":[[[-62.520617146682746,-6.82228553136363],[-62.511544440938323,-6.822276432903342],[-62.511535246504494,-6.83134474631871],[-62.520608123012728,-6.831353856983609],[-62.520617146682746,-6.82228553136363]]]}},
{"type":"Feature","properties":{"DESCRIPTION":"MDT_1402235.tif","FILENAME":"U:\\P589_AmazoniaRevelada_BR-319\\LiDAR_dataset\\ENTREGAS\\ENTREGA_07\\2_MDT\\GEOTIFF\\MDT_1402235.tif","SHRT_FNAME":"MDT_1402235.tif","UPPER_LEFT_X":"551968.212","UPPER_LEFT_Y":"9245870.456","LOWER_RIGHT_X":"552971.212","LOWER_RIGHT_Y":"9244867.956"},"geometry":{"type":"Polygon","coordinates":[[[-62.529671764498389,-6.822294441616469],[-62.520594521466037,-6.82228550888635],[-62.52058549737017,-6.831353834476176],[-62.529662911252636,-6.831362779188598],[-62.529671764498389,-6.822294441616469]]]}},
{"type":"Feature","properties":{"DESCRIPTION":"MDT_1402234.tif","FILENAME":"U:\\P589_AmazoniaRevelada_BR-319\\LiDAR_dataset\\ENTREGAS\\ENTREGA_07\\2_MDT\\GEOTIFF\\MDT_1402234.tif","SHRT_FNAME":"MDT_1402234.tif","UPPER_LEFT_X":"550968.212","UPPER_LEFT_Y":"9245870.456","LOWER_RIGHT_X":"551970.712","LOWER_RIGHT_Y":"9244867.956"},"geometry":{"type":"Polygon","coordinates":[[[-62.538721869247844,-6.822303177656523],[-62.529649139251433,-6.822294419563693],[-62.529640285579823,-6.831362757106239],[-62.538713186342299,-6.831371526947115],[-62.538721869247844,-6.822303177656523]]]}},
{"type":"Feature","properties":{"DESCRIPTION":"MDT_1402233.tif","FILENAME":"U:\\P589_AmazoniaRevelada_BR-319\\LiDAR_dataset\\ENTREGAS\\ENTREGA_07\\2_MDT\\GEOTIFF\\MDT_1402233.tif","SHRT_FNAME":"MDT_1402233.tif","UPPER_LEFT_X":"549968.212","UPPER_LEFT_Y":"9245870.456","LOWER_RIGHT_X":"550970.712","LOWER_RIGHT_Y":"9244867.956"},"geometry":{"type":"Polygon","coordinates":[[[-62.547771985744035,-6.822311743978037],[-62.538699243971237,-6.822303156028041],[-62.538690560639836,-6.831371505289621],[-62.547763473179785,-6.831380104759434],[-62.547771985744035,-6.822311743978037]]]}},
{"type":"Feature","properties":{"DESCRIPTION":"MDT_1402232.tif","FILENAME":"U:\\P589_AmazoniaRevelada_BR-319\\LiDAR_dataset\\ENTREGAS\\ENTREGA_07\\2_MDT\\GEOTIFF\\MDT_1402232.tif","SHRT_FNAME":"MDT_1402232.tif","UPPER_LEFT_X":"548968.212","UPPER_LEFT_Y":"9245870.456","LOWER_RIGHT_X":"549970.712","LOWER_RIGHT_Y":"9244867.956"},"geometry":{"type":"Polygon","coordinates":[[[-62.556822113756503,-6.822320140579946],[-62.547749360438338,-6.822311722773851],[-62.547740847448232,-6.831380083526806],[-62.556813771534614,-6.831388512624487],[-62.556822113756503,-6.822320140579946]]]}},
{"type":"Feature","properties":{"DESCRIPTION":"MDT_1402231.tif","FILENAME":"U:\\P589_AmazoniaRevelada_BR-319\\LiDAR_dataset\\ENTREGAS\\ENTREGA_07\\2_MDT\\GEOTIFF\\MDT_1402231.tif","SHRT_FNAME":"MDT_1402231.tif","UPPER_LEFT_X":"547968.212","UPPER_LEFT_Y":"9245870.456","LOWER_RIGHT_X":"548970.712","LOWER_RIGHT_Y":"9244867.956"},"geometry":{"type":"Polygon","coordinates":[[[-62.565872253054792,-6.822328367461208],[-62.5567994884223,-6.822320119800062],[-62.556791145774561,-6.831388491816727],[-62.565864081176315,-6.831396750541231],[-62.565872253054792,-6.822328367461208]]]}},
{"type":"Feature","properties":{"DESCRIPTION":"MDT_1402230.tif","FILENAME":"U:\\P589_AmazoniaRevelada_BR-319\\LiDAR_dataset\\ENTREGAS\\ENTREGA_07\\2_MDT\\GEOTIFF\\MDT_1402230.tif","SHRT_FNAME":"MDT_1402230.tif","UPPER_LEFT_X":"546968.212","UPPER_LEFT_Y":"9245870.456","LOWER_RIGHT_X":"547970.712","LOWER_RIGHT_Y":"9244867.956"},"geometry":{"type":"Polygon","coordinates":[[[-62.574922403408472,-6.8223364246208],[-62.565849627692671,-6.822328347105626],[-62.565841455388323,-6.831396730158345],[-62.574914401874423,-6.831404818508642],[-62.574922403408472,-6.8223364246208]]]}},
{"type":"Feature","properties":{"DESCRIPTION":"MDT_1402229.tif","FILENAME":"U:\\P589_AmazoniaRevelada_BR-319\\LiDAR_dataset\\ENTREGAS\\ENTREGA_07\\2_MDT\\GEOTIFF\\MDT_1402229.tif","SHRT_FNAME":"MDT_1402229.tif","UPPER_LEFT_X":"545967.712","UPPER_LEFT_Y":"9245870.456","LOWER_RIGHT_X":"546970.712","LOWER_RIGHT_Y":"9244867.956"},"geometry":{"type":"Polygon","coordinates":[[[-62.583977089670348,-6.82234431595899],[-62.574899778019002,-6.822336404689525],[-62.574891776059083,-6.831404798550631],[-62.583969258566889,-6.83141272043222],[-62.583977089670348,-6.82234431595899]]]}},
{"type":"Feature","properties":{"DESCRIPTION":"MDT_1402228.tif","FILENAME":"U:\\P589_AmazoniaRevelada_BR-319\\LiDAR_dataset\\ENTREGAS\\ENTREGA_07\\2_MDT\\GEOTIFF\\MDT_1402228.tif","SHRT_FNAME":"MDT_1402228.tif","UPPER_LEFT_X":"544967.712","UPPER_LEFT_Y":"9245870.456","LOWER_RIGHT_X":"545970.212","LOWER_RIGHT_Y":"9244867.956"},"geometry":{"type":"Polygon","coordinates":[[[-62.593027261448668,-6.822352033587403],[-62.583954464254077,-6.822344296452234],[-62.583946632724768,-6.831412700899299],[-62.593019600691633,-6.831420448413008],[-62.593027261448668,-6.822352033587403]]]}},
{"type":"Feature","properties":{"DESCRIPTION":"MDT_1402227.tif","FILENAME":"U:\\P589_AmazoniaRevelada_BR-319\\LiDAR_dataset\\ENTREGAS\\ENTREGA_07\\2_MDT\\GEOTIFF\\MDT_1402227.tif","SHRT_FNAME":"MDT_1402227.tif","UPPER_LEFT_X":"543967.712","UPPER_LEFT_Y":"9245870.456","LOWER_RIGHT_X":"544970.212","LOWER_RIGHT_Y":"9244867.956"},"geometry":{"type":"Polygon","coordinates":[[[-62.6020774435909,-6.822359581491207],[-62.593004636006199,-6.822352014504958],[-62.592996974823308,-6.831420429304965],[-62.60206995318125,-6.831428006441523],[-62.6020774435909,-6.822359581491207]]]}},
{"type":"Feature","properties":{"DESCRIPTION":"MDT_1402226.tif","FILENAME":"U:\\P589_AmazoniaRevelada_BR-319\\LiDAR_dataset\\ENTREGAS\\ENTREGA_07\\2_MDT\\GEOTIFF\\MDT_1402226.tif","SHRT_FNAME":"MDT_1402226.tif","UPPER_LEFT_X":"542967.712","UPPER_LEFT_Y":"9245870.456","LOWER_RIGHT_X":"543970.212","LOWER_RIGHT_Y":"9244867.956"},"geometry":{"type":"Polygon","coordinates":[[[-62.61112763586658,-6.822366959669467],[-62.602054818122809,-6.822359562833075],[-62.602047327287288,-6.831427987758359],[-62.611120315805238,-6.831435394516822],[-62.61112763586658,-6.822366959669467]]]}},
{"type":"Feature","properties":{"DESCRIPTION":"MDT_1402225.tif","FILENAME":"U:\\P589_AmazoniaRevelada_BR-319\\LiDAR_dataset\\ENTREGAS\\ENTREGA_07\\2_MDT\\GEOTIFF\\MDT_1402225.tif","SHRT_FNAME":"MDT_1402225.tif","UPPER_LEFT_X":"541967.712","UPPER_LEFT_Y":"9245870.456","LOWER_RIGHT_X":"542970.212","LOWER_RIGHT_Y":"9244867.956"},"geometry":{"type":"Polygon","coordinates":[[[-62.620177838045279,-6.822374168121266],[-62.611105010373457,-6.822366941435649],[-62.611097689886236,-6.831435376258542],[-62.620170688333161,-6.831442612637989],[-62.620177838045279,-6.822374168121266]]]}},
{"type":"Feature","properties":{"DESCRIPTION":"MDT_1402224.tif","FILENAME":"U:\\P589_AmazoniaRevelada_BR-319\\LiDAR_dataset\\ENTREGAS\\ENTREGA_07\\2_MDT\\GEOTIFF\\MDT_1402224.tif","SHRT_FNAME":"MDT_1402224.tif","UPPER_LEFT_X":"540967.212","UPPER_LEFT_Y":"9245870.456","LOWER_RIGHT_X":"541970.212","LOWER_RIGHT_Y":"9244867.956"},"geometry":{"type":"Polygon","coordinates":[[[-62.629232575004814,-6.822381210322617],[-62.620155212527663,-6.822374150311765],[-62.620148062389681,-6.831442594804598],[-62.629225595727995,-6.831449664285704],[-62.629232575004814,-6.822381210322617]]]}},
{"type":"Feature","properties":{"DESCRIPTION":"MDT_1402223.tif","FILENAME":"U:\\P589_AmazoniaRevelada_BR-319\\LiDAR_dataset\\ENTREGAS\\ENTREGA_07\\2_MDT\\GEOTIFF\\MDT_1402223.tif","SHRT_FNAME":"MDT_1402223.tif","UPPER_LEFT_X":"539967.212","UPPER_LEFT_Y":"9245870.456","LOWER_RIGHT_X":"540969.712","LOWER_RIGHT_Y":"9244867.956"},"geometry":{"type":"Polygon","coordinates":[[[-62.638282796302775,-6.822388079233964],[-62.629209949463302,-6.822381192937648],[-62.629202969760598,-6.831449646877414],[-62.638275987376964,-6.831456542410963],[-62.638282796302775,-6.822388079233964]]]}},
{"type":"Feature","properties":{"DESCRIPTION":"MDT_1402222.tif","FILENAME":"U:\\P589_AmazoniaRevelada_BR-319\\LiDAR_dataset\\ENTREGAS\\ENTREGA_07\\2_MDT\\GEOTIFF\\MDT_1402222.tif","SHRT_FNAME":"MDT_1402222.tif","UPPER_LEFT_X":"538967.212","UPPER_LEFT_Y":"9245870.456","LOWER_RIGHT_X":"539969.712","LOWER_RIGHT_Y":"9244867.956"},"geometry":{"type":"Polygon","coordinates":[[[-62.647333026812248,-6.822394778416229],[-62.638260170737951,-6.822388062273317],[-62.638253361386248,-6.831456525427564],[-62.647326388238284,-6.831463250579467],[-62.647333026812248,-6.822394778416229]]]}},
{"type":"Feature","properties":{"DESCRIPTION":"MDT_1402221.tif","FILENAME":"U:\\P589_AmazoniaRevelada_BR-319\\LiDAR_dataset\\ENTREGAS\\ENTREGA_07\\2_MDT\\GEOTIFF\\MDT_1402221.tif","SHRT_FNAME":"MDT_1402221.tif","UPPER_LEFT_X":"537967.212","UPPER_LEFT_Y":"9245870.456","LOWER_RIGHT_X":"538969.712","LOWER_RIGHT_Y":"9244867.956"},"geometry":{"type":"Polygon","coordinates":[[[-62.656383266302775,-6.822401307868576],[-62.647310401224694,-6.822394761879905],[-62.647303762224837,-6.83146323402096],[-62.656376798081489,-6.83146978879038],[-62.656383266302775,-6.822401307868576]]]}},
{"type":"Feature","properties":{"DESCRIPTION":"MDT_1402220.tif","FILENAME":"U:\\P589_AmazoniaRevelada_BR-319\\LiDAR_dataset\\ENTREGAS\\ENTREGA_07\\2_MDT\\GEOTIFF\\MDT_1402220.tif","SHRT_FNAME":"MDT_1402220.tif","UPPER_LEFT_X":"536967.212","UPPER_LEFT_Y":"9245870.456","LOWER_RIGHT_X":"537969.712","LOWER_RIGHT_Y":"9244867.956"},"geometry":{"type":"Polygon","coordinates":[[[-62.665433514543878,-6.822407667590197],[-62.656360640693038,-6.822401291756578],[-62.65635417204588,-6.831469772656768],[-62.665427216676093,-6.83147615704289],[-62.665433514543878,-6.822407667590197]]]}},
{"type":"Feature","properties":{"DESCRIPTION":"MDT_1402219.tif","FILENAME":"U:\\P589_AmazoniaRevelada_BR-319\\LiDAR_dataset\\ENTREGAS\\ENTREGA_07\\2_MDT\\GEOTIFF\\MDT_1402219.tif","SHRT_FNAME":"MDT_1402219.tif","UPPER_LEFT_X":"535966.712","UPPER_LEFT_Y":"9245870.456","LOWER_RIGHT_X":"536969.712","LOWER_RIGHT_Y":"9244867.956"},"geometry":{"type":"Polygon","coordinates":[[[-62.674488296435577,-6.822413860632841],[-62.665410888912554,-6.822407651902527],[-62.665404590618877,-6.831476141334177],[-62.674482169007241,-6.831482358392844],[-62.674488296435577,-6.822413860632841]]]}},
{"type":"Feature","properties":{"DESCRIPTION":"MDT_1402218.tif","FILENAME":"U:\\P589_AmazoniaRevelada_BR-319\\LiDAR_dataset\\ENTREGAS\\ENTREGA_07\\2_MDT\\GEOTIFF\\MDT_1402218.tif","SHRT_FNAME":"MDT_1402218.tif","UPPER_LEFT_X":"534966.712","UPPER_LEFT_Y":"9245870.456","LOWER_RIGHT_X":"535969.212","LOWER_RIGHT_Y":"9244867.956"},"geometry":{"type":"Polygon","coordinates":[[[-62.683538561490543,-6.822419880805795],[-62.674465670783235,-6.822413845369713],[-62.674459542929007,-6.831482343109242],[-62.683532604417259,-6.831488386641217],[-62.683538561490543,-6.822419880805795]]]}},
{"type":"Feature","properties":{"DESCRIPTION":"MDT_1402217.tif","FILENAME":"U:\\P589_AmazoniaRevelada_BR-319\\LiDAR_dataset\\ENTREGAS\\ENTREGA_07\\2_MDT\\GEOTIFF\\MDT_1402217.tif","SHRT_FNAME":"MDT_1402217.tif","UPPER_LEFT_X":"533966.712","UPPER_LEFT_Y":"9245870.456","LOWER_RIGHT_X":"534969.212","LOWER_RIGHT_Y":"9244867.956"},"geometry":{"type":"Polygon","coordinates":[[[-62.692588834604578,-6.822425731245715],[-62.683515935817759,-6.822419865966998],[-62.683509978318583,-6.831488371782517],[-62.692583047887084,-6.831494244928881],[-62.692588834604578,-6.822425731245715]]]}},
{"type":"Feature","properties":{"DESCRIPTION":"MDT_1402216.tif","FILENAME":"U:\\P589_AmazoniaRevelada_BR-319\\LiDAR_dataset\\ENTREGAS\\ENTREGA_07\\2_MDT\\GEOTIFF\\MDT_1402216.tif","SHRT_FNAME":"MDT_1402216.tif","UPPER_LEFT_X":"532966.712","UPPER_LEFT_Y":"9245870.456","LOWER_RIGHT_X":"533969.212","LOWER_RIGHT_Y":"9244867.956"},"geometry":{"type":"Polygon","coordinates":[[[-62.701639115547223,-6.822431411951874],[-62.692566208911934,-6.82242571683125],[-62.692560421768562,-6.831494230495083],[-62.701633499186251,-6.831499933255105],[-62.701639115547223,-6.822431411951874]]]}},
{"type":"Feature","properties":{"DESCRIPTION":"MDT_1402215.tif","FILENAME":"U:\\P589_AmazoniaRevelada_BR-319\\LiDAR_dataset\\ENTREGAS\\ENTREGA_07\\2_MDT\\GEOTIFF\\MDT_1402215.tif","SHRT_FNAME":"MDT_1402215.tif","UPPER_LEFT_X":"531966.712","UPPER_LEFT_Y":"9245870.456","LOWER_RIGHT_X":"532969.212","LOWER_RIGHT_Y":"9244867.956"},"geometry":{"type":"Polygon","coordinates":[[[-62.710689404088001,-6.822436922923568],[-62.701616489835288,-6.822431397961746],[-62.701610873048431,-6.83149991924621],[-62.71068395808426,-6.831505451619182],[-62.710689404088001,-6.822436922923568]]]}},
{"type":"Feature","properties":{"DESCRIPTION":"MDT_1402214.tif","FILENAME":"U:\\P589_AmazoniaRevelada_BR-319\\LiDAR_dataset\\ENTREGAS\\ENTREGA_07\\2_MDT\\GEOTIFF\\MDT_1402214.tif","SHRT_FNAME":"MDT_1402214.tif","UPPER_LEFT_X":"530966.212","UPPER_LEFT_Y":"9245870.456","LOWER_RIGHT_X":"531969.212","LOWER_RIGHT_Y":"9244867.956"},"geometry":{"type":"Polygon","coordinates":[[[-62.719744225146208,-6.822442266788277],[-62.710666778357371,-6.822436909357777],[-62.710661331927739,-6.831505438035195],[-62.719738949585555,-6.831510802652117],[-62.719744225146208,-6.822442266788277]]]}},
{"type":"Feature","properties":{"DESCRIPTION":"MDT_1402213.tif","FILENAME":"U:\\P589_AmazoniaRevelada_BR-319\\LiDAR_dataset\\ENTREGAS\\ENTREGA_07\\2_MDT\\GEOTIFF\\MDT_1402213.tif","SHRT_FNAME":"MDT_1402213.tif","UPPER_LEFT_X":"529966.212","UPPER_LEFT_Y":"9245870.456","LOWER_RIGHT_X":"530968.712","LOWER_RIGHT_Y":"9244867.956"},"geometry":{"type":"Polygon","coordinates":[[[-62.728794528195372,-6.822447438204141],[-62.719721599397431,-6.822442253647037],[-62.719716323410886,-6.831510789493249],[-62.728789422993287,-6.831515981004887],[-62.728794528195372,-6.822447438204141]]]}},
{"type":"Feature","properties":{"DESCRIPTION":"MDT_1402212.tif","FILENAME":"U:\\P589_AmazoniaRevelada_BR-319\\LiDAR_dataset\\ENTREGAS\\ENTREGA_07\\2_MDT\\GEOTIFF\\MDT_1402212.tif","SHRT_FNAME":"MDT_1402212.tif","UPPER_LEFT_X":"528966.212","UPPER_LEFT_Y":"9245870.456","LOWER_RIGHT_X":"529968.712","LOWER_RIGHT_Y":"9244867.956"},"geometry":{"type":"Polygon","coordinates":[[[-62.737844838151148,-6.822452439883549],[-62.728771902429038,-6.82244742548724],[-62.728766796801054,-6.831515968270928],[-62.737839903308263,-6.831520989393517],[-62.737844838151148,-6.822452439883549]]]}},
{"type":"Feature","properties":{"DESCRIPTION":"MDT_1402211.tif","FILENAME":"U:\\P589_AmazoniaRevelada_BR-319\\LiDAR_dataset\\ENTREGAS\\ENTREGA_07\\2_MDT\\GEOTIFF\\MDT_1402211.tif","SHRT_FNAME":"MDT_1402211.tif","UPPER_LEFT_X":"527966.212","UPPER_LEFT_Y":"9245870.456","LOWER_RIGHT_X":"528968.712","LOWER_RIGHT_Y":"9244867.956"},"geometry":{"type":"Polygon","coordinates":[[[-62.746895154783054,-6.82245727182588],[-62.737822212367831,-6.822452427590991],[-62.737817277099055,-6.831520977084471],[-62.74689039030001,-6.831525827817387],[-62.746895154783054,-6.82245727182588]]]}},
{"type":"Feature","properties":{"DESCRIPTION":"MDT_1402210.tif","FILENAME":"U:\\P589_AmazoniaRevelada_BR-319\\LiDAR_dataset\\ENTREGAS\\ENTREGA_07\\2_MDT\\GEOTIFF\\MDT_1402210.tif","SHRT_FNAME":"MDT_1402210.tif","UPPER_LEFT_X":"526966.212","UPPER_LEFT_Y":"9245870.456","LOWER_RIGHT_X":"527968.712","LOWER_RIGHT_Y":"9244867.956"},"geometry":{"type":"Polygon","coordinates":[[[-62.755945477860656,-6.822461934030535],[-62.746872528983353,-6.822457259957666],[-62.746867764074402,-6.831525815933253],[-62.755940883738027,-6.831530496275896],[-62.755945477860656,-6.822461934030535]]]}},
{"type":"Feature","properties":{"DESCRIPTION":"MDT_1402209.tif","FILENAME":"U:\\P589_AmazoniaRevelada_BR-319\\LiDAR_dataset\\ENTREGAS\\ENTREGA_07\\2_MDT\\GEOTIFF\\MDT_1402209.tif","SHRT_FNAME":"MDT_1402209.tif","UPPER_LEFT_X":"525966.212","UPPER_LEFT_Y":"9245870.456","LOWER_RIGHT_X":"526968.712","LOWER_RIGHT_Y":"9244867.956"},"geometry":{"type":"Polygon","coordinates":[[[-62.76499580715344,-6.822466426496937],[-62.75592285204511,-6.822461922586668],[-62.755918257496582,-6.831530484816676],[-62.764991383391802,-6.831534994768462],[-62.76499580715344,-6.822466426496937]]]}},
{"type":"Feature","properties":{"DESCRIPTION":"MDT_1402208.tif","FILENAME":"U:\\P589_AmazoniaRevelada_BR-319\\LiDAR_dataset\\ENTREGAS\\ENTREGA_07\\2_MDT\\GEOTIFF\\MDT_1402208.tif","SHRT_FNAME":"MDT_1402208.tif","UPPER_LEFT_X":"524965.712","UPPER_LEFT_Y":"9245870.456","LOWER_RIGHT_X":"525968.712","LOWER_RIGHT_Y":"9244867.956"},"geometry":{"type":"Polygon","coordinates":[[[-62.774050667600044,-6.822470751343429],[-62.764973181322645,-6.822466415477414],[-62.764968757135115,-6.831534983734158],[-62.774046414285145,-6.83153932541628],[-62.774050667600044,-6.822470751343429]]]}},
{"type":"Feature","properties":{"DESCRIPTION":"MDT_1402207.tif","FILENAME":"U:\\P589_AmazoniaRevelada_BR-319\\LiDAR_dataset\\ENTREGAS\\ENTREGA_07\\2_MDT\\GEOTIFF\\MDT_1402207.tif","SHRT_FNAME":"MDT_1402207.tif","UPPER_LEFT_X":"523965.712","UPPER_LEFT_Y":"9245870.456","LOWER_RIGHT_X":"524968.212","LOWER_RIGHT_Y":"9244867.956"},"geometry":{"type":"Polygon","coordinates":[[[-62.783101008634603,-6.822474904246796],[-62.774028041754562,-6.822470740748467],[-62.774023788013764,-6.831539314807104],[-62.783096925681804,-6.831543483890323],[-62.783101008634603,-6.822474904246796]]]}},
{"type":"Feature","properties":{"DESCRIPTION":"MDT_1402206.tif","FILENAME":"U:\\P589_AmazoniaRevelada_BR-319\\LiDAR_dataset\\ENTREGAS\\ENTREGA_07\\2_MDT\\GEOTIFF\\MDT_1402206.tif","SHRT_FNAME":"MDT_1402206.tif","UPPER_LEFT_X":"522965.712","UPPER_LEFT_Y":"9245870.456","LOWER_RIGHT_X":"523968.212","LOWER_RIGHT_Y":"9244867.956"},"geometry":{"type":"Polygon","coordinates":[[[-62.792151355192843,-6.822478887410295],[-62.783078382775045,-6.822474894076183],[-62.783074299396333,-6.831543473706068],[-62.792147442602634,-6.831547472396815],[-62.792151355192843,-6.822478887410295]]]}},
{"type":"Feature","properties":{"DESCRIPTION":"MDT_1402205.tif","FILENAME":"U:\\P589_AmazoniaRevelada_BR-319\\LiDAR_dataset\\ENTREGAS\\ENTREGA_07\\2_MDT\\GEOTIFF\\MDT_1402205.tif","SHRT_FNAME":"MDT_1402205.tif","UPPER_LEFT_X":"521965.712","UPPER_LEFT_Y":"9245870.456","LOWER_RIGHT_X":"522968.212","LOWER_RIGHT_Y":"9244867.956"},"geometry":{"type":"Polygon","coordinates":[[[-62.801201707044257,-6.822482700833434],[-62.792128729319757,-6.822478877664032],[-62.792124816303634,-6.831547462637478],[-62.801197964817128,-6.831551290935257],[-62.801201707044257,-6.822482700833434]]]}},
{"type":"Feature","properties":{"DESCRIPTION":"MDT_1402204.tif","FILENAME":"U:\\P589_AmazoniaRevelada_BR-319\\LiDAR_dataset\\ENTREGAS\\ENTREGA_07\\2_MDT\\GEOTIFF\\MDT_1402204.tif","SHRT_FNAME":"MDT_1402204.tif","UPPER_LEFT_X":"520965.712","UPPER_LEFT_Y":"9245870.456","LOWER_RIGHT_X":"521968.212","LOWER_RIGHT_Y":"9244867.956"},"geometry":{"type":"Polygon","coordinates":[[[-62.810252063958373,-6.822486344515739],[-62.801179081158217,-6.822482691511522],[-62.801175338505175,-6.831551281600839],[-62.8102484920948,-6.831554939505175],[-62.810252063958373,-6.822486344515739]]]}},
{"type":"Feature","properties":{"DESCRIPTION":"MDT_1402203.tif","FILENAME":"U:\\P589_AmazoniaRevelada_BR-319\\LiDAR_dataset\\ENTREGAS\\ENTREGA_07\\2_MDT\\GEOTIFF\\MDT_1402203.tif","SHRT_FNAME":"MDT_1402203.tif","UPPER_LEFT_X":"519965.212","UPPER_LEFT_Y":"9245870.456","LOWER_RIGHT_X":"520968.212","LOWER_RIGHT_Y":"9244867.956"},"geometry":{"type":"Polygon","coordinates":[[[-62.819306950886755,-6.82248982015127],[-62.810229438059963,-6.822486335618178],[-62.810225865770477,-6.83155493059568],[-62.819303549472366,-6.831558419802902],[-62.819306950886755,-6.82248982015127]]]}},
{"type":"Feature","properties":{"DESCRIPTION":"MDT_1402202.tif","FILENAME":"U:\\P589_AmazoniaRevelada_BR-319\\LiDAR_dataset\\ENTREGAS\\ENTREGA_07\\2_MDT\\GEOTIFF\\MDT_1402202.tif","SHRT_FNAME":"MDT_1402202.tif","UPPER_LEFT_X":"518965.212","UPPER_LEFT_Y":"9245870.456","LOWER_RIGHT_X":"519967.712","LOWER_RIGHT_Y":"9244867.956"},"geometry":{"type":"Polygon","coordinates":[[[-62.828357317237085,-6.822493124265698],[-62.81928432497655,-6.822489811678275],[-62.819280923136255,-6.831558411318542],[-62.828354086187133,-6.831561728349451],[-62.828357317237085,-6.822493124265698]]]}},
{"type":"Feature","properties":{"DESCRIPTION":"MDT_1402201.tif","FILENAME":"U:\\P589_AmazoniaRevelada_BR-319\\LiDAR_dataset\\ENTREGAS\\ENTREGA_07\\2_MDT\\GEOTIFF\\MDT_1402201.tif","SHRT_FNAME":"MDT_1402201.tif","UPPER_LEFT_X":"517965.212","UPPER_LEFT_Y":"9245870.456","LOWER_RIGHT_X":"518967.712","LOWER_RIGHT_Y":"9244867.956"},"geometry":{"type":"Polygon","coordinates":[[[-62.837407687958567,-6.822496258637994],[-62.828334691315675,-6.822493116217056],[-62.828331459839802,-6.831561720290014],[-62.837404627273443,-6.831564866926175],[-62.837407687958567,-6.822496258637994]]]}},
{"type":"Feature","properties":{"DESCRIPTION":"MDT_1402200.tif","FILENAME":"U:\\P589_AmazoniaRevelada_BR-319\\LiDAR_dataset\\ENTREGAS\\ENTREGA_07\\2_MDT\\GEOTIFF\\MDT_1402200.tif","SHRT_FNAME":"MDT_1402200.tif","UPPER_LEFT_X":"516965.212","UPPER_LEFT_Y":"9245870.456","LOWER_RIGHT_X":"517967.712","LOWER_RIGHT_Y":"9244867.956"},"geometry":{"type":"Polygon","coordinates":[[[-62.846458062820737,-6.822499223267774],[-62.837385062026513,-6.822496251013711],[-62.837382000915483,-6.831564859291666],[-62.846455172500832,-6.831567835532692],[-62.846458062820737,-6.822499223267774]]]}},
{"type":"Feature","properties":{"DESCRIPTION":"MDT_1402199.tif","FILENAME":"U:\\P589_AmazoniaRevelada_BR-319\\LiDAR_dataset\\ENTREGAS\\ENTREGA_07\\2_MDT\\GEOTIFF\\MDT_1402199.tif","SHRT_FNAME":"MDT_1402199.tif","UPPER_LEFT_X":"515965.212","UPPER_LEFT_Y":"9245870.456","LOWER_RIGHT_X":"516967.712","LOWER_RIGHT_Y":"9244867.956"},"geometry":{"type":"Polygon","coordinates":[[[-62.855508441593095,-6.822502018154667],[-62.846435436878608,-6.822499216067848],[-62.846432546132789,-6.831567828323108],[-62.855505721638771,-6.831570634168632],[-62.855508441593095,-6.822502018154667]]]}},
{"type":"Feature","properties":{"DESCRIPTION":"MDT_1402198.tif","FILENAME":"U:\\P589_AmazoniaRevelada_BR-319\\LiDAR_dataset\\ENTREGAS\\ENTREGA_07\\2_MDT\\GEOTIFF\\MDT_1402198.tif","SHRT_FNAME":"MDT_1402198.tif","UPPER_LEFT_X":"514964.712","UPPER_LEFT_Y":"9245870.456","LOWER_RIGHT_X":"515967.712","LOWER_RIGHT_Y":"9244867.956"},"geometry":{"type":"Polygon","coordinates":[[[-62.864563349237265,-6.822504644568443],[-62.855485815641472,-6.822502011379099],[-62.855483095261235,-6.831570627383973],[-62.864560799734051,-6.831573264105461],[-62.864563349237265,-6.822504644568443]]]}},
{"type":"Feature","properties":{"DESCRIPTION":"MDT_1402197.tif","FILENAME":"U:\\P589_AmazoniaRevelada_BR-319\\LiDAR_dataset\\ENTREGAS\\ENTREGA_07\\2_MDT\\GEOTIFF\\MDT_1402197.tif","SHRT_FNAME":"MDT_1402197.tif","UPPER_LEFT_X":"513964.712","UPPER_LEFT_Y":"9245870.456","LOWER_RIGHT_X":"514967.212","LOWER_RIGHT_Y":"9244867.956"},"geometry":{"type":"Polygon","coordinates":[[[-62.873613735140232,-6.822507099883671],[-62.864540723276733,-6.822504638217444],[-62.864538173347597,-6.831573257745943],[-62.873611356003252,-6.831575722714237],[-62.873613735140232,-6.822507099883671]]]}},
{"type":"Feature","properties":{"DESCRIPTION":"MDT_1402196.tif","FILENAME":"U:\\P589_AmazoniaRevelada_BR-319\\LiDAR_dataset\\ENTREGAS\\ENTREGA_07\\2_MDT\\GEOTIFF\\MDT_1402196.tif","SHRT_FNAME":"MDT_1402196.tif","UPPER_LEFT_X":"512964.712","UPPER_LEFT_Y":"9245870.456","LOWER_RIGHT_X":"513967.212","LOWER_RIGHT_Y":"9244867.956"},"geometry":{"type":"Polygon","coordinates":[[[-62.882664124261836,-6.822509385455033],[-62.873591109171365,-6.822507093957031],[-62.873588729608464,-6.831575716779647],[-62.88266191549139,-6.831578011351451],[-62.882664124261836,-6.822509385455033]]]}},
{"type":"Feature","properties":{"DESCRIPTION":"MDT_1402195.tif","FILENAME":"U:\\P589_AmazoniaRevelada_BR-319\\LiDAR_dataset\\ENTREGAS\\ENTREGA_07\\2_MDT\\GEOTIFF\\MDT_1402195.tif","SHRT_FNAME":"MDT_1402195.tif","UPPER_LEFT_X":"511964.712","UPPER_LEFT_Y":"9245870.456","LOWER_RIGHT_X":"512967.212","LOWER_RIGHT_Y":"9244867.956"},"geometry":{"type":"Polygon","coordinates":[[[-62.891714516371593,-6.822511501282249],[-62.882641498285217,-6.822509379952757],[-62.882639289088857,-6.831578005841792],[-62.891712477967964,-6.831580130016825],[-62.891714516371593,-6.822511501282249]]]}},
{"type":"Feature","properties":{"DESCRIPTION":"MDT_1402194.tif","FILENAME":"U:\\P589_AmazoniaRevelada_BR-319\\LiDAR_dataset\\ENTREGAS\\ENTREGA_07\\2_MDT\\GEOTIFF\\MDT_1402194.tif","SHRT_FNAME":"MDT_1402194.tif","UPPER_LEFT_X":"510964.712","UPPER_LEFT_Y":"9245870.456","LOWER_RIGHT_X":"511967.212","LOWER_RIGHT_Y":"9244867.956"},"geometry":{"type":"Polygon","coordinates":[[[-62.90076491123903,-6.822513447365053],[-62.891691890387783,-6.822511496204332],[-62.89168985155824,-6.831580124932095],[-62.900763043202474,-6.831582078710092],[-62.90076491123903,-6.822513447365053]]]}},
{"type":"Feature","properties":{"DESCRIPTION":"MDT_1402193.tif","FILENAME":"U:\\P589_AmazoniaRevelada_BR-319\\LiDAR_dataset\\ENTREGAS\\ENTREGA_07\\2_MDT\\GEOTIFF\\MDT_1402193.tif","SHRT_FNAME":"MDT_1402193.tif","UPPER_LEFT_X":"509964.712","UPPER_LEFT_Y":"9245870.456","LOWER_RIGHT_X":"510967.212","LOWER_RIGHT_Y":"9244867.956"},"geometry":{"type":"Polygon","coordinates":[[[-62.909815308633647,-6.822515223703205],[-62.900742285248604,-6.822513442711497],[-62.900740416786135,-6.831582074050294],[-62.909813610964392,-6.831583857431013],[-62.909815308633647,-6.822515223703205]]]}},
{"type":"Feature","properties":{"DESCRIPTION":"MDT_1401244.tif","FILENAME":"U:\\P589_AmazoniaRevelada_BR-319\\LiDAR_dataset\\ENTREGAS\\ENTREGA_07\\2_MDT\\GEOTIFF\\MDT_1401244.tif","SHRT_FNAME":"MDT_1401244.tif","UPPER_LEFT_X":"560969.212","UPPER_LEFT_Y":"9246870.456","LOWER_RIGHT_X":"561971.712","LOWER_RIGHT_Y":"9245867.956"},"geometry":{"type":"Polygon","coordinates":[[[-62.448222684852375,-6.813162558528103],[-62.439150255436729,-6.81315211289506],[-62.439139712575312,-6.822220324120026],[-62.448212312513363,-6.822230783783031],[-62.448222684852375,-6.813162558528103]]]}},
{"type":"Feature","properties":{"DESCRIPTION":"MDT_1401243.tif","FILENAME":"U:\\P589_AmazoniaRevelada_BR-319\\LiDAR_dataset\\ENTREGAS\\ENTREGA_07\\2_MDT\\GEOTIFF\\MDT_1401243.tif","SHRT_FNAME":"MDT_1401243.tif","UPPER_LEFT_X":"559969.212","UPPER_LEFT_Y":"9246870.456","LOWER_RIGHT_X":"560971.712","LOWER_RIGHT_Y":"9245867.956"},"geometry":{"type":"Polygon","coordinates":[[[-62.45727250382356,-6.813172808420662],[-62.448200060322463,-6.813162532690993],[-62.448189687558198,-6.822230757911218],[-62.457262301583,-6.822241047442644],[-62.45727250382356,-6.813172808420662]]]}},
{"type":"Feature","properties":{"DESCRIPTION":"MDT_1401242.tif","FILENAME":"U:\\P589_AmazoniaRevelada_BR-319\\LiDAR_dataset\\ENTREGAS\\ENTREGA_07\\2_MDT\\GEOTIFF\\MDT_1401242.tif","SHRT_FNAME":"MDT_1401242.tif","UPPER_LEFT_X":"558969.212","UPPER_LEFT_Y":"9246870.456","LOWER_RIGHT_X":"559971.712","LOWER_RIGHT_Y":"9245867.956"},"geometry":{"type":"Polygon","coordinates":[[[-62.466322336614382,-6.81318288883227],[-62.457249879258818,-6.813172783007251],[-62.457239676592991,-6.822241021995101],[-62.46631230447354,-6.822251141393674],[-62.466322336614382,-6.81318288883227]]]}},
{"type":"Feature","properties":{"DESCRIPTION":"MDT_1401241.tif","FILENAME":"U:\\P589_AmazoniaRevelada_BR-319\\LiDAR_dataset\\ENTREGAS\\ENTREGA_07\\2_MDT\\GEOTIFF\\MDT_1401241.tif","SHRT_FNAME":"MDT_1401241.tif","UPPER_LEFT_X":"557969.212","UPPER_LEFT_Y":"9246870.456","LOWER_RIGHT_X":"558971.712","LOWER_RIGHT_Y":"9245867.956"},"geometry":{"type":"Polygon","coordinates":[[[-62.475372182994413,-6.813192799761679],[-62.466299712015363,-6.813182863842563],[-62.466289679449282,-6.822251116370403],[-62.475362320954559,-6.822261065634863],[-62.475372182994413,-6.813192799761679]]]}},
{"type":"Feature","properties":{"DESCRIPTION":"MDT_1401240.tif","FILENAME":"U:\\P589_AmazoniaRevelada_BR-319\\LiDAR_dataset\\ENTREGAS\\ENTREGA_07\\2_MDT\\GEOTIFF\\MDT_1401240.tif","SHRT_FNAME":"MDT_1401240.tif","UPPER_LEFT_X":"556968.712","UPPER_LEFT_Y":"9246870.456","LOWER_RIGHT_X":"557971.712","LOWER_RIGHT_Y":"9245867.956"},"geometry":{"type":"Polygon","coordinates":[[[-62.484426567666418,-6.813202546035988],[-62.475349558361721,-6.813192775195679],[-62.475339695896608,-6.822261041035869],[-62.484416875813849,-6.822270824999799],[-62.484426567666418,-6.813202546035988]]]}},
{"type":"Feature","properties":{"DESCRIPTION":"MDT_1401239.tif","FILENAME":"U:\\P589_AmazoniaRevelada_BR-319\\LiDAR_dataset\\ENTREGAS\\ENTREGA_07\\2_MDT\\GEOTIFF\\MDT_1401239.tif","SHRT_FNAME":"MDT_1401239.tif","UPPER_LEFT_X":"555968.712","UPPER_LEFT_Y":"9246870.456","LOWER_RIGHT_X":"556971.212","LOWER_RIGHT_Y":"9245867.956"},"geometry":{"type":"Polygon","coordinates":[[[-62.493476440540164,-6.813212117912583],[-62.484403943000594,-6.813202521893911],[-62.484394250722758,-6.822270800825295],[-62.493466918791015,-6.822280409732781],[-62.493476440540164,-6.813212117912583]]]}},
{"type":"Feature","properties":{"DESCRIPTION":"MDT_1401238.tif","FILENAME":"U:\\P589_AmazoniaRevelada_BR-319\\LiDAR_dataset\\ENTREGAS\\ENTREGA_07\\2_MDT\\GEOTIFF\\MDT_1401238.tif","SHRT_FNAME":"MDT_1401238.tif","UPPER_LEFT_X":"554968.712","UPPER_LEFT_Y":"9246870.456","LOWER_RIGHT_X":"555971.212","LOWER_RIGHT_Y":"9245867.956"},"geometry":{"type":"Polygon","coordinates":[[[-62.502526326311752,-6.813221520303347],[-62.493453815841796,-6.813212094194217],[-62.493444293667395,-6.822280385982558],[-62.502516974667238,-6.822289824752289],[-62.502526326311752,-6.813221520303347]]]}},
{"type":"Feature","properties":{"DESCRIPTION":"MDT_1401237.tif","FILENAME":"U:\\P589_AmazoniaRevelada_BR-319\\LiDAR_dataset\\ENTREGAS\\ENTREGA_07\\2_MDT\\GEOTIFF\\MDT_1401237.tif","SHRT_FNAME":"MDT_1401237.tif","UPPER_LEFT_X":"553968.712","UPPER_LEFT_Y":"9246870.456","LOWER_RIGHT_X":"554971.212","LOWER_RIGHT_Y":"9245867.956"},"geometry":{"type":"Polygon","coordinates":[[[-62.511576224750797,-6.813230753207113],[-62.502503701581439,-6.813221497008699],[-62.502494349511657,-6.822289801426352],[-62.511567043212075,-6.822299070057155],[-62.511576224750797,-6.813230753207113]]]}},
{"type":"Feature","properties":{"DESCRIPTION":"MDT_1401236.tif","FILENAME":"U:\\P589_AmazoniaRevelada_BR-319\\LiDAR_dataset\\ENTREGAS\\ENTREGA_07\\2_MDT\\GEOTIFF\\MDT_1401236.tif","SHRT_FNAME":"MDT_1401236.tif","UPPER_LEFT_X":"552968.712","UPPER_LEFT_Y":"9246870.456","LOWER_RIGHT_X":"553971.212","LOWER_RIGHT_Y":"9245867.956"},"geometry":{"type":"Polygon","coordinates":[[[-62.520626135626856,-6.813239816622737],[-62.511553599989099,-6.813230730336183],[-62.511544418025117,-6.822299047155506],[-62.520617124195091,-6.822308145646232],[-62.520626135626856,-6.813239816622737]]]}},
{"type":"Feature","properties":{"DESCRIPTION":"MDT_1401235.tif","FILENAME":"U:\\P589_AmazoniaRevelada_BR-319\\LiDAR_dataset\\ENTREGAS\\ENTREGA_07\\2_MDT\\GEOTIFF\\MDT_1401235.tif","SHRT_FNAME":"MDT_1401235.tif","UPPER_LEFT_X":"551968.212","UPPER_LEFT_Y":"9246870.456","LOWER_RIGHT_X":"552971.212","LOWER_RIGHT_Y":"9245867.956"},"geometry":{"type":"Polygon","coordinates":[[[-62.529680583674072,-6.813248714953659],[-62.520603510834341,-6.813239794175529],[-62.52059449897731,-6.822308123168874],[-62.52967174243544,-6.822317055928874],[-62.529680583674072,-6.813248714953659]]]}},
{"type":"Feature","properties":{"DESCRIPTION":"MDT_1401234.tif","FILENAME":"U:\\P589_AmazoniaRevelada_BR-319\\LiDAR_dataset\\ENTREGAS\\ENTREGA_07\\2_MDT\\GEOTIFF\\MDT_1401234.tif","SHRT_FNAME":"MDT_1401234.tif","UPPER_LEFT_X":"550968.212","UPPER_LEFT_Y":"9246870.456","LOWER_RIGHT_X":"551970.712","LOWER_RIGHT_Y":"9245867.956"},"geometry":{"type":"Polygon","coordinates":[[[-62.538730518738845,-6.813257439304895],[-62.529657958851317,-6.813248692930387],[-62.529649117187411,-6.822317033876025],[-62.538721847609395,-6.822325791998151],[-62.538730518738845,-6.813257439304895]]]}},
{"type":"Feature","properties":{"DESCRIPTION":"MDT_1401233.tif","FILENAME":"U:\\P589_AmazoniaRevelada_BR-319\\LiDAR_dataset\\ENTREGAS\\ENTREGA_07\\2_MDT\\GEOTIFF\\MDT_1401233.tif","SHRT_FNAME":"MDT_1401233.tif","UPPER_LEFT_X":"549968.212","UPPER_LEFT_Y":"9246870.456","LOWER_RIGHT_X":"550970.712","LOWER_RIGHT_Y":"9245867.956"},"geometry":{"type":"Polygon","coordinates":[[[-62.547780465549266,-6.813265994164669],[-62.538707893886453,-6.81325741770535],[-62.538699222331722,-6.822325770369596],[-62.547771964530092,-6.82233435834832],[-62.547780465549266,-6.813265994164669]]]}},
{"type":"Feature","properties":{"DESCRIPTION":"MDT_1401232.tif","FILENAME":"U:\\P589_AmazoniaRevelada_BR-319\\LiDAR_dataset\\ENTREGAS\\ENTREGA_07\\2_MDT\\GEOTIFF\\MDT_1401232.tif","SHRT_FNAME":"MDT_1401232.tif","UPPER_LEFT_X":"548968.212","UPPER_LEFT_Y":"9246870.456","LOWER_RIGHT_X":"549970.712","LOWER_RIGHT_Y":"9245867.956"},"geometry":{"type":"Polygon","coordinates":[[[-62.556830423874899,-6.813274379531926],[-62.547757840667792,-6.813265972988856],[-62.547749339223337,-6.822334337144063],[-62.55682209296706,-6.822342754978315],[-62.556830423874899,-6.813274379531926]]]}},
{"type":"Feature","properties":{"DESCRIPTION":"MDT_1401231.tif","FILENAME":"U:\\P589_AmazoniaRevelada_BR-319\\LiDAR_dataset\\ENTREGAS\\ENTREGA_07\\2_MDT\\GEOTIFF\\MDT_1401231.tif","SHRT_FNAME":"MDT_1401231.tif","UPPER_LEFT_X":"547968.212","UPPER_LEFT_Y":"9246870.456","LOWER_RIGHT_X":"548970.712","LOWER_RIGHT_Y":"9245867.956"},"geometry":{"type":"Polygon","coordinates":[[[-62.56588039348533,-6.813282595405623],[-62.556807798964925,-6.813274358779845],[-62.556799467631805,-6.822342734198362],[-62.565872232689863,-6.822350981887097],[-62.56588039348533,-6.813282595405623]]]}},
{"type":"Feature","properties":{"DESCRIPTION":"MDT_1401230.tif","FILENAME":"U:\\P589_AmazoniaRevelada_BR-319\\LiDAR_dataset\\ENTREGAS\\ENTREGA_07\\2_MDT\\GEOTIFF\\MDT_1401230.tif","SHRT_FNAME":"MDT_1401230.tif","UPPER_LEFT_X":"546968.212","UPPER_LEFT_Y":"9246870.456","LOWER_RIGHT_X":"547970.712","LOWER_RIGHT_Y":"9245867.956"},"geometry":{"type":"Polygon","coordinates":[[[-62.574930374150114,-6.813290641784736],[-62.565857768547417,-6.813282575077275],[-62.565849607326676,-6.822350961531447],[-62.574922383468049,-6.822359039073643],[-62.574930374150114,-6.813290641784736]]]}},
{"type":"Feature","properties":{"DESCRIPTION":"MDT_1401229.tif","FILENAME":"U:\\P589_AmazoniaRevelada_BR-319\\LiDAR_dataset\\ENTREGAS\\ENTREGA_07\\2_MDT\\GEOTIFF\\MDT_1401229.tif","SHRT_FNAME":"MDT_1401229.tif","UPPER_LEFT_X":"545967.712","UPPER_LEFT_Y":"9246870.456","LOWER_RIGHT_X":"546970.712","LOWER_RIGHT_Y":"9245867.956"},"geometry":{"type":"Polygon","coordinates":[[[-62.583984890637247,-6.813298522564315],[-62.57490774918486,-6.813290621880127],[-62.574899758077521,-6.822359019142298],[-62.583977070154653,-6.822366930438228],[-62.583984890637247,-6.813298522564315]]]}},
{"type":"Feature","properties":{"DESCRIPTION":"MDT_1401228.tif","FILENAME":"U:\\P589_AmazoniaRevelada_BR-319\\LiDAR_dataset\\ENTREGAS\\ENTREGA_07\\2_MDT\\GEOTIFF\\MDT_1401228.tif","SHRT_FNAME":"MDT_1401228.tif","UPPER_LEFT_X":"544967.712","UPPER_LEFT_Y":"9246870.456","LOWER_RIGHT_X":"545970.212","LOWER_RIGHT_Y":"9245867.956"},"geometry":{"type":"Polygon","coordinates":[[[-62.593034892724702,-6.813306229866542],[-62.583962265645198,-6.813298503083659],[-62.583954444737316,-6.822366910931406],[-62.593027242357486,-6.822374648092455],[-62.593034892724702,-6.813306229866542]]]}},
{"type":"Feature","properties":{"DESCRIPTION":"MDT_1401227.tif","FILENAME":"U:\\P589_AmazoniaRevelada_BR-319\\LiDAR_dataset\\ENTREGAS\\ENTREGA_07\\2_MDT\\GEOTIFF\\MDT_1401227.tif","SHRT_FNAME":"MDT_1401227.tif","UPPER_LEFT_X":"543967.712","UPPER_LEFT_Y":"9246870.456","LOWER_RIGHT_X":"544970.212","LOWER_RIGHT_Y":"9245867.956"},"geometry":{"type":"Polygon","coordinates":[[[-62.602084905175104,-6.813313767671249],[-62.593012267706463,-6.813306210809627],[-62.593004616913966,-6.822374629009946],[-62.602077424924239,-6.822382196021509],[-62.602084905175104,-6.813313767671249]]]}},
{"type":"Feature","properties":{"DESCRIPTION":"MDT_1401226.tif","FILENAME":"U:\\P589_AmazoniaRevelada_BR-319\\LiDAR_dataset\\ENTREGAS\\ENTREGA_07\\2_MDT\\GEOTIFF\\MDT_1401226.tif","SHRT_FNAME":"MDT_1401226.tif","UPPER_LEFT_X":"542967.712","UPPER_LEFT_Y":"9246870.456","LOWER_RIGHT_X":"543970.212","LOWER_RIGHT_Y":"9245867.956"},"geometry":{"type":"Polygon","coordinates":[[[-62.611134927758044,-6.813321135977507],[-62.602062280131257,-6.813313749038081],[-62.602054799455097,-6.822382177363313],[-62.611127617624447,-6.822389574224449],[-62.611134927758044,-6.813321135977507]]]}},
{"type":"Feature","properties":{"DESCRIPTION":"MDT_1401225.tif","FILENAME":"U:\\P589_AmazoniaRevelada_BR-319\\LiDAR_dataset\\ENTREGAS\\ENTREGA_07\\2_MDT\\GEOTIFF\\MDT_1401225.tif","SHRT_FNAME":"MDT_1401225.tif","UPPER_LEFT_X":"541967.712","UPPER_LEFT_Y":"9246870.456","LOWER_RIGHT_X":"542970.212","LOWER_RIGHT_Y":"9245867.956"},"geometry":{"type":"Polygon","coordinates":[[[-62.620184960243058,-6.813328334784394],[-62.611112302689143,-6.813321117768083],[-62.611104992130258,-6.82238955599057],[-62.62017782022766,-6.822396782700361],[-62.620184960243058,-6.813328334784394]]]}},
{"type":"Feature","properties":{"DESCRIPTION":"MDT_1401224.tif","FILENAME":"U:\\P589_AmazoniaRevelada_BR-319\\LiDAR_dataset\\ENTREGAS\\ENTREGA_07\\2_MDT\\GEOTIFF\\MDT_1401224.tif","SHRT_FNAME":"MDT_1401224.tif","UPPER_LEFT_X":"540967.212","UPPER_LEFT_Y":"9246870.456","LOWER_RIGHT_X":"541970.212","LOWER_RIGHT_Y":"9245867.956"},"geometry":{"type":"Polygon","coordinates":[[[-62.629239527423181,-6.81333536756328],[-62.620162335149693,-6.813328316998722],[-62.620155194708992,-6.8223967648908],[-62.629232557611935,-6.822403824925269],[-62.629239527423181,-6.81333536756328]]]}},
{"type":"Feature","properties":{"DESCRIPTION":"MDT_1401223.tif","FILENAME":"U:\\P589_AmazoniaRevelada_BR-319\\LiDAR_dataset\\ENTREGAS\\ENTREGA_07\\2_MDT\\GEOTIFF\\MDT_1401223.tif","SHRT_FNAME":"MDT_1401223.tif","UPPER_LEFT_X":"539967.212","UPPER_LEFT_Y":"9246870.456","LOWER_RIGHT_X":"540969.712","LOWER_RIGHT_Y":"9245867.956"},"geometry":{"type":"Polygon","coordinates":[[[-62.638289579025717,-6.813342227284021],[-62.629216902305913,-6.81333535020157],[-62.629209932069358,-6.82240380754024],[-62.638282779334425,-6.822410693859594],[-62.638289579025717,-6.813342227284021]]]}},
{"type":"Feature","properties":{"DESCRIPTION":"MDT_1401222.tif","FILENAME":"U:\\P589_AmazoniaRevelada_BR-319\\LiDAR_dataset\\ENTREGAS\\ENTREGA_07\\2_MDT\\GEOTIFF\\MDT_1401222.tif","SHRT_FNAME":"MDT_1401222.tif","UPPER_LEFT_X":"538967.212","UPPER_LEFT_Y":"9246870.456","LOWER_RIGHT_X":"539969.712","LOWER_RIGHT_Y":"9245867.956"},"geometry":{"type":"Polygon","coordinates":[[[-62.647339639838911,-6.813348917502777],[-62.638266953885129,-6.813342210346067],[-62.638260153768549,-6.822410676898889],[-62.647333010268433,-6.822417393064266],[-62.647339639838911,-6.813348917502777]]]}},
{"type":"Feature","properties":{"DESCRIPTION":"MDT_1401221.tif","FILENAME":"U:\\P589_AmazoniaRevelada_BR-319\\LiDAR_dataset\\ENTREGAS\\ENTREGA_07\\2_MDT\\GEOTIFF\\MDT_1401221.tif","SHRT_FNAME":"MDT_1401221.tif","UPPER_LEFT_X":"537967.212","UPPER_LEFT_Y":"9246870.456","LOWER_RIGHT_X":"538969.712","LOWER_RIGHT_Y":"9245867.956"},"geometry":{"type":"Polygon","coordinates":[[[-62.656389709632315,-6.813355438218714],[-62.647317014675572,-6.813348900988578],[-62.647310384679805,-6.822417376527886],[-62.656383250183495,-6.822423922538454],[-62.656389709632315,-6.813355438218714]]]}},
{"type":"Feature","properties":{"DESCRIPTION":"MDT_1401220.tif","FILENAME":"U:\\P589_AmazoniaRevelada_BR-319\\LiDAR_dataset\\ENTREGAS\\ENTREGA_07\\2_MDT\\GEOTIFF\\MDT_1401220.tif","SHRT_FNAME":"MDT_1401220.tif","UPPER_LEFT_X":"536967.212","UPPER_LEFT_Y":"9246870.456","LOWER_RIGHT_X":"537969.712","LOWER_RIGHT_Y":"9245867.956"},"geometry":{"type":"Polygon","coordinates":[[[-62.665439788175497,-6.813361789431028],[-62.656367084446828,-6.813355422128275],[-62.656360624572692,-6.822423906426403],[-62.665433498849126,-6.82243028228135],[-62.665439788175497,-6.813361789431028]]]}},
{"type":"Feature","properties":{"DESCRIPTION":"MDT_1401219.tif","FILENAME":"U:\\P589_AmazoniaRevelada_BR-319\\LiDAR_dataset\\ENTREGAS\\ENTREGA_07\\2_MDT\\GEOTIFF\\MDT_1401219.tif","SHRT_FNAME":"MDT_1401219.tif","UPPER_LEFT_X":"535966.712","UPPER_LEFT_Y":"9246870.456","LOWER_RIGHT_X":"536969.712","LOWER_RIGHT_Y":"9245867.956"},"geometry":{"type":"Polygon","coordinates":[[[-62.674494400283635,-6.813367974187378],[-62.665417162968417,-6.813361773764346],[-62.665410873216743,-6.822430266593627],[-62.674488281165566,-6.82243647534471],[-62.674494400283635,-6.813367974187378]]]}},
{"type":"Feature","properties":{"DESCRIPTION":"MDT_1401218.tif","FILENAME":"U:\\P589_AmazoniaRevelada_BR-319\\LiDAR_dataset\\ENTREGAS\\ENTREGA_07\\2_MDT\\GEOTIFF\\MDT_1401218.tif","SHRT_FNAME":"MDT_1401218.tif","UPPER_LEFT_X":"534966.712","UPPER_LEFT_Y":"9246870.456","LOWER_RIGHT_X":"535969.212","LOWER_RIGHT_Y":"9245867.956"},"geometry":{"type":"Polygon","coordinates":[[[-62.683544495639133,-6.813373986305337],[-62.674471775055544,-6.813367958944672],[-62.674465655512158,-6.822436460081532],[-62.683538546645067,-6.822442495537802],[-62.683544495639133,-6.813373986305337]]]}},
{"type":"Feature","properties":{"DESCRIPTION":"MDT_1401217.tif","FILENAME":"U:\\P589_AmazoniaRevelada_BR-319\\LiDAR_dataset\\ENTREGAS\\ENTREGA_07\\2_MDT\\GEOTIFF\\MDT_1401217.tif","SHRT_FNAME":"MDT_1401217.tif","UPPER_LEFT_X":"533966.712","UPPER_LEFT_Y":"9246870.456","LOWER_RIGHT_X":"534969.212","LOWER_RIGHT_Y":"9245867.956"},"geometry":{"type":"Polygon","coordinates":[[[-62.692594599052953,-6.813379828917365],[-62.683521870390592,-6.813373971486394],[-62.683515920971224,-6.822442480698955],[-62.692588820183637,-6.82244834599729],[-62.692594599052953,-6.813379828917365]]]}},
{"type":"Feature","properties":{"DESCRIPTION":"MDT_1401216.tif","FILENAME":"U:\\P589_AmazoniaRevelada_BR-319\\LiDAR_dataset\\ENTREGAS\\ENTREGA_07\\2_MDT\\GEOTIFF\\MDT_1401216.tif","SHRT_FNAME":"MDT_1401216.tif","UPPER_LEFT_X":"532966.712","UPPER_LEFT_Y":"9246870.456","LOWER_RIGHT_X":"533969.212","LOWER_RIGHT_Y":"9245867.956"},"geometry":{"type":"Polygon","coordinates":[[[-62.701644710294659,-6.813385502022738],[-62.692571973784553,-6.81337981452219],[-62.692566194489942,-6.82244833158278],[-62.701639101550832,-6.822454026722452],[-62.701644710294659,-6.813385502022738]]]}},
{"type":"Feature","properties":{"DESCRIPTION":"MDT_1401215.tif","FILENAME":"U:\\P589_AmazoniaRevelada_BR-319\\LiDAR_dataset\\ENTREGAS\\ENTREGA_07\\2_MDT\\GEOTIFF\\MDT_1401215.tif","SHRT_FNAME":"MDT_1401215.tif","UPPER_LEFT_X":"531966.712","UPPER_LEFT_Y":"9246870.456","LOWER_RIGHT_X":"532969.212","LOWER_RIGHT_Y":"9245867.956"},"geometry":{"type":"Polygon","coordinates":[[[-62.7106948291338,-6.813391005620749],[-62.701622085006981,-6.813385488051329],[-62.701616475837845,-6.822454012732279],[-62.710689390516158,-6.822459537712581],[-62.7106948291338,-6.813391005620749]]]}},
{"type":"Feature","properties":{"DESCRIPTION":"MDT_1401214.tif","FILENAME":"U:\\P589_AmazoniaRevelada_BR-319\\LiDAR_dataset\\ENTREGAS\\ENTREGA_07\\2_MDT\\GEOTIFF\\MDT_1401214.tif","SHRT_FNAME":"MDT_1401214.tif","UPPER_LEFT_X":"530966.212","UPPER_LEFT_Y":"9246870.456","LOWER_RIGHT_X":"531969.212","LOWER_RIGHT_Y":"9245867.956"},"geometry":{"type":"Polygon","coordinates":[[[-62.719749480404836,-6.813396342335364],[-62.710672203827428,-6.81339099207311],[-62.710666764784456,-6.822459524146746],[-62.719744211999121,-6.822464881595165],[-62.719749480404836,-6.813396342335364]]]}},
{"type":"Feature","properties":{"DESCRIPTION":"MDT_1401213.tif","FILENAME":"U:\\P589_AmazoniaRevelada_BR-319\\LiDAR_dataset\\ENTREGAS\\ENTREGA_07\\2_MDT\\GEOTIFF\\MDT_1401213.tif","SHRT_FNAME":"MDT_1401213.tif","UPPER_LEFT_X":"529966.212","UPPER_LEFT_Y":"9246870.456","LOWER_RIGHT_X":"530968.712","LOWER_RIGHT_Y":"9245867.956"},"geometry":{"type":"Polygon","coordinates":[[[-62.728799613751029,-6.813401506831871],[-62.719726855080324,-6.813396329211707],[-62.719721586249285,-6.822464868453882],[-62.728794515472821,-6.822470053028328],[-62.728799613751029,-6.813401506831871]]]}},
{"type":"Feature","properties":{"DESCRIPTION":"MDT_1401212.tif","FILENAME":"U:\\P589_AmazoniaRevelada_BR-319\\LiDAR_dataset\\ENTREGAS\\ENTREGA_07\\2_MDT\\GEOTIFF\\MDT_1401212.tif","SHRT_FNAME":"MDT_1401212.tif","UPPER_LEFT_X":"528966.212","UPPER_LEFT_Y":"9246870.456","LOWER_RIGHT_X":"529968.712","LOWER_RIGHT_Y":"9245867.956"},"geometry":{"type":"Polygon","coordinates":[[[-62.737849754003193,-6.813406501819029],[-62.728776988408953,-6.813401494131987],[-62.728771889705435,-6.822470040311386],[-62.737844825853152,-6.822475054724468],[-62.737849754003193,-6.813406501819029]]]}},
{"type":"Feature","properties":{"DESCRIPTION":"MDT_1401211.tif","FILENAME":"U:\\P589_AmazoniaRevelada_BR-319\\LiDAR_dataset\\ENTREGAS\\ENTREGA_07\\2_MDT\\GEOTIFF\\MDT_1401211.tif","SHRT_FNAME":"MDT_1401211.tif","UPPER_LEFT_X":"527966.212","UPPER_LEFT_Y":"9246870.456","LOWER_RIGHT_X":"528968.712","LOWER_RIGHT_Y":"9245867.956"},"geometry":{"type":"Polygon","coordinates":[[[-62.746899900930885,-6.813411327296219],[-62.737827128644149,-6.813406489542919],[-62.737822200068777,-6.822475042431869],[-62.746895142909615,-6.822479886682963],[-62.746899900930885,-6.813411327296219]]]}},
{"type":"Feature","properties":{"DESCRIPTION":"MDT_1401210.tif","FILENAME":"U:\\P589_AmazoniaRevelada_BR-319\\LiDAR_dataset\\ENTREGAS\\ENTREGA_07\\2_MDT\\GEOTIFF\\MDT_1401210.tif","SHRT_FNAME":"MDT_1401210.tif","UPPER_LEFT_X":"526966.212","UPPER_LEFT_Y":"9246870.456","LOWER_RIGHT_X":"527968.712","LOWER_RIGHT_Y":"9245867.956"},"geometry":{"type":"Polygon","coordinates":[[[-62.755950054303653,-6.813415983262842],[-62.746877275555427,-6.813411315443884],[-62.746872517108841,-6.822479874814709],[-62.755945466411752,-6.822484548903214],[-62.755950054303653,-6.813415983262842]]]}},
{"type":"Feature","properties":{"DESCRIPTION":"MDT_1401209.tif","FILENAME":"U:\\P589_AmazoniaRevelada_BR-319\\LiDAR_dataset\\ENTREGAS\\ENTREGA_07\\2_MDT\\GEOTIFF\\MDT_1401209.tif","SHRT_FNAME":"MDT_1401209.tif","UPPER_LEFT_X":"525966.212","UPPER_LEFT_Y":"9246870.456","LOWER_RIGHT_X":"526968.712","LOWER_RIGHT_Y":"9245867.956"},"geometry":{"type":"Polygon","coordinates":[[[-62.765000213891035,-6.813420469718317],[-62.755927428912372,-6.813415971834284],[-62.755922840595154,-6.822484537459307],[-62.764995796129092,-6.822489041384641],[-62.765000213891035,-6.813420469718317]]]}},
{"type":"Feature","properties":{"DESCRIPTION":"MDT_1401208.tif","FILENAME":"U:\\P589_AmazoniaRevelada_BR-319\\LiDAR_dataset\\ENTREGAS\\ENTREGA_07\\2_MDT\\GEOTIFF\\MDT_1401208.tif","SHRT_FNAME":"MDT_1401208.tif","UPPER_LEFT_X":"524965.712","UPPER_LEFT_Y":"9246870.456","LOWER_RIGHT_X":"525968.712","LOWER_RIGHT_Y":"9245867.956"},"geometry":{"type":"Polygon","coordinates":[[[-62.774054904546837,-6.813424788778164],[-62.764977588484506,-6.813420458713538],[-62.764973170297239,-6.822489030365081],[-62.774050657000458,-6.822493366245602],[-62.774054904546837,-6.813424788778164]]]}},
{"type":"Feature","properties":{"DESCRIPTION":"MDT_1401207.tif","FILENAME":"U:\\P589_AmazoniaRevelada_BR-319\\LiDAR_dataset\\ENTREGAS\\ENTREGA_07\\2_MDT\\GEOTIFF\\MDT_1401207.tif","SHRT_FNAME":"MDT_1401207.tif","UPPER_LEFT_X":"523965.712","UPPER_LEFT_Y":"9246870.456","LOWER_RIGHT_X":"524968.212","LOWER_RIGHT_Y":"9245867.956"},"geometry":{"type":"Polygon","coordinates":[[[-62.783105075874929,-6.813428936124942],[-62.774032279125635,-6.813424778197377],[-62.774028031153925,-6.822493355650603],[-62.783100998459595,-6.822497519162861],[-62.783105075874929,-6.813428936124942]]]}},
{"type":"Feature","properties":{"DESCRIPTION":"MDT_1401206.tif","FILENAME":"U:\\P589_AmazoniaRevelada_BR-319\\LiDAR_dataset\\ENTREGAS\\ENTREGA_07\\2_MDT\\GEOTIFF\\MDT_1401206.tif","SHRT_FNAME":"MDT_1401206.tif","UPPER_LEFT_X":"522965.712","UPPER_LEFT_Y":"9246870.456","LOWER_RIGHT_X":"523968.212","LOWER_RIGHT_Y":"9245867.956"},"geometry":{"type":"Polygon","coordinates":[[[-62.792155252726175,-6.813432913958968],[-62.783082450439629,-6.813428925967937],[-62.783078372598965,-6.822497508992211],[-62.792151345442377,-6.822501502339684],[-62.792155252726175,-6.813432913958968]]]}},
{"type":"Feature","properties":{"DESCRIPTION":"MDT_1401205.tif","FILENAME":"U:\\P589_AmazoniaRevelada_BR-319\\LiDAR_dataset\\ENTREGAS\\ENTREGA_07\\2_MDT\\GEOTIFF\\MDT_1401205.tif","SHRT_FNAME":"MDT_1401205.tif","UPPER_LEFT_X":"521965.712","UPPER_LEFT_Y":"9246870.456","LOWER_RIGHT_X":"522968.212","LOWER_RIGHT_Y":"9245867.956"},"geometry":{"type":"Polygon","coordinates":[[[-62.801205434870113,-6.813436722279742],[-62.792132627277347,-6.813432904225743],[-62.792128719568225,-6.822501492593386],[-62.801201697718348,-6.822505315775579],[-62.801205434870113,-6.813436722279742]]]}},
{"type":"Feature","properties":{"DESCRIPTION":"MDT_1401204.tif","FILENAME":"U:\\P589_AmazoniaRevelada_BR-319\\LiDAR_dataset\\ENTREGAS\\ENTREGA_07\\2_MDT\\GEOTIFF\\MDT_1401204.tif","SHRT_FNAME":"MDT_1401204.tif","UPPER_LEFT_X":"520965.712","UPPER_LEFT_Y":"9246870.456","LOWER_RIGHT_X":"521968.212","LOWER_RIGHT_Y":"9245867.956"},"geometry":{"type":"Polygon","coordinates":[[[-62.810255622076284,-6.813440361086797],[-62.801182809408346,-6.813436712970303],[-62.801179071831243,-6.822505306453635],[-62.81025205505702,-6.82250895947007],[-62.810255622076284,-6.813440361086797]]]}},
{"type":"Feature","properties":{"DESCRIPTION":"MDT_1401203.tif","FILENAME":"U:\\P589_AmazoniaRevelada_BR-319\\LiDAR_dataset\\ENTREGAS\\ENTREGA_07\\2_MDT\\GEOTIFF\\MDT_1401203.tif","SHRT_FNAME":"MDT_1401203.tif","UPPER_LEFT_X":"519965.212","UPPER_LEFT_Y":"9246870.456","LOWER_RIGHT_X":"520968.212","LOWER_RIGHT_Y":"9245867.956"},"geometry":{"type":"Polygon","coordinates":[[[-62.819310339211427,-6.813443832071925],[-62.810232996602153,-6.813440352201141],[-62.810229429157552,-6.822508950572481],[-62.819306942410172,-6.822512435117226],[-62.819310339211427,-6.813443832071925]]]}},
{"type":"Feature","properties":{"DESCRIPTION":"MDT_1401202.tif","FILENAME":"U:\\P589_AmazoniaRevelada_BR-319\\LiDAR_dataset\\ENTREGAS\\ENTREGA_07\\2_MDT\\GEOTIFF\\MDT_1401202.tif","SHRT_FNAME":"MDT_1401202.tif","UPPER_LEFT_X":"518965.212","UPPER_LEFT_Y":"9246870.456","LOWER_RIGHT_X":"519967.712","LOWER_RIGHT_Y":"9245867.956"},"geometry":{"type":"Polygon","coordinates":[[[-62.828360535852944,-6.813447131765443],[-62.819287713725494,-6.813443823610267],[-62.819284316498909,-6.822512426644205],[-62.828357309185066,-6.822515739242706],[-62.828360535852944,-6.813447131765443]]]}},
{"type":"Feature","properties":{"DESCRIPTION":"MDT_1401201.tif","FILENAME":"U:\\P589_AmazoniaRevelada_BR-319\\LiDAR_dataset\\ENTREGAS\\ENTREGA_07\\2_MDT\\GEOTIFF\\MDT_1401201.tif","SHRT_FNAME":"MDT_1401201.tif","UPPER_LEFT_X":"517965.212","UPPER_LEFT_Y":"9246870.456","LOWER_RIGHT_X":"518967.712","LOWER_RIGHT_Y":"9245867.956"},"geometry":{"type":"Polygon","coordinates":[[[-62.837410736865216,-6.81345026194395],[-62.828337910355792,-6.813447123727574],[-62.828334683262582,-6.822515731194041],[-62.837407680331118,-6.82251887362549],[-62.837410736865216,-6.81345026194395]]]}},
{"type":"Feature","properties":{"DESCRIPTION":"MDT_1401200.tif","FILENAME":"U:\\P589_AmazoniaRevelada_BR-319\\LiDAR_dataset\\ENTREGAS\\ENTREGA_07\\2_MDT\\GEOTIFF\\MDT_1401200.tif","SHRT_FNAME":"MDT_1401200.tif","UPPER_LEFT_X":"516965.212","UPPER_LEFT_Y":"9246870.456","LOWER_RIGHT_X":"517967.712","LOWER_RIGHT_Y":"9245867.956"},"geometry":{"type":"Polygon","coordinates":[[[-62.846460942017771,-6.813453222607054],[-62.837388111357427,-6.813450254329869],[-62.837385054397991,-6.822518866001182],[-62.846458055617838,-6.822521838265187],[-62.846460942017771,-6.813453222607054]]]}},
{"type":"Feature","properties":{"DESCRIPTION":"MDT_1401199.tif","FILENAME":"U:\\P589_AmazoniaRevelada_BR-319\\LiDAR_dataset\\ENTREGAS\\ENTREGA_07\\2_MDT\\GEOTIFF\\MDT_1401199.tif","SHRT_FNAME":"MDT_1401199.tif","UPPER_LEFT_X":"515965.212","UPPER_LEFT_Y":"9246870.456","LOWER_RIGHT_X":"516967.712","LOWER_RIGHT_Y":"9245867.956"},"geometry":{"type":"Polygon","coordinates":[[[-62.855511151080172,-6.813456013754385],[-62.846438316499921,-6.813453215416759],[-62.846435429674649,-6.822521831065236],[-62.855508434814759,-6.82252463316143],[-62.855511151080172,-6.813456013754385]]]}},
{"type":"Feature","properties":{"DESCRIPTION":"MDT_1401198.tif","FILENAME":"U:\\P589_AmazoniaRevelada_BR-319\\LiDAR_dataset\\ENTREGAS\\ENTREGA_07\\2_MDT\\GEOTIFF\\MDT_1401198.tif","SHRT_FNAME":"MDT_1401198.tif","UPPER_LEFT_X":"514964.712","UPPER_LEFT_Y":"9246870.456","LOWER_RIGHT_X":"515967.712","LOWER_RIGHT_Y":"9245867.956"},"geometry":{"type":"Polygon","coordinates":[[[-62.864565888929185,-6.813458636654015],[-62.855488525552836,-6.813456006987882],[-62.855485808862085,-6.822524626385837],[-62.864563342883713,-6.822527259583989],[-62.864565888929185,-6.813458636654015]]]}},
{"type":"Feature","properties":{"DESCRIPTION":"MDT_1401197.tif","FILENAME":"U:\\P589_AmazoniaRevelada_BR-319\\LiDAR_dataset\\ENTREGAS\\ENTREGA_07\\2_MDT\\GEOTIFF\\MDT_1401197.tif","SHRT_FNAME":"MDT_1401197.tif","UPPER_LEFT_X":"513964.712","UPPER_LEFT_Y":"9246870.456","LOWER_RIGHT_X":"514967.212","LOWER_RIGHT_Y":"9245867.956"},"geometry":{"type":"Polygon","coordinates":[[[-62.873616105121549,-6.813461088684028],[-62.864543263392939,-6.813458630311515],[-62.864540716922122,-6.822527253232969],[-62.87361372921125,-6.82252971490743],[-62.873616105121549,-6.813461088684028]]]}},
{"type":"Feature","properties":{"DESCRIPTION":"MDT_1401196.tif","FILENAME":"U:\\P589_AmazoniaRevelada_BR-319\\LiDAR_dataset\\ENTREGAS\\ENTREGA_07\\2_MDT\\GEOTIFF\\MDT_1401196.tif","SHRT_FNAME":"MDT_1401196.tif","UPPER_LEFT_X":"512964.712","UPPER_LEFT_Y":"9246870.456","LOWER_RIGHT_X":"513967.212","LOWER_RIGHT_Y":"9245867.956"},"geometry":{"type":"Polygon","coordinates":[[[-62.882666324532238,-6.813463371197296],[-62.873593479576954,-6.813461082765321],[-62.873591103241324,-6.822529708980771],[-62.882664118757418,-6.82253200048644],[-62.882666324532238,-6.813463371197296]]]}},
{"type":"Feature","properties":{"DESCRIPTION":"MDT_1401195.tif","FILENAME":"U:\\P589_AmazoniaRevelada_BR-319\\LiDAR_dataset\\ENTREGAS\\ENTREGA_07\\2_MDT\\GEOTIFF\\MDT_1401195.tif","SHRT_FNAME":"MDT_1401195.tif","UPPER_LEFT_X":"511964.712","UPPER_LEFT_Y":"9246870.456","LOWER_RIGHT_X":"512967.212","LOWER_RIGHT_Y":"9245867.956"},"geometry":{"type":"Polygon","coordinates":[[[-62.891716546930802,-6.813465484193531],[-62.882643698979891,-6.81346336570238],[-62.882641492779726,-6.822531994984142],[-62.891714511291752,-6.822534116320732],[-62.891716546930802,-6.813465484193531]]]}},
{"type":"Feature","properties":{"DESCRIPTION":"MDT_1401194.tif","FILENAME":"U:\\P589_AmazoniaRevelada_BR-319\\LiDAR_dataset\\ENTREGAS\\ENTREGA_07\\2_MDT\\GEOTIFF\\MDT_1401194.tif","SHRT_FNAME":"MDT_1401194.tif","UPPER_LEFT_X":"510964.712","UPPER_LEFT_Y":"9246870.456","LOWER_RIGHT_X":"511967.212","LOWER_RIGHT_Y":"9245867.956"},"geometry":{"type":"Polygon","coordinates":[[[-62.90076677208679,-6.813467427672475],[-62.891693921371271,-6.813465479122409],[-62.891691885306876,-6.822534111242797],[-62.900764906583738,-6.822536062410045],[-62.90076677208679,-6.813467427672475]]]}},
{"type":"Feature","properties":{"DESCRIPTION":"MDT_1401193.tif","FILENAME":"U:\\P589_AmazoniaRevelada_BR-319\\LiDAR_dataset\\ENTREGAS\\ENTREGA_07\\2_MDT\\GEOTIFF\\MDT_1401193.tif","SHRT_FNAME":"MDT_1401193.tif","UPPER_LEFT_X":"509964.712","UPPER_LEFT_Y":"9246870.456","LOWER_RIGHT_X":"510967.212","LOWER_RIGHT_Y":"9245867.956"},"geometry":{"type":"Polygon","coordinates":[[[-62.909816999769738,-6.813469201633885],[-62.900744146520658,-6.813467423025145],[-62.900742280592262,-6.822536057756473],[-62.909815304402933,-6.822537838754139],[-62.909816999769738,-6.813469201633885]]]}},
{"type":"Feature","properties":{"DESCRIPTION":"MDT_1400245.tif","FILENAME":"U:\\P589_AmazoniaRevelada_BR-319\\LiDAR_dataset\\ENTREGAS\\ENTREGA_07\\2_MDT\\GEOTIFF\\MDT_1400245.tif","SHRT_FNAME":"MDT_1400245.tif","UPPER_LEFT_X":"561970.662","UPPER_LEFT_Y":"9247868.955","LOWER_RIGHT_X":"562970.662","LOWER_RIGHT_Y":"9246868.955"},"geometry":{"type":"Polygon","coordinates":[[[-62.43917024406467,-6.80412010072811],[-62.430120622631634,-6.804109525797134],[-62.430109951075693,-6.813155112251098],[-62.439159741950029,-6.81316570136875],[-62.43917024406467,-6.80412010072811]]]}},
{"type":"Feature","properties":{"DESCRIPTION":"MDT_1400244.tif","FILENAME":"U:\\P589_AmazoniaRevelada_BR-319\\LiDAR_dataset\\ENTREGAS\\ENTREGA_07\\2_MDT\\GEOTIFF\\MDT_1400244.tif","SHRT_FNAME":"MDT_1400244.tif","UPPER_LEFT_X":"560969.212","UPPER_LEFT_Y":"9247869.956","LOWER_RIGHT_X":"561971.712","LOWER_RIGHT_Y":"9246867.956"},"geometry":{"type":"Polygon","coordinates":[[[-62.448233012094917,-6.804121466710834],[-62.439160752460268,-6.804111035065267],[-62.439150229163147,-6.813174726892385],[-62.448222659003754,-6.813185172560415],[-62.448233012094917,-6.804121466710834]]]}},
{"type":"Feature","properties":{"DESCRIPTION":"MDT_1400243.tif","FILENAME":"U:\\P589_AmazoniaRevelada_BR-319\\LiDAR_dataset\\ENTREGAS\\ENTREGA_07\\2_MDT\\GEOTIFF\\MDT_1400243.tif","SHRT_FNAME":"MDT_1400243.tif","UPPER_LEFT_X":"559969.212","UPPER_LEFT_Y":"9247869.956","LOWER_RIGHT_X":"560971.712","LOWER_RIGHT_Y":"9246867.956"},"geometry":{"type":"Polygon","coordinates":[[[-62.457282661707211,-6.804131702878027],[-62.448210387988404,-6.804121440908321],[-62.448200034472777,-6.813185146723218],[-62.457272478398842,-6.813195422487304],[-62.457282661707211,-6.804131702878027]]]}},
{"type":"Feature","properties":{"DESCRIPTION":"MDT_1400242.tif","FILENAME":"U:\\P589_AmazoniaRevelada_BR-319\\LiDAR_dataset\\ENTREGAS\\ENTREGA_07\\2_MDT\\GEOTIFF\\MDT_1400242.tif","SHRT_FNAME":"MDT_1400242.tif","UPPER_LEFT_X":"558969.212","UPPER_LEFT_Y":"9247869.956","LOWER_RIGHT_X":"559971.712","LOWER_RIGHT_Y":"9246867.956"},"geometry":{"type":"Polygon","coordinates":[[[-62.466332325137849,-6.804141769791219],[-62.457260037565852,-6.804131677498648],[-62.457249853833027,-6.81319539707381],[-62.466322311613567,-6.813205502932677],[-62.466332325137849,-6.804141769791219]]]}},
{"type":"Feature","properties":{"DESCRIPTION":"MDT_1400241.tif","FILENAME":"U:\\P589_AmazoniaRevelada_BR-319\\LiDAR_dataset\\ENTREGAS\\ENTREGA_07\\2_MDT\\GEOTIFF\\MDT_1400241.tif","SHRT_FNAME":"MDT_1400241.tif","UPPER_LEFT_X":"557969.212","UPPER_LEFT_Y":"9247869.956","LOWER_RIGHT_X":"558971.712","LOWER_RIGHT_Y":"9246867.956"},"geometry":{"type":"Polygon","coordinates":[[[-62.475382002156444,-6.804151667449157],[-62.466309700962235,-6.804141744834975],[-62.466299687013482,-6.813205477942887],[-62.4753721584175,-6.813215413895281],[-62.475382002156444,-6.804151667449157]]]}},
{"type":"Feature","properties":{"DESCRIPTION":"MDT_1400240.tif","FILENAME":"U:\\P589_AmazoniaRevelada_BR-319\\LiDAR_dataset\\ENTREGAS\\ENTREGA_07\\2_MDT\\GEOTIFF\\MDT_1400240.tif","SHRT_FNAME":"MDT_1400240.tif","UPPER_LEFT_X":"556968.712","UPPER_LEFT_Y":"9247869.956","LOWER_RIGHT_X":"557971.712","LOWER_RIGHT_Y":"9246867.956"},"geometry":{"type":"Polygon","coordinates":[[[-62.484436217381116,-6.804161400672482],[-62.475359377947143,-6.804151642916055],[-62.475349533783742,-6.8132153893292],[-62.484426543513628,-6.813225160202234],[-62.484436217381116,-6.804161400672482]]]}},
{"type":"Feature","properties":{"DESCRIPTION":"MDT_1400239.tif","FILENAME":"U:\\P589_AmazoniaRevelada_BR-319\\LiDAR_dataset\\ENTREGAS\\ENTREGA_07\\2_MDT\\GEOTIFF\\MDT_1400239.tif","SHRT_FNAME":"MDT_1400239.tif","UPPER_LEFT_X":"555968.712","UPPER_LEFT_Y":"9247869.956","LOWER_RIGHT_X":"556971.212","LOWER_RIGHT_Y":"9246867.956"},"geometry":{"type":"Polygon","coordinates":[[[-62.49348592089099,-6.804170959731624],[-62.484413593138704,-6.804161376562734],[-62.484403918846738,-6.813225136060076],[-62.493476416811269,-6.813234732110889],[-62.49348592089099,-6.804170959731624]]]}},
{"type":"Feature","properties":{"DESCRIPTION":"MDT_1400238.tif","FILENAME":"U:\\P589_AmazoniaRevelada_BR-319\\LiDAR_dataset\\ENTREGAS\\ENTREGA_07\\2_MDT\\GEOTIFF\\MDT_1400238.tif","SHRT_FNAME":"MDT_1400238.tif","UPPER_LEFT_X":"554968.712","UPPER_LEFT_Y":"9247869.956","LOWER_RIGHT_X":"555971.212","LOWER_RIGHT_Y":"9246867.956"},"geometry":{"type":"Polygon","coordinates":[[[-62.502535637297527,-6.804180349531888],[-62.493463296616035,-6.80417093604502],[-62.493453792111843,-6.813234708392444],[-62.502526303006782,-6.813244134533146],[-62.502535637297527,-6.804180349531888]]]}},
{"type":"Feature","properties":{"DESCRIPTION":"MDT_1400237.tif","FILENAME":"U:\\P589_AmazoniaRevelada_BR-319\\LiDAR_dataset\\ENTREGAS\\ENTREGA_07\\2_MDT\\GEOTIFF\\MDT_1400237.tif","SHRT_FNAME":"MDT_1400237.tif","UPPER_LEFT_X":"553968.712","UPPER_LEFT_Y":"9247869.956","LOWER_RIGHT_X":"554971.212","LOWER_RIGHT_Y":"9246867.956"},"geometry":{"type":"Polygon","coordinates":[[[-62.511585366370348,-6.80418957007211],[-62.502513012990626,-6.804180326268432],[-62.502503678275403,-6.813244111238419],[-62.51157620186973,-6.813253367467837],[-62.511585366370348,-6.80418957007211]]]}},
{"type":"Feature","properties":{"DESCRIPTION":"MDT_1400236.tif","FILENAME":"U:\\P589_AmazoniaRevelada_BR-319\\LiDAR_dataset\\ENTREGAS\\ENTREGA_07\\2_MDT\\GEOTIFF\\MDT_1400236.tif","SHRT_FNAME":"MDT_1400236.tif","UPPER_LEFT_X":"552968.712","UPPER_LEFT_Y":"9247869.956","LOWER_RIGHT_X":"553971.212","LOWER_RIGHT_Y":"9246867.956"},"geometry":{"type":"Polygon","coordinates":[[[-62.520635107879045,-6.804198621351146],[-62.511562742032055,-6.804189547231807],[-62.51155357710698,-6.813253344596832],[-62.520626113169719,-6.813262430913818],[-62.520635107879045,-6.804198621351146]]]}},
{"type":"Feature","properties":{"DESCRIPTION":"MDT_1400235.tif","FILENAME":"U:\\P589_AmazoniaRevelada_BR-319\\LiDAR_dataset\\ENTREGAS\\ENTREGA_07\\2_MDT\\GEOTIFF\\MDT_1400235.tif","SHRT_FNAME":"MDT_1400235.tif","UPPER_LEFT_X":"551968.212","UPPER_LEFT_Y":"9247869.956","LOWER_RIGHT_X":"552971.212","LOWER_RIGHT_Y":"9246867.956"},"geometry":{"type":"Polygon","coordinates":[[[-62.529689386473088,-6.804207507766542],[-62.52061248350995,-6.804198598933996],[-62.520603488376153,-6.813262408466534],[-62.529680561641072,-6.813271329274545],[-62.529689386473088,-6.804207507766542]]]}},
{"type":"Feature","properties":{"DESCRIPTION":"MDT_1400234.tif","FILENAME":"U:\\P589_AmazoniaRevelada_BR-319\\LiDAR_dataset\\ENTREGAS\\ENTREGA_07\\2_MDT\\GEOTIFF\\MDT_1400234.tif","SHRT_FNAME":"MDT_1400234.tif","UPPER_LEFT_X":"550968.212","UPPER_LEFT_Y":"9247869.956","LOWER_RIGHT_X":"551970.712","LOWER_RIGHT_Y":"9246867.956"},"geometry":{"type":"Polygon","coordinates":[[[-62.538739152168276,-6.80421622043522],[-62.529666762073759,-6.804207485772761],[-62.529657936817266,-6.8132713072512],[-62.538730497129777,-6.813280053655001],[-62.538739152168276,-6.80421622043522]]]}},
{"type":"Feature","properties":{"DESCRIPTION":"MDT_1400233.tif","FILENAME":"U:\\P589_AmazoniaRevelada_BR-319\\LiDAR_dataset\\ENTREGAS\\ENTREGA_07\\2_MDT\\GEOTIFF\\MDT_1400233.tif","SHRT_FNAME":"MDT_1400233.tif","UPPER_LEFT_X":"549968.212","UPPER_LEFT_Y":"9247869.956","LOWER_RIGHT_X":"550970.712","LOWER_RIGHT_Y":"9246867.956"},"geometry":{"type":"Polygon","coordinates":[[[-62.547788929608018,-6.804224763839402],[-62.538716527739304,-6.804216198864598],[-62.538707872276312,-6.813280032055385],[-62.547780444364115,-6.813288608543432],[-62.547788929608018,-6.804224763839402]]]}},
{"type":"Feature","properties":{"DESCRIPTION":"MDT_1400232.tif","FILENAME":"U:\\P589_AmazoniaRevelada_BR-319\\LiDAR_dataset\\ENTREGAS\\ENTREGA_07\\2_MDT\\GEOTIFF\\MDT_1400232.tif","SHRT_FNAME":"MDT_1400232.tif","UPPER_LEFT_X":"548968.212","UPPER_LEFT_Y":"9247869.956","LOWER_RIGHT_X":"549970.712","LOWER_RIGHT_Y":"9246867.956"},"geometry":{"type":"Polygon","coordinates":[[[-62.556838718561913,-6.804233137978027],[-62.547766305149956,-6.804224742691943],[-62.547757819481568,-6.813288587367547],[-62.556830403113679,-6.813296993938774],[-62.556838718561913,-6.804233137978027]]]}},
{"type":"Feature","properties":{"DESCRIPTION":"MDT_1400231.tif","FILENAME":"U:\\P589_AmazoniaRevelada_BR-319\\LiDAR_dataset\\ENTREGAS\\ENTREGA_07\\2_MDT\\GEOTIFF\\MDT_1400231.tif","SHRT_FNAME":"MDT_1400231.tif","UPPER_LEFT_X":"547968.212","UPPER_LEFT_Y":"9247869.956","LOWER_RIGHT_X":"548970.712","LOWER_RIGHT_Y":"9246867.956"},"geometry":{"type":"Polygon","coordinates":[[[-62.565888518799561,-6.804241342850053],[-62.556816094075373,-6.804233117253734],[-62.556807778202632,-6.813296973186623],[-62.56588037314804,-6.813305209839987],[-62.565888518799561,-6.804241342850053]]]}},
{"type":"Feature","properties":{"DESCRIPTION":"MDT_1400230.tif","FILENAME":"U:\\P589_AmazoniaRevelada_BR-319\\LiDAR_dataset\\ENTREGAS\\ENTREGA_07\\2_MDT\\GEOTIFF\\MDT_1400230.tif","SHRT_FNAME":"MDT_1400230.tif","UPPER_LEFT_X":"546968.212","UPPER_LEFT_Y":"9247869.956","LOWER_RIGHT_X":"547970.712","LOWER_RIGHT_Y":"9246867.956"},"geometry":{"type":"Polygon","coordinates":[[[-62.574938330090561,-6.804249378454465],[-62.565865894285096,-6.804241322548928],[-62.565857748209069,-6.813305189511573],[-62.574930354236749,-6.813313256246051],[-62.574938330090561,-6.804249378454465]]]}},
{"type":"Feature","properties":{"DESCRIPTION":"MDT_1400229.tif","FILENAME":"U:\\P589_AmazoniaRevelada_BR-319\\LiDAR_dataset\\ENTREGAS\\ENTREGA_07\\2_MDT\\GEOTIFF\\MDT_1400229.tif","SHRT_FNAME":"MDT_1400229.tif","UPPER_LEFT_X":"545967.712","UPPER_LEFT_Y":"9247869.956","LOWER_RIGHT_X":"546970.712","LOWER_RIGHT_Y":"9246867.956"},"geometry":{"type":"Polygon","coordinates":[[[-62.583992677118218,-6.804257248681091],[-62.574915705548747,-6.804249358576509],[-62.574907729270443,-6.813313236341377],[-62.58398487114804,-6.813321137052026],[-62.583992677118218,-6.804257248681091]]]}},
{"type":"Feature","properties":{"DESCRIPTION":"MDT_1400228.tif","FILENAME":"U:\\P589_AmazoniaRevelada_BR-319\\LiDAR_dataset\\ENTREGAS\\ENTREGA_07\\2_MDT\\GEOTIFF\\MDT_1400228.tif","SHRT_FNAME":"MDT_1400228.tif","UPPER_LEFT_X":"544967.712","UPPER_LEFT_Y":"9247869.956","LOWER_RIGHT_X":"545970.212","LOWER_RIGHT_Y":"9246867.956"},"geometry":{"type":"Polygon","coordinates":[[[-62.593042509829921,-6.804264945662664],[-62.583970052549617,-6.804257229226521],[-62.58396224615494,-6.813321117571306],[-62.593034873659427,-6.813328844380067],[-62.593042509829921,-6.804264945662664]]]}},
{"type":"Feature","properties":{"DESCRIPTION":"MDT_1400227.tif","FILENAME":"U:\\P589_AmazoniaRevelada_BR-319\\LiDAR_dataset\\ENTREGAS\\ENTREGA_07\\2_MDT\\GEOTIFF\\MDT_1400227.tif","SHRT_FNAME":"MDT_1400227.tif","UPPER_LEFT_X":"543967.712","UPPER_LEFT_Y":"9247869.956","LOWER_RIGHT_X":"544970.212","LOWER_RIGHT_Y":"9246867.956"},"geometry":{"type":"Polygon","coordinates":[[[-62.602092352903611,-6.804272473373688],[-62.593019885235123,-6.804264926631268],[-62.593012248640129,-6.813328825323089],[-62.602084886533788,-6.813336382210024],[-62.602092352903611,-6.804272473373688]]]}},
{"type":"Feature","properties":{"DESCRIPTION":"MDT_1400226.tif","FILENAME":"U:\\P589_AmazoniaRevelada_BR-319\\LiDAR_dataset\\ENTREGAS\\ENTREGA_07\\2_MDT\\GEOTIFF\\MDT_1400226.tif","SHRT_FNAME":"MDT_1400226.tif","UPPER_LEFT_X":"542967.712","UPPER_LEFT_Y":"9247869.956","LOWER_RIGHT_X":"543970.212","LOWER_RIGHT_Y":"9246867.956"},"geometry":{"type":"Polygon","coordinates":[[[-62.611142206108887,-6.804279831813231],[-62.602069728283197,-6.80427245476547],[-62.602062261488868,-6.813336363576793],[-62.61113490954066,-6.813343750540962],[-62.611142206108887,-6.804279831813231]]]}},
{"type":"Feature","properties":{"DESCRIPTION":"MDT_1400225.tif","FILENAME":"U:\\P589_AmazoniaRevelada_BR-319\\LiDAR_dataset\\ENTREGAS\\ENTREGA_07\\2_MDT\\GEOTIFF\\MDT_1400225.tif","SHRT_FNAME":"MDT_1400225.tif","UPPER_LEFT_X":"541967.712","UPPER_LEFT_Y":"9247869.956","LOWER_RIGHT_X":"542970.212","LOWER_RIGHT_Y":"9246867.956"},"geometry":{"type":"Polygon","coordinates":[[[-62.620192069215342,-6.804287020980378],[-62.611119581463427,-6.804279813628193],[-62.6111122844707,-6.813343732331479],[-62.620184942449626,-6.81335094937196],[-62.620192069215342,-6.804287020980378]]]}},
{"type":"Feature","properties":{"DESCRIPTION":"MDT_1400224.tif","FILENAME":"U:\\P589_AmazoniaRevelada_BR-319\\LiDAR_dataset\\ENTREGAS\\ENTREGA_07\\2_MDT\\GEOTIFF\\MDT_1400224.tif","SHRT_FNAME":"MDT_1400224.tif","UPPER_LEFT_X":"540967.212","UPPER_LEFT_Y":"9247869.956","LOWER_RIGHT_X":"541970.212","LOWER_RIGHT_Y":"9246867.956"},"geometry":{"type":"Polygon","coordinates":[[[-62.62924646693132,-6.804294044341844],[-62.620169444545418,-6.804287003218522],[-62.620162317355188,-6.813350931586228],[-62.629239510053907,-6.8133579821744],[-62.62924646693132,-6.804294044341844]]]}},
{"type":"Feature","properties":{"DESCRIPTION":"MDT_1400223.tif","FILENAME":"U:\\P589_AmazoniaRevelada_BR-319\\LiDAR_dataset\\ENTREGAS\\ENTREGA_07\\2_MDT\\GEOTIFF\\MDT_1400223.tif","SHRT_FNAME":"MDT_1400223.tif","UPPER_LEFT_X":"539967.212","UPPER_LEFT_Y":"9247869.956","LOWER_RIGHT_X":"540969.712","LOWER_RIGHT_Y":"9246867.956"},"geometry":{"type":"Polygon","coordinates":[[[-62.638296349153535,-6.804300894876906],[-62.629223842237501,-6.804294027003385],[-62.62921688493558,-6.813357964812634],[-62.638289562080395,-6.813364841918118],[-62.638296349153535,-6.804300894876906]]]}},
{"type":"Feature","properties":{"DESCRIPTION":"MDT_1400222.tif","FILENAME":"U:\\P589_AmazoniaRevelada_BR-319\\LiDAR_dataset\\ENTREGAS\\ENTREGA_07\\2_MDT\\GEOTIFF\\MDT_1400222.tif","SHRT_FNAME":"MDT_1400222.tif","UPPER_LEFT_X":"538967.212","UPPER_LEFT_Y":"9247869.956","LOWER_RIGHT_X":"539969.712","LOWER_RIGHT_Y":"9246867.956"},"geometry":{"type":"Polygon","coordinates":[[[-62.647346240585563,-6.804307576136958],[-62.638273724436402,-6.804300877961635],[-62.638266936938749,-6.813364824980109],[-62.647339623317535,-6.813371532159282],[-62.647346240585563,-6.804307576136958]]]}},
{"type":"Feature","properties":{"DESCRIPTION":"MDT_1400221.tif","FILENAME":"U:\\P589_AmazoniaRevelada_BR-319\\LiDAR_dataset\\ENTREGAS\\ENTREGA_07\\2_MDT\\GEOTIFF\\MDT_1400221.tif","SHRT_FNAME":"MDT_1400221.tif","UPPER_LEFT_X":"537967.212","UPPER_LEFT_Y":"9247869.956","LOWER_RIGHT_X":"538969.712","LOWER_RIGHT_Y":"9246867.956"},"geometry":{"type":"Polygon","coordinates":[[[-62.656396140996975,-6.804314088121169],[-62.647323615845686,-6.804307559644873],[-62.647316998153151,-6.813371515645029],[-62.656389693534905,-6.813378052897062],[-62.656396140996975,-6.804314088121169]]]}},
{"type":"Feature","properties":{"DESCRIPTION":"MDT_1400220.tif","FILENAME":"U:\\P589_AmazoniaRevelada_BR-319\\LiDAR_dataset\\ENTREGAS\\ENTREGA_07\\2_MDT\\GEOTIFF\\MDT_1400220.tif","SHRT_FNAME":"MDT_1400220.tif","UPPER_LEFT_X":"536967.212","UPPER_LEFT_Y":"9247869.956","LOWER_RIGHT_X":"537969.712","LOWER_RIGHT_Y":"9246867.956"},"geometry":{"type":"Polygon","coordinates":[[[-62.66544605015735,-6.804320430828731],[-62.656373516234929,-6.804314072052274],[-62.656367068348345,-6.813378036806568],[-62.66543977250204,-6.813384404130645],[-62.66544605015735,-6.804320430828731]]]}},
{"type":"Feature","properties":{"DESCRIPTION":"MDT_1400219.tif","FILENAME":"U:\\P589_AmazoniaRevelada_BR-319\\LiDAR_dataset\\ENTREGAS\\ENTREGA_07\\2_MDT\\GEOTIFF\\MDT_1400219.tif","SHRT_FNAME":"MDT_1400219.tif","UPPER_LEFT_X":"535966.712","UPPER_LEFT_Y":"9247869.956","LOWER_RIGHT_X":"536969.712","LOWER_RIGHT_Y":"9246867.956"},"geometry":{"type":"Polygon","coordinates":[[[-62.674500492797215,-6.80432660730323],[-62.665423425373731,-6.804320415183028],[-62.665417147293908,-6.813384388463914],[-62.67449438503435,-6.813390588907715],[-62.674500492797215,-6.80432660730323]]]}},
{"type":"Feature","properties":{"DESCRIPTION":"MDT_1400218.tif","FILENAME":"U:\\P589_AmazoniaRevelada_BR-319\\LiDAR_dataset\\ENTREGAS\\ENTREGA_07\\2_MDT\\GEOTIFF\\MDT_1400218.tif","SHRT_FNAME":"MDT_1400218.tif","UPPER_LEFT_X":"534966.712","UPPER_LEFT_Y":"9247869.956","LOWER_RIGHT_X":"535969.212","LOWER_RIGHT_Y":"9246867.956"},"geometry":{"type":"Polygon","coordinates":[[[-62.683550418768355,-6.804332611370509],[-62.674477867992586,-6.804326592080933],[-62.674471759805193,-6.813390573664956],[-62.683544480813801,-6.813396601045809],[-62.683550418768355,-6.804332611370509]]]}},
{"type":"Feature","properties":{"DESCRIPTION":"MDT_1400217.tif","FILENAME":"U:\\P589_AmazoniaRevelada_BR-319\\LiDAR_dataset\\ENTREGAS\\ENTREGA_07\\2_MDT\\GEOTIFF\\MDT_1400217.tif","SHRT_FNAME":"MDT_1400217.tif","UPPER_LEFT_X":"533966.712","UPPER_LEFT_Y":"9247869.956","LOWER_RIGHT_X":"534969.212","LOWER_RIGHT_Y":"9246867.956"},"geometry":{"type":"Polygon","coordinates":[[[-62.692600352797093,-6.804338446158841],[-62.683527793943284,-6.804332596571411],[-62.683521855564223,-6.813396586226817],[-62.692594584651594,-6.813402443677408],[-62.692600352797093,-6.804338446158841]]]}},
{"type":"Feature","properties":{"DESCRIPTION":"MDT_1400216.tif","FILENAME":"U:\\P589_AmazoniaRevelada_BR-319\\LiDAR_dataset\\ENTREGAS\\ENTREGA_07\\2_MDT\\GEOTIFF\\MDT_1400216.tif","SHRT_FNAME":"MDT_1400216.tif","UPPER_LEFT_X":"532966.712","UPPER_LEFT_Y":"9247869.956","LOWER_RIGHT_X":"533969.212","LOWER_RIGHT_Y":"9246867.956"},"geometry":{"type":"Polygon","coordinates":[[[-62.701650294652985,-6.804344111667499],[-62.69257772795217,-6.804338431782941],[-62.692571959382143,-6.813402429282182],[-62.701644696317267,-6.813408116801781],[-62.701650294652985,-6.804344111667499]]]}},
{"type":"Feature","properties":{"DESCRIPTION":"MDT_1400215.tif","FILENAME":"U:\\P589_AmazoniaRevelada_BR-319\\LiDAR_dataset\\ENTREGAS\\ENTREGA_07\\2_MDT\\GEOTIFF\\MDT_1400215.tif","SHRT_FNAME":"MDT_1400215.tif","UPPER_LEFT_X":"531966.712","UPPER_LEFT_Y":"9247869.956","LOWER_RIGHT_X":"532969.212","LOWER_RIGHT_Y":"9246867.956"},"geometry":{"type":"Polygon","coordinates":[[[-62.71070024410561,-6.804349607895779],[-62.701627669788778,-6.804344097714798],[-62.701622071028538,-6.813408102830325],[-62.710694815580375,-6.813413620418226],[-62.71070024410561,-6.804349607895779]]]}},
{"type":"Feature","properties":{"DESCRIPTION":"MDT_1400214.tif","FILENAME":"U:\\P589_AmazoniaRevelada_BR-319\\LiDAR_dataset\\ENTREGAS\\ENTREGA_07\\2_MDT\\GEOTIFF\\MDT_1400214.tif","SHRT_FNAME":"MDT_1400214.tif","UPPER_LEFT_X":"530966.212","UPPER_LEFT_Y":"9247869.956","LOWER_RIGHT_X":"531969.212","LOWER_RIGHT_Y":"9246867.956"},"geometry":{"type":"Polygon","coordinates":[[[-62.719754725904778,-6.804354937464132],[-62.710677619222707,-6.80434959436628],[-62.71067219027293,-6.813413606870542],[-62.719749467275598,-6.813418957150716],[-62.719754725904778,-6.804354937464132]]]}},
{"type":"Feature","properties":{"DESCRIPTION":"MDT_1400213.tif","FILENAME":"U:\\P589_AmazoniaRevelada_BR-319\\LiDAR_dataset\\ENTREGAS\\ENTREGA_07\\2_MDT\\GEOTIFF\\MDT_1400213.tif","SHRT_FNAME":"MDT_1400213.tif","UPPER_LEFT_X":"529966.212","UPPER_LEFT_Y":"9247869.956","LOWER_RIGHT_X":"530968.712","LOWER_RIGHT_Y":"9246867.956"},"geometry":{"type":"Polygon","coordinates":[[[-62.728804689863118,-6.804360095044989],[-62.719732101003729,-6.804354924358047],[-62.719726841950013,-6.813418944027015],[-62.72879960104575,-6.81342412166452],[-62.728804689863118,-6.804360095044989]]]}},
{"type":"Feature","properties":{"DESCRIPTION":"MDT_1400212.tif","FILENAME":"U:\\P589_AmazoniaRevelada_BR-319\\LiDAR_dataset\\ENTREGAS\\ENTREGA_07\\2_MDT\\GEOTIFF\\MDT_1400212.tif","SHRT_FNAME":"MDT_1400212.tif","UPPER_LEFT_X":"528966.212","UPPER_LEFT_Y":"9247869.956","LOWER_RIGHT_X":"529968.712","LOWER_RIGHT_Y":"9246867.956"},"geometry":{"type":"Polygon","coordinates":[[[-62.737854660726789,-6.804365083343484],[-62.728782064944504,-6.80436008236211],[-62.728776975702615,-6.813424108964593],[-62.737849741721888,-6.81342911666841],[-62.737854660726789,-6.804365083343484]]]}},
{"type":"Feature","properties":{"DESCRIPTION":"MDT_1400211.tif","FILENAME":"U:\\P589_AmazoniaRevelada_BR-319\\LiDAR_dataset\\ENTREGAS\\ENTREGA_07\\2_MDT\\GEOTIFF\\MDT_1400211.tif","SHRT_FNAME":"MDT_1400211.tif","UPPER_LEFT_X":"527966.212","UPPER_LEFT_Y":"9247869.956","LOWER_RIGHT_X":"528968.712","LOWER_RIGHT_Y":"9246867.956"},"geometry":{"type":"Polygon","coordinates":[[[-62.746904638265377,-6.804369902358996],[-62.737832035791222,-6.804365071083812],[-62.737827116361778,-6.813429104392258],[-62.746899889073546,-6.813433942161763],[-62.746904638265377,-6.804369902358996]]]}},
{"type":"Feature","properties":{"DESCRIPTION":"MDT_1400210.tif","FILENAME":"U:\\P589_AmazoniaRevelada_BR-319\\LiDAR_dataset\\ENTREGAS\\ENTREGA_07\\2_MDT\\GEOTIFF\\MDT_1400210.tif","SHRT_FNAME":"MDT_1400210.tif","UPPER_LEFT_X":"526966.212","UPPER_LEFT_Y":"9247869.956","LOWER_RIGHT_X":"527968.712","LOWER_RIGHT_Y":"9246867.956"},"geometry":{"type":"Polygon","coordinates":[[[-62.75595462224846,-6.804374552090929],[-62.74688201331341,-6.804369890522532],[-62.746877263697037,-6.813433930309387],[-62.755950042870296,-6.813438598143979],[-62.75595462224846,-6.804374552090929]]]}},
{"type":"Feature","properties":{"DESCRIPTION":"MDT_1400209.tif","FILENAME":"U:\\P589_AmazoniaRevelada_BR-319\\LiDAR_dataset\\ENTREGAS\\ENTREGA_07\\2_MDT\\GEOTIFF\\MDT_1400209.tif","SHRT_FNAME":"MDT_1400209.tif","UPPER_LEFT_X":"525966.212","UPPER_LEFT_Y":"9247869.956","LOWER_RIGHT_X":"526968.712","LOWER_RIGHT_Y":"9246867.956"},"geometry":{"type":"Polygon","coordinates":[[[-62.765004612445594,-6.804379032538702],[-62.755931997280662,-6.804374540677675],[-62.755927417477956,-6.813438586715384],[-62.765000202881659,-6.813443084614484],[-62.765004612445594,-6.804379032538702]]]}},
{"type":"Feature","properties":{"DESCRIPTION":"MDT_1400208.tif","FILENAME":"U:\\P589_AmazoniaRevelada_BR-319\\LiDAR_dataset\\ENTREGAS\\ENTREGA_07\\2_MDT\\GEOTIFF\\MDT_1400208.tif","SHRT_FNAME":"MDT_1400208.tif","UPPER_LEFT_X":"524965.712","UPPER_LEFT_Y":"9247869.956","LOWER_RIGHT_X":"525968.712","LOWER_RIGHT_Y":"9246867.956"},"geometry":{"type":"Polygon","coordinates":[[[-62.774059133625876,-6.804383345815002],[-62.764981987462541,-6.804379021548661],[-62.764977577474063,-6.813443073609668],[-62.774054893961647,-6.813447403688795],[-62.774059133625876,-6.804383345815002]]]}},
{"type":"Feature","properties":{"DESCRIPTION":"MDT_1400207.tif","FILENAME":"U:\\P589_AmazoniaRevelada_BR-319\\LiDAR_dataset\\ENTREGAS\\ENTREGA_07\\2_MDT\\GEOTIFF\\MDT_1400207.tif","SHRT_FNAME":"MDT_1400207.tif","UPPER_LEFT_X":"523965.712","UPPER_LEFT_Y":"9247869.956","LOWER_RIGHT_X":"524968.212","LOWER_RIGHT_Y":"9246867.956"},"geometry":{"type":"Polygon","coordinates":[[[-62.783109135562633,-6.804387487608171],[-62.77403650862815,-6.804383335248384],[-62.774032268539372,-6.813447393107974],[-62.78310506571372,-6.813451551049465],[-62.783109135562633,-6.804387487608171]]]}},
{"type":"Feature","properties":{"DESCRIPTION":"MDT_1400206.tif","FILENAME":"U:\\P589_AmazoniaRevelada_BR-319\\LiDAR_dataset\\ENTREGAS\\ENTREGA_07\\2_MDT\\GEOTIFF\\MDT_1400206.tif","SHRT_FNAME":"MDT_1400206.tif","UPPER_LEFT_X":"522965.712","UPPER_LEFT_Y":"9247869.956","LOWER_RIGHT_X":"523968.212","LOWER_RIGHT_Y":"9246867.956"},"geometry":{"type":"Polygon","coordinates":[[[-62.792159143022026,-6.804391460115575],[-62.78308651055081,-6.804387477464767],[-62.783082440277354,-6.813451540892427],[-62.79215524298894,-6.813455528896813],[-62.792159143022026,-6.804391460115575]]]}},
{"type":"Feature","properties":{"DESCRIPTION":"MDT_1400205.tif","FILENAME":"U:\\P589_AmazoniaRevelada_BR-319\\LiDAR_dataset\\ENTREGAS\\ENTREGA_07\\2_MDT\\GEOTIFF\\MDT_1400205.tif","SHRT_FNAME":"MDT_1400205.tif","UPPER_LEFT_X":"521965.712","UPPER_LEFT_Y":"9247869.956","LOWER_RIGHT_X":"522968.212","LOWER_RIGHT_Y":"9246867.956"},"geometry":{"type":"Polygon","coordinates":[[[-62.801209155773613,-6.804395263336722],[-62.792136517996674,-6.804391450395385],[-62.79213261753906,-6.813455519163557],[-62.801205425556859,-6.813459337230344],[-62.801209155773613,-6.804395263336722]]]}},
{"type":"Feature","properties":{"DESCRIPTION":"MDT_1400204.tif","FILENAME":"U:\\P589_AmazoniaRevelada_BR-319\\LiDAR_dataset\\ENTREGAS\\ENTREGA_07\\2_MDT\\GEOTIFF\\MDT_1400204.tif","SHRT_FNAME":"MDT_1400204.tif","UPPER_LEFT_X":"520965.712","UPPER_LEFT_Y":"9247869.956","LOWER_RIGHT_X":"521968.212","LOWER_RIGHT_Y":"9246867.956"},"geometry":{"type":"Polygon","coordinates":[[[-62.810259173586985,-6.804398897271139],[-62.801186530735336,-6.804395254039749],[-62.801182800094033,-6.813459327920873],[-62.810255613187017,-6.813462976049586],[-62.810259173586985,-6.804398897271139]]]}},
{"type":"Feature","properties":{"DESCRIPTION":"MDT_1400203.tif","FILENAME":"U:\\P589_AmazoniaRevelada_BR-319\\LiDAR_dataset\\ENTREGAS\\ENTREGA_07\\2_MDT\\GEOTIFF\\MDT_1400203.tif","SHRT_FNAME":"MDT_1400203.tif","UPPER_LEFT_X":"519965.212","UPPER_LEFT_Y":"9247869.956","LOWER_RIGHT_X":"520968.212","LOWER_RIGHT_Y":"9246867.956"},"geometry":{"type":"Polygon","coordinates":[[[-62.819313721244171,-6.804402363608355],[-62.810236548536324,-6.804398888397382],[-62.810232987711814,-6.813462967163901],[-62.819310330746355,-6.81346644704634],[-62.819313721244171,-6.804402363608355]]]}},
{"type":"Feature","properties":{"DESCRIPTION":"MDT_1400202.tif","FILENAME":"U:\\P589_AmazoniaRevelada_BR-319\\LiDAR_dataset\\ENTREGAS\\ENTREGA_07\\2_MDT\\GEOTIFF\\MDT_1400202.tif","SHRT_FNAME":"MDT_1400202.tif","UPPER_LEFT_X":"518965.212","UPPER_LEFT_Y":"9247869.956","LOWER_RIGHT_X":"519967.712","LOWER_RIGHT_Y":"9246867.956"},"geometry":{"type":"Polygon","coordinates":[[[-62.828363748492016,-6.804405658883335],[-62.819291096181722,-6.804402355158029],[-62.819287705259356,-6.813466438584654],[-62.828360527811853,-6.813469746750911],[-62.828363748492016,-6.804405658883335]]]}},
{"type":"Feature","properties":{"DESCRIPTION":"MDT_1400201.tif","FILENAME":"U:\\P589_AmazoniaRevelada_BR-319\\LiDAR_dataset\\ENTREGAS\\ENTREGA_07\\2_MDT\\GEOTIFF\\MDT_1400201.tif","SHRT_FNAME":"MDT_1400201.tif","UPPER_LEFT_X":"517965.212","UPPER_LEFT_Y":"9247869.956","LOWER_RIGHT_X":"518967.712","LOWER_RIGHT_Y":"9246867.956"},"geometry":{"type":"Polygon","coordinates":[[[-62.837413780110218,-6.804408784870295],[-62.828341123418362,-6.804405650856229],[-62.828337902313642,-6.813469738713016],[-62.837410729248106,-6.813472876939901],[-62.837413780110218,-6.804408784870295]]]}},
{"type":"Feature","properties":{"DESCRIPTION":"MDT_1400200.tif","FILENAME":"U:\\P589_AmazoniaRevelada_BR-319\\LiDAR_dataset\\ENTREGAS\\ENTREGA_07\\2_MDT\\GEOTIFF\\MDT_1400200.tif","SHRT_FNAME":"MDT_1400200.tif","UPPER_LEFT_X":"516965.212","UPPER_LEFT_Y":"9247869.956","LOWER_RIGHT_X":"517967.712","LOWER_RIGHT_Y":"9246867.956"},"geometry":{"type":"Polygon","coordinates":[[[-62.846463815868326,-6.804411741568847],[-62.837391155025905,-6.80440877726641],[-62.837388103739258,-6.813472869325794],[-62.846460934824655,-6.81347583761292],[-62.846463815868326,-6.804411741568847]]]}},
{"type":"Feature","properties":{"DESCRIPTION":"MDT_1400199.tif","FILENAME":"U:\\P589_AmazoniaRevelada_BR-319\\LiDAR_dataset\\ENTREGAS\\ENTREGA_07\\2_MDT\\GEOTIFF\\MDT_1400199.tif","SHRT_FNAME":"MDT_1400199.tif","UPPER_LEFT_X":"515965.212","UPPER_LEFT_Y":"9247869.956","LOWER_RIGHT_X":"516967.712","LOWER_RIGHT_Y":"9246867.956"},"geometry":{"type":"Polygon","coordinates":[[[-62.855513855535889,-6.80441452897862],[-62.846441190773952,-6.804411734388183],[-62.846438309305746,-6.813475830422603],[-62.855511144311045,-6.813478628769601],[-62.855513855535889,-6.80441452897862]]]}},
{"type":"Feature","properties":{"DESCRIPTION":"MDT_1400198.tif","FILENAME":"U:\\P589_AmazoniaRevelada_BR-319\\LiDAR_dataset\\ENTREGAS\\ENTREGA_07\\2_MDT\\GEOTIFF\\MDT_1400198.tif","SHRT_FNAME":"MDT_1400198.tif","UPPER_LEFT_X":"514964.712","UPPER_LEFT_Y":"9247869.956","LOWER_RIGHT_X":"515967.712","LOWER_RIGHT_Y":"9246867.956"},"geometry":{"type":"Polygon","coordinates":[[[-62.864568423905055,-6.804417148365992],[-62.855491230432044,-6.80441452222118],[-62.855488518782643,-6.813478622003074],[-62.864565882584259,-6.813481251678017],[-62.864568423905055,-6.804417148365992]]]}},
{"type":"Feature","properties":{"DESCRIPTION":"MDT_1400197.tif","FILENAME":"U:\\P589_AmazoniaRevelada_BR-319\\LiDAR_dataset\\ENTREGAS\\ENTREGA_07\\2_MDT\\GEOTIFF\\MDT_1400197.tif","SHRT_FNAME":"MDT_1400197.tif","UPPER_LEFT_X":"513964.712","UPPER_LEFT_Y":"9247869.956","LOWER_RIGHT_X":"514967.212","LOWER_RIGHT_Y":"9246867.956"},"geometry":{"type":"Polygon","coordinates":[[[-62.873618470701942,-6.804419597112553],[-62.864545798792292,-6.804417142031985],[-62.864543257046954,-6.813481245335495],[-62.873616099200603,-6.813483703716245],[-62.873618470701942,-6.804419597112553]]]}},
{"type":"Feature","properties":{"DESCRIPTION":"MDT_1400196.tif","FILENAME":"U:\\P589_AmazoniaRevelada_BR-319\\LiDAR_dataset\\ENTREGAS\\ENTREGA_07\\2_MDT\\GEOTIFF\\MDT_1400196.tif","SHRT_FNAME":"MDT_1400196.tif","UPPER_LEFT_X":"512964.712","UPPER_LEFT_Y":"9247869.956","LOWER_RIGHT_X":"513967.212","LOWER_RIGHT_Y":"9246867.956"},"geometry":{"type":"Polygon","coordinates":[[[-62.882668520716862,-6.804421876569362],[-62.873595845580844,-6.80441959120177],[-62.87359347365495,-6.813483697797516],[-62.882666319035287,-6.813485986237156],[-62.882668520716862,-6.804421876569362]]]}},
{"type":"Feature","properties":{"DESCRIPTION":"MDT_1400195.tif","FILENAME":"U:\\P589_AmazoniaRevelada_BR-319\\LiDAR_dataset\\ENTREGAS\\ENTREGA_07\\2_MDT\\GEOTIFF\\MDT_1400195.tif","SHRT_FNAME":"MDT_1400195.tif","UPPER_LEFT_X":"511964.712","UPPER_LEFT_Y":"9247869.956","LOWER_RIGHT_X":"512967.212","LOWER_RIGHT_Y":"9246867.956"},"geometry":{"type":"Polygon","coordinates":[[[-62.891718573719388,-6.804423986736136],[-62.882645895587999,-6.804421871081803],[-62.882643693481882,-6.813485980742222],[-62.891716541857839,-6.81348809924047],[-62.891718573719388,-6.804423986736136]]]}},
{"type":"Feature","properties":{"DESCRIPTION":"MDT_1400194.tif","FILENAME":"U:\\P589_AmazoniaRevelada_BR-319\\LiDAR_dataset\\ENTREGAS\\ENTREGA_07\\2_MDT\\GEOTIFF\\MDT_1400194.tif","SHRT_FNAME":"MDT_1400194.tif","UPPER_LEFT_X":"510964.712","UPPER_LEFT_Y":"9247869.956","LOWER_RIGHT_X":"511967.212","LOWER_RIGHT_Y":"9246867.956"},"geometry":{"type":"Polygon","coordinates":[[[-62.900768629479074,-6.804425927612614],[-62.89169594858334,-6.804423981671804],[-62.891693916297257,-6.813488094169329],[-62.90076676743783,-6.813490042725921],[-62.900768629479074,-6.804425927612614]]]}},
{"type":"Feature","properties":{"DESCRIPTION":"MDT_1400193.tif","FILENAME":"U:\\P589_AmazoniaRevelada_BR-319\\LiDAR_dataset\\ENTREGAS\\ENTREGA_07\\2_MDT\\GEOTIFF\\MDT_1400193.tif","SHRT_FNAME":"MDT_1400193.tif","UPPER_LEFT_X":"509964.712","UPPER_LEFT_Y":"9247869.956","LOWER_RIGHT_X":"510967.212","LOWER_RIGHT_Y":"9246867.956"},"geometry":{"type":"Polygon","coordinates":[[[-62.909818687765487,-6.804427699198555],[-62.900746004336426,-6.804425922971507],[-62.900744141870625,-6.813490038078577],[-62.909816995544759,-6.813491816693274],[-62.909818687765487,-6.804427699198555]]]}},
{"type":"Feature","properties":{"DESCRIPTION":"MDT_1399246.tif","FILENAME":"U:\\P589_AmazoniaRevelada_BR-319\\LiDAR_dataset\\ENTREGAS\\ENTREGA_07\\2_MDT\\GEOTIFF\\MDT_1399246.tif","SHRT_FNAME":"MDT_1399246.tif","UPPER_LEFT_X":"562970.758","UPPER_LEFT_Y":"9248868.831","LOWER_RIGHT_X":"563970.758","LOWER_RIGHT_Y":"9247868.831"},"geometry":{"type":"Polygon","coordinates":[[[-62.43013040961042,-6.795065056583657],[-62.421080971877267,-6.795054326797532],[-62.421070145603508,-6.804099902227382],[-62.430119752546297,-6.804110646426744],[-62.43013040961042,-6.795065056583657]]]}},
{"type":"Feature","properties":{"DESCRIPTION":"MDT_1399245.tif","FILENAME":"U:\\P589_AmazoniaRevelada_BR-319\\LiDAR_dataset\\ENTREGAS\\ENTREGA_07\\2_MDT\\GEOTIFF\\MDT_1399245.tif","SHRT_FNAME":"MDT_1399245.tif","UPPER_LEFT_X":"561970.662","UPPER_LEFT_Y":"9248868.831","LOWER_RIGHT_X":"562970.662","LOWER_RIGHT_Y":"9247868.831"},"geometry":{"type":"Polygon","coordinates":[[[-62.439180730600228,-6.795075618352169],[-62.430131278357152,-6.795065057605602],[-62.430120621309257,-6.804110647450061],[-62.439170242763289,-6.804121222382799],[-62.439180730600228,-6.795075618352169]]]}},
{"type":"Feature","properties":{"DESCRIPTION":"MDT_1399244.tif","FILENAME":"U:\\P589_AmazoniaRevelada_BR-319\\LiDAR_dataset\\ENTREGAS\\ENTREGA_07\\2_MDT\\GEOTIFF\\MDT_1399244.tif","SHRT_FNAME":"MDT_1399244.tif","UPPER_LEFT_X":"560969.212","UPPER_LEFT_Y":"9248869.956","LOWER_RIGHT_X":"561971.712","LOWER_RIGHT_Y":"9247867.456"},"geometry":{"type":"Polygon","coordinates":[[[-62.448243330458446,-6.7950758486972],[-62.439171240458826,-6.795065431045604],[-62.439160726222383,-6.804133649071071],[-62.448232986281411,-6.804144080751623],[-62.448243330458446,-6.7950758486972]]]}},
{"type":"Feature","properties":{"DESCRIPTION":"MDT_1399243.tif","FILENAME":"U:\\P589_AmazoniaRevelada_BR-319\\LiDAR_dataset\\ENTREGAS\\ENTREGA_07\\2_MDT\\GEOTIFF\\MDT_1399243.tif","SHRT_FNAME":"MDT_1399243.tif","UPPER_LEFT_X":"559969.212","UPPER_LEFT_Y":"9248869.956","LOWER_RIGHT_X":"560971.712","LOWER_RIGHT_Y":"9247867.456"},"geometry":{"type":"Polygon","coordinates":[[[-62.457292810857432,-6.795086071132655],[-62.448220706774954,-6.795075822929301],[-62.448210362173825,-6.804144054949024],[-62.457282636317011,-6.804154316953147],[-62.457292810857432,-6.795086071132655]]]}},
{"type":"Feature","properties":{"DESCRIPTION":"MDT_1399242.tif","FILENAME":"U:\\P589_AmazoniaRevelada_BR-319\\LiDAR_dataset\\ENTREGAS\\ENTREGA_07\\2_MDT\\GEOTIFF\\MDT_1399242.tif","SHRT_FNAME":"MDT_1399242.tif","UPPER_LEFT_X":"558969.212","UPPER_LEFT_Y":"9248869.956","LOWER_RIGHT_X":"559971.712","LOWER_RIGHT_Y":"9247867.456"},"geometry":{"type":"Polygon","coordinates":[[[-62.466342305073496,-6.79509612454116],[-62.457270187139109,-6.795086045787322],[-62.457260012174601,-6.80415429157368],[-62.466332300170976,-6.804164383900099],[-62.466342305073496,-6.79509612454116]]]}},
{"type":"Feature","properties":{"DESCRIPTION":"MDT_1399241.tif","FILENAME":"U:\\P589_AmazoniaRevelada_BR-319\\LiDAR_dataset\\ENTREGAS\\ENTREGA_07\\2_MDT\\GEOTIFF\\MDT_1399241.tif","SHRT_FNAME":"MDT_1399241.tif","UPPER_LEFT_X":"557969.212","UPPER_LEFT_Y":"9248869.956","LOWER_RIGHT_X":"558971.712","LOWER_RIGHT_Y":"9247867.456"},"geometry":{"type":"Polygon","coordinates":[[[-62.475391812876282,-6.795106008921464],[-62.466319681320925,-6.795096099618394],[-62.46630967599431,-6.804164358943773],[-62.475381977612905,-6.804174281591235],[-62.475391812876282,-6.795106008921464]]]}},
{"type":"Feature","properties":{"DESCRIPTION":"MDT_1399240.tif","FILENAME":"U:\\P589_AmazoniaRevelada_BR-319\\LiDAR_dataset\\ENTREGAS\\ENTREGA_07\\2_MDT\\GEOTIFF\\MDT_1399240.tif","SHRT_FNAME":"MDT_1399240.tif","UPPER_LEFT_X":"556968.712","UPPER_LEFT_Y":"9248869.956","LOWER_RIGHT_X":"557971.712","LOWER_RIGHT_Y":"9247867.456"},"geometry":{"type":"Polygon","coordinates":[[[-62.484445858799305,-6.795115729087745],[-62.475369189090031,-6.795105984421273],[-62.475359353402553,-6.804174257058048],[-62.484436193261125,-6.804184014847201],[-62.484445858799305,-6.795115729087745]]]}},
{"type":"Feature","properties":{"DESCRIPTION":"MDT_1399239.tif","FILENAME":"U:\\P589_AmazoniaRevelada_BR-319\\LiDAR_dataset\\ENTREGAS\\ENTREGA_07\\2_MDT\\GEOTIFF\\MDT_1399239.tif","SHRT_FNAME":"MDT_1399239.tif","UPPER_LEFT_X":"555968.712","UPPER_LEFT_Y":"9248869.956","LOWER_RIGHT_X":"556971.212","LOWER_RIGHT_Y":"9247867.456"},"geometry":{"type":"Polygon","coordinates":[[[-62.493495393090917,-6.795125275323479],[-62.484423234979928,-6.795115705010338],[-62.484413569017647,-6.80418399073737],[-62.493485897194333,-6.804193573938401],[-62.493495393090917,-6.795125275323479]]]}},
{"type":"Feature","properties":{"DESCRIPTION":"MDT_1399238.tif","FILENAME":"U:\\P589_AmazoniaRevelada_BR-319\\LiDAR_dataset\\ENTREGAS\\ENTREGA_07\\2_MDT\\GEOTIFF\\MDT_1399238.tif","SHRT_FNAME":"MDT_1399238.tif","UPPER_LEFT_X":"554968.712","UPPER_LEFT_Y":"9248869.956","LOWER_RIGHT_X":"555971.212","LOWER_RIGHT_Y":"9247867.456"},"geometry":{"type":"Polygon","coordinates":[[[-62.502544940278014,-6.795134652527398],[-62.493472769239013,-6.795125251668651],[-62.493463272918319,-6.804193550251719],[-62.502535614024204,-6.804202963770157],[-62.502544940278014,-6.795134652527398]]]}},
{"type":"Feature","properties":{"DESCRIPTION":"MDT_1399237.tif","FILENAME":"U:\\P589_AmazoniaRevelada_BR-319\\LiDAR_dataset\\ENTREGAS\\ENTREGA_07\\2_MDT\\GEOTIFF\\MDT_1399237.tif","SHRT_FNAME":"MDT_1399237.tif","UPPER_LEFT_X":"553968.712","UPPER_LEFT_Y":"9248869.956","LOWER_RIGHT_X":"554971.212","LOWER_RIGHT_Y":"9247867.456"},"geometry":{"type":"Polygon","coordinates":[[[-62.511594500130222,-6.795143860698334],[-62.502522316394156,-6.79513462929515],[-62.502512989716244,-6.804202940506624],[-62.511585343520366,-6.804212184341304],[-62.511594500130222,-6.795143860698334]]]}},
{"type":"Feature","properties":{"DESCRIPTION":"MDT_1399236.tif","FILENAME":"U:\\P589_AmazoniaRevelada_BR-319\\LiDAR_dataset\\ENTREGAS\\ENTREGA_07\\2_MDT\\GEOTIFF\\MDT_1399236.tif","SHRT_FNAME":"MDT_1399236.tif","UPPER_LEFT_X":"552968.712","UPPER_LEFT_Y":"9248869.956","LOWER_RIGHT_X":"553971.212","LOWER_RIGHT_Y":"9247867.456"},"geometry":{"type":"Polygon","coordinates":[[[-62.520644072417177,-6.795152899835145],[-62.511571876215001,-6.795143837888671],[-62.511562719181015,-6.804212161500924],[-62.520635085452405,-6.804221235650695],[-62.520644072417177,-6.795152899835145]]]}},
{"type":"Feature","properties":{"DESCRIPTION":"MDT_1399235.tif","FILENAME":"U:\\P589_AmazoniaRevelada_BR-319\\LiDAR_dataset\\ENTREGAS\\ENTREGA_07\\2_MDT\\GEOTIFF\\MDT_1399235.tif","SHRT_FNAME":"MDT_1399235.tif","UPPER_LEFT_X":"551968.212","UPPER_LEFT_Y":"9248869.956","LOWER_RIGHT_X":"552971.212","LOWER_RIGHT_Y":"9247867.456"},"geometry":{"type":"Polygon","coordinates":[[[-62.529698181703736,-6.79516177432948],[-62.52062144847114,-6.79515287744807],[-62.520612461082258,-6.804221213233472],[-62.529689364470009,-6.804230122095893],[-62.529698181703736,-6.79516177432948]]]}},
{"type":"Feature","properties":{"DESCRIPTION":"MDT_1399234.tif","FILENAME":"U:\\P589_AmazoniaRevelada_BR-319\\LiDAR_dataset\\ENTREGAS\\ENTREGA_07\\2_MDT\\GEOTIFF\\MDT_1399234.tif","SHRT_FNAME":"MDT_1399234.tif","UPPER_LEFT_X":"550968.212","UPPER_LEFT_Y":"9248869.956","LOWER_RIGHT_X":"551970.712","LOWER_RIGHT_Y":"9247867.456"},"geometry":{"type":"Polygon","coordinates":[[[-62.538747778174937,-6.795170475310177],[-62.529675557727465,-6.795161752365202],[-62.529666740069622,-6.804230100102039],[-62.538739130588539,-6.804238834793793],[-62.538747778174937,-6.795170475310177]]]}},
{"type":"Feature","properties":{"DESCRIPTION":"MDT_1399233.tif","FILENAME":"U:\\P589_AmazoniaRevelada_BR-319\\LiDAR_dataset\\ENTREGAS\\ENTREGA_07\\2_MDT\\GEOTIFF\\MDT_1399233.tif","SHRT_FNAME":"MDT_1399233.tif","UPPER_LEFT_X":"549968.212","UPPER_LEFT_Y":"9248869.956","LOWER_RIGHT_X":"550970.712","LOWER_RIGHT_Y":"9247867.456"},"geometry":{"type":"Polygon","coordinates":[[[-62.547797386389625,-6.795179007253442],[-62.538725154169029,-6.795170453768493],[-62.538716506158501,-6.8042388132231],[-62.547788908451636,-6.804247378226627],[-62.547797386389625,-6.795179007253442]]]}},
{"type":"Feature","properties":{"DESCRIPTION":"MDT_1399232.tif","FILENAME":"U:\\P589_AmazoniaRevelada_BR-319\\LiDAR_dataset\\ENTREGAS\\ENTREGA_07\\2_MDT\\GEOTIFF\\MDT_1399232.tif","SHRT_FNAME":"MDT_1399232.tif","UPPER_LEFT_X":"548968.212","UPPER_LEFT_Y":"9248869.956","LOWER_RIGHT_X":"549970.712","LOWER_RIGHT_Y":"9247867.456"},"geometry":{"type":"Polygon","coordinates":[[[-62.556847006117415,-6.79518737015822],[-62.547774762354649,-6.795178986134354],[-62.54776628399253,-6.804247357079099],[-62.556838697828894,-6.804255752393336],[-62.556847006117415,-6.79518737015822]]]}},
{"type":"Feature","properties":{"DESCRIPTION":"MDT_1399231.tif","FILENAME":"U:\\P589_AmazoniaRevelada_BR-319\\LiDAR_dataset\\ENTREGAS\\ENTREGA_07\\2_MDT\\GEOTIFF\\MDT_1399231.tif","SHRT_FNAME":"MDT_1399231.tif","UPPER_LEFT_X":"547968.212","UPPER_LEFT_Y":"9248869.956","LOWER_RIGHT_X":"548970.712","LOWER_RIGHT_Y":"9247867.456"},"geometry":{"type":"Polygon","coordinates":[[[-62.565896637127921,-6.79519556402347],[-62.556824382053939,-6.79518734946173],[-62.556816073341281,-6.804255731668974],[-62.565888498489905,-6.804263957292881],[-62.565896637127921,-6.79519556402347]]]}},
{"type":"Feature","properties":{"DESCRIPTION":"MDT_1399230.tif","FILENAME":"U:\\P589_AmazoniaRevelada_BR-319\\LiDAR_dataset\\ENTREGAS\\ENTREGA_07\\2_MDT\\GEOTIFF\\MDT_1399230.tif","SHRT_FNAME":"MDT_1399230.tif","UPPER_LEFT_X":"546968.212","UPPER_LEFT_Y":"9248869.956","LOWER_RIGHT_X":"547970.712","LOWER_RIGHT_Y":"9247867.456"},"geometry":{"type":"Polygon","coordinates":[[[-62.574946279190748,-6.795203588848176],[-62.56587401303652,-6.79519554374958],[-62.565865873974367,-6.804263936991688],[-62.574938310204253,-6.804271992924242],[-62.574946279190748,-6.795203588848176]]]}},
{"type":"Feature","properties":{"DESCRIPTION":"MDT_1399229.tif","FILENAME":"U:\\P589_AmazoniaRevelada_BR-319\\LiDAR_dataset\\ENTREGAS\\ENTREGA_07\\2_MDT\\GEOTIFF\\MDT_1399229.tif","SHRT_FNAME":"MDT_1399229.tif","UPPER_LEFT_X":"545967.712","UPPER_LEFT_Y":"9248869.956","LOWER_RIGHT_X":"546970.712","LOWER_RIGHT_Y":"9247867.456"},"geometry":{"type":"Polygon","coordinates":[[[-62.584000456904619,-6.79521144851695],[-62.574923655071991,-6.795203568996888],[-62.574915685661381,-6.804271973046221],[-62.583992657655479,-6.804279863177264],[-62.584000456904619,-6.79521144851695]]]}},
{"type":"Feature","properties":{"DESCRIPTION":"MDT_1399228.tif","FILENAME":"U:\\P589_AmazoniaRevelada_BR-319\\LiDAR_dataset\\ENTREGAS\\ENTREGA_07\\2_MDT\\GEOTIFF\\MDT_1399228.tif","SHRT_FNAME":"MDT_1399228.tif","UPPER_LEFT_X":"544967.712","UPPER_LEFT_Y":"9248869.956","LOWER_RIGHT_X":"545970.212","LOWER_RIGHT_Y":"9247867.456"},"geometry":{"type":"Polygon","coordinates":[[[-62.593050120386181,-6.795219135173075],[-62.583977832759096,-6.795211429088478],[-62.583970033085819,-6.804279843722629],[-62.593042490790531,-6.80428756018465],[-62.593050120386181,-6.795219135173075]]]}},
{"type":"Feature","properties":{"DESCRIPTION":"MDT_1399227.tif","FILENAME":"U:\\P589_AmazoniaRevelada_BR-319\\LiDAR_dataset\\ENTREGAS\\ENTREGA_07\\2_MDT\\GEOTIFF\\MDT_1399227.tif","SHRT_FNAME":"MDT_1399227.tif","UPPER_LEFT_X":"543967.712","UPPER_LEFT_Y":"9248869.956","LOWER_RIGHT_X":"544970.212","LOWER_RIGHT_Y":"9247867.456"},"geometry":{"type":"Polygon","coordinates":[[[-62.602099794228778,-6.795226652785727],[-62.593027496214454,-6.79521911616721],[-62.59301986619468,-6.80428754115319],[-62.602092334287597,-6.804295087920921],[-62.602099794228778,-6.795226652785727]]]}},
{"type":"Feature","properties":{"DESCRIPTION":"MDT_1399226.tif","FILENAME":"U:\\P589_AmazoniaRevelada_BR-319\\LiDAR_dataset\\ENTREGAS\\ENTREGA_07\\2_MDT\\GEOTIFF\\MDT_1399226.tif","SHRT_FNAME":"MDT_1399226.tif","UPPER_LEFT_X":"542967.712","UPPER_LEFT_Y":"9248869.956","LOWER_RIGHT_X":"543970.212","LOWER_RIGHT_Y":"9247867.456"},"geometry":{"type":"Polygon","coordinates":[[[-62.61114947820203,-6.795234001353974],[-62.602077170031443,-6.795226634202472],[-62.602069709666125,-6.804295069312641],[-62.611142187916251,-6.804302446385142],[-62.61114947820203,-6.795234001353974]]]}},
{"type":"Feature","properties":{"DESCRIPTION":"MDT_1399225.tif","FILENAME":"U:\\P589_AmazoniaRevelada_BR-319\\LiDAR_dataset\\ENTREGAS\\ENTREGA_07\\2_MDT\\GEOTIFF\\MDT_1399225.tif","SHRT_FNAME":"MDT_1399225.tif","UPPER_LEFT_X":"541967.712","UPPER_LEFT_Y":"9248869.956","LOWER_RIGHT_X":"542970.212","LOWER_RIGHT_Y":"9247867.456"},"geometry":{"type":"Polygon","coordinates":[[[-62.620199172075552,-6.795241180876904],[-62.611126853979655,-6.795233983193332],[-62.611119563269739,-6.804302428200043],[-62.620192051446075,-6.804309635576401],[-62.620199172075552,-6.795241180876904]]]}},
{"type":"Feature","properties":{"DESCRIPTION":"MDT_1399224.tif","FILENAME":"U:\\P589_AmazoniaRevelada_BR-319\\LiDAR_dataset\\ENTREGAS\\ENTREGA_07\\2_MDT\\GEOTIFF\\MDT_1399224.tif","SHRT_FNAME":"MDT_1399224.tif","UPPER_LEFT_X":"540967.212","UPPER_LEFT_Y":"9248869.956","LOWER_RIGHT_X":"541970.212","LOWER_RIGHT_Y":"9247867.456"},"geometry":{"type":"Polygon","coordinates":[[[-62.62925340047309,-6.79524819481658],[-62.62017654782872,-6.795241163138876],[-62.620169426775085,-6.804309617814485],[-62.629246449585636,-6.804316658961422],[-62.62925340047309,-6.79524819481658]]]}},
{"type":"Feature","properties":{"DESCRIPTION":"MDT_1399223.tif","FILENAME":"U:\\P589_AmazoniaRevelada_BR-319\\LiDAR_dataset\\ENTREGAS\\ENTREGA_07\\2_MDT\\GEOTIFF\\MDT_1399223.tif","SHRT_FNAME":"MDT_1399223.tif","UPPER_LEFT_X":"539967.212","UPPER_LEFT_Y":"9248869.956","LOWER_RIGHT_X":"540969.712","LOWER_RIGHT_Y":"9247867.456"},"geometry":{"type":"Polygon","coordinates":[[[-62.638303113460609,-6.795255036161695],[-62.629230776202355,-6.795248177501379],[-62.629223824890751,-6.804316641622904],[-62.638296332231228,-6.804323509519461],[-62.638303113460609,-6.795255036161695]]]}},
{"type":"Feature","properties":{"DESCRIPTION":"MDT_1399222.tif","FILENAME":"U:\\P589_AmazoniaRevelada_BR-319\\LiDAR_dataset\\ENTREGAS\\ENTREGA_07\\2_MDT\\GEOTIFF\\MDT_1399222.tif","SHRT_FNAME":"MDT_1399222.tif","UPPER_LEFT_X":"538967.212","UPPER_LEFT_Y":"9248869.956","LOWER_RIGHT_X":"539969.712","LOWER_RIGHT_Y":"9247867.456"},"geometry":{"type":"Polygon","coordinates":[[[-62.647352835657088,-6.795261708458882],[-62.638280489166561,-6.795255019269114],[-62.638273707513044,-6.804323492604129],[-62.647346224086625,-6.804330190801919],[-62.647352835657088,-6.795261708458882]]]}},
{"type":"Feature","properties":{"DESCRIPTION":"MDT_1399221.tif","FILENAME":"U:\\P589_AmazoniaRevelada_BR-319\\LiDAR_dataset\\ENTREGAS\\ENTREGA_07\\2_MDT\\GEOTIFF\\MDT_1399221.tif","SHRT_FNAME":"MDT_1399221.tif","UPPER_LEFT_X":"537967.212","UPPER_LEFT_Y":"9248869.956","LOWER_RIGHT_X":"538969.712","LOWER_RIGHT_Y":"9247867.456"},"geometry":{"type":"Polygon","coordinates":[[[-62.656402566832135,-6.795268211707309],[-62.647330211340311,-6.795261691988922],[-62.64732359934569,-6.804330174309779],[-62.656396124921422,-6.804336702807969],[-62.656402566832135,-6.795268211707309]]]}},
{"type":"Feature","properties":{"DESCRIPTION":"MDT_1399220.tif","FILENAME":"U:\\P589_AmazoniaRevelada_BR-319\\LiDAR_dataset\\ENTREGAS\\ENTREGA_07\\2_MDT\\GEOTIFF\\MDT_1399220.tif","SHRT_FNAME":"MDT_1399220.tif","UPPER_LEFT_X":"536967.212","UPPER_LEFT_Y":"9248869.956","LOWER_RIGHT_X":"537969.712","LOWER_RIGHT_Y":"9247867.456"},"geometry":{"type":"Polygon","coordinates":[[[-62.665452306755355,-6.795274545906171],[-62.656379942493203,-6.795268195659972],[-62.656373500158338,-6.80433668673902],[-62.66544603450518,-6.804343045536802],[-62.665452306755355,-6.795274545906171]]]}},
{"type":"Feature","properties":{"DESCRIPTION":"MDT_1399219.tif","FILENAME":"U:\\P589_AmazoniaRevelada_BR-319\\LiDAR_dataset\\ENTREGAS\\ENTREGA_07\\2_MDT\\GEOTIFF\\MDT_1399219.tif","SHRT_FNAME":"MDT_1399219.tif","UPPER_LEFT_X":"535966.712","UPPER_LEFT_Y":"9248869.956","LOWER_RIGHT_X":"536969.712","LOWER_RIGHT_Y":"9247867.456"},"geometry":{"type":"Polygon","coordinates":[[[-62.674506580072645,-6.795280714094971],[-62.665429682394823,-6.795274530281458],[-62.665423409720503,-6.804343029891049],[-62.67450047756865,-6.804349222032015],[-62.674506580072645,-6.795280714094971]]]}},
{"type":"Feature","properties":{"DESCRIPTION":"MDT_1399218.tif","FILENAME":"U:\\P589_AmazoniaRevelada_BR-319\\LiDAR_dataset\\ENTREGAS\\ENTREGA_07\\2_MDT\\GEOTIFF\\MDT_1399218.tif","SHRT_FNAME":"MDT_1399218.tif","UPPER_LEFT_X":"534966.712","UPPER_LEFT_Y":"9248869.956","LOWER_RIGHT_X":"535969.212","LOWER_RIGHT_Y":"9247867.456"},"geometry":{"type":"Polygon","coordinates":[[[-62.683556336805061,-6.795286710107836],[-62.674483955691095,-6.795280698893097],[-62.674477852762941,-6.804349206809669],[-62.683550403963167,-6.804355226119434],[-62.683556336805061,-6.795286710107836]]]}},
{"type":"Feature","properties":{"DESCRIPTION":"MDT_1399217.tif","FILENAME":"U:\\P589_AmazoniaRevelada_BR-319\\LiDAR_dataset\\ENTREGAS\\ENTREGA_07\\2_MDT\\GEOTIFF\\MDT_1399217.tif","SHRT_FNAME":"MDT_1399217.tif","UPPER_LEFT_X":"533966.712","UPPER_LEFT_Y":"9248869.956","LOWER_RIGHT_X":"534969.212","LOWER_RIGHT_Y":"9247867.456"},"geometry":{"type":"Polygon","coordinates":[[[-62.692606101594329,-6.795292537068836],[-62.68353371240309,-6.795286695328589],[-62.683527779137044,-6.804355211320285],[-62.692600338415289,-6.804361060927334],[-62.692606101594329,-6.795292537068836]]]}},
{"type":"Feature","properties":{"DESCRIPTION":"MDT_1399216.tif","FILENAME":"U:\\P589_AmazoniaRevelada_BR-319\\LiDAR_dataset\\ENTREGAS\\ENTREGA_07\\2_MDT\\GEOTIFF\\MDT_1399216.tif","SHRT_FNAME":"MDT_1399216.tif","UPPER_LEFT_X":"532966.712","UPPER_LEFT_Y":"9248869.956","LOWER_RIGHT_X":"533969.212","LOWER_RIGHT_Y":"9247867.456"},"geometry":{"type":"Polygon","coordinates":[[[-62.70165587421004,-6.795298194977253],[-62.692583477172505,-6.795292522712223],[-62.692577713569307,-6.804361046551386],[-62.701650280694579,-6.804366726454993],[-62.70165587421004,-6.795298194977253]]]}},
{"type":"Feature","properties":{"DESCRIPTION":"MDT_1399215.tif","FILENAME":"U:\\P589_AmazoniaRevelada_BR-319\\LiDAR_dataset\\ENTREGAS\\ENTREGA_07\\2_MDT\\GEOTIFF\\MDT_1399215.tif","SHRT_FNAME":"MDT_1399215.tif","UPPER_LEFT_X":"531966.712","UPPER_LEFT_Y":"9248869.956","LOWER_RIGHT_X":"532969.212","LOWER_RIGHT_Y":"9247867.456"},"geometry":{"type":"Polygon","coordinates":[[[-62.710705654421801,-6.795303683832378],[-62.701633249768946,-6.79529818104327],[-62.701627655829306,-6.804366712502246],[-62.710700230570595,-6.804372222701706],[-62.710705654421801,-6.795303683832378]]]}},
{"type":"Feature","properties":{"DESCRIPTION":"MDT_1399214.tif","FILENAME":"U:\\P589_AmazoniaRevelada_BR-319\\LiDAR_dataset\\ENTREGAS\\ENTREGA_07\\2_MDT\\GEOTIFF\\MDT_1399214.tif","SHRT_FNAME":"MDT_1399214.tif","UPPER_LEFT_X":"530966.212","UPPER_LEFT_Y":"9248869.956","LOWER_RIGHT_X":"531969.212","LOWER_RIGHT_Y":"9247867.456"},"geometry":{"type":"Polygon","coordinates":[[[-62.719759966894784,-6.795309006251149],[-62.710683029961992,-6.79530367032103],[-62.710677605686627,-6.804372209172163],[-62.71975471279336,-6.804377552287932],[-62.719759966894784,-6.795309006251149]]]}},
{"type":"Feature","properties":{"DESCRIPTION":"MDT_1399213.tif","FILENAME":"U:\\P589_AmazoniaRevelada_BR-319\\LiDAR_dataset\\ENTREGAS\\ENTREGA_07\\2_MDT\\GEOTIFF\\MDT_1399213.tif","SHRT_FNAME":"MDT_1399213.tif","UPPER_LEFT_X":"529966.212","UPPER_LEFT_Y":"9248869.956","LOWER_RIGHT_X":"530968.712","LOWER_RIGHT_Y":"9247867.456"},"geometry":{"type":"Polygon","coordinates":[[[-62.728809761610904,-6.795314156913145],[-62.719737342416835,-6.795308993162648],[-62.719732087891245,-6.804377539181805],[-62.728804677175084,-6.804382709886087],[-62.728809761610904,-6.795314156913145]]]}},
{"type":"Feature","properties":{"DESCRIPTION":"MDT_1399212.tif","FILENAME":"U:\\P589_AmazoniaRevelada_BR-319\\LiDAR_dataset\\ENTREGAS\\ENTREGA_07\\2_MDT\\GEOTIFF\\MDT_1399212.tif","SHRT_FNAME":"MDT_1399212.tif","UPPER_LEFT_X":"528966.212","UPPER_LEFT_Y":"9248869.956","LOWER_RIGHT_X":"529968.712","LOWER_RIGHT_Y":"9247867.456"},"geometry":{"type":"Polygon","coordinates":[[[-62.737859563231744,-6.795319138519869],[-62.728787137115411,-6.79531414424728],[-62.728782052255426,-6.804382697203165],[-62.737854648462168,-6.804387698201311],[-62.737859563231744,-6.795319138519869]]]}},
{"type":"Feature","properties":{"DESCRIPTION":"MDT_1399211.tif","FILENAME":"U:\\P589_AmazoniaRevelada_BR-319\\LiDAR_dataset\\ENTREGAS\\ENTREGA_07\\2_MDT\\GEOTIFF\\MDT_1399211.tif","SHRT_FNAME":"MDT_1399211.tif","UPPER_LEFT_X":"527966.212","UPPER_LEFT_Y":"9248869.956","LOWER_RIGHT_X":"528968.712","LOWER_RIGHT_Y":"9247867.456"},"geometry":{"type":"Polygon","coordinates":[[[-62.746909371526868,-6.795323951070705],[-62.737836938719276,-6.795319126276644],[-62.737832023525527,-6.804387685941598],[-62.746904626424161,-6.804392517232986],[-62.746909371526868,-6.795323951070705]]]}},
{"type":"Feature","properties":{"DESCRIPTION":"MDT_1399210.tif","FILENAME":"U:\\P589_AmazoniaRevelada_BR-319\\LiDAR_dataset\\ENTREGAS\\ENTREGA_07\\2_MDT\\GEOTIFF\\MDT_1399210.tif","SHRT_FNAME":"MDT_1399210.tif","UPPER_LEFT_X":"526966.212","UPPER_LEFT_Y":"9248869.956","LOWER_RIGHT_X":"527968.712","LOWER_RIGHT_Y":"9247867.456"},"geometry":{"type":"Polygon","coordinates":[[[-62.755959186265891,-6.795328594565051],[-62.746886746998001,-6.795323939250119],[-62.746882001471121,-6.804392505396482],[-62.755954610830621,-6.804397166980513],[-62.755959186265891,-6.795328594565051]]]}},
{"type":"Feature","properties":{"DESCRIPTION":"MDT_1399209.tif","FILENAME":"U:\\P589_AmazoniaRevelada_BR-319\\LiDAR_dataset\\ENTREGAS\\ENTREGA_07\\2_MDT\\GEOTIFF\\MDT_1399209.tif","SHRT_FNAME":"MDT_1399209.tif","UPPER_LEFT_X":"525966.212","UPPER_LEFT_Y":"9248869.956","LOWER_RIGHT_X":"526968.712","LOWER_RIGHT_Y":"9247867.456"},"geometry":{"type":"Polygon","coordinates":[[[-62.765009007218396,-6.795333069002334],[-62.755936561721199,-6.795328583167109],[-62.755931985861771,-6.804397155567221],[-62.765004601451153,-6.804401647443313],[-62.765009007218396,-6.795333069002334]]]}},
{"type":"Feature","properties":{"DESCRIPTION":"MDT_1399208.tif","FILENAME":"U:\\P589_AmazoniaRevelada_BR-319\\LiDAR_dataset\\ENTREGAS\\ENTREGA_07\\2_MDT\\GEOTIFF\\MDT_1399208.tif","SHRT_FNAME":"MDT_1399208.tif","UPPER_LEFT_X":"524965.712","UPPER_LEFT_Y":"9248869.956","LOWER_RIGHT_X":"525968.712","LOWER_RIGHT_Y":"9247867.456"},"geometry":{"type":"Polygon","coordinates":[[[-62.774063359068883,-6.7953373764924],[-62.764986382658449,-6.795333058027035],[-62.764981976467041,-6.804401636453234],[-62.774059123055061,-6.804405960734079],[-62.774063359068883,-6.7953373764924]]]}},
{"type":"Feature","properties":{"DESCRIPTION":"MDT_1399207.tif","FILENAME":"U:\\P589_AmazoniaRevelada_BR-319\\LiDAR_dataset\\ENTREGAS\\ENTREGA_07\\2_MDT\\GEOTIFF\\MDT_1399207.tif","SHRT_FNAME":"MDT_1399207.tif","UPPER_LEFT_X":"523965.712","UPPER_LEFT_Y":"9248869.956","LOWER_RIGHT_X":"524968.212","LOWER_RIGHT_Y":"9247867.456"},"geometry":{"type":"Polygon","coordinates":[[[-62.783113191759924,-6.795341512729379],[-62.774040734494264,-6.795337365939957],[-62.774036498056283,-6.804405950167425],[-62.783109125415216,-6.804410102541139],[-62.783113191759924,-6.795341512729379]]]}},
{"type":"Feature","properties":{"DESCRIPTION":"MDT_1399206.tif","FILENAME":"U:\\P589_AmazoniaRevelada_BR-319\\LiDAR_dataset\\ENTREGAS\\ENTREGA_07\\2_MDT\\GEOTIFF\\MDT_1399206.tif","SHRT_FNAME":"MDT_1399206.tif","UPPER_LEFT_X":"522965.712","UPPER_LEFT_Y":"9248869.956","LOWER_RIGHT_X":"523968.212","LOWER_RIGHT_Y":"9247867.456"},"geometry":{"type":"Polygon","coordinates":[[[-62.792163029973104,-6.79534547990769],[-62.783090567171222,-6.795341502599582],[-62.783086500402334,-6.8044100923977],[-62.792159133298014,-6.804414075061866],[-62.792163029973104,-6.79534547990769]]]}},
{"type":"Feature","properties":{"DESCRIPTION":"MDT_1399205.tif","FILENAME":"U:\\P589_AmazoniaRevelada_BR-319\\LiDAR_dataset\\ENTREGAS\\ENTREGA_07\\2_MDT\\GEOTIFF\\MDT_1399205.tif","SHRT_FNAME":"MDT_1399205.tif","UPPER_LEFT_X":"521965.712","UPPER_LEFT_Y":"9248869.956","LOWER_RIGHT_X":"522968.212","LOWER_RIGHT_Y":"9247867.456"},"geometry":{"type":"Polygon","coordinates":[[[-62.801212873478008,-6.795349278026841],[-62.79214040537088,-6.795345470200541],[-62.792136508271604,-6.804414065341643],[-62.801209146473013,-6.804417878295768],[-62.801212873478008,-6.795349278026841]]]}},
{"type":"Feature","properties":{"DESCRIPTION":"MDT_1399204.tif","FILENAME":"U:\\P589_AmazoniaRevelada_BR-319\\LiDAR_dataset\\ENTREGAS\\ENTREGA_07\\2_MDT\\GEOTIFF\\MDT_1399204.tif","SHRT_FNAME":"MDT_1399204.tif","UPPER_LEFT_X":"520965.712","UPPER_LEFT_Y":"9248869.956","LOWER_RIGHT_X":"521968.212","LOWER_RIGHT_Y":"9247867.456"},"geometry":{"type":"Polygon","coordinates":[[[-62.8102627220442,-6.795352907086357],[-62.801190248862831,-6.795349268742338],[-62.801186521433664,-6.804417868998762],[-62.810259164709784,-6.804421512242371],[-62.8102627220442,-6.795352907086357]]]}},
{"type":"Feature","properties":{"DESCRIPTION":"MDT_1399203.tif","FILENAME":"U:\\P589_AmazoniaRevelada_BR-319\\LiDAR_dataset\\ENTREGAS\\ENTREGA_07\\2_MDT\\GEOTIFF\\MDT_1399203.tif","SHRT_FNAME":"MDT_1399203.tif","UPPER_LEFT_X":"519965.212","UPPER_LEFT_Y":"9248869.956","LOWER_RIGHT_X":"520968.212","LOWER_RIGHT_Y":"9247867.456"},"geometry":{"type":"Polygon","coordinates":[[[-62.819317100369155,-6.795356368773503],[-62.810240097416667,-6.795352898224503],[-62.810236539658071,-6.804421503368585],[-62.819313712790603,-6.804424978591213],[-62.819317100369155,-6.795356368773503]]]}},
{"type":"Feature","properties":{"DESCRIPTION":"MDT_1399202.tif","FILENAME":"U:\\P589_AmazoniaRevelada_BR-319\\LiDAR_dataset\\ENTREGAS\\ENTREGA_07\\2_MDT\\GEOTIFF\\MDT_1399202.tif","SHRT_FNAME":"MDT_1399202.tif","UPPER_LEFT_X":"518965.212","UPPER_LEFT_Y":"9248869.956","LOWER_RIGHT_X":"519967.712","LOWER_RIGHT_Y":"9247867.456"},"geometry":{"type":"Polygon","coordinates":[[[-62.828366958368974,-6.795359659627894],[-62.819294475729833,-6.795356360334513],[-62.819291087727095,-6.804424970140858],[-62.82836374046186,-6.804428273877247],[-62.828366958368974,-6.795359659627894]]]}},
{"type":"Feature","properties":{"DESCRIPTION":"MDT_1399201.tif","FILENAME":"U:\\P589_AmazoniaRevelada_BR-319\\LiDAR_dataset\\ENTREGAS\\ENTREGA_07\\2_MDT\\GEOTIFF\\MDT_1399201.tif","SHRT_FNAME":"MDT_1399201.tif","UPPER_LEFT_X":"517965.212","UPPER_LEFT_Y":"9248869.956","LOWER_RIGHT_X":"518967.712","LOWER_RIGHT_Y":"9247867.456"},"geometry":{"type":"Polygon","coordinates":[[[-62.837416820738724,-6.795362781421362],[-62.82834433371842,-6.795359651611555],[-62.828341115387133,-6.804428265850112],[-62.83741377250346,-6.80443139987469],[-62.837416820738724,-6.795362781421362]]]}},
{"type":"Feature","properties":{"DESCRIPTION":"MDT_1399200.tif","FILENAME":"U:\\P589_AmazoniaRevelada_BR-319\\LiDAR_dataset\\ENTREGAS\\ENTREGA_07\\2_MDT\\GEOTIFF\\MDT_1399200.tif","SHRT_FNAME":"MDT_1399200.tif","UPPER_LEFT_X":"516965.212","UPPER_LEFT_Y":"9248869.956","LOWER_RIGHT_X":"517967.712","LOWER_RIGHT_Y":"9247867.456"},"geometry":{"type":"Polygon","coordinates":[[[-62.846466687248011,-6.795365734153521],[-62.83739419607754,-6.795362773827676],[-62.837391147418096,-6.80443139227078],[-62.846463808684973,-6.804434356583157],[-62.846466687248011,-6.795365734153521]]]}},
{"type":"Feature","properties":{"DESCRIPTION":"MDT_1399199.tif","FILENAME":"U:\\P589_AmazoniaRevelada_BR-319\\LiDAR_dataset\\ENTREGAS\\ENTREGA_07\\2_MDT\\GEOTIFF\\MDT_1399199.tif","SHRT_FNAME":"MDT_1399199.tif","UPPER_LEFT_X":"515965.212","UPPER_LEFT_Y":"9248869.956","LOWER_RIGHT_X":"516967.712","LOWER_RIGHT_Y":"9247867.456"},"geometry":{"type":"Polygon","coordinates":[[[-62.855516557666412,-6.795368517824002],[-62.846444062576758,-6.795365726982489],[-62.846441183589548,-6.804434349402468],[-62.855513848775956,-6.804437144002281],[-62.855516557666412,-6.795368517824002]]]}},
{"type":"Feature","properties":{"DESCRIPTION":"MDT_1399198.tif","FILENAME":"U:\\P589_AmazoniaRevelada_BR-319\\LiDAR_dataset\\ENTREGAS\\ENTREGA_07\\2_MDT\\GEOTIFF\\MDT_1399198.tif","SHRT_FNAME":"MDT_1399198.tif","UPPER_LEFT_X":"514964.712","UPPER_LEFT_Y":"9248869.956","LOWER_RIGHT_X":"515967.712","LOWER_RIGHT_Y":"9247867.456"},"geometry":{"type":"Polygon","coordinates":[[[-62.864570956701435,-6.79537113369748],[-62.855493932985681,-6.795368511075624],[-62.855491223671052,-6.804437137244816],[-62.864568417568755,-6.804439763398435],[-62.864570956701435,-6.79537113369748]]]}},
{"type":"Feature","properties":{"DESCRIPTION":"MDT_1399197.tif","FILENAME":"U:\\P589_AmazoniaRevelada_BR-319\\LiDAR_dataset\\ENTREGAS\\ENTREGA_07\\2_MDT\\GEOTIFF\\MDT_1399197.tif","SHRT_FNAME":"MDT_1399197.tif","UPPER_LEFT_X":"513964.712","UPPER_LEFT_Y":"9248869.956","LOWER_RIGHT_X":"514967.212","LOWER_RIGHT_Y":"9247867.456"},"geometry":{"type":"Polygon","coordinates":[[[-62.873620834248484,-6.795373579159063],[-62.864548332011793,-6.79537112737197],[-62.864545792454919,-6.804439757064408],[-62.87361846478904,-6.80444221215321],[-62.873620834248484,-6.795373579159063]]]}},
{"type":"Feature","properties":{"DESCRIPTION":"MDT_1399196.tif","FILENAME":"U:\\P589_AmazoniaRevelada_BR-319\\LiDAR_dataset\\ENTREGAS\\ENTREGA_07\\2_MDT\\GEOTIFF\\MDT_1399196.tif","SHRT_FNAME":"MDT_1399196.tif","UPPER_LEFT_X":"512964.712","UPPER_LEFT_Y":"9248869.956","LOWER_RIGHT_X":"513967.212","LOWER_RIGHT_Y":"9247867.456"},"geometry":{"type":"Polygon","coordinates":[[[-62.882670715013262,-6.795375855557995],[-62.873598209550501,-6.795373573256208],[-62.873595839666883,-6.804442206242405],[-62.882668515227373,-6.804444491617663],[-62.882670715013262,-6.795375855557995]]]}},
{"type":"Feature","properties":{"DESCRIPTION":"MDT_1399195.tif","FILENAME":"U:\\P589_AmazoniaRevelada_BR-319\\LiDAR_dataset\\ENTREGAS\\ENTREGA_07\\2_MDT\\GEOTIFF\\MDT_1399195.tif","SHRT_FNAME":"MDT_1399195.tif","UPPER_LEFT_X":"511964.712","UPPER_LEFT_Y":"9248869.956","LOWER_RIGHT_X":"512967.212","LOWER_RIGHT_Y":"9247867.456"},"geometry":{"type":"Polygon","coordinates":[[[-62.891720598765389,-6.795377962893994],[-62.882648090307534,-6.795375850077797],[-62.882645890097457,-6.804444486130086],[-62.89171856865331,-6.804446601791516],[-62.891720598765389,-6.795377962893994]]]}},
{"type":"Feature","properties":{"DESCRIPTION":"MDT_1399194.tif","FILENAME":"U:\\P589_AmazoniaRevelada_BR-319\\LiDAR_dataset\\ENTREGAS\\ENTREGA_07\\2_MDT\\GEOTIFF\\MDT_1399194.tif","SHRT_FNAME":"MDT_1399194.tif","UPPER_LEFT_X":"510964.712","UPPER_LEFT_Y":"9248869.956","LOWER_RIGHT_X":"511967.212","LOWER_RIGHT_Y":"9247867.456"},"geometry":{"type":"Polygon","coordinates":[[[-62.900770485274414,-6.795379901166798],[-62.891697974052477,-6.795377957836454],[-62.891695943516218,-6.804446596727163],[-62.900768624836417,-6.804448542674502],[-62.900770485274414,-6.795379901166798]]]}},
{"type":"Feature","properties":{"DESCRIPTION":"MDT_1399193.tif","FILENAME":"U:\\P589_AmazoniaRevelada_BR-319\\LiDAR_dataset\\ENTREGAS\\ENTREGA_07\\2_MDT\\GEOTIFF\\MDT_1399193.tif","SHRT_FNAME":"MDT_1399193.tif","UPPER_LEFT_X":"509964.712","UPPER_LEFT_Y":"9248869.956","LOWER_RIGHT_X":"510967.212","LOWER_RIGHT_Y":"9247867.456"},"geometry":{"type":"Polygon","coordinates":[[[-62.909820374309945,-6.795381670376167],[-62.900747860554901,-6.795379896531916],[-62.90074599969271,-6.804448538033379],[-62.909818683546249,-6.804450314266384],[-62.909820374309945,-6.795381670376167]]]}},
{"type":"Feature","properties":{"DESCRIPTION":"MDT_1398247.tif","FILENAME":"U:\\P589_AmazoniaRevelada_BR-319\\LiDAR_dataset\\ENTREGAS\\ENTREGA_07\\2_MDT\\GEOTIFF\\MDT_1398247.tif","SHRT_FNAME":"MDT_1398247.tif","UPPER_LEFT_X":"563970.853","UPPER_LEFT_Y":"9249868.706","LOWER_RIGHT_X":"564970.853","LOWER_RIGHT_Y":"9248868.706"},"geometry":{"type":"Polygon","coordinates":[[[-62.421090922381758,-6.786009877652257],[-62.41204166834568,-6.785998993466025],[-62.412030687815012,-6.7950445576413],[-62.421080110829003,-6.795055456467312],[-62.421090922381758,-6.786009877652257]]]}},
{"type":"Feature","properties":{"DESCRIPTION":"MDT_1398246.tif","FILENAME":"U:\\P589_AmazoniaRevelada_BR-319\\LiDAR_dataset\\ENTREGAS\\ENTREGA_07\\2_MDT\\GEOTIFF\\MDT_1398246.tif","SHRT_FNAME":"MDT_1398246.tif","UPPER_LEFT_X":"562970.758","UPPER_LEFT_Y":"9249868.706","LOWER_RIGHT_X":"563970.758","LOWER_RIGHT_Y":"9248868.706"},"geometry":{"type":"Polygon","coordinates":[[[-62.430141050836603,-6.78602059405344],[-62.421091782061588,-6.786009878678236],[-62.421080970524891,-6.795055457494672],[-62.43013040827919,-6.795066187282599],[-62.430141050836603,-6.78602059405344]]]}},
{"type":"Feature","properties":{"DESCRIPTION":"MDT_1398245.tif","FILENAME":"U:\\P589_AmazoniaRevelada_BR-319\\LiDAR_dataset\\ENTREGAS\\ENTREGA_07\\2_MDT\\GEOTIFF\\MDT_1398245.tif","SHRT_FNAME":"MDT_1398245.tif","UPPER_LEFT_X":"561970.662","UPPER_LEFT_Y":"9249868.706","LOWER_RIGHT_X":"562970.662","LOWER_RIGHT_Y":"9248868.706"},"geometry":{"type":"Polygon","coordinates":[[[-62.439191202850715,-6.786031141636694],[-62.43014191956712,-6.786020595074015],[-62.430131277025922,-6.795066188304544],[-62.439180729290143,-6.795076749052885],[-62.439191202850715,-6.786031141636694]]]}},
{"type":"Feature","properties":{"DESCRIPTION":"MDT_1398244.tif","FILENAME":"U:\\P589_AmazoniaRevelada_BR-319\\LiDAR_dataset\\ENTREGAS\\ENTREGA_07\\2_MDT\\GEOTIFF\\MDT_1398244.tif","SHRT_FNAME":"MDT_1398244.tif","UPPER_LEFT_X":"560969.212","UPPER_LEFT_Y":"9249869.956","LOWER_RIGHT_X":"561971.712","LOWER_RIGHT_Y":"9248867.456"},"geometry":{"type":"Polygon","coordinates":[[[-62.448253634774517,-6.786030227298085],[-62.439181714178986,-6.786019823639959],[-62.439171214256632,-6.795088045059877],[-62.448243304680048,-6.795098462746457],[-62.448253634774517,-6.786030227298085]]]}},
{"type":"Feature","properties":{"DESCRIPTION":"MDT_1398243.tif","FILENAME":"U:\\P589_AmazoniaRevelada_BR-319\\LiDAR_dataset\\ENTREGAS\\ENTREGA_07\\2_MDT\\GEOTIFF\\MDT_1398243.tif","SHRT_FNAME":"MDT_1398243.tif","UPPER_LEFT_X":"559969.212","UPPER_LEFT_Y":"9249869.956","LOWER_RIGHT_X":"560971.712","LOWER_RIGHT_Y":"9248867.456"},"geometry":{"type":"Polygon","coordinates":[[[-62.457302946190566,-6.786040436002291],[-62.448231011513478,-6.786030201564797],[-62.448220680995504,-6.79509843697847],[-62.457292785501778,-6.79510868521624],[-62.457302946190566,-6.786040436002291]]]}},
{"type":"Feature","properties":{"DESCRIPTION":"MDT_1398242.tif","FILENAME":"U:\\P589_AmazoniaRevelada_BR-319\\LiDAR_dataset\\ENTREGAS\\ENTREGA_07\\2_MDT\\GEOTIFF\\MDT_1398242.tif","SHRT_FNAME":"MDT_1398242.tif","UPPER_LEFT_X":"558969.212","UPPER_LEFT_Y":"9249869.956","LOWER_RIGHT_X":"559971.712","LOWER_RIGHT_Y":"9248867.456"},"geometry":{"type":"Polygon","coordinates":[[[-62.466352271422437,-6.786050475906592],[-62.457280322894697,-6.786040410691002],[-62.457270161782404,-6.795108659870821],[-62.466342280140609,-6.795118738658506],[-62.466352271422437,-6.786050475906592]]]}},
{"type":"Feature","properties":{"DESCRIPTION":"MDT_1398241.tif","FILENAME":"U:\\P589_AmazoniaRevelada_BR-319\\LiDAR_dataset\\ENTREGAS\\ENTREGA_07\\2_MDT\\GEOTIFF\\MDT_1398241.tif","SHRT_FNAME":"MDT_1398241.tif","UPPER_LEFT_X":"557969.212","UPPER_LEFT_Y":"9249869.956","LOWER_RIGHT_X":"558971.712","LOWER_RIGHT_Y":"9248867.456"},"geometry":{"type":"Polygon","coordinates":[[[-62.475401610239771,-6.786060347009741],[-62.466329648092326,-6.786050451017305],[-62.466319656386965,-6.795118713735657],[-62.475391788366139,-6.795128623072006],[-62.475401610239771,-6.786060347009741]]]}},
{"type":"Feature","properties":{"DESCRIPTION":"MDT_1398240.tif","FILENAME":"U:\\P589_AmazoniaRevelada_BR-319\\LiDAR_dataset\\ENTREGAS\\ENTREGA_07\\2_MDT\\GEOTIFF\\MDT_1398240.tif","SHRT_FNAME":"MDT_1398240.tif","UPPER_LEFT_X":"556968.712","UPPER_LEFT_Y":"9249869.956","LOWER_RIGHT_X":"557971.712","LOWER_RIGHT_Y":"9248867.456"},"geometry":{"type":"Polygon","coordinates":[[[-62.484455487091623,-6.786070054119442],[-62.475378986875981,-6.786060322542459],[-62.475369164578822,-6.79512859857173],[-62.484445834712126,-6.795138343270926],[-62.484455487091623,-6.786070054119442]]]}},
{"type":"Feature","properties":{"DESCRIPTION":"MDT_1398239.tif","FILENAME":"U:\\P589_AmazoniaRevelada_BR-319\\LiDAR_dataset\\ENTREGAS\\ENTREGA_07\\2_MDT\\GEOTIFF\\MDT_1398239.tif","SHRT_FNAME":"MDT_1398239.tif","UPPER_LEFT_X":"555968.712","UPPER_LEFT_Y":"9249869.956","LOWER_RIGHT_X":"556971.212","LOWER_RIGHT_Y":"9248867.456"},"geometry":{"type":"Polygon","coordinates":[[[-62.493504852395354,-6.78607958753223],[-62.484432863694714,-6.786070030074378],[-62.484423210891691,-6.795138319193439],[-62.493495369426498,-6.79514788953872],[-62.493504852395354,-6.78607958753223]]]}},
{"type":"Feature","properties":{"DESCRIPTION":"MDT_1398238.tif","FILENAME":"U:\\P589_AmazoniaRevelada_BR-319\\LiDAR_dataset\\ENTREGAS\\ENTREGA_07\\2_MDT\\GEOTIFF\\MDT_1398238.tif","SHRT_FNAME":"MDT_1398238.tif","UPPER_LEFT_X":"554968.712","UPPER_LEFT_Y":"9249869.956","LOWER_RIGHT_X":"555971.212","LOWER_RIGHT_Y":"9248867.456"},"geometry":{"type":"Polygon","coordinates":[[[-62.502554230593383,-6.786088952140252],[-62.493482228965924,-6.786079563909176],[-62.493472745573534,-6.795147865883811],[-62.502544917036353,-6.795157266774127],[-62.502554230593383,-6.786088952140252]]]}},
{"type":"Feature","properties":{"DESCRIPTION":"MDT_1398237.tif","FILENAME":"U:\\P589_AmazoniaRevelada_BR-319\\LiDAR_dataset\\ENTREGAS\\ENTREGA_07\\2_MDT\\GEOTIFF\\MDT_1398237.tif","SHRT_FNAME":"MDT_1398237.tif","UPPER_LEFT_X":"553968.712","UPPER_LEFT_Y":"9249869.956","LOWER_RIGHT_X":"554971.212","LOWER_RIGHT_Y":"9248867.456"},"geometry":{"type":"Polygon","coordinates":[[[-62.511603621455365,-6.786098147942345],[-62.502531607132013,-6.786088928939211],[-62.502522293151451,-6.795157243541802],[-62.511594477311334,-6.795166474975987],[-62.511603621455365,-6.786098147942345]]]}},
{"type":"Feature","properties":{"DESCRIPTION":"MDT_1398236.tif","FILENAME":"U:\\P589_AmazoniaRevelada_BR-319\\LiDAR_dataset\\ENTREGAS\\ENTREGA_07\\2_MDT\\GEOTIFF\\MDT_1398236.tif","SHRT_FNAME":"MDT_1398236.tif","UPPER_LEFT_X":"552968.712","UPPER_LEFT_Y":"9249869.956","LOWER_RIGHT_X":"553971.212","LOWER_RIGHT_Y":"9248867.456"},"geometry":{"type":"Polygon","coordinates":[[[-62.520653024750942,-6.786107174937364],[-62.511580997962625,-6.78609812516332],[-62.51157185339504,-6.795166452166247],[-62.520644050021048,-6.795175514143152],[-62.520653024750942,-6.786107174937364]]]}},
{"type":"Feature","properties":{"DESCRIPTION":"MDT_1398235.tif","FILENAME":"U:\\P589_AmazoniaRevelada_BR-319\\LiDAR_dataset\\ENTREGAS\\ENTREGA_07\\2_MDT\\GEOTIFF\\MDT_1398235.tif","SHRT_FNAME":"MDT_1398235.tif","UPPER_LEFT_X":"551968.212","UPPER_LEFT_Y":"9249869.956","LOWER_RIGHT_X":"552971.212","LOWER_RIGHT_Y":"9248867.456"},"geometry":{"type":"Polygon","coordinates":[[[-62.529706964960518,-6.786116037511066],[-62.520630401227393,-6.786107152580361],[-62.520621426073951,-6.795175491756002],[-62.529698159730593,-6.795184388667289],[-62.529706964960518,-6.786116037511066]]]}},
{"type":"Feature","properties":{"DESCRIPTION":"MDT_1398234.tif","FILENAME":"U:\\P589_AmazoniaRevelada_BR-319\\LiDAR_dataset\\ENTREGAS\\ENTREGA_07\\2_MDT\\GEOTIFF\\MDT_1398234.tif","SHRT_FNAME":"MDT_1398234.tif","UPPER_LEFT_X":"550968.212","UPPER_LEFT_Y":"9249869.956","LOWER_RIGHT_X":"551970.712","LOWER_RIGHT_Y":"9248867.456"},"geometry":{"type":"Polygon","coordinates":[[[-62.538756392438138,-6.7861247268042],[-62.529684341406735,-6.786116015576294],[-62.529675535753256,-6.79518436670294],[-62.538747756624566,-6.795193089677204],[-62.538756392438138,-6.7861247268042]]]}},
{"type":"Feature","properties":{"DESCRIPTION":"MDT_1398233.tif","FILENAME":"U:\\P589_AmazoniaRevelada_BR-319\\LiDAR_dataset\\ENTREGAS\\ENTREGA_07\\2_MDT\\GEOTIFF\\MDT_1398233.tif","SHRT_FNAME":"MDT_1398233.tif","UPPER_LEFT_X":"549968.212","UPPER_LEFT_Y":"9249869.956","LOWER_RIGHT_X":"550970.712","LOWER_RIGHT_Y":"9248867.456"},"geometry":{"type":"Polygon","coordinates":[[[-62.547805831658152,-6.786133247286962],[-62.538733768854698,-6.786124705291451],[-62.538725132617593,-6.79519306813545],[-62.547797365262028,-6.795201621649125],[-62.547805831658152,-6.786133247286962]]]}},
{"type":"Feature","properties":{"DESCRIPTION":"MDT_1398232.tif","FILENAME":"U:\\P589_AmazoniaRevelada_BR-319\\LiDAR_dataset\\ENTREGAS\\ENTREGA_07\\2_MDT\\GEOTIFF\\MDT_1398232.tif","SHRT_FNAME":"MDT_1398232.tif","UPPER_LEFT_X":"548968.212","UPPER_LEFT_Y":"9249869.956","LOWER_RIGHT_X":"549970.712","LOWER_RIGHT_Y":"9248867.456"},"geometry":{"type":"Polygon","coordinates":[[[-62.55685528239021,-6.786141598958295],[-62.547783208045658,-6.786133226196241],[-62.547774741225993,-6.795201600529965],[-62.556846985412605,-6.795209984581986],[-62.55685528239021,-6.786141598958295]]]}},
{"type":"Feature","properties":{"DESCRIPTION":"MDT_1398231.tif","FILENAME":"U:\\P589_AmazoniaRevelada_BR-319\\LiDAR_dataset\\ENTREGAS\\ENTREGA_07\\2_MDT\\GEOTIFF\\MDT_1398231.tif","SHRT_FNAME":"MDT_1398231.tif","UPPER_LEFT_X":"547968.212","UPPER_LEFT_Y":"9249869.956","LOWER_RIGHT_X":"548970.712","LOWER_RIGHT_Y":"9248867.456"},"geometry":{"type":"Polygon","coordinates":[[[-62.565904744403937,-6.786149781817162],[-62.556832658749215,-6.786141578289604],[-62.556824361348056,-6.795209963885424],[-62.565896616845876,-6.795218178474753],[-62.565904744403937,-6.786149781817162]]]}},
{"type":"Feature","properties":{"DESCRIPTION":"MDT_1398230.tif","FILENAME":"U:\\P589_AmazoniaRevelada_BR-319\\LiDAR_dataset\\ENTREGAS\\ENTREGA_07\\2_MDT\\GEOTIFF\\MDT_1398230.tif","SHRT_FNAME":"MDT_1398230.tif","UPPER_LEFT_X":"546968.212","UPPER_LEFT_Y":"9249869.956","LOWER_RIGHT_X":"547970.712","LOWER_RIGHT_Y":"9248867.456"},"geometry":{"type":"Polygon","coordinates":[[[-62.574954217468985,-6.786157795862547],[-62.565882120735026,-6.786149761570504],[-62.565873992753424,-6.795218158200793],[-62.57494625933149,-6.795226203326406],[-62.574954217468985,-6.786157795862547]]]}},
{"type":"Feature","properties":{"DESCRIPTION":"MDT_1398229.tif","FILENAME":"U:\\P589_AmazoniaRevelada_BR-319\\LiDAR_dataset\\ENTREGAS\\ENTREGA_07\\2_MDT\\GEOTIFF\\MDT_1398229.tif","SHRT_FNAME":"MDT_1398229.tif","UPPER_LEFT_X":"545967.712","UPPER_LEFT_Y":"9249869.956","LOWER_RIGHT_X":"546970.712","LOWER_RIGHT_Y":"9248867.456"},"geometry":{"type":"Polygon","coordinates":[[[-62.584008226099584,-6.786165644973844],[-62.574931593772739,-6.786157776037924],[-62.574923635211682,-6.795226183475051],[-62.584000437468369,-6.795234063021574],[-62.584008226099584,-6.786165644973844]]]}},
{"type":"Feature","properties":{"DESCRIPTION":"MDT_1398228.tif","FILENAME":"U:\\P589_AmazoniaRevelada_BR-319\\LiDAR_dataset\\ENTREGAS\\ENTREGA_07\\2_MDT\\GEOTIFF\\MDT_1398228.tif","SHRT_FNAME":"MDT_1398228.tif","UPPER_LEFT_X":"544967.712","UPPER_LEFT_Y":"9249869.956","LOWER_RIGHT_X":"545970.212","LOWER_RIGHT_Y":"9248867.456"},"geometry":{"type":"Polygon","coordinates":[[[-62.593057720581392,-6.786173321304892],[-62.583985602376558,-6.78616562557147],[-62.583977813321773,-6.795234043593036],[-62.593050101372711,-6.795241749703512],[-62.593057720581392,-6.786173321304892]]]}},
{"type":"Feature","properties":{"DESCRIPTION":"MDT_1398227.tif","FILENAME":"U:\\P589_AmazoniaRevelada_BR-319\\LiDAR_dataset\\ENTREGAS\\ENTREGA_07\\2_MDT\\GEOTIFF\\MDT_1398227.tif","SHRT_FNAME":"MDT_1398227.tif","UPPER_LEFT_X":"543967.712","UPPER_LEFT_Y":"9249869.956","LOWER_RIGHT_X":"544970.212","LOWER_RIGHT_Y":"9248867.456"},"geometry":{"type":"Polygon","coordinates":[[[-62.602107225423296,-6.786180828819535],[-62.593035096832182,-6.786173302324556],[-62.593027477199925,-6.795241730697583],[-62.602099775638095,-6.79524926734141],[-62.602107225423296,-6.786180828819535]]]}},
{"type":"Feature","properties":{"DESCRIPTION":"MDT_1398226.tif","FILENAME":"U:\\P589_AmazoniaRevelada_BR-319\\LiDAR_dataset\\ENTREGAS\\ENTREGA_07\\2_MDT\\GEOTIFF\\MDT_1398226.tif","SHRT_FNAME":"MDT_1398226.tif","UPPER_LEFT_X":"542967.712","UPPER_LEFT_Y":"9249869.956","LOWER_RIGHT_X":"543970.212","LOWER_RIGHT_Y":"9248867.456"},"geometry":{"type":"Polygon","coordinates":[[[-62.611156740394911,-6.78618816751684],[-62.602084601648464,-6.786180810261241],[-62.602077151439715,-6.795249248758092],[-62.611149460034142,-6.795256615934334],[-62.611156740394911,-6.78618816751684]]]}},
{"type":"Feature","properties":{"DESCRIPTION":"MDT_1398225.tif","FILENAME":"U:\\P589_AmazoniaRevelada_BR-319\\LiDAR_dataset\\ENTREGAS\\ENTREGA_07\\2_MDT\\GEOTIFF\\MDT_1398225.tif","SHRT_FNAME":"MDT_1398225.tif","UPPER_LEFT_X":"541967.712","UPPER_LEFT_Y":"9249869.956","LOWER_RIGHT_X":"542970.212","LOWER_RIGHT_Y":"9248867.456"},"geometry":{"type":"Polygon","coordinates":[[[-62.620206265265892,-6.786195337395896],[-62.611134116595053,-6.786188149380591],[-62.611126835810708,-6.795256597773633],[-62.620199154330457,-6.795263795481374],[-62.620206265265892,-6.786195337395896]]]}},
{"type":"Feature","properties":{"DESCRIPTION":"MDT_1398224.tif","FILENAME":"U:\\P589_AmazoniaRevelada_BR-319\\LiDAR_dataset\\ENTREGAS\\ENTREGA_07\\2_MDT\\GEOTIFF\\MDT_1398224.tif","SHRT_FNAME":"MDT_1398224.tif","UPPER_LEFT_X":"540967.212","UPPER_LEFT_Y":"9249869.956","LOWER_RIGHT_X":"541970.212","LOWER_RIGHT_Y":"9248867.456"},"geometry":{"type":"Polygon","coordinates":[[[-62.629260324575498,-6.786202341914117],[-62.620183641441571,-6.786195319681694],[-62.62017653008256,-6.795263777743288],[-62.62925338315101,-6.795270809444603],[-62.629260324575498,-6.786202341914117]]]}},
{"type":"Feature","properties":{"DESCRIPTION":"MDT_1398223.tif","FILENAME":"U:\\P589_AmazoniaRevelada_BR-319\\LiDAR_dataset\\ENTREGAS\\ENTREGA_07\\2_MDT\\GEOTIFF\\MDT_1398223.tif","SHRT_FNAME":"MDT_1398223.tif","UPPER_LEFT_X":"539967.212","UPPER_LEFT_Y":"9249869.956","LOWER_RIGHT_X":"540969.712","LOWER_RIGHT_Y":"9248867.456"},"geometry":{"type":"Polygon","coordinates":[[[-62.638309868558721,-6.786209174069616],[-62.629237700727273,-6.786202324622176],[-62.62923075887921,-6.795270792129346],[-62.638303096561323,-6.795277650812695],[-62.638309868558721,-6.786209174069616]]]}},
{"type":"Feature","properties":{"DESCRIPTION":"MDT_1398222.tif","FILENAME":"U:\\P589_AmazoniaRevelada_BR-319\\LiDAR_dataset\\ENTREGAS\\ENTREGA_07\\2_MDT\\GEOTIFF\\MDT_1398222.tif","SHRT_FNAME":"MDT_1398222.tif","UPPER_LEFT_X":"538967.212","UPPER_LEFT_Y":"9249869.956","LOWER_RIGHT_X":"539969.712","LOWER_RIGHT_Y":"9248867.456"},"geometry":{"type":"Polygon","coordinates":[[[-62.64735942175006,-6.786215837404257],[-62.638287244687184,-6.786209157199725],[-62.638280472266217,-6.795277633920057],[-62.647352819180604,-6.795284323132289],[-62.64735942175006,-6.786215837404257]]]}},
{"type":"Feature","properties":{"DESCRIPTION":"MDT_1398221.tif","FILENAME":"U:\\P589_AmazoniaRevelada_BR-319\\LiDAR_dataset\\ENTREGAS\\ENTREGA_07\\2_MDT\\GEOTIFF\\MDT_1398221.tif","SHRT_FNAME":"MDT_1398221.tif","UPPER_LEFT_X":"537967.212","UPPER_LEFT_Y":"9249869.956","LOWER_RIGHT_X":"538969.712","LOWER_RIGHT_Y":"9248867.456"},"geometry":{"type":"Polygon","coordinates":[[[-62.656408983919135,-6.786222331917215],[-62.647336797855786,-6.78621582095642],[-62.647330194862775,-6.795284306662271],[-62.656402550778452,-6.795290826402555],[-62.656408983919135,-6.786222331917215]]]}},
{"type":"Feature","properties":{"DESCRIPTION":"MDT_1398220.tif","FILENAME":"U:\\P589_AmazoniaRevelada_BR-319\\LiDAR_dataset\\ENTREGAS\\ENTREGA_07\\2_MDT\\GEOTIFF\\MDT_1398220.tif","SHRT_FNAME":"MDT_1398220.tif","UPPER_LEFT_X":"536967.212","UPPER_LEFT_Y":"9249869.956","LOWER_RIGHT_X":"537969.712","LOWER_RIGHT_Y":"9248867.456"},"geometry":{"type":"Polygon","coordinates":[[[-62.665458554835574,-6.786228657607682],[-62.656386360002713,-6.786222315891433],[-62.656379926438461,-6.795290810355163],[-62.665452291124481,-6.795297160622687],[-62.665458554835574,-6.786228657607682]]]}},
{"type":"Feature","properties":{"DESCRIPTION":"MDT_1398219.tif","FILENAME":"U:\\P589_AmazoniaRevelada_BR-319\\LiDAR_dataset\\ENTREGAS\\ENTREGA_07\\2_MDT\\GEOTIFF\\MDT_1398219.tif","SHRT_FNAME":"MDT_1398219.tif","UPPER_LEFT_X":"535966.712","UPPER_LEFT_Y":"9249869.956","LOWER_RIGHT_X":"536969.712","LOWER_RIGHT_Y":"9248867.456"},"geometry":{"type":"Polygon","coordinates":[[[-62.674512659060809,-6.786234817511079],[-62.665435930897566,-6.786228642003958],[-62.665429666762897,-6.795297144997923],[-62.674506564864778,-6.795303328832201],[-62.674512659060809,-6.786234817511079]]]}},
{"type":"Feature","properties":{"DESCRIPTION":"MDT_1398218.tif","FILENAME":"U:\\P589_AmazoniaRevelada_BR-319\\LiDAR_dataset\\ENTREGAS\\ENTREGA_07\\2_MDT\\GEOTIFF\\MDT_1398218.tif","SHRT_FNAME":"MDT_1398218.tif","UPPER_LEFT_X":"534966.712","UPPER_LEFT_Y":"9249869.956","LOWER_RIGHT_X":"535969.212","LOWER_RIGHT_Y":"9248867.456"},"geometry":{"type":"Polygon","coordinates":[[[-62.683562246784916,-6.786240805469816],[-62.674490035101783,-6.786234802329624],[-62.674483940482183,-6.795303313630276],[-62.68355632202001,-6.795309324865201],[-62.683562246784916,-6.786240805469816]]]}},
{"type":"Feature","properties":{"DESCRIPTION":"MDT_1398217.tif","FILENAME":"U:\\P589_AmazoniaRevelada_BR-319\\LiDAR_dataset\\ENTREGAS\\ENTREGA_07\\2_MDT\\GEOTIFF\\MDT_1398217.tif","SHRT_FNAME":"MDT_1398217.tif","UPPER_LEFT_X":"533966.712","UPPER_LEFT_Y":"9249869.956","LOWER_RIGHT_X":"534969.212","LOWER_RIGHT_Y":"9248867.456"},"geometry":{"type":"Polygon","coordinates":[[[-62.692611842565128,-6.786246624603767],[-62.683539622805462,-6.786240790710423],[-62.68353369761698,-6.795309310085906],[-62.6926060872321,-6.795315151845772],[-62.692611842565128,-6.786246624603767]]]}},
{"type":"Feature","properties":{"DESCRIPTION":"MDT_1398216.tif","FILENAME":"U:\\P589_AmazoniaRevelada_BR-319\\LiDAR_dataset\\ENTREGAS\\ENTREGA_07\\2_MDT\\GEOTIFF\\MDT_1398216.tif","SHRT_FNAME":"MDT_1398216.tif","UPPER_LEFT_X":"532966.712","UPPER_LEFT_Y":"9249869.956","LOWER_RIGHT_X":"533969.212","LOWER_RIGHT_Y":"9248867.456"},"geometry":{"type":"Polygon","coordinates":[[[-62.701661446171066,-6.786252274912212],[-62.692589218565821,-6.786246610266438],[-62.69258346280921,-6.795315137489109],[-62.701655860270627,-6.795320809773187],[-62.701661446171066,-6.786252274912212]]]}},
{"type":"Feature","properties":{"DESCRIPTION":"MDT_1398215.tif","FILENAME":"U:\\P589_AmazoniaRevelada_BR-319\\LiDAR_dataset\\ENTREGAS\\ENTREGA_07\\2_MDT\\GEOTIFF\\MDT_1398215.tif","SHRT_FNAME":"MDT_1398215.tif","UPPER_LEFT_X":"531966.712","UPPER_LEFT_Y":"9249869.956","LOWER_RIGHT_X":"532969.212","LOWER_RIGHT_Y":"9248867.456"},"geometry":{"type":"Polygon","coordinates":[[[-62.71071105737235,-6.786257756394449],[-62.701638822152489,-6.786252260996946],[-62.70163323582846,-6.795320795839157],[-62.710705640905196,-6.795326298646745],[-62.71071105737235,-6.786257756394449]]]}},
{"type":"Feature","properties":{"DESCRIPTION":"MDT_1398214.tif","FILENAME":"U:\\P589_AmazoniaRevelada_BR-319\\LiDAR_dataset\\ENTREGAS\\ENTREGA_07\\2_MDT\\GEOTIFF\\MDT_1398214.tif","SHRT_FNAME":"MDT_1398214.tif","UPPER_LEFT_X":"530966.212","UPPER_LEFT_Y":"9249869.956","LOWER_RIGHT_X":"531969.212","LOWER_RIGHT_Y":"9248867.456"},"geometry":{"type":"Polygon","coordinates":[[[-62.719765200749684,-6.786263071663893],[-62.710688433335072,-6.786257742901248],[-62.710683016444328,-6.795326285135351],[-62.719759953801208,-6.79533162108339],[-62.719765200749684,-6.786263071663893]]]}},
{"type":"Feature","properties":{"DESCRIPTION":"MDT_1398213.tif","FILENAME":"U:\\P589_AmazoniaRevelada_BR-319\\LiDAR_dataset\\ENTREGAS\\ENTREGA_07\\2_MDT\\GEOTIFF\\MDT_1398213.tif","SHRT_FNAME":"MDT_1398213.tif","UPPER_LEFT_X":"529966.212","UPPER_LEFT_Y":"9249869.956","LOWER_RIGHT_X":"530968.712","LOWER_RIGHT_Y":"9248867.456"},"geometry":{"type":"Polygon","coordinates":[[[-62.728814826453998,-6.786268215407277],[-62.719742576694259,-6.786263058592972],[-62.719737329322193,-6.795331607994845],[-62.728809748940151,-6.795336771762682],[-62.728814826453998,-6.786268215407277]]]}},
{"type":"Feature","properties":{"DESCRIPTION":"MDT_1398212.tif","FILENAME":"U:\\P589_AmazoniaRevelada_BR-319\\LiDAR_dataset\\ENTREGAS\\ENTREGA_07\\2_MDT\\GEOTIFF\\MDT_1398212.tif","SHRT_FNAME":"MDT_1398212.tif","UPPER_LEFT_X":"528966.212","UPPER_LEFT_Y":"9249869.956","LOWER_RIGHT_X":"529968.712","LOWER_RIGHT_Y":"9248867.456"},"geometry":{"type":"Polygon","coordinates":[[[-62.737864459062386,-6.786273190322471],[-62.728792202381037,-6.786268202758425],[-62.728787124443592,-6.795336759096776],[-62.737859550983792,-6.795341753386136],[-62.737864459062386,-6.786273190322471]]]}},
{"type":"Feature","properties":{"DESCRIPTION":"MDT_1398211.tif","FILENAME":"U:\\P589_AmazoniaRevelada_BR-319\\LiDAR_dataset\\ENTREGAS\\ENTREGA_07\\2_MDT\\GEOTIFF\\MDT_1398211.tif","SHRT_FNAME":"MDT_1398211.tif","UPPER_LEFT_X":"527966.212","UPPER_LEFT_Y":"9249869.956","LOWER_RIGHT_X":"528968.712","LOWER_RIGHT_Y":"9248867.456"},"geometry":{"type":"Polygon","coordinates":[[[-62.746914098344469,-6.786277996408858],[-62.73784183497245,-6.78627317809569],[-62.737836926470273,-6.79534174114287],[-62.746909359701746,-6.795346565953132],[-62.746914098344469,-6.786277996408858]]]}},
{"type":"Feature","properties":{"DESCRIPTION":"MDT_1398210.tif","FILENAME":"U:\\P589_AmazoniaRevelada_BR-319\\LiDAR_dataset\\ENTREGAS\\ENTREGA_07\\2_MDT\\GEOTIFF\\MDT_1398210.tif","SHRT_FNAME":"MDT_1398210.tif","UPPER_LEFT_X":"526966.212","UPPER_LEFT_Y":"9249869.956","LOWER_RIGHT_X":"527968.712","LOWER_RIGHT_Y":"9248867.456"},"geometry":{"type":"Polygon","coordinates":[[[-62.755963744069845,-6.786282633665842],[-62.746891474238133,-6.786277984604151],[-62.74688673517182,-6.795346554132507],[-62.755959174863591,-6.795351209463073],[-62.755963744069845,-6.786282633665842]]]}},
{"type":"Feature","properties":{"DESCRIPTION":"MDT_1398209.tif","FILENAME":"U:\\P589_AmazoniaRevelada_BR-319\\LiDAR_dataset\\ENTREGAS\\ENTREGA_07\\2_MDT\\GEOTIFF\\MDT_1398209.tif","SHRT_FNAME":"MDT_1398209.tif","UPPER_LEFT_X":"525966.212","UPPER_LEFT_Y":"9249869.956","LOWER_RIGHT_X":"526968.712","LOWER_RIGHT_Y":"9248867.456"},"geometry":{"type":"Polygon","coordinates":[[[-62.765013396008115,-6.786287102092849],[-62.755941119947678,-6.78628262228321],[-62.755936550317841,-6.795351198065091],[-62.765008996238919,-6.795355683915381],[-62.765013396008115,-6.786287102092849]]]}},
{"type":"Feature","properties":{"DESCRIPTION":"MDT_1398208.tif","FILENAME":"U:\\P589_AmazoniaRevelada_BR-319\\LiDAR_dataset\\ENTREGAS\\ENTREGA_07\\2_MDT\\GEOTIFF\\MDT_1398208.tif","SHRT_FNAME":"MDT_1398208.tif","UPPER_LEFT_X":"524965.712","UPPER_LEFT_Y":"9249869.956","LOWER_RIGHT_X":"525968.712","LOWER_RIGHT_Y":"9248867.456"},"geometry":{"type":"Polygon","coordinates":[[[-62.774067578759343,-6.78629140379689],[-62.764990771870728,-6.786287091132291],[-62.764986371677928,-6.795355672940045],[-62.774063348512442,-6.795359991419915],[-62.774067578759343,-6.78629140379689]]]}},
{"type":"Feature","properties":{"DESCRIPTION":"MDT_1398207.tif","FILENAME":"U:\\P589_AmazoniaRevelada_BR-319\\LiDAR_dataset\\ENTREGAS\\ENTREGA_07\\2_MDT\\GEOTIFF\\MDT_1398207.tif","SHRT_FNAME":"MDT_1398207.tif","UPPER_LEFT_X":"523965.712","UPPER_LEFT_Y":"9249869.956","LOWER_RIGHT_X":"524968.212","LOWER_RIGHT_Y":"9248867.456"},"geometry":{"type":"Polygon","coordinates":[[[-62.783117242435097,-6.786295534477878],[-62.77404495460727,-6.786291393258621],[-62.774040723936771,-6.795359980867435],[-62.783113181626319,-6.795364127670782],[-62.783117242435097,-6.786295534477878]]]}},
{"type":"Feature","properties":{"DESCRIPTION":"MDT_1398206.tif","FILENAME":"U:\\P589_AmazoniaRevelada_BR-319\\LiDAR_dataset\\ENTREGAS\\ENTREGA_07\\2_MDT\\GEOTIFF\\MDT_1398206.tif","SHRT_FNAME":"MDT_1398206.tif","UPPER_LEFT_X":"522965.712","UPPER_LEFT_Y":"9249869.956","LOWER_RIGHT_X":"523968.212","LOWER_RIGHT_Y":"9248867.456"},"geometry":{"type":"Polygon","coordinates":[[[-62.792166911632471,-6.786299496327286],[-62.783094618268926,-6.786295524361686],[-62.783090557036552,-6.795364117540951],[-62.792163020262322,-6.795368094862416],[-62.792166911632471,-6.786299496327286]]]}},
{"type":"Feature","properties":{"DESCRIPTION":"MDT_1398205.tif","FILENAME":"U:\\P589_AmazoniaRevelada_BR-319\\LiDAR_dataset\\ENTREGAS\\ENTREGA_07\\2_MDT\\GEOTIFF\\MDT_1398205.tif","SHRT_FNAME":"MDT_1398205.tif","UPPER_LEFT_X":"521965.712","UPPER_LEFT_Y":"9249869.956","LOWER_RIGHT_X":"522968.212","LOWER_RIGHT_Y":"9248867.456"},"geometry":{"type":"Polygon","coordinates":[[[-62.801216586121079,-6.78630328934462],[-62.792144287452786,-6.786299486633173],[-62.792140395659047,-6.795368085155234],[-62.801212864190049,-6.795371892994321],[-62.801216586121079,-6.78630328934462]]]}},
{"type":"Feature","properties":{"DESCRIPTION":"MDT_1398204.tif","FILENAME":"U:\\P589_AmazoniaRevelada_BR-319\\LiDAR_dataset\\ENTREGAS\\ENTREGA_07\\2_MDT\\GEOTIFF\\MDT_1398204.tif","SHRT_FNAME":"MDT_1398204.tif","UPPER_LEFT_X":"520965.712","UPPER_LEFT_Y":"9249869.956","LOWER_RIGHT_X":"521968.212","LOWER_RIGHT_Y":"9248867.456"},"geometry":{"type":"Polygon","coordinates":[[[-62.810266265670521,-6.786306913529411],[-62.801193961928441,-6.786303280072589],[-62.801190239573828,-6.795371883709787],[-62.810262713179078,-6.795375522066023],[-62.810266265670521,-6.786306913529411]]]}},
{"type":"Feature","properties":{"DESCRIPTION":"MDT_1398203.tif","FILENAME":"U:\\P589_AmazoniaRevelada_BR-319\\LiDAR_dataset\\ENTREGAS\\ENTREGA_07\\2_MDT\\GEOTIFF\\MDT_1398203.tif","SHRT_FNAME":"MDT_1398203.tif","UPPER_LEFT_X":"519965.212","UPPER_LEFT_Y":"9249869.956","LOWER_RIGHT_X":"520968.212","LOWER_RIGHT_Y":"9248867.456"},"geometry":{"type":"Polygon","coordinates":[[[-62.819320474893779,-6.786310370566656],[-62.810243641465533,-6.786306904679464],[-62.810240088550493,-6.795375513204141],[-62.819317091927083,-6.795378983764797],[-62.819320474893779,-6.786310370566656]]]}},
{"type":"Feature","properties":{"DESCRIPTION":"MDT_1398202.tif","FILENAME":"U:\\P589_AmazoniaRevelada_BR-319\\LiDAR_dataset\\ENTREGAS\\ENTREGA_07\\2_MDT\\GEOTIFF\\MDT_1398202.tif","SHRT_FNAME":"MDT_1398202.tif","UPPER_LEFT_X":"518965.212","UPPER_LEFT_Y":"9249869.956","LOWER_RIGHT_X":"519967.712","LOWER_RIGHT_Y":"9248867.456"},"geometry":{"type":"Polygon","coordinates":[[[-62.828370163875974,-6.786313657000614],[-62.819297850676989,-6.786310362139002],[-62.819294467286696,-6.795378975325779],[-62.828366950349725,-6.795382274630237],[-62.828370163875974,-6.786313657000614]]]}},
{"type":"Feature","properties":{"DESCRIPTION":"MDT_1398201.tif","FILENAME":"U:\\P589_AmazoniaRevelada_BR-319\\LiDAR_dataset\\ENTREGAS\\ENTREGA_07\\2_MDT\\GEOTIFF\\MDT_1398201.tif","SHRT_FNAME":"MDT_1398201.tif","UPPER_LEFT_X":"517965.212","UPPER_LEFT_Y":"9249869.956","LOWER_RIGHT_X":"518967.712","LOWER_RIGHT_Y":"9248867.456"},"geometry":{"type":"Polygon","coordinates":[[[-62.837419857227701,-6.786316774600739],[-62.828347539647972,-6.786313648995042],[-62.828344325698126,-6.795382266613873],[-62.837416813142312,-6.79538539643419],[-62.837419857227701,-6.786316774600739]]]}},
{"type":"Feature","properties":{"DESCRIPTION":"MDT_1398200.tif","FILENAME":"U:\\P589_AmazoniaRevelada_BR-319\\LiDAR_dataset\\ENTREGAS\\ENTREGA_07\\2_MDT\\GEOTIFF\\MDT_1398200.tif","SHRT_FNAME":"MDT_1398200.tif","UPPER_LEFT_X":"516965.212","UPPER_LEFT_Y":"9249869.956","LOWER_RIGHT_X":"517967.712","LOWER_RIGHT_Y":"9248867.456"},"geometry":{"type":"Polygon","coordinates":[[[-62.846469554718588,-6.786319723366647],[-62.837397232989062,-6.786316767017254],[-62.837394188480076,-6.795385388840478],[-62.846466680074435,-6.795388349176264],[-62.846469554718588,-6.786319723366647]]]}},
{"type":"Feature","properties":{"DESCRIPTION":"MDT_1398199.tif","FILENAME":"U:\\P589_AmazoniaRevelada_BR-319\\LiDAR_dataset\\ENTREGAS\\ENTREGA_07\\2_MDT\\GEOTIFF\\MDT_1398199.tif","SHRT_FNAME":"MDT_1398199.tif","UPPER_LEFT_X":"515965.212","UPPER_LEFT_Y":"9249869.956","LOWER_RIGHT_X":"516967.712","LOWER_RIGHT_Y":"9248867.456"},"geometry":{"type":"Polygon","coordinates":[[[-62.855519256118221,-6.78632250329797],[-62.846446930469888,-6.786319716205249],[-62.846444055402124,-6.795388342005207],[-62.855516550915674,-6.795391132856093],[-62.855519256118221,-6.78632250329797]]]}},
{"type":"Feature","properties":{"DESCRIPTION":"MDT_1398198.tif","FILENAME":"U:\\P589_AmazoniaRevelada_BR-319\\LiDAR_dataset\\ENTREGAS\\ENTREGA_07\\2_MDT\\GEOTIFF\\MDT_1398198.tif","SHRT_FNAME":"MDT_1398198.tif","UPPER_LEFT_X":"514964.712","UPPER_LEFT_Y":"9249869.956","LOWER_RIGHT_X":"515967.712","LOWER_RIGHT_Y":"9248867.456"},"geometry":{"type":"Polygon","coordinates":[[[-62.864573486049643,-6.786325115657681],[-62.855496631860049,-6.786322496558658],[-62.855493926233883,-6.795391126107694],[-62.864570950373746,-6.795393748738356],[-62.864573486049643,-6.786325115657681]]]}},
{"type":"Feature","properties":{"DESCRIPTION":"MDT_1398197.tif","FILENAME":"U:\\P589_AmazoniaRevelada_BR-319\\LiDAR_dataset\\ENTREGAS\\ENTREGA_07\\2_MDT\\GEOTIFF\\MDT_1398197.tif","SHRT_FNAME":"MDT_1398197.tif","UPPER_LEFT_X":"513964.712","UPPER_LEFT_Y":"9249869.956","LOWER_RIGHT_X":"514967.212","LOWER_RIGHT_Y":"9248867.456"},"geometry":{"type":"Polygon","coordinates":[[[-62.87362319457727,-6.786327557834404],[-62.864550861782547,-6.786325109340669],[-62.864548325683039,-6.795393742412823],[-62.873620828343618,-6.79539619420815],[-62.87362319457727,-6.786327557834404]]]}},
{"type":"Feature","properties":{"DESCRIPTION":"MDT_1398196.tif","FILENAME":"U:\\P589_AmazoniaRevelada_BR-319\\LiDAR_dataset\\ENTREGAS\\ENTREGA_07\\2_MDT\\GEOTIFF\\MDT_1398196.tif","SHRT_FNAME":"MDT_1398196.tif","UPPER_LEFT_X":"512964.712","UPPER_LEFT_Y":"9249869.956","LOWER_RIGHT_X":"513967.212","LOWER_RIGHT_Y":"9248867.456"},"geometry":{"type":"Polygon","coordinates":[[[-62.882672906322348,-6.786329831175569],[-62.873600570301846,-6.786327551939478],[-62.87359820364459,-6.795396188305276],[-62.882670709531247,-6.795398470614727],[-62.882672906322348,-6.786329831175569]]]}},
{"type":"Feature","properties":{"DESCRIPTION":"MDT_1398195.tif","FILENAME":"U:\\P589_AmazoniaRevelada_BR-319\\LiDAR_dataset\\ENTREGAS\\ENTREGA_07\\2_MDT\\GEOTIFF\\MDT_1398195.tif","SHRT_FNAME":"MDT_1398195.tif","UPPER_LEFT_X":"511964.712","UPPER_LEFT_Y":"9249869.956","LOWER_RIGHT_X":"512967.212","LOWER_RIGHT_Y":"9248867.456"},"geometry":{"type":"Polygon","coordinates":[[[-62.891722621054477,-6.786331935680892],[-62.882650282039165,-6.786329825702732],[-62.88264808482446,-6.795398465134513],[-62.891720593706204,-6.795400577957803],[-62.891722621054477,-6.786331935680892]]]}},
{"type":"Feature","properties":{"DESCRIPTION":"MDT_1398194.tif","FILENAME":"U:\\P589_AmazoniaRevelada_BR-319\\LiDAR_dataset\\ENTREGAS\\ENTREGA_07\\2_MDT\\GEOTIFF\\MDT_1398194.tif","SHRT_FNAME":"MDT_1398194.tif","UPPER_LEFT_X":"510964.712","UPPER_LEFT_Y":"9249869.956","LOWER_RIGHT_X":"511967.212","LOWER_RIGHT_Y":"9248867.456"},"geometry":{"type":"Polygon","coordinates":[[[-62.90077233854327,-6.786333871350116],[-62.891699996764117,-6.786331930630145],[-62.89169796899224,-6.795400572900247],[-62.90077048063808,-6.795402516237116],[-62.90077233854327,-6.786333871350116]]]}},
{"type":"Feature","properties":{"DESCRIPTION":"MDT_1398193.tif","FILENAME":"U:\\P589_AmazoniaRevelada_BR-319\\LiDAR_dataset\\ENTREGAS\\ENTREGA_07\\2_MDT\\GEOTIFF\\MDT_1398193.tif","SHRT_FNAME":"MDT_1398193.tif","UPPER_LEFT_X":"509964.712","UPPER_LEFT_Y":"9249869.956","LOWER_RIGHT_X":"510967.212","LOWER_RIGHT_Y":"9248867.456"},"geometry":{"type":"Polygon","coordinates":[[[-62.909822058558326,-6.786335638182997],[-62.900749714246302,-6.786333866721461],[-62.900747855917501,-6.795402511602219],[-62.909820370096448,-6.795404285452426],[-62.909822058558326,-6.786335638182997]]]}},
{"type":"Feature","properties":{"DESCRIPTION":"MDT_1397247.tif","FILENAME":"U:\\P589_AmazoniaRevelada_BR-319\\LiDAR_dataset\\ENTREGAS\\ENTREGA_07\\2_MDT\\GEOTIFF\\MDT_1397247.tif","SHRT_FNAME":"MDT_1397247.tif","UPPER_LEFT_X":"563970.853","UPPER_LEFT_Y":"9250868.581","LOWER_RIGHT_X":"564970.853","LOWER_RIGHT_Y":"9249868.581"},"geometry":{"type":"Polygon","coordinates":[[[-62.421101717848252,-6.776965426152599],[-62.412052632538696,-6.776954556603794],[-62.412041666974062,-6.786000124161758],[-62.421090921031229,-6.786011008349819],[-62.421101717848252,-6.776965426152599]]]}},
{"type":"Feature","properties":{"DESCRIPTION":"MDT_1397246.tif","FILENAME":"U:\\P589_AmazoniaRevelada_BR-319\\LiDAR_dataset\\ENTREGAS\\ENTREGA_07\\2_MDT\\GEOTIFF\\MDT_1397246.tif","SHRT_FNAME":"MDT_1397246.tif","UPPER_LEFT_X":"562970.758","UPPER_LEFT_Y":"9250868.581","LOWER_RIGHT_X":"563970.758","LOWER_RIGHT_Y":"9249868.581"},"geometry":{"type":"Polygon","coordinates":[[[-62.430151677559223,-6.776976128141998],[-62.421102577512073,-6.776965427177198],[-62.421091780711073,-6.786011009375799],[-62.430141049507199,-6.786021724752805],[-62.430151677559223,-6.776976128141998]]]}},
{"type":"Feature","properties":{"DESCRIPTION":"MDT_1397245.tif","FILENAME":"U:\\P589_AmazoniaRevelada_BR-319\\LiDAR_dataset\\ENTREGAS\\ENTREGA_07\\2_MDT\\GEOTIFF\\MDT_1397245.tif","SHRT_FNAME":"MDT_1397245.tif","UPPER_LEFT_X":"561970.662","UPPER_LEFT_Y":"9250868.581","LOWER_RIGHT_X":"562970.662","LOWER_RIGHT_Y":"9249868.581"},"geometry":{"type":"Polygon","coordinates":[[[-62.439201660827933,-6.776986661540497],[-62.430152546273526,-6.776976129161199],[-62.430141918237709,-6.78602172577338],[-62.439191201542414,-6.786032272337831],[-62.439201660827933,-6.776986661540497]]]}},
{"type":"Feature","properties":{"DESCRIPTION":"MDT_1397244.tif","FILENAME":"U:\\P589_AmazoniaRevelada_BR-319\\LiDAR_dataset\\ENTREGAS\\ENTREGA_07\\2_MDT\\GEOTIFF\\MDT_1397244.tif","SHRT_FNAME":"MDT_1397244.tif","UPPER_LEFT_X":"560969.212","UPPER_LEFT_Y":"9250869.956","LOWER_RIGHT_X":"561971.712","LOWER_RIGHT_Y":"9249867.456"},"geometry":{"type":"Polygon","coordinates":[[[-62.448263925044415,-6.776984602517908],[-62.439192173622061,-6.776974212852753],[-62.439181688012489,-6.786042437662691],[-62.448253609031234,-6.786052841355799],[-62.448263925044415,-6.776984602517908]]]}},
{"type":"Feature","properties":{"DESCRIPTION":"MDT_1397243.tif","FILENAME":"U:\\P589_AmazoniaRevelada_BR-319\\LiDAR_dataset\\ENTREGAS\\ENTREGA_07\\2_MDT\\GEOTIFF\\MDT_1397243.tif","SHRT_FNAME":"MDT_1397243.tif","UPPER_LEFT_X":"559969.212","UPPER_LEFT_Y":"9250869.956","LOWER_RIGHT_X":"560971.712","LOWER_RIGHT_Y":"9249867.456"},"geometry":{"type":"Polygon","coordinates":[[[-62.457313067707886,-6.776994797491357],[-62.448241302205261,-6.776984576819233],[-62.448230985769143,-6.786052815622426],[-62.457302920869459,-6.786063050094334],[-62.457313067707886,-6.776994797491357]]]}},
{"type":"Feature","properties":{"DESCRIPTION":"MDT_1397242.tif","FILENAME":"U:\\P589_AmazoniaRevelada_BR-319\\LiDAR_dataset\\ENTREGAS\\ENTREGA_07\\2_MDT\\GEOTIFF\\MDT_1397242.tif","SHRT_FNAME":"MDT_1397242.tif","UPPER_LEFT_X":"558969.212","UPPER_LEFT_Y":"9250869.956","LOWER_RIGHT_X":"559971.712","LOWER_RIGHT_Y":"9249867.456"},"geometry":{"type":"Polygon","coordinates":[[[-62.4663622241859,-6.777004823891938],[-62.457290444833909,-6.776994772214112],[-62.457280297572545,-6.786063024782959],[-62.466352246523506,-6.786073090032394],[-62.4663622241859,-6.777004823891938]]]}},
{"type":"Feature","properties":{"DESCRIPTION":"MDT_1397241.tif","FILENAME":"U:\\P589_AmazoniaRevelada_BR-319\\LiDAR_dataset\\ENTREGAS\\ENTREGA_07\\2_MDT\\GEOTIFF\\MDT_1397241.tif","SHRT_FNAME":"MDT_1397241.tif","UPPER_LEFT_X":"557969.212","UPPER_LEFT_Y":"9250869.956","LOWER_RIGHT_X":"558971.712","LOWER_RIGHT_Y":"9249867.456"},"geometry":{"type":"Polygon","coordinates":[[[-62.475411394248141,-6.777014681718403],[-62.466339601277674,-6.777004799036127],[-62.46632962319233,-6.786073065143023],[-62.475401585763024,-6.786082961168736],[-62.475411394248141,-6.777014681718403]]]}},
{"type":"Feature","properties":{"DESCRIPTION":"MDT_1397240.tif","FILENAME":"U:\\P589_AmazoniaRevelada_BR-319\\LiDAR_dataset\\ENTREGAS\\ENTREGA_07\\2_MDT\\GEOTIFF\\MDT_1397240.tif","SHRT_FNAME":"MDT_1397240.tif","UPPER_LEFT_X":"556968.712","UPPER_LEFT_Y":"9250869.956","LOWER_RIGHT_X":"557971.712","LOWER_RIGHT_Y":"9249867.456"},"geometry":{"type":"Polygon","coordinates":[[[-62.484465102259286,-6.777024375771993],[-62.475388771306243,-6.777014657284029],[-62.475378962398175,-6.78608293670137],[-62.48445546303725,-6.786092668311078],[-62.484465102259286,-6.777024375771993]]]}},
{"type":"Feature","properties":{"DESCRIPTION":"MDT_1397239.tif","FILENAME":"U:\\P589_AmazoniaRevelada_BR-319\\LiDAR_dataset\\ENTREGAS\\ENTREGA_07\\2_MDT\\GEOTIFF\\MDT_1397239.tif","SHRT_FNAME":"MDT_1397239.tif","UPPER_LEFT_X":"555968.712","UPPER_LEFT_Y":"9250869.956","LOWER_RIGHT_X":"556971.212","LOWER_RIGHT_Y":"9249867.456"},"geometry":{"type":"Polygon","coordinates":[[[-62.493514298805501,-6.777033896362292],[-62.484442479284276,-6.77702435175927],[-62.484432839639297,-6.786092644265933],[-62.493504828763172,-6.786102201755924],[-62.493514298805501,-6.777033896362292]]]}},
{"type":"Feature","properties":{"DESCRIPTION":"MDT_1397238.tif","FILENAME":"U:\\P589_AmazoniaRevelada_BR-319\\LiDAR_dataset\\ENTREGAS\\ENTREGA_07\\2_MDT\\GEOTIFF\\MDT_1397238.tif","SHRT_FNAME":"MDT_1397238.tif","UPPER_LEFT_X":"554968.712","UPPER_LEFT_Y":"9250869.956","LOWER_RIGHT_X":"555971.212","LOWER_RIGHT_Y":"9249867.456"},"geometry":{"type":"Polygon","coordinates":[[[-62.502563508244812,-6.777043248374869],[-62.493491675797955,-6.777033872771012],[-62.49348220533269,-6.786102178132789],[-62.50255420738339,-6.786111566395434],[-62.502563508244812,-6.777043248374869]]]}},
{"type":"Feature","properties":{"DESCRIPTION":"MDT_1397237.tif","FILENAME":"U:\\P589_AmazoniaRevelada_BR-319\\LiDAR_dataset\\ENTREGAS\\ENTREGA_07\\2_MDT\\GEOTIFF\\MDT_1397237.tif","SHRT_FNAME":"MDT_1397237.tif","UPPER_LEFT_X":"553968.712","UPPER_LEFT_Y":"9250869.956","LOWER_RIGHT_X":"554971.212","LOWER_RIGHT_Y":"9249867.456"},"geometry":{"type":"Polygon","coordinates":[[[-62.511612730346918,-6.77705243180856],[-62.502540885205335,-6.777043225205034],[-62.502531583920963,-6.786111543194315],[-62.511603598667556,-6.786120762228448],[-62.511612730346918,-6.77705243180856]]]}},
{"type":"Feature","properties":{"DESCRIPTION":"MDT_1397236.tif","FILENAME":"U:\\P589_AmazoniaRevelada_BR-319\\LiDAR_dataset\\ENTREGAS\\ENTREGA_07\\2_MDT\\GEOTIFF\\MDT_1397236.tif","SHRT_FNAME":"MDT_1397236.tif","UPPER_LEFT_X":"552968.712","UPPER_LEFT_Y":"9250869.956","LOWER_RIGHT_X":"553971.212","LOWER_RIGHT_Y":"9249867.456"},"geometry":{"type":"Polygon","coordinates":[[[-62.520661964881484,-6.777061446662225],[-62.511590107276071,-6.777052409060174],[-62.511580975173757,-6.786120739449347],[-62.52065300238533,-6.786129789253823],[-62.520661964881484,-6.777061446662225]]]}},
{"type":"Feature","properties":{"DESCRIPTION":"MDT_1397235.tif","FILENAME":"U:\\P589_AmazoniaRevelada_BR-319\\LiDAR_dataset\\ENTREGAS\\ENTREGA_07\\2_MDT\\GEOTIFF\\MDT_1397235.tif","SHRT_FNAME":"MDT_1397235.tif","UPPER_LEFT_X":"551968.212","UPPER_LEFT_Y":"9250869.956","LOWER_RIGHT_X":"552971.212","LOWER_RIGHT_Y":"9249867.456"},"geometry":{"type":"Polygon","coordinates":[[[-62.52971573624454,-6.777070297315718],[-62.520639341779834,-6.77706142433529],[-62.520630378860716,-6.786129766896743],[-62.52970694301731,-6.786138651857325],[-62.52971573624454,-6.777070297315718]]]}},
{"type":"Feature","properties":{"DESCRIPTION":"MDT_1397234.tif","FILENAME":"U:\\P589_AmazoniaRevelada_BR-319\\LiDAR_dataset\\ENTREGAS\\ENTREGA_07\\2_MDT\\GEOTIFF\\MDT_1397234.tif","SHRT_FNAME":"MDT_1397234.tif","UPPER_LEFT_X":"550968.212","UPPER_LEFT_Y":"9250869.956","LOWER_RIGHT_X":"551970.712","LOWER_RIGHT_Y":"9249867.456"},"geometry":{"type":"Polygon","coordinates":[[[-62.538764994958925,-6.777078974921706],[-62.529693113112657,-6.777070275410448],[-62.529684319462469,-6.786138629922479],[-62.53875637091712,-6.786147341179676],[-62.538764994958925,-6.777078974921706]]]}},
{"type":"Feature","properties":{"DESCRIPTION":"MDT_1397233.tif","FILENAME":"U:\\P589_AmazoniaRevelada_BR-319\\LiDAR_dataset\\ENTREGAS\\ENTREGA_07\\2_MDT\\GEOTIFF\\MDT_1397233.tif","SHRT_FNAME":"MDT_1397233.tif","UPPER_LEFT_X":"549968.212","UPPER_LEFT_Y":"9250869.956","LOWER_RIGHT_X":"550970.712","LOWER_RIGHT_Y":"9249867.456"},"geometry":{"type":"Polygon","coordinates":[[[-62.54781426541463,-6.777087483944372],[-62.538742371797404,-6.777078953437893],[-62.538733747332635,-6.786147319666856],[-62.547805810559332,-6.786155861691089],[-62.54781426541463,-6.777087483944372]]]}},
{"type":"Feature","properties":{"DESCRIPTION":"MDT_1397232.tif","FILENAME":"U:\\P589_AmazoniaRevelada_BR-319\\LiDAR_dataset\\ENTREGAS\\ENTREGA_07\\2_MDT\\GEOTIFF\\MDT_1397232.tif","SHRT_FNAME":"MDT_1397232.tif","UPPER_LEFT_X":"548968.212","UPPER_LEFT_Y":"9250869.956","LOWER_RIGHT_X":"549970.712","LOWER_RIGHT_Y":"9249867.456"},"geometry":{"type":"Polygon","coordinates":[[[-62.556863547381326,-6.777095824382664],[-62.547791642224048,-6.777087462882019],[-62.547783186945779,-6.786155840600299],[-62.556855261713594,-6.786164213390505],[-62.556863547381326,-6.777095824382664]]]}},
{"type":"Feature","properties":{"DESCRIPTION":"MDT_1397231.tif","FILENAME":"U:\\P589_AmazoniaRevelada_BR-319\\LiDAR_dataset\\ENTREGAS\\ENTREGA_07\\2_MDT\\GEOTIFF\\MDT_1397231.tif","SHRT_FNAME":"MDT_1397231.tif","UPPER_LEFT_X":"547968.212","UPPER_LEFT_Y":"9250869.956","LOWER_RIGHT_X":"548970.712","LOWER_RIGHT_Y":"9249867.456"},"geometry":{"type":"Polygon","coordinates":[[[-62.565912840628648,-6.77710399623554],[-62.556840924162245,-6.777095803741772],[-62.556832638071555,-6.786164192721746],[-62.565904724149533,-6.786172396276888],[-62.565912840628648,-6.77710399623554]]]}},
{"type":"Feature","properties":{"DESCRIPTION":"MDT_1397230.tif","FILENAME":"U:\\P589_AmazoniaRevelada_BR-319\\LiDAR_dataset\\ENTREGAS\\ENTREGA_07\\2_MDT\\GEOTIFF\\MDT_1397230.tif","SHRT_FNAME":"MDT_1397230.tif","UPPER_LEFT_X":"546968.212","UPPER_LEFT_Y":"9250869.956","LOWER_RIGHT_X":"547970.712","LOWER_RIGHT_Y":"9249867.456"},"geometry":{"type":"Polygon","coordinates":[[[-62.574962144926275,-6.777111999501988],[-62.565890217381657,-6.777103976016114],[-62.565882100479563,-6.786172376030162],[-62.574954197636778,-6.78618041034922],[-62.574962144926275,-6.777111999501988]]]}},
{"type":"Feature","properties":{"DESCRIPTION":"MDT_1397229.tif","FILENAME":"U:\\P589_AmazoniaRevelada_BR-319\\LiDAR_dataset\\ENTREGAS\\ENTREGA_07\\2_MDT\\GEOTIFF\\MDT_1397229.tif","SHRT_FNAME":"MDT_1397229.tif","UPPER_LEFT_X":"545967.712","UPPER_LEFT_Y":"9250869.956","LOWER_RIGHT_X":"546970.712","LOWER_RIGHT_Y":"9249867.456"},"geometry":{"type":"Polygon","coordinates":[[[-62.584015984704088,-6.777119838056189],[-62.574939521651949,-6.77711197970403],[-62.574931573939473,-6.786180390524531],[-62.584008206689802,-6.786188259486911],[-62.584015984704088,-6.777119838056189]]]}},
{"type":"Feature","properties":{"DESCRIPTION":"MDT_1397228.tif","FILENAME":"U:\\P589_AmazoniaRevelada_BR-319\\LiDAR_dataset\\ENTREGAS\\ENTREGA_07\\2_MDT\\GEOTIFF\\MDT_1397228.tif","SHRT_FNAME":"MDT_1397228.tif","UPPER_LEFT_X":"544967.712","UPPER_LEFT_Y":"9250869.956","LOWER_RIGHT_X":"545970.212","LOWER_RIGHT_Y":"9249867.456"},"geometry":{"type":"Polygon","coordinates":[[[-62.59306531041652,-6.777127504062529],[-62.583993361402982,-6.77711981867991],[-62.583985582965717,-6.786188240084471],[-62.593057701593828,-6.786195935843772],[-62.59306531041652,-6.777127504062529]]]}},
{"type":"Feature","properties":{"DESCRIPTION":"MDT_1397227.tif","FILENAME":"U:\\P589_AmazoniaRevelada_BR-319\\LiDAR_dataset\\ENTREGAS\\ENTREGA_07\\2_MDT\\GEOTIFF\\MDT_1397227.tif","SHRT_FNAME":"MDT_1397227.tif","UPPER_LEFT_X":"543967.712","UPPER_LEFT_Y":"9250869.956","LOWER_RIGHT_X":"544970.212","LOWER_RIGHT_Y":"9249867.456"},"geometry":{"type":"Polygon","coordinates":[[[-62.602114646488083,-6.777135001479522],[-62.59304268708923,-6.777127485107721],[-62.593035077843545,-6.786195916863372],[-62.602107206857944,-6.786203443383658],[-62.602114646488083,-6.777135001479522]]]}},
{"type":"Feature","properties":{"DESCRIPTION":"MDT_1397226.tif","FILENAME":"U:\\P589_AmazoniaRevelada_BR-319\\LiDAR_dataset\\ENTREGAS\\ENTREGA_07\\2_MDT\\GEOTIFF\\MDT_1397226.tif","SHRT_FNAME":"MDT_1397226.tif","UPPER_LEFT_X":"542967.712","UPPER_LEFT_Y":"9250869.956","LOWER_RIGHT_X":"543970.212","LOWER_RIGHT_Y":"9249867.456"},"geometry":{"type":"Polygon","coordinates":[[[-62.611163992688446,-6.777142330306236],[-62.602092023135178,-6.777134982946189],[-62.602084583082053,-6.786203424825302],[-62.611156722251785,-6.78621078210564],[-62.611163992688446,-6.777142330306236]]]}},
{"type":"Feature","properties":{"DESCRIPTION":"MDT_1397225.tif","FILENAME":"U:\\P589_AmazoniaRevelada_BR-319\\LiDAR_dataset\\ENTREGAS\\ENTREGA_07\\2_MDT\\GEOTIFF\\MDT_1397225.tif","SHRT_FNAME":"MDT_1397225.tif","UPPER_LEFT_X":"541967.712","UPPER_LEFT_Y":"9250869.956","LOWER_RIGHT_X":"542970.212","LOWER_RIGHT_Y":"9249867.456"},"geometry":{"type":"Polygon","coordinates":[[[-62.62021334878726,-6.777149490541764],[-62.611141369310509,-6.777142312194382],[-62.611134098450854,-6.78621076396933],[-62.620206247544971,-6.786217952008806],[-62.62021334878726,-6.777149490541764]]]}},
{"type":"Feature","properties":{"DESCRIPTION":"MDT_1397224.tif","FILENAME":"U:\\P589_AmazoniaRevelada_BR-319\\LiDAR_dataset\\ENTREGAS\\ENTREGA_07\\2_MDT\\GEOTIFF\\MDT_1397224.tif","SHRT_FNAME":"MDT_1397224.tif","UPPER_LEFT_X":"540967.212","UPPER_LEFT_Y":"9250869.956","LOWER_RIGHT_X":"541970.212","LOWER_RIGHT_Y":"9249867.456"},"geometry":{"type":"Polygon","coordinates":[[[-62.629267239239411,-6.777156485638868],[-62.620190725384859,-6.777149472851389],[-62.620183623719591,-6.786217934294545],[-62.629260307277008,-6.786224956550581],[-62.629267239239411,-6.777156485638868]]]}},
{"type":"Feature","properties":{"DESCRIPTION":"MDT_1397223.tif","FILENAME":"U:\\P589_AmazoniaRevelada_BR-319\\LiDAR_dataset\\ENTREGAS\\ENTREGA_07\\2_MDT\\GEOTIFF\\MDT_1397223.tif","SHRT_FNAME":"MDT_1397223.tif","UPPER_LEFT_X":"539967.212","UPPER_LEFT_Y":"9250869.956","LOWER_RIGHT_X":"540969.712","LOWER_RIGHT_Y":"9249867.456"},"geometry":{"type":"Polygon","coordinates":[[[-62.638316614448719,-6.77716330860508],[-62.629244615813128,-6.777156468370185],[-62.629237683427725,-6.78622493925858],[-62.638309851682457,-6.786231788729053],[-62.638316614448719,-6.77716330860508]]]}},
{"type":"Feature","properties":{"DESCRIPTION":"MDT_1397222.tif","FILENAME":"U:\\P589_AmazoniaRevelada_BR-319\\LiDAR_dataset\\ENTREGAS\\ENTREGA_07\\2_MDT\\GEOTIFF\\MDT_1397222.tif","SHRT_FNAME":"MDT_1397222.tif","UPPER_LEFT_X":"538967.212","UPPER_LEFT_Y":"9250869.956","LOWER_RIGHT_X":"539969.712","LOWER_RIGHT_Y":"9249867.456"},"geometry":{"type":"Polygon","coordinates":[[[-62.64736599886529,-6.777169962977498],[-62.638293990999124,-6.777163291757878],[-62.638287227809869,-6.786231771859105],[-62.647359405296022,-6.786238452086101],[-62.64736599886529,-6.777169962977498]]]}},
{"type":"Feature","properties":{"DESCRIPTION":"MDT_1397221.tif","FILENAME":"U:\\P589_AmazoniaRevelada_BR-319\\LiDAR_dataset\\ENTREGAS\\ENTREGA_07\\2_MDT\\GEOTIFF\\MDT_1397221.tif","SHRT_FNAME":"MDT_1397221.tif","UPPER_LEFT_X":"537967.212","UPPER_LEFT_Y":"9250869.956","LOWER_RIGHT_X":"538969.712","LOWER_RIGHT_Y":"9249867.456"},"geometry":{"type":"Polygon","coordinates":[[[-62.656415392258779,-6.777176448755297],[-62.647343375392964,-6.777169946551781],[-62.647336781400703,-6.786238435638208],[-62.65640896788733,-6.786244946620897],[-62.656415392258779,-6.777176448755297]]]}},
{"type":"Feature","properties":{"DESCRIPTION":"MDT_1397220.tif","FILENAME":"U:\\P589_AmazoniaRevelada_BR-319\\LiDAR_dataset\\ENTREGAS\\ENTREGA_07\\2_MDT\\GEOTIFF\\MDT_1397220.tif","SHRT_FNAME":"MDT_1397220.tif","UPPER_LEFT_X":"536967.212","UPPER_LEFT_Y":"9250869.956","LOWER_RIGHT_X":"537969.712","LOWER_RIGHT_Y":"9249867.456"},"geometry":{"type":"Polygon","coordinates":[[[-62.665464794398822,-6.777182765937673],[-62.656392768764292,-6.77717643275107],[-62.656386343969842,-6.786244930595061],[-62.665458539226002,-6.786251272332634],[-62.665464794398822,-6.777182765937673]]]}},
{"type":"Feature","properties":{"DESCRIPTION":"MDT_1397219.tif","FILENAME":"U:\\P589_AmazoniaRevelada_BR-319\\LiDAR_dataset\\ENTREGAS\\ENTREGA_07\\2_MDT\\GEOTIFF\\MDT_1397219.tif","SHRT_FNAME":"MDT_1397219.tif","UPPER_LEFT_X":"535966.712","UPPER_LEFT_Y":"9250869.956","LOWER_RIGHT_X":"536969.712","LOWER_RIGHT_Y":"9249867.456"},"geometry":{"type":"Polygon","coordinates":[[[-62.674518729762497,-6.777188917555963],[-62.665442170882756,-6.777182750354935],[-62.665435915286935,-6.786251256728857],[-62.674512643873662,-6.786257432256743],[-62.674518729762497,-6.777188917555963]]]}},
{"type":"Feature","properties":{"DESCRIPTION":"MDT_1397218.tif","FILENAME":"U:\\P589_AmazoniaRevelada_BR-319\\LiDAR_dataset\\ENTREGAS\\ENTREGA_07\\2_MDT\\GEOTIFF\\MDT_1397218.tif","SHRT_FNAME":"MDT_1397218.tif","UPPER_LEFT_X":"534966.712","UPPER_LEFT_Y":"9250869.956","LOWER_RIGHT_X":"535969.212","LOWER_RIGHT_Y":"9249867.456"},"geometry":{"type":"Polygon","coordinates":[[[-62.683568148708659,-6.77719489746086],[-62.674496106225412,-6.777188902394927],[-62.674490019913591,-6.786257417075237],[-62.683562232020009,-6.786263420235616],[-62.683568148708659,-6.77719489746086]]]}},
{"type":"Feature","properties":{"DESCRIPTION":"MDT_1397217.tif","FILENAME":"U:\\P589_AmazoniaRevelada_BR-319\\LiDAR_dataset\\ENTREGAS\\ENTREGA_07\\2_MDT\\GEOTIFF\\MDT_1397217.tif","SHRT_FNAME":"MDT_1397217.tif","UPPER_LEFT_X":"533966.712","UPPER_LEFT_Y":"9250869.956","LOWER_RIGHT_X":"534969.212","LOWER_RIGHT_Y":"9249867.456"},"geometry":{"type":"Polygon","coordinates":[[[-62.692617575710202,-6.777200708768041],[-62.68354552515116,-6.777194882721317],[-62.683539608039503,-6.786263405476173],[-62.692611828222454,-6.786269239389136],[-62.692617575710202,-6.777200708768041]]]}},
{"type":"Feature","properties":{"DESCRIPTION":"MDT_1397216.tif","FILENAME":"U:\\P589_AmazoniaRevelada_BR-319\\LiDAR_dataset\\ENTREGAS\\ENTREGA_07\\2_MDT\\GEOTIFF\\MDT_1397216.tif","SHRT_FNAME":"MDT_1397216.tif","UPPER_LEFT_X":"532966.712","UPPER_LEFT_Y":"9250869.956","LOWER_RIGHT_X":"533969.212","LOWER_RIGHT_Y":"9249867.456"},"geometry":{"type":"Polygon","coordinates":[[[-62.701667010536752,-6.777206351476787],[-62.692594952132843,-6.777200694449995],[-62.692589204222109,-6.786269225051756],[-62.701661432250631,-6.78627488971658],[-62.701667010536752,-6.777206351476787]]]}},
{"type":"Feature","properties":{"DESCRIPTION":"MDT_1397215.tif","FILENAME":"U:\\P589_AmazoniaRevelada_BR-319\\LiDAR_dataset\\ENTREGAS\\ENTREGA_07\\2_MDT\\GEOTIFF\\MDT_1397215.tif","SHRT_FNAME":"MDT_1397215.tif","UPPER_LEFT_X":"531966.712","UPPER_LEFT_Y":"9250869.956","LOWER_RIGHT_X":"532969.212","LOWER_RIGHT_Y":"9249867.456"},"geometry":{"type":"Polygon","coordinates":[[[-62.710716452957946,-6.777211825586395],[-62.701644386940117,-6.777206337580237],[-62.701638808230996,-6.786274875801266],[-62.710711043874156,-6.786280371217247],[-62.710716452957946,-6.777211825586395]]]}},
{"type":"Feature","properties":{"DESCRIPTION":"MDT_1397214.tif","FILENAME":"U:\\P589_AmazoniaRevelada_BR-319\\LiDAR_dataset\\ENTREGAS\\ENTREGA_07\\2_MDT\\GEOTIFF\\MDT_1397214.tif","SHRT_FNAME":"MDT_1397214.tif","UPPER_LEFT_X":"530966.212","UPPER_LEFT_Y":"9250869.956","LOWER_RIGHT_X":"531969.212","LOWER_RIGHT_Y":"9249867.456"},"geometry":{"type":"Polygon","coordinates":[[[-62.71977042747011,-6.777217133706772],[-62.71069382934261,-6.777211812111346],[-62.710688419835819,-6.786280357724001],[-62.719765187673936,-6.786285686504566],[-62.71977042747011,-6.777217133706772]]]}},
{"type":"Feature","properties":{"DESCRIPTION":"MDT_1397213.tif","FILENAME":"U:\\P589_AmazoniaRevelada_BR-319\\LiDAR_dataset\\ENTREGAS\\ENTREGA_07\\2_MDT\\GEOTIFF\\MDT_1397213.tif","SHRT_FNAME":"MDT_1397213.tif","UPPER_LEFT_X":"529966.212","UPPER_LEFT_Y":"9250869.956","LOWER_RIGHT_X":"530968.712","LOWER_RIGHT_Y":"9249867.456"},"geometry":{"type":"Polygon","coordinates":[[[-62.728819884393012,-6.777222270531787],[-62.719747803836647,-6.777217120653432],[-62.719742563617459,-6.7862856734336],[-62.728814813800497,-6.786290830265244],[-62.728819884393012,-6.777222270531787]]]}},
{"type":"Feature","properties":{"DESCRIPTION":"MDT_1397212.tif","FILENAME":"U:\\P589_AmazoniaRevelada_BR-319\\LiDAR_dataset\\ENTREGAS\\ENTREGA_07\\2_MDT\\GEOTIFF\\MDT_1397212.tif","SHRT_FNAME":"MDT_1397212.tif","UPPER_LEFT_X":"528966.212","UPPER_LEFT_Y":"9250869.956","LOWER_RIGHT_X":"529968.712","LOWER_RIGHT_Y":"9249867.456"},"geometry":{"type":"Polygon","coordinates":[[[-62.737869348219348,-6.777227238755689],[-62.728797260742006,-6.777222257899949],[-62.72879218972647,-6.78629081761635],[-62.737864446831132,-6.786295805197167],[-62.737869348219348,-6.777227238755689]]]}},
{"type":"Feature","properties":{"DESCRIPTION":"MDT_1397211.tif","FILENAME":"U:\\P589_AmazoniaRevelada_BR-319\\LiDAR_dataset\\ENTREGAS\\ENTREGA_07\\2_MDT\\GEOTIFF\\MDT_1397211.tif","SHRT_FNAME":"MDT_1397211.tif","UPPER_LEFT_X":"527966.212","UPPER_LEFT_Y":"9250869.956","LOWER_RIGHT_X":"528968.712","LOWER_RIGHT_Y":"9249867.456"},"geometry":{"type":"Polygon","coordinates":[[[-62.746918818718761,-6.777232038377861],[-62.737846724551368,-6.777227226545356],[-62.737841822740137,-6.786295792970344],[-62.746914086535455,-6.786300611299716],[-62.746918818718761,-6.777232038377861]]]}},
{"type":"Feature","properties":{"DESCRIPTION":"MDT_1397210.tif","FILENAME":"U:\\P589_AmazoniaRevelada_BR-319\\LiDAR_dataset\\ENTREGAS\\ENTREGA_07\\2_MDT\\GEOTIFF\\MDT_1397210.tif","SHRT_FNAME":"MDT_1397210.tif","UPPER_LEFT_X":"526966.212","UPPER_LEFT_Y":"9250869.956","LOWER_RIGHT_X":"527968.712","LOWER_RIGHT_Y":"9249867.456"},"geometry":{"type":"Polygon","coordinates":[[[-62.755968295660878,-6.777236669397707],[-62.746896195034395,-6.777232026589033],[-62.746891462428067,-6.786300599494969],[-62.755963732683078,-6.786305248572293],[-62.755968295660878,-6.777236669397707]]]}},
{"type":"Feature","properties":{"DESCRIPTION":"MDT_1397209.tif","FILENAME":"U:\\P589_AmazoniaRevelada_BR-319\\LiDAR_dataset\\ENTREGAS\\ENTREGA_07\\2_MDT\\GEOTIFF\\MDT_1397209.tif","SHRT_FNAME":"MDT_1397209.tif","UPPER_LEFT_X":"525966.212","UPPER_LEFT_Y":"9250869.956","LOWER_RIGHT_X":"526968.712","LOWER_RIGHT_Y":"9249867.456"},"geometry":{"type":"Polygon","coordinates":[[[-62.765017778815341,-6.777241131814652],[-62.755945671960681,-6.777236658030383],[-62.755941108559874,-6.786305237189622],[-62.765013385043616,-6.786309717014325],[-62.765017778815341,-6.777241131814652]]]}},
{"type":"Feature","properties":{"DESCRIPTION":"MDT_1397208.tif","FILENAME":"U:\\P589_AmazoniaRevelada_BR-319\\LiDAR_dataset\\ENTREGAS\\ENTREGA_07\\2_MDT\\GEOTIFF\\MDT_1397208.tif","SHRT_FNAME":"MDT_1397208.tif","UPPER_LEFT_X":"524965.712","UPPER_LEFT_Y":"9250869.956","LOWER_RIGHT_X":"525968.712","LOWER_RIGHT_Y":"9249867.456"},"geometry":{"type":"Polygon","coordinates":[[[-62.774071792697789,-6.777245427732875],[-62.764995155099896,-6.777241120868837],[-62.76499076090515,-6.78630970605373],[-62.774067568217291,-6.786314018732829],[-62.774071792697789,-6.777245427732875]]]}},
{"type":"Feature","properties":{"DESCRIPTION":"MDT_1397207.tif","FILENAME":"U:\\P589_AmazoniaRevelada_BR-319\\LiDAR_dataset\\ENTREGAS\\ENTREGA_07\\2_MDT\\GEOTIFF\\MDT_1397207.tif","SHRT_FNAME":"MDT_1397207.tif","UPPER_LEFT_X":"523965.712","UPPER_LEFT_Y":"9250869.956","LOWER_RIGHT_X":"524968.212","LOWER_RIGHT_Y":"9249867.456"},"geometry":{"type":"Polygon","coordinates":[[[-62.783121287588642,-6.77724955285807],[-62.774049168967672,-6.777245417208779],[-62.774044944064158,-6.786314008194525],[-62.783117232315291,-6.786318149427709],[-62.783121287588642,-6.77724955285807]]]}},
{"type":"Feature","properties":{"DESCRIPTION":"MDT_1397206.tif","FILENAME":"U:\\P589_AmazoniaRevelada_BR-319\\LiDAR_dataset\\ENTREGAS\\ENTREGA_07\\2_MDT\\GEOTIFF\\MDT_1397206.tif","SHRT_FNAME":"MDT_1397206.tif","UPPER_LEFT_X":"522965.712","UPPER_LEFT_Y":"9250869.956","LOWER_RIGHT_X":"523968.212","LOWER_RIGHT_Y":"9249867.456"},"geometry":{"type":"Polygon","coordinates":[[[-62.792170788000611,-6.777253509378767],[-62.783098663844427,-6.777249542755487],[-62.783094608148069,-6.786318139311484],[-62.79216690193492,-6.786322111290438],[-62.792170788000611,-6.777253509378767]]]}},
{"type":"Feature","properties":{"DESCRIPTION":"MDT_1397205.tif","FILENAME":"U:\\P589_AmazoniaRevelada_BR-319\\LiDAR_dataset\\ENTREGAS\\ENTREGA_07\\2_MDT\\GEOTIFF\\MDT_1397205.tif","SHRT_FNAME":"MDT_1397205.tif","UPPER_LEFT_X":"521965.712","UPPER_LEFT_Y":"9250869.956","LOWER_RIGHT_X":"522968.212","LOWER_RIGHT_Y":"9249867.456"},"geometry":{"type":"Polygon","coordinates":[[[-62.801220293703309,-6.777257297294469],[-62.792148164242882,-6.777253499697693],[-62.792144277754183,-6.786322101596293],[-62.801216576845775,-6.786325904320528],[-62.801220293703309,-6.777257297294469]]]}},
{"type":"Feature","properties":{"DESCRIPTION":"MDT_1397204.tif","FILENAME":"U:\\P589_AmazoniaRevelada_BR-319\\LiDAR_dataset\\ENTREGAS\\ENTREGA_07\\2_MDT\\GEOTIFF\\MDT_1397204.tif","SHRT_FNAME":"MDT_1397204.tif","UPPER_LEFT_X":"520965.712","UPPER_LEFT_Y":"9250869.956","LOWER_RIGHT_X":"521968.212","LOWER_RIGHT_Y":"9249867.456"},"geometry":{"type":"Polygon","coordinates":[[[-62.810269804466401,-6.777260916604708],[-62.801197669932648,-6.777257288034909],[-62.801193952652099,-6.786325895048466],[-62.810266256817485,-6.786329528517505],[-62.810269804466401,-6.777260916604708]]]}},
{"type":"Feature","properties":{"DESCRIPTION":"MDT_1397203.tif","FILENAME":"U:\\P589_AmazoniaRevelada_BR-319\\LiDAR_dataset\\ENTREGAS\\ENTREGA_07\\2_MDT\\GEOTIFF\\MDT_1397203.tif","SHRT_FNAME":"MDT_1397203.tif","UPPER_LEFT_X":"519965.212","UPPER_LEFT_Y":"9250869.956","LOWER_RIGHT_X":"520968.212","LOWER_RIGHT_Y":"9249867.456"},"geometry":{"type":"Polygon","coordinates":[[[-62.819323844818456,-6.777264368992214],[-62.810247180683376,-6.777260907766663],[-62.810243632611432,-6.786329519667526],[-62.819320466463196,-6.786332985566374],[-62.819323844818456,-6.777264368992214]]]}},
{"type":"Feature","properties":{"DESCRIPTION":"MDT_1397202.tif","FILENAME":"U:\\P589_AmazoniaRevelada_BR-319\\LiDAR_dataset\\ENTREGAS\\ENTREGA_07\\2_MDT\\GEOTIFF\\MDT_1397202.tif","SHRT_FNAME":"MDT_1397202.tif","UPPER_LEFT_X":"518965.212","UPPER_LEFT_Y":"9250869.956","LOWER_RIGHT_X":"519967.712","LOWER_RIGHT_Y":"9249867.456"},"geometry":{"type":"Polygon","coordinates":[[[-62.82837336501342,-6.777267651005898],[-62.819301221023636,-6.777264360575895],[-62.819297842245362,-6.786332977138691],[-62.828370155867638,-6.786336272011382],[-62.82837336501342,-6.777267651005898]]]}},
{"type":"Feature","properties":{"DESCRIPTION":"MDT_1397201.tif","FILENAME":"U:\\P589_AmazoniaRevelada_BR-319\\LiDAR_dataset\\ENTREGAS\\ENTREGA_07\\2_MDT\\GEOTIFF\\MDT_1397201.tif","SHRT_FNAME":"MDT_1397201.tif","UPPER_LEFT_X":"517965.212","UPPER_LEFT_Y":"9250869.956","LOWER_RIGHT_X":"518967.712","LOWER_RIGHT_Y":"9249867.456"},"geometry":{"type":"Polygon","coordinates":[[[-62.837422889577525,-6.777270764412831],[-62.828350741207394,-6.777267643011096],[-62.828347531638599,-6.786336264005784],[-62.837419849641641,-6.786339389621991],[-62.837422889577525,-6.777270764412831]]]}},
{"type":"Feature","properties":{"DESCRIPTION":"MDT_1397200.tif","FILENAME":"U:\\P589_AmazoniaRevelada_BR-319\\LiDAR_dataset\\ENTREGAS\\ENTREGA_07\\2_MDT\\GEOTIFF\\MDT_1397200.tif","SHRT_FNAME":"MDT_1397200.tif","UPPER_LEFT_X":"516965.212","UPPER_LEFT_Y":"9250869.956","LOWER_RIGHT_X":"517967.712","LOWER_RIGHT_Y":"9249867.456"},"geometry":{"type":"Polygon","coordinates":[[[-62.846472418280399,-6.777273709212632],[-62.837400265760863,-6.777270756839547],[-62.837397225401951,-6.786339382038482],[-62.846469547554783,-6.786342338397814],[-62.846472418280399,-6.777273709212632]]]}},
{"type":"Feature","properties":{"DESCRIPTION":"MDT_1397199.tif","FILENAME":"U:\\P589_AmazoniaRevelada_BR-319\\LiDAR_dataset\\ENTREGAS\\ENTREGA_07\\2_MDT\\GEOTIFF\\MDT_1397199.tif","SHRT_FNAME":"MDT_1397199.tif","UPPER_LEFT_X":"515965.212","UPPER_LEFT_Y":"9250869.956","LOWER_RIGHT_X":"516967.712","LOWER_RIGHT_Y":"9249867.456"},"geometry":{"type":"Polygon","coordinates":[[[-62.855521950891678,-6.777276485404929],[-62.846449794453683,-6.777273702060864],[-62.846446923305024,-6.786342331236391],[-62.855519249376684,-6.786345118338485],[-62.855521950891678,-6.777276485404929]]]}},
{"type":"Feature","properties":{"DESCRIPTION":"MDT_1397198.tif","FILENAME":"U:\\P589_AmazoniaRevelada_BR-319\\LiDAR_dataset\\ENTREGAS\\ENTREGA_07\\2_MDT\\GEOTIFF\\MDT_1397198.tif","SHRT_FNAME":"MDT_1397198.tif","UPPER_LEFT_X":"514964.712","UPPER_LEFT_Y":"9250869.956","LOWER_RIGHT_X":"515967.712","LOWER_RIGHT_Y":"9249867.456"},"geometry":{"type":"Polygon","coordinates":[[[-62.864576011950007,-6.777279094251],[-62.855499327055469,-6.777276478674681],[-62.855496625117439,-6.786345111599148],[-62.864573479730566,-6.786347730706981],[-62.864576011950007,-6.777279094251]]]}},
{"type":"Feature","properties":{"DESCRIPTION":"MDT_1397197.tif","FILENAME":"U:\\P589_AmazoniaRevelada_BR-319\\LiDAR_dataset\\ENTREGAS\\ENTREGA_07\\2_MDT\\GEOTIFF\\MDT_1397197.tif","SHRT_FNAME":"MDT_1397197.tif","UPPER_LEFT_X":"513964.712","UPPER_LEFT_Y":"9250869.956","LOWER_RIGHT_X":"514967.212","LOWER_RIGHT_Y":"9249867.456"},"geometry":{"type":"Polygon","coordinates":[[[-62.873625551688612,-6.777281533142978],[-62.864553388104881,-6.777279087942483],[-62.864550855462419,-6.786347724389945],[-62.873623188680462,-6.786350172891916],[-62.873625551688612,-6.777281533142978]]]}},
{"type":"Feature","properties":{"DESCRIPTION":"MDT_1397196.tif","FILENAME":"U:\\P589_AmazoniaRevelada_BR-319\\LiDAR_dataset\\ENTREGAS\\ENTREGA_07\\2_MDT\\GEOTIFF\\MDT_1397196.tif","SHRT_FNAME":"MDT_1397196.tif","UPPER_LEFT_X":"512964.712","UPPER_LEFT_Y":"9250869.956","LOWER_RIGHT_X":"513967.212","LOWER_RIGHT_Y":"9249867.456"},"geometry":{"type":"Polygon","coordinates":[[[-62.882675094644377,-6.777283803426483],[-62.873602927835151,-6.777281527255981],[-62.873600564403979,-6.78635016699697],[-62.882672900847801,-6.786352446240723],[-62.882675094644377,-6.777283803426483]]]}},
{"type":"Feature","properties":{"DESCRIPTION":"MDT_1397195.tif","FILENAME":"U:\\P589_AmazoniaRevelada_BR-319\\LiDAR_dataset\\ENTREGAS\\ENTREGA_07\\2_MDT\\GEOTIFF\\MDT_1397195.tif","SHRT_FNAME":"MDT_1397195.tif","UPPER_LEFT_X":"511964.712","UPPER_LEFT_Y":"9250869.956","LOWER_RIGHT_X":"512967.212","LOWER_RIGHT_Y":"9249867.456"},"geometry":{"type":"Polygon","coordinates":[[[-62.891724640586922,-6.777285905101234],[-62.882652470783171,-6.777283797961009],[-62.88265027656356,-6.78635244076787],[-62.891722616002191,-6.786354550753124],[-62.891724640586922,-6.777285905101234]]]}},
{"type":"Feature","properties":{"DESCRIPTION":"MDT_1397194.tif","FILENAME":"U:\\P589_AmazoniaRevelada_BR-319\\LiDAR_dataset\\ENTREGAS\\ENTREGA_07\\2_MDT\\GEOTIFF\\MDT_1397194.tif","SHRT_FNAME":"MDT_1397194.tif","UPPER_LEFT_X":"510964.712","UPPER_LEFT_Y":"9250869.956","LOWER_RIGHT_X":"511967.212","LOWER_RIGHT_Y":"9249867.456"},"geometry":{"type":"Polygon","coordinates":[[[-62.900774189285862,-6.77728783816697],[-62.891702016718526,-6.777285900057281],[-62.891699991710773,-6.786354545702361],[-62.900772333913245,-6.786356486428857],[-62.900774189285862,-6.77728783816697]]]}},
{"type":"Feature","properties":{"DESCRIPTION":"MDT_1397193.tif","FILENAME":"U:\\P589_AmazoniaRevelada_BR-319\\LiDAR_dataset\\ENTREGAS\\ENTREGA_07\\2_MDT\\GEOTIFF\\MDT_1397193.tif","SHRT_FNAME":"MDT_1397193.tif","UPPER_LEFT_X":"509964.712","UPPER_LEFT_Y":"9250869.956","LOWER_RIGHT_X":"510967.212","LOWER_RIGHT_Y":"9249867.456"},"geometry":{"type":"Polygon","coordinates":[[[-62.909823740510845,-6.777289602623449],[-62.900751565410879,-6.77728783354454],[-62.900749709615226,-6.786356481800185],[-62.909822054350563,-6.78635825326768],[-62.909823740510845,-6.777289602623449]]]}},
{"type":"Feature","properties":{"DESCRIPTION":"MDT_1396248.tif","FILENAME":"U:\\P589_AmazoniaRevelada_BR-319\\LiDAR_dataset\\ENTREGAS\\ENTREGA_07\\2_MDT\\GEOTIFF\\MDT_1396248.tif","SHRT_FNAME":"MDT_1396248.tif","UPPER_LEFT_X":"564969.948","UPPER_LEFT_Y":"9251869.456","LOWER_RIGHT_X":"565971.948","LOWER_RIGHT_Y":"9250867.456"},"geometry":{"type":"Polygon","coordinates":[[[-62.412071781974873,-6.767901080690883],[-62.403004782493234,-6.767890035391702],[-62.402993640954172,-6.776953682557881],[-62.412060809626496,-6.77696474278236],[-62.412071781974873,-6.767901080690883]]]}},
{"type":"Feature","properties":{"DESCRIPTION":"MDT_1396247.tif","FILENAME":"U:\\P589_AmazoniaRevelada_BR-319\\LiDAR_dataset\\ENTREGAS\\ENTREGA_07\\2_MDT\\GEOTIFF\\MDT_1396247.tif","SHRT_FNAME":"MDT_1396247.tif","UPPER_LEFT_X":"563969.853","UPPER_LEFT_Y":"9251869.456","LOWER_RIGHT_X":"564971.853","LOWER_RIGHT_Y":"9250867.456"},"geometry":{"type":"Polygon","coordinates":[[[-62.421121558280994,-6.767911936458999],[-62.412054543802846,-6.767901059851945],[-62.412043571132799,-6.776964721915263],[-62.421110754803024,-6.776975613219665],[-62.421121558280994,-6.767911936458999]]]}},
{"type":"Feature","properties":{"DESCRIPTION":"MDT_1396246.tif","FILENAME":"U:\\P589_AmazoniaRevelada_BR-319\\LiDAR_dataset\\ENTREGAS\\ENTREGA_07\\2_MDT\\GEOTIFF\\MDT_1396246.tif","SHRT_FNAME":"MDT_1396246.tif","UPPER_LEFT_X":"562969.758","UPPER_LEFT_Y":"9251869.456","LOWER_RIGHT_X":"563971.758","LOWER_RIGHT_Y":"9250867.456"},"geometry":{"type":"Polygon","coordinates":[[[-62.430171349324553,-6.767922623854358],[-62.42110432008068,-6.76791191594078],[-62.42109351628104,-6.77697559267372],[-62.430160714718355,-6.776986315056694],[-62.430171349324553,-6.767922623854358]]]}},
{"type":"Feature","properties":{"DESCRIPTION":"MDT_1396245.tif","FILENAME":"U:\\P589_AmazoniaRevelada_BR-319\\LiDAR_dataset\\ENTREGAS\\ENTREGA_07\\2_MDT\\GEOTIFF\\MDT_1396245.tif","SHRT_FNAME":"MDT_1396245.tif","UPPER_LEFT_X":"561969.662","UPPER_LEFT_Y":"9251869.456","LOWER_RIGHT_X":"562971.662","LOWER_RIGHT_Y":"9250867.456"},"geometry":{"type":"Polygon","coordinates":[[[-62.439221163924131,-6.767933142886065],[-62.430154120145318,-6.767922603667461],[-62.430143485217613,-6.776986294842519],[-62.439210698191197,-6.776996848302568],[-62.439221163924131,-6.767933142886065]]]}},
{"type":"Feature","properties":{"DESCRIPTION":"MDT_1396244.tif","FILENAME":"U:\\P589_AmazoniaRevelada_BR-319\\LiDAR_dataset\\ENTREGAS\\ENTREGA_07\\2_MDT\\GEOTIFF\\MDT_1396244.tif","SHRT_FNAME":"MDT_1396244.tif","UPPER_LEFT_X":"560969.212","UPPER_LEFT_Y":"9251869.456","LOWER_RIGHT_X":"561971.712","LOWER_RIGHT_Y":"9250867.456"},"geometry":{"type":"Polygon","coordinates":[[[-62.448274196134847,-6.767943497176016],[-62.439202613570352,-6.767933121496336],[-62.439192147491262,-6.776996826883933],[-62.448263899336247,-6.77700721658407],[-62.448274196134847,-6.767943497176016]]]}},
{"type":"Feature","properties":{"DESCRIPTION":"MDT_1396243.tif","FILENAME":"U:\\P589_AmazoniaRevelada_BR-319\\LiDAR_dataset\\ENTREGAS\\ENTREGA_07\\2_MDT\\GEOTIFF\\MDT_1396243.tif","SHRT_FNAME":"MDT_1396243.tif","UPPER_LEFT_X":"559969.212","UPPER_LEFT_Y":"9251869.456","LOWER_RIGHT_X":"560971.712","LOWER_RIGHT_Y":"9250867.456"},"geometry":{"type":"Polygon","coordinates":[[[-62.457323170360262,-6.767953678426063],[-62.448251573716789,-6.767943471511932],[-62.448241276496049,-6.777007190885309],[-62.457313042421319,-6.777017411591846],[-62.457323170360262,-6.767953678426063]]]}},
{"type":"Feature","properties":{"DESCRIPTION":"MDT_1396242.tif","FILENAME":"U:\\P589_AmazoniaRevelada_BR-319\\LiDAR_dataset\\ENTREGAS\\ENTREGA_07\\2_MDT\\GEOTIFF\\MDT_1396242.tif","SHRT_FNAME":"MDT_1396242.tif","UPPER_LEFT_X":"558969.212","UPPER_LEFT_Y":"9251869.456","LOWER_RIGHT_X":"559971.712","LOWER_RIGHT_Y":"9250867.456"},"geometry":{"type":"Polygon","coordinates":[[[-62.466372158398954,-6.767963691330156],[-62.45730054790738,-6.767953653182843],[-62.457290419546283,-6.777017386314515],[-62.466362199320933,-6.777027438026186],[-62.466372158398954,-6.767963691330156]]]}},
{"type":"Feature","properties":{"DESCRIPTION":"MDT_1396241.tif","FILENAME":"U:\\P589_AmazoniaRevelada_BR-319\\LiDAR_dataset\\ENTREGAS\\ENTREGA_07\\2_MDT\\GEOTIFF\\MDT_1396241.tif","SHRT_FNAME":"MDT_1396241.tif","UPPER_LEFT_X":"557969.212","UPPER_LEFT_Y":"9251869.456","LOWER_RIGHT_X":"558971.712","LOWER_RIGHT_Y":"9250867.456"},"geometry":{"type":"Polygon","coordinates":[[[-62.47542116002063,-6.767973535887051],[-62.466349535911824,-6.767963666507804],[-62.466339576411656,-6.77702741317029],[-62.475411369804775,-6.777037295885843],[-62.47542116002063,-6.767973535887051]]]}},
{"type":"Feature","properties":{"DESCRIPTION":"MDT_1396240.tif","FILENAME":"U:\\P589_AmazoniaRevelada_BR-319\\LiDAR_dataset\\ENTREGAS\\ENTREGA_07\\2_MDT\\GEOTIFF\\MDT_1396240.tif","SHRT_FNAME":"MDT_1396240.tif","UPPER_LEFT_X":"556968.712","UPPER_LEFT_Y":"9251869.456","LOWER_RIGHT_X":"557971.712","LOWER_RIGHT_Y":"9250867.456"},"geometry":{"type":"Polygon","coordinates":[[[-62.484474699505768,-6.767983216891523],[-62.475398537499828,-6.767973511485566],[-62.475388746861825,-6.777037271451386],[-62.484465078237733,-6.777046989972072],[-62.484474699505768,-6.767983216891523]]]}},
{"type":"Feature","properties":{"DESCRIPTION":"MDT_1396239.tif","FILENAME":"U:\\P589_AmazoniaRevelada_BR-319\\LiDAR_dataset\\ENTREGAS\\ENTREGA_07\\2_MDT\\GEOTIFF\\MDT_1396239.tif","SHRT_FNAME":"MDT_1396239.tif","UPPER_LEFT_X":"555968.712","UPPER_LEFT_Y":"9251869.456","LOWER_RIGHT_X":"556971.212","LOWER_RIGHT_Y":"9250867.456"},"geometry":{"type":"Polygon","coordinates":[[[-62.493523727608974,-6.767992724666202],[-62.484452076951854,-6.767983192911122],[-62.484442455261657,-6.777046965959268],[-62.493514275205541,-6.777056510594426],[-62.493523727608974,-6.767992724666202]]]}},
{"type":"Feature","properties":{"DESCRIPTION":"MDT_1396238.tif","FILENAME":"U:\\P589_AmazoniaRevelada_BR-319\\LiDAR_dataset\\ENTREGAS\\ENTREGA_07\\2_MDT\\GEOTIFF\\MDT_1396238.tif","SHRT_FNAME":"MDT_1396238.tif","UPPER_LEFT_X":"554968.712","UPPER_LEFT_Y":"9251869.456","LOWER_RIGHT_X":"555971.212","LOWER_RIGHT_Y":"9250867.456"},"geometry":{"type":"Polygon","coordinates":[[[-62.502572768604125,-6.768002064090079],[-62.493501105022546,-6.767992701106676],[-62.493491652196951,-6.777056487003066],[-62.502563485066467,-6.77706586263849],[-62.502572768604125,-6.768002064090079]]]}},
{"type":"Feature","properties":{"DESCRIPTION":"MDT_1396237.tif","FILENAME":"U:\\P589_AmazoniaRevelada_BR-319\\LiDAR_dataset\\ENTREGAS\\ENTREGA_07\\2_MDT\\GEOTIFF\\MDT_1396237.tif","SHRT_FNAME":"MDT_1396237.tif","UPPER_LEFT_X":"553968.712","UPPER_LEFT_Y":"9251869.456","LOWER_RIGHT_X":"554971.212","LOWER_RIGHT_Y":"9250867.456"},"geometry":{"type":"Polygon","coordinates":[[[-62.511621822260906,-6.768011235161993],[-62.502550145985758,-6.768002040951433],[-62.502540862025938,-6.777065839468578],[-62.511612707590196,-6.777075046103103],[-62.511621822260906,-6.768011235161993]]]}},
{"type":"Feature","properties":{"DESCRIPTION":"MDT_1396236.tif","FILENAME":"U:\\P589_AmazoniaRevelada_BR-319\\LiDAR_dataset\\ENTREGAS\\ENTREGA_07\\2_MDT\\GEOTIFF\\MDT_1396236.tif","SHRT_FNAME":"MDT_1396236.tif","UPPER_LEFT_X":"552968.712","UPPER_LEFT_Y":"9251869.456","LOWER_RIGHT_X":"553971.212","LOWER_RIGHT_Y":"9250867.456"},"geometry":{"type":"Polygon","coordinates":[[[-62.520670888348995,-6.768020237880809],[-62.511599199611155,-6.768011212444228],[-62.511590084518289,-6.777075023354639],[-62.520661942546369,-6.777084060987121],[-62.520670888348995,-6.768020237880809]]]}},
{"type":"Feature","properties":{"DESCRIPTION":"MDT_1396235.tif","FILENAME":"U:\\P589_AmazoniaRevelada_BR-319\\LiDAR_dataset\\ENTREGAS\\ENTREGA_07\\2_MDT\\GEOTIFF\\MDT_1396235.tif","SHRT_FNAME":"MDT_1396235.tif","UPPER_LEFT_X":"551968.212","UPPER_LEFT_Y":"9251869.456","LOWER_RIGHT_X":"552971.212","LOWER_RIGHT_Y":"9250867.456"},"geometry":{"type":"Polygon","coordinates":[[[-62.529724491180239,-6.768029076620476],[-62.520648265668463,-6.768020215583928],[-62.520639319443674,-6.777084038660112],[-62.529715714331253,-6.777092911670413],[-62.529724491180239,-6.768029076620476]]]}},
{"type":"Feature","properties":{"DESCRIPTION":"MDT_1396234.tif","FILENAME":"U:\\P589_AmazoniaRevelada_BR-319\\LiDAR_dataset\\ENTREGAS\\ENTREGA_07\\2_MDT\\GEOTIFF\\MDT_1396234.tif","SHRT_FNAME":"MDT_1396234.tif","UPPER_LEFT_X":"550968.212","UPPER_LEFT_Y":"9251869.456","LOWER_RIGHT_X":"551970.712","LOWER_RIGHT_Y":"9250867.456"},"geometry":{"type":"Polygon","coordinates":[[[-62.538773581445938,-6.768037742545579],[-62.529701868469481,-6.768029054744694],[-62.529693091198318,-6.77709288976507],[-62.538764973467259,-6.777101589305619],[-62.538773581445938,-6.768037742545579]]]}},
{"type":"Feature","properties":{"DESCRIPTION":"MDT_1396233.tif","FILENAME":"U:\\P589_AmazoniaRevelada_BR-319\\LiDAR_dataset\\ENTREGAS\\ENTREGA_07\\2_MDT\\GEOTIFF\\MDT_1396233.tif","SHRT_FNAME":"MDT_1396233.tif","UPPER_LEFT_X":"549968.212","UPPER_LEFT_Y":"9251869.456","LOWER_RIGHT_X":"550970.712","LOWER_RIGHT_Y":"9250867.456"},"geometry":{"type":"Polygon","coordinates":[[[-62.547822683451884,-6.76804624011429],[-62.538750958705535,-6.768037721090685],[-62.538742350304695,-6.777101567821733],[-62.547814244344593,-6.777110098356935],[-62.547822683451884,-6.76804624011429]]]}},
{"type":"Feature","properties":{"DESCRIPTION":"MDT_1396232.tif","FILENAME":"U:\\P589_AmazoniaRevelada_BR-319\\LiDAR_dataset\\ENTREGAS\\ENTREGA_07\\2_MDT\\GEOTIFF\\MDT_1396232.tif","SHRT_FNAME":"MDT_1396232.tif","UPPER_LEFT_X":"548968.212","UPPER_LEFT_Y":"9251869.456","LOWER_RIGHT_X":"549970.712","LOWER_RIGHT_Y":"9250867.456"},"geometry":{"type":"Polygon","coordinates":[[[-62.556871796967755,-6.768054569325554],[-62.54780006068242,-6.768046219080288],[-62.547791621152946,-6.777110077294513],[-62.556863526732911,-6.777118438823307],[-62.556871796967755,-6.768054569325554]]]}},
{"type":"Feature","properties":{"DESCRIPTION":"MDT_1396231.tif","FILENAME":"U:\\P589_AmazoniaRevelada_BR-319\\LiDAR_dataset\\ENTREGAS\\ENTREGA_07\\2_MDT\\GEOTIFF\\MDT_1396231.tif","SHRT_FNAME":"MDT_1396231.tif","UPPER_LEFT_X":"547968.212","UPPER_LEFT_Y":"9251869.456","LOWER_RIGHT_X":"548970.712","LOWER_RIGHT_Y":"9250867.456"},"geometry":{"type":"Polygon","coordinates":[[[-62.565920921763244,-6.768062730178336],[-62.556849174169805,-6.768054548712446],[-62.556840903512779,-6.777118418182345],[-62.565912820401877,-6.777126610703698],[-62.565920921763244,-6.768062730178336]]]}},
{"type":"Feature","properties":{"DESCRIPTION":"MDT_1396230.tif","FILENAME":"U:\\P589_AmazoniaRevelada_BR-319\\LiDAR_dataset\\ENTREGAS\\ENTREGA_07\\2_MDT\\GEOTIFF\\MDT_1396230.tif","SHRT_FNAME":"MDT_1396230.tif","UPPER_LEFT_X":"546968.212","UPPER_LEFT_Y":"9251869.456","LOWER_RIGHT_X":"547970.712","LOWER_RIGHT_Y":"9250867.456"},"geometry":{"type":"Polygon","coordinates":[[[-62.574970057608013,-6.768070722671625],[-62.56589829893737,-6.768062709986127],[-62.565890197153827,-6.777126590484203],[-62.574962125121125,-6.777134613997094],[-62.574970057608013,-6.768070722671625]]]}},
{"type":"Feature","properties":{"DESCRIPTION":"MDT_1396229.tif","FILENAME":"U:\\P589_AmazoniaRevelada_BR-319\\LiDAR_dataset\\ENTREGAS\\ENTREGA_07\\2_MDT\\GEOTIFF\\MDT_1396229.tif","SHRT_FNAME":"MDT_1396229.tif","UPPER_LEFT_X":"545967.712","UPPER_LEFT_Y":"9251869.456","LOWER_RIGHT_X":"546970.712","LOWER_RIGHT_Y":"9250867.456"},"geometry":{"type":"Polygon","coordinates":[[[-62.584023728847733,-6.768078550674381],[-62.574947434754812,-6.768070702900314],[-62.574939501845741,-6.777134594199069],[-62.584015965320788,-6.777142452577686],[-62.584023728847733,-6.768078550674381]]]}},
{"type":"Feature","properties":{"DESCRIPTION":"MDT_1396228.tif","FILENAME":"U:\\P589_AmazoniaRevelada_BR-319\\LiDAR_dataset\\ENTREGAS\\ENTREGA_07\\2_MDT\\GEOTIFF\\MDT_1396228.tif","SHRT_FNAME":"MDT_1396228.tif","UPPER_LEFT_X":"544967.712","UPPER_LEFT_Y":"9251869.456","LOWER_RIGHT_X":"545970.212","LOWER_RIGHT_Y":"9250867.456"},"geometry":{"type":"Polygon","coordinates":[[[-62.59307288610534,-6.768086206361542],[-62.584001105967765,-6.768078531324184],[-62.583993342018623,-6.777142433201343],[-62.593065291454842,-6.777150118609836],[-62.59307288610534,-6.768086206361542]]]}},
{"type":"Feature","properties":{"DESCRIPTION":"MDT_1396227.tif","FILENAME":"U:\\P589_AmazoniaRevelada_BR-319\\LiDAR_dataset\\ENTREGAS\\ENTREGA_07\\2_MDT\\GEOTIFF\\MDT_1396227.tif","SHRT_FNAME":"MDT_1396227.tif","UPPER_LEFT_X":"543967.712","UPPER_LEFT_Y":"9251869.456","LOWER_RIGHT_X":"544970.212","LOWER_RIGHT_Y":"9250867.456"},"geometry":{"type":"Polygon","coordinates":[[[-62.602122053721139,-6.768093693686295],[-62.593050263199196,-6.76808618743225],[-62.593042668126493,-6.777150099654967],[-62.602114627948055,-6.777157616052074],[-62.602122053721139,-6.768093693686295]]]}},
{"type":"Feature","properties":{"DESCRIPTION":"MDT_1396226.tif","FILENAME":"U:\\P589_AmazoniaRevelada_BR-319\\LiDAR_dataset\\ENTREGAS\\ENTREGA_07\\2_MDT\\GEOTIFF\\MDT_1396226.tif","SHRT_FNAME":"MDT_1396226.tif","UPPER_LEFT_X":"542967.712","UPPER_LEFT_Y":"9251869.456","LOWER_RIGHT_X":"543970.212","LOWER_RIGHT_Y":"9250867.456"},"geometry":{"type":"Polygon","coordinates":[[[-62.611171231464816,-6.768101012647709],[-62.60209943078938,-6.76809367517791],[-62.602092004594098,-6.77715759751868],[-62.611163974570061,-6.777164944903467],[-62.611171231464816,-6.768101012647709]]]}},
{"type":"Feature","properties":{"DESCRIPTION":"MDT_1396225.tif","FILENAME":"U:\\P589_AmazoniaRevelada_BR-319\\LiDAR_dataset\\ENTREGAS\\ENTREGA_07\\2_MDT\\GEOTIFF\\MDT_1396225.tif","SHRT_FNAME":"MDT_1396225.tif","UPPER_LEFT_X":"541967.712","UPPER_LEFT_Y":"9251869.456","LOWER_RIGHT_X":"542970.212","LOWER_RIGHT_Y":"9250867.456"},"geometry":{"type":"Polygon","coordinates":[[[-62.620220419106019,-6.768108163244873],[-62.611148608508017,-6.768100994560234],[-62.611141351191065,-6.77716492679155],[-62.620213331090511,-6.777172105163101],[-62.620220419106019,-6.768108163244873]]]}},
{"type":"Feature","properties":{"DESCRIPTION":"MDT_1396224.tif","FILENAME":"U:\\P589_AmazoniaRevelada_BR-319\\LiDAR_dataset\\ENTREGAS\\ENTREGA_07\\2_MDT\\GEOTIFF\\MDT_1396224.tif","SHRT_FNAME":"MDT_1396224.tif","UPPER_LEFT_X":"540967.212","UPPER_LEFT_Y":"9251869.456","LOWER_RIGHT_X":"541970.212","LOWER_RIGHT_Y":"9250867.456"},"geometry":{"type":"Polygon","coordinates":[[[-62.629274141015465,-6.768115148925907],[-62.620197796124756,-6.768108145578311],[-62.620190707687051,-6.777172087472666],[-62.629267221964525,-6.777179100283758],[-62.629274141015465,-6.768115148925907]]]}},
{"type":"Feature","properties":{"DESCRIPTION":"MDT_1396223.tif","FILENAME":"U:\\P589_AmazoniaRevelada_BR-319\\LiDAR_dataset\\ENTREGAS\\ENTREGA_07\\2_MDT\\GEOTIFF\\MDT_1396223.tif","SHRT_FNAME":"MDT_1396223.tif","UPPER_LEFT_X":"539967.212","UPPER_LEFT_Y":"9251869.456","LOWER_RIGHT_X":"540969.712","LOWER_RIGHT_Y":"9250867.456"},"geometry":{"type":"Polygon","coordinates":[[[-62.638323347765407,-6.768121962707752],[-62.629251518010314,-6.768115131680467],[-62.629244598537184,-6.777179083015016],[-62.638316597595477,-6.777185923272943],[-62.638323347765407,-6.768121962707752]]]}},
{"type":"Feature","properties":{"DESCRIPTION":"MDT_1396222.tif","FILENAME":"U:\\P589_AmazoniaRevelada_BR-319\\LiDAR_dataset\\ENTREGAS\\ENTREGA_07\\2_MDT\\GEOTIFF\\MDT_1396222.tif","SHRT_FNAME":"MDT_1396222.tif","UPPER_LEFT_X":"538967.212","UPPER_LEFT_Y":"9251869.456","LOWER_RIGHT_X":"539969.712","LOWER_RIGHT_Y":"9250867.456"},"geometry":{"type":"Polygon","coordinates":[[[-62.647372563721781,-6.768128608122747],[-62.638300724736958,-6.76812194588323],[-62.638293974144823,-6.777185906425684],[-62.647365982433698,-6.777192577667765],[-62.647372563721781,-6.768128608122747]]]}},
{"type":"Feature","properties":{"DESCRIPTION":"MDT_1396221.tif","FILENAME":"U:\\P589_AmazoniaRevelada_BR-319\\LiDAR_dataset\\ENTREGAS\\ENTREGA_07\\2_MDT\\GEOTIFF\\MDT_1396221.tif","SHRT_FNAME":"MDT_1396221.tif","UPPER_LEFT_X":"537967.212","UPPER_LEFT_Y":"9251869.456","LOWER_RIGHT_X":"538969.712","LOWER_RIGHT_Y":"9250867.456"},"geometry":{"type":"Polygon","coordinates":[[[-62.656421788654249,-6.768135085170067],[-62.647349940670608,-6.768128591719141],[-62.647343358960313,-6.777192561241995],[-62.656415376248837,-6.777199063467402],[-62.656421788654249,-6.768135085170067]]]}},
{"type":"Feature","properties":{"DESCRIPTION":"MDT_1396220.tif","FILENAME":"U:\\P589_AmazoniaRevelada_BR-319\\LiDAR_dataset\\ENTREGAS\\ENTREGA_07\\2_MDT\\GEOTIFF\\MDT_1396220.tif","SHRT_FNAME":"MDT_1396220.tif","UPPER_LEFT_X":"536967.212","UPPER_LEFT_Y":"9251869.456","LOWER_RIGHT_X":"537969.712","LOWER_RIGHT_Y":"9250867.456"},"geometry":{"type":"Polygon","coordinates":[[[-62.665471022332483,-6.76814139384891],[-62.656399165580915,-6.768135069187382],[-62.656392752753291,-6.77719904746312],[-62.665464778810538,-6.777205380671047],[-62.665471022332483,-6.76814139384891]]]}},
{"type":"Feature","properties":{"DESCRIPTION":"MDT_1396219.tif","FILENAME":"U:\\P589_AmazoniaRevelada_BR-319\\LiDAR_dataset\\ENTREGAS\\ENTREGA_07\\2_MDT\\GEOTIFF\\MDT_1396219.tif","SHRT_FNAME":"MDT_1396219.tif","UPPER_LEFT_X":"535966.712","UPPER_LEFT_Y":"9251869.456","LOWER_RIGHT_X":"536969.712","LOWER_RIGHT_Y":"9250867.456"},"geometry":{"type":"Polygon","coordinates":[[[-62.674524789149309,-6.768147537186531],[-62.665448399237576,-6.768141378287147],[-62.66544215529342,-6.777205365088258],[-62.674518714596068,-6.777211532310051],[-62.674524789149309,-6.768147537186531]]]}},
{"type":"Feature","properties":{"DESCRIPTION":"MDT_1396218.tif","FILENAME":"U:\\P589_AmazoniaRevelada_BR-319\\LiDAR_dataset\\ENTREGAS\\ENTREGA_07\\2_MDT\\GEOTIFF\\MDT_1396218.tif","SHRT_FNAME":"MDT_1396218.tif","UPPER_LEFT_X":"534966.712","UPPER_LEFT_Y":"9251869.456","LOWER_RIGHT_X":"535969.212","LOWER_RIGHT_Y":"9250867.456"},"geometry":{"type":"Polygon","coordinates":[[[-62.68357403963212,-6.768153509041902],[-62.674502166033385,-6.768147522045904],[-62.674496091057932,-6.777211517148963],[-62.683568133963902,-6.77721751223508],[-62.68357403963212,-6.768153509041902]]]}},
{"type":"Feature","properties":{"DESCRIPTION":"MDT_1396217.tif","FILENAME":"U:\\P589_AmazoniaRevelada_BR-319\\LiDAR_dataset\\ENTREGAS\\ENTREGA_07\\2_MDT\\GEOTIFF\\MDT_1396217.tif","SHRT_FNAME":"MDT_1396217.tif","UPPER_LEFT_X":"533966.712","UPPER_LEFT_Y":"9251869.456","LOWER_RIGHT_X":"534969.212","LOWER_RIGHT_Y":"9250867.456"},"geometry":{"type":"Polygon","coordinates":[[[-62.692623298169565,-6.768159312526506],[-62.683551416495774,-6.7681534943222],[-62.683545510405345,-6.777217497495489],[-62.692617561387095,-6.777223323561829],[-62.692623298169565,-6.768159312526506]]]}},
{"type":"Feature","properties":{"DESCRIPTION":"MDT_1396216.tif","FILENAME":"U:\\P589_AmazoniaRevelada_BR-319\\LiDAR_dataset\\ENTREGAS\\ENTREGA_07\\2_MDT\\GEOTIFF\\MDT_1396216.tif","SHRT_FNAME":"MDT_1396216.tif","UPPER_LEFT_X":"532966.712","UPPER_LEFT_Y":"9251869.456","LOWER_RIGHT_X":"533969.212","LOWER_RIGHT_Y":"9250867.456"},"geometry":{"type":"Polygon","coordinates":[[[-62.701672564531307,-6.768164947639625],[-62.692600675013374,-6.768159298227733],[-62.692594937808693,-6.777223309243735],[-62.701666996635311,-6.777228966289574],[-62.701672564531307,-6.768164947639625]]]}},
{"type":"Feature","properties":{"DESCRIPTION":"MDT_1396215.tif","FILENAME":"U:\\P589_AmazoniaRevelada_BR-319\\LiDAR_dataset\\ENTREGAS\\ENTREGA_07\\2_MDT\\GEOTIFF\\MDT_1396215.tif","SHRT_FNAME":"MDT_1396215.tif","UPPER_LEFT_X":"531966.712","UPPER_LEFT_Y":"9251869.456","LOWER_RIGHT_X":"532969.212","LOWER_RIGHT_Y":"9250867.456"},"geometry":{"type":"Polygon","coordinates":[[[-62.71072183848699,-6.768170414380554],[-62.701649941355832,-6.768164933761779],[-62.701644373037617,-6.777228952392977],[-62.710716439478169,-6.777234440417615],[-62.71072183848699,-6.768170414380554]]]}},
{"type":"Feature","properties":{"DESCRIPTION":"MDT_1396214.tif","FILENAME":"U:\\P589_AmazoniaRevelada_BR-319\\LiDAR_dataset\\ENTREGAS\\ENTREGA_07\\2_MDT\\GEOTIFF\\MDT_1396214.tif","SHRT_FNAME":"MDT_1396214.tif","UPPER_LEFT_X":"530966.212","UPPER_LEFT_Y":"9251869.456","LOWER_RIGHT_X":"531969.212","LOWER_RIGHT_Y":"9250867.456"},"geometry":{"type":"Polygon","coordinates":[[[-62.719775644448738,-6.768175715355691],[-62.71069921529282,-6.768170400923642],[-62.710693815861774,-6.777234426942517],[-62.719770414412203,-6.777239748555863],[-62.719775644448738,-6.768175715355691]]]}},
{"type":"Feature","properties":{"DESCRIPTION":"MDT_1396213.tif","FILENAME":"U:\\P589_AmazoniaRevelada_BR-319\\LiDAR_dataset\\ENTREGAS\\ENTREGA_07\\2_MDT\\GEOTIFF\\MDT_1396213.tif","SHRT_FNAME":"MDT_1396213.tif","UPPER_LEFT_X":"529966.212","UPPER_LEFT_Y":"9251869.456","LOWER_RIGHT_X":"530968.712","LOWER_RIGHT_Y":"9250867.456"},"geometry":{"type":"Polygon","coordinates":[[[-62.7288249329048,-6.768180845266047],[-62.719753021236443,-6.768175702319922],[-62.719747790777696,-6.777239735502478],[-62.72881987175677,-6.777244885398174],[-62.7288249329048,-6.768180845266047]]]}},
{"type":"Feature","properties":{"DESCRIPTION":"MDT_1396212.tif","FILENAME":"U:\\P589_AmazoniaRevelada_BR-319\\LiDAR_dataset\\ENTREGAS\\ENTREGA_07\\2_MDT\\GEOTIFF\\MDT_1396212.tif","SHRT_FNAME":"MDT_1396212.tif","UPPER_LEFT_X":"528966.212","UPPER_LEFT_Y":"9251869.456","LOWER_RIGHT_X":"529968.712","LOWER_RIGHT_Y":"9250867.456"},"geometry":{"type":"Polygon","coordinates":[[[-62.737874228263671,-6.768185806802242],[-62.728802309674961,-6.768180832651211],[-62.728797248104705,-6.777244872766293],[-62.737869336004785,-6.777249853638804],[-62.737874228263671,-6.768185806802242]]]}},
{"type":"Feature","properties":{"DESCRIPTION":"MDT_1396211.tif","FILENAME":"U:\\P589_AmazoniaRevelada_BR-319\\LiDAR_dataset\\ENTREGAS\\ENTREGA_07\\2_MDT\\GEOTIFF\\MDT_1396211.tif","SHRT_FNAME":"MDT_1396211.tif","UPPER_LEFT_X":"527966.212","UPPER_LEFT_Y":"9251869.456","LOWER_RIGHT_X":"528968.712","LOWER_RIGHT_Y":"9250867.456"},"geometry":{"type":"Polygon","coordinates":[[[-62.746923530295,-6.768190599963661],[-62.737851605016857,-6.768185794608344],[-62.737846712335752,-6.777249841428429],[-62.746918806925862,-6.777254653277136],[-62.746923530295,-6.768190599963661]]]}},
{"type":"Feature","properties":{"DESCRIPTION":"MDT_1396210.tif","FILENAME":"U:\\P589_AmazoniaRevelada_BR-319\\LiDAR_dataset\\ENTREGAS\\ENTREGA_07\\2_MDT\\GEOTIFF\\MDT_1396210.tif","SHRT_FNAME":"MDT_1396210.tif","UPPER_LEFT_X":"526966.212","UPPER_LEFT_Y":"9251869.456","LOWER_RIGHT_X":"527968.712","LOWER_RIGHT_Y":"9250867.456"},"geometry":{"type":"Polygon","coordinates":[[[-62.755972838768443,-6.768195224749709],[-62.746900907031787,-6.768190588190699],[-62.746896183240423,-6.777254641488268],[-62.755968284289658,-6.777259284312574],[-62.755972838768443,-6.768195224749709]]]}},
{"type":"Feature","properties":{"DESCRIPTION":"MDT_1396209.tif","FILENAME":"U:\\P589_AmazoniaRevelada_BR-319\\LiDAR_dataset\\ENTREGAS\\ENTREGA_07\\2_MDT\\GEOTIFF\\MDT_1396209.tif","SHRT_FNAME":"MDT_1396209.tif","UPPER_LEFT_X":"525966.212","UPPER_LEFT_Y":"9251869.456","LOWER_RIGHT_X":"526968.712","LOWER_RIGHT_Y":"9250867.456"},"geometry":{"type":"Polygon","coordinates":[[[-62.765022153453657,-6.768199681159809],[-62.75595021548942,-6.768195213397686],[-62.755945660588395,-6.777259272945214],[-62.765017767865778,-6.777263746744543],[-62.765022153453657,-6.768199681159809]]]}},
{"type":"Feature","properties":{"DESCRIPTION":"MDT_1396208.tif","FILENAME":"U:\\P589_AmazoniaRevelada_BR-319\\LiDAR_dataset\\ENTREGAS\\ENTREGA_07\\2_MDT\\GEOTIFF\\MDT_1396208.tif","SHRT_FNAME":"MDT_1396208.tif","UPPER_LEFT_X":"524965.712","UPPER_LEFT_Y":"9251869.456","LOWER_RIGHT_X":"525968.712","LOWER_RIGHT_Y":"9250867.456"},"geometry":{"type":"Polygon","coordinates":[[[-62.774075998782088,-6.768203971295311],[-62.764999530159393,-6.768199670228729],[-62.764995144149282,-6.777263735798692],[-62.774071782170118,-6.77726804267723],[-62.774075998782088,-6.768203971295311]]]}},
{"type":"Feature","properties":{"DESCRIPTION":"MDT_1396207.tif","FILENAME":"U:\\P589_AmazoniaRevelada_BR-319\\LiDAR_dataset\\ENTREGAS\\ENTREGA_07\\2_MDT\\GEOTIFF\\MDT_1396207.tif","SHRT_FNAME":"MDT_1396207.tif","UPPER_LEFT_X":"523965.712","UPPER_LEFT_Y":"9251869.456","LOWER_RIGHT_X":"524968.212","LOWER_RIGHT_Y":"9250867.456"},"geometry":{"type":"Polygon","coordinates":[[[-62.783125325202626,-6.768208090867692],[-62.774053375473152,-6.768203960785383],[-62.774049158438942,-6.7772680321531],[-62.783121277482635,-6.777272167816316],[-62.783125325202626,-6.768208090867692]]]}},
{"type":"Feature","properties":{"DESCRIPTION":"MDT_1396206.tif","FILENAME":"U:\\P589_AmazoniaRevelada_BR-319\\LiDAR_dataset\\ENTREGAS\\ENTREGA_07\\2_MDT\\GEOTIFF\\MDT_1396206.tif","SHRT_FNAME":"MDT_1396206.tif","UPPER_LEFT_X":"522965.712","UPPER_LEFT_Y":"9251869.456","LOWER_RIGHT_X":"523968.212","LOWER_RIGHT_Y":"9250867.456"},"geometry":{"type":"Polygon","coordinates":[[[-62.792174657143775,-6.76821204206253],[-62.783102701879592,-6.768208080778708],[-62.783098653737376,-6.777272157713697],[-62.792170778316276,-6.777276124350333],[-62.792174657143775,-6.76821204206253]]]}},
{"type":"Feature","properties":{"DESCRIPTION":"MDT_1396205.tif","FILENAME":"U:\\P589_AmazoniaRevelada_BR-319\\LiDAR_dataset\\ENTREGAS\\ENTREGA_07\\2_MDT\\GEOTIFF\\MDT_1396205.tif","SHRT_FNAME":"MDT_1396205.tif","UPPER_LEFT_X":"521965.712","UPPER_LEFT_Y":"9251869.456","LOWER_RIGHT_X":"522968.212","LOWER_RIGHT_Y":"9250867.456"},"geometry":{"type":"Polygon","coordinates":[[[-62.801223994375178,-6.768215824879333],[-62.79215203380722,-6.76821203239449],[-62.792148154557495,-6.777276114669228],[-62.801220284440667,-6.777279912278789],[-62.801223994375178,-6.768215824879333]]]}},
{"type":"Feature","properties":{"DESCRIPTION":"MDT_1396204.tif","FILENAME":"U:\\P589_AmazoniaRevelada_BR-319\\LiDAR_dataset\\ENTREGAS\\ENTREGA_07\\2_MDT\\GEOTIFF\\MDT_1396204.tif","SHRT_FNAME":"MDT_1396204.tif","UPPER_LEFT_X":"520965.712","UPPER_LEFT_Y":"9251869.456","LOWER_RIGHT_X":"521968.212","LOWER_RIGHT_Y":"9250867.456"},"geometry":{"type":"Polygon","coordinates":[[[-62.810273336666491,-6.768219439317634],[-62.801201371025691,-6.768215815632238],[-62.801197660668954,-6.777279903019199],[-62.81026979562543,-6.777283531601215],[-62.810273336666491,-6.768219439317634]]]}},
{"type":"Feature","properties":{"DESCRIPTION":"MDT_1396203.tif","FILENAME":"U:\\P589_AmazoniaRevelada_BR-319\\LiDAR_dataset\\ENTREGAS\\ENTREGA_07\\2_MDT\\GEOTIFF\\MDT_1396203.tif","SHRT_FNAME":"MDT_1396203.tif","UPPER_LEFT_X":"519965.212","UPPER_LEFT_Y":"9251869.456","LOWER_RIGHT_X":"520968.212","LOWER_RIGHT_Y":"9250867.456"},"geometry":{"type":"Polygon","coordinates":[[[-62.819327208462099,-6.768222887057893],[-62.810250713304647,-6.768219430491484],[-62.810247171841347,-6.77728352276314],[-62.819323836399377,-6.777286984000346],[-62.819327208462099,-6.768222887057893]]]}},
{"type":"Feature","properties":{"DESCRIPTION":"MDT_1396202.tif","FILENAME":"U:\\P589_AmazoniaRevelada_BR-319\\LiDAR_dataset\\ENTREGAS\\ENTREGA_07\\2_MDT\\GEOTIFF\\MDT_1396202.tif","SHRT_FNAME":"MDT_1396202.tif","UPPER_LEFT_X":"518965.212","UPPER_LEFT_Y":"9251869.456","LOWER_RIGHT_X":"519967.712","LOWER_RIGHT_Y":"9250867.456"},"geometry":{"type":"Polygon","coordinates":[[[-62.828376560184431,-6.76822616465367],[-62.81930458508846,-6.768222878652904],[-62.819301212603499,-6.777286975583999],[-62.828373357016019,-6.77729026602508],[-62.828376560184431,-6.76822616465367]]]}},
{"type":"Feature","properties":{"DESCRIPTION":"MDT_1396201.tif","FILENAME":"U:\\P589_AmazoniaRevelada_BR-319\\LiDAR_dataset\\ENTREGAS\\ENTREGA_07\\2_MDT\\GEOTIFF\\MDT_1396201.tif","SHRT_FNAME":"MDT_1396201.tif","UPPER_LEFT_X":"517965.212","UPPER_LEFT_Y":"9251869.456","LOWER_RIGHT_X":"518967.712","LOWER_RIGHT_Y":"9250867.456"},"geometry":{"type":"Polygon","coordinates":[[[-62.837425916275507,-6.768229273869657],[-62.82835393679958,-6.768226156669629],[-62.828350733208936,-6.777290258030249],[-62.83742288200181,-6.777293379442495],[-62.837425916275507,-6.768229273869657]]]}},
{"type":"Feature","properties":{"DESCRIPTION":"MDT_1396200.tif","FILENAME":"U:\\P589_AmazoniaRevelada_BR-319\\LiDAR_dataset\\ENTREGAS\\ENTREGA_07\\2_MDT\\GEOTIFF\\MDT_1396200.tif","SHRT_FNAME":"MDT_1396200.tif","UPPER_LEFT_X":"516965.212","UPPER_LEFT_Y":"9251869.456","LOWER_RIGHT_X":"517967.712","LOWER_RIGHT_Y":"9250867.456"},"geometry":{"type":"Polygon","coordinates":[[[-62.846475276504982,-6.768232214705471],[-62.837403292880026,-6.768229266306568],[-62.83740025818409,-6.777293371869185],[-62.846472411126378,-6.777296324252211],[-62.846475276504982,-6.768232214705471]]]}},
{"type":"Feature","properties":{"DESCRIPTION":"MDT_1396199.tif","FILENAME":"U:\\P589_AmazoniaRevelada_BR-319\\LiDAR_dataset\\ENTREGAS\\ENTREGA_07\\2_MDT\\GEOTIFF\\MDT_1396199.tif","SHRT_FNAME":"MDT_1396199.tif","UPPER_LEFT_X":"515965.212","UPPER_LEFT_Y":"9251869.456","LOWER_RIGHT_X":"516967.712","LOWER_RIGHT_Y":"9250867.456"},"geometry":{"type":"Polygon","coordinates":[[[-62.855524640642486,-6.768234987160746],[-62.846452653099433,-6.768232207563331],[-62.846449787298589,-6.777296317100419],[-62.855521944159328,-6.777299100453854],[-62.855524640642486,-6.768234987160746]]]}},
{"type":"Feature","properties":{"DESCRIPTION":"MDT_1396198.tif","FILENAME":"U:\\P589_AmazoniaRevelada_BR-319\\LiDAR_dataset\\ENTREGAS\\ENTREGA_07\\2_MDT\\GEOTIFF\\MDT_1396198.tif","SHRT_FNAME":"MDT_1396198.tif","UPPER_LEFT_X":"514964.712","UPPER_LEFT_Y":"9251869.456","LOWER_RIGHT_X":"515967.712","LOWER_RIGHT_Y":"9250867.456"},"geometry":{"type":"Polygon","coordinates":[[[-62.864578533142456,-6.76823759249506],[-62.855502017227458,-6.768234980439559],[-62.855499320322068,-6.777299093723586],[-62.864576005639556,-6.77730170930871],[-62.864578533142456,-6.76823759249506]]]}},
{"type":"Feature","properties":{"DESCRIPTION":"MDT_1396197.tif","FILENAME":"U:\\P589_AmazoniaRevelada_BR-319\\LiDAR_dataset\\ENTREGAS\\ENTREGA_07\\2_MDT\\GEOTIFF\\MDT_1396197.tif","SHRT_FNAME":"MDT_1396197.tif","UPPER_LEFT_X":"513964.712","UPPER_LEFT_Y":"9251869.456","LOWER_RIGHT_X":"514967.212","LOWER_RIGHT_Y":"9250867.456"},"geometry":{"type":"Polygon","coordinates":[[[-62.873627904406653,-6.768240028104054],[-62.864555909718526,-6.768237586195034],[-62.864553381793371,-6.777301703000172],[-62.87362554579984,-6.7773041482089],[-62.873627904406653,-6.768240028104054]]]}},
{"type":"Feature","properties":{"DESCRIPTION":"MDT_1396196.tif","FILENAME":"U:\\P589_AmazoniaRevelada_BR-319\\LiDAR_dataset\\ENTREGAS\\ENTREGA_07\\2_MDT\\GEOTIFF\\MDT_1396196.tif","SHRT_FNAME":"MDT_1396196.tif","UPPER_LEFT_X":"512964.712","UPPER_LEFT_Y":"9251869.456","LOWER_RIGHT_X":"513967.212","LOWER_RIGHT_Y":"9250867.456"},"geometry":{"type":"Polygon","coordinates":[[[-62.882677278887698,-6.768242295331539],[-62.873605280974388,-6.768240022224981],[-62.873602921945341,-6.777304142321885],[-62.882675089177297,-6.77730641850005],[-62.882677278887698,-6.768242295331539]]]}},
{"type":"Feature","properties":{"DESCRIPTION":"MDT_1396195.tif","FILENAME":"U:\\P589_AmazoniaRevelada_BR-319\\LiDAR_dataset\\ENTREGAS\\ENTREGA_07\\2_MDT\\GEOTIFF\\MDT_1396195.tif","SHRT_FNAME":"MDT_1396195.tif","UPPER_LEFT_X":"511964.712","UPPER_LEFT_Y":"9251869.456","LOWER_RIGHT_X":"512967.212","LOWER_RIGHT_Y":"9250867.456"},"geometry":{"type":"Polygon","coordinates":[[[-62.891726656355253,-6.768244394177233],[-62.882654655447674,-6.768242289873422],[-62.882652465315033,-6.777306413034557],[-62.891724635541522,-6.777308520181877],[-62.891726656355253,-6.768244394177233]]]}},
{"type":"Feature","properties":{"DESCRIPTION":"MDT_1396194.tif","FILENAME":"U:\\P589_AmazoniaRevelada_BR-319\\LiDAR_dataset\\ENTREGAS\\ENTREGA_07\\2_MDT\\GEOTIFF\\MDT_1396194.tif","SHRT_FNAME":"MDT_1396194.tif","UPPER_LEFT_X":"510964.712","UPPER_LEFT_Y":"9251869.456","LOWER_RIGHT_X":"511967.212","LOWER_RIGHT_Y":"9250867.456"},"geometry":{"type":"Polygon","coordinates":[[[-62.900776036578954,-6.768246324640876],[-62.891704032908059,-6.768244389140071],[-62.891702011672081,-6.777308515137908],[-62.900774184662168,-6.777310453254121],[-62.900776036578954,-6.768246324640876]]]}},
{"type":"Feature","properties":{"DESCRIPTION":"MDT_1396193.tif","FILENAME":"U:\\P589_AmazoniaRevelada_BR-319\\LiDAR_dataset\\ENTREGAS\\ENTREGA_07\\2_MDT\\GEOTIFF\\MDT_1396193.tif","SHRT_FNAME":"MDT_1396193.tif","UPPER_LEFT_X":"509964.712","UPPER_LEFT_Y":"9251869.456","LOWER_RIGHT_X":"510967.212","LOWER_RIGHT_Y":"9250867.456"},"geometry":{"type":"Polygon","coordinates":[[[-62.909825419328463,-6.768248086722227],[-62.900753413125152,-6.768246320024669],[-62.900751560786112,-6.777310448631676],[-62.90982373630883,-6.777312217716543],[-62.909825419328463,-6.768248086722227]]]}}
]
}
