{
"type": "FeatureCollection",
"name": "Entrega_02_limite_ficheiros",
"crs": { "type": "name", "properties": { "name": "urn:ogc:def:crs:OGC:1.3:CRS84" } },
"features": [
{"type":"Feature","properties":{"DESCRIPTION":"MDT_1438107.tif","FILENAME":"U:\\P589_AmazoniaRevelada_BR-319\\LiDAR_dataset\\ENTREGAS\\ENTREGA_02\\2_MDT\\GEOTIFF\\MDT_1438107.tif","SHRT_FNAME":"MDT_1438107.tif","UPPER_LEFT_X":"423956.525","UPPER_LEFT_Y":"9209874.699","LOWER_RIGHT_X":"424958.525","LOWER_RIGHT_Y":"9208872.699"},"geometry":{"type":"Polygon","coordinates":[[[-63.688683910144633,-7.147625771896392],[-63.679609785376378,-7.147639238217913],[-63.679623187026394,-7.156702593669521],[-63.688697490698743,-7.156689110100685],[-63.688683910144633,-7.147625771896392]]]}},
{"type":"Feature","properties":{"DESCRIPTION":"MDT_1438108.tif","FILENAME":"U:\\P589_AmazoniaRevelada_BR-319\\LiDAR_dataset\\ENTREGAS\\ENTREGA_02\\2_MDT\\GEOTIFF\\MDT_1438108.tif","SHRT_FNAME":"MDT_1438108.tif","UPPER_LEFT_X":"424956.620","UPPER_LEFT_Y":"9209874.699","LOWER_RIGHT_X":"425958.620","LOWER_RIGHT_Y":"9208872.699"},"geometry":{"type":"Polygon","coordinates":[[[-63.67962703528277,-7.147639212787882],[-63.670552893125212,-7.147652500872159],[-63.670566116209564,-7.156715873310232],[-63.67964043727288,-7.156702568206918],[-63.67962703528277,-7.147639212787882]]]}},
{"type":"Feature","properties":{"DESCRIPTION":"MDT_1438109.tif","FILENAME":"U:\\P589_AmazoniaRevelada_BR-319\\LiDAR_dataset\\ENTREGAS\\ENTREGA_02\\2_MDT\\GEOTIFF\\MDT_1438109.tif","SHRT_FNAME":"MDT_1438109.tif","UPPER_LEFT_X":"425956.715","UPPER_LEFT_Y":"9209874.699","LOWER_RIGHT_X":"426958.715","LOWER_RIGHT_Y":"9208872.699"},"geometry":{"type":"Polygon","coordinates":[[[-63.670570143064438,-7.147652475780958],[-63.661495983749312,-7.14766558562634],[-63.661509028266309,-7.15672897482303],[-63.670583366488891,-7.156715848186895],[-63.670570143064438,-7.147652475780958]]]}},
{"type":"Feature","properties":{"DESCRIPTION":"MDT_1438110.tif","FILENAME":"U:\\P589_AmazoniaRevelada_BR-319\\LiDAR_dataset\\ENTREGAS\\ENTREGA_02\\2_MDT\\GEOTIFF\\MDT_1438110.tif","SHRT_FNAME":"MDT_1438110.tif","UPPER_LEFT_X":"426956.810","UPPER_LEFT_Y":"9209874.699","LOWER_RIGHT_X":"427958.810","LOWER_RIGHT_Y":"9208872.699"},"geometry":{"type":"Polygon","coordinates":[[[-63.661513233720939,-7.147665560873973],[-63.65243905747991,-7.147678492478832],[-63.65245192342794,-7.156741898206286],[-63.661526278578044,-7.15672895003896],[-63.661513233720939,-7.147665560873973]]]}},
{"type":"Feature","properties":{"DESCRIPTION":"MDT_1438111.tif","FILENAME":"U:\\P589_AmazoniaRevelada_BR-319\\LiDAR_dataset\\ENTREGAS\\ENTREGA_02\\2_MDT\\GEOTIFF\\MDT_1438111.tif","SHRT_FNAME":"MDT_1438111.tif","UPPER_LEFT_X":"427956.906","UPPER_LEFT_Y":"9209874.699","LOWER_RIGHT_X":"428958.906","LOWER_RIGHT_Y":"9208872.699"},"geometry":{"type":"Polygon","coordinates":[[[-63.652456307483483,-7.1476784680653],[-63.643382114548274,-7.147691221428028],[-63.643394801925702,-7.156754643458394],[-63.652469173771614,-7.156741873761486],[-63.652456307483483,-7.1476784680653]]]}},
{"type":"Feature","properties":{"DESCRIPTION":"MDT_1438112.tif","FILENAME":"U:\\P589_AmazoniaRevelada_BR-319\\LiDAR_dataset\\ENTREGAS\\ENTREGA_02\\2_MDT\\GEOTIFF\\MDT_1438112.tif","SHRT_FNAME":"MDT_1438112.tif","UPPER_LEFT_X":"428957.001","UPPER_LEFT_Y":"9209874.699","LOWER_RIGHT_X":"429959.001","LOWER_RIGHT_Y":"9208872.699"},"geometry":{"type":"Polygon","coordinates":[[[-63.64339936458336,-7.147691197353335],[-63.63432515518565,-7.147703772472346],[-63.634337663990898,-7.15676721057777],[-63.643412052300903,-7.156754619352867],[-63.64339936458336,-7.147691197353335]]]}},
{"type":"Feature","properties":{"DESCRIPTION":"MDT_1438113.tif","FILENAME":"U:\\P589_AmazoniaRevelada_BR-319\\LiDAR_dataset\\ENTREGAS\\ENTREGA_02\\2_MDT\\GEOTIFF\\MDT_1438113.tif","SHRT_FNAME":"MDT_1438113.tif","UPPER_LEFT_X":"429957.096","UPPER_LEFT_Y":"9209874.699","LOWER_RIGHT_X":"430959.096","LOWER_RIGHT_Y":"9208872.699"},"geometry":{"type":"Polygon","coordinates":[[[-63.634342405251815,-7.147703748736496],[-63.625268179623305,-7.147716145610227],[-63.625280509854811,-7.15677959956285],[-63.634354914397186,-7.156767186811519],[-63.634342405251815,-7.147703748736496]]]}},
{"type":"Feature","properties":{"DESCRIPTION":"MDT_1438114.tif","FILENAME":"U:\\P589_AmazoniaRevelada_BR-319\\LiDAR_dataset\\ENTREGAS\\ENTREGA_02\\2_MDT\\GEOTIFF\\MDT_1438114.tif","SHRT_FNAME":"MDT_1438114.tif","UPPER_LEFT_X":"430957.191","UPPER_LEFT_Y":"9209874.699","LOWER_RIGHT_X":"431959.191","LOWER_RIGHT_Y":"9208872.699"},"geometry":{"type":"Polygon","coordinates":[[[-63.625285429720108,-7.147716122213222],[-63.616211188092514,-7.147728340840134],[-63.616223339748707,-7.156791810412098],[-63.62529776029173,-7.15677957613588],[-63.625285429720108,-7.147716122213222]]]}},
{"type":"Feature","properties":{"DESCRIPTION":"MDT_1438115.tif","FILENAME":"U:\\P589_AmazoniaRevelada_BR-319\\LiDAR_dataset\\ENTREGAS\\ENTREGA_02\\2_MDT\\GEOTIFF\\MDT_1438115.tif","SHRT_FNAME":"MDT_1438115.tif","UPPER_LEFT_X":"431957.286","UPPER_LEFT_Y":"9209874.699","LOWER_RIGHT_X":"432959.286","LOWER_RIGHT_Y":"9208872.699"},"geometry":{"type":"Polygon","coordinates":[[[-63.616228438219501,-7.147728317781976],[-63.607154180824516,-7.147740358160548],[-63.60716615390389,-7.156803843123992],[-63.616240590215831,-7.156791787324408],[-63.616228438219501,-7.147728317781976]]]}},
{"type":"Feature","properties":{"DESCRIPTION":"MDT_1438116.tif","FILENAME":"U:\\P589_AmazoniaRevelada_BR-319\\LiDAR_dataset\\ENTREGAS\\ENTREGA_02\\2_MDT\\GEOTIFF\\MDT_1438116.tif","SHRT_FNAME":"MDT_1438116.tif","UPPER_LEFT_X":"432957.382","UPPER_LEFT_Y":"9209874.699","LOWER_RIGHT_X":"433959.382","LOWER_RIGHT_Y":"9208872.699"},"geometry":{"type":"Polygon","coordinates":[[[-63.607171430981261,-7.147740335441243],[-63.598097158050599,-7.147752197569978],[-63.598108952551648,-7.156815697697041],[-63.607183404400764,-7.15680382037559],[-63.607171430981261,-7.147740335441243]]]}},
{"type":"Feature","properties":{"DESCRIPTION":"MDT_1438117.tif","FILENAME":"U:\\P589_AmazoniaRevelada_BR-319\\LiDAR_dataset\\ENTREGAS\\ENTREGA_02\\2_MDT\\GEOTIFF\\MDT_1438117.tif","SHRT_FNAME":"MDT_1438117.tif","UPPER_LEFT_X":"433957.477","UPPER_LEFT_Y":"9209874.699","LOWER_RIGHT_X":"434959.477","LOWER_RIGHT_Y":"9208872.699"},"geometry":{"type":"Polygon","coordinates":[[[-63.598114408236661,-7.147752175189527],[-63.589040120002032,-7.147763859066953],[-63.58905173592327,-7.156827374129765],[-63.59812620307784,-7.156815675287924],[-63.598114408236661,-7.147752175189527]]]}},
{"type":"Feature","properties":{"DESCRIPTION":"MDT_1438118.tif","FILENAME":"U:\\P589_AmazoniaRevelada_BR-319\\LiDAR_dataset\\ENTREGAS\\ENTREGA_02\\2_MDT\\GEOTIFF\\MDT_1438118.tif","SHRT_FNAME":"MDT_1438118.tif","UPPER_LEFT_X":"434957.572","UPPER_LEFT_Y":"9209874.699","LOWER_RIGHT_X":"435959.572","LOWER_RIGHT_Y":"9208872.699"},"geometry":{"type":"Polygon","coordinates":[[[-63.58905737021697,-7.147763837025359],[-63.579983066910074,-7.147775342650022],[-63.579994504250053,-7.15683887242072],[-63.589068986478338,-7.156827352059941],[-63.58905737021697,-7.147763837025359]]]}},
{"type":"Feature","properties":{"DESCRIPTION":"MDT_1438119.tif","FILENAME":"U:\\P589_AmazoniaRevelada_BR-319\\LiDAR_dataset\\ENTREGAS\\ENTREGA_02\\2_MDT\\GEOTIFF\\MDT_1438119.tif","SHRT_FNAME":"MDT_1438119.tif","UPPER_LEFT_X":"435957.667","UPPER_LEFT_Y":"9209874.699","LOWER_RIGHT_X":"436959.667","LOWER_RIGHT_Y":"9208872.699"},"geometry":{"type":"Polygon","coordinates":[[[-63.580000317153441,-7.147775320947286],[-63.570925999006015,-7.147786648317756],[-63.570937257763291,-7.15685019256847],[-63.580011754833556,-7.156838850690187],[-63.580000317153441,-7.147775320947286]]]}},
{"type":"Feature","properties":{"DESCRIPTION":"MDT_1438120.tif","FILENAME":"U:\\P589_AmazoniaRevelada_BR-319\\LiDAR_dataset\\ENTREGAS\\ENTREGA_02\\2_MDT\\GEOTIFF\\MDT_1438120.tif","SHRT_FNAME":"MDT_1438120.tif","UPPER_LEFT_X":"436957.762","UPPER_LEFT_Y":"9209874.699","LOWER_RIGHT_X":"437959.762","LOWER_RIGHT_Y":"9208872.699"},"geometry":{"type":"Polygon","coordinates":[[[-63.570943249277377,-7.147786626953883],[-63.561868916521114,-7.147797776068754],[-63.56187999669428,-7.156861334571612],[-63.570954508374783,-7.156850171177235],[-63.570943249277377,-7.147786626953883]]]}},
{"type":"Feature","properties":{"DESCRIPTION":"MDT_1438121.tif","FILENAME":"U:\\P589_AmazoniaRevelada_BR-319\\LiDAR_dataset\\ENTREGAS\\ENTREGA_02\\2_MDT\\GEOTIFF\\MDT_1438121.tif","SHRT_FNAME":"MDT_1438121.tif","UPPER_LEFT_X":"437957.858","UPPER_LEFT_Y":"9209874.699","LOWER_RIGHT_X":"438959.858","LOWER_RIGHT_Y":"9208872.699"},"geometry":{"type":"Polygon","coordinates":[[[-63.561886166820024,-7.147797755043745],[-63.552811819686646,-7.147808725901628],[-63.55282272127431,-7.156872298428761],[-63.561897247333327,-7.156861313519675],[-63.561886166820024,-7.147797755043745]]]}},
{"type":"Feature","properties":{"DESCRIPTION":"MDT_1438122.tif","FILENAME":"U:\\P589_AmazoniaRevelada_BR-319\\LiDAR_dataset\\ENTREGAS\\ENTREGA_02\\2_MDT\\GEOTIFF\\MDT_1438122.tif","SHRT_FNAME":"MDT_1438122.tif","UPPER_LEFT_X":"438957.953","UPPER_LEFT_Y":"9209874.699","LOWER_RIGHT_X":"439959.953","LOWER_RIGHT_Y":"9208872.699"},"geometry":{"type":"Polygon","coordinates":[[[-63.552829070012663,-7.147808705215486],[-63.543754708733907,-7.14781949781502],[-63.543765431734691,-7.156883084138552],[-63.552839971940472,-7.156872277716125],[-63.552829070012663,-7.147808705215486]]]}},
{"type":"Feature","properties":{"DESCRIPTION":"MDT_1438123.tif","FILENAME":"U:\\P589_AmazoniaRevelada_BR-319\\LiDAR_dataset\\ENTREGAS\\ENTREGA_02\\2_MDT\\GEOTIFF\\MDT_1438123.tif","SHRT_FNAME":"MDT_1438123.tif","UPPER_LEFT_X":"439958.048","UPPER_LEFT_Y":"9209874.699","LOWER_RIGHT_X":"440960.048","LOWER_RIGHT_Y":"9208872.699"},"geometry":{"type":"Polygon","coordinates":[[[-63.543771959086598,-7.147819477467751],[-63.534697583894157,-7.147830091807593],[-63.53470812830674,-7.156893691699644],[-63.543782682427533,-7.156883063765219],[-63.543771959086598,-7.147819477467751]]]}},
{"type":"Feature","properties":{"DESCRIPTION":"MDT_1438124.tif","FILENAME":"U:\\P589_AmazoniaRevelada_BR-319\\LiDAR_dataset\\ENTREGAS\\ENTREGA_02\\2_MDT\\GEOTIFF\\MDT_1438124.tif","SHRT_FNAME":"MDT_1438124.tif","UPPER_LEFT_X":"440958.143","UPPER_LEFT_Y":"9209874.699","LOWER_RIGHT_X":"441960.143","LOWER_RIGHT_Y":"9208872.699"},"geometry":{"type":"Polygon","coordinates":[[[-63.534714834273089,-7.147830071799192],[-63.5256404453987,-7.147840507878024],[-63.525650811221738,-7.156904121110722],[-63.534725379025794,-7.156893671665619],[-63.534714834273089,-7.147830071799192]]]}},
{"type":"Feature","properties":{"DESCRIPTION":"MDT_1438125.tif","FILENAME":"U:\\P589_AmazoniaRevelada_BR-319\\LiDAR_dataset\\ENTREGAS\\ENTREGA_02\\2_MDT\\GEOTIFF\\MDT_1438125.tif","SHRT_FNAME":"MDT_1438125.tif","UPPER_LEFT_X":"441958.238","UPPER_LEFT_Y":"9209874.699","LOWER_RIGHT_X":"442960.238","LOWER_RIGHT_Y":"9208872.699"},"geometry":{"type":"Polygon","coordinates":[[[-63.525657695803403,-7.147840488208501],[-63.516583293478803,-7.147850746025024],[-63.516593480711002,-7.156914372370487],[-63.525668061966591,-7.156904101416005],[-63.525657695803403,-7.147840488208501]]]}},
{"type":"Feature","properties":{"DESCRIPTION":"MDT_1438126.tif","FILENAME":"U:\\P589_AmazoniaRevelada_BR-319\\LiDAR_dataset\\ENTREGAS\\ENTREGA_02\\2_MDT\\GEOTIFF\\MDT_1438126.tif","SHRT_FNAME":"MDT_1438126.tif","UPPER_LEFT_X":"442958.334","UPPER_LEFT_Y":"9209874.699","LOWER_RIGHT_X":"443960.334","LOWER_RIGHT_Y":"9208872.699"},"geometry":{"type":"Polygon","coordinates":[[[-63.516600543908865,-7.147850726694377],[-63.507526128365768,-7.147860806247315],[-63.507536137005836,-7.156924445477664],[-63.516610731481215,-7.156914353015082],[-63.516600543908865,-7.147850726694377]]]}},
{"type":"Feature","properties":{"DESCRIPTION":"MDT_1438127.tif","FILENAME":"U:\\P589_AmazoniaRevelada_BR-319\\LiDAR_dataset\\ENTREGAS\\ENTREGA_02\\2_MDT\\GEOTIFF\\MDT_1438127.tif","SHRT_FNAME":"MDT_1438127.tif","UPPER_LEFT_X":"443958.429","UPPER_LEFT_Y":"9209874.699","LOWER_RIGHT_X":"444960.429","LOWER_RIGHT_Y":"9208872.699"},"geometry":{"type":"Polygon","coordinates":[[[-63.507543378820728,-7.14786078725555],[-63.498468950290864,-7.147870688543653],[-63.498478780337571,-7.156934340431002],[-63.507553387800961,-7.156924426461574],[-63.507543378820728,-7.14786078725555]]]}},
{"type":"Feature","properties":{"DESCRIPTION":"MDT_1438128.tif","FILENAME":"U:\\P589_AmazoniaRevelada_BR-319\\LiDAR_dataset\\ENTREGAS\\ENTREGA_02\\2_MDT\\GEOTIFF\\MDT_1438128.tif","SHRT_FNAME":"MDT_1438128.tif","UPPER_LEFT_X":"444958.524","UPPER_LEFT_Y":"9209874.699","LOWER_RIGHT_X":"445960.524","LOWER_RIGHT_Y":"9208872.699"},"geometry":{"type":"Polygon","coordinates":[[[-63.498486200770301,-7.147870669890769],[-63.4894117594854,-7.147880392912804],[-63.489421410937481,-7.156944057229272],[-63.498496031157146,-7.156934321754228],[-63.498486200770301,-7.147870669890769]]]}},
{"type":"Feature","properties":{"DESCRIPTION":"MDT_1438129.tif","FILENAME":"U:\\P589_AmazoniaRevelada_BR-319\\LiDAR_dataset\\ENTREGAS\\ENTREGA_02\\2_MDT\\GEOTIFF\\MDT_1438129.tif","SHRT_FNAME":"MDT_1438129.tif","UPPER_LEFT_X":"445958.619","UPPER_LEFT_Y":"9209874.699","LOWER_RIGHT_X":"446960.619","LOWER_RIGHT_Y":"9208872.699"},"geometry":{"type":"Polygon","coordinates":[[[-63.489429009988854,-7.147880374598806],[-63.480354556180643,-7.147889919353566],[-63.480364029036906,-7.156953595871266],[-63.489438661781101,-7.156944038891818],[-63.489429009988854,-7.147880374598806]]]}},
{"type":"Feature","properties":{"DESCRIPTION":"MDT_1438130.tif","FILENAME":"U:\\P589_AmazoniaRevelada_BR-319\\LiDAR_dataset\\ENTREGAS\\ENTREGA_02\\2_MDT\\GEOTIFF\\MDT_1438130.tif","SHRT_FNAME":"MDT_1438130.tif","UPPER_LEFT_X":"446958.714","UPPER_LEFT_Y":"9209874.699","LOWER_RIGHT_X":"447960.714","LOWER_RIGHT_Y":"9208872.699"},"geometry":{"type":"Polygon","coordinates":[[[-63.48037180670768,-7.147889901378451],[-63.471297340607897,-7.147899267864752],[-63.471306634867169,-7.156962956355796],[-63.480381279904115,-7.15695357787313],[-63.48037180670768,-7.147889901378451]]]}},
{"type":"Feature","properties":{"DESCRIPTION":"MDT_1438131.tif","FILENAME":"U:\\P589_AmazoniaRevelada_BR-319\\LiDAR_dataset\\ENTREGAS\\ENTREGA_02\\2_MDT\\GEOTIFF\\MDT_1438131.tif","SHRT_FNAME":"MDT_1438131.tif","UPPER_LEFT_X":"447958.810","UPPER_LEFT_Y":"9209874.699","LOWER_RIGHT_X":"448960.810","LOWER_RIGHT_Y":"9208872.699"},"geometry":{"type":"Polygon","coordinates":[[[-63.471314591158098,-7.147899250228527],[-63.462240112998465,-7.1479084384452],[-63.462249228659566,-7.1569721386817],[-63.471323885757521,-7.156962938696984],[-63.471314591158098,-7.147899250228527]]]}},
{"type":"Feature","properties":{"DESCRIPTION":"MDT_1438132.tif","FILENAME":"U:\\P589_AmazoniaRevelada_BR-319\\LiDAR_dataset\\ENTREGAS\\ENTREGA_02\\2_MDT\\GEOTIFF\\MDT_1438132.tif","SHRT_FNAME":"MDT_1438132.tif","UPPER_LEFT_X":"448958.905","UPPER_LEFT_Y":"9209874.699","LOWER_RIGHT_X":"449960.905","LOWER_RIGHT_Y":"9208872.699"},"geometry":{"type":"Polygon","coordinates":[[[-63.462257363571368,-7.147908421147868],[-63.453182873583636,-7.147917431093772],[-63.453191810645407,-7.156981142847836],[-63.462266479572619,-7.156972121362213],[-63.462257363571368,-7.147908421147868]]]}},
{"type":"Feature","properties":{"DESCRIPTION":"MDT_1438133.tif","FILENAME":"U:\\P589_AmazoniaRevelada_BR-319\\LiDAR_dataset\\ENTREGAS\\ENTREGA_02\\2_MDT\\GEOTIFF\\MDT_1438133.tif","SHRT_FNAME":"MDT_1438133.tif","UPPER_LEFT_X":"449959.000","UPPER_LEFT_Y":"9209874.699","LOWER_RIGHT_X":"450961.000","LOWER_RIGHT_Y":"9208872.699"},"geometry":{"type":"Polygon","coordinates":[[[-63.453200124178807,-7.147917414135333],[-63.444125622594711,-7.147926245809348],[-63.444134381056045,-7.156989968853086],[-63.453209061580743,-7.156981125867676],[-63.453200124178807,-7.147917414135333]]]}},
{"type":"Feature","properties":{"DESCRIPTION":"MDT_1438134.tif","FILENAME":"U:\\P589_AmazoniaRevelada_BR-319\\LiDAR_dataset\\ENTREGAS\\ENTREGA_02\\2_MDT\\GEOTIFF\\MDT_1438134.tif","SHRT_FNAME":"MDT_1438134.tif","UPPER_LEFT_X":"450959.095","UPPER_LEFT_Y":"9209874.699","LOWER_RIGHT_X":"451961.095","LOWER_RIGHT_Y":"9208872.699"},"geometry":{"type":"Polygon","coordinates":[[[-63.444142873211696,-7.147926229189804],[-63.435068360262981,-7.147934882590833],[-63.435076940122777,-7.156998616696352],[-63.444151632013195,-7.156989952212257],[-63.444142873211696,-7.147926229189804]]]}},
{"type":"Feature","properties":{"DESCRIPTION":"MDT_1438135.tif","FILENAME":"U:\\P589_AmazoniaRevelada_BR-319\\LiDAR_dataset\\ENTREGAS\\ENTREGA_02\\2_MDT\\GEOTIFF\\MDT_1438135.tif","SHRT_FNAME":"MDT_1438135.tif","UPPER_LEFT_X":"451959.190","UPPER_LEFT_Y":"9209874.699","LOWER_RIGHT_X":"452961.190","LOWER_RIGHT_Y":"9208872.699"},"geometry":{"type":"Polygon","coordinates":[[[-63.435085610901353,-7.147934866310186],[-63.426011086819756,-7.147943341437152],[-63.426019488076925,-7.157007086376557],[-63.435094191101314,-7.156998600394854],[-63.435085610901353,-7.147934866310186]]]}},
{"type":"Feature","properties":{"DESCRIPTION":"MDT_1438136.tif","FILENAME":"U:\\P589_AmazoniaRevelada_BR-319\\LiDAR_dataset\\ENTREGAS\\ENTREGA_02\\2_MDT\\GEOTIFF\\MDT_1438136.tif","SHRT_FNAME":"MDT_1438136.tif","UPPER_LEFT_X":"452959.286","UPPER_LEFT_Y":"9209874.699","LOWER_RIGHT_X":"453961.286","LOWER_RIGHT_Y":"9208872.699"},"geometry":{"type":"Polygon","coordinates":[[[-63.426028337479067,-7.147943325495408],[-63.416953802496323,-7.147951622347258],[-63.416962025149829,-7.157015377892652],[-63.426036739076416,-7.157007070414393],[-63.426028337479067,-7.147943325495408]]]}},
{"type":"Feature","properties":{"DESCRIPTION":"MDT_1438137.tif","FILENAME":"U:\\P589_AmazoniaRevelada_BR-319\\LiDAR_dataset\\ENTREGAS\\ENTREGA_02\\2_MDT\\GEOTIFF\\MDT_1438137.tif","SHRT_FNAME":"MDT_1438137.tif","UPPER_LEFT_X":"453959.381","UPPER_LEFT_Y":"9209874.699","LOWER_RIGHT_X":"454961.381","LOWER_RIGHT_Y":"9208872.699"},"geometry":{"type":"Polygon","coordinates":[[[-63.416971053176148,-7.147951606744414],[-63.407896507524001,-7.147959725320118],[-63.407904551572805,-7.157023491243605],[-63.416979276169812,-7.157015362269824],[-63.416971053176148,-7.147951606744414]]]}},
{"type":"Feature","properties":{"DESCRIPTION":"MDT_1438138.tif","FILENAME":"U:\\P589_AmazoniaRevelada_BR-319\\LiDAR_dataset\\ENTREGAS\\ENTREGA_02\\2_MDT\\GEOTIFF\\MDT_1438138.tif","SHRT_FNAME":"MDT_1438138.tif","UPPER_LEFT_X":"454959.476","UPPER_LEFT_Y":"9209874.699","LOWER_RIGHT_X":"455961.476","LOWER_RIGHT_Y":"9208872.699"},"geometry":{"type":"Polygon","coordinates":[[[-63.40791375822387,-7.147959710056178],[-63.398839202134084,-7.147967650354726],[-63.398847067577179,-7.157031426428405],[-63.407921802612854,-7.157023475960113],[-63.40791375822387,-7.147959710056178]]]}},
{"type":"Feature","properties":{"DESCRIPTION":"MDT_1438139.tif","FILENAME":"U:\\P589_AmazoniaRevelada_BR-319\\LiDAR_dataset\\ENTREGAS\\ENTREGA_02\\2_MDT\\GEOTIFF\\MDT_1438139.tif","SHRT_FNAME":"MDT_1438139.tif","UPPER_LEFT_X":"455959.571","UPPER_LEFT_Y":"9209874.699","LOWER_RIGHT_X":"456961.571","LOWER_RIGHT_Y":"9208872.699"},"geometry":{"type":"Polygon","coordinates":[[[-63.398856452853579,-7.14796763542969],[-63.389781886557877,-7.147975397450096],[-63.389789573394275,-7.157039183446069],[-63.398864318636846,-7.157031411484253],[-63.398856452853579,-7.14796763542969]]]}},
{"type":"Feature","properties":{"DESCRIPTION":"MDT_1438140.tif","FILENAME":"U:\\P589_AmazoniaRevelada_BR-319\\LiDAR_dataset\\ENTREGAS\\ENTREGA_02\\2_MDT\\GEOTIFF\\MDT_1438140.tif","SHRT_FNAME":"MDT_1438140.tif","UPPER_LEFT_X":"456959.666","UPPER_LEFT_Y":"9209874.699","LOWER_RIGHT_X":"457961.666","LOWER_RIGHT_Y":"9208872.699"},"geometry":{"type":"Polygon","coordinates":[[[-63.389799137296563,-7.147975382863968],[-63.380724561026703,-7.147982966605264],[-63.38073206925543,-7.15704676229563],[-63.389806824473141,-7.157039168841259],[-63.389799137296563,-7.147975382863968]]]}},
{"type":"Feature","properties":{"DESCRIPTION":"MDT_1438141.tif","FILENAME":"U:\\P589_AmazoniaRevelada_BR-319\\LiDAR_dataset\\ENTREGAS\\ENTREGA_02\\2_MDT\\GEOTIFF\\MDT_1438141.tif","SHRT_FNAME":"MDT_1438141.tif","UPPER_LEFT_X":"457959.762","UPPER_LEFT_Y":"9209874.699","LOWER_RIGHT_X":"458961.762","LOWER_RIGHT_Y":"9208872.699"},"geometry":{"type":"Polygon","coordinates":[[[-63.380741811784119,-7.147982952358046],[-63.371667225771859,-7.147990357819292],[-63.371674555391976,-7.157054162976148],[-63.380749320353033,-7.157046748030163],[-63.380741811784119,-7.147982952358046]]]}},
{"type":"Feature","properties":{"DESCRIPTION":"MDT_1438142.tif","FILENAME":"U:\\P589_AmazoniaRevelada_BR-319\\LiDAR_dataset\\ENTREGAS\\ENTREGA_02\\2_MDT\\GEOTIFF\\MDT_1438142.tif","SHRT_FNAME":"MDT_1438142.tif","UPPER_LEFT_X":"458959.857","UPPER_LEFT_Y":"9209874.699","LOWER_RIGHT_X":"459961.857","LOWER_RIGHT_Y":"9208872.699"},"geometry":{"type":"Polygon","coordinates":[[[-63.371684476547578,-7.147990343910983],[-63.362609881024639,-7.147997571091262],[-63.362617032035239,-7.157061385486702],[-63.371691806507876,-7.157054149050026],[-63.371684476547578,-7.147990343910983]]]}},
{"type":"Feature","properties":{"DESCRIPTION":"MDT_1438143.tif","FILENAME":"U:\\P589_AmazoniaRevelada_BR-319\\LiDAR_dataset\\ENTREGAS\\ENTREGA_02\\2_MDT\\GEOTIFF\\MDT_1438143.tif","SHRT_FNAME":"MDT_1438143.tif","UPPER_LEFT_X":"459959.952","UPPER_LEFT_Y":"9209874.699","LOWER_RIGHT_X":"460961.952","LOWER_RIGHT_Y":"9208872.699"},"geometry":{"type":"Polygon","coordinates":[[[-63.362627131818222,-7.147997557521863],[-63.35355252701639,-7.148004606420271],[-63.353559499416569,-7.157068429826393],[-63.362634283169008,-7.157061371899925],[-63.362627131818222,-7.147997557521863]]]}},
{"type":"Feature","properties":{"DESCRIPTION":"MDT_1438144.tif","FILENAME":"U:\\P589_AmazoniaRevelada_BR-319\\LiDAR_dataset\\ENTREGAS\\ENTREGA_02\\2_MDT\\GEOTIFF\\MDT_1438144.tif","SHRT_FNAME":"MDT_1438144.tif","UPPER_LEFT_X":"460960.047","UPPER_LEFT_Y":"9209874.699","LOWER_RIGHT_X":"461962.047","LOWER_RIGHT_Y":"9208872.699"},"geometry":{"type":"Polygon","coordinates":[[[-63.353569777827389,-7.148004593189789],[-63.344495163978387,-7.14801146380545],[-63.344501957767264,-7.157075295994348],[-63.353576750567747,-7.157068416578967],[-63.353569777827389,-7.148004593189789]]]}},
{"type":"Feature","properties":{"DESCRIPTION":"MDT_1438145.tif","FILENAME":"U:\\P589_AmazoniaRevelada_BR-319\\LiDAR_dataset\\ENTREGAS\\ENTREGA_02\\2_MDT\\GEOTIFF\\MDT_1438145.tif","SHRT_FNAME":"MDT_1438145.tif","UPPER_LEFT_X":"461960.142","UPPER_LEFT_Y":"9209874.699","LOWER_RIGHT_X":"462962.142","LOWER_RIGHT_Y":"9208872.699"},"geometry":{"type":"Polygon","coordinates":[[[-63.344512414806374,-7.148011450913883],[-63.335437792141967,-7.148018143245944],[-63.335444407318697,-7.157081983989711],[-63.344519208935431,-7.15707528308627],[-63.344512414806374,-7.148011450913883]]]}},
{"type":"Feature","properties":{"DESCRIPTION":"MDT_1438146.tif","FILENAME":"U:\\P589_AmazoniaRevelada_BR-319\\LiDAR_dataset\\ENTREGAS\\ENTREGA_02\\2_MDT\\GEOTIFF\\MDT_1438146.tif","SHRT_FNAME":"MDT_1438146.tif","UPPER_LEFT_X":"462960.238","UPPER_LEFT_Y":"9209874.699","LOWER_RIGHT_X":"463962.238","LOWER_RIGHT_Y":"9208872.699"},"geometry":{"type":"Polygon","coordinates":[[[-63.335455042986489,-7.148018130693296],[-63.326380411738441,-7.148024644740925],[-63.326386848302192,-7.157088493811652],[-63.335461658503412,-7.157081971420984],[-63.335455042986489,-7.148018130693296]]]}},
{"type":"Feature","properties":{"DESCRIPTION":"MDT_1438147.tif","FILENAME":"U:\\P589_AmazoniaRevelada_BR-319\\LiDAR_dataset\\ENTREGAS\\ENTREGA_02\\2_MDT\\GEOTIFF\\MDT_1438147.tif","SHRT_FNAME":"MDT_1438147.tif","UPPER_LEFT_X":"463960.333","UPPER_LEFT_Y":"9209874.699","LOWER_RIGHT_X":"464962.333","LOWER_RIGHT_Y":"9208872.699"},"geometry":{"type":"Polygon","coordinates":[[[-63.326397662599064,-7.148024632527195],[-63.317323022999119,-7.148030968289583],[-63.317329280949082,-7.157094825459361],[-63.326404099503002,-7.157088481582278],[-63.326397662599064,-7.148024632527195]]]}},
{"type":"Feature","properties":{"DESCRIPTION":"MDT_1439107.tif","FILENAME":"U:\\P589_AmazoniaRevelada_BR-319\\LiDAR_dataset\\ENTREGAS\\ENTREGA_02\\2_MDT\\GEOTIFF\\MDT_1439107.tif","SHRT_FNAME":"MDT_1439107.tif","UPPER_LEFT_X":"423956.525","UPPER_LEFT_Y":"9208874.824","LOWER_RIGHT_X":"424958.525","LOWER_RIGHT_Y":"9207872.824"},"geometry":{"type":"Polygon","coordinates":[[[-63.688697461881276,-7.156669890474392],[-63.679623158588541,-7.156683374006654],[-63.67963657762548,-7.165746725881317],[-63.688711060054409,-7.165733225101088],[-63.688697461881276,-7.156669890474392]]]}},
{"type":"Feature","properties":{"DESCRIPTION":"MDT_1439108.tif","FILENAME":"U:\\P589_AmazoniaRevelada_BR-319\\LiDAR_dataset\\ENTREGAS\\ENTREGA_02\\2_MDT\\GEOTIFF\\MDT_1439108.tif","SHRT_FNAME":"MDT_1439108.tif","UPPER_LEFT_X":"424956.620","UPPER_LEFT_Y":"9208874.824","LOWER_RIGHT_X":"425958.620","LOWER_RIGHT_Y":"9207872.824"},"geometry":{"type":"Polygon","coordinates":[[[-63.67964040883431,-7.156683348544122],[-63.670566088150622,-7.156696653611344],[-63.670579328390218,-7.165760022473111],[-63.679653828211784,-7.165746700386212],[-63.67964040883431,-7.156683348544122]]]}},
{"type":"Feature","properties":{"DESCRIPTION":"MDT_1439109.tif","FILENAME":"U:\\P589_AmazoniaRevelada_BR-319\\LiDAR_dataset\\ENTREGAS\\ENTREGA_02\\2_MDT\\GEOTIFF\\MDT_1439109.tif","SHRT_FNAME":"MDT_1439109.tif","UPPER_LEFT_X":"425956.715","UPPER_LEFT_Y":"9208874.824","LOWER_RIGHT_X":"426958.715","LOWER_RIGHT_Y":"9207872.824"},"geometry":{"type":"Polygon","coordinates":[[[-63.670583338429225,-7.156696628488074],[-63.661509000586285,-7.156709755088603],[-63.661522062026883,-7.165773140709618],[-63.670596579009356,-7.165759997317705],[-63.670583338429225,-7.156696628488074]]]}},
{"type":"Feature","properties":{"DESCRIPTION":"MDT_1439110.tif","FILENAME":"U:\\P589_AmazoniaRevelada_BR-319\\LiDAR_dataset\\ENTREGAS\\ENTREGA_02\\2_MDT\\GEOTIFF\\MDT_1439110.tif","SHRT_FNAME":"MDT_1439110.tif","UPPER_LEFT_X":"426956.810","UPPER_LEFT_Y":"9208874.824","LOWER_RIGHT_X":"427958.810","LOWER_RIGHT_Y":"9207872.824"},"geometry":{"type":"Polygon","coordinates":[[[-63.661526250897296,-7.156709730304599],[-63.65245189612682,-7.156722678436803],[-63.65246477876677,-7.16578608058921],[-63.661539312678421,-7.165773115893913],[-63.661526250897296,-7.156709730304599]]]}},
{"type":"Feature","properties":{"DESCRIPTION":"MDT_1439111.tif","FILENAME":"U:\\P589_AmazoniaRevelada_BR-319\\LiDAR_dataset\\ENTREGAS\\ENTREGA_02\\2_MDT\\GEOTIFF\\MDT_1439111.tif","SHRT_FNAME":"MDT_1439111.tif","UPPER_LEFT_X":"427956.906","UPPER_LEFT_Y":"9208874.824","LOWER_RIGHT_X":"428958.906","LOWER_RIGHT_Y":"9207872.824"},"geometry":{"type":"Polygon","coordinates":[[[-63.652469146469784,-7.15672265399207],[-63.643394775003514,-7.156735423654339],[-63.643407478841205,-7.165798842110271],[-63.652482029450283,-7.165786056113206],[-63.652469146469784,-7.15672265399207]]]}},
{"type":"Feature","properties":{"DESCRIPTION":"MDT_1439112.tif","FILENAME":"U:\\P589_AmazoniaRevelada_BR-319\\LiDAR_dataset\\ENTREGAS\\ENTREGA_02\\2_MDT\\GEOTIFF\\MDT_1439112.tif","SHRT_FNAME":"MDT_1439112.tif","UPPER_LEFT_X":"428957.001","UPPER_LEFT_Y":"9208874.824","LOWER_RIGHT_X":"429959.001","LOWER_RIGHT_Y":"9207872.824"},"geometry":{"type":"Polygon","coordinates":[[[-63.643412025378005,-7.156735399548878],[-63.634337637447643,-7.156747990739625],[-63.634350162481461,-7.165811425271221],[-63.64342472955623,-7.165798817973974],[-63.643412025378005,-7.156735399548878]]]}},
{"type":"Feature","properties":{"DESCRIPTION":"MDT_1439113.tif","FILENAME":"U:\\P589_AmazoniaRevelada_BR-319\\LiDAR_dataset\\ENTREGAS\\ENTREGA_02\\2_MDT\\GEOTIFF\\MDT_1439113.tif","SHRT_FNAME":"MDT_1439113.tif","UPPER_LEFT_X":"429957.096","UPPER_LEFT_Y":"9208874.824","LOWER_RIGHT_X":"430959.096","LOWER_RIGHT_Y":"9207872.824"},"geometry":{"type":"Polygon","coordinates":[[[-63.634354887853199,-7.15674796697344],[-63.625280483690474,-7.1567603796911],[-63.62529282991887,-7.165823830070494],[-63.634367413227579,-7.165811401474634],[-63.634354887853199,-7.15674796697344]]]}},
{"type":"Feature","properties":{"DESCRIPTION":"MDT_1439114.tif","FILENAME":"U:\\P589_AmazoniaRevelada_BR-319\\LiDAR_dataset\\ENTREGAS\\ENTREGA_02\\2_MDT\\GEOTIFF\\MDT_1439114.tif","SHRT_FNAME":"MDT_1439114.tif","UPPER_LEFT_X":"430957.191","UPPER_LEFT_Y":"9208874.824","LOWER_RIGHT_X":"431959.191","LOWER_RIGHT_Y":"9207872.824"},"geometry":{"type":"Polygon","coordinates":[[[-63.625297734126669,-7.156760356264192],[-63.616223313963303,-7.156772590507225],[-63.61623548138472,-7.165836056506548],[-63.625310080695627,-7.16582380661362],[-63.625297734126669,-7.156760356264192]]]}},
{"type":"Feature","properties":{"DESCRIPTION":"MDT_1439115.tif","FILENAME":"U:\\P589_AmazoniaRevelada_BR-319\\LiDAR_dataset\\ENTREGAS\\ENTREGA_02\\2_MDT\\GEOTIFF\\MDT_1439115.tif","SHRT_FNAME":"MDT_1439115.tif","UPPER_LEFT_X":"431957.286","UPPER_LEFT_Y":"9208874.824","LOWER_RIGHT_X":"432959.286","LOWER_RIGHT_Y":"9207872.824"},"geometry":{"type":"Polygon","coordinates":[[[-63.616240564429695,-7.156772567419599],[-63.607166128497425,-7.15678462318648],[-63.607178117110337,-7.165848104577862],[-63.616252732191676,-7.165836033389389],[-63.616240564429695,-7.156772567419599]]]}},
{"type":"Feature","properties":{"DESCRIPTION":"MDT_1439116.tif","FILENAME":"U:\\P589_AmazoniaRevelada_BR-319\\LiDAR_dataset\\ENTREGAS\\ENTREGA_02\\2_MDT\\GEOTIFF\\MDT_1439116.tif","SHRT_FNAME":"MDT_1439116.tif","UPPER_LEFT_X":"432957.382","UPPER_LEFT_Y":"9208874.824","LOWER_RIGHT_X":"433959.382","LOWER_RIGHT_Y":"9207872.824"},"geometry":{"type":"Polygon","coordinates":[[[-63.607183378993582,-7.156784600438137],[-63.598108927524116,-7.15679647772737],[-63.598120737327037,-7.165859974282943],[-63.60719536794705,-7.165848081800422],[-63.607183378993582,-7.156784600438137]]]}},
{"type":"Feature","properties":{"DESCRIPTION":"MDT_1439117.tif","FILENAME":"U:\\P589_AmazoniaRevelada_BR-319\\LiDAR_dataset\\ENTREGAS\\ENTREGA_02\\2_MDT\\GEOTIFF\\MDT_1439117.tif","SHRT_FNAME":"MDT_1439117.tif","UPPER_LEFT_X":"433957.477","UPPER_LEFT_Y":"9208874.824","LOWER_RIGHT_X":"434959.477","LOWER_RIGHT_Y":"9207872.824"},"geometry":{"type":"Polygon","coordinates":[[[-63.598126178049583,-7.156796455318315],[-63.589051711274685,-7.156808154128422],[-63.589063342266101,-7.165871665620309],[-63.598137988193059,-7.165859951845224],[-63.598126178049583,-7.156796455318315]]]}},
{"type":"Feature","properties":{"DESCRIPTION":"MDT_1439118.tif","FILENAME":"U:\\P589_AmazoniaRevelada_BR-319\\LiDAR_dataset\\ENTREGAS\\ENTREGA_02\\2_MDT\\GEOTIFF\\MDT_1439118.tif","SHRT_FNAME":"MDT_1439118.tif","UPPER_LEFT_X":"434957.572","UPPER_LEFT_Y":"9208874.824","LOWER_RIGHT_X":"435959.572","LOWER_RIGHT_Y":"9207872.824"},"geometry":{"type":"Polygon","coordinates":[[[-63.589068961829028,-7.156808132058658],[-63.579994479980414,-7.156819652388187],[-63.580005932158883,-7.165883178588513],[-63.589080593161022,-7.165871643522315],[-63.589068961829028,-7.156808132058658]]]}},
{"type":"Feature","properties":{"DESCRIPTION":"MDT_1439119.tif","FILENAME":"U:\\P589_AmazoniaRevelada_BR-319\\LiDAR_dataset\\ENTREGAS\\ENTREGA_02\\2_MDT\\GEOTIFF\\MDT_1439119.tif","SHRT_FNAME":"MDT_1439119.tif","UPPER_LEFT_X":"435957.667","UPPER_LEFT_Y":"9208874.824","LOWER_RIGHT_X":"436959.667","LOWER_RIGHT_Y":"9207872.824"},"geometry":{"type":"Polygon","coordinates":[[[-63.580011730563186,-7.156819630657712],[-63.570937233872591,-7.15683097250523],[-63.570948507236679,-7.16589451318612],[-63.580023183082218,-7.165883156830241],[-63.580011730563186,-7.156819630657712]]]}},
{"type":"Feature","properties":{"DESCRIPTION":"MDT_1439120.tif","FILENAME":"U:\\P589_AmazoniaRevelada_BR-319\\LiDAR_dataset\\ENTREGAS\\ENTREGA_02\\2_MDT\\GEOTIFF\\MDT_1439120.tif","SHRT_FNAME":"MDT_1439120.tif","UPPER_LEFT_X":"436957.762","UPPER_LEFT_Y":"9208874.824","LOWER_RIGHT_X":"437959.762","LOWER_RIGHT_Y":"9207872.824"},"geometry":{"type":"Polygon","coordinates":[[[-63.570954484483359,-7.156830951114053],[-63.561879973182521,-7.156842114478148],[-63.561891067730805,-7.16590566941172],[-63.570965758188017,-7.165894491767579],[-63.570954484483359,-7.156830951114053]]]}},
{"type":"Feature","properties":{"DESCRIPTION":"MDT_1439121.tif","FILENAME":"U:\\P589_AmazoniaRevelada_BR-319\\LiDAR_dataset\\ENTREGAS\\ENTREGA_02\\2_MDT\\GEOTIFF\\MDT_1439121.tif","SHRT_FNAME":"MDT_1439121.tif","UPPER_LEFT_X":"437957.858","UPPER_LEFT_Y":"9208874.824","LOWER_RIGHT_X":"438959.858","LOWER_RIGHT_Y":"9207872.824"},"geometry":{"type":"Polygon","coordinates":[[[-63.56189722382085,-7.156842093426269],[-63.552822698141512,-7.156853078305558],[-63.552833613872593,-7.16591664726393],[-63.561908318709712,-7.16590564833291],[-63.56189722382085,-7.156842093426269]]]}},
{"type":"Feature","properties":{"DESCRIPTION":"MDT_1439122.tif","FILENAME":"U:\\P589_AmazoniaRevelada_BR-319\\LiDAR_dataset\\ENTREGAS\\ENTREGA_02\\2_MDT\\GEOTIFF\\MDT_1439122.tif","SHRT_FNAME":"MDT_1439122.tif","UPPER_LEFT_X":"438957.953","UPPER_LEFT_Y":"9208874.824","LOWER_RIGHT_X":"439959.953","LOWER_RIGHT_Y":"9207872.824"},"geometry":{"type":"Polygon","coordinates":[[[-63.552839948806948,-7.156853057592977],[-63.543765408980853,-7.156863863986091],[-63.543776145893375,-7.165927446741381],[-63.552850864878614,-7.165916626524854],[-63.552839948806948,-7.156853057592977]]]}},
{"type":"Feature","properties":{"DESCRIPTION":"MDT_1439123.tif","FILENAME":"U:\\P589_AmazoniaRevelada_BR-319\\LiDAR_dataset\\ENTREGAS\\ENTREGA_02\\2_MDT\\GEOTIFF\\MDT_1439123.tif","SHRT_FNAME":"MDT_1439123.tif","UPPER_LEFT_X":"439958.048","UPPER_LEFT_Y":"9208874.824","LOWER_RIGHT_X":"440960.048","LOWER_RIGHT_Y":"9207872.824"},"geometry":{"type":"Polygon","coordinates":[[[-63.543782659672964,-7.156863843612815],[-63.534708105931855,-7.15687447151841],[-63.534718664024474,-7.165938067842736],[-63.543793396926077,-7.165927426342044],[-63.543782659672964,-7.156863843612815]]]}},
{"type":"Feature","properties":{"DESCRIPTION":"MDT_1439124.tif","FILENAME":"U:\\P589_AmazoniaRevelada_BR-319\\LiDAR_dataset\\ENTREGAS\\ENTREGA_02\\2_MDT\\GEOTIFF\\MDT_1439124.tif","SHRT_FNAME":"MDT_1439124.tif","UPPER_LEFT_X":"440958.143","UPPER_LEFT_Y":"9208874.824","LOWER_RIGHT_X":"441960.143","LOWER_RIGHT_Y":"9207872.824"},"geometry":{"type":"Polygon","coordinates":[[[-63.534725356650185,-7.156874451484438],[-63.525650789225807,-7.156884900901195],[-63.525661168497194,-7.165948510566671],[-63.534735915083395,-7.165938047783138],[-63.534725356650185,-7.156874451484438]]]}},
{"type":"Feature","properties":{"DESCRIPTION":"MDT_1439125.tif","FILENAME":"U:\\P589_AmazoniaRevelada_BR-319\\LiDAR_dataset\\ENTREGAS\\ENTREGA_02\\2_MDT\\GEOTIFF\\MDT_1439125.tif","SHRT_FNAME":"MDT_1439125.tif","UPPER_LEFT_X":"441958.238","UPPER_LEFT_Y":"9208874.824","LOWER_RIGHT_X":"442960.238","LOWER_RIGHT_Y":"9207872.824"},"geometry":{"type":"Polygon","coordinates":[[[-63.525668039969943,-7.156884881206534],[-63.51659345909404,-7.156895152133154],[-63.516603659542881,-7.165958774911888],[-63.525678419581915,-7.165948490846815],[-63.525668039969943,-7.156884881206534]]]}},
{"type":"Feature","properties":{"DESCRIPTION":"MDT_1439126.tif","FILENAME":"U:\\P589_AmazoniaRevelada_BR-319\\LiDAR_dataset\\ENTREGAS\\ENTREGA_02\\2_MDT\\GEOTIFF\\MDT_1439126.tif","SHRT_FNAME":"MDT_1439126.tif","UPPER_LEFT_X":"442958.334","UPPER_LEFT_Y":"9208874.824","LOWER_RIGHT_X":"443960.334","LOWER_RIGHT_Y":"9207872.824"},"geometry":{"type":"Polygon","coordinates":[[[-63.516610709863521,-7.156895132777802],[-63.507536115767849,-7.156905225213009],[-63.507546137392872,-7.165968860877112],[-63.516620910652954,-7.165958755531779],[-63.516610709863521,-7.156895132777802]]]}},
{"type":"Feature","properties":{"DESCRIPTION":"MDT_1439127.tif","FILENAME":"U:\\P589_AmazoniaRevelada_BR-319\\LiDAR_dataset\\ENTREGAS\\ENTREGA_02\\2_MDT\\GEOTIFF\\MDT_1439127.tif","SHRT_FNAME":"MDT_1439127.tif","UPPER_LEFT_X":"443958.429","UPPER_LEFT_Y":"9208874.824","LOWER_RIGHT_X":"444960.429","LOWER_RIGHT_Y":"9207872.824"},"geometry":{"type":"Polygon","coordinates":[[[-63.507553366562249,-7.156905206196968],[-63.498478759478537,-7.156915120139504],[-63.498488602278478,-7.165978768461089],[-63.507563388527856,-7.165968841836749],[-63.507553366562249,-7.156905206196968]]]}},
{"type":"Feature","properties":{"DESCRIPTION":"MDT_1439128.tif","FILENAME":"U:\\P589_AmazoniaRevelada_BR-319\\LiDAR_dataset\\ENTREGAS\\ENTREGA_02\\2_MDT\\GEOTIFF\\MDT_1439128.tif","SHRT_FNAME":"MDT_1439128.tif","UPPER_LEFT_X":"444958.524","UPPER_LEFT_Y":"9208874.824","LOWER_RIGHT_X":"445960.524","LOWER_RIGHT_Y":"9207872.824"},"geometry":{"type":"Polygon","coordinates":[[[-63.498496010297401,-7.156915101462782],[-63.48942139045743,-7.156924836911418],[-63.489431054431066,-7.165988497662587],[-63.498505853437941,-7.165978749760474],[-63.498496010297401,-7.156915101462782]]]}},
{"type":"Feature","properties":{"DESCRIPTION":"MDT_1439129.tif","FILENAME":"U:\\P589_AmazoniaRevelada_BR-319\\LiDAR_dataset\\ENTREGAS\\ENTREGA_02\\2_MDT\\GEOTIFF\\MDT_1439129.tif","SHRT_FNAME":"MDT_1439129.tif","UPPER_LEFT_X":"445958.619","UPPER_LEFT_Y":"9208874.824","LOWER_RIGHT_X":"446960.619","LOWER_RIGHT_Y":"9207872.824"},"geometry":{"type":"Polygon","coordinates":[[[-63.489438641300332,-7.156924818574012],[-63.48036400893583,-7.156934375527536],[-63.480373494081952,-7.165998048480398],[-63.489448305614566,-7.165988479301725],[-63.489438641300332,-7.156924818574012]]]}},
{"type":"Feature","properties":{"DESCRIPTION":"MDT_1439130.tif","FILENAME":"U:\\P589_AmazoniaRevelada_BR-319\\LiDAR_dataset\\ENTREGAS\\ENTREGA_02\\2_MDT\\GEOTIFF\\MDT_1439130.tif","SHRT_FNAME":"MDT_1439130.tif","UPPER_LEFT_X":"446958.714","UPPER_LEFT_Y":"9208874.824","LOWER_RIGHT_X":"447960.714","LOWER_RIGHT_Y":"9207872.824"},"geometry":{"type":"Polygon","coordinates":[[[-63.480381259802314,-7.156934357529448],[-63.47130661514506,-7.156943735986676],[-63.471315921462455,-7.166007420913335],[-63.480390745289036,-7.165998030459289],[-63.480381259802314,-7.156934357529448]]]}},
{"type":"Feature","properties":{"DESCRIPTION":"MDT_1439131.tif","FILENAME":"U:\\P589_AmazoniaRevelada_BR-319\\LiDAR_dataset\\ENTREGAS\\ENTREGA_02\\2_MDT\\GEOTIFF\\MDT_1439131.tif","SHRT_FNAME":"MDT_1439131.tif","UPPER_LEFT_X":"447958.810","UPPER_LEFT_Y":"9208874.824","LOWER_RIGHT_X":"448960.810","LOWER_RIGHT_Y":"9207872.824"},"geometry":{"type":"Polygon","coordinates":[[[-63.471323866034695,-7.156943718327912],[-63.462249209316433,-7.15695291828767],[-63.462258336803956,-7.166016614960228],[-63.471333172692695,-7.166007403231982],[-63.471323866034695,-7.156943718327912]]]}},
{"type":"Feature","properties":{"DESCRIPTION":"MDT_1439132.tif","FILENAME":"U:\\P589_AmazoniaRevelada_BR-319\\LiDAR_dataset\\ENTREGAS\\ENTREGA_02\\2_MDT\\GEOTIFF\\MDT_1439132.tif","SHRT_FNAME":"MDT_1439132.tif","UPPER_LEFT_X":"448958.905","UPPER_LEFT_Y":"9208874.824","LOWER_RIGHT_X":"449960.905","LOWER_RIGHT_Y":"9207872.824"},"geometry":{"type":"Polygon","coordinates":[[[-63.462266460228768,-7.156952900968232],[-63.453191791681277,-7.156961922429383],[-63.453200740337756,-7.166025630619941],[-63.462275588056897,-7.166016597618635],[-63.462266460228768,-7.156952900968232]]]}},
{"type":"Feature","properties":{"DESCRIPTION":"MDT_1439133.tif","FILENAME":"U:\\P589_AmazoniaRevelada_BR-319\\LiDAR_dataset\\ENTREGAS\\ENTREGA_02\\2_MDT\\GEOTIFF\\MDT_1439133.tif","SHRT_FNAME":"MDT_1439133.tif","UPPER_LEFT_X":"449959.000","UPPER_LEFT_Y":"9208874.824","LOWER_RIGHT_X":"450961.000","LOWER_RIGHT_Y":"9207872.824"},"geometry":{"type":"Polygon","coordinates":[[[-63.453209042615875,-7.156961905449271],[-63.444134362470891,-7.156970748410692],[-63.444143132295231,-7.166034467891348],[-63.453217991612966,-7.166025613618107],[-63.453209042615875,-7.156961905449271]]]}},
{"type":"Feature","properties":{"DESCRIPTION":"MDT_1439134.tif","FILENAME":"U:\\P589_AmazoniaRevelada_BR-319\\LiDAR_dataset\\ENTREGAS\\ENTREGA_02\\2_MDT\\GEOTIFF\\MDT_1439134.tif","SHRT_FNAME":"MDT_1439134.tif","UPPER_LEFT_X":"450959.095","UPPER_LEFT_Y":"9208874.824","LOWER_RIGHT_X":"451961.095","LOWER_RIGHT_Y":"9207872.824"},"geometry":{"type":"Polygon","coordinates":[[[-63.444151613427323,-7.156970731769907],[-63.435076921916604,-7.156979396230499],[-63.43508551290769,-7.166043126773354],[-63.444160383592269,-7.166034451229278],[-63.444151613427323,-7.156970731769907]]]}},
{"type":"Feature","properties":{"DESCRIPTION":"MDT_1439135.tif","FILENAME":"U:\\P589_AmazoniaRevelada_BR-319\\LiDAR_dataset\\ENTREGAS\\ENTREGA_02\\2_MDT\\GEOTIFF\\MDT_1439135.tif","SHRT_FNAME":"MDT_1439135.tif","UPPER_LEFT_X":"451959.190","UPPER_LEFT_Y":"9208874.824","LOWER_RIGHT_X":"452961.190","LOWER_RIGHT_Y":"9207872.824"},"geometry":{"type":"Polygon","coordinates":[[[-63.435094172894416,-7.156979379929044],[-63.426019470249749,-7.156987865887731],[-63.426027882406501,-7.166051607264878],[-63.435102764226116,-7.166043110451046],[-63.435094172894416,-7.156979379929044]]]}},
{"type":"Feature","properties":{"DESCRIPTION":"MDT_1439136.tif","FILENAME":"U:\\P589_AmazoniaRevelada_BR-319\\LiDAR_dataset\\ENTREGAS\\ENTREGA_02\\2_MDT\\GEOTIFF\\MDT_1439136.tif","SHRT_FNAME":"MDT_1439136.tif","UPPER_LEFT_X":"452959.286","UPPER_LEFT_Y":"9208874.824","LOWER_RIGHT_X":"453961.286","LOWER_RIGHT_Y":"9207872.824"},"geometry":{"type":"Polygon","coordinates":[[[-63.426036721248508,-7.156987849925611],[-63.416962007701635,-7.156996157381336],[-63.416970241023009,-7.166059909364872],[-63.42604513374588,-7.166051591282339],[-63.426036721248508,-7.156987849925611]]]}},
{"type":"Feature","properties":{"DESCRIPTION":"MDT_1439137.tif","FILENAME":"U:\\P589_AmazoniaRevelada_BR-319\\LiDAR_dataset\\ENTREGAS\\ENTREGA_02\\2_MDT\\GEOTIFF\\MDT_1439137.tif","SHRT_FNAME":"MDT_1439137.tif","UPPER_LEFT_X":"453959.381","UPPER_LEFT_Y":"9208874.824","LOWER_RIGHT_X":"454961.381","LOWER_RIGHT_Y":"9207872.824"},"geometry":{"type":"Polygon","coordinates":[[[-63.416979258720907,-7.156996141758548],[-63.407904534503608,-7.157004270710279],[-63.407912588988552,-7.1660680330723],[-63.416987492382901,-7.166059893722101],[-63.416979258720907,-7.156996141758548]]]}},
{"type":"Feature","properties":{"DESCRIPTION":"MDT_1439138.tif","FILENAME":"U:\\P589_AmazoniaRevelada_BR-319\\LiDAR_dataset\\ENTREGAS\\ENTREGA_02\\2_MDT\\GEOTIFF\\MDT_1439138.tif","SHRT_FNAME":"MDT_1439138.tif","UPPER_LEFT_X":"454959.476","UPPER_LEFT_Y":"9208874.824","LOWER_RIGHT_X":"455961.476","LOWER_RIGHT_Y":"9207872.824"},"geometry":{"type":"Polygon","coordinates":[[[-63.407921785542932,-7.15700425542683],[-63.398847050886978,-7.157012205873555],[-63.398854926534497,-7.166075978386151],[-63.407929840368503,-7.1660680177693],[-63.407921785542932,-7.15700425542683]]]}},
{"type":"Feature","properties":{"DESCRIPTION":"MDT_1439139.tif","FILENAME":"U:\\P589_AmazoniaRevelada_BR-319\\LiDAR_dataset\\ENTREGAS\\ENTREGA_02\\2_MDT\\GEOTIFF\\MDT_1439139.tif","SHRT_FNAME":"MDT_1439139.tif","UPPER_LEFT_X":"455959.571","UPPER_LEFT_Y":"9208874.824","LOWER_RIGHT_X":"456961.571","LOWER_RIGHT_Y":"9207872.824"},"geometry":{"type":"Polygon","coordinates":[[[-63.398864301945935,-7.157012190929444],[-63.389789557083063,-7.157019962870176],[-63.389797253892176,-7.166083745305443],[-63.398872177934066,-7.166075963422925],[-63.398864301945935,-7.157012190929444]]]}},
{"type":"Feature","properties":{"DESCRIPTION":"MDT_1439140.tif","FILENAME":"U:\\P589_AmazoniaRevelada_BR-319\\LiDAR_dataset\\ENTREGAS\\ENTREGA_02\\2_MDT\\GEOTIFF\\MDT_1439140.tif","SHRT_FNAME":"MDT_1439140.tif","UPPER_LEFT_X":"456959.666","UPPER_LEFT_Y":"9208874.824","LOWER_RIGHT_X":"457961.666","LOWER_RIGHT_Y":"9207872.824"},"geometry":{"type":"Polygon","coordinates":[[[-63.389806808161204,-7.157019948265405],[-63.380732053323229,-7.157027541699179],[-63.380739571292949,-7.166091333829204],[-63.38981450531093,-7.166083730681989],[-63.389806808161204,-7.157019948265405]]]}},
{"type":"Feature","properties":{"DESCRIPTION":"MDT_1439141.tif","FILENAME":"U:\\P589_AmazoniaRevelada_BR-319\\LiDAR_dataset\\ENTREGAS\\ENTREGA_02\\2_MDT\\GEOTIFF\\MDT_1439141.tif","SHRT_FNAME":"MDT_1439141.tif","UPPER_LEFT_X":"457959.762","UPPER_LEFT_Y":"9208874.824","LOWER_RIGHT_X":"458961.762","LOWER_RIGHT_Y":"9207872.824"},"geometry":{"type":"Polygon","coordinates":[[[-63.380749304420114,-7.157027527433751],[-63.371674539838772,-7.157034942359623],[-63.371681878968161,-7.166098743956493],[-63.380756822730454,-7.166091319545525],[-63.380749304420114,-7.157027527433751]]]}},
{"type":"Feature","properties":{"DESCRIPTION":"MDT_1439142.tif","FILENAME":"U:\\P589_AmazoniaRevelada_BR-319\\LiDAR_dataset\\ENTREGAS\\ENTREGA_02\\2_MDT\\GEOTIFF\\MDT_1439142.tif","SHRT_FNAME":"MDT_1439142.tif","UPPER_LEFT_X":"458959.857","UPPER_LEFT_Y":"9208874.824","LOWER_RIGHT_X":"459961.857","LOWER_RIGHT_Y":"9207872.824"},"geometry":{"type":"Polygon","coordinates":[[[-63.37169179095396,-7.157034928433539],[-63.362617016861044,-7.157042164850586],[-63.362624177149186,-7.166105975686388],[-63.371699130423977,-7.166098730012594],[-63.37169179095396,-7.157034928433539]]]}},
{"type":"Feature","properties":{"DESCRIPTION":"MDT_1439143.tif","FILENAME":"U:\\P589_AmazoniaRevelada_BR-319\\LiDAR_dataset\\ENTREGAS\\ENTREGA_02\\2_MDT\\GEOTIFF\\MDT_1439143.tif","SHRT_FNAME":"MDT_1439143.tif","UPPER_LEFT_X":"459959.952","UPPER_LEFT_Y":"9208874.824","LOWER_RIGHT_X":"460961.952","LOWER_RIGHT_Y":"9207872.824"},"geometry":{"type":"Polygon","coordinates":[[[-63.362634267994082,-7.157042151263846],[-63.353559484621364,-7.157049209171167],[-63.353566466067356,-7.166113029017993],[-63.362641428622858,-7.166105962082271],[-63.362634267994082,-7.157042151263846]]]}},
{"type":"Feature","properties":{"DESCRIPTION":"MDT_1439144.tif","FILENAME":"U:\\P589_AmazoniaRevelada_BR-319\\LiDAR_dataset\\ENTREGAS\\ENTREGA_02\\2_MDT\\GEOTIFF\\MDT_1439144.tif","SHRT_FNAME":"MDT_1439144.tif","UPPER_LEFT_X":"460960.047","UPPER_LEFT_Y":"9208874.824","LOWER_RIGHT_X":"461962.047","LOWER_RIGHT_Y":"9207872.824"},"geometry":{"type":"Polygon","coordinates":[[[-63.353576735771831,-7.157049195923777],[-63.344501943351069,-7.157056075320497],[-63.344508745954059,-7.16611990395043],[-63.35358371755845,-7.166113015753656],[-63.353576735771831,-7.157049195923777]]]}},
{"type":"Feature","properties":{"DESCRIPTION":"MDT_1439145.tif","FILENAME":"U:\\P589_AmazoniaRevelada_BR-319\\LiDAR_dataset\\ENTREGAS\\ENTREGA_02\\2_MDT\\GEOTIFF\\MDT_1439145.tif","SHRT_FNAME":"MDT_1439145.tif","UPPER_LEFT_X":"461960.142","UPPER_LEFT_Y":"9208874.824","LOWER_RIGHT_X":"462962.142","LOWER_RIGHT_Y":"9207872.824"},"geometry":{"type":"Polygon","coordinates":[[[-63.344519194518526,-7.157056062412456],[-63.33544439328152,-7.157062763297718],[-63.335451017040619,-7.166126600482842],[-63.344525997462135,-7.166119891025875],[-63.344519194518526,-7.157056062412456]]]}},
{"type":"Feature","properties":{"DESCRIPTION":"MDT_1439146.tif","FILENAME":"U:\\P589_AmazoniaRevelada_BR-319\\LiDAR_dataset\\ENTREGAS\\ENTREGA_02\\2_MDT\\GEOTIFF\\MDT_1439146.tif","SHRT_FNAME":"MDT_1439146.tif","UPPER_LEFT_X":"462960.238","UPPER_LEFT_Y":"9208874.824","LOWER_RIGHT_X":"463962.238","LOWER_RIGHT_Y":"9207872.824"},"geometry":{"type":"Polygon","coordinates":[[[-63.335461644465497,-7.157062750729027],[-63.326386834644026,-7.157069273102001],[-63.32639327955841,-7.166133118614399],[-63.335468268565236,-7.166126587898074],[-63.335461644465497,-7.157062750729027]]]}},
{"type":"Feature","properties":{"DESCRIPTION":"MDT_1439147.tif","FILENAME":"U:\\P589_AmazoniaRevelada_BR-319\\LiDAR_dataset\\ENTREGAS\\ENTREGA_02\\2_MDT\\GEOTIFF\\MDT_1439147.tif","SHRT_FNAME":"MDT_1439147.tif","UPPER_LEFT_X":"463960.333","UPPER_LEFT_Y":"9208874.824","LOWER_RIGHT_X":"464962.333","LOWER_RIGHT_Y":"9207872.824"},"geometry":{"type":"Polygon","coordinates":[[[-63.326404085844111,-7.157069260872662],[-63.317329267669926,-7.157075604732534],[-63.317335533738792,-7.16613945834429],[-63.326410531099128,-7.166133106369416],[-63.326404085844111,-7.157069260872662]]]}},
{"type":"Feature","properties":{"DESCRIPTION":"MDT_1440107.tif","FILENAME":"U:\\P589_AmazoniaRevelada_BR-319\\LiDAR_dataset\\ENTREGAS\\ENTREGA_02\\2_MDT\\GEOTIFF\\MDT_1440107.tif","SHRT_FNAME":"MDT_1440107.tif","UPPER_LEFT_X":"423956.525","UPPER_LEFT_Y":"9207874.949","LOWER_RIGHT_X":"424958.525","LOWER_RIGHT_Y":"9206872.949"},"geometry":{"type":"Polygon","coordinates":[[[-63.68871103119956,-7.165714005482354],[-63.679636549150764,-7.165727506226006],[-63.679649985576297,-7.174790854519296],[-63.688724646993421,-7.174777336527027],[-63.68871103119956,-7.165714005482354]]]}},
{"type":"Feature","properties":{"DESCRIPTION":"MDT_1440108.tif","FILENAME":"U:\\P589_AmazoniaRevelada_BR-319\\LiDAR_dataset\\ENTREGAS\\ENTREGA_02\\2_MDT\\GEOTIFF\\MDT_1440108.tif","SHRT_FNAME":"MDT_1440108.tif","UPPER_LEFT_X":"424956.620","UPPER_LEFT_Y":"9207874.949","LOWER_RIGHT_X":"425958.620","LOWER_RIGHT_Y":"9206872.949"},"geometry":{"type":"Polygon","coordinates":[[[-63.679653799736336,-7.165727480730971],[-63.670579300294889,-7.165740802781778],[-63.670592557691407,-7.174804168062815],[-63.679667236502851,-7.17479082899169],[-63.679653799736336,-7.165727480730971]]]}},
{"type":"Feature","properties":{"DESCRIPTION":"MDT_1440109.tif","FILENAME":"U:\\P589_AmazoniaRevelada_BR-319\\LiDAR_dataset\\ENTREGAS\\ENTREGA_02\\2_MDT\\GEOTIFF\\MDT_1440109.tif","SHRT_FNAME":"MDT_1440109.tif","UPPER_LEFT_X":"425956.715","UPPER_LEFT_Y":"9207874.949","LOWER_RIGHT_X":"426958.715","LOWER_RIGHT_Y":"9206872.949"},"geometry":{"type":"Polygon","coordinates":[[[-63.670596550913316,-7.165740777626438],[-63.66152203431097,-7.165753920982746],[-63.661535112676773,-7.174817303023665],[-63.670609808650809,-7.174804142875338],[-63.670596550913316,-7.165740777626438]]]}},
{"type":"Feature","properties":{"DESCRIPTION":"MDT_1440110.tif","FILENAME":"U:\\P589_AmazoniaRevelada_BR-319\\LiDAR_dataset\\ENTREGAS\\ENTREGA_02\\2_MDT\\GEOTIFF\\MDT_1440110.tif","SHRT_FNAME":"MDT_1440110.tif","UPPER_LEFT_X":"426956.810","UPPER_LEFT_Y":"9207874.949","LOWER_RIGHT_X":"427958.810","LOWER_RIGHT_Y":"9206872.949"},"geometry":{"type":"Polygon","coordinates":[[[-63.661539284961783,-7.165753896167107],[-63.652464751430259,-7.165766860827279],[-63.65247765076375,-7.174830259400209],[-63.661552363668591,-7.174817278176321],[-63.661539284961783,-7.165753896167107]]]}},
{"type":"Feature","properties":{"DESCRIPTION":"MDT_1440111.tif","FILENAME":"U:\\P589_AmazoniaRevelada_BR-319\\LiDAR_dataset\\ENTREGAS\\ENTREGA_02\\2_MDT\\GEOTIFF\\MDT_1440111.tif","SHRT_FNAME":"MDT_1440111.tif","UPPER_LEFT_X":"427956.906","UPPER_LEFT_Y":"9207874.949","LOWER_RIGHT_X":"428958.906","LOWER_RIGHT_Y":"9206872.949"},"geometry":{"type":"Polygon","coordinates":[[[-63.652482002113061,-7.165766836351341],[-63.643407451884109,-7.165779622313766],[-63.643420172183625,-7.174843037190842],[-63.652494901787513,-7.174830234893002],[-63.652482002113061,-7.165766836351341]]]}},
{"type":"Feature","properties":{"DESCRIPTION":"MDT_1440112.tif","FILENAME":"U:\\P589_AmazoniaRevelada_BR-319\\LiDAR_dataset\\ENTREGAS\\ENTREGA_02\\2_MDT\\GEOTIFF\\MDT_1440112.tif","SHRT_FNAME":"MDT_1440112.tif","UPPER_LEFT_X":"428957.001","UPPER_LEFT_Y":"9207874.949","LOWER_RIGHT_X":"429959.001","LOWER_RIGHT_Y":"9206872.949"},"geometry":{"type":"Polygon","coordinates":[[[-63.643424702598423,-7.165779598177537],[-63.634350135903787,-7.165792205440627],[-63.634362677167758,-7.17485563639397],[-63.643437423238929,-7.174843013023773],[-63.643424702598423,-7.165779598177537]]]}},
{"type":"Feature","properties":{"DESCRIPTION":"MDT_1440113.tif","FILENAME":"U:\\P589_AmazoniaRevelada_BR-319\\LiDAR_dataset\\ENTREGAS\\ENTREGA_02\\2_MDT\\GEOTIFF\\MDT_1440113.tif","SHRT_FNAME":"MDT_1440113.tif","UPPER_LEFT_X":"429957.096","UPPER_LEFT_Y":"9207874.949","LOWER_RIGHT_X":"430959.096","LOWER_RIGHT_Y":"9206872.949"},"geometry":{"type":"Polygon","coordinates":[[[-63.634367386649181,-7.165792181644103],[-63.625292803720619,-7.165804610206291],[-63.625305165947459,-7.174868057008033],[-63.634379928254141,-7.174855612567047],[-63.634367386649181,-7.165792181644103]]]}},
{"type":"Feature","properties":{"DESCRIPTION":"MDT_1440114.tif","FILENAME":"U:\\P589_AmazoniaRevelada_BR-319\\LiDAR_dataset\\ENTREGAS\\ENTREGA_02\\2_MDT\\GEOTIFF\\MDT_1440114.tif","SHRT_FNAME":"MDT_1440114.tif","UPPER_LEFT_X":"430957.191","UPPER_LEFT_Y":"9207874.949","LOWER_RIGHT_X":"431959.191","LOWER_RIGHT_Y":"9206872.949"},"geometry":{"type":"Polygon","coordinates":[[[-63.625310054496644,-7.165804586749482],[-63.616235455565892,-7.165816836609221],[-63.616247638754061,-7.174880299031485],[-63.625322417064496,-7.174868033521252],[-63.625310054496644,-7.165804586749482]]]}},
{"type":"Feature","properties":{"DESCRIPTION":"MDT_1440115.tif","FILENAME":"U:\\P589_AmazoniaRevelada_BR-319\\LiDAR_dataset\\ENTREGAS\\ENTREGA_02\\2_MDT\\GEOTIFF\\MDT_1440115.tif","SHRT_FNAME":"MDT_1440115.tif","UPPER_LEFT_X":"431957.286","UPPER_LEFT_Y":"9207874.949","LOWER_RIGHT_X":"432959.286","LOWER_RIGHT_Y":"9206872.949"},"geometry":{"type":"Polygon","coordinates":[[[-63.616252706372123,-7.165816813492126],[-63.607178091670924,-7.165828884647897],[-63.6071900958189,-7.174892362462798],[-63.616264889901295,-7.174880275884852],[-63.616252706372123,-7.165816813492126]]]}},
{"type":"Feature","properties":{"DESCRIPTION":"MDT_1440116.tif","FILENAME":"U:\\P589_AmazoniaRevelada_BR-319\\LiDAR_dataset\\ENTREGAS\\ENTREGA_02\\2_MDT\\GEOTIFF\\MDT_1440116.tif","SHRT_FNAME":"MDT_1440116.tif","UPPER_LEFT_X":"432957.382","UPPER_LEFT_Y":"9207874.949","LOWER_RIGHT_X":"433959.382","LOWER_RIGHT_Y":"9206872.949"},"geometry":{"type":"Polygon","coordinates":[[[-63.607195342506927,-7.165828861870517],[-63.598120712267047,-7.165840754320818],[-63.59813253737331,-7.174904247300482],[-63.607207346995892,-7.17489233965632],[-63.607195342506927,-7.165828861870517]]]}},
{"type":"Feature","properties":{"DESCRIPTION":"MDT_1440117.tif","FILENAME":"U:\\P589_AmazoniaRevelada_BR-319\\LiDAR_dataset\\ENTREGAS\\ENTREGA_02\\2_MDT\\GEOTIFF\\MDT_1440117.tif","SHRT_FNAME":"MDT_1440117.tif","UPPER_LEFT_X":"433957.477","UPPER_LEFT_Y":"9207874.949","LOWER_RIGHT_X":"434959.477","LOWER_RIGHT_Y":"9206872.949"},"geometry":{"type":"Polygon","coordinates":[[[-63.598137963132366,-7.165840731883159],[-63.589063317585556,-7.165852445626512],[-63.589074963648606,-7.174915953543054],[-63.598149788579626,-7.174904224834155],[-63.598137963132366,-7.165840731883159]]]}},
{"type":"Feature","properties":{"DESCRIPTION":"MDT_1440118.tif","FILENAME":"U:\\P589_AmazoniaRevelada_BR-319\\LiDAR_dataset\\ENTREGAS\\ENTREGA_02\\2_MDT\\GEOTIFF\\MDT_1440118.tif","SHRT_FNAME":"MDT_1440118.tif","UPPER_LEFT_X":"434957.572","UPPER_LEFT_Y":"9207874.949","LOWER_RIGHT_X":"435959.572","LOWER_RIGHT_Y":"9206872.949"},"geometry":{"type":"Polygon","coordinates":[[[-63.589080568479737,-7.165852423528574],[-63.580005907857768,-7.165863958563522],[-63.580017374876157,-7.17492748118906],[-63.589092214883806,-7.174915931416884],[-63.589080568479737,-7.165852423528574]]]}},
{"type":"Feature","properties":{"DESCRIPTION":"MDT_1440119.tif","FILENAME":"U:\\P589_AmazoniaRevelada_BR-319\\LiDAR_dataset\\ENTREGAS\\ENTREGA_02\\2_MDT\\GEOTIFF\\MDT_1440119.tif","SHRT_FNAME":"MDT_1440119.tif","UPPER_LEFT_X":"435957.667","UPPER_LEFT_Y":"9207874.949","LOWER_RIGHT_X":"436959.667","LOWER_RIGHT_Y":"9206872.949"},"geometry":{"type":"Polygon","coordinates":[[[-63.580023158780392,-7.165863936805311],[-63.570948483314986,-7.16587529313042],[-63.570959771287299,-7.174938830237067],[-63.580034626139806,-7.17492745940305],[-63.580023158780392,-7.165863936805311]]]}},
{"type":"Feature","properties":{"DESCRIPTION":"MDT_1440120.tif","FILENAME":"U:\\P589_AmazoniaRevelada_BR-319\\LiDAR_dataset\\ENTREGAS\\ENTREGA_02\\2_MDT\\GEOTIFF\\MDT_1440120.tif","SHRT_FNAME":"MDT_1440120.tif","UPPER_LEFT_X":"436957.762","UPPER_LEFT_Y":"9207874.949","LOWER_RIGHT_X":"437959.762","LOWER_RIGHT_Y":"9206872.949"},"geometry":{"type":"Polygon","coordinates":[[[-63.570965734265613,-7.165875271711937],[-63.561891044188563,-7.165886449325797],[-63.561902153113358,-7.174950000685664],[-63.570977022578937,-7.174938808791219],[-63.570965734265613,-7.165875271711937]]]}},
{"type":"Feature","properties":{"DESCRIPTION":"MDT_1440121.tif","FILENAME":"U:\\P589_AmazoniaRevelada_BR-319\\LiDAR_dataset\\ENTREGAS\\ENTREGA_02\\2_MDT\\GEOTIFF\\MDT_1440121.tif","SHRT_FNAME":"MDT_1440121.tif","UPPER_LEFT_X":"437957.858","UPPER_LEFT_Y":"9207874.949","LOWER_RIGHT_X":"438959.858","LOWER_RIGHT_Y":"9206872.949"},"geometry":{"type":"Polygon","coordinates":[[[-63.561908295166752,-7.165886428247045],[-63.552833590709803,-7.165897427148264],[-63.552844520585701,-7.174960992533462],[-63.561919404432558,-7.174949979579982],[-63.561908295166752,-7.165886428247045]]]}},
{"type":"Feature","properties":{"DESCRIPTION":"MDT_1440122.tif","FILENAME":"U:\\P589_AmazoniaRevelada_BR-319\\LiDAR_dataset\\ENTREGAS\\ENTREGA_02\\2_MDT\\GEOTIFF\\MDT_1440122.tif","SHRT_FNAME":"MDT_1440122.tif","UPPER_LEFT_X":"438957.953","UPPER_LEFT_Y":"9207874.949","LOWER_RIGHT_X":"439959.953","LOWER_RIGHT_Y":"9206872.949"},"geometry":{"type":"Polygon","coordinates":[[[-63.552850841715099,-7.165897406409246],[-63.543776123110035,-7.165908226596459],[-63.543786873935638,-7.174971805779097],[-63.552861771932015,-7.17496097176795],[-63.552850841715099,-7.165897406409246]]]}},
{"type":"Feature","properties":{"DESCRIPTION":"MDT_1440123.tif","FILENAME":"U:\\P589_AmazoniaRevelada_BR-319\\LiDAR_dataset\\ENTREGAS\\ENTREGA_02\\2_MDT\\GEOTIFF\\MDT_1440123.tif","SHRT_FNAME":"MDT_1440123.tif","UPPER_LEFT_X":"439958.048","UPPER_LEFT_Y":"9207874.949","LOWER_RIGHT_X":"440960.048","LOWER_RIGHT_Y":"9206872.949"},"geometry":{"type":"Polygon","coordinates":[[[-63.543793374141998,-7.165908206197177],[-63.534718641620572,-7.165918847669038],[-63.534729213394549,-7.174982440421221],[-63.543804125308633,-7.174971785353751],[-63.543793374141998,-7.165908206197177]]]}},
{"type":"Feature","properties":{"DESCRIPTION":"MDT_1440124.tif","FILENAME":"U:\\P589_AmazoniaRevelada_BR-319\\LiDAR_dataset\\ENTREGAS\\ENTREGA_02\\2_MDT\\GEOTIFF\\MDT_1440124.tif","SHRT_FNAME":"MDT_1440124.tif","UPPER_LEFT_X":"440958.143","UPPER_LEFT_Y":"9207874.949","LOWER_RIGHT_X":"441960.143","LOWER_RIGHT_Y":"9206872.949"},"geometry":{"type":"Polygon","coordinates":[[[-63.534735892678775,-7.165918827609494],[-63.52566114647275,-7.165929290364681],[-63.525671539193773,-7.174992896458518],[-63.534746464793784,-7.17498242033605],[-63.534735892678775,-7.165918827609494]]]}},
{"type":"Feature","properties":{"DESCRIPTION":"MDT_1440125.tif","FILENAME":"U:\\P589_AmazoniaRevelada_BR-319\\LiDAR_dataset\\ENTREGAS\\ENTREGA_02\\2_MDT\\GEOTIFF\\MDT_1440125.tif","SHRT_FNAME":"MDT_1440125.tif","UPPER_LEFT_X":"441958.238","UPPER_LEFT_Y":"9207874.949","LOWER_RIGHT_X":"442960.238","LOWER_RIGHT_Y":"9206872.949"},"geometry":{"type":"Polygon","coordinates":[[[-63.525678397556739,-7.165929270644879],[-63.516603637897894,-7.165939554682089],[-63.516613851564657,-7.175003173889682],[-63.525688790618801,-7.174992876713522],[-63.525678397556739,-7.165929270644879]]]}},
{"type":"Feature","properties":{"DESCRIPTION":"MDT_1440126.tif","FILENAME":"U:\\P589_AmazoniaRevelada_BR-319\\LiDAR_dataset\\ENTREGAS\\ENTREGA_02\\2_MDT\\GEOTIFF\\MDT_1440126.tif","SHRT_FNAME":"MDT_1440126.tif","UPPER_LEFT_X":"442958.334","UPPER_LEFT_Y":"9207874.949","LOWER_RIGHT_X":"443960.334","LOWER_RIGHT_Y":"9206872.949"},"geometry":{"type":"Polygon","coordinates":[[[-63.516620889007243,-7.165939535302032],[-63.507546116127344,-7.16594964061999],[-63.507556150738573,-7.175013272713437],[-63.516631103015044,-7.175003154484865],[-63.516620889007243,-7.165939535302032]]]}},
{"type":"Feature","properties":{"DESCRIPTION":"MDT_1440127.tif","FILENAME":"U:\\P589_AmazoniaRevelada_BR-319\\LiDAR_dataset\\ENTREGAS\\ENTREGA_02\\2_MDT\\GEOTIFF\\MDT_1440127.tif","SHRT_FNAME":"MDT_1440127.tif","UPPER_LEFT_X":"443958.429","UPPER_LEFT_Y":"9207874.949","LOWER_RIGHT_X":"444960.429","LOWER_RIGHT_Y":"9206872.949"},"geometry":{"type":"Polygon","coordinates":[[[-63.507563367261604,-7.165949621579677],[-63.498488581392415,-7.165959548177125],[-63.498498436946839,-7.175023192928531],[-63.507573402213865,-7.175013253648801],[-63.507563367261604,-7.165949621579677]]]}},
{"type":"Feature","properties":{"DESCRIPTION":"MDT_1440128.tif","FILENAME":"U:\\P589_AmazoniaRevelada_BR-319\\LiDAR_dataset\\ENTREGAS\\ENTREGA_02\\2_MDT\\GEOTIFF\\MDT_1440128.tif","SHRT_FNAME":"MDT_1440128.tif","UPPER_LEFT_X":"444958.524","UPPER_LEFT_Y":"9207874.949","LOWER_RIGHT_X":"445960.524","LOWER_RIGHT_Y":"9206872.949"},"geometry":{"type":"Polygon","coordinates":[[[-63.498505832551153,-7.165959529476561],[-63.489431033924454,-7.165969277352264],[-63.489440710420851,-7.175032934533726],[-63.498515688446624,-7.175023174204075],[-63.498505832551153,-7.165959529476561]]]}},
{"type":"Feature","properties":{"DESCRIPTION":"MDT_1440129.tif","FILENAME":"U:\\P589_AmazoniaRevelada_BR-319\\LiDAR_dataset\\ENTREGAS\\ENTREGA_02\\2_MDT\\GEOTIFF\\MDT_1440129.tif","SHRT_FNAME":"MDT_1440129.tif","UPPER_LEFT_X":"445958.619","UPPER_LEFT_Y":"9207874.949","LOWER_RIGHT_X":"446960.619","LOWER_RIGHT_Y":"9206872.949"},"geometry":{"type":"Polygon","coordinates":[[[-63.489448285107223,-7.165969258991451],[-63.480373473954806,-7.165978828144199],[-63.480382971391947,-7.175042497527816],[-63.489457961944652,-7.175032916149455],[-63.489448285107223,-7.165969258991451]]]}},
{"type":"Feature","properties":{"DESCRIPTION":"MDT_1440130.tif","FILENAME":"U:\\P589_AmazoniaRevelada_BR-319\\LiDAR_dataset\\ENTREGAS\\ENTREGA_02\\2_MDT\\GEOTIFF\\MDT_1440130.tif","SHRT_FNAME":"MDT_1440130.tif","UPPER_LEFT_X":"446958.714","UPPER_LEFT_Y":"9207874.949","LOWER_RIGHT_X":"447960.714","LOWER_RIGHT_Y":"9206872.949"},"geometry":{"type":"Polygon","coordinates":[[[-63.480390725161158,-7.165978810123139],[-63.471315901714789,-7.165988200551743],[-63.471325220091487,-7.175051881909607],[-63.480400222939338,-7.17504247948373],[-63.480390725161158,-7.165978810123139]]]}},
{"type":"Feature","properties":{"DESCRIPTION":"MDT_1440131.tif","FILENAME":"U:\\P589_AmazoniaRevelada_BR-319\\LiDAR_dataset\\ENTREGAS\\ENTREGA_02\\2_MDT\\GEOTIFF\\MDT_1440131.tif","SHRT_FNAME":"MDT_1440131.tif","UPPER_LEFT_X":"447958.810","UPPER_LEFT_Y":"9207874.949","LOWER_RIGHT_X":"448960.810","LOWER_RIGHT_Y":"9206872.949"},"geometry":{"type":"Polygon","coordinates":[[[-63.471333152944297,-7.165988182870438],[-63.462258317435747,-7.165997394573729],[-63.462267456750837,-7.175061087677935],[-63.471342471662034,-7.175051864205711],[-63.471333152944297,-7.165988182870438]]]}},
{"type":"Feature","properties":{"DESCRIPTION":"MDT_1440132.tif","FILENAME":"U:\\P589_AmazoniaRevelada_BR-319\\LiDAR_dataset\\ENTREGAS\\ENTREGA_02\\2_MDT\\GEOTIFF\\MDT_1440132.tif","SHRT_FNAME":"MDT_1440132.tif","UPPER_LEFT_X":"448958.905","UPPER_LEFT_Y":"9207874.949","LOWER_RIGHT_X":"449960.905","LOWER_RIGHT_Y":"9206872.949"},"geometry":{"type":"Polygon","coordinates":[[[-63.462275568687971,-7.165997377232182],[-63.453200721349027,-7.166006410209016],[-63.453209681601358,-7.175070114831655],[-63.4622847083441,-7.17506107031423],[-63.462275568687971,-7.165997377232182]]]}},
{"type":"Feature","properties":{"DESCRIPTION":"MDT_1440133.tif","FILENAME":"U:\\P589_AmazoniaRevelada_BR-319\\LiDAR_dataset\\ENTREGAS\\ENTREGA_02\\2_MDT\\GEOTIFF\\MDT_1440133.tif","SHRT_FNAME":"MDT_1440133.tif","UPPER_LEFT_X":"449959.000","UPPER_LEFT_Y":"9207874.949","LOWER_RIGHT_X":"450961.000","LOWER_RIGHT_Y":"9206872.949"},"geometry":{"type":"Polygon","coordinates":[[[-63.453217972623513,-7.166006393207228],[-63.444143113685968,-7.166015247456482],[-63.444151894874416,-7.175078963369645],[-63.453226933216882,-7.175070097808146],[-63.453217972623513,-7.166006393207228]]]}},
{"type":"Feature","properties":{"DESCRIPTION":"MDT_1440134.tif","FILENAME":"U:\\P589_AmazoniaRevelada_BR-319\\LiDAR_dataset\\ENTREGAS\\ENTREGA_02\\2_MDT\\GEOTIFF\\MDT_1440134.tif","SHRT_FNAME":"MDT_1440134.tif","UPPER_LEFT_X":"450959.095","UPPER_LEFT_Y":"9207874.949","LOWER_RIGHT_X":"451961.095","LOWER_RIGHT_Y":"9206872.949"},"geometry":{"type":"Polygon","coordinates":[[[-63.444160364982288,-7.166015230794454],[-63.435085494677907,-7.166023906315027],[-63.435094096801365,-7.175087633290808],[-63.444169146511776,-7.175078946686334],[-63.444160364982288,-7.166015230794454]]]}},
{"type":"Feature","properties":{"DESCRIPTION":"MDT_1440135.tif","FILENAME":"U:\\P589_AmazoniaRevelada_BR-319\\LiDAR_dataset\\ENTREGAS\\ENTREGA_02\\2_MDT\\GEOTIFF\\MDT_1440135.tif","SHRT_FNAME":"MDT_1440135.tif","UPPER_LEFT_X":"451959.190","UPPER_LEFT_Y":"9207874.949","LOWER_RIGHT_X":"452961.190","LOWER_RIGHT_Y":"9206872.949"},"geometry":{"type":"Polygon","coordinates":[[[-63.435102745995621,-7.166023889992765],[-63.426027864556197,-7.166032386783579],[-63.426036287613591,-7.175096124594061],[-63.435111348460126,-7.175087616947693],[-63.435102745995621,-7.166023889992765]]]}},
{"type":"Feature","properties":{"DESCRIPTION":"MDT_1440136.tif","FILENAME":"U:\\P589_AmazoniaRevelada_BR-319\\LiDAR_dataset\\ENTREGAS\\ENTREGA_02\\2_MDT\\GEOTIFF\\MDT_1440136.tif","SHRT_FNAME":"MDT_1440136.tif","UPPER_LEFT_X":"452959.286","UPPER_LEFT_Y":"9207874.949","LOWER_RIGHT_X":"453961.286","LOWER_RIGHT_Y":"9206872.949"},"geometry":{"type":"Polygon","coordinates":[[[-63.426045115894851,-7.16603237080108],[-63.416970223552198,-7.166040688861077],[-63.416978467542464,-7.175104437278352],[-63.426053539293299,-7.175096108591145],[-63.426045115894851,-7.16603237080108]]]}},
{"type":"Feature","properties":{"DESCRIPTION":"MDT_1440137.tif","FILENAME":"U:\\P589_AmazoniaRevelada_BR-319\\LiDAR_dataset\\ENTREGAS\\ENTREGA_02\\2_MDT\\GEOTIFF\\MDT_1440137.tif","SHRT_FNAME":"MDT_1440137.tif","UPPER_LEFT_X":"453959.381","UPPER_LEFT_Y":"9207874.949","LOWER_RIGHT_X":"454961.381","LOWER_RIGHT_Y":"9206872.949"},"geometry":{"type":"Polygon","coordinates":[[[-63.416987474911345,-7.166040673218349],[-63.407912571897228,-7.166048812546498],[-63.407920636819327,-7.175112571342646],[-63.416995719242671,-7.175104421615639],[-63.416987474911345,-7.166040673218349]]]}},
{"type":"Feature","properties":{"DESCRIPTION":"MDT_1440138.tif","FILENAME":"U:\\P589_AmazoniaRevelada_BR-319\\LiDAR_dataset\\ENTREGAS\\ENTREGA_02\\2_MDT\\GEOTIFF\\MDT_1440138.tif","SHRT_FNAME":"MDT_1440138.tif","UPPER_LEFT_X":"454959.476","UPPER_LEFT_Y":"9207874.949","LOWER_RIGHT_X":"455961.476","LOWER_RIGHT_Y":"9206872.949"},"geometry":{"type":"Polygon","coordinates":[[[-63.407929823276454,-7.16604879724354],[-63.398854909822653,-7.166056757838824],[-63.398862795675591,-7.175120526785934],[-63.407937888539614,-7.175112556020137],[-63.407929823276454,-7.16604879724354]]]}},
{"type":"Feature","properties":{"DESCRIPTION":"MDT_1440139.tif","FILENAME":"U:\\P589_AmazoniaRevelada_BR-319\\LiDAR_dataset\\ENTREGAS\\ENTREGA_02\\2_MDT\\GEOTIFF\\MDT_1440139.tif","SHRT_FNAME":"MDT_1440139.tif","UPPER_LEFT_X":"455959.571","UPPER_LEFT_Y":"9207874.949","LOWER_RIGHT_X":"456961.571","LOWER_RIGHT_Y":"9206872.949"},"geometry":{"type":"Polygon","coordinates":[[[-63.398872161221497,-7.166056742875638],[-63.389797237559812,-7.166064524737072],[-63.3898049443426,-7.175128303607222],[-63.398880047415503,-7.175120511803629],[-63.398872161221497,-7.166056742875638]]]}},
{"type":"Feature","properties":{"DESCRIPTION":"MDT_1440140.tif","FILENAME":"U:\\P589_AmazoniaRevelada_BR-319\\LiDAR_dataset\\ENTREGAS\\ENTREGA_02\\2_MDT\\GEOTIFF\\MDT_1440140.tif","SHRT_FNAME":"MDT_1440140.tif","UPPER_LEFT_X":"456959.666","UPPER_LEFT_Y":"9207874.949","LOWER_RIGHT_X":"457961.666","LOWER_RIGHT_Y":"9206872.949"},"geometry":{"type":"Polygon","coordinates":[[[-63.389814488977855,-7.166064510113658],[-63.380739555340085,-7.166072113240274],[-63.380747083051745,-7.175135901805549],[-63.389822196101704,-7.175128288965126],[-63.389814488977855,-7.166064510113658]]]}},
{"type":"Feature","properties":{"DESCRIPTION":"MDT_1440141.tif","FILENAME":"U:\\P589_AmazoniaRevelada_BR-319\\LiDAR_dataset\\ENTREGAS\\ENTREGA_02\\2_MDT\\GEOTIFF\\MDT_1440141.tif","SHRT_FNAME":"MDT_1440141.tif","UPPER_LEFT_X":"457959.762","UPPER_LEFT_Y":"9207874.949","LOWER_RIGHT_X":"458961.762","LOWER_RIGHT_Y":"9206872.949"},"geometry":{"type":"Polygon","coordinates":[[[-63.380756806776859,-7.166072098956636],[-63.371681863394791,-7.166079523347486],[-63.371689212034376,-7.175143321379966],[-63.380764334829578,-7.175135887503663],[-63.380756806776859,-7.166072098956636]]]}},
{"type":"Feature","properties":{"DESCRIPTION":"MDT_1440142.tif","FILENAME":"U:\\P589_AmazoniaRevelada_BR-319\\LiDAR_dataset\\ENTREGAS\\ENTREGA_02\\2_MDT\\GEOTIFF\\MDT_1440142.tif","SHRT_FNAME":"MDT_1440142.tif","UPPER_LEFT_X":"458959.857","UPPER_LEFT_Y":"9207874.949","LOWER_RIGHT_X":"459961.857","LOWER_RIGHT_Y":"9206872.949"},"geometry":{"type":"Polygon","coordinates":[[[-63.371699114849882,-7.166079509403626],[-63.362624161955303,-7.16608675505779],[-63.362631331521897,-7.175150562329555],[-63.37170646383052,-7.175143307418292],[-63.371699114849882,-7.166079509403626]]]}},
{"type":"Feature","properties":{"DESCRIPTION":"MDT_1440143.tif","FILENAME":"U:\\P589_AmazoniaRevelada_BR-319\\LiDAR_dataset\\ENTREGAS\\ENTREGA_02\\2_MDT\\GEOTIFF\\MDT_1440143.tif","SHRT_FNAME":"MDT_1440143.tif","UPPER_LEFT_X":"459959.952","UPPER_LEFT_Y":"9207874.949","LOWER_RIGHT_X":"460961.952","LOWER_RIGHT_Y":"9206872.949"},"geometry":{"type":"Polygon","coordinates":[[[-63.362641413428257,-7.166086741453709],[-63.353566451252981,-7.166093808370287],[-63.353573441745674,-7.17515762465341],[-63.362648583335904,-7.175150548708092],[-63.362641413428257,-7.166086741453709]]]}},
{"type":"Feature","properties":{"DESCRIPTION":"MDT_1440144.tif","FILENAME":"U:\\P589_AmazoniaRevelada_BR-319\\LiDAR_dataset\\ENTREGAS\\ENTREGA_02\\2_MDT\\GEOTIFF\\MDT_1440144.tif","SHRT_FNAME":"MDT_1440144.tif","UPPER_LEFT_X":"460960.047","UPPER_LEFT_Y":"9207874.949","LOWER_RIGHT_X":"461962.047","LOWER_RIGHT_Y":"9206872.949"},"geometry":{"type":"Polygon","coordinates":[[[-63.35358370274335,-7.166093795105986],[-63.34450873151917,-7.166100683284096],[-63.344515542937089,-7.175164508350662],[-63.353590693577111,-7.175157611372165],[-63.35358370274335,-7.166093795105986]]]}},
{"type":"Feature","properties":{"DESCRIPTION":"MDT_1440145.tif","FILENAME":"U:\\P589_AmazoniaRevelada_BR-319\\LiDAR_dataset\\ENTREGAS\\ENTREGA_02\\2_MDT\\GEOTIFF\\MDT_1440145.tif","SHRT_FNAME":"MDT_1440145.tif","UPPER_LEFT_X":"461960.142","UPPER_LEFT_Y":"9207874.949","LOWER_RIGHT_X":"462962.142","LOWER_RIGHT_Y":"9206872.949"},"geometry":{"type":"Polygon","coordinates":[[[-63.344525983026521,-7.16610067035958],[-63.335451002985238,-7.166107379798368],[-63.335457635327529,-7.175171213420446],[-63.344532794785515,-7.175164495409629],[-63.344525983026521,-7.16610067035958]]]}},
{"type":"Feature","properties":{"DESCRIPTION":"MDT_1440146.tif","FILENAME":"U:\\P589_AmazoniaRevelada_BR-319\\LiDAR_dataset\\ENTREGAS\\ENTREGA_02\\2_MDT\\GEOTIFF\\MDT_1440146.tif","SHRT_FNAME":"MDT_1440146.tif","UPPER_LEFT_X":"462960.238","UPPER_LEFT_Y":"9207874.949","LOWER_RIGHT_X":"463962.238","LOWER_RIGHT_Y":"9206872.949"},"geometry":{"type":"Polygon","coordinates":[[[-63.335468254509131,-7.166107367213632],[-63.32639326588253,-7.166113897912265],[-63.326399719148377,-7.175177739861933],[-63.33547488719249,-7.175171200819632],[-63.335468254509131,-7.166107367213632]]]}},
{"type":"Feature","properties":{"DESCRIPTION":"MDT_1440147.tif","FILENAME":"U:\\P589_AmazoniaRevelada_BR-319\\LiDAR_dataset\\ENTREGAS\\ENTREGA_02\\2_MDT\\GEOTIFF\\MDT_1440147.tif","SHRT_FNAME":"MDT_1440147.tif","UPPER_LEFT_X":"463960.333","UPPER_LEFT_Y":"9207874.949","LOWER_RIGHT_X":"464962.333","LOWER_RIGHT_Y":"9206872.949"},"geometry":{"type":"Polygon","coordinates":[[[-63.326410517422531,-7.166113885667315],[-63.31733552044242,-7.166120237624979],[-63.317341794630991,-7.175184087674309],[-63.326416971029431,-7.175177727601339],[-63.326410517422531,-7.166113885667315]]]}},
{"type":"Feature","properties":{"DESCRIPTION":"MDT_1441107.tif","FILENAME":"U:\\P589_AmazoniaRevelada_BR-319\\LiDAR_dataset\\ENTREGAS\\ENTREGA_02\\2_MDT\\GEOTIFF\\MDT_1441107.tif","SHRT_FNAME":"MDT_1441107.tif","UPPER_LEFT_X":"423956.525","UPPER_LEFT_Y":"9206875.074","LOWER_RIGHT_X":"424958.525","LOWER_RIGHT_Y":"9205873.074"},"geometry":{"type":"Polygon","coordinates":[[[-63.688724618101212,-7.17475811691591],[-63.679649957064697,-7.174771634871601],[-63.679663410880529,-7.183834979579097],[-63.688738251517506,-7.183821444374136],[-63.688724618101212,-7.17475811691591]]]}},
{"type":"Feature","properties":{"DESCRIPTION":"MDT_1441108.tif","FILENAME":"U:\\P589_AmazoniaRevelada_BR-319\\LiDAR_dataset\\ENTREGAS\\ENTREGA_02\\2_MDT\\GEOTIFF\\MDT_1441108.tif","SHRT_FNAME":"MDT_1441108.tif","UPPER_LEFT_X":"424956.620","UPPER_LEFT_Y":"9206875.074","LOWER_RIGHT_X":"425958.620","LOWER_RIGHT_Y":"9205873.074"},"geometry":{"type":"Polygon","coordinates":[[[-63.679667207990541,-7.174771609344064],[-63.670592529559691,-7.174784948379095],[-63.670605804114778,-7.18384831007498],[-63.679680662147788,-7.183834954018982],[-63.679667207990541,-7.174771609344064]]]}},
{"type":"Feature","properties":{"DESCRIPTION":"MDT_1441109.tif","FILENAME":"U:\\P589_AmazoniaRevelada_BR-319\\LiDAR_dataset\\ENTREGAS\\ENTREGA_02\\2_MDT\\GEOTIFF\\MDT_1441109.tif","SHRT_FNAME":"MDT_1441109.tif","UPPER_LEFT_X":"425956.715","UPPER_LEFT_Y":"9206875.074","LOWER_RIGHT_X":"426958.715","LOWER_RIGHT_Y":"9205873.074"},"geometry":{"type":"Polygon","coordinates":[[[-63.670609780518383,-7.174784923191687],[-63.661535084924971,-7.174798083304403],[-63.661548180217643,-7.183861461760802],[-63.670623055414886,-7.18384828485543],[-63.670609780518383,-7.174784923191687]]]}},
{"type":"Feature","properties":{"DESCRIPTION":"MDT_1441110.tif","FILENAME":"U:\\P589_AmazoniaRevelada_BR-319\\LiDAR_dataset\\ENTREGAS\\ENTREGA_02\\2_MDT\\GEOTIFF\\MDT_1441110.tif","SHRT_FNAME":"MDT_1441110.tif","UPPER_LEFT_X":"426956.810","UPPER_LEFT_Y":"9206875.074","LOWER_RIGHT_X":"427958.810","LOWER_RIGHT_Y":"9205873.074"},"geometry":{"type":"Polygon","coordinates":[[[-63.661552335916049,-7.174798058457125],[-63.652477623391832,-7.17481103964589],[-63.652490539420469,-7.183874434634927],[-63.661565431550166,-7.183861436881821],[-63.661552335916049,-7.174798058457125]]]}},
{"type":"Feature","properties":{"DESCRIPTION":"MDT_1441111.tif","FILENAME":"U:\\P589_AmazoniaRevelada_BR-319\\LiDAR_dataset\\ENTREGAS\\ENTREGA_02\\2_MDT\\GEOTIFF\\MDT_1441111.tif","SHRT_FNAME":"MDT_1441111.tif","UPPER_LEFT_X":"427956.906","UPPER_LEFT_Y":"9206875.074","LOWER_RIGHT_X":"428958.906","LOWER_RIGHT_Y":"9205873.074"},"geometry":{"type":"Polygon","coordinates":[[[-63.652494874414884,-7.174811015138749],[-63.643420145191619,-7.174823817401948],[-63.643432881954588,-7.183887228695744],[-63.652507790784945,-7.183874410096515],[-63.652494874414884,-7.174811015138749]]]}},
{"type":"Feature","properties":{"DESCRIPTION":"MDT_1441112.tif","FILENAME":"U:\\P589_AmazoniaRevelada_BR-319\\LiDAR_dataset\\ENTREGAS\\ENTREGA_02\\2_MDT\\GEOTIFF\\MDT_1441112.tif","SHRT_FNAME":"MDT_1441112.tif","UPPER_LEFT_X":"428957.001","UPPER_LEFT_Y":"9206875.074","LOWER_RIGHT_X":"429959.001","LOWER_RIGHT_Y":"9205873.074"},"geometry":{"type":"Polygon","coordinates":[[[-63.643437396246199,-7.174823793234945],[-63.634362650555659,-7.174836416570986],[-63.634375208051345,-7.18389984394166],[-63.643450133350598,-7.183887204497903],[-63.643437396246199,-7.174823793234945]]]}},
{"type":"Feature","properties":{"DESCRIPTION":"MDT_1441113.tif","FILENAME":"U:\\P589_AmazoniaRevelada_BR-319\\LiDAR_dataset\\ENTREGAS\\ENTREGA_02\\2_MDT\\GEOTIFF\\MDT_1441113.tif","SHRT_FNAME":"MDT_1441113.tif","UPPER_LEFT_X":"429957.096","UPPER_LEFT_Y":"9206875.074","LOWER_RIGHT_X":"430959.096","LOWER_RIGHT_Y":"9205873.074"},"geometry":{"type":"Polygon","coordinates":[[[-63.634379901641324,-7.174836392744124],[-63.625305139715273,-7.174848837151439],[-63.625317517942115,-7.183912280371108],[-63.634392459478448,-7.183899820084394],[-63.634379901641324,-7.174836392744124]]]}},
{"type":"Feature","properties":{"DESCRIPTION":"MDT_1441114.tif","FILENAME":"U:\\P589_AmazoniaRevelada_BR-319\\LiDAR_dataset\\ENTREGAS\\ENTREGA_02\\2_MDT\\GEOTIFF\\MDT_1441114.tif","SHRT_FNAME":"MDT_1441114.tif","UPPER_LEFT_X":"430957.191","UPPER_LEFT_Y":"9206875.074","LOWER_RIGHT_X":"431959.191","LOWER_RIGHT_Y":"9205873.074"},"geometry":{"type":"Polygon","coordinates":[[[-63.625322390831585,-7.174848813664721],[-63.616247612901788,-7.174861079141762],[-63.616259811858242,-7.183924537982543],[-63.625334769399863,-7.183912256854422],[-63.625322390831585,-7.174848813664721]]]}},
{"type":"Feature","properties":{"DESCRIPTION":"MDT_1441115.tif","FILENAME":"U:\\P589_AmazoniaRevelada_BR-319\\LiDAR_dataset\\ENTREGAS\\ENTREGA_02\\2_MDT\\GEOTIFF\\MDT_1441115.tif","SHRT_FNAME":"MDT_1441115.tif","UPPER_LEFT_X":"431957.286","UPPER_LEFT_Y":"9206875.074","LOWER_RIGHT_X":"432959.286","LOWER_RIGHT_Y":"9205873.074"},"geometry":{"type":"Polygon","coordinates":[[[-63.616264864048297,-7.174861055995193],[-63.60719007034654,-7.174873142540436],[-63.607202090031066,-7.18393661677444],[-63.616277063346189,-7.183924514806438],[-63.616264864048297,-7.174861055995193]]]}},
{"type":"Feature","properties":{"DESCRIPTION":"MDT_1441116.tif","FILENAME":"U:\\P589_AmazoniaRevelada_BR-319\\LiDAR_dataset\\ENTREGAS\\ENTREGA_02\\2_MDT\\GEOTIFF\\MDT_1441116.tif","SHRT_FNAME":"MDT_1441116.tif","UPPER_LEFT_X":"432957.382","UPPER_LEFT_Y":"9206875.074","LOWER_RIGHT_X":"433959.382","LOWER_RIGHT_Y":"9205873.074"},"geometry":{"type":"Polygon","coordinates":[[[-63.607207321522822,-7.174873119734017],[-63.59813251228087,-7.174885027345962],[-63.598144352691953,-7.183948516745298],[-63.607219341548785,-7.183936593938919],[-63.607207321522822,-7.174873119734017]]]}},
{"type":"Feature","properties":{"DESCRIPTION":"MDT_1441117.tif","FILENAME":"U:\\P589_AmazoniaRevelada_BR-319\\LiDAR_dataset\\ENTREGAS\\ENTREGA_02\\2_MDT\\GEOTIFF\\MDT_1441117.tif","SHRT_FNAME":"MDT_1441117.tif","UPPER_LEFT_X":"433957.477","UPPER_LEFT_Y":"9206875.074","LOWER_RIGHT_X":"434959.477","LOWER_RIGHT_Y":"9205873.074"},"geometry":{"type":"Polygon","coordinates":[[[-63.598149763486461,-7.174885004879694],[-63.589074938936093,-7.174896733556857],[-63.589086600072264,-7.183960237893638],[-63.598161604238989,-7.183948494250366],[-63.598149763486461,-7.174885004879694]]]}},
{"type":"Feature","properties":{"DESCRIPTION":"MDT_1441118.tif","FILENAME":"U:\\P589_AmazoniaRevelada_BR-319\\LiDAR_dataset\\ENTREGAS\\ENTREGA_02\\2_MDT\\GEOTIFF\\MDT_1441118.tif","SHRT_FNAME":"MDT_1441118.tif","UPPER_LEFT_X":"434957.572","UPPER_LEFT_Y":"9206875.074","LOWER_RIGHT_X":"435959.572","LOWER_RIGHT_Y":"9205873.074"},"geometry":{"type":"Polygon","coordinates":[[[-63.589092190170582,-7.174896711430747],[-63.580017350543578,-7.17490826117167],[-63.580028832403343,-7.183971780218002],[-63.58910385164819,-7.183960215739295],[-63.589092190170582,-7.174896711430747]]]}},
{"type":"Feature","properties":{"DESCRIPTION":"MDT_1441119.tif","FILENAME":"U:\\P589_AmazoniaRevelada_BR-319\\LiDAR_dataset\\ENTREGAS\\ENTREGA_02\\2_MDT\\GEOTIFF\\MDT_1441119.tif","SHRT_FNAME":"MDT_1441119.tif","UPPER_LEFT_X":"435957.667","UPPER_LEFT_Y":"9206875.074","LOWER_RIGHT_X":"436959.667","LOWER_RIGHT_Y":"9205873.074"},"geometry":{"type":"Polygon","coordinates":[[[-63.580034601806489,-7.17490823938572],[-63.570959747334641,-7.174919610188967],[-63.570971049916594,-7.183983143716956],[-63.580046084007719,-7.183971758404252],[-63.580034601806489,-7.17490823938572]]]}},
{"type":"Feature","properties":{"DESCRIPTION":"MDT_1441120.tif","FILENAME":"U:\\P589_AmazoniaRevelada_BR-319\\LiDAR_dataset\\ENTREGAS\\ENTREGA_02\\2_MDT\\GEOTIFF\\MDT_1441120.tif","SHRT_FNAME":"MDT_1441120.tif","UPPER_LEFT_X":"436957.762","UPPER_LEFT_Y":"9206875.074","LOWER_RIGHT_X":"437959.762","LOWER_RIGHT_Y":"9205873.074"},"geometry":{"type":"Polygon","coordinates":[[[-63.570976998625554,-7.174919588743179],[-63.561902129540641,-7.17493078060734],[-63.561913252843333,-7.183994328389089],[-63.570988301548951,-7.183983122243802],[-63.570976998625554,-7.174919588743179]]]}},
{"type":"Feature","properties":{"DESCRIPTION":"MDT_1441121.tif","FILENAME":"U:\\P589_AmazoniaRevelada_BR-319\\LiDAR_dataset\\ENTREGAS\\ENTREGA_02\\2_MDT\\GEOTIFF\\MDT_1441121.tif","SHRT_FNAME":"MDT_1441121.tif","UPPER_LEFT_X":"437957.858","UPPER_LEFT_Y":"9206875.074","LOWER_RIGHT_X":"438959.858","LOWER_RIGHT_Y":"9205873.074"},"geometry":{"type":"Polygon","coordinates":[[[-63.561919380859102,-7.174930759501714],[-63.552844497392904,-7.174941772425397],[-63.552855441414955,-7.184005334233007],[-63.561930504503259,-7.183994307256531],[-63.561919380859102,-7.174930759501714]]]}},
{"type":"Feature","properties":{"DESCRIPTION":"MDT_1441122.tif","FILENAME":"U:\\P589_AmazoniaRevelada_BR-319\\LiDAR_dataset\\ENTREGAS\\ENTREGA_02\\2_MDT\\GEOTIFF\\MDT_1441122.tif","SHRT_FNAME":"MDT_1441122.tif","UPPER_LEFT_X":"438957.953","UPPER_LEFT_Y":"9206875.074","LOWER_RIGHT_X":"439959.953","LOWER_RIGHT_Y":"9205873.074"},"geometry":{"type":"Polygon","coordinates":[[[-63.552861748738493,-7.174941751659938],[-63.543786851122796,-7.174952585641772],[-63.543797615862829,-7.184016161247343],[-63.55287269310201,-7.184005313441051],[-63.552861748738493,-7.174941751659938]]]}},
{"type":"Feature","properties":{"DESCRIPTION":"MDT_1441123.tif","FILENAME":"U:\\P589_AmazoniaRevelada_BR-319\\LiDAR_dataset\\ENTREGAS\\ENTREGA_02\\2_MDT\\GEOTIFF\\MDT_1441123.tif","SHRT_FNAME":"MDT_1441123.tif","UPPER_LEFT_X":"439958.048","UPPER_LEFT_Y":"9206875.074","LOWER_RIGHT_X":"440960.048","LOWER_RIGHT_Y":"9205873.074"},"geometry":{"type":"Polygon","coordinates":[[[-63.543804102495059,-7.174952565216482],[-63.534729190961635,-7.17496322025512],[-63.534739776418313,-7.184026809430752],[-63.543814867576565,-7.184016140795991],[-63.543804102495059,-7.174952565216482]]]}},
{"type":"Feature","properties":{"DESCRIPTION":"MDT_1441124.tif","FILENAME":"U:\\P589_AmazoniaRevelada_BR-319\\LiDAR_dataset\\ENTREGAS\\ENTREGA_02\\2_MDT\\GEOTIFF\\MDT_1441124.tif","SHRT_FNAME":"MDT_1441124.tif","UPPER_LEFT_X":"440958.143","UPPER_LEFT_Y":"9206875.074","LOWER_RIGHT_X":"441960.143","LOWER_RIGHT_Y":"9205873.074"},"geometry":{"type":"Polygon","coordinates":[[[-63.534746442360152,-7.174963200170005],[-63.525671517140815,-7.174973676264123],[-63.525681923312789,-7.18403727878191],[-63.534757028158289,-7.184026789320007],[-63.534746442360152,-7.174963200170005]]]}},
{"type":"Feature","properties":{"DESCRIPTION":"MDT_1441125.tif","FILENAME":"U:\\P589_AmazoniaRevelada_BR-319\\LiDAR_dataset\\ENTREGAS\\ENTREGA_02\\2_MDT\\GEOTIFF\\MDT_1441125.tif","SHRT_FNAME":"MDT_1441125.tif","UPPER_LEFT_X":"441958.238","UPPER_LEFT_Y":"9206875.074","LOWER_RIGHT_X":"442960.238","LOWER_RIGHT_Y":"9205873.074"},"geometry":{"type":"Polygon","coordinates":[[[-63.525688768565111,-7.174973656519181],[-63.516613829891632,-7.174983953667479],[-63.516624056777609,-7.184047569299518],[-63.52569917507855,-7.184037259011773],[-63.525688768565111,-7.174973656519181]]]}},
{"type":"Feature","properties":{"DESCRIPTION":"MDT_1441126.tif","FILENAME":"U:\\P589_AmazoniaRevelada_BR-319\\LiDAR_dataset\\ENTREGAS\\ENTREGA_02\\2_MDT\\GEOTIFF\\MDT_1441126.tif","SHRT_FNAME":"MDT_1441126.tif","UPPER_LEFT_X":"442958.334","UPPER_LEFT_Y":"9206875.074","LOWER_RIGHT_X":"443960.334","LOWER_RIGHT_Y":"9205873.074"},"geometry":{"type":"Polygon","coordinates":[[[-63.516631081341302,-7.174983934262713],[-63.507556129445497,-7.174994052463907],[-63.50756617704419,-7.184057680982291],[-63.516641308568744,-7.18404754986999],[-63.516631081341302,-7.174983934262713]]]}},
{"type":"Feature","properties":{"DESCRIPTION":"MDT_1441127.tif","FILENAME":"U:\\P589_AmazoniaRevelada_BR-319\\LiDAR_dataset\\ENTREGAS\\ENTREGA_02\\2_MDT\\GEOTIFF\\MDT_1441127.tif","SHRT_FNAME":"MDT_1441127.tif","UPPER_LEFT_X":"443958.429","UPPER_LEFT_Y":"9206875.074","LOWER_RIGHT_X":"444960.429","LOWER_RIGHT_Y":"9205873.074"},"geometry":{"type":"Polygon","coordinates":[[[-63.507573380920064,-7.174994033399322],[-63.498498416033726,-7.175003972652158],[-63.498508284343863,-7.184067613828977],[-63.507583428860237,-7.184057661893377],[-63.507573380920064,-7.174994033399322]]]}},
{"type":"Feature","properties":{"DESCRIPTION":"MDT_1441128.tif","FILENAME":"U:\\P589_AmazoniaRevelada_BR-319\\LiDAR_dataset\\ENTREGAS\\ENTREGA_02\\2_MDT\\GEOTIFF\\MDT_1441128.tif","SHRT_FNAME":"MDT_1441128.tif","UPPER_LEFT_X":"444958.524","UPPER_LEFT_Y":"9206875.074","LOWER_RIGHT_X":"445960.524","LOWER_RIGHT_Y":"9205873.074"},"geometry":{"type":"Polygon","coordinates":[[[-63.498515667532772,-7.175003953927753],[-63.489440689887687,-7.175013714230995],[-63.489450378908046,-7.184077367838339],[-63.498525536184395,-7.184067595080678],[-63.498515667532772,-7.175003953927753]]]}},
{"type":"Feature","properties":{"DESCRIPTION":"MDT_1441129.tif","FILENAME":"U:\\P589_AmazoniaRevelada_BR-319\\LiDAR_dataset\\ENTREGAS\\ENTREGA_02\\2_MDT\\GEOTIFF\\MDT_1441129.tif","SHRT_FNAME":"MDT_1441129.tif","UPPER_LEFT_X":"445958.619","UPPER_LEFT_Y":"9206875.074","LOWER_RIGHT_X":"446960.619","LOWER_RIGHT_Y":"9205873.074"},"geometry":{"type":"Polygon","coordinates":[[[-63.489457941410762,-7.175013695846773],[-63.480382951238731,-7.175023277199205],[-63.480392460968098,-7.184086943009166],[-63.489467630772602,-7.184077349430659],[-63.489457941410762,-7.175013695846773]]]}},
{"type":"Feature","properties":{"DESCRIPTION":"MDT_1441130.tif","FILENAME":"U:\\P589_AmazoniaRevelada_BR-319\\LiDAR_dataset\\ENTREGAS\\ENTREGA_02\\2_MDT\\GEOTIFF\\MDT_1441130.tif","SHRT_FNAME":"MDT_1441130.tif","UPPER_LEFT_X":"446958.714","UPPER_LEFT_Y":"9206875.074","LOWER_RIGHT_X":"447960.714","LOWER_RIGHT_Y":"9205873.074"},"geometry":{"type":"Polygon","coordinates":[[[-63.480400202785411,-7.175023259155171],[-63.471325200318233,-7.175032661555604],[-63.471334530755399,-7.184096339340264],[-63.480409712856257,-7.184086924942106],[-63.480400202785411,-7.175023259155171]]]}},
{"type":"Feature","properties":{"DESCRIPTION":"MDT_1441131.tif","FILENAME":"U:\\P589_AmazoniaRevelada_BR-319\\LiDAR_dataset\\ENTREGAS\\ENTREGA_02\\2_MDT\\GEOTIFF\\MDT_1441131.tif","SHRT_FNAME":"MDT_1441131.tif","UPPER_LEFT_X":"447958.810","UPPER_LEFT_Y":"9206875.074","LOWER_RIGHT_X":"448960.810","LOWER_RIGHT_Y":"9205873.074"},"geometry":{"type":"Polygon","coordinates":[[[-63.471342451888063,-7.175032643851758],[-63.462267437357546,-7.175041867299022],[-63.462276588501339,-7.18410555683047],[-63.471351782666716,-7.184096321613827],[-63.471342451888063,-7.175032643851758]]]}},
{"type":"Feature","properties":{"DESCRIPTION":"MDT_1441132.tif","FILENAME":"U:\\P589_AmazoniaRevelada_BR-319\\LiDAR_dataset\\ENTREGAS\\ENTREGA_02\\2_MDT\\GEOTIFF\\MDT_1441132.tif","SHRT_FNAME":"MDT_1441132.tif","UPPER_LEFT_X":"448958.905","UPPER_LEFT_Y":"9206875.074","LOWER_RIGHT_X":"449960.905","LOWER_RIGHT_Y":"9205873.074"},"geometry":{"type":"Polygon","coordinates":[[[-63.462284688950085,-7.175041849935369],[-63.453209662588023,-7.175050894428316],[-63.453218634437313,-7.184114595478633],[-63.462293840435372,-7.184105539444657],[-63.462284688950085,-7.175041849935369]]]}},
{"type":"Feature","properties":{"DESCRIPTION":"MDT_1441133.tif","FILENAME":"U:\\P589_AmazoniaRevelada_BR-319\\LiDAR_dataset\\ENTREGAS\\ENTREGA_02\\2_MDT\\GEOTIFF\\MDT_1441133.tif","SHRT_FNAME":"MDT_1441133.tif","UPPER_LEFT_X":"449959.000","UPPER_LEFT_Y":"9206875.074","LOWER_RIGHT_X":"450961.000","LOWER_RIGHT_Y":"9205873.074"},"geometry":{"type":"Polygon","coordinates":[[[-63.453226914202844,-7.175050877404853],[-63.444151876241058,-7.175059742942366],[-63.444160668794709,-7.184123455283633],[-63.453235886393621,-7.184114578433449],[-63.453226914202844,-7.175050877404853]]]}},
{"type":"Feature","properties":{"DESCRIPTION":"MDT_1441134.tif","FILENAME":"U:\\P589_AmazoniaRevelada_BR-319\\LiDAR_dataset\\ENTREGAS\\ENTREGA_02\\2_MDT\\GEOTIFF\\MDT_1441134.tif","SHRT_FNAME":"MDT_1441134.tif","UPPER_LEFT_X":"450959.095","UPPER_LEFT_Y":"9206875.074","LOWER_RIGHT_X":"451961.095","LOWER_RIGHT_Y":"9205873.074"},"geometry":{"type":"Polygon","coordinates":[[[-63.444169127877693,-7.175059726259097],[-63.435094078547984,-7.175068412840067],[-63.435102691804886,-7.184132136244371],[-63.44417792077283,-7.184123438579078],[-63.444169127877693,-7.175059726259097]]]}},
{"type":"Feature","properties":{"DESCRIPTION":"MDT_1441135.tif","FILENAME":"U:\\P589_AmazoniaRevelada_BR-319\\LiDAR_dataset\\ENTREGAS\\ENTREGA_02\\2_MDT\\GEOTIFF\\MDT_1441135.tif","SHRT_FNAME":"MDT_1441135.tif","UPPER_LEFT_X":"451959.190","UPPER_LEFT_Y":"9206875.074","LOWER_RIGHT_X":"452961.190","LOWER_RIGHT_Y":"9205873.074"},"geometry":{"type":"Polygon","coordinates":[[[-63.43511133020602,-7.175068396496996],[-63.42603626974018,-7.175076904120345],[-63.426044703699255,-7.18414063835976],[-63.435119943804409,-7.184132119880444],[-63.43511133020602,-7.175068396496996]]]}},
{"type":"Feature","properties":{"DESCRIPTION":"MDT_1441136.tif","FILENAME":"U:\\P589_AmazoniaRevelada_BR-319\\LiDAR_dataset\\ENTREGAS\\ENTREGA_02\\2_MDT\\GEOTIFF\\MDT_1441136.tif","SHRT_FNAME":"MDT_1441136.tif","UPPER_LEFT_X":"452959.286","UPPER_LEFT_Y":"9206875.074","LOWER_RIGHT_X":"453961.286","LOWER_RIGHT_Y":"9205873.074"},"geometry":{"type":"Polygon","coordinates":[[[-63.426053521419156,-7.175076888117472],[-63.416978450049015,-7.175085216782143],[-63.416986704709217,-7.184148961628747],[-63.426061955719732,-7.184140622336467],[-63.426053521419156,-7.175076888117472]]]}},
{"type":"Feature","properties":{"DESCRIPTION":"MDT_1441137.tif","FILENAME":"U:\\P589_AmazoniaRevelada_BR-319\\LiDAR_dataset\\ENTREGAS\\ENTREGA_02\\2_MDT\\GEOTIFF\\MDT_1441137.tif","SHRT_FNAME":"MDT_1441137.tif","UPPER_LEFT_X":"453959.381","UPPER_LEFT_Y":"9206875.074","LOWER_RIGHT_X":"454961.381","LOWER_RIGHT_Y":"9205873.074"},"geometry":{"type":"Polygon","coordinates":[[[-63.416995701748512,-7.175085201119471],[-63.40792061970587,-7.175093350824429],[-63.40792869506614,-7.1841571060503],[-63.417003956750207,-7.184148945946092],[-63.416995701748512,-7.175085201119471]]]}},
{"type":"Feature","properties":{"DESCRIPTION":"MDT_1441138.tif","FILENAME":"U:\\P589_AmazoniaRevelada_BR-319\\LiDAR_dataset\\ENTREGAS\\ENTREGA_02\\2_MDT\\GEOTIFF\\MDT_1441138.tif","SHRT_FNAME":"MDT_1441138.tif","UPPER_LEFT_X":"454959.476","UPPER_LEFT_Y":"9206875.074","LOWER_RIGHT_X":"455961.476","LOWER_RIGHT_Y":"9205873.074"},"geometry":{"type":"Polygon","coordinates":[[[-63.407937871425432,-7.175093335501958],[-63.39886277894211,-7.175101306246187],[-63.398870675001447,-7.184165071623405],[-63.407945947127203,-7.184157090708283],[-63.407937871425432,-7.175093335501958]]]}},
{"type":"Feature","properties":{"DESCRIPTION":"MDT_1441139.tif","FILENAME":"U:\\P589_AmazoniaRevelada_BR-319\\LiDAR_dataset\\ENTREGAS\\ENTREGA_02\\2_MDT\\GEOTIFF\\MDT_1441139.tif","SHRT_FNAME":"MDT_1441139.tif","UPPER_LEFT_X":"455959.571","UPPER_LEFT_Y":"9206875.074","LOWER_RIGHT_X":"456961.571","LOWER_RIGHT_Y":"9205873.074"},"geometry":{"type":"Polygon","coordinates":[[[-63.398880030681283,-7.175101291263924],[-63.38980492798909,-7.175109083046434],[-63.38981264474652,-7.184172858347069],[-63.398887927082136,-7.184165056622024],[-63.398880030681283,-7.175101291263924]]]}},
{"type":"Feature","properties":{"DESCRIPTION":"MDT_1441140.tif","FILENAME":"U:\\P589_AmazoniaRevelada_BR-319\\LiDAR_dataset\\ENTREGAS\\ENTREGA_02\\2_MDT\\GEOTIFF\\MDT_1441140.tif","SHRT_FNAME":"MDT_1441140.tif","UPPER_LEFT_X":"456959.666","UPPER_LEFT_Y":"9206875.074","LOWER_RIGHT_X":"457961.666","LOWER_RIGHT_Y":"9205873.074"},"geometry":{"type":"Polygon","coordinates":[[[-63.389822179747469,-7.175109068404378],[-63.380747067078204,-7.175116681224199],[-63.38075460453274,-7.184180466220325],[-63.389829896846393,-7.184172843686328],[-63.389822179747469,-7.175109068404378]]]}},
{"type":"Feature","properties":{"DESCRIPTION":"MDT_1441141.tif","FILENAME":"U:\\P589_AmazoniaRevelada_BR-319\\LiDAR_dataset\\ENTREGAS\\ENTREGA_02\\2_MDT\\GEOTIFF\\MDT_1441141.tif","SHRT_FNAME":"MDT_1441141.tif","UPPER_LEFT_X":"457959.762","UPPER_LEFT_Y":"9206875.074","LOWER_RIGHT_X":"458961.762","LOWER_RIGHT_Y":"9205873.074"},"geometry":{"type":"Polygon","coordinates":[[[-63.380764318855334,-7.175116666922351],[-63.371689196440826,-7.175124100778541],[-63.37169655459153,-7.184187895242231],[-63.380771856651371,-7.184180451900229],[-63.380764318855334,-7.175116666922351]]]}},
{"type":"Feature","properties":{"DESCRIPTION":"MDT_1441142.tif","FILENAME":"U:\\P589_AmazoniaRevelada_BR-319\\LiDAR_dataset\\ENTREGAS\\ENTREGA_02\\2_MDT\\GEOTIFF\\MDT_1441142.tif","SHRT_FNAME":"MDT_1441142.tif","UPPER_LEFT_X":"458959.857","UPPER_LEFT_Y":"9206875.074","LOWER_RIGHT_X":"459961.857","LOWER_RIGHT_Y":"9205873.074"},"geometry":{"type":"Polygon","coordinates":[[[-63.37170644823626,-7.175124086816903],[-63.362631316308338,-7.175131341708537],[-63.362638495154279,-7.184195145411858],[-63.371713806728451,-7.184187881262777],[-63.37170644823626,-7.175124086816903]]]}},
{"type":"Feature","properties":{"DESCRIPTION":"MDT_1441143.tif","FILENAME":"U:\\P589_AmazoniaRevelada_BR-319\\LiDAR_dataset\\ENTREGAS\\ENTREGA_02\\2_MDT\\GEOTIFF\\MDT_1441143.tif","SHRT_FNAME":"MDT_1441143.tif","UPPER_LEFT_X":"459959.952","UPPER_LEFT_Y":"9206875.074","LOWER_RIGHT_X":"460961.952","LOWER_RIGHT_Y":"9205873.074"},"geometry":{"type":"Polygon","coordinates":[[[-63.362648568121635,-7.175131328087111],[-63.353573426912114,-7.175138404013285],[-63.353580426452382,-7.184202216728307],[-63.362655747309077,-7.184195131773049],[-63.362648568121635,-7.175131328087111]]]}},
{"type":"Feature","properties":{"DESCRIPTION":"MDT_1441144.tif","FILENAME":"U:\\P589_AmazoniaRevelada_BR-319\\LiDAR_dataset\\ENTREGAS\\ENTREGA_02\\2_MDT\\GEOTIFF\\MDT_1441144.tif","SHRT_FNAME":"MDT_1441144.tif","UPPER_LEFT_X":"460960.047","UPPER_LEFT_Y":"9206875.074","LOWER_RIGHT_X":"461962.047","LOWER_RIGHT_Y":"9205873.074"},"geometry":{"type":"Polygon","coordinates":[[[-63.353590678742826,-7.175138390732072],[-63.34451552848352,-7.175145287691906],[-63.344522348717248,-7.184209109190699],[-63.353597678624602,-7.184202203430149],[-63.353590678742826,-7.175138390732072]]]}},
{"type":"Feature","properties":{"DESCRIPTION":"MDT_1441145.tif","FILENAME":"U:\\P589_AmazoniaRevelada_BR-319\\LiDAR_dataset\\ENTREGAS\\ENTREGA_02\\2_MDT\\GEOTIFF\\MDT_1441145.tif","SHRT_FNAME":"MDT_1441145.tif","UPPER_LEFT_X":"461960.142","UPPER_LEFT_Y":"9206875.074","LOWER_RIGHT_X":"462962.142","LOWER_RIGHT_Y":"9205873.074"},"geometry":{"type":"Polygon","coordinates":[[[-63.344532780331214,-7.175145274750909],[-63.335457621253944,-7.175151992743546],[-63.335464262180281,-7.184215822798178],[-63.344539600906458,-7.184209096233191],[-63.344532780331214,-7.175145274750909]]]}},
{"type":"Feature","properties":{"DESCRIPTION":"MDT_1441146.tif","FILENAME":"U:\\P589_AmazoniaRevelada_BR-319\\LiDAR_dataset\\ENTREGAS\\ENTREGA_02\\2_MDT\\GEOTIFF\\MDT_1441146.tif","SHRT_FNAME":"MDT_1441146.tif","UPPER_LEFT_X":"462960.238","UPPER_LEFT_Y":"9206875.074","LOWER_RIGHT_X":"463962.238","LOWER_RIGHT_Y":"9205873.074"},"geometry":{"type":"Polygon","coordinates":[[[-63.33547487311818,-7.175151980142768],[-63.326399705454776,-7.175158519167374],[-63.326406167072875,-7.184222357549908],[-63.335481514386032,-7.18421581018132],[-63.33547487311818,-7.175151980142768]]]}},
{"type":"Feature","properties":{"DESCRIPTION":"MDT_1441147.tif","FILENAME":"U:\\P589_AmazoniaRevelada_BR-319\\LiDAR_dataset\\ENTREGAS\\ENTREGA_02\\2_MDT\\GEOTIFF\\MDT_1441147.tif","SHRT_FNAME":"MDT_1441147.tif","UPPER_LEFT_X":"463960.333","UPPER_LEFT_Y":"9206875.074","LOWER_RIGHT_X":"464962.333","LOWER_RIGHT_Y":"9205873.074"},"geometry":{"type":"Polygon","coordinates":[[[-63.32641695733512,-7.175158506906812],[-63.317341781317396,-7.175164866962575],[-63.317348063626454,-7.184228713445078],[-63.326423419294734,-7.184222345273703],[-63.32641695733512,-7.175158506906812]]]}},
{"type":"Feature","properties":{"DESCRIPTION":"MDT_1442107.tif","FILENAME":"U:\\P589_AmazoniaRevelada_BR-319\\LiDAR_dataset\\ENTREGAS\\ENTREGA_02\\2_MDT\\GEOTIFF\\MDT_1442107.tif","SHRT_FNAME":"MDT_1442107.tif","UPPER_LEFT_X":"423956.525","UPPER_LEFT_Y":"9205875.198","LOWER_RIGHT_X":"424958.525","LOWER_RIGHT_Y":"9204873.198"},"geometry":{"type":"Polygon","coordinates":[[[-63.688738222587915,-7.183802224770611],[-63.679663382332045,-7.183815759938994],[-63.679676853539839,-7.192879101056266],[-63.688751873628355,-7.192865548637962],[-63.688738222587915,-7.183802224770611]]]}},
{"type":"Feature","properties":{"DESCRIPTION":"MDT_1442108.tif","FILENAME":"U:\\P589_AmazoniaRevelada_BR-319\\LiDAR_dataset\\ENTREGAS\\ENTREGA_02\\2_MDT\\GEOTIFF\\MDT_1442108.tif","SHRT_FNAME":"MDT_1442108.tif","UPPER_LEFT_X":"424956.620","UPPER_LEFT_Y":"9205875.198","LOWER_RIGHT_X":"425958.620","LOWER_RIGHT_Y":"9204873.198"},"geometry":{"type":"Polygon","coordinates":[[[-63.679680633598579,-7.18381573437895],[-63.67060577594669,-7.183829090398852],[-63.670619067662017,-7.192892448505157],[-63.679694105148243,-7.192879075463648],[-63.679680633598579,-7.18381573437895]]]}},
{"type":"Feature","properties":{"DESCRIPTION":"MDT_1442109.tif","FILENAME":"U:\\P589_AmazoniaRevelada_BR-319\\LiDAR_dataset\\ENTREGAS\\ENTREGA_02\\2_MDT\\GEOTIFF\\MDT_1442109.tif","SHRT_FNAME":"MDT_1442109.tif","UPPER_LEFT_X":"425956.715","UPPER_LEFT_Y":"9205875.198","LOWER_RIGHT_X":"426958.715","LOWER_RIGHT_Y":"9204873.198"},"geometry":{"type":"Polygon","coordinates":[[[-63.670623027246073,-7.183829065179371],[-63.661548152429937,-7.18384224204913],[-63.661561264651127,-7.192905616916586],[-63.670636319303256,-7.192892423253534],[-63.670623027246073,-7.183829065179371]]]}},
{"type":"Feature","properties":{"DESCRIPTION":"MDT_1442110.tif","FILENAME":"U:\\P589_AmazoniaRevelada_BR-319\\LiDAR_dataset\\ENTREGAS\\ENTREGA_02\\2_MDT\\GEOTIFF\\MDT_1442110.tif","SHRT_FNAME":"MDT_1442110.tif","UPPER_LEFT_X":"426956.810","UPPER_LEFT_Y":"9205875.198","LOWER_RIGHT_X":"427958.810","LOWER_RIGHT_Y":"9204873.198"},"geometry":{"type":"Polygon","coordinates":[[[-63.661565403761735,-7.183842217170215],[-63.652490512013159,-7.183855214888196],[-63.652503444738549,-7.192918606288917],[-63.661578516324788,-7.192905592005965],[-63.661565403761735,-7.183842217170215]]]}},
{"type":"Feature","properties":{"DESCRIPTION":"MDT_1442111.tif","FILENAME":"U:\\P589_AmazoniaRevelada_BR-319\\LiDAR_dataset\\ENTREGAS\\ENTREGA_02\\2_MDT\\GEOTIFF\\MDT_1442111.tif","SHRT_FNAME":"MDT_1442111.tif","UPPER_LEFT_X":"427956.906","UPPER_LEFT_Y":"9205875.198","LOWER_RIGHT_X":"428958.906","LOWER_RIGHT_Y":"9204873.198"},"geometry":{"type":"Polygon","coordinates":[[[-63.65250776337691,-7.183855190349849],[-63.64343285492766,-7.183868008914436],[-63.643445608155659,-7.192931416620532],[-63.652520696444185,-7.192918581719297],[-63.65250776337691,-7.183855190349849]]]}},
{"type":"Feature","properties":{"DESCRIPTION":"MDT_1442112.tif","FILENAME":"U:\\P589_AmazoniaRevelada_BR-319\\LiDAR_dataset\\ENTREGAS\\ENTREGA_02\\2_MDT\\GEOTIFF\\MDT_1442112.tif","SHRT_FNAME":"MDT_1442112.tif","UPPER_LEFT_X":"428957.001","UPPER_LEFT_Y":"9205875.198","LOWER_RIGHT_X":"429959.001","LOWER_RIGHT_Y":"9204873.198"},"geometry":{"type":"Polygon","coordinates":[[[-63.643450106322952,-7.183867984716662],[-63.634375181404828,-7.183880624126258],[-63.634387755133808,-7.192944047909841],[-63.643462859892814,-7.192931392391918],[-63.643450106322952,-7.183867984716662]]]}},
{"type":"Feature","properties":{"DESCRIPTION":"MDT_1442113.tif","FILENAME":"U:\\P589_AmazoniaRevelada_BR-319\\LiDAR_dataset\\ENTREGAS\\ENTREGA_02\\2_MDT\\GEOTIFF\\MDT_1442113.tif","SHRT_FNAME":"MDT_1442113.tif","UPPER_LEFT_X":"429957.096","UPPER_LEFT_Y":"9205875.198","LOWER_RIGHT_X":"430959.096","LOWER_RIGHT_Y":"9204873.198"},"geometry":{"type":"Polygon","coordinates":[[[-63.634392432831206,-7.18388060026906],[-63.625317491676,-7.183893060522099],[-63.625329885904399,-7.192956500155276],[-63.634405006902071,-7.192944024022237],[-63.634392432831206,-7.18388060026906]]]}},
{"type":"Feature","properties":{"DESCRIPTION":"MDT_1442114.tif","FILENAME":"U:\\P589_AmazoniaRevelada_BR-319\\LiDAR_dataset\\ENTREGAS\\ENTREGA_02\\2_MDT\\GEOTIFF\\MDT_1442114.tif","SHRT_FNAME":"MDT_1442114.tif","UPPER_LEFT_X":"430957.191","UPPER_LEFT_Y":"9205875.198","LOWER_RIGHT_X":"431959.191","LOWER_RIGHT_Y":"9204873.198"},"geometry":{"type":"Polygon","coordinates":[[[-63.625334743133024,-7.183893037005476],[-63.616259785972517,-7.183905318100405],[-63.616272000698771,-7.192968773355285],[-63.625347137703294,-7.192956476608683],[-63.625334743133024,-7.183893037005476]]]}},
{"type":"Feature","properties":{"DESCRIPTION":"MDT_1442115.tif","FILENAME":"U:\\P589_AmazoniaRevelada_BR-319\\LiDAR_dataset\\ENTREGAS\\ENTREGA_02\\2_MDT\\GEOTIFF\\MDT_1442115.tif","SHRT_FNAME":"MDT_1442115.tif","UPPER_LEFT_X":"431957.286","UPPER_LEFT_Y":"9205875.198","LOWER_RIGHT_X":"432959.286","LOWER_RIGHT_Y":"9204873.198"},"geometry":{"type":"Polygon","coordinates":[[[-63.616277037459746,-7.183905294924365],[-63.607202064525751,-7.18391739685966],[-63.607214099748326,-7.192980867508346],[-63.616289252527892,-7.192968750149707],[-63.616277037459746,-7.183905294924365]]]}},
{"type":"Feature","properties":{"DESCRIPTION":"MDT_1442116.tif","FILENAME":"U:\\P589_AmazoniaRevelada_BR-319\\LiDAR_dataset\\ENTREGAS\\ENTREGA_02\\2_MDT\\GEOTIFF\\MDT_1442116.tif","SHRT_FNAME":"MDT_1442116.tif","UPPER_LEFT_X":"432957.382","UPPER_LEFT_Y":"9205875.198","LOWER_RIGHT_X":"433959.382","LOWER_RIGHT_Y":"9204873.198"},"geometry":{"type":"Polygon","coordinates":[[[-63.607219316042745,-7.183917374024203],[-63.598144327567063,-7.183929296798358],[-63.598156183284452,-7.192992782612952],[-63.607231351607219,-7.192980844643783],[-63.607219316042745,-7.183917374024203]]]}},
{"type":"Feature","properties":{"DESCRIPTION":"MDT_1442117.tif","FILENAME":"U:\\P589_AmazoniaRevelada_BR-319\\LiDAR_dataset\\ENTREGAS\\ENTREGA_02\\2_MDT\\GEOTIFF\\MDT_1442117.tif","SHRT_FNAME":"MDT_1442117.tif","UPPER_LEFT_X":"433957.477","UPPER_LEFT_Y":"9205875.198","LOWER_RIGHT_X":"434959.477","LOWER_RIGHT_Y":"9204873.198"},"geometry":{"type":"Polygon","coordinates":[[[-63.598161579113366,-7.183929274303486],[-63.589086575327777,-7.183941017915021],[-63.589098251538502,-7.193004518667625],[-63.598173435172654,-7.192992760089411],[-63.598161579113366,-7.183929274303486]]]}},
{"type":"Feature","properties":{"DESCRIPTION":"MDT_1442118.tif","FILENAME":"U:\\P589_AmazoniaRevelada_BR-319\\LiDAR_dataset\\ENTREGAS\\ENTREGA_02\\2_MDT\\GEOTIFF\\MDT_1442118.tif","SHRT_FNAME":"MDT_1442118.tif","UPPER_LEFT_X":"434957.572","UPPER_LEFT_Y":"9205875.198","LOWER_RIGHT_X":"435959.572","LOWER_RIGHT_Y":"9204873.198"},"geometry":{"type":"Polygon","coordinates":[[[-63.589103826902978,-7.183940995760739],[-63.580028808039287,-7.183952560208192],[-63.580040304741864,-7.193016075670904],[-63.589115503455602,-7.193004496485107],[-63.589103826902978,-7.183940995760739]]]}},
{"type":"Feature","properties":{"DESCRIPTION":"MDT_1442119.tif","FILENAME":"U:\\P589_AmazoniaRevelada_BR-319\\LiDAR_dataset\\ENTREGAS\\ENTREGA_02\\2_MDT\\GEOTIFF\\MDT_1442119.tif","SHRT_FNAME":"MDT_1442119.tif","UPPER_LEFT_X":"435957.667","UPPER_LEFT_Y":"9205875.198","LOWER_RIGHT_X":"436959.667","LOWER_RIGHT_Y":"9204873.198"},"geometry":{"type":"Polygon","coordinates":[[[-63.580046059642939,-7.183952538394501],[-63.570971025932948,-7.183963923676434],[-63.570982343125941,-7.193027453621351],[-63.580057556687407,-7.193016053829411],[-63.580046059642939,-7.183952538394501]]]}},
{"type":"Feature","properties":{"DESCRIPTION":"MDT_1442120.tif","FILENAME":"U:\\P589_AmazoniaRevelada_BR-319\\LiDAR_dataset\\ENTREGAS\\ENTREGA_02\\2_MDT\\GEOTIFF\\MDT_1442120.tif","SHRT_FNAME":"MDT_1442120.tif","UPPER_LEFT_X":"436957.762","UPPER_LEFT_Y":"9205875.198","LOWER_RIGHT_X":"437959.762","LOWER_RIGHT_Y":"9204873.198"},"geometry":{"type":"Polygon","coordinates":[[[-63.570988277564595,-7.18396390220334],[-63.561913229240119,-7.183975108318342],[-63.561924366922113,-7.193038652517553],[-63.570999595099487,-7.193027432120888],[-63.570988277564595,-7.18396390220334]]]}},
{"type":"Feature","properties":{"DESCRIPTION":"MDT_1442121.tif","FILENAME":"U:\\P589_AmazoniaRevelada_BR-319\\LiDAR_dataset\\ENTREGAS\\ENTREGA_02\\2_MDT\\GEOTIFF\\MDT_1442121.tif","SHRT_FNAME":"MDT_1442121.tif","UPPER_LEFT_X":"437957.858","UPPER_LEFT_Y":"9205875.198","LOWER_RIGHT_X":"438959.858","LOWER_RIGHT_Y":"9204873.198"},"geometry":{"type":"Polygon","coordinates":[[[-63.561930480899321,-7.183975087185839],[-63.552855418192159,-7.183986114132514],[-63.552866376361763,-7.193049672358121],[-63.561941618923228,-7.193038631358124],[-63.561930480899321,-7.183975087185839]]]}},
{"type":"Feature","properties":{"DESCRIPTION":"MDT_1442122.tif","FILENAME":"U:\\P589_AmazoniaRevelada_BR-319\\LiDAR_dataset\\ENTREGAS\\ENTREGA_02\\2_MDT\\GEOTIFF\\MDT_1442122.tif","SHRT_FNAME":"MDT_1442122.tif","UPPER_LEFT_X":"438957.953","UPPER_LEFT_Y":"9205875.198","LOWER_RIGHT_X":"439959.953","LOWER_RIGHT_Y":"9204873.198"},"geometry":{"type":"Polygon","coordinates":[[[-63.552872669878504,-7.183986093340616],[-63.543797593020471,-7.183996941117591],[-63.543808371676285,-7.193060513141682],[-63.552883628390006,-7.193049651539724],[-63.552872669878504,-7.183986093340616]]]}},
{"type":"Feature","properties":{"DESCRIPTION":"MDT_1442123.tif","FILENAME":"U:\\P589_AmazoniaRevelada_BR-319\\LiDAR_dataset\\ENTREGAS\\ENTREGA_02\\2_MDT\\GEOTIFF\\MDT_1442123.tif","SHRT_FNAME":"MDT_1442123.tif","UPPER_LEFT_X":"439958.048","UPPER_LEFT_Y":"9205875.198","LOWER_RIGHT_X":"440960.048","LOWER_RIGHT_Y":"9204873.198"},"geometry":{"type":"Polygon","coordinates":[[[-63.543814844733475,-7.183996920666294],[-63.53473975395638,-7.184007589272222],[-63.534750353097074,-7.193071174866888],[-63.543825623731202,-7.193060492664322],[-63.543814844733475,-7.183996920666294]]]}},
{"type":"Feature","properties":{"DESCRIPTION":"MDT_1442124.tif","FILENAME":"U:\\P589_AmazoniaRevelada_BR-319\\LiDAR_dataset\\ENTREGAS\\ENTREGA_02\\2_MDT\\GEOTIFF\\MDT_1442124.tif","SHRT_FNAME":"MDT_1442124.tif","UPPER_LEFT_X":"440958.143","UPPER_LEFT_Y":"9205875.198","LOWER_RIGHT_X":"441960.143","LOWER_RIGHT_Y":"9204873.198"},"geometry":{"type":"Polygon","coordinates":[[[-63.534757005695631,-7.184007569161531],[-63.525681901231287,-7.184018058595089],[-63.525692320855519,-7.193081657532415],[-63.534767605178232,-7.193071154730565],[-63.534757005695631,-7.184007569161531]]]}},
{"type":"Feature","properties":{"DESCRIPTION":"MDT_1442125.tif","FILENAME":"U:\\P589_AmazoniaRevelada_BR-319\\LiDAR_dataset\\ENTREGAS\\ENTREGA_02\\2_MDT\\GEOTIFF\\MDT_1442125.tif","SHRT_FNAME":"MDT_1442125.tif","UPPER_LEFT_X":"441958.238","UPPER_LEFT_Y":"9205875.198","LOWER_RIGHT_X":"442960.238","LOWER_RIGHT_Y":"9204873.198"},"geometry":{"type":"Polygon","coordinates":[[[-63.525699152996339,-7.184018038825003],[-63.516624035076561,-7.184028349084883],[-63.51663427518303,-7.193091961136957],[-63.525709572962484,-7.193081637737135],[-63.525699152996339,-7.184018038825003]]]}},
{"type":"Feature","properties":{"DESCRIPTION":"MDT_1442126.tif","FILENAME":"U:\\P589_AmazoniaRevelada_BR-319\\LiDAR_dataset\\ENTREGAS\\ENTREGA_02\\2_MDT\\GEOTIFF\\MDT_1442126.tif","SHRT_FNAME":"MDT_1442126.tif","UPPER_LEFT_X":"442958.334","UPPER_LEFT_Y":"9205875.198","LOWER_RIGHT_X":"443960.334","LOWER_RIGHT_Y":"9204873.198"},"geometry":{"type":"Polygon","coordinates":[[[-63.516641286866971,-7.184028329655409],[-63.507566155723573,-7.18403846074033],[-63.507576216310987,-7.193102085679237],[-63.516651527315354,-7.193091941682721],[-63.516641286866971,-7.184028329655409]]]}},
{"type":"Feature","properties":{"DESCRIPTION":"MDT_1442127.tif","FILENAME":"U:\\P589_AmazoniaRevelada_BR-319\\LiDAR_dataset\\ENTREGAS\\ENTREGA_02\\2_MDT\\GEOTIFF\\MDT_1442127.tif","SHRT_FNAME":"MDT_1442127.tif","UPPER_LEFT_X":"443958.429","UPPER_LEFT_Y":"9205875.198","LOWER_RIGHT_X":"444960.429","LOWER_RIGHT_Y":"9204873.198"},"geometry":{"type":"Polygon","coordinates":[[[-63.507583407538888,-7.184038441651468],[-63.4985082634037,-7.184048393560174],[-63.498518144470793,-7.193112031157995],[-63.50759346846823,-7.193102066566047],[-63.507583407538888,-7.184038441651468]]]}},
{"type":"Feature","properties":{"DESCRIPTION":"MDT_1442128.tif","FILENAME":"U:\\P589_AmazoniaRevelada_BR-319\\LiDAR_dataset\\ENTREGAS\\ENTREGA_02\\2_MDT\\GEOTIFF\\MDT_1442128.tif","SHRT_FNAME":"MDT_1442128.tif","UPPER_LEFT_X":"444958.524","UPPER_LEFT_Y":"9205875.198","LOWER_RIGHT_X":"445960.524","LOWER_RIGHT_Y":"9204873.198"},"geometry":{"type":"Polygon","coordinates":[[[-63.4985255152435,-7.184048374811925],[-63.489450358348321,-7.184058147543174],[-63.489460059893865,-7.193121797571991],[-63.498535396652521,-7.193112012385853],[-63.4985255152435,-7.184048374811925]]]}},
{"type":"Feature","properties":{"DESCRIPTION":"MDT_1442129.tif","FILENAME":"U:\\P589_AmazoniaRevelada_BR-319\\LiDAR_dataset\\ENTREGAS\\ENTREGA_02\\2_MDT\\GEOTIFF\\MDT_1442129.tif","SHRT_FNAME":"MDT_1442129.tif","UPPER_LEFT_X":"445958.619","UPPER_LEFT_Y":"9205875.198","LOWER_RIGHT_X":"446960.619","LOWER_RIGHT_Y":"9204873.198"},"geometry":{"type":"Polygon","coordinates":[[[-63.489467610212159,-7.184058129135543],[-63.480392440788819,-7.184067722688122],[-63.480401962811591,-7.193131384920016],[-63.489477312099623,-7.193121779140903],[-63.489467610212159,-7.184058129135543]]]}},
{"type":"Feature","properties":{"DESCRIPTION":"MDT_1442130.tif","FILENAME":"U:\\P589_AmazoniaRevelada_BR-319\\LiDAR_dataset\\ENTREGAS\\ENTREGA_02\\2_MDT\\GEOTIFF\\MDT_1442130.tif","SHRT_FNAME":"MDT_1442130.tif","UPPER_LEFT_X":"446958.714","UPPER_LEFT_Y":"9205875.198","LOWER_RIGHT_X":"447960.714","LOWER_RIGHT_Y":"9204873.198"},"geometry":{"type":"Polygon","coordinates":[[[-63.480409692676261,-7.184067704621111],[-63.471334510956574,-7.184077118993828],[-63.471343853455373,-7.193140793200876],[-63.480419215040953,-7.19313136682998],[-63.480409692676261,-7.184067704621111]]]}},
{"type":"Feature","properties":{"DESCRIPTION":"MDT_1442131.tif","FILENAME":"U:\\P589_AmazoniaRevelada_BR-319\\LiDAR_dataset\\ENTREGAS\\ENTREGA_02\\2_MDT\\GEOTIFF\\MDT_1442131.tif","SHRT_FNAME":"MDT_1442131.tif","UPPER_LEFT_X":"447958.810","UPPER_LEFT_Y":"9205875.198","LOWER_RIGHT_X":"448960.810","LOWER_RIGHT_Y":"9204873.198"},"geometry":{"type":"Polygon","coordinates":[[[-63.471351762867165,-7.184077101267439],[-63.462276569082974,-7.184086336459123],[-63.462285732056642,-7.193150022413404],[-63.471361105707892,-7.193140775451895],[-63.471351762867165,-7.184077101267439]]]}},
{"type":"Feature","properties":{"DESCRIPTION":"MDT_1442132.tif","FILENAME":"U:\\P589_AmazoniaRevelada_BR-319\\LiDAR_dataset\\ENTREGAS\\ENTREGA_02\\2_MDT\\GEOTIFF\\MDT_1442132.tif","SHRT_FNAME":"MDT_1442132.tif","UPPER_LEFT_X":"448958.905","UPPER_LEFT_Y":"9205875.198","LOWER_RIGHT_X":"449960.905","LOWER_RIGHT_Y":"9204873.198"},"geometry":{"type":"Polygon","coordinates":[[[-63.462293821016281,-7.184086319073358],[-63.453218615399408,-7.184095375082861],[-63.45322759884678,-7.193159072556445],[-63.46230298433187,-7.193150005005477],[-63.462293821016281,-7.184086319073358]]]}},
{"type":"Feature","properties":{"DESCRIPTION":"MDT_1442133.tif","FILENAME":"U:\\P589_AmazoniaRevelada_BR-319\\LiDAR_dataset\\ENTREGAS\\ENTREGA_02\\2_MDT\\GEOTIFF\\MDT_1442133.tif","SHRT_FNAME":"MDT_1442133.tif","UPPER_LEFT_X":"449959.000","UPPER_LEFT_Y":"9205875.198","LOWER_RIGHT_X":"450961.000","LOWER_RIGHT_Y":"9204873.198"},"geometry":{"type":"Polygon","coordinates":[[[-63.453235867354977,-7.184095358037721],[-63.444160650137242,-7.184104234863916],[-63.444169454057203,-7.193167943628882],[-63.453244851144284,-7.193159055489582],[-63.453235867354977,-7.184095358037721]]]}},
{"type":"Feature","properties":{"DESCRIPTION":"MDT_1442134.tif","FILENAME":"U:\\P589_AmazoniaRevelada_BR-319\\LiDAR_dataset\\ENTREGAS\\ENTREGA_02\\2_MDT\\GEOTIFF\\MDT_1442134.tif","SHRT_FNAME":"MDT_1442134.tif","UPPER_LEFT_X":"450959.095","UPPER_LEFT_Y":"9205875.198","LOWER_RIGHT_X":"451961.095","LOWER_RIGHT_Y":"9204873.198"},"geometry":{"type":"Polygon","coordinates":[[[-63.444177902114653,-7.184104218159405],[-63.435102673527894,-7.184112915801193],[-63.43511129791932,-7.19317663562961],[-63.444186706376534,-7.193167926903081],[-63.444177902114653,-7.184104218159405]]]}},
{"type":"Feature","properties":{"DESCRIPTION":"MDT_1442135.tif","FILENAME":"U:\\P589_AmazoniaRevelada_BR-319\\LiDAR_dataset\\ENTREGAS\\ENTREGA_02\\2_MDT\\GEOTIFF\\MDT_1442135.tif","SHRT_FNAME":"MDT_1442135.tif","UPPER_LEFT_X":"451959.190","UPPER_LEFT_Y":"9205875.198","LOWER_RIGHT_X":"452961.190","LOWER_RIGHT_Y":"9204873.198"},"geometry":{"type":"Polygon","coordinates":[[[-63.435119925526692,-7.18411289943731],[-63.426044685802729,-7.184121417893605],[-63.426053130664556,-7.193185148557545],[-63.43512855026006,-7.193176619244873],[-63.435119925526692,-7.18411289943731]]]}},
{"type":"Feature","properties":{"DESCRIPTION":"MDT_1442136.tif","FILENAME":"U:\\P589_AmazoniaRevelada_BR-319\\LiDAR_dataset\\ENTREGAS\\ENTREGA_02\\2_MDT\\GEOTIFF\\MDT_1442136.tif","SHRT_FNAME":"MDT_1442136.tif","UPPER_LEFT_X":"452959.286","UPPER_LEFT_Y":"9205875.198","LOWER_RIGHT_X":"453961.286","LOWER_RIGHT_Y":"9204873.198"},"geometry":{"type":"Polygon","coordinates":[[[-63.426061937822482,-7.184121401870357],[-63.416986687193152,-7.184129741140098],[-63.416994952524306,-7.193193482411632],[-63.426070383026243,-7.193185132513874],[-63.426061937822482,-7.184121401870357]]]}},
{"type":"Feature","properties":{"DESCRIPTION":"MDT_1442137.tif","FILENAME":"U:\\P589_AmazoniaRevelada_BR-319\\LiDAR_dataset\\ENTREGAS\\ENTREGA_02\\2_MDT\\GEOTIFF\\MDT_1442137.tif","SHRT_FNAME":"MDT_1442137.tif","UPPER_LEFT_X":"453959.381","UPPER_LEFT_Y":"9205875.198","LOWER_RIGHT_X":"454961.381","LOWER_RIGHT_Y":"9204873.198"},"geometry":{"type":"Polygon","coordinates":[[[-63.41700393923341,-7.184129725457486],[-63.407928677930549,-7.184137885539641],[-63.407936763730014,-7.193201637190835],[-63.417012204906513,-7.19319346670903],[-63.41700393923341,-7.184129725457486]]]}},
{"type":"Feature","properties":{"DESCRIPTION":"MDT_1442138.tif","FILENAME":"U:\\P589_AmazoniaRevelada_BR-319\\LiDAR_dataset\\ENTREGAS\\ENTREGA_02\\2_MDT\\GEOTIFF\\MDT_1442138.tif","SHRT_FNAME":"MDT_1442138.tif","UPPER_LEFT_X":"454959.476","UPPER_LEFT_Y":"9205875.198","LOWER_RIGHT_X":"455961.476","LOWER_RIGHT_Y":"9204873.198"},"geometry":{"type":"Polygon","coordinates":[[[-63.407945929990888,-7.18413787019766],[-63.398870658246324,-7.184145851091218],[-63.398878564513069,-7.193209612894139],[-63.407954016132287,-7.193201621829304],[-63.407945929990888,-7.18413787019766]]]}},
{"type":"Feature","properties":{"DESCRIPTION":"MDT_1442139.tif","FILENAME":"U:\\P589_AmazoniaRevelada_BR-319\\LiDAR_dataset\\ENTREGAS\\ENTREGA_02\\2_MDT\\GEOTIFF\\MDT_1442139.tif","SHRT_FNAME":"MDT_1442139.tif","UPPER_LEFT_X":"455959.571","UPPER_LEFT_Y":"9205875.198","LOWER_RIGHT_X":"456961.571","LOWER_RIGHT_Y":"9204873.198"},"geometry":{"type":"Polygon","coordinates":[[[-63.398887910326273,-7.184145836089876],[-63.389812628371857,-7.184153637793838],[-63.389820355104888,-7.193217409520553],[-63.398895816934967,-7.193209597873681],[-63.398887910326273,-7.184145836089876]]]}},
{"type":"Feature","properties":{"DESCRIPTION":"MDT_1442140.tif","FILENAME":"U:\\P589_AmazoniaRevelada_BR-319\\LiDAR_dataset\\ENTREGAS\\ENTREGA_02\\2_MDT\\GEOTIFF\\MDT_1442140.tif","SHRT_FNAME":"MDT_1442140.tif","UPPER_LEFT_X":"456959.666","UPPER_LEFT_Y":"9205875.198","LOWER_RIGHT_X":"457961.666","LOWER_RIGHT_Y":"9204873.198"},"geometry":{"type":"Polygon","coordinates":[[[-63.389829880471005,-7.184153623133136],[-63.380754588538558,-7.184161245646534],[-63.380762135736916,-7.193225027069108],[-63.389837607545985,-7.193217394841168],[-63.389829880471005,-7.184153623133136]]]}},
{"type":"Feature","properties":{"DESCRIPTION":"MDT_1442141.tif","FILENAME":"U:\\P589_AmazoniaRevelada_BR-319\\LiDAR_dataset\\ENTREGAS\\ENTREGA_02\\2_MDT\\GEOTIFF\\MDT_1442141.tif","SHRT_FNAME":"MDT_1442141.tif","UPPER_LEFT_X":"457959.762","UPPER_LEFT_Y":"9205875.198","LOWER_RIGHT_X":"458961.762","LOWER_RIGHT_Y":"9204873.198"},"geometry":{"type":"Polygon","coordinates":[[[-63.38077184065645,-7.184161231326475],[-63.371696538977815,-7.184168674648362],[-63.371703906640541,-7.193232465538856],[-63.38077938819675,-7.193225012730797],[-63.38077184065645,-7.184161231326475]]]}},
{"type":"Feature","properties":{"DESCRIPTION":"MDT_1442142.tif","FILENAME":"U:\\P589_AmazoniaRevelada_BR-319\\LiDAR_dataset\\ENTREGAS\\ENTREGA_02\\2_MDT\\GEOTIFF\\MDT_1442142.tif","SHRT_FNAME":"MDT_1442142.tif","UPPER_LEFT_X":"458959.857","UPPER_LEFT_Y":"9205875.198","LOWER_RIGHT_X":"459961.857","LOWER_RIGHT_Y":"9204873.198"},"geometry":{"type":"Polygon","coordinates":[[[-63.371713791114026,-7.184168660668946],[-63.362638479921046,-7.184175924798395],[-63.362645668047222,-7.193239724928872],[-63.3717211591187,-7.193232451541624],[-63.371713791114026,-7.184168660668946]]]}},
{"type":"Feature","properties":{"DESCRIPTION":"MDT_1442143.tif","FILENAME":"U:\\P589_AmazoniaRevelada_BR-319\\LiDAR_dataset\\ENTREGAS\\ENTREGA_02\\2_MDT\\GEOTIFF\\MDT_1442143.tif","SHRT_FNAME":"MDT_1442143.tif","UPPER_LEFT_X":"459959.952","UPPER_LEFT_Y":"9205875.198","LOWER_RIGHT_X":"460961.952","LOWER_RIGHT_Y":"9204873.198"},"geometry":{"type":"Polygon","coordinates":[[[-63.362655732075119,-7.184175911159624],[-63.353580411599623,-7.184182996095734],[-63.353587420188347,-7.193246805238254],[-63.362662920543244,-7.193239711272718],[-63.362655732075119,-7.184175911159624]]]}},
{"type":"Feature","properties":{"DESCRIPTION":"MDT_1442144.tif","FILENAME":"U:\\P589_AmazoniaRevelada_BR-319\\LiDAR_dataset\\ENTREGAS\\ENTREGA_02\\2_MDT\\GEOTIFF\\MDT_1442144.tif","SHRT_FNAME":"MDT_1442144.tif","UPPER_LEFT_X":"460960.047","UPPER_LEFT_Y":"9205875.198","LOWER_RIGHT_X":"461962.047","LOWER_RIGHT_Y":"9204873.198"},"geometry":{"type":"Polygon","coordinates":[[[-63.353597663771126,-7.184182982797611],[-63.344522334244971,-7.1841898885395],[-63.344529163295363,-7.193253706466122],[-63.353604672701799,-7.193246791923183],[-63.353597663771126,-7.184182982797611]]]}},
{"type":"Feature","properties":{"DESCRIPTION":"MDT_1442145.tif","FILENAME":"U:\\P589_AmazoniaRevelada_BR-319\\LiDAR_dataset\\ENTREGAS\\ENTREGA_02\\2_MDT\\GEOTIFF\\MDT_1442145.tif","SHRT_FNAME":"MDT_1442145.tif","UPPER_LEFT_X":"461960.142","UPPER_LEFT_Y":"9205875.198","LOWER_RIGHT_X":"462962.142","LOWER_RIGHT_Y":"9204873.198"},"geometry":{"type":"Polygon","coordinates":[[[-63.344539586433456,-7.184189875582025],[-63.335464248088485,-7.184196602128836],[-63.335470897599684,-7.19326042861162],[-63.344546415825796,-7.193253693492134],[-63.344539586433456,-7.184189875582025]]]}},
{"type":"Feature","properties":{"DESCRIPTION":"MDT_1442146.tif","FILENAME":"U:\\P589_AmazoniaRevelada_BR-319\\LiDAR_dataset\\ENTREGAS\\ENTREGA_02\\2_MDT\\GEOTIFF\\MDT_1442146.tif","SHRT_FNAME":"MDT_1442146.tif","UPPER_LEFT_X":"462960.238","UPPER_LEFT_Y":"9205875.198","LOWER_RIGHT_X":"463962.238","LOWER_RIGHT_Y":"9204873.198"},"geometry":{"type":"Polygon","coordinates":[[[-63.335481500293511,-7.184196589512009],[-63.326406153361582,-7.184203136862905],[-63.326412623332743,-7.193266971673908],[-63.335488150146674,-7.193260415978715],[-63.335481500293511,-7.184196589512009]]]}},
{"type":"Feature","properties":{"DESCRIPTION":"MDT_1442147.tif","FILENAME":"U:\\P589_AmazoniaRevelada_BR-319\\LiDAR_dataset\\ENTREGAS\\ENTREGA_02\\2_MDT\\GEOTIFF\\MDT_1442147.tif","SHRT_FNAME":"MDT_1442147.tif","UPPER_LEFT_X":"463960.333","UPPER_LEFT_Y":"9205875.198","LOWER_RIGHT_X":"464962.333","LOWER_RIGHT_Y":"9204873.198"},"geometry":{"type":"Polygon","coordinates":[[[-63.326423405582716,-7.184203124586732],[-63.317348050295642,-7.184209492740897],[-63.317354340725963,-7.193273335652176],[-63.326429875895833,-7.19326695938209],[-63.326423405582716,-7.184203124586732]]]}},
{"type":"Feature","properties":{"DESCRIPTION":"MDT_1443106.tif","FILENAME":"U:\\P589_AmazoniaRevelada_BR-319\\LiDAR_dataset\\ENTREGAS\\ENTREGA_02\\2_MDT\\GEOTIFF\\MDT_1443106.tif","SHRT_FNAME":"MDT_1443106.tif","UPPER_LEFT_X":"422956.430","UPPER_LEFT_Y":"9204875.323","LOWER_RIGHT_X":"423958.430","LOWER_RIGHT_Y":"9203873.323"},"geometry":{"type":"Polygon","coordinates":[[[-63.697809595164429,-7.192832623219264],[-63.688734593087013,-7.192846354975615],[-63.688748261411007,-7.201909675280677],[-63.697823443551528,-7.201895926045426],[-63.697809595164429,-7.192832623219264]]]}},
{"type":"Feature","properties":{"DESCRIPTION":"MDT_1443107.tif","FILENAME":"U:\\P589_AmazoniaRevelada_BR-319\\LiDAR_dataset\\ENTREGAS\\ENTREGA_02\\2_MDT\\GEOTIFF\\MDT_1443107.tif","SHRT_FNAME":"MDT_1443107.tif","UPPER_LEFT_X":"423956.525","UPPER_LEFT_Y":"9204875.323","LOWER_RIGHT_X":"424958.525","LOWER_RIGHT_Y":"9203873.323"},"geometry":{"type":"Polygon","coordinates":[[[-63.688751844661404,-7.192846329042076],[-63.679676824954484,-7.192859881423799],[-63.679690313555945,-7.201923218946426],[-63.688765513327695,-7.201909649314125],[-63.688751844661404,-7.192846329042076]]]}},
{"type":"Feature","properties":{"DESCRIPTION":"MDT_1443108.tif","FILENAME":"U:\\P589_AmazoniaRevelada_BR-319\\LiDAR_dataset\\ENTREGAS\\ENTREGA_02\\2_MDT\\GEOTIFF\\MDT_1443108.tif","SHRT_FNAME":"MDT_1443108.tif","UPPER_LEFT_X":"424956.620","UPPER_LEFT_Y":"9204875.323","LOWER_RIGHT_X":"425958.620","LOWER_RIGHT_Y":"9203873.323"},"geometry":{"type":"Polygon","coordinates":[[[-63.679694076562157,-7.192859855831249],[-63.670619039457527,-7.19287322883666],[-63.670632348334756,-7.201936583348965],[-63.679707565505915,-7.201923193321301],[-63.679694076562157,-7.192859855831249]]]}},
{"type":"Feature","properties":{"DESCRIPTION":"MDT_1443109.tif","FILENAME":"U:\\P589_AmazoniaRevelada_BR-319\\LiDAR_dataset\\ENTREGAS\\ENTREGA_02\\2_MDT\\GEOTIFF\\MDT_1443109.tif","SHRT_FNAME":"MDT_1443109.tif","UPPER_LEFT_X":"425956.715","UPPER_LEFT_Y":"9204875.323","LOWER_RIGHT_X":"426958.715","LOWER_RIGHT_Y":"9203873.323"},"geometry":{"type":"Polygon","coordinates":[[[-63.670636291098049,-7.192873203585108],[-63.661561236827524,-7.192886397212546],[-63.661574365978858,-7.201949768486636],[-63.670649600317589,-7.20193655806527],[-63.670636291098049,-7.192873203585108]]]}},
{"type":"Feature","properties":{"DESCRIPTION":"MDT_1443110.tif","FILENAME":"U:\\P589_AmazoniaRevelada_BR-319\\LiDAR_dataset\\ENTREGAS\\ENTREGA_02\\2_MDT\\GEOTIFF\\MDT_1443110.tif","SHRT_FNAME":"MDT_1443110.tif","UPPER_LEFT_X":"426956.810","UPPER_LEFT_Y":"9204875.323","LOWER_RIGHT_X":"427958.810","LOWER_RIGHT_Y":"9203873.323"},"geometry":{"type":"Polygon","coordinates":[[[-63.661578488500453,-7.19288637230199],[-63.652503417295833,-7.192899386549813],[-63.652516366719617,-7.201962774357794],[-63.661591617994105,-7.201949743544371],[-63.661578488500453,-7.19288637230199]]]}},
{"type":"Feature","properties":{"DESCRIPTION":"MDT_1443111.tif","FILENAME":"U:\\P589_AmazoniaRevelada_BR-319\\LiDAR_dataset\\ENTREGAS\\ENTREGA_02\\2_MDT\\GEOTIFF\\MDT_1443111.tif","SHRT_FNAME":"MDT_1443111.tif","UPPER_LEFT_X":"427956.906","UPPER_LEFT_Y":"9204875.323","LOWER_RIGHT_X":"428958.906","LOWER_RIGHT_Y":"9203873.323"},"geometry":{"type":"Polygon","coordinates":[[[-63.652520669000737,-7.192899361980262],[-63.643445581093822,-7.192912196846852],[-63.64345835078845,-7.201975600960826],[-63.652533618766853,-7.201962749756968],[-63.652520669000737,-7.192899361980262]]]}},
{"type":"Feature","properties":{"DESCRIPTION":"MDT_1443112.tif","FILENAME":"U:\\P589_AmazoniaRevelada_BR-319\\LiDAR_dataset\\ENTREGAS\\ENTREGA_02\\2_MDT\\GEOTIFF\\MDT_1443112.tif","SHRT_FNAME":"MDT_1443112.tif","UPPER_LEFT_X":"428957.001","UPPER_LEFT_Y":"9204875.323","LOWER_RIGHT_X":"429959.001","LOWER_RIGHT_Y":"9203873.323"},"geometry":{"type":"Polygon","coordinates":[[[-63.643462832830267,-7.192912172618305],[-63.634387728452879,-7.192924828102069],[-63.634400318416724,-7.20198824829414],[-63.643475602867206,-7.20197557670144],[-63.643462832830267,-7.192912172618305]]]}},
{"type":"Feature","properties":{"DESCRIPTION":"MDT_1443113.tif","FILENAME":"U:\\P589_AmazoniaRevelada_BR-319\\LiDAR_dataset\\ENTREGAS\\ENTREGA_02\\2_MDT\\GEOTIFF\\MDT_1443113.tif","SHRT_FNAME":"MDT_1443113.tif","UPPER_LEFT_X":"429957.096","UPPER_LEFT_Y":"9204875.323","LOWER_RIGHT_X":"430959.096","LOWER_RIGHT_Y":"9203873.323"},"geometry":{"type":"Polygon","coordinates":[[[-63.634404980220395,-7.192924804214529],[-63.625329859604342,-7.192937280313892],[-63.625342269835848,-7.202000716356159],[-63.634417570526573,-7.201988224376191],[-63.634404980220395,-7.192924804214529]]]}},
{"type":"Feature","properties":{"DESCRIPTION":"MDT_1443114.tif","FILENAME":"U:\\P589_AmazoniaRevelada_BR-319\\LiDAR_dataset\\ENTREGAS\\ENTREGA_02\\2_MDT\\GEOTIFF\\MDT_1443114.tif","SHRT_FNAME":"MDT_1443114.tif","UPPER_LEFT_X":"430957.191","UPPER_LEFT_Y":"9204875.323","LOWER_RIGHT_X":"431959.191","LOWER_RIGHT_Y":"9203873.323"},"geometry":{"type":"Polygon","coordinates":[[[-63.625347111402526,-7.192937256767363],[-63.616271974779615,-7.192949553480775],[-63.616284205277211,-7.202013005145333],[-63.625359521976343,-7.202000692779657],[-63.625347111402526,-7.192937256767363]]]}},
{"type":"Feature","properties":{"DESCRIPTION":"MDT_1443115.tif","FILENAME":"U:\\P589_AmazoniaRevelada_BR-319\\LiDAR_dataset\\ENTREGAS\\ENTREGA_02\\2_MDT\\GEOTIFF\\MDT_1443115.tif","SHRT_FNAME":"MDT_1443115.tif","UPPER_LEFT_X":"431957.286","UPPER_LEFT_Y":"9204875.323","LOWER_RIGHT_X":"432959.286","LOWER_RIGHT_Y":"9203873.323"},"geometry":{"type":"Polygon","coordinates":[[[-63.616289226608004,-7.192949530275257],[-63.607214074210077,-7.192961647601189],[-63.607226124972222,-7.202025114660138],[-63.616301457447925,-7.202012981910279],[-63.616289226608004,-7.192949530275257]]]}},
{"type":"Feature","properties":{"DESCRIPTION":"MDT_1443116.tif","FILENAME":"U:\\P589_AmazoniaRevelada_BR-319\\LiDAR_dataset\\ENTREGAS\\ENTREGA_02\\2_MDT\\GEOTIFF\\MDT_1443116.tif","SHRT_FNAME":"MDT_1443116.tif","UPPER_LEFT_X":"432957.382","UPPER_LEFT_Y":"9204875.323","LOWER_RIGHT_X":"433959.382","LOWER_RIGHT_Y":"9203873.323"},"geometry":{"type":"Polygon","coordinates":[[[-63.607231326068231,-7.192961624736689],[-63.59815615812709,-7.192973562673634],[-63.598168029152284,-7.202037044899068],[-63.607243377172708,-7.202025091766536],[-63.607231326068231,-7.192961624736689]]]}},
{"type":"Feature","properties":{"DESCRIPTION":"MDT_1443117.tif","FILENAME":"U:\\P589_AmazoniaRevelada_BR-319\\LiDAR_dataset\\ENTREGAS\\ENTREGA_02\\2_MDT\\GEOTIFF\\MDT_1443117.tif","SHRT_FNAME":"MDT_1443117.tif","UPPER_LEFT_X":"433957.477","UPPER_LEFT_Y":"9204875.323","LOWER_RIGHT_X":"434959.477","LOWER_RIGHT_Y":"9203873.323"},"geometry":{"type":"Polygon","coordinates":[[[-63.598173410014581,-7.192973540150155],[-63.589098226762047,-7.192985298696629],[-63.589109918048806,-7.202048795860637],[-63.598185281382108,-7.202037022346918],[-63.598173410014581,-7.192973540150155]]]}},
{"type":"Feature","properties":{"DESCRIPTION":"MDT_1443118.tif","FILENAME":"U:\\P589_AmazoniaRevelada_BR-319\\LiDAR_dataset\\ENTREGAS\\ENTREGA_02\\2_MDT\\GEOTIFF\\MDT_1443118.tif","SHRT_FNAME":"MDT_1443118.tif","UPPER_LEFT_X":"434957.572","UPPER_LEFT_Y":"9204875.323","LOWER_RIGHT_X":"435959.572","LOWER_RIGHT_Y":"9203873.323"},"geometry":{"type":"Polygon","coordinates":[[[-63.589115478678416,-7.19298527651417],[-63.580040280346338,-7.192996855668713],[-63.580051791893169,-7.202060367543387],[-63.589127170307506,-7.202048773649944],[-63.589115478678416,-7.19298527651417]]]}},
{"type":"Feature","properties":{"DESCRIPTION":"MDT_1443119.tif","FILENAME":"U:\\P589_AmazoniaRevelada_BR-319\\LiDAR_dataset\\ENTREGAS\\ENTREGA_02\\2_MDT\\GEOTIFF\\MDT_1443119.tif","SHRT_FNAME":"MDT_1443119.tif","UPPER_LEFT_X":"435957.667","UPPER_LEFT_Y":"9204875.323","LOWER_RIGHT_X":"436959.667","LOWER_RIGHT_Y":"9203873.323"},"geometry":{"type":"Polygon","coordinates":[[[-63.580057532291143,-7.192996833827279],[-63.570982319111316,-7.19300823358845],[-63.570993650916797,-7.202071759945875],[-63.58006904418032,-7.202060345674152],[-63.580057532291143,-7.192996833827279]]]}},
{"type":"Feature","properties":{"DESCRIPTION":"MDT_1443120.tif","FILENAME":"U:\\P589_AmazoniaRevelada_BR-319\\LiDAR_dataset\\ENTREGAS\\ENTREGA_02\\2_MDT\\GEOTIFF\\MDT_1443120.tif","SHRT_FNAME":"MDT_1443120.tif","UPPER_LEFT_X":"436957.762","UPPER_LEFT_Y":"9204875.323","LOWER_RIGHT_X":"437959.762","LOWER_RIGHT_Y":"9203873.323"},"geometry":{"type":"Polygon","coordinates":[[[-63.570999571084137,-7.193008212088045],[-63.561924343288403,-7.193019432454426],[-63.561935495351094,-7.202082973066693],[-63.571010903231958,-7.202071738418103],[-63.570999571084137,-7.193008212088045]]]}},
{"type":"Feature","properties":{"DESCRIPTION":"MDT_1443121.tif","FILENAME":"U:\\P589_AmazoniaRevelada_BR-319\\LiDAR_dataset\\ENTREGAS\\ENTREGA_02\\2_MDT\\GEOTIFF\\MDT_1443121.tif","SHRT_FNAME":"MDT_1443121.tif","UPPER_LEFT_X":"437957.858","UPPER_LEFT_Y":"9204875.323","LOWER_RIGHT_X":"438959.858","LOWER_RIGHT_Y":"9203873.323"},"geometry":{"type":"Polygon","coordinates":[[[-63.561941595288793,-7.193019411295049],[-63.552866353108975,-7.193030452265247],[-63.552877325427481,-7.202094006904439],[-63.561952747693823,-7.202082951880384],[-63.561941595288793,-7.193019411295049]]]}},
{"type":"Feature","properties":{"DESCRIPTION":"MDT_1443122.tif","FILENAME":"U:\\P589_AmazoniaRevelada_BR-319\\LiDAR_dataset\\ENTREGAS\\ENTREGA_02\\2_MDT\\GEOTIFF\\MDT_1443122.tif","SHRT_FNAME":"MDT_1443122.tif","UPPER_LEFT_X":"438957.953","UPPER_LEFT_Y":"9204875.323","LOWER_RIGHT_X":"439959.953","LOWER_RIGHT_Y":"9203873.323"},"geometry":{"type":"Polygon","coordinates":[[[-63.552883605136486,-7.193030431446906],[-63.543808348804419,-7.193041293019546],[-63.543819141377362,-7.202104861457745],[-63.552894577797332,-7.202093986059597],[-63.552883605136486,-7.193030431446906]]]}},
{"type":"Feature","properties":{"DESCRIPTION":"MDT_1443123.tif","FILENAME":"U:\\P589_AmazoniaRevelada_BR-319\\LiDAR_dataset\\ENTREGAS\\ENTREGA_02\\2_MDT\\GEOTIFF\\MDT_1443123.tif","SHRT_FNAME":"MDT_1443123.tif","UPPER_LEFT_X":"439958.048","UPPER_LEFT_Y":"9204875.323","LOWER_RIGHT_X":"440960.048","LOWER_RIGHT_Y":"9203873.323"},"geometry":{"type":"Polygon","coordinates":[[[-63.543825600858611,-7.193041272542239],[-63.534750330606123,-7.193051954715973],[-63.534760943432168,-7.20211553672526],[-63.543836393773908,-7.202104840954372],[-63.543825600858611,-7.193041272542239]]]}},
{"type":"Feature","properties":{"DESCRIPTION":"MDT_1443124.tif","FILENAME":"U:\\P589_AmazoniaRevelada_BR-319\\LiDAR_dataset\\ENTREGAS\\ENTREGA_02\\2_MDT\\GEOTIFF\\MDT_1443124.tif","SHRT_FNAME":"MDT_1443124.tif","UPPER_LEFT_X":"440958.143","UPPER_LEFT_Y":"9204875.323","LOWER_RIGHT_X":"441960.143","LOWER_RIGHT_Y":"9203873.323"},"geometry":{"type":"Polygon","coordinates":[[[-63.534767582686563,-7.193051934579706],[-63.525692298745497,-7.193062437353205],[-63.525702731823301,-7.202126032705658],[-63.534778195854948,-7.202115516563361],[-63.534767582686563,-7.193051934579706]]]}},
{"type":"Feature","properties":{"DESCRIPTION":"MDT_1443125.tif","FILENAME":"U:\\P589_AmazoniaRevelada_BR-319\\LiDAR_dataset\\ENTREGAS\\ENTREGA_02\\2_MDT\\GEOTIFF\\MDT_1443125.tif","SHRT_FNAME":"MDT_1443125.tif","UPPER_LEFT_X":"441958.238","UPPER_LEFT_Y":"9204875.323","LOWER_RIGHT_X":"442960.238","LOWER_RIGHT_Y":"9203873.323"},"geometry":{"type":"Polygon","coordinates":[[[-63.525709550851737,-7.193062417557978],[-63.516634253453944,-7.193072740929937],[-63.516644506782171,-7.202136349397634],[-63.525719984271895,-7.202126012885234],[-63.525709550851737,-7.193062417557978]]]}},
{"type":"Feature","properties":{"DESCRIPTION":"MDT_1443126.tif","FILENAME":"U:\\P589_AmazoniaRevelada_BR-319\\LiDAR_dataset\\ENTREGAS\\ENTREGA_02\\2_MDT\\GEOTIFF\\MDT_1443126.tif","SHRT_FNAME":"MDT_1443126.tif","UPPER_LEFT_X":"442958.334","UPPER_LEFT_Y":"9204875.323","LOWER_RIGHT_X":"443960.334","LOWER_RIGHT_Y":"9203873.323"},"geometry":{"type":"Polygon","coordinates":[[[-63.516651505585536,-7.193072721475753],[-63.507576194962823,-7.193082865444889],[-63.50758626854023,-7.202146486799907],[-63.516661759256131,-7.202136329918688],[-63.516651505585536,-7.193072721475753]]]}},
{"type":"Feature","properties":{"DESCRIPTION":"MDT_1443127.tif","FILENAME":"U:\\P589_AmazoniaRevelada_BR-319\\LiDAR_dataset\\ENTREGAS\\ENTREGA_02\\2_MDT\\GEOTIFF\\MDT_1443127.tif","SHRT_FNAME":"MDT_1443127.tif","UPPER_LEFT_X":"443958.429","UPPER_LEFT_Y":"9204875.323","LOWER_RIGHT_X":"444960.429","LOWER_RIGHT_Y":"9203873.323"},"geometry":{"type":"Polygon","coordinates":[[[-63.507593447119341,-7.193082846331749],[-63.498518123503572,-7.1930928108968],[-63.498528017328873,-7.202156444911212],[-63.507603521039101,-7.202146467662439],[-63.507593447119341,-7.193082846331749]]]}},
{"type":"Feature","properties":{"DESCRIPTION":"MDT_1443128.tif","FILENAME":"U:\\P589_AmazoniaRevelada_BR-319\\LiDAR_dataset\\ENTREGAS\\ENTREGA_02\\2_MDT\\GEOTIFF\\MDT_1443128.tif","SHRT_FNAME":"MDT_1443128.tif","UPPER_LEFT_X":"444958.524","UPPER_LEFT_Y":"9204875.323","LOWER_RIGHT_X":"445960.524","LOWER_RIGHT_Y":"9203873.323"},"geometry":{"type":"Polygon","coordinates":[[[-63.498535375684561,-7.193092792124708],[-63.489460039307581,-7.193102577284436],[-63.489469753379524,-7.202166223730318],[-63.498545269852222,-7.202156426115229],[-63.498535375684561,-7.193092792124708]]]}},
{"type":"Feature","properties":{"DESCRIPTION":"MDT_1443129.tif","FILENAME":"U:\\P589_AmazoniaRevelada_BR-319\\LiDAR_dataset\\ENTREGAS\\ENTREGA_02\\2_MDT\\GEOTIFF\\MDT_1443129.tif","SHRT_FNAME":"MDT_1443129.tif","UPPER_LEFT_X":"445958.619","UPPER_LEFT_Y":"9204875.323","LOWER_RIGHT_X":"446960.619","LOWER_RIGHT_Y":"9203873.323"},"geometry":{"type":"Polygon","coordinates":[[[-63.489477291512607,-7.193102558853395],[-63.48040194260625,-7.193112164606582],[-63.480411476923621,-7.202175823256003],[-63.489487005926925,-7.202166205275815],[-63.489477291512607,-7.193102558853395]]]}},
{"type":"Feature","properties":{"DESCRIPTION":"MDT_1443130.tif","FILENAME":"U:\\P589_AmazoniaRevelada_BR-319\\LiDAR_dataset\\ENTREGAS\\ENTREGA_02\\2_MDT\\GEOTIFF\\MDT_1443130.tif","SHRT_FNAME":"MDT_1443130.tif","UPPER_LEFT_X":"446958.714","UPPER_LEFT_Y":"9204875.323","LOWER_RIGHT_X":"447960.714","LOWER_RIGHT_Y":"9203873.323"},"geometry":{"type":"Polygon","coordinates":[[[-63.480419194834873,-7.193112146516595],[-63.471343833630975,-7.193121572862047],[-63.471353188192595,-7.202185243487076],[-63.480428729494626,-7.202175805142987],[-63.480419194834873,-7.193112146516595]]]}},
{"type":"Feature","properties":{"DESCRIPTION":"MDT_1443131.tif","FILENAME":"U:\\P589_AmazoniaRevelada_BR-319\\LiDAR_dataset\\ENTREGAS\\ENTREGA_02\\2_MDT\\GEOTIFF\\MDT_1443131.tif","SHRT_FNAME":"MDT_1443131.tif","UPPER_LEFT_X":"447958.810","UPPER_LEFT_Y":"9204875.323","LOWER_RIGHT_X":"448960.810","LOWER_RIGHT_Y":"9203873.323"},"geometry":{"type":"Polygon","coordinates":[[[-63.471361085882769,-7.193121555113116],[-63.462285712613188,-7.193130802049661],[-63.462294887417855,-7.202194484422367],[-63.471370440786757,-7.20218522571555],[-63.471361085882769,-7.193121555113116]]]}},
{"type":"Feature","properties":{"DESCRIPTION":"MDT_1443132.tif","FILENAME":"U:\\P589_AmazoniaRevelada_BR-319\\LiDAR_dataset\\ENTREGAS\\ENTREGA_02\\2_MDT\\GEOTIFF\\MDT_1443132.tif","SHRT_FNAME":"MDT_1443132.tif","UPPER_LEFT_X":"448958.905","UPPER_LEFT_Y":"9204875.323","LOWER_RIGHT_X":"449960.905","LOWER_RIGHT_Y":"9203873.323"},"geometry":{"type":"Polygon","coordinates":[[[-63.462302964887691,-7.193130784641785],[-63.453227579784262,-7.193139852168276],[-63.453236574830854,-7.202203546060725],[-63.46231214003474,-7.202194466992331],[-63.462302964887691,-7.193130784641785]]]}},
{"type":"Feature","properties":{"DESCRIPTION":"MDT_1443133.tif","FILENAME":"U:\\P589_AmazoniaRevelada_BR-319\\LiDAR_dataset\\ENTREGAS\\ENTREGA_02\\2_MDT\\GEOTIFF\\MDT_1443133.tif","SHRT_FNAME":"MDT_1443133.tif","UPPER_LEFT_X":"449959.000","UPPER_LEFT_Y":"9204875.323","LOWER_RIGHT_X":"450961.000","LOWER_RIGHT_Y":"9203873.323"},"geometry":{"type":"Polygon","coordinates":[[[-63.45324483208104,-7.193139835101458],[-63.444169435375642,-7.19314872321677],[-63.444178250663008,-7.202212428401023],[-63.453253827470014,-7.202203528972185],[-63.45324483208104,-7.193139835101458]]]}},
{"type":"Feature","properties":{"DESCRIPTION":"MDT_1443134.tif","FILENAME":"U:\\P589_AmazoniaRevelada_BR-319\\LiDAR_dataset\\ENTREGAS\\ENTREGA_02\\2_MDT\\GEOTIFF\\MDT_1443134.tif","SHRT_FNAME":"MDT_1443134.tif","UPPER_LEFT_X":"450959.095","UPPER_LEFT_Y":"9204875.323","LOWER_RIGHT_X":"451961.095","LOWER_RIGHT_Y":"9203873.323"},"geometry":{"type":"Polygon","coordinates":[[[-63.444186687694248,-7.193148706491015],[-63.43511127961871,-7.193157415194034],[-63.435119915145755,-7.202221131442161],[-63.444195503323996,-7.202212411653978],[-63.444186687694248,-7.193148706491015]]]}},
{"type":"Feature","properties":{"DESCRIPTION":"MDT_1443135.tif","FILENAME":"U:\\P589_AmazoniaRevelada_BR-319\\LiDAR_dataset\\ENTREGAS\\ENTREGA_02\\2_MDT\\GEOTIFF\\MDT_1443135.tif","SHRT_FNAME":"MDT_1443135.tif","UPPER_LEFT_X":"451959.190","UPPER_LEFT_Y":"9204875.323","LOWER_RIGHT_X":"452961.190","LOWER_RIGHT_Y":"9203873.323"},"geometry":{"type":"Polygon","coordinates":[[[-63.435128531958718,-7.193157398809343],[-63.426053112744903,-7.193165928098992],[-63.426061568510534,-7.202229655183052],[-63.435137167828145,-7.202221115036613],[-63.435128531958718,-7.193157398809343]]]}},
{"type":"Feature","properties":{"DESCRIPTION":"MDT_1443136.tif","FILENAME":"U:\\P589_AmazoniaRevelada_BR-319\\LiDAR_dataset\\ENTREGAS\\ENTREGA_02\\2_MDT\\GEOTIFF\\MDT_1443136.tif","SHRT_FNAME":"MDT_1443136.tif","UPPER_LEFT_X":"452959.286","UPPER_LEFT_Y":"9204875.323","LOWER_RIGHT_X":"453961.286","LOWER_RIGHT_Y":"9203873.323"},"geometry":{"type":"Polygon","coordinates":[[[-63.426070365105865,-7.193165912055366],[-63.41699493498561,-7.193174261930586],[-63.417003210988781,-7.20223799962264],[-63.426078821213878,-7.202229639119004],[-63.426070365105865,-7.193165912055366]]]}},
{"type":"Feature","properties":{"DESCRIPTION":"MDT_1443137.tif","FILENAME":"U:\\P589_AmazoniaRevelada_BR-319\\LiDAR_dataset\\ENTREGAS\\ENTREGA_02\\2_MDT\\GEOTIFF\\MDT_1443137.tif","SHRT_FNAME":"MDT_1443137.tif","UPPER_LEFT_X":"453959.381","UPPER_LEFT_Y":"9204875.323","LOWER_RIGHT_X":"454961.381","LOWER_RIGHT_Y":"9203873.323"},"geometry":{"type":"Polygon","coordinates":[[[-63.417012187367092,-7.193174246228025],[-63.407936746572268,-7.193182416687776],[-63.407944842811929,-7.202246164759886],[-63.417020463712632,-7.202237983900094],[-63.417012187367092,-7.193174246228025]]]}},
{"type":"Feature","properties":{"DESCRIPTION":"MDT_1443138.tif","FILENAME":"U:\\P589_AmazoniaRevelada_BR-319\\LiDAR_dataset\\ENTREGAS\\ENTREGA_02\\2_MDT\\GEOTIFF\\MDT_1443138.tif","SHRT_FNAME":"MDT_1443138.tif","UPPER_LEFT_X":"454959.476","UPPER_LEFT_Y":"9204875.323","LOWER_RIGHT_X":"455961.476","LOWER_RIGHT_Y":"9203873.323"},"geometry":{"type":"Polygon","coordinates":[[[-63.407953998973817,-7.193182401326286],[-63.398878547736274,-7.193190392369551],[-63.398886464211415,-7.202254150593776],[-63.407962095555852,-7.202246149378843],[-63.407953998973817,-7.193182401326286]]]}},
{"type":"Feature","properties":{"DESCRIPTION":"MDT_1443139.tif","FILENAME":"U:\\P589_AmazoniaRevelada_BR-319\\LiDAR_dataset\\ENTREGAS\\ENTREGA_02\\2_MDT\\GEOTIFF\\MDT_1443139.tif","SHRT_FNAME":"MDT_1443139.tif","UPPER_LEFT_X":"455959.571","UPPER_LEFT_Y":"9204875.323","LOWER_RIGHT_X":"456961.571","LOWER_RIGHT_Y":"9203873.323"},"geometry":{"type":"Polygon","coordinates":[[[-63.398895800157469,-7.193190377349133],[-63.389820338709079,-7.193198188974923],[-63.389828075418684,-7.202261957123316],[-63.398903716974978,-7.202254135554238],[-63.398895800157469,-7.193190377349133]]]}},
{"type":"Feature","properties":{"DESCRIPTION":"MDT_1443140.tif","FILENAME":"U:\\P589_AmazoniaRevelada_BR-319\\LiDAR_dataset\\ENTREGAS\\ENTREGA_02\\2_MDT\\GEOTIFF\\MDT_1443140.tif","SHRT_FNAME":"MDT_1443140.tif","UPPER_LEFT_X":"456959.666","UPPER_LEFT_Y":"9204875.323","LOWER_RIGHT_X":"457961.666","LOWER_RIGHT_Y":"9203873.323"},"geometry":{"type":"Polygon","coordinates":[[[-63.389837591149437,-7.193198174295575],[-63.380762119722057,-7.193205806502914],[-63.380769676665189,-7.202269584347532],[-63.389845328201439,-7.202261942425284],[-63.389837591149437,-7.193198174295575]]]}},
{"type":"Feature","properties":{"DESCRIPTION":"MDT_1443141.tif","FILENAME":"U:\\P589_AmazoniaRevelada_BR-319\\LiDAR_dataset\\ENTREGAS\\ENTREGA_02\\2_MDT\\GEOTIFF\\MDT_1443141.tif","SHRT_FNAME":"MDT_1443141.tif","UPPER_LEFT_X":"457959.762","UPPER_LEFT_Y":"9204875.323","LOWER_RIGHT_X":"458961.762","LOWER_RIGHT_Y":"9203873.323"},"geometry":{"type":"Polygon","coordinates":[[[-63.380779372181181,-7.193205792164644],[-63.371703891006661,-7.193213244952584],[-63.371711268182345,-7.202277032265481],[-63.380786929466694,-7.20226956999101],[-63.380779372181181,-7.193205792164644]]]}},
{"type":"Feature","properties":{"DESCRIPTION":"MDT_1443142.tif","FILENAME":"U:\\P589_AmazoniaRevelada_BR-319\\LiDAR_dataset\\ENTREGAS\\ENTREGA_02\\2_MDT\\GEOTIFF\\MDT_1443142.tif","SHRT_FNAME":"MDT_1443142.tif","UPPER_LEFT_X":"458959.857","UPPER_LEFT_Y":"9204875.323","LOWER_RIGHT_X":"459961.857","LOWER_RIGHT_Y":"9203873.323"},"geometry":{"type":"Polygon","coordinates":[[[-63.371721143484081,-7.193213230955391],[-63.362645652794299,-7.193220504323006],[-63.36265285020162,-7.202284300876238],[-63.371728521002161,-7.202277018250471],[-63.371721143484081,-7.193213230955391]]]}},
{"type":"Feature","properties":{"DESCRIPTION":"MDT_1443143.tif","FILENAME":"U:\\P589_AmazoniaRevelada_BR-319\\LiDAR_dataset\\ENTREGAS\\ENTREGA_02\\2_MDT\\GEOTIFF\\MDT_1443143.tif","SHRT_FNAME":"MDT_1443143.tif","UPPER_LEFT_X":"459959.952","UPPER_LEFT_Y":"9204875.323","LOWER_RIGHT_X":"460961.952","LOWER_RIGHT_Y":"9203873.323"},"geometry":{"type":"Polygon","coordinates":[[[-63.362662905289596,-7.193220490666891],[-63.353587405316404,-7.193227584613278],[-63.353594422954451,-7.202291390178894],[-63.362670103039314,-7.202284287202738],[-63.362662905289596,-7.193220490666891]]]}},
{"type":"Feature","properties":{"DESCRIPTION":"MDT_1443144.tif","FILENAME":"U:\\P589_AmazoniaRevelada_BR-319\\LiDAR_dataset\\ENTREGAS\\ENTREGA_02\\2_MDT\\GEOTIFF\\MDT_1443144.tif","SHRT_FNAME":"MDT_1443144.tif","UPPER_LEFT_X":"460960.047","UPPER_LEFT_Y":"9204875.323","LOWER_RIGHT_X":"461962.047","LOWER_RIGHT_Y":"9203873.323"},"geometry":{"type":"Polygon","coordinates":[[[-63.353604657829131,-7.193227571298242],[-63.344529148804384,-7.193234485822519],[-63.344535986672291,-7.20229830017257],[-63.353611675809567,-7.202291376846909],[-63.353604657829131,-7.193227571298242]]]}},
{"type":"Feature","properties":{"DESCRIPTION":"MDT_1443145.tif","FILENAME":"U:\\P589_AmazoniaRevelada_BR-319\\LiDAR_dataset\\ENTREGAS\\ENTREGA_02\\2_MDT\\GEOTIFF\\MDT_1443145.tif","SHRT_FNAME":"MDT_1443145.tif","UPPER_LEFT_X":"461960.142","UPPER_LEFT_Y":"9204875.323","LOWER_RIGHT_X":"462962.142","LOWER_RIGHT_Y":"9203873.323"},"geometry":{"type":"Polygon","coordinates":[[[-63.3445464013341,-7.193234472848563],[-63.335470883489691,-7.19324120794987],[-63.335477541586592,-7.202305030856408],[-63.344553239544396,-7.202298287182102],[-63.3445464013341,-7.193234472848563]]]}},
{"type":"Feature","properties":{"DESCRIPTION":"MDT_1443146.tif","FILENAME":"U:\\P589_AmazoniaRevelada_BR-319\\LiDAR_dataset\\ENTREGAS\\ENTREGA_02\\2_MDT\\GEOTIFF\\MDT_1443146.tif","SHRT_FNAME":"MDT_1443146.tif","UPPER_LEFT_X":"462960.238","UPPER_LEFT_Y":"9204875.323","LOWER_RIGHT_X":"463962.238","LOWER_RIGHT_Y":"9203873.323"},"geometry":{"type":"Polygon","coordinates":[[[-63.335488136035949,-7.193241195317001],[-63.326412609603729,-7.193247750994499],[-63.326419087928777,-7.20231158222957],[-63.335494794475231,-7.202305018207459],[-63.335488136035949,-7.193241195317001]]]}},
{"type":"Feature","properties":{"DESCRIPTION":"MDT_1443147.tif","FILENAME":"U:\\P589_AmazoniaRevelada_BR-319\\LiDAR_dataset\\ENTREGAS\\ENTREGA_02\\2_MDT\\GEOTIFF\\MDT_1443147.tif","SHRT_FNAME":"MDT_1443147.tif","UPPER_LEFT_X":"463960.333","UPPER_LEFT_Y":"9204875.323","LOWER_RIGHT_X":"464962.333","LOWER_RIGHT_Y":"9203873.323"},"geometry":{"type":"Polygon","coordinates":[[[-63.326429862166094,-7.193247738702714],[-63.317354327377927,-7.193254114955589],[-63.31736062593032,-7.202317954291243],[-63.326436340833538,-7.20231156992214],[-63.326429862166094,-7.193247738702714]]]}},
{"type":"Feature","properties":{"DESCRIPTION":"MDT_1444106.tif","FILENAME":"U:\\P589_AmazoniaRevelada_BR-319\\LiDAR_dataset\\ENTREGAS\\ENTREGA_02\\2_MDT\\GEOTIFF\\MDT_1444106.tif","SHRT_FNAME":"MDT_1444106.tif","UPPER_LEFT_X":"422956.430","UPPER_LEFT_Y":"9203875.448","LOWER_RIGHT_X":"423958.430","LOWER_RIGHT_Y":"9202873.448"},"geometry":{"type":"Polygon","coordinates":[[[-63.697823414165839,-7.201876706494148],[-63.688748232407399,-7.201890455692332],[-63.688761918358516,-7.210953772397667],[-63.697837280412287,-7.210940005719922],[-63.697823414165839,-7.201876706494148]]]}},
{"type":"Feature","properties":{"DESCRIPTION":"MDT_1444107.tif","FILENAME":"U:\\P589_AmazoniaRevelada_BR-319\\LiDAR_dataset\\ENTREGAS\\ENTREGA_02\\2_MDT\\GEOTIFF\\MDT_1444107.tif","SHRT_FNAME":"MDT_1444107.tif","UPPER_LEFT_X":"423956.525","UPPER_LEFT_Y":"9203875.448","LOWER_RIGHT_X":"424958.525","LOWER_RIGHT_Y":"9202873.448"},"geometry":{"type":"Polygon","coordinates":[[[-63.688765484323348,-7.201890429725849],[-63.679690284933699,-7.201903999321569],[-63.67970379093051,-7.210967333245127],[-63.688779170617217,-7.210953746398173],[-63.688765484323348,-7.201890429725849]]]}},
{"type":"Feature","properties":{"DESCRIPTION":"MDT_1444108.tif","FILENAME":"U:\\P589_AmazoniaRevelada_BR-319\\LiDAR_dataset\\ENTREGAS\\ENTREGA_02\\2_MDT\\GEOTIFF\\MDT_1444108.tif","SHRT_FNAME":"MDT_1444108.tif","UPPER_LEFT_X":"424956.620","UPPER_LEFT_Y":"9203875.448","LOWER_RIGHT_X":"425958.620","LOWER_RIGHT_Y":"9202873.448"},"geometry":{"type":"Polygon","coordinates":[[[-63.679707536882944,-7.201903973696512],[-63.670632320093873,-7.201917363688081],[-63.670645646134687,-7.210980714601957],[-63.6797210432225,-7.210967307587491],[-63.679707536882944,-7.201903973696512]]]}},
{"type":"Feature","properties":{"DESCRIPTION":"MDT_1444109.tif","FILENAME":"U:\\P589_AmazoniaRevelada_BR-319\\LiDAR_dataset\\ENTREGAS\\ENTREGA_02\\2_MDT\\GEOTIFF\\MDT_1444109.tif","SHRT_FNAME":"MDT_1444109.tif","UPPER_LEFT_X":"425956.715","UPPER_LEFT_Y":"9203875.448","LOWER_RIGHT_X":"426958.715","LOWER_RIGHT_Y":"9202873.448"},"geometry":{"type":"Polygon","coordinates":[[[-63.67064957207598,-7.201917338404453],[-63.661574338119351,-7.201930548790203],[-63.661587484202478,-7.210993916466503],[-63.67066289845954,-7.210980689286186],[-63.67064957207598,-7.201917338404453]]]}},
{"type":"Feature","properties":{"DESCRIPTION":"MDT_1444110.tif","FILENAME":"U:\\P589_AmazoniaRevelada_BR-319\\LiDAR_dataset\\ENTREGAS\\ENTREGA_02\\2_MDT\\GEOTIFF\\MDT_1444110.tif","SHRT_FNAME":"MDT_1444110.tif","UPPER_LEFT_X":"426956.810","UPPER_LEFT_Y":"9203875.448","LOWER_RIGHT_X":"427958.810","LOWER_RIGHT_Y":"9202873.448"},"geometry":{"type":"Polygon","coordinates":[[[-63.661591590133874,-7.201930523848008],[-63.652516339241487,-7.201943554626301],[-63.652529305365306,-7.211006938837118],[-63.661604736559767,-7.210993891492596],[-63.661591590133874,-7.201930523848008]]]}},
{"type":"Feature","properties":{"DESCRIPTION":"MDT_1444111.tif","FILENAME":"U:\\P589_AmazoniaRevelada_BR-319\\LiDAR_dataset\\ENTREGAS\\ENTREGA_02\\2_MDT\\GEOTIFF\\MDT_1444111.tif","SHRT_FNAME":"MDT_1444111.tif","UPPER_LEFT_X":"427956.906","UPPER_LEFT_Y":"9203875.448","LOWER_RIGHT_X":"428958.906","LOWER_RIGHT_Y":"9202873.448"},"geometry":{"type":"Polygon","coordinates":[[[-63.652533591287991,-7.201943530025541],[-63.643458323691682,-7.201956381194757],[-63.643471109854545,-7.211019781712186],[-63.652546557754548,-7.211006914205081],[-63.652533591287991,-7.201943530025541]]]}},
{"type":"Feature","properties":{"DESCRIPTION":"MDT_1444112.tif","FILENAME":"U:\\P589_AmazoniaRevelada_BR-319\\LiDAR_dataset\\ENTREGAS\\ENTREGA_02\\2_MDT\\GEOTIFF\\MDT_1444112.tif","SHRT_FNAME":"MDT_1444112.tif","UPPER_LEFT_X":"428957.001","UPPER_LEFT_Y":"9203875.448","LOWER_RIGHT_X":"429959.001","LOWER_RIGHT_Y":"9202873.448"},"geometry":{"type":"Polygon","coordinates":[[[-63.64347557576972,-7.201956356935431],[-63.634400291701347,-7.201969028493971],[-63.634412897901655,-7.211032445090106],[-63.643488362275342,-7.211019757422021],[-63.64347557576972,-7.201956356935431]]]}},
{"type":"Feature","properties":{"DESCRIPTION":"MDT_1444113.tif","FILENAME":"U:\\P589_AmazoniaRevelada_BR-319\\LiDAR_dataset\\ENTREGAS\\ENTREGA_02\\2_MDT\\GEOTIFF\\MDT_1444113.tif","SHRT_FNAME":"MDT_1444113.tif","UPPER_LEFT_X":"429957.096","UPPER_LEFT_Y":"9203875.448","LOWER_RIGHT_X":"430959.096","LOWER_RIGHT_Y":"9202873.448"},"geometry":{"type":"Polygon","coordinates":[[[-63.634417543810471,-7.20196900457609],[-63.625342243501855,-7.201981496522379],[-63.625354669738023,-7.211044928969312],[-63.634430150353545,-7.211032421141817],[-63.634417543810471,-7.20196900457609]]]}},
{"type":"Feature","properties":{"DESCRIPTION":"MDT_1444114.tif","FILENAME":"U:\\P589_AmazoniaRevelada_BR-319\\LiDAR_dataset\\ENTREGAS\\ENTREGA_02\\2_MDT\\GEOTIFF\\MDT_1444114.tif","SHRT_FNAME":"MDT_1444114.tif","UPPER_LEFT_X":"430957.191","UPPER_LEFT_Y":"9203875.448","LOWER_RIGHT_X":"431959.191","LOWER_RIGHT_Y":"9202873.448"},"geometry":{"type":"Polygon","coordinates":[[[-63.625359495641632,-7.201981472945939],[-63.616284179324609,-7.201993785278425],[-63.616296425595081,-7.211057233348245],[-63.625371922220559,-7.2110449053629],[-63.625359495641632,-7.201981472945939]]]}},
{"type":"Feature","properties":{"DESCRIPTION":"MDT_1444115.tif","FILENAME":"U:\\P589_AmazoniaRevelada_BR-319\\LiDAR_dataset\\ENTREGAS\\ENTREGA_02\\2_MDT\\GEOTIFF\\MDT_1444115.tif","SHRT_FNAME":"MDT_1444115.tif","UPPER_LEFT_X":"431957.286","UPPER_LEFT_Y":"9203875.448","LOWER_RIGHT_X":"432959.286","LOWER_RIGHT_Y":"9202873.448"},"geometry":{"type":"Polygon","coordinates":[[[-63.616301431494598,-7.201993762043434],[-63.607226099401018,-7.202005894760584],[-63.607238165704246,-7.211069358225378],[-63.616313678107836,-7.211057210083715],[-63.616301431494598,-7.201993762043434]]]}},
{"type":"Feature","properties":{"DESCRIPTION":"MDT_1444116.tif","FILENAME":"U:\\P589_AmazoniaRevelada_BR-319\\LiDAR_dataset\\ENTREGAS\\ENTREGA_02\\2_MDT\\GEOTIFF\\MDT_1444116.tif","SHRT_FNAME":"MDT_1444116.tif","UPPER_LEFT_X":"432957.382","UPPER_LEFT_Y":"9203875.448","LOWER_RIGHT_X":"433959.382","LOWER_RIGHT_Y":"9202873.448"},"geometry":{"type":"Polygon","coordinates":[[[-63.607243351600779,-7.202005871867041],[-63.598168003962471,-7.20201782496735],[-63.598179890296947,-7.211081303599203],[-63.60725541824678,-7.211069335302731],[-63.607243351600779,-7.202005871867041]]]}},
{"type":"Feature","properties":{"DESCRIPTION":"MDT_1444117.tif","FILENAME":"U:\\P589_AmazoniaRevelada_BR-319\\LiDAR_dataset\\ENTREGAS\\ENTREGA_02\\2_MDT\\GEOTIFF\\MDT_1444117.tif","SHRT_FNAME":"MDT_1444117.tif","UPPER_LEFT_X":"433957.477","UPPER_LEFT_Y":"9203875.448","LOWER_RIGHT_X":"434959.477","LOWER_RIGHT_Y":"9202873.448"},"geometry":{"type":"Polygon","coordinates":[[[-63.598185256191556,-7.202017802415262],[-63.589109893240376,-7.20202957589724],[-63.589121599604617,-7.211093069468236],[-63.59819714286882,-7.211081281018444],[-63.598185256191556,-7.202017802415262]]]}},
{"type":"Feature","properties":{"DESCRIPTION":"MDT_1444118.tif","FILENAME":"U:\\P589_AmazoniaRevelada_BR-319\\LiDAR_dataset\\ENTREGAS\\ENTREGA_02\\2_MDT\\GEOTIFF\\MDT_1444118.tif","SHRT_FNAME":"MDT_1444118.tif","UPPER_LEFT_X":"434957.572","UPPER_LEFT_Y":"9203875.448","LOWER_RIGHT_X":"435959.572","LOWER_RIGHT_Y":"9202873.448"},"geometry":{"type":"Polygon","coordinates":[[[-63.589127145498352,-7.202029553686606],[-63.580051767466138,-7.202041147548794],[-63.580063293858672,-7.211104655831011],[-63.589138852205366,-7.211093047229364],[-63.589127145498352,-7.202029553686606]]]}},
{"type":"Feature","properties":{"DESCRIPTION":"MDT_1444119.tif","FILENAME":"U:\\P589_AmazoniaRevelada_BR-319\\LiDAR_dataset\\ENTREGAS\\ENTREGA_02\\2_MDT\\GEOTIFF\\MDT_1444119.tif","SHRT_FNAME":"MDT_1444119.tif","UPPER_LEFT_X":"435957.667","UPPER_LEFT_Y":"9203875.448","LOWER_RIGHT_X":"436959.667","LOWER_RIGHT_Y":"9202873.448"},"geometry":{"type":"Polygon","coordinates":[[[-63.580069019752578,-7.202041125679616],[-63.570993626871179,-7.20205253992057],[-63.571004973290549,-7.211116062686092],[-63.580080546487878,-7.211104633934033],[-63.580069019752578,-7.202041125679616]]]}},
{"type":"Feature","properties":{"DESCRIPTION":"MDT_1444120.tif","FILENAME":"U:\\P589_AmazoniaRevelada_BR-319\\LiDAR_dataset\\ENTREGAS\\ENTREGA_02\\2_MDT\\GEOTIFF\\MDT_1444120.tif","SHRT_FNAME":"MDT_1444120.tif","UPPER_LEFT_X":"436957.762","UPPER_LEFT_Y":"9203875.448","LOWER_RIGHT_X":"437959.762","LOWER_RIGHT_Y":"9202873.448"},"geometry":{"type":"Polygon","coordinates":[[[-63.571010879185614,-7.202052518392856],[-63.561935471686887,-7.202063753011156],[-63.561946638131673,-7.211127290032059],[-63.571022225947758,-7.211116041131011],[-63.571010879185614,-7.202052518392856]]]}},
{"type":"Feature","properties":{"DESCRIPTION":"MDT_1444121.tif","FILENAME":"U:\\P589_AmazoniaRevelada_BR-319\\LiDAR_dataset\\ENTREGAS\\ENTREGA_02\\2_MDT\\GEOTIFF\\MDT_1444121.tif","SHRT_FNAME":"MDT_1444121.tif","UPPER_LEFT_X":"437957.858","UPPER_LEFT_Y":"9203875.448","LOWER_RIGHT_X":"438959.858","LOWER_RIGHT_Y":"9202873.448"},"geometry":{"type":"Polygon","coordinates":[[[-63.561952724028885,-7.202063731824905],[-63.552877302144687,-7.202074786819157],[-63.552888288613488,-7.211138337867516],[-63.561963890816465,-7.211127268818874],[-63.561952724028885,-7.202063731824905]]]}},
{"type":"Feature","properties":{"DESCRIPTION":"MDT_1444122.tif","FILENAME":"U:\\P589_AmazoniaRevelada_BR-319\\LiDAR_dataset\\ENTREGAS\\ENTREGA_02\\2_MDT\\GEOTIFF\\MDT_1444122.tif","SHRT_FNAME":"MDT_1444122.tif","UPPER_LEFT_X":"438957.953","UPPER_LEFT_Y":"9203875.448","LOWER_RIGHT_X":"439959.953","LOWER_RIGHT_Y":"9202873.448"},"geometry":{"type":"Polygon","coordinates":[[[-63.552894554513813,-7.202074765974374],[-63.54381911847598,-7.202085641343201],[-63.543829924967426,-7.21114920619109],[-63.552905541325408,-7.211138316996231],[-63.552894554513813,-7.202074765974374]]]}},
{"type":"Feature","properties":{"DESCRIPTION":"MDT_1444123.tif","FILENAME":"U:\\P589_AmazoniaRevelada_BR-319\\LiDAR_dataset\\ENTREGAS\\ENTREGA_02\\2_MDT\\GEOTIFF\\MDT_1444123.tif","SHRT_FNAME":"MDT_1444123.tif","UPPER_LEFT_X":"439958.048","UPPER_LEFT_Y":"9203875.448","LOWER_RIGHT_X":"440960.048","LOWER_RIGHT_Y":"9202873.448"},"geometry":{"type":"Polygon","coordinates":[[[-63.543836370871794,-7.202085620839884],[-63.534760920912198,-7.202096316581938],[-63.534771547424924,-7.21115989500143],[-63.543847177706027,-7.21114918566171],[-63.543836370871794,-7.202085620839884]]]}},
{"type":"Feature","properties":{"DESCRIPTION":"MDT_1444124.tif","FILENAME":"U:\\P589_AmazoniaRevelada_BR-319\\LiDAR_dataset\\ENTREGAS\\ENTREGA_02\\2_MDT\\GEOTIFF\\MDT_1444124.tif","SHRT_FNAME":"MDT_1444124.tif","UPPER_LEFT_X":"440958.143","UPPER_LEFT_Y":"9203875.448","LOWER_RIGHT_X":"441960.143","LOWER_RIGHT_Y":"9202873.448"},"geometry":{"type":"Polygon","coordinates":[[[-63.534778173334253,-7.202096296420093],[-63.525702709684744,-7.20210681253404],[-63.525713156217407,-7.211170404297206],[-63.534788800189766,-7.211159874813953],[-63.534778173334253,-7.202096296420093]]]}},
{"type":"Feature","properties":{"DESCRIPTION":"MDT_1444125.tif","FILENAME":"U:\\P589_AmazoniaRevelada_BR-319\\LiDAR_dataset\\ENTREGAS\\ENTREGA_02\\2_MDT\\GEOTIFF\\MDT_1444125.tif","SHRT_FNAME":"MDT_1444125.tif","UPPER_LEFT_X":"441958.238","UPPER_LEFT_Y":"9203875.448","LOWER_RIGHT_X":"442960.238","LOWER_RIGHT_Y":"9202873.448"},"geometry":{"type":"Polygon","coordinates":[[[-63.525719962132612,-7.202106792713669],[-63.51664448502504,-7.202117129198204],[-63.516654751576347,-7.211180734077113],[-63.525730409008062,-7.211170384451637],[-63.525719962132612,-7.202106792713669]]]}},
{"type":"Feature","properties":{"DESCRIPTION":"MDT_1444126.tif","FILENAME":"U:\\P589_AmazoniaRevelada_BR-319\\LiDAR_dataset\\ENTREGAS\\ENTREGA_02\\2_MDT\\GEOTIFF\\MDT_1444126.tif","SHRT_FNAME":"MDT_1444126.tif","UPPER_LEFT_X":"442958.334","UPPER_LEFT_Y":"9203875.448","LOWER_RIGHT_X":"443960.334","LOWER_RIGHT_Y":"9202873.448"},"geometry":{"type":"Polygon","coordinates":[[[-63.516661737498275,-7.202117109719309],[-63.507586247164518,-7.202127266573146],[-63.507596333733161,-7.211190884339864],[-63.516672004392376,-7.211180714573455],[-63.516661737498275,-7.202117109719309]]]}},
{"type":"Feature","properties":{"DESCRIPTION":"MDT_1444127.tif","FILENAME":"U:\\P589_AmazoniaRevelada_BR-319\\LiDAR_dataset\\ENTREGAS\\ENTREGA_02\\2_MDT\\GEOTIFF\\MDT_1444127.tif","SHRT_FNAME":"MDT_1444127.tif","UPPER_LEFT_X":"443958.429","UPPER_LEFT_Y":"9203875.448","LOWER_RIGHT_X":"444960.429","LOWER_RIGHT_Y":"9202873.448"},"geometry":{"type":"Polygon","coordinates":[[[-63.507603499662665,-7.20212724743573],[-63.498527996334587,-7.202137224657607],[-63.498537902919324,-7.211200855084201],[-63.507613586574109,-7.21119086517812],[-63.507603499662665,-7.20212724743573]]]}},
{"type":"Feature","properties":{"DESCRIPTION":"MDT_1444128.tif","FILENAME":"U:\\P589_AmazoniaRevelada_BR-319\\LiDAR_dataset\\ENTREGAS\\ENTREGA_02\\2_MDT\\GEOTIFF\\MDT_1444128.tif","SHRT_FNAME":"MDT_1444128.tif","UPPER_LEFT_X":"444958.524","UPPER_LEFT_Y":"9203875.448","LOWER_RIGHT_X":"445960.524","LOWER_RIGHT_Y":"9202873.448"},"geometry":{"type":"Polygon","coordinates":[[[-63.498545248857212,-7.202137205861671],[-63.489469732766679,-7.202147003450348],[-63.489479459366237,-7.211210646308881],[-63.498555155784743,-7.211200836264372],[-63.498545248857212,-7.202137205861671]]]}},
{"type":"Feature","properties":{"DESCRIPTION":"MDT_1444129.tif","FILENAME":"U:\\P589_AmazoniaRevelada_BR-319\\LiDAR_dataset\\ENTREGAS\\ENTREGA_02\\2_MDT\\GEOTIFF\\MDT_1444129.tif","SHRT_FNAME":"MDT_1444129.tif","UPPER_LEFT_X":"445958.619","UPPER_LEFT_Y":"9203875.448","LOWER_RIGHT_X":"446960.619","LOWER_RIGHT_Y":"9202873.448"},"geometry":{"type":"Polygon","coordinates":[[[-63.489486985313349,-7.202146984995896],[-63.480411456692202,-7.202156602950153],[-63.480421003305388,-7.21122025801269],[-63.489496712255715,-7.211210627830971],[-63.489486985313349,-7.202146984995896]]]}},
{"type":"Feature","properties":{"DESCRIPTION":"MDT_1444130.tif","FILENAME":"U:\\P589_AmazoniaRevelada_BR-319\\LiDAR_dataset\\ENTREGAS\\ENTREGA_02\\2_MDT\\GEOTIFF\\MDT_1444130.tif","SHRT_FNAME":"MDT_1444130.tif","UPPER_LEFT_X":"446958.714","UPPER_LEFT_Y":"9203875.448","LOWER_RIGHT_X":"447960.714","LOWER_RIGHT_Y":"9202873.448"},"geometry":{"type":"Polygon","coordinates":[[[-63.480428709262469,-7.202156584837191],[-63.471353168342603,-7.202166023155833],[-63.4713625349682,-7.211229690194432],[-63.480438256218463,-7.211220239876697],[-63.480428709262469,-7.202156584837191]]]}},
{"type":"Feature","properties":{"DESCRIPTION":"MDT_1444131.tif","FILENAME":"U:\\P589_AmazoniaRevelada_BR-319\\LiDAR_dataset\\ENTREGAS\\ENTREGA_02\\2_MDT\\GEOTIFF\\MDT_1444131.tif","SHRT_FNAME":"MDT_1444131.tif","UPPER_LEFT_X":"447958.810","UPPER_LEFT_Y":"9203875.448","LOWER_RIGHT_X":"448960.810","LOWER_RIGHT_Y":"9202873.448"},"geometry":{"type":"Polygon","coordinates":[[[-63.47137042093604,-7.202166005384356],[-63.462294867949311,-7.202175264066211],[-63.462304054586156,-7.21123894285293],[-63.471379787904453,-7.211229672400361],[-63.47137042093604,-7.202166005384356]]]}},
{"type":"Feature","properties":{"DESCRIPTION":"MDT_1444132.tif","FILENAME":"U:\\P589_AmazoniaRevelada_BR-319\\LiDAR_dataset\\ENTREGAS\\ENTREGA_02\\2_MDT\\GEOTIFF\\MDT_1444132.tif","SHRT_FNAME":"MDT_1444132.tif","UPPER_LEFT_X":"448958.905","UPPER_LEFT_Y":"9203875.448","LOWER_RIGHT_X":"449960.905","LOWER_RIGHT_Y":"9202873.448"},"geometry":{"type":"Polygon","coordinates":[[[-63.462312120565457,-7.202175246636223],[-63.453236555743743,-7.202184325680138],[-63.45324556239067,-7.21124801598704],[-63.46232130754511,-7.211238925400784],[-63.462312120565457,-7.202175246636223]]]}},
{"type":"Feature","properties":{"DESCRIPTION":"MDT_1444133.tif","FILENAME":"U:\\P589_AmazoniaRevelada_BR-319\\LiDAR_dataset\\ENTREGAS\\ENTREGA_02\\2_MDT\\GEOTIFF\\MDT_1444133.tif","SHRT_FNAME":"MDT_1444133.tif","UPPER_LEFT_X":"449959.000","UPPER_LEFT_Y":"9203875.448","LOWER_RIGHT_X":"450961.000","LOWER_RIGHT_Y":"9202873.448"},"geometry":{"type":"Polygon","coordinates":[[[-63.453253808382165,-7.202184308591645],[-63.444178231957338,-7.202193207996494],[-63.444187058613238,-7.211256909595631],[-63.453262815371914,-7.211247998876821],[-63.453253808382165,-7.202184308591645]]]}},
{"type":"Feature","properties":{"DESCRIPTION":"MDT_1444134.tif","FILENAME":"U:\\P589_AmazoniaRevelada_BR-319\\LiDAR_dataset\\ENTREGAS\\ENTREGA_02\\2_MDT\\GEOTIFF\\MDT_1444134.tif","SHRT_FNAME":"MDT_1444134.tif","UPPER_LEFT_X":"450959.095","UPPER_LEFT_Y":"9203875.448","LOWER_RIGHT_X":"451961.095","LOWER_RIGHT_Y":"9202873.448"},"geometry":{"type":"Polygon","coordinates":[[[-63.444195484617602,-7.202193191249493],[-63.435119896821533,-7.202201911014167],[-63.435128543485277,-7.211265623677597],[-63.444204311616311,-7.21125689282734],[-63.444195484617602,-7.202193191249493]]]}},
{"type":"Feature","properties":{"DESCRIPTION":"MDT_1444135.tif","FILENAME":"U:\\P589_AmazoniaRevelada_BR-319\\LiDAR_dataset\\ENTREGAS\\ENTREGA_02\\2_MDT\\GEOTIFF\\MDT_1444135.tif","SHRT_FNAME":"MDT_1444135.tif","UPPER_LEFT_X":"451959.190","UPPER_LEFT_Y":"9203875.448","LOWER_RIGHT_X":"452961.190","LOWER_RIGHT_Y":"9202873.448"},"geometry":{"type":"Polygon","coordinates":[[[-63.435137149503184,-7.202201894608663],[-63.426061550567752,-7.202210434732081],[-63.426070017238267,-7.211274158231854],[-63.435145796509758,-7.211265607251237],[-63.435137149503184,-7.202201894608663]]]}},
{"type":"Feature","properties":{"DESCRIPTION":"MDT_1444136.tif","FILENAME":"U:\\P589_AmazoniaRevelada_BR-319\\LiDAR_dataset\\ENTREGAS\\ENTREGA_02\\2_MDT\\GEOTIFF\\MDT_1444136.tif","SHRT_FNAME":"MDT_1444136.tif","UPPER_LEFT_X":"452959.286","UPPER_LEFT_Y":"9203875.448","LOWER_RIGHT_X":"453961.286","LOWER_RIGHT_Y":"9202873.448"},"geometry":{"type":"Polygon","coordinates":[[[-63.426078803270372,-7.202210418668076],[-63.417003193427448,-7.202218779149173],[-63.41701148010366,-7.211282513257345],[-63.426087270283702,-7.211274142147429],[-63.426078803270372,-7.202210418668076]]]}},
{"type":"Feature","properties":{"DESCRIPTION":"MDT_1444137.tif","FILENAME":"U:\\P589_AmazoniaRevelada_BR-319\\LiDAR_dataset\\ENTREGAS\\ENTREGA_02\\2_MDT\\GEOTIFF\\MDT_1444137.tif","SHRT_FNAME":"MDT_1444137.tif","UPPER_LEFT_X":"453959.381","UPPER_LEFT_Y":"9203875.448","LOWER_RIGHT_X":"454961.381","LOWER_RIGHT_Y":"9202873.448"},"geometry":{"type":"Polygon","coordinates":[[[-63.417020446150573,-7.202218763426669],[-63.40794482563205,-7.202226944264406],[-63.407952932312909,-7.211290688753027],[-63.417028733169609,-7.211282497514852],[-63.417020446150573,-7.202218763426669]]]}},
{"type":"Feature","properties":{"DESCRIPTION":"MDT_1444138.tif","FILENAME":"U:\\P589_AmazoniaRevelada_BR-319\\LiDAR_dataset\\ENTREGAS\\ENTREGA_02\\2_MDT\\GEOTIFF\\MDT_1444138.tif","SHRT_FNAME":"MDT_1444138.tif","UPPER_LEFT_X":"454959.476","UPPER_LEFT_Y":"9203875.448","LOWER_RIGHT_X":"455961.476","LOWER_RIGHT_Y":"9202873.448"},"geometry":{"type":"Polygon","coordinates":[[[-63.407962078375249,-7.202226928883404],[-63.398886447412991,-7.202234930076766],[-63.398894374097495,-7.211298684717884],[-63.407970185398945,-7.21129067335247],[-63.407962078375249,-7.202226928883404]]]}},
{"type":"Feature","properties":{"DESCRIPTION":"MDT_1444139.tif","FILENAME":"U:\\P589_AmazoniaRevelada_BR-319\\LiDAR_dataset\\ENTREGAS\\ENTREGA_02\\2_MDT\\GEOTIFF\\MDT_1444139.tif","SHRT_FNAME":"MDT_1444139.tif","UPPER_LEFT_X":"455959.571","UPPER_LEFT_Y":"9203875.448","LOWER_RIGHT_X":"456961.571","LOWER_RIGHT_Y":"9202873.448"},"geometry":{"type":"Polygon","coordinates":[[[-63.398903700175822,-7.202234915037268],[-63.389828059001715,-7.202242736585259],[-63.389835805688875,-7.211306501150924],[-63.398911627203162,-7.211298669659267],[-63.398903700175822,-7.202234915037268]]]}},
{"type":"Feature","properties":{"DESCRIPTION":"MDT_1444140.tif","FILENAME":"U:\\P589_AmazoniaRevelada_BR-319\\LiDAR_dataset\\ENTREGAS\\ENTREGA_02\\2_MDT\\GEOTIFF\\MDT_1444140.tif","SHRT_FNAME":"MDT_1444140.tif","UPPER_LEFT_X":"456959.666","UPPER_LEFT_Y":"9203875.448","LOWER_RIGHT_X":"457961.666","LOWER_RIGHT_Y":"9202873.448"},"geometry":{"type":"Polygon","coordinates":[[[-63.389845311783745,-7.202242721887267],[-63.380769660629667,-7.202250363788915],[-63.380777227318497,-7.211314138051173],[-63.389853058813728,-7.211306486434248],[-63.389845311783745,-7.202242721887267]]]}},
{"type":"Feature","properties":{"DESCRIPTION":"MDT_1444141.tif","FILENAME":"U:\\P589_AmazoniaRevelada_BR-319\\LiDAR_dataset\\ENTREGAS\\ENTREGA_02\\2_MDT\\GEOTIFF\\MDT_1444141.tif","SHRT_FNAME":"MDT_1444141.tif","UPPER_LEFT_X":"457959.762","UPPER_LEFT_Y":"9203875.448","LOWER_RIGHT_X":"458961.762","LOWER_RIGHT_Y":"9202873.448"},"geometry":{"type":"Polygon","coordinates":[[[-63.380786913430448,-7.202250349432433],[-63.371711252528279,-7.202257811686785],[-63.371718639217853,-7.211321595417683],[-63.380794480462121,-7.211314123676439],[-63.380786913430448,-7.202250349432433]]]}},
{"type":"Feature","properties":{"DESCRIPTION":"MDT_1444142.tif","FILENAME":"U:\\P589_AmazoniaRevelada_BR-319\\LiDAR_dataset\\ENTREGAS\\ENTREGA_02\\2_MDT\\GEOTIFF\\MDT_1444142.tif","SHRT_FNAME":"MDT_1444142.tif","UPPER_LEFT_X":"458959.857","UPPER_LEFT_Y":"9203875.448","LOWER_RIGHT_X":"459961.857","LOWER_RIGHT_Y":"9202873.448"},"geometry":{"type":"Polygon","coordinates":[[[-63.371728505347384,-7.202257797671813],[-63.362652834929015,-7.202265080277946],[-63.362660041618383,-7.211328873249526],[-63.371735892379768,-7.211321581384891],[-63.371728505347384,-7.202257797671813]]]}},
{"type":"Feature","properties":{"DESCRIPTION":"MDT_1444143.tif","FILENAME":"U:\\P589_AmazoniaRevelada_BR-319\\LiDAR_dataset\\ENTREGAS\\ENTREGA_02\\2_MDT\\GEOTIFF\\MDT_1444143.tif","SHRT_FNAME":"MDT_1444143.tif","UPPER_LEFT_X":"459959.952","UPPER_LEFT_Y":"9203875.448","LOWER_RIGHT_X":"460961.952","LOWER_RIGHT_Y":"9202873.448"},"geometry":{"type":"Polygon","coordinates":[[[-63.362670087765984,-7.202265066604483],[-63.353594408063323,-7.202272169561488],[-63.353601434751575,-7.211335971545799],[-63.362677294798189,-7.21132885955868],[-63.362670087765984,-7.202265066604483]]]}},
{"type":"Feature","properties":{"DESCRIPTION":"MDT_1444144.tif","FILENAME":"U:\\P589_AmazoniaRevelada_BR-319\\LiDAR_dataset\\ENTREGAS\\ENTREGA_02\\2_MDT\\GEOTIFF\\MDT_1444144.tif","SHRT_FNAME":"MDT_1444144.tif","UPPER_LEFT_X":"460960.047","UPPER_LEFT_Y":"9203875.448","LOWER_RIGHT_X":"461962.047","LOWER_RIGHT_Y":"9202873.448"},"geometry":{"type":"Polygon","coordinates":[[[-63.353611660917707,-7.202272156229543],[-63.344535972162632,-7.202279079536538],[-63.3445428188489,-7.211342890305618],[-63.35361868794881,-7.211335958196901],[-63.353611660917707,-7.202272156229543]]]}},
{"type":"Feature","properties":{"DESCRIPTION":"MDT_1444145.tif","FILENAME":"U:\\P589_AmazoniaRevelada_BR-319\\LiDAR_dataset\\ENTREGAS\\ENTREGA_02\\2_MDT\\GEOTIFF\\MDT_1444145.tif","SHRT_FNAME":"MDT_1444145.tif","UPPER_LEFT_X":"461960.142","UPPER_LEFT_Y":"9203875.448","LOWER_RIGHT_X":"462962.142","LOWER_RIGHT_Y":"9202873.448"},"geometry":{"type":"Polygon","coordinates":[[[-63.344553225034005,-7.202279066546106],[-63.335477527458387,-7.202285810202231],[-63.335484194141806,-7.211349629528121],[-63.344560072063103,-7.211342877298669],[-63.344553225034005,-7.202279066546106]]]}},
{"type":"Feature","properties":{"DESCRIPTION":"MDT_1444146.tif","FILENAME":"U:\\P589_AmazoniaRevelada_BR-319\\LiDAR_dataset\\ENTREGAS\\ENTREGA_02\\2_MDT\\GEOTIFF\\MDT_1444146.tif","SHRT_FNAME":"MDT_1444146.tif","UPPER_LEFT_X":"462960.238","UPPER_LEFT_Y":"9203875.448","LOWER_RIGHT_X":"463962.238","LOWER_RIGHT_Y":"9202873.448"},"geometry":{"type":"Polygon","coordinates":[[[-63.335494780346302,-7.202285797553316],[-63.326419074182041,-7.202292361557732],[-63.326425560861793,-7.211356189212471],[-63.335501447372572,-7.211349616863121],[-63.335494780346302,-7.202285797553316]]]}},
{"type":"Feature","properties":{"DESCRIPTION":"MDT_1444147.tif","FILENAME":"U:\\P589_AmazoniaRevelada_BR-319\\LiDAR_dataset\\ENTREGAS\\ENTREGA_02\\2_MDT\\GEOTIFF\\MDT_1444147.tif","SHRT_FNAME":"MDT_1444147.tif","UPPER_LEFT_X":"463960.333","UPPER_LEFT_Y":"9203875.448","LOWER_RIGHT_X":"464962.333","LOWER_RIGHT_Y":"9202873.448"},"geometry":{"type":"Polygon","coordinates":[[[-63.326436327086078,-7.202292349250334],[-63.317360612565061,-7.202298733602226],[-63.317366919240314,-7.211362569357854],[-63.326442814108667,-7.211356176889424],[-63.326436327086078,-7.202292349250334]]]}},
{"type":"Feature","properties":{"DESCRIPTION":"MDT_1445146.tif","FILENAME":"U:\\P589_AmazoniaRevelada_BR-319\\LiDAR_dataset\\ENTREGAS\\ENTREGA_02\\2_MDT\\GEOTIFF\\MDT_1445146.tif","SHRT_FNAME":"MDT_1445146.tif","UPPER_LEFT_X":"462960.238","UPPER_LEFT_Y":"9202875.573","LOWER_RIGHT_X":"463962.238","LOWER_RIGHT_Y":"9201873.573"},"geometry":{"type":"Polygon","coordinates":[[[-63.335501433225438,-7.211330396216592],[-63.326425547097344,-7.211336968548245],[-63.326432042132588,-7.220400792618254],[-63.335508108839512,-7.220394211941354],[-63.335501433225438,-7.211330396216592]]]}},
{"type":"Feature","properties":{"DESCRIPTION":"MDT_1445147.tif","FILENAME":"U:\\P589_AmazoniaRevelada_BR-319\\LiDAR_dataset\\ENTREGAS\\ENTREGA_02\\2_MDT\\GEOTIFF\\MDT_1445147.tif","SHRT_FNAME":"MDT_1445147.tif","UPPER_LEFT_X":"463960.333","UPPER_LEFT_Y":"9202875.573","LOWER_RIGHT_X":"464962.333","LOWER_RIGHT_Y":"9201873.573"},"geometry":{"type":"Polygon","coordinates":[[[-63.326442800343479,-7.211336956225234],[-63.317366905857824,-7.21134334867645],[-63.317373220656705,-7.220407180847657],[-63.326449295722014,-7.220400780279598],[-63.326442800343479,-7.211336956225234]]]}},
{"type":"Feature","properties":{"DESCRIPTION":"MDT_1446106.tif","FILENAME":"U:\\P589_AmazoniaRevelada_BR-319\\LiDAR_dataset\\ENTREGAS\\ENTREGA_02\\2_MDT\\GEOTIFF\\MDT_1446106.tif","SHRT_FNAME":"MDT_1446106.tif","UPPER_LEFT_X":"422956.430","UPPER_LEFT_Y":"9201875.698","LOWER_RIGHT_X":"423958.430","LOWER_RIGHT_Y":"9200873.698"},"geometry":{"type":"Polygon","coordinates":[[[-63.69785110563479,-7.21996486226127],[-63.688775563819114,-7.219978646345104],[-63.68878928502965,-7.229041955837721],[-63.697865007605138,-7.229028154272995],[-63.69785110563479,-7.21996486226127]]]}},
{"type":"Feature","properties":{"DESCRIPTION":"MDT_1446107.tif","FILENAME":"U:\\P589_AmazoniaRevelada_BR-319\\LiDAR_dataset\\ENTREGAS\\ENTREGA_02\\2_MDT\\GEOTIFF\\MDT_1446107.tif","SHRT_FNAME":"MDT_1446107.tif","UPPER_LEFT_X":"423956.525","UPPER_LEFT_Y":"9201875.698","LOWER_RIGHT_X":"424958.525","LOWER_RIGHT_Y":"9200873.698"},"geometry":{"type":"Polygon","coordinates":[[[-63.688792816419536,-7.219978620312737],[-63.679717256969198,-7.219992224338408],[-63.679730797761813,-7.229055551050552],[-63.688806537973697,-7.229041929772341],[-63.688792816419536,-7.219978620312737]]]}},
{"type":"Feature","properties":{"DESCRIPTION":"MDT_1446108.tif","FILENAME":"U:\\P589_AmazoniaRevelada_BR-319\\LiDAR_dataset\\ENTREGAS\\ENTREGA_02\\2_MDT\\GEOTIFF\\MDT_1446108.tif","SHRT_FNAME":"MDT_1446108.tif","UPPER_LEFT_X":"424956.620","UPPER_LEFT_Y":"9201875.698","LOWER_RIGHT_X":"425958.620","LOWER_RIGHT_Y":"9200873.698"},"geometry":{"type":"Polygon","coordinates":[[[-63.679734509602923,-7.219992198648333],[-63.670658932749795,-7.220005622614146],[-63.670672293122777,-7.229068966317905],[-63.679748050739164,-7.229055525327897],[-63.679734509602923,-7.219992198648333]]]}},
{"type":"Feature","properties":{"DESCRIPTION":"MDT_1446109.tif","FILENAME":"U:\\P589_AmazoniaRevelada_BR-319\\LiDAR_dataset\\ENTREGAS\\ENTREGA_02\\2_MDT\\GEOTIFF\\MDT_1446109.tif","SHRT_FNAME":"MDT_1446109.tif","UPPER_LEFT_X":"425956.715","UPPER_LEFT_Y":"9201875.698","LOWER_RIGHT_X":"426958.715","LOWER_RIGHT_Y":"9200873.698"},"geometry":{"type":"Polygon","coordinates":[[[-63.67067618541639,-7.220005597266367],[-63.661600591392322,-7.220018841170655],[-63.661613771344015,-7.229082201638106],[-63.670689546133005,-7.22906894093798],[-63.67067618541639,-7.220005597266367]]]}},
{"type":"Feature","properties":{"DESCRIPTION":"MDT_1446110.tif","FILENAME":"U:\\P589_AmazoniaRevelada_BR-319\\LiDAR_dataset\\ENTREGAS\\ENTREGA_02\\2_MDT\\GEOTIFF\\MDT_1446110.tif","SHRT_FNAME":"MDT_1446110.tif","UPPER_LEFT_X":"426956.810","UPPER_LEFT_Y":"9201875.698","LOWER_RIGHT_X":"427958.810","LOWER_RIGHT_Y":"9200873.698"},"geometry":{"type":"Polygon","coordinates":[[[-63.661617844091339,-7.220018816165171],[-63.652542233128244,-7.220031880006287],[-63.652555232656972,-7.229095257009516],[-63.661631024386658,-7.229082176600913],[-63.661617844091339,-7.220018816165171]]]}},
{"type":"Feature","properties":{"DESCRIPTION":"MDT_1446111.tif","FILENAME":"U:\\P589_AmazoniaRevelada_BR-319\\LiDAR_dataset\\ENTREGAS\\ENTREGA_02\\2_MDT\\GEOTIFF\\MDT_1446111.tif","SHRT_FNAME":"MDT_1446111.tif","UPPER_LEFT_X":"427956.906","UPPER_LEFT_Y":"9201875.698","LOWER_RIGHT_X":"428958.906","LOWER_RIGHT_Y":"9200873.698"},"geometry":{"type":"Polygon","coordinates":[[[-63.652559485859229,-7.220031855343106],[-63.643483858188958,-7.220044739119426],[-63.643496677293122,-7.22910813243051],[-63.652572485731604,-7.229095232315058],[-63.652559485859229,-7.220031855343106]]]}},
{"type":"Feature","properties":{"DESCRIPTION":"MDT_1446112.tif","FILENAME":"U:\\P589_AmazoniaRevelada_BR-319\\LiDAR_dataset\\ENTREGAS\\ENTREGA_02\\2_MDT\\GEOTIFF\\MDT_1446112.tif","SHRT_FNAME":"MDT_1446112.tif","UPPER_LEFT_X":"428957.001","UPPER_LEFT_Y":"9201875.698","LOWER_RIGHT_X":"429959.001","LOWER_RIGHT_Y":"9200873.698"},"geometry":{"type":"Polygon","coordinates":[[[-63.643501110951497,-7.220044714798548],[-63.634425466805943,-7.220057418508469],[-63.634438105483888,-7.229120827899481],[-63.643513930399287,-7.229108108078787],[-63.643501110951497,-7.220044714798548]]]}},
{"type":"Feature","properties":{"DESCRIPTION":"MDT_1446113.tif","FILENAME":"U:\\P589_AmazoniaRevelada_BR-319\\LiDAR_dataset\\ENTREGAS\\ENTREGA_02\\2_MDT\\GEOTIFF\\MDT_1446113.tif","SHRT_FNAME":"MDT_1446113.tif","UPPER_LEFT_X":"429957.096","UPPER_LEFT_Y":"9201875.698","LOWER_RIGHT_X":"430959.096","LOWER_RIGHT_Y":"9200873.698"},"geometry":{"type":"Polygon","coordinates":[[[-63.634442719599576,-7.220057394529901],[-63.625367059210603,-7.220069918171845],[-63.625379517460772,-7.229133343414862],[-63.634455358621175,-7.229120803890504],[-63.634442719599576,-7.220057394529901]]]}},
{"type":"Feature","properties":{"DESCRIPTION":"MDT_1446114.tif","FILENAME":"U:\\P589_AmazoniaRevelada_BR-319\\LiDAR_dataset\\ENTREGAS\\ENTREGA_02\\2_MDT\\GEOTIFF\\MDT_1446114.tif","SHRT_FNAME":"MDT_1446114.tif","UPPER_LEFT_X":"430957.191","UPPER_LEFT_Y":"9201875.698","LOWER_RIGHT_X":"431959.191","LOWER_RIGHT_Y":"9200873.698"},"geometry":{"type":"Polygon","coordinates":[[[-63.625384312034896,-7.220069894535587],[-63.616308635634404,-7.220082238107999],[-63.616320913455233,-7.229145678975086],[-63.625396770628718,-7.229133319748628],[-63.625384312034896,-7.220069894535587]]]}},
{"type":"Feature","properties":{"DESCRIPTION":"MDT_1446115.tif","FILENAME":"U:\\P589_AmazoniaRevelada_BR-319\\LiDAR_dataset\\ENTREGAS\\ENTREGA_02\\2_MDT\\GEOTIFF\\MDT_1446115.tif","SHRT_FNAME":"MDT_1446115.tif","UPPER_LEFT_X":"431957.286","UPPER_LEFT_Y":"9201875.698","LOWER_RIGHT_X":"432959.286","LOWER_RIGHT_Y":"9200873.698"},"geometry":{"type":"Polygon","coordinates":[[[-63.616325888488916,-7.220082214814053],[-63.607250196308776,-7.220094378315393],[-63.607262293698717,-7.229157834578627],[-63.616338166653392,-7.229145655651601],[-63.616325888488916,-7.220082214814053]]]}},
{"type":"Feature","properties":{"DESCRIPTION":"MDT_1446116.tif","FILENAME":"U:\\P589_AmazoniaRevelada_BR-319\\LiDAR_dataset\\ENTREGAS\\ENTREGA_02\\2_MDT\\GEOTIFF\\MDT_1446116.tif","SHRT_FNAME":"MDT_1446116.tif","UPPER_LEFT_X":"432957.382","UPPER_LEFT_Y":"9201875.698","LOWER_RIGHT_X":"433959.382","LOWER_RIGHT_Y":"9200873.698"},"geometry":{"type":"Polygon","coordinates":[[[-63.607267449193067,-7.220094355363763],[-63.598191741465179,-7.220106338792524],[-63.598203658422712,-7.229169810223973],[-63.607279546926662,-7.229157811597892],[-63.607267449193067,-7.220094355363763]]]}},
{"type":"Feature","properties":{"DESCRIPTION":"MDT_1446117.tif","FILENAME":"U:\\P589_AmazoniaRevelada_BR-319\\LiDAR_dataset\\ENTREGAS\\ENTREGA_02\\2_MDT\\GEOTIFF\\MDT_1446117.tif","SHRT_FNAME":"MDT_1446117.tif","UPPER_LEFT_X":"433957.477","UPPER_LEFT_Y":"9201875.698","LOWER_RIGHT_X":"434959.477","LOWER_RIGHT_Y":"9200873.698"},"geometry":{"type":"Polygon","coordinates":[[[-63.598208994378808,-7.220106316183216],[-63.589133271335065,-7.220118119537907],[-63.589145007858697,-7.229181605909632],[-63.598220911679995,-7.229169787585987],[-63.598208994378808,-7.220106316183216]]]}},
{"type":"Feature","properties":{"DESCRIPTION":"MDT_1446118.tif","FILENAME":"U:\\P589_AmazoniaRevelada_BR-319\\LiDAR_dataset\\ENTREGAS\\ENTREGA_02\\2_MDT\\GEOTIFF\\MDT_1446118.tif","SHRT_FNAME":"MDT_1446118.tif","UPPER_LEFT_X":"434957.572","UPPER_LEFT_Y":"9201875.698","LOWER_RIGHT_X":"435959.572","LOWER_RIGHT_Y":"9200873.698"},"geometry":{"type":"Polygon","coordinates":[[[-63.589150524277571,-7.220118097270917],[-63.580074786149851,-7.220129720550071],[-63.580086342238111,-7.229193221634136],[-63.589162261144871,-7.229181583614404],[-63.589150524277571,-7.220118097270917]]]}},
{"type":"Feature","properties":{"DESCRIPTION":"MDT_1446119.tif","FILENAME":"U:\\P589_AmazoniaRevelada_BR-319\\LiDAR_dataset\\ENTREGAS\\ENTREGA_02\\2_MDT\\GEOTIFF\\MDT_1446119.tif","SHRT_FNAME":"MDT_1446119.tif","UPPER_LEFT_X":"435957.667","UPPER_LEFT_Y":"9201875.698","LOWER_RIGHT_X":"436959.667","LOWER_RIGHT_Y":"9200873.698"},"geometry":{"type":"Polygon","coordinates":[[[-63.580092039120821,-7.220129698625406],[-63.571016286141031,-7.220141141827576],[-63.571027661792471,-7.229204657396048],[-63.58010359555275,-7.229193199681668],[-63.580092039120821,-7.220129698625406]]]}},
{"type":"Feature","properties":{"DESCRIPTION":"MDT_1446120.tif","FILENAME":"U:\\P589_AmazoniaRevelada_BR-319\\LiDAR_dataset\\ENTREGAS\\ENTREGA_02\\2_MDT\\GEOTIFF\\MDT_1446120.tif","SHRT_FNAME":"MDT_1446120.tif","UPPER_LEFT_X":"436957.762","UPPER_LEFT_Y":"9201875.698","LOWER_RIGHT_X":"437959.762","LOWER_RIGHT_Y":"9200873.698"},"geometry":{"type":"Polygon","coordinates":[[[-63.571033539140011,-7.220141120245239],[-63.561957771540044,-7.220152383369004],[-63.561968966753234,-7.22921591319394],[-63.571044915135118,-7.229204635786342],[-63.571033539140011,-7.220141120245239]]]}},
{"type":"Feature","properties":{"DESCRIPTION":"MDT_1446121.tif","FILENAME":"U:\\P589_AmazoniaRevelada_BR-319\\LiDAR_dataset\\ENTREGAS\\ENTREGA_02\\2_MDT\\GEOTIFF\\MDT_1446121.tif","SHRT_FNAME":"MDT_1446121.tif","UPPER_LEFT_X":"437957.858","UPPER_LEFT_Y":"9201875.698","LOWER_RIGHT_X":"438959.858","LOWER_RIGHT_Y":"9200873.698"},"geometry":{"type":"Polygon","coordinates":[[[-63.561975024566593,-7.220152362128996],[-63.552899242578341,-7.220163445172955],[-63.552910257351868,-7.229226989026414],[-63.561986220123451,-7.229215891926997],[-63.561975024566593,-7.220152362128996]]]}},
{"type":"Feature","properties":{"DESCRIPTION":"MDT_1446122.tif","FILENAME":"U:\\P589_AmazoniaRevelada_BR-319\\LiDAR_dataset\\ENTREGAS\\ENTREGA_02\\2_MDT\\GEOTIFF\\MDT_1446122.tif","SHRT_FNAME":"MDT_1446122.tif","UPPER_LEFT_X":"438957.953","UPPER_LEFT_Y":"9201875.698","LOWER_RIGHT_X":"439959.953","LOWER_RIGHT_Y":"9200873.698"},"geometry":{"type":"Polygon","coordinates":[[[-63.552916495632026,-7.220163424275279],[-63.543840699487376,-7.220174327238055],[-63.543851533819875,-7.229237884892097],[-63.552927510749221,-7.229226968102238],[-63.552916495632026,-7.220163424275279]]]}},
{"type":"Feature","properties":{"DESCRIPTION":"MDT_1446123.tif","FILENAME":"U:\\P589_AmazoniaRevelada_BR-319\\LiDAR_dataset\\ENTREGAS\\ENTREGA_02\\2_MDT\\GEOTIFF\\MDT_1446123.tif","SHRT_FNAME":"MDT_1446123.tif","UPPER_LEFT_X":"439958.048","UPPER_LEFT_Y":"9201875.698","LOWER_RIGHT_X":"440960.048","LOWER_RIGHT_Y":"9200873.698"},"geometry":{"type":"Polygon","coordinates":[[[-63.543857952567755,-7.220174306682716],[-63.534782142498642,-7.220185029562953],[-63.534792796388714,-7.229248600789627],[-63.543868787243916,-7.229237864310691],[-63.543857952567755,-7.220174306682716]]]}},
{"type":"Feature","properties":{"DESCRIPTION":"MDT_1446124.tif","FILENAME":"U:\\P589_AmazoniaRevelada_BR-319\\LiDAR_dataset\\ENTREGAS\\ENTREGA_02\\2_MDT\\GEOTIFF\\MDT_1446124.tif","SHRT_FNAME":"MDT_1446124.tif","UPPER_LEFT_X":"440958.143","UPPER_LEFT_Y":"9201875.698","LOWER_RIGHT_X":"441960.143","LOWER_RIGHT_Y":"9200873.698"},"geometry":{"type":"Polygon","coordinates":[[[-63.534799395605262,-7.220185009349951],[-63.525723571843557,-7.220195552146313],[-63.525734045289909,-7.229259136717679],[-63.534810049839031,-7.229248580550993],[-63.534799395605262,-7.220185009349951]]]}},
{"type":"Feature","properties":{"DESCRIPTION":"MDT_1446125.tif","FILENAME":"U:\\P589_AmazoniaRevelada_BR-319\\LiDAR_dataset\\ENTREGAS\\ENTREGA_02\\2_MDT\\GEOTIFF\\MDT_1446125.tif","SHRT_FNAME":"MDT_1446125.tif","UPPER_LEFT_X":"441958.238","UPPER_LEFT_Y":"9201875.698","LOWER_RIGHT_X":"442960.238","LOWER_RIGHT_Y":"9200873.698"},"geometry":{"type":"Polygon","coordinates":[[[-63.525740824975991,-7.22019553227565],[-63.516664987753614,-7.22020589498683],[-63.516675280754903,-7.229269492674936],[-63.525751298766011,-7.22925911682182],[-63.525740824975991,-7.22019553227565]]]}},
{"type":"Feature","properties":{"DESCRIPTION":"MDT_1446126.tif","FILENAME":"U:\\P589_AmazoniaRevelada_BR-319\\LiDAR_dataset\\ENTREGAS\\ENTREGA_02\\2_MDT\\GEOTIFF\\MDT_1446126.tif","SHRT_FNAME":"MDT_1446126.tif","UPPER_LEFT_X":"442958.334","UPPER_LEFT_Y":"9201875.698","LOWER_RIGHT_X":"443960.334","LOWER_RIGHT_Y":"9200873.698"},"geometry":{"type":"Polygon","coordinates":[[[-63.516682240911422,-7.220205875458515],[-63.507606390460268,-7.220216058083224],[-63.507616503015214,-7.229279668660117],[-63.516692534256386,-7.229269473121852],[-63.516682240911422,-7.220205875458515]]]}},
{"type":"Feature","properties":{"DESCRIPTION":"MDT_1446127.tif","FILENAME":"U:\\P589_AmazoniaRevelada_BR-319\\LiDAR_dataset\\ENTREGAS\\ENTREGA_02\\2_MDT\\GEOTIFF\\MDT_1446127.tif","SHRT_FNAME":"MDT_1446127.tif","UPPER_LEFT_X":"443958.429","UPPER_LEFT_Y":"9201875.698","LOWER_RIGHT_X":"444960.429","LOWER_RIGHT_Y":"9200873.698"},"geometry":{"type":"Polygon","coordinates":[[[-63.507623643642994,-7.22021603889725],[-63.498547780194983,-7.220226041434221],[-63.498557712302322,-7.229289664671954],[-63.50763375654163,-7.229279649449815],[-63.507623643642994,-7.22021603889725]]]}},
{"type":"Feature","properties":{"DESCRIPTION":"MDT_1446128.tif","FILENAME":"U:\\P589_AmazoniaRevelada_BR-319\\LiDAR_dataset\\ENTREGAS\\ENTREGA_02\\2_MDT\\GEOTIFF\\MDT_1446128.tif","SHRT_FNAME":"MDT_1446128.tif","UPPER_LEFT_X":"444958.524","UPPER_LEFT_Y":"9201875.698","LOWER_RIGHT_X":"445960.524","LOWER_RIGHT_Y":"9200873.698"},"geometry":{"type":"Polygon","coordinates":[[[-63.498565033402208,-7.220226022590596],[-63.48948915718924,-7.220235845038585],[-63.489498908847722,-7.229299480709203],[-63.498574965853216,-7.229289645804431],[-63.498565033402208,-7.220226022590596]]]}},
{"type":"Feature","properties":{"DESCRIPTION":"MDT_1446129.tif","FILENAME":"U:\\P589_AmazoniaRevelada_BR-319\\LiDAR_dataset\\ENTREGAS\\ENTREGA_02\\2_MDT\\GEOTIFF\\MDT_1446129.tif","SHRT_FNAME":"MDT_1446129.tif","UPPER_LEFT_X":"445958.619","UPPER_LEFT_Y":"9201875.698","LOWER_RIGHT_X":"446960.619","LOWER_RIGHT_Y":"9200873.698"},"geometry":{"type":"Polygon","coordinates":[[[-63.48950641042051,-7.220235826537309],[-63.480430521674506,-7.220245468895097],[-63.480440092882887,-7.229309116770646],[-63.48951616242266,-7.229299462184467],[-63.48950641042051,-7.220235826537309]]]}},
{"type":"Feature","properties":{"DESCRIPTION":"MDT_1446130.tif","FILENAME":"U:\\P589_AmazoniaRevelada_BR-319\\LiDAR_dataset\\ENTREGAS\\ENTREGA_02\\2_MDT\\GEOTIFF\\MDT_1446130.tif","SHRT_FNAME":"MDT_1446130.tif","UPPER_LEFT_X":"446958.714","UPPER_LEFT_Y":"9201875.698","LOWER_RIGHT_X":"447960.714","LOWER_RIGHT_Y":"9200873.698"},"geometry":{"type":"Polygon","coordinates":[[[-63.480447774929367,-7.220245450736174],[-63.471371873882241,-7.220254913002562],[-63.471381264639334,-7.229318572855083],[-63.480457346481444,-7.229309098588693],[-63.480447774929367,-7.220245450736174]]]}},
{"type":"Feature","properties":{"DESCRIPTION":"MDT_1446131.tif","FILENAME":"U:\\P589_AmazoniaRevelada_BR-319\\LiDAR_dataset\\ENTREGAS\\ENTREGA_02\\2_MDT\\GEOTIFF\\MDT_1446131.tif","SHRT_FNAME":"MDT_1446131.tif","UPPER_LEFT_X":"447958.810","UPPER_LEFT_Y":"9201875.698","LOWER_RIGHT_X":"448960.810","LOWER_RIGHT_Y":"9200873.698"},"geometry":{"type":"Polygon","coordinates":[[[-63.471389127160272,-7.220254895185994],[-63.462313214043931,-7.220264177359803],[-63.462322424348571,-7.229327848961341],[-63.471398518261068,-7.229318555015921],[-63.471389127160272,-7.220254895185994]]]}},
{"type":"Feature","properties":{"DESCRIPTION":"MDT_1446132.tif","FILENAME":"U:\\P589_AmazoniaRevelada_BR-319\\LiDAR_dataset\\ENTREGAS\\ENTREGA_02\\2_MDT\\GEOTIFF\\MDT_1446132.tif","SHRT_FNAME":"MDT_1446132.tif","UPPER_LEFT_X":"448958.905","UPPER_LEFT_Y":"9201875.698","LOWER_RIGHT_X":"449960.905","LOWER_RIGHT_Y":"9200873.698"},"geometry":{"type":"Polygon","coordinates":[[[-63.462330467344685,-7.22026415988559],[-63.453254542391058,-7.220273261965669],[-63.453263572242065,-7.229336945088262],[-63.462339677993022,-7.229327831464968],[-63.462330467344685,-7.22026415988559]]]}},
{"type":"Feature","properties":{"DESCRIPTION":"MDT_1446133.tif","FILENAME":"U:\\P589_AmazoniaRevelada_BR-319\\LiDAR_dataset\\ENTREGAS\\ENTREGA_02\\2_MDT\\GEOTIFF\\MDT_1446133.tif","SHRT_FNAME":"MDT_1446133.tif","UPPER_LEFT_X":"449959.000","UPPER_LEFT_Y":"9201875.698","LOWER_RIGHT_X":"450961.000","LOWER_RIGHT_Y":"9200873.698"},"geometry":{"type":"Polygon","coordinates":[[[-63.453271795714087,-7.220273244833815],[-63.444195859155073,-7.220282166819031],[-63.444204708551332,-7.229345861234721],[-63.453280825908799,-7.229336927934682],[-63.453271795714087,-7.220273244833815]]]}},
{"type":"Feature","properties":{"DESCRIPTION":"MDT_1446134.tif","FILENAME":"U:\\P589_AmazoniaRevelada_BR-319\\LiDAR_dataset\\ENTREGAS\\ENTREGA_02\\2_MDT\\GEOTIFF\\MDT_1446134.tif","SHRT_FNAME":"MDT_1446134.tif","UPPER_LEFT_X":"450959.095","UPPER_LEFT_Y":"9201875.698","LOWER_RIGHT_X":"451961.095","LOWER_RIGHT_Y":"9200873.698"},"geometry":{"type":"Polygon","coordinates":[[[-63.444213112499959,-7.220282150029537],[-63.435137164567493,-7.220290891918781],[-63.435145833507875,-7.229354597399605],[-63.444221962239908,-7.229345844423937],[-63.444213112499959,-7.220282150029537]]]}},
{"type":"Feature","properties":{"DESCRIPTION":"MDT_1446135.tif","FILENAME":"U:\\P589_AmazoniaRevelada_BR-319\\LiDAR_dataset\\ENTREGAS\\ENTREGA_02\\2_MDT\\GEOTIFF\\MDT_1446135.tif","SHRT_FNAME":"MDT_1446135.tif","UPPER_LEFT_X":"451959.190","UPPER_LEFT_Y":"9201875.698","LOWER_RIGHT_X":"452961.190","LOWER_RIGHT_Y":"9200873.698"},"geometry":{"type":"Polygon","coordinates":[[[-63.435154417933774,-7.220290875471652],[-63.426078458859756,-7.220299437263836],[-63.426086947343194,-7.229363153581828],[-63.435163087217866,-7.229354580931616],[-63.435154417933774,-7.220290875471652]]]}},
{"type":"Feature","properties":{"DESCRIPTION":"MDT_1446136.tif","FILENAME":"U:\\P589_AmazoniaRevelada_BR-319\\LiDAR_dataset\\ENTREGAS\\ENTREGA_02\\2_MDT\\GEOTIFF\\MDT_1446136.tif","SHRT_FNAME":"MDT_1446136.tif","UPPER_LEFT_X":"452959.286","UPPER_LEFT_Y":"9201875.698","LOWER_RIGHT_X":"453961.286","LOWER_RIGHT_Y":"9200873.698"},"geometry":{"type":"Polygon","coordinates":[[[-63.426095712247005,-7.220299421159072],[-63.417019742263378,-7.220307802853131],[-63.417028050288785,-7.229371529780331],[-63.426104201074132,-7.22936313745664],[-63.426095712247005,-7.220299421159072]]]}},
{"type":"Feature","properties":{"DESCRIPTION":"MDT_1446137.tif","FILENAME":"U:\\P589_AmazoniaRevelada_BR-319\\LiDAR_dataset\\ENTREGAS\\ENTREGA_02\\2_MDT\\GEOTIFF\\MDT_1446137.tif","SHRT_FNAME":"MDT_1446137.tif","UPPER_LEFT_X":"453959.381","UPPER_LEFT_Y":"9201875.698","LOWER_RIGHT_X":"454961.381","LOWER_RIGHT_Y":"9200873.698"},"geometry":{"type":"Polygon","coordinates":[[[-63.41703699567114,-7.220307787090737],[-63.407961015009818,-7.220315988685631],[-63.407969142576171,-7.229379725994066],[-63.417045304040258,-7.229371513997942],[-63.41703699567114,-7.220307787090737]]]}},
{"type":"Feature","properties":{"DESCRIPTION":"MDT_1446138.tif","FILENAME":"U:\\P589_AmazoniaRevelada_BR-319\\LiDAR_dataset\\ENTREGAS\\ENTREGA_02\\2_MDT\\GEOTIFF\\MDT_1446138.tif","SHRT_FNAME":"MDT_1446138.tif","UPPER_LEFT_X":"454959.476","UPPER_LEFT_Y":"9201875.698","LOWER_RIGHT_X":"455961.476","LOWER_RIGHT_Y":"9200873.698"},"geometry":{"type":"Polygon","coordinates":[[[-63.407978268437667,-7.220315973265603],[-63.398902277330578,-7.220323994760313],[-63.398910224436847,-7.229387742222015],[-63.40798639634771,-7.229379710554481],[-63.407978268437667,-7.220315973265603]]]}},
{"type":"Feature","properties":{"DESCRIPTION":"MDT_1446139.tif","FILENAME":"U:\\P589_AmazoniaRevelada_BR-319\\LiDAR_dataset\\ENTREGAS\\ENTREGA_02\\2_MDT\\GEOTIFF\\MDT_1446139.tif","SHRT_FNAME":"MDT_1446139.tif","UPPER_LEFT_X":"455959.571","UPPER_LEFT_Y":"9201875.698","LOWER_RIGHT_X":"456961.571","LOWER_RIGHT_Y":"9200873.698"},"geometry":{"type":"Polygon","coordinates":[[[-63.398919530778052,-7.220323979682655],[-63.389843529457131,-7.22033182107618],[-63.389851296102307,-7.229395578463187],[-63.398927478228032,-7.229387727125236],[-63.398919530778052,-7.220323979682655]]]}},
{"type":"Feature","properties":{"DESCRIPTION":"MDT_1446140.tif","FILENAME":"U:\\P589_AmazoniaRevelada_BR-319\\LiDAR_dataset\\ENTREGAS\\ENTREGA_02\\2_MDT\\GEOTIFF\\MDT_1446140.tif","SHRT_FNAME":"MDT_1446140.tif","UPPER_LEFT_X":"456959.666","UPPER_LEFT_Y":"9201875.698","LOWER_RIGHT_X":"457961.666","LOWER_RIGHT_Y":"9200873.698"},"geometry":{"type":"Polygon","coordinates":[[[-63.389860782923812,-7.220331806340897],[-63.380784771620974,-7.220339467632265],[-63.380792357804097,-7.229403234716602],[-63.389868549912698,-7.229395563709216],[-63.389860782923812,-7.220331806340897]]]}},
{"type":"Feature","properties":{"DESCRIPTION":"MDT_1446141.tif","FILENAME":"U:\\P589_AmazoniaRevelada_BR-319\\LiDAR_dataset\\ENTREGAS\\ENTREGA_02\\2_MDT\\GEOTIFF\\MDT_1446141.tif","SHRT_FNAME":"MDT_1446141.tif","UPPER_LEFT_X":"457959.762","UPPER_LEFT_Y":"9201875.698","LOWER_RIGHT_X":"458961.762","LOWER_RIGHT_Y":"9200873.698"},"geometry":{"type":"Polygon","coordinates":[[[-63.380802025106398,-7.220339453239355],[-63.371726004053585,-7.220346934427613],[-63.371733409773704,-7.229410710981312],[-63.380809611633232,-7.229403220305439],[-63.380802025106398,-7.220339453239355]]]}},
{"type":"Feature","properties":{"DESCRIPTION":"MDT_1446142.tif","FILENAME":"U:\\P589_AmazoniaRevelada_BR-319\\LiDAR_dataset\\ENTREGAS\\ENTREGA_02\\2_MDT\\GEOTIFF\\MDT_1446142.tif","SHRT_FNAME":"MDT_1446142.tif","UPPER_LEFT_X":"458959.857","UPPER_LEFT_Y":"9201875.698","LOWER_RIGHT_X":"459961.857","LOWER_RIGHT_Y":"9200873.698"},"geometry":{"type":"Polygon","coordinates":[[[-63.37174325755732,-7.220346920377082],[-63.36266722698646,-7.2203542214613],[-63.362674452242643,-7.229418007256382],[-63.371750663621157,-7.229410696912958],[-63.37174325755732,-7.220346920377082]]]}},
{"type":"Feature","properties":{"DESCRIPTION":"MDT_1446143.tif","FILENAME":"U:\\P589_AmazoniaRevelada_BR-319\\LiDAR_dataset\\ENTREGAS\\ENTREGA_02\\2_MDT\\GEOTIFF\\MDT_1446143.tif","SHRT_FNAME":"MDT_1446143.tif","UPPER_LEFT_X":"459959.952","UPPER_LEFT_Y":"9201875.698","LOWER_RIGHT_X":"460961.952","LOWER_RIGHT_Y":"9200873.698"},"geometry":{"type":"Polygon","coordinates":[[[-63.362684480508079,-7.220354207753146],[-63.353608440651087,-7.220361328732416],[-63.353615485442425,-7.229425123540913],[-63.362691706107967,-7.229417993530844],[-63.362684480508079,-7.220354207753146]]]}},
{"type":"Feature","properties":{"DESCRIPTION":"MDT_1446144.tif","FILENAME":"U:\\P589_AmazoniaRevelada_BR-319\\LiDAR_dataset\\ENTREGAS\\ENTREGA_02\\2_MDT\\GEOTIFF\\MDT_1446144.tif","SHRT_FNAME":"MDT_1446144.tif","UPPER_LEFT_X":"460960.047","UPPER_LEFT_Y":"9201875.698","LOWER_RIGHT_X":"461962.047","LOWER_RIGHT_Y":"9200873.698"},"geometry":{"type":"Polygon","coordinates":[[[-63.353625694190129,-7.22036131536664],[-63.34454964527896,-7.220368256240077],[-63.344556509604558,-7.22943205983401],[-63.353632739325178,-7.229425110158185],[-63.353625694190129,-7.22036131536664]]]}},
{"type":"Feature","properties":{"DESCRIPTION":"MDT_1446145.tif","FILENAME":"U:\\P589_AmazoniaRevelada_BR-319\\LiDAR_dataset\\ENTREGAS\\ENTREGA_02\\2_MDT\\GEOTIFF\\MDT_1446145.tif","SHRT_FNAME":"MDT_1446145.tif","UPPER_LEFT_X":"461960.142","UPPER_LEFT_Y":"9201875.698","LOWER_RIGHT_X":"462962.142","LOWER_RIGHT_Y":"9200873.698"},"geometry":{"type":"Polygon","coordinates":[[[-63.344566898834998,-7.220368243216685],[-63.335490841101574,-7.220375003983425],[-63.335497524960587,-7.22943881613482],[-63.344573763504322,-7.229432046794101],[-63.344566898834998,-7.220368243216685]]]}},
{"type":"Feature","properties":{"DESCRIPTION":"MDT_1446146.tif","FILENAME":"U:\\P589_AmazoniaRevelada_BR-319\\LiDAR_dataset\\ENTREGAS\\ENTREGA_02\\2_MDT\\GEOTIFF\\MDT_1446146.tif","SHRT_FNAME":"MDT_1446146.tif","UPPER_LEFT_X":"462960.238","UPPER_LEFT_Y":"9201875.698","LOWER_RIGHT_X":"463962.238","LOWER_RIGHT_Y":"9200873.698"},"geometry":{"type":"Polygon","coordinates":[[[-63.335508094674161,-7.220374991302414],[-63.326432028350418,-7.220381571961618],[-63.326438531741992,-7.229445392442496],[-63.335514778876892,-7.229438803437728],[-63.335508094674161,-7.220374991302414]]]}},
{"type":"Feature","properties":{"DESCRIPTION":"MDT_1446147.tif","FILENAME":"U:\\P589_AmazoniaRevelada_BR-319\\LiDAR_dataset\\ENTREGAS\\ENTREGA_02\\2_MDT\\GEOTIFF\\MDT_1446147.tif","SHRT_FNAME":"MDT_1446147.tif","UPPER_LEFT_X":"463960.333","UPPER_LEFT_Y":"9201875.698","LOWER_RIGHT_X":"464962.333","LOWER_RIGHT_Y":"9200873.698"},"geometry":{"type":"Polygon","coordinates":[[[-63.326449281939105,-7.220381559622995],[-63.317373207256992,-7.220387960173842],[-63.317379530180318,-7.229451788756226],[-63.326455785674419,-7.229445380088223],[-63.326449281939105,-7.220381559622995]]]}},
{"type":"Feature","properties":{"DESCRIPTION":"MDT_1447106.tif","FILENAME":"U:\\P589_AmazoniaRevelada_BR-319\\LiDAR_dataset\\ENTREGAS\\ENTREGA_02\\2_MDT\\GEOTIFF\\MDT_1447106.tif","SHRT_FNAME":"MDT_1447106.tif","UPPER_LEFT_X":"422956.430","UPPER_LEFT_Y":"9200875.823","LOWER_RIGHT_X":"423958.430","LOWER_RIGHT_Y":"9199873.823"},"geometry":{"type":"Polygon","coordinates":[[[-63.697864978105812,-7.229008934744679],[-63.688789255913882,-7.229022736272334],[-63.688802994756699,-7.23808604215195],[-63.697878897940726,-7.238072223142738],[-63.697864978105812,-7.229008934744679]]]}},
{"type":"Feature","properties":{"DESCRIPTION":"MDT_1447107.tif","FILENAME":"U:\\P589_AmazoniaRevelada_BR-319\\LiDAR_dataset\\ENTREGAS\\ENTREGA_02\\2_MDT\\GEOTIFF\\MDT_1447107.tif","SHRT_FNAME":"MDT_1447107.tif","UPPER_LEFT_X":"423956.525","UPPER_LEFT_Y":"9200875.823","LOWER_RIGHT_X":"424958.525","LOWER_RIGHT_Y":"9199873.823"},"geometry":{"type":"Polygon","coordinates":[[[-63.688806508857191,-7.229022710207023],[-63.679730769028886,-7.229036331448651],[-63.679744327221933,-7.23809965454845],[-63.688820248044081,-7.238086016053624],[-63.688806508857191,-7.229022710207023]]]}},
{"type":"Feature","properties":{"DESCRIPTION":"MDT_1447108.tif","FILENAME":"U:\\P589_AmazoniaRevelada_BR-319\\LiDAR_dataset\\ENTREGAS\\ENTREGA_02\\2_MDT\\GEOTIFF\\MDT_1447108.tif","SHRT_FNAME":"MDT_1447108.tif","UPPER_LEFT_X":"424956.620","UPPER_LEFT_Y":"9200875.823","LOWER_RIGHT_X":"425958.620","LOWER_RIGHT_Y":"9199873.823"},"geometry":{"type":"Polygon","coordinates":[[[-63.679748022005512,-7.229036305726065],[-63.670672264772698,-7.229049746679967],[-63.670685642314282,-7.238113086772032],[-63.679761580542632,-7.238099628793285],[-63.679748022005512,-7.229036305726065]]]}},
{"type":"Feature","properties":{"DESCRIPTION":"MDT_1447109.tif","FILENAME":"U:\\P589_AmazoniaRevelada_BR-319\\LiDAR_dataset\\ENTREGAS\\ENTREGA_02\\2_MDT\\GEOTIFF\\MDT_1447109.tif","SHRT_FNAME":"MDT_1447109.tif","UPPER_LEFT_X":"425956.715","UPPER_LEFT_Y":"9200875.823","LOWER_RIGHT_X":"426958.715","LOWER_RIGHT_Y":"9199873.823"},"geometry":{"type":"Polygon","coordinates":[[[-63.670689517782186,-7.229049721300111],[-63.661613743376769,-7.229062981964622],[-63.661626940265222,-7.238126338821018],[-63.670702895667844,-7.238113061360024],[-63.670689517782186,-7.229049721300111]]]}},
{"type":"Feature","properties":{"DESCRIPTION":"MDT_1447110.tif","FILENAME":"U:\\P589_AmazoniaRevelada_BR-319\\LiDAR_dataset\\ENTREGAS\\ENTREGA_02\\2_MDT\\GEOTIFF\\MDT_1447110.tif","SHRT_FNAME":"MDT_1447110.tif","UPPER_LEFT_X":"426956.810","UPPER_LEFT_Y":"9200875.823","LOWER_RIGHT_X":"427958.810","LOWER_RIGHT_Y":"9199873.823"},"geometry":{"type":"Polygon","coordinates":[[[-63.661630996418694,-7.229062956927496],[-63.652555205072588,-7.229076037300963],[-63.652568221306225,-7.238139410693768],[-63.661644193651213,-7.23812631375218],[-63.661630996418694,-7.229062956927496]]]}},
{"type":"Feature","properties":{"DESCRIPTION":"MDT_1447111.tif","FILENAME":"U:\\P589_AmazoniaRevelada_BR-319\\LiDAR_dataset\\ENTREGAS\\ENTREGA_02\\2_MDT\\GEOTIFF\\MDT_1447111.tif","SHRT_FNAME":"MDT_1447111.tif","UPPER_LEFT_X":"427956.906","UPPER_LEFT_Y":"9200875.823","LOWER_RIGHT_X":"428958.906","LOWER_RIGHT_Y":"9199873.823"},"geometry":{"type":"Polygon","coordinates":[[[-63.652572458146487,-7.229076012606572],[-63.643496650091578,-7.229088912687374],[-63.643509485668773,-7.238152302388649],[-63.652585474724198,-7.238139385968094],[-63.652572458146487,-7.229076012606572]]]}},
{"type":"Feature","properties":{"DESCRIPTION":"MDT_1447112.tif","FILENAME":"U:\\P589_AmazoniaRevelada_BR-319\\LiDAR_dataset\\ENTREGAS\\ENTREGA_02\\2_MDT\\GEOTIFF\\MDT_1447112.tif","SHRT_FNAME":"MDT_1447112.tif","UPPER_LEFT_X":"428957.001","UPPER_LEFT_Y":"9200875.823","LOWER_RIGHT_X":"429959.001","LOWER_RIGHT_Y":"9199873.823"},"geometry":{"type":"Polygon","coordinates":[[[-63.643513903197018,-7.22908888833572],[-63.634438078665205,-7.229101608122249],[-63.634450733584366,-7.238165013904069],[-63.643526739118307,-7.238152278006153],[-63.643513903197018,-7.22908888833572]]]}},
{"type":"Feature","properties":{"DESCRIPTION":"MDT_1447113.tif","FILENAME":"U:\\P589_AmazoniaRevelada_BR-319\\LiDAR_dataset\\ENTREGAS\\ENTREGA_02\\2_MDT\\GEOTIFF\\MDT_1447113.tif","SHRT_FNAME":"MDT_1447113.tif","UPPER_LEFT_X":"429957.096","UPPER_LEFT_Y":"9200875.823","LOWER_RIGHT_X":"430959.096","LOWER_RIGHT_Y":"9199873.823"},"geometry":{"type":"Polygon","coordinates":[[[-63.634455331801753,-7.229101584113335],[-63.625379491024958,-7.229114123604011],[-63.625391965284471,-7.238177545238437],[-63.634467987064994,-7.238164989864743],[-63.634455331801753,-7.229101584113335]]]}},
{"type":"Feature","properties":{"DESCRIPTION":"MDT_1447114.tif","FILENAME":"U:\\P589_AmazoniaRevelada_BR-319\\LiDAR_dataset\\ENTREGAS\\ENTREGA_02\\2_MDT\\GEOTIFF\\MDT_1447114.tif","SHRT_FNAME":"MDT_1447114.tif","UPPER_LEFT_X":"430957.191","UPPER_LEFT_Y":"9200875.823","LOWER_RIGHT_X":"431959.191","LOWER_RIGHT_Y":"9199873.823"},"geometry":{"type":"Polygon","coordinates":[[[-63.625396744192166,-7.229114099937841],[-63.616320887402274,-7.229126459131104],[-63.616333181000584,-7.2381898963902],[-63.625409218795774,-7.238177521542289],[-63.625396744192166,-7.229114099937841]]]}},
{"type":"Feature","properties":{"DESCRIPTION":"MDT_1447115.tif","FILENAME":"U:\\P589_AmazoniaRevelada_BR-319\\LiDAR_dataset\\ENTREGAS\\ENTREGA_02\\2_MDT\\GEOTIFF\\MDT_1447115.tif","SHRT_FNAME":"MDT_1447115.tif","UPPER_LEFT_X":"431957.286","UPPER_LEFT_Y":"9200875.823","LOWER_RIGHT_X":"432959.286","LOWER_RIGHT_Y":"9199873.823"},"geometry":{"type":"Polygon","coordinates":[[[-63.616338140599701,-7.229126435807681],[-63.607262268028627,-7.229138614701996],[-63.607274380964206,-7.238202067357823],[-63.616350434542106,-7.238189873037234],[-63.616338140599701,-7.229126435807681]]]}},
{"type":"Feature","properties":{"DESCRIPTION":"MDT_1447116.tif","FILENAME":"U:\\P589_AmazoniaRevelada_BR-319\\LiDAR_dataset\\ENTREGAS\\ENTREGA_02\\2_MDT\\GEOTIFF\\MDT_1447116.tif","SHRT_FNAME":"MDT_1447116.tif","UPPER_LEFT_X":"432957.382","UPPER_LEFT_Y":"9200875.823","LOWER_RIGHT_X":"433959.382","LOWER_RIGHT_Y":"9199873.823"},"geometry":{"type":"Polygon","coordinates":[[[-63.607279521255833,-7.229138591721322],[-63.598203633135498,-7.229150590315175],[-63.598215565406804,-7.238214058139791],[-63.607291634535507,-7.238202044348039],[-63.607279521255833,-7.229138591721322]]]}},
{"type":"Feature","properties":{"DESCRIPTION":"MDT_1447117.tif","FILENAME":"U:\\P589_AmazoniaRevelada_BR-319\\LiDAR_dataset\\ENTREGAS\\ENTREGA_02\\2_MDT\\GEOTIFF\\MDT_1447117.tif","SHRT_FNAME":"MDT_1447117.tif","UPPER_LEFT_X":"433957.477","UPPER_LEFT_Y":"9200875.823","LOWER_RIGHT_X":"434959.477","LOWER_RIGHT_Y":"9199873.823"},"geometry":{"type":"Polygon","coordinates":[[[-63.598220886392042,-7.229150567677252],[-63.589144982954345,-7.229162385969151],[-63.589156734559879,-7.238225868734616],[-63.598232819007443,-7.238214035473194],[-63.598220886392042,-7.229150567677252]]]}},
{"type":"Feature","properties":{"DESCRIPTION":"MDT_1447118.tif","FILENAME":"U:\\P589_AmazoniaRevelada_BR-319\\LiDAR_dataset\\ENTREGAS\\ENTREGA_02\\2_MDT\\GEOTIFF\\MDT_1447118.tif","SHRT_FNAME":"MDT_1447118.tif","UPPER_LEFT_X":"434957.572","UPPER_LEFT_Y":"9200875.823","LOWER_RIGHT_X":"435959.572","LOWER_RIGHT_Y":"9199873.823"},"geometry":{"type":"Polygon","coordinates":[[[-63.58916223623978,-7.229162363673984],[-63.580086317716635,-7.229174001662456],[-63.580097888654947,-7.238237499140826],[-63.589173988189422,-7.238225846411207],[-63.58916223623978,-7.229162363673984]]]}},
{"type":"Feature","properties":{"DESCRIPTION":"MDT_1447119.tif","FILENAME":"U:\\P589_AmazoniaRevelada_BR-319\\LiDAR_dataset\\ENTREGAS\\ENTREGA_02\\2_MDT\\GEOTIFF\\MDT_1447119.tif","SHRT_FNAME":"MDT_1447119.tif","UPPER_LEFT_X":"435957.667","UPPER_LEFT_Y":"9200875.823","LOWER_RIGHT_X":"436959.667","LOWER_RIGHT_Y":"9199873.823"},"geometry":{"type":"Polygon","coordinates":[[[-63.580103571030541,-7.229173979710048],[-63.571027637653863,-7.22918543739365],[-63.571039027923476,-7.238248949356976],[-63.580115142312948,-7.23823747716061],[-63.580103571030541,-7.229173979710048]]]}},
{"type":"Feature","properties":{"DESCRIPTION":"MDT_1447120.tif","FILENAME":"U:\\P589_AmazoniaRevelada_BR-319\\LiDAR_dataset\\ENTREGAS\\ENTREGA_02\\2_MDT\\GEOTIFF\\MDT_1447120.tif","SHRT_FNAME":"MDT_1447120.tif","UPPER_LEFT_X":"436957.762","UPPER_LEFT_Y":"9200875.823","LOWER_RIGHT_X":"437959.762","LOWER_RIGHT_Y":"9199873.823"},"geometry":{"type":"Polygon","coordinates":[[[-63.571044890995786,-7.229185415783999],[-63.561968942997503,-7.22919669316131],[-63.561980152596988,-7.238260219381643],[-63.571056281609508,-7.238248927719955],[-63.571044890995786,-7.229185415783999]]]}},
{"type":"Feature","properties":{"DESCRIPTION":"MDT_1447121.tif","FILENAME":"U:\\P589_AmazoniaRevelada_BR-319\\LiDAR_dataset\\ENTREGAS\\ENTREGA_02\\2_MDT\\GEOTIFF\\MDT_1447121.tif","SHRT_FNAME":"MDT_1447121.tif","UPPER_LEFT_X":"437957.858","UPPER_LEFT_Y":"9200875.823","LOWER_RIGHT_X":"438959.858","LOWER_RIGHT_Y":"9199873.823"},"geometry":{"type":"Polygon","coordinates":[[[-63.561986196367009,-7.229196671894425],[-63.552910233979027,-7.229207768964037],[-63.552921262906992,-7.238271309213426],[-63.561997406310603,-7.238260198087819],[-63.561986196367009,-7.229196671894425]]]}},
{"type":"Feature","properties":{"DESCRIPTION":"MDT_1447122.tif","FILENAME":"U:\\P589_AmazoniaRevelada_BR-319\\LiDAR_dataset\\ENTREGAS\\ENTREGA_02\\2_MDT\\GEOTIFF\\MDT_1447122.tif","SHRT_FNAME":"MDT_1447122.tif","UPPER_LEFT_X":"438957.953","UPPER_LEFT_Y":"9200875.823","LOWER_RIGHT_X":"439959.953","LOWER_RIGHT_Y":"9199873.823"},"geometry":{"type":"Polygon","coordinates":[[[-63.552927487375655,-7.229207748039915],[-63.543851510829917,-7.229218664800452],[-63.543862359084976,-7.238282218850946],[-63.552938516647728,-7.238271288262804],[-63.552927487375655,-7.229207748039915]]]}},
{"type":"Feature","properties":{"DESCRIPTION":"MDT_1447123.tif","FILENAME":"U:\\P589_AmazoniaRevelada_BR-319\\LiDAR_dataset\\ENTREGAS\\ENTREGA_02\\2_MDT\\GEOTIFF\\MDT_1447123.tif","SHRT_FNAME":"MDT_1447123.tif","UPPER_LEFT_X":"439958.048","UPPER_LEFT_Y":"9200875.823","LOWER_RIGHT_X":"440960.048","LOWER_RIGHT_Y":"9199873.823"},"geometry":{"type":"Polygon","coordinates":[[[-63.54386876425324,-7.229218644219099],[-63.53479277378166,-7.229229380669199],[-63.534803441362435,-7.238292948292847],[-63.5438796128524,-7.238282198243527],[-63.54386876425324,-7.229218644219099]]]}},
{"type":"Feature","properties":{"DESCRIPTION":"MDT_1447124.tif","FILENAME":"U:\\P589_AmazoniaRevelada_BR-319\\LiDAR_dataset\\ENTREGAS\\ENTREGA_02\\2_MDT\\GEOTIFF\\MDT_1447124.tif","SHRT_FNAME":"MDT_1447124.tif","UPPER_LEFT_X":"440958.143","UPPER_LEFT_Y":"9200875.823","LOWER_RIGHT_X":"441960.143","LOWER_RIGHT_Y":"9199873.823"},"geometry":{"type":"Polygon","coordinates":[[[-63.534810027231238,-7.229229360430619],[-63.525734023065745,-7.22923991656895],[-63.525744509970899,-7.238303497537797],[-63.534820695156121,-7.238292928028633],[-63.534810027231238,-7.229229360430619]]]}},
{"type":"Feature","properties":{"DESCRIPTION":"MDT_1447125.tif","FILENAME":"U:\\P589_AmazoniaRevelada_BR-319\\LiDAR_dataset\\ENTREGAS\\ENTREGA_02\\2_MDT\\GEOTIFF\\MDT_1447125.tif","SHRT_FNAME":"MDT_1447125.tif","UPPER_LEFT_X":"441958.238","UPPER_LEFT_Y":"9200875.823","LOWER_RIGHT_X":"442960.238","LOWER_RIGHT_Y":"9199873.823"},"geometry":{"type":"Polygon","coordinates":[[[-63.525751276541122,-7.229239896673146],[-63.516675258913637,-7.229250272498395],[-63.516685565141863,-7.23831386658448],[-63.525761763790399,-7.238303477616791],[-63.525751276541122,-7.229239896673146]]]}},
{"type":"Feature","properties":{"DESCRIPTION":"MDT_1447126.tif","FILENAME":"U:\\P589_AmazoniaRevelada_BR-319\\LiDAR_dataset\\ENTREGAS\\ENTREGA_02\\2_MDT\\GEOTIFF\\MDT_1447126.tif","SHRT_FNAME":"MDT_1447126.tif","UPPER_LEFT_X":"442958.334","UPPER_LEFT_Y":"9200875.823","LOWER_RIGHT_X":"443960.334","LOWER_RIGHT_Y":"9199873.823"},"geometry":{"type":"Polygon","coordinates":[[[-63.516692512414402,-7.229250252945364],[-63.507616481556852,-7.229260448456242],[-63.507626607106843,-7.23832405543161],[-63.516702818986744,-7.238313847006681],[-63.516692512414402,-7.229250252945364]]]}},
{"type":"Feature","properties":{"DESCRIPTION":"MDT_1447127.tif","FILENAME":"U:\\P589_AmazoniaRevelada_BR-319\\LiDAR_dataset\\ENTREGAS\\ENTREGA_02\\2_MDT\\GEOTIFF\\MDT_1447127.tif","SHRT_FNAME":"MDT_1447127.tif","UPPER_LEFT_X":"443958.429","UPPER_LEFT_Y":"9200875.823","LOWER_RIGHT_X":"444960.429","LOWER_RIGHT_Y":"9199873.823"},"geometry":{"type":"Polygon","coordinates":[[[-63.507633735082528,-7.229260429245992],[-63.498557691226857,-7.22927044444123],[-63.498567636097349,-7.238334064077917],[-63.507643860976657,-7.238324036197024],[-63.507633735082528,-7.229260429245992]]]}},
{"type":"Feature","properties":{"DESCRIPTION":"MDT_1447128.tif","FILENAME":"U:\\P589_AmazoniaRevelada_BR-319\\LiDAR_dataset\\ENTREGAS\\ENTREGA_02\\2_MDT\\GEOTIFF\\MDT_1447128.tif","SHRT_FNAME":"MDT_1447128.tif","UPPER_LEFT_X":"444958.524","UPPER_LEFT_Y":"9200875.823","LOWER_RIGHT_X":"445960.524","LOWER_RIGHT_Y":"9199873.823"},"geometry":{"type":"Polygon","coordinates":[[[-63.498574944777033,-7.22927042557376],[-63.489498888155154,-7.229280260452115],[-63.489508652344917,-7.238343892522161],[-63.498584889991662,-7.238334045186549],[-63.498574944777033,-7.22927042557376]]]}},
{"type":"Feature","properties":{"DESCRIPTION":"MDT_1447129.tif","FILENAME":"U:\\P589_AmazoniaRevelada_BR-319\\LiDAR_dataset\\ENTREGAS\\ENTREGA_02\\2_MDT\\GEOTIFF\\MDT_1447129.tif","SHRT_FNAME":"MDT_1447129.tif","UPPER_LEFT_X":"445958.619","UPPER_LEFT_Y":"9200875.823","LOWER_RIGHT_X":"446960.619","LOWER_RIGHT_Y":"9199873.823"},"geometry":{"type":"Polygon","coordinates":[[[-63.489516141729375,-7.229280241927426],[-63.480440072573231,-7.229289896487674],[-63.480449656081021,-7.238353540763116],[-63.489525906263253,-7.238343873974006],[-63.489516141729375,-7.229280241927426]]]}},
{"type":"Feature","properties":{"DESCRIPTION":"MDT_1447130.tif","FILENAME":"U:\\P589_AmazoniaRevelada_BR-319\\LiDAR_dataset\\ENTREGAS\\ENTREGA_02\\2_MDT\\GEOTIFF\\MDT_1447130.tif","SHRT_FNAME":"MDT_1447130.tif","UPPER_LEFT_X":"446958.714","UPPER_LEFT_Y":"9200875.823","LOWER_RIGHT_X":"447960.714","LOWER_RIGHT_Y":"9199873.823"},"geometry":{"type":"Polygon","coordinates":[[[-63.48045732617107,-7.229289878305774],[-63.471381244712603,-7.229299352546712],[-63.471390647537213,-7.238363008799585],[-63.480466910022983,-7.238353522558183],[-63.48045732617107,-7.229289878305774]]]}},
{"type":"Feature","properties":{"DESCRIPTION":"MDT_1447131.tif","FILENAME":"U:\\P589_AmazoniaRevelada_BR-319\\LiDAR_dataset\\ENTREGAS\\ENTREGA_02\\2_MDT\\GEOTIFF\\MDT_1447131.tif","SHRT_FNAME":"MDT_1447131.tif","UPPER_LEFT_X":"447958.810","UPPER_LEFT_Y":"9200875.823","LOWER_RIGHT_X":"448960.810","LOWER_RIGHT_Y":"9199873.823"},"geometry":{"type":"Polygon","coordinates":[[[-63.471398498333599,-7.229299334707598],[-63.462322404804731,-7.229308628628058],[-63.462331626945002,-7.238372296630389],[-63.471407901502332,-7.238362990937874],[-63.471398498333599,-7.229299334707598]]]}},
{"type":"Feature","properties":{"DESCRIPTION":"MDT_1447132.tif","FILENAME":"U:\\P589_AmazoniaRevelada_BR-319\\LiDAR_dataset\\ENTREGAS\\ENTREGA_02\\2_MDT\\GEOTIFF\\MDT_1447132.tif","SHRT_FNAME":"MDT_1447132.tif","UPPER_LEFT_X":"448958.905","UPPER_LEFT_Y":"9200875.823","LOWER_RIGHT_X":"449960.905","LOWER_RIGHT_Y":"9199873.823"},"geometry":{"type":"Polygon","coordinates":[[[-63.46233965844845,-7.229308611131729],[-63.453263553081143,-7.229317724730546],[-63.453272594535889,-7.238381404254375],[-63.462348880932851,-7.238372279111903],[-63.46233965844845,-7.229308611131729]]]}},
{"type":"Feature","properties":{"DESCRIPTION":"MDT_1447133.tif","FILENAME":"U:\\P589_AmazoniaRevelada_BR-319\\LiDAR_dataset\\ENTREGAS\\ENTREGA_02\\2_MDT\\GEOTIFF\\MDT_1447133.tif","SHRT_FNAME":"MDT_1447133.tif","UPPER_LEFT_X":"449959.000","UPPER_LEFT_Y":"9200875.823","LOWER_RIGHT_X":"450961.000","LOWER_RIGHT_Y":"9199873.823"},"geometry":{"type":"Polygon","coordinates":[[[-63.453280806747152,-7.229317707577014],[-63.444204689773336,-7.229326640853054],[-63.444213550541434,-7.238390331670411],[-63.453289848546035,-7.238381387079114],[-63.453280806747152,-7.229317707577014]]]}},
{"type":"Feature","properties":{"DESCRIPTION":"MDT_1447134.tif","FILENAME":"U:\\P589_AmazoniaRevelada_BR-319\\LiDAR_dataset\\ENTREGAS\\ENTREGA_02\\2_MDT\\GEOTIFF\\MDT_1447134.tif","SHRT_FNAME":"MDT_1447134.tif","UPPER_LEFT_X":"450959.095","UPPER_LEFT_Y":"9200875.823","LOWER_RIGHT_X":"451961.095","LOWER_RIGHT_Y":"9199873.823"},"geometry":{"type":"Polygon","coordinates":[[[-63.444221943461173,-7.229326624042316],[-63.435145815112797,-7.229335376994475],[-63.435154495193139,-7.238399078877386],[-63.444230804573422,-7.238390314838378],[-63.444221943461173,-7.229326624042316]]]}},
{"type":"Feature","properties":{"DESCRIPTION":"MDT_1447135.tif","FILENAME":"U:\\P589_AmazoniaRevelada_BR-319\\LiDAR_dataset\\ENTREGAS\\ENTREGA_02\\2_MDT\\GEOTIFF\\MDT_1447135.tif","SHRT_FNAME":"MDT_1447135.tif","UPPER_LEFT_X":"451959.190","UPPER_LEFT_Y":"9200875.823","LOWER_RIGHT_X":"452961.190","LOWER_RIGHT_Y":"9199873.823"},"geometry":{"type":"Polygon","coordinates":[[[-63.435163068822042,-7.229335360526531],[-63.426086929331021,-7.229343933153716],[-63.426095428722526,-7.238407645874211],[-63.435171749246521,-7.238399062388583],[-63.435163068822042,-7.229335360526531]]]}},
{"type":"Feature","properties":{"DESCRIPTION":"MDT_1447136.tif","FILENAME":"U:\\P589_AmazoniaRevelada_BR-319\\LiDAR_dataset\\ENTREGAS\\ENTREGA_02\\2_MDT\\GEOTIFF\\MDT_1447136.tif","SHRT_FNAME":"MDT_1447136.tif","UPPER_LEFT_X":"452959.286","UPPER_LEFT_Y":"9200875.823","LOWER_RIGHT_X":"453961.286","LOWER_RIGHT_Y":"9199873.823"},"geometry":{"type":"Polygon","coordinates":[[[-63.426104183061241,-7.229343917028571],[-63.417028032659552,-7.229352309329717],[-63.417036351361126,-7.238416032659821],[-63.426112682796877,-7.238407629728639],[-63.426104183061241,-7.229343917028571]]]}},
{"type":"Feature","properties":{"DESCRIPTION":"MDT_1447137.tif","FILENAME":"U:\\P589_AmazoniaRevelada_BR-319\\LiDAR_dataset\\ENTREGAS\\ENTREGA_02\\2_MDT\\GEOTIFF\\MDT_1447137.tif","SHRT_FNAME":"MDT_1447137.tif","UPPER_LEFT_X":"453959.381","UPPER_LEFT_Y":"9200875.823","LOWER_RIGHT_X":"454961.381","LOWER_RIGHT_Y":"9199873.823"},"geometry":{"type":"Polygon","coordinates":[[[-63.417045286410278,-7.229352293547375],[-63.407969125329856,-7.229360505521439],[-63.407977263340463,-7.238424239233175],[-63.417053605455997,-7.238416016857486],[-63.417045286410278,-7.229352293547375]]]}},
{"type":"Feature","properties":{"DESCRIPTION":"MDT_1447138.tif","FILENAME":"U:\\P589_AmazoniaRevelada_BR-319\\LiDAR_dataset\\ENTREGAS\\ENTREGA_02\\2_MDT\\GEOTIFF\\MDT_1447138.tif","SHRT_FNAME":"MDT_1447138.tif","UPPER_LEFT_X":"454959.476","UPPER_LEFT_Y":"9200875.823","LOWER_RIGHT_X":"455961.476","LOWER_RIGHT_Y":"9199873.823"},"geometry":{"type":"Polygon","coordinates":[[[-63.40798637910067,-7.229360490081897],[-63.398910207573458,-7.229368521727857],[-63.398918164892088,-7.238432265593251],[-63.407994517455442,-7.238424223774075],[-63.40798637910067,-7.229360490081897]]]}},
{"type":"Feature","properties":{"DESCRIPTION":"MDT_1447139.tif","FILENAME":"U:\\P589_AmazoniaRevelada_BR-319\\LiDAR_dataset\\ENTREGAS\\ENTREGA_02\\2_MDT\\GEOTIFF\\MDT_1447139.tif","SHRT_FNAME":"MDT_1447139.tif","UPPER_LEFT_X":"455959.571","UPPER_LEFT_Y":"9200875.823","LOWER_RIGHT_X":"456961.571","LOWER_RIGHT_Y":"9199873.823"},"geometry":{"type":"Polygon","coordinates":[[[-63.398927461363904,-7.229368506631123],[-63.389851279621858,-7.229376357947982],[-63.389859056247516,-7.238440111739053],[-63.398935419026692,-7.238432250477391],[-63.398927461363904,-7.229368506631123]]]}},
{"type":"Feature","properties":{"DESCRIPTION":"MDT_1447140.tif","FILENAME":"U:\\P589_AmazoniaRevelada_BR-319\\LiDAR_dataset\\ENTREGAS\\ENTREGA_02\\2_MDT\\GEOTIFF\\MDT_1447140.tif","SHRT_FNAME":"MDT_1447140.tif","UPPER_LEFT_X":"456959.666","UPPER_LEFT_Y":"9200875.823","LOWER_RIGHT_X":"457961.666","LOWER_RIGHT_Y":"9199873.823"},"geometry":{"type":"Polygon","coordinates":[[[-63.38986853343151,-7.22937634319405],[-63.380792341706574,-7.229384014180833],[-63.380799937638265,-7.238447777669607],[-63.38987631040132,-7.238440096966436],[-63.38986853343151,-7.22937634319405]]]}},
{"type":"Feature","properties":{"DESCRIPTION":"MDT_1447141.tif","FILENAME":"U:\\P589_AmazoniaRevelada_BR-319\\LiDAR_dataset\\ENTREGAS\\ENTREGA_02\\2_MDT\\GEOTIFF\\MDT_1447141.tif","SHRT_FNAME":"MDT_1447141.tif","UPPER_LEFT_X":"457959.762","UPPER_LEFT_Y":"9200875.823","LOWER_RIGHT_X":"458961.762","LOWER_RIGHT_Y":"9199873.823"},"geometry":{"type":"Polygon","coordinates":[[[-63.380809595534977,-7.22938399976971],[-63.371733394059106,-7.229391490425461],[-63.371740809295893,-7.238455263383954],[-63.380817191810834,-7.238447763240228],[-63.380809595534977,-7.22938399976971]]]}},
{"type":"Feature","properties":{"DESCRIPTION":"MDT_1447142.tif","FILENAME":"U:\\P589_AmazoniaRevelada_BR-319\\LiDAR_dataset\\ENTREGAS\\ENTREGA_02\\2_MDT\\GEOTIFF\\MDT_1447142.tif","SHRT_FNAME":"MDT_1447142.tif","UPPER_LEFT_X":"458959.857","UPPER_LEFT_Y":"9200875.823","LOWER_RIGHT_X":"459961.857","LOWER_RIGHT_Y":"9199873.823"},"geometry":{"type":"Polygon","coordinates":[[[-63.371750647905834,-7.229391476357145],[-63.362674436910979,-7.229398786680935],[-63.362681671451917,-7.238462568881166],[-63.371758063486766,-7.23845524929782],[-63.371750647905834,-7.229391476357145]]]}},
{"type":"Feature","properties":{"DESCRIPTION":"MDT_1447143.tif","FILENAME":"U:\\P589_AmazoniaRevelada_BR-319\\LiDAR_dataset\\ENTREGAS\\ENTREGA_02\\2_MDT\\GEOTIFF\\MDT_1447143.tif","SHRT_FNAME":"MDT_1447143.tif","UPPER_LEFT_X":"459959.952","UPPER_LEFT_Y":"9200875.823","LOWER_RIGHT_X":"460961.952","LOWER_RIGHT_Y":"9199873.823"},"geometry":{"type":"Polygon","coordinates":[[[-63.362691690775584,-7.229398772955433],[-63.3536154704937,-7.22940590294635],[-63.353622524337887,-7.238469694160337],[-63.362698925660681,-7.238462555138279],[-63.362691690775584,-7.229398772955433]]]}},
{"type":"Feature","properties":{"DESCRIPTION":"MDT_1447144.tif","FILENAME":"U:\\P589_AmazoniaRevelada_BR-319\\LiDAR_dataset\\ENTREGAS\\ENTREGA_02\\2_MDT\\GEOTIFF\\MDT_1447144.tif","SHRT_FNAME":"MDT_1447144.tif","UPPER_LEFT_X":"460960.047","UPPER_LEFT_Y":"9200875.823","LOWER_RIGHT_X":"461962.047","LOWER_RIGHT_Y":"9199873.823"},"geometry":{"type":"Polygon","coordinates":[[[-63.353632724375728,-7.229405889563662],[-63.344556495038788,-7.22941283922082],[-63.344563368185341,-7.238476639220578],[-63.35363977856408,-7.238469680760695],[-63.353632724375728,-7.229405889563662]]]}},
{"type":"Feature","properties":{"DESCRIPTION":"MDT_1447145.tif","FILENAME":"U:\\P589_AmazoniaRevelada_BR-319\\LiDAR_dataset\\ENTREGAS\\ENTREGA_02\\2_MDT\\GEOTIFF\\MDT_1447145.tif","SHRT_FNAME":"MDT_1447145.tif","UPPER_LEFT_X":"461960.142","UPPER_LEFT_Y":"9200875.823","LOWER_RIGHT_X":"462962.142","LOWER_RIGHT_Y":"9199873.823"},"geometry":{"type":"Polygon","coordinates":[[[-63.344573748937812,-7.229412826180943],[-63.335497510777742,-7.22941959550348],[-63.335504203225803,-7.238483404061027],[-63.344580622428516,-7.238476626164188],[-63.344573748937812,-7.229412826180943]]]}},
{"type":"Feature","properties":{"DESCRIPTION":"MDT_1447146.tif","FILENAME":"U:\\P589_AmazoniaRevelada_BR-319\\LiDAR_dataset\\ENTREGAS\\ENTREGA_02\\2_MDT\\GEOTIFF\\MDT_1447146.tif","SHRT_FNAME":"MDT_1447146.tif","UPPER_LEFT_X":"462960.238","UPPER_LEFT_Y":"9200875.823","LOWER_RIGHT_X":"463962.238","LOWER_RIGHT_Y":"9199873.823"},"geometry":{"type":"Polygon","coordinates":[[[-63.335514764693322,-7.229419582806424],[-63.326438517942101,-7.229426171793494],[-63.326445029690817,-7.238489988680841],[-63.335521457485541,-7.238483391347887],[-63.335514764693322,-7.229419582806424]]]}},
{"type":"Feature","properties":{"DESCRIPTION":"MDT_1447147.tif","FILENAME":"U:\\P589_AmazoniaRevelada_BR-319\\LiDAR_dataset\\ENTREGAS\\ENTREGA_02\\2_MDT\\GEOTIFF\\MDT_1447147.tif","SHRT_FNAME":"MDT_1447147.tif","UPPER_LEFT_X":"463960.333","UPPER_LEFT_Y":"9200875.823","LOWER_RIGHT_X":"464962.333","LOWER_RIGHT_Y":"9199873.823"},"geometry":{"type":"Polygon","coordinates":[[[-63.326455771873789,-7.229426159439255],[-63.317379516763367,-7.229432568090044],[-63.31738584781192,-7.238496393079207],[-63.326462283966677,-7.238489976310954],[-63.326455771873789,-7.229426159439255]]]}},
{"type":"Feature","properties":{"DESCRIPTION":"MDT_1448105.tif","FILENAME":"U:\\P589_AmazoniaRevelada_BR-319\\LiDAR_dataset\\ENTREGAS\\ENTREGA_02\\2_MDT\\GEOTIFF\\MDT_1448105.tif","SHRT_FNAME":"MDT_1448105.tif","UPPER_LEFT_X":"421956.334","UPPER_LEFT_Y":"9199875.947","LOWER_RIGHT_X":"422958.334","LOWER_RIGHT_Y":"9198873.947"},"geometry":{"type":"Polygon","coordinates":[[[-63.706937500080564,-7.238039030579162],[-63.697861615150607,-7.238053030063485],[-63.697875552507334,-7.247116314876907],[-63.706951618659943,-7.247102297681999],[-63.706937500080564,-7.238039030579162]]]}},
{"type":"Feature","properties":{"DESCRIPTION":"MDT_1448106.tif","FILENAME":"U:\\P589_AmazoniaRevelada_BR-319\\LiDAR_dataset\\ENTREGAS\\ENTREGA_02\\2_MDT\\GEOTIFF\\MDT_1448106.tif","SHRT_FNAME":"MDT_1448106.tif","UPPER_LEFT_X":"422956.430","UPPER_LEFT_Y":"9199875.947","LOWER_RIGHT_X":"423958.430","LOWER_RIGHT_Y":"9198873.947"},"geometry":{"type":"Polygon","coordinates":[[[-63.697878868403514,-7.238053003622073],[-63.688802965603529,-7.238066822594214],[-63.688816722080361,-7.247130124856411],[-63.697892806104747,-7.247116288402045],[-63.697878868403514,-7.238053003622073]]]}},
{"type":"Feature","properties":{"DESCRIPTION":"MDT_1448107.tif","FILENAME":"U:\\P589_AmazoniaRevelada_BR-319\\LiDAR_dataset\\ENTREGAS\\ENTREGA_02\\2_MDT\\GEOTIFF\\MDT_1448107.tif","SHRT_FNAME":"MDT_1448107.tif","UPPER_LEFT_X":"423956.525","UPPER_LEFT_Y":"9199875.947","LOWER_RIGHT_X":"424958.525","LOWER_RIGHT_Y":"9198873.947"},"geometry":{"type":"Polygon","coordinates":[[[-63.6888202188902,-7.238066796495958],[-63.679744298452107,-7.238080434954198],[-63.679757874047304,-7.247143754437236],[-63.688833975711532,-7.247130098725139],[-63.6888202188902,-7.238066796495958]]]}},
{"type":"Feature","properties":{"DESCRIPTION":"MDT_1448108.tif","FILENAME":"U:\\P589_AmazoniaRevelada_BR-319\\LiDAR_dataset\\ENTREGAS\\ENTREGA_02\\2_MDT\\GEOTIFF\\MDT_1448108.tif","SHRT_FNAME":"MDT_1448108.tif","UPPER_LEFT_X":"424956.620","UPPER_LEFT_Y":"9199875.947","LOWER_RIGHT_X":"425958.620","LOWER_RIGHT_Y":"9198873.947"},"geometry":{"type":"Polygon","coordinates":[[[-63.679761551772074,-7.2380804091991],[-63.67068561392778,-7.238093867141744],[-63.670699008639644,-7.24715720361769],[-63.679775127711785,-7.247143728649556],[-63.679761551772074,-7.2380804091991]]]}},
{"type":"Feature","properties":{"DESCRIPTION":"MDT_1448109.tif","FILENAME":"U:\\P589_AmazoniaRevelada_BR-319\\LiDAR_dataset\\ENTREGAS\\ENTREGA_02\\2_MDT\\GEOTIFF\\MDT_1448109.tif","SHRT_FNAME":"MDT_1448109.tif","UPPER_LEFT_X":"425956.715","UPPER_LEFT_Y":"9199875.947","LOWER_RIGHT_X":"426958.715","LOWER_RIGHT_Y":"9198873.947"},"geometry":{"type":"Polygon","coordinates":[[[-63.670702867280617,-7.238093841729805],[-63.661626912262065,-7.238107119155179],[-63.661640126088912,-7.2471704723961],[-63.670716262337002,-7.247157178173605],[-63.670702867280617,-7.238093841729805]]]}},
{"type":"Feature","properties":{"DESCRIPTION":"MDT_1448110.tif","FILENAME":"U:\\P589_AmazoniaRevelada_BR-319\\LiDAR_dataset\\ENTREGAS\\ENTREGA_02\\2_MDT\\GEOTIFF\\MDT_1448110.tif","SHRT_FNAME":"MDT_1448110.tif","UPPER_LEFT_X":"426956.810","UPPER_LEFT_Y":"9199875.947","LOWER_RIGHT_X":"427958.810","LOWER_RIGHT_Y":"9198873.947"},"geometry":{"type":"Polygon","coordinates":[[[-63.661644165647331,-7.238107094086407],[-63.652568193686406,-7.238120190992859],[-63.65258122662658,-7.24718356077082],[-63.661657379818692,-7.247170447295614],[-63.661644165647331,-7.238107094086407]]]}},
{"type":"Feature","properties":{"DESCRIPTION":"MDT_1448111.tif","FILENAME":"U:\\P589_AmazoniaRevelada_BR-319\\LiDAR_dataset\\ENTREGAS\\ENTREGA_02\\2_MDT\\GEOTIFF\\MDT_1448111.tif","SHRT_FNAME":"MDT_1448111.tif","UPPER_LEFT_X":"427956.906","UPPER_LEFT_Y":"9199875.947","LOWER_RIGHT_X":"428958.906","LOWER_RIGHT_Y":"9198873.947"},"geometry":{"type":"Polygon","coordinates":[[[-63.652585447103654,-7.238120166267256],[-63.643509458432305,-7.23813308265316],[-63.64352231048418,-7.247196468740214],[-63.652598480388363,-7.247183536013935],[-63.652585447103654,-7.238120166267256]]]}},
{"type":"Feature","properties":{"DESCRIPTION":"MDT_1448112.tif","FILENAME":"U:\\P589_AmazoniaRevelada_BR-319\\LiDAR_dataset\\ENTREGAS\\ENTREGA_02\\2_MDT\\GEOTIFF\\MDT_1448112.tif","SHRT_FNAME":"MDT_1448112.tif","UPPER_LEFT_X":"428957.001","UPPER_LEFT_Y":"9199875.947","LOWER_RIGHT_X":"429959.001","LOWER_RIGHT_Y":"9198873.947"},"geometry":{"type":"Polygon","coordinates":[[[-63.643526711881108,-7.238133058270729],[-63.634450706731243,-7.238145794134477],[-63.634463377893191,-7.247209196302687],[-63.643539564277496,-7.247196444326935],[-63.643526711881108,-7.238133058270729]]]}},
{"type":"Feature","properties":{"DESCRIPTION":"MDT_1448113.tif","FILENAME":"U:\\P589_AmazoniaRevelada_BR-319\\LiDAR_dataset\\ENTREGAS\\ENTREGA_02\\2_MDT\\GEOTIFF\\MDT_1448113.tif","SHRT_FNAME":"MDT_1448113.tif","UPPER_LEFT_X":"429957.096","UPPER_LEFT_Y":"9199875.947","LOWER_RIGHT_X":"430959.096","LOWER_RIGHT_Y":"9198873.947"},"geometry":{"type":"Polygon","coordinates":[[[-63.63446796021114,-7.238145770095216],[-63.625391938814701,-7.238158325435228],[-63.62540442908513,-7.247221743456649],[-63.634480631717615,-7.247209172233015],[-63.63446796021114,-7.238145770095216]]]}},
{"type":"Feature","properties":{"DESCRIPTION":"MDT_1448114.tif","FILENAME":"U:\\P589_AmazoniaRevelada_BR-319\\LiDAR_dataset\\ENTREGAS\\ENTREGA_02\\2_MDT\\GEOTIFF\\MDT_1448114.tif","SHRT_FNAME":"MDT_1448114.tif","UPPER_LEFT_X":"430957.191","UPPER_LEFT_Y":"9199875.947","LOWER_RIGHT_X":"431959.191","LOWER_RIGHT_Y":"9198873.947"},"geometry":{"type":"Polygon","coordinates":[[[-63.625409192325264,-7.238158301739144],[-63.616333154914173,-7.238170676553856],[-63.61634546429152,-7.247234110200546],[-63.625421682940221,-7.247221719730589],[-63.625409192325264,-7.238158301739144]]]}},
{"type":"Feature","properties":{"DESCRIPTION":"MDT_1448115.tif","FILENAME":"U:\\P589_AmazoniaRevelada_BR-319\\LiDAR_dataset\\ENTREGAS\\ENTREGA_02\\2_MDT\\GEOTIFF\\MDT_1448115.tif","SHRT_FNAME":"MDT_1448115.tif","UPPER_LEFT_X":"431957.286","UPPER_LEFT_Y":"9199875.947","LOWER_RIGHT_X":"432959.286","LOWER_RIGHT_Y":"9198873.947"},"geometry":{"type":"Polygon","coordinates":[[[-63.616350408454956,-7.238170653200953],[-63.607274355261133,-7.238182847488829],[-63.607286483743863,-7.247246296532834],[-63.616362718176845,-7.247234086818097],[-63.616350408454956,-7.238170653200953]]]}},
{"type":"Feature","properties":{"DESCRIPTION":"MDT_1448116.tif","FILENAME":"U:\\P589_AmazoniaRevelada_BR-319\\LiDAR_dataset\\ENTREGAS\\ENTREGA_02\\2_MDT\\GEOTIFF\\MDT_1448116.tif","SHRT_FNAME":"MDT_1448116.tif","UPPER_LEFT_X":"432957.382","UPPER_LEFT_Y":"9199875.947","LOWER_RIGHT_X":"433959.382","LOWER_RIGHT_Y":"9198873.947"},"geometry":{"type":"Polygon","coordinates":[[[-63.607291608831716,-7.238182824479108],[-63.598215540087097,-7.23819483823863],[-63.598227487673675,-7.247258302452007],[-63.607303737658974,-7.247246273494007],[-63.607291608831716,-7.238182824479108]]]}},
{"type":"Feature","properties":{"DESCRIPTION":"MDT_1448117.tif","FILENAME":"U:\\P589_AmazoniaRevelada_BR-319\\LiDAR_dataset\\ENTREGAS\\ENTREGA_02\\2_MDT\\GEOTIFF\\MDT_1448117.tif","SHRT_FNAME":"MDT_1448117.tif","UPPER_LEFT_X":"433957.477","UPPER_LEFT_Y":"9199875.947","LOWER_RIGHT_X":"434959.477","LOWER_RIGHT_Y":"9198873.947"},"geometry":{"type":"Polygon","coordinates":[[[-63.598232793687011,-7.238194815572093],[-63.589156709623538,-7.23820664880177],[-63.589168476312459,-7.247270127956564],[-63.598244741618117,-7.247258279756793],[-63.598232793687011,-7.238194815572093]]]}},
{"type":"Feature","properties":{"DESCRIPTION":"MDT_1448118.tif","FILENAME":"U:\\P589_AmazoniaRevelada_BR-319\\LiDAR_dataset\\ENTREGAS\\ENTREGA_02\\2_MDT\\GEOTIFF\\MDT_1448118.tif","SHRT_FNAME":"MDT_1448118.tif","UPPER_LEFT_X":"434957.572","UPPER_LEFT_Y":"9199875.947","LOWER_RIGHT_X":"435959.572","LOWER_RIGHT_Y":"9198873.947"},"geometry":{"type":"Polygon","coordinates":[[[-63.589173963252357,-7.238206626478422],[-63.580097864101965,-7.23821827917678],[-63.580109449891765,-7.247281773045036],[-63.58918573028582,-7.247270105604974],[-63.589173963252357,-7.238206626478422]]]}},
{"type":"Feature","properties":{"DESCRIPTION":"MDT_1448119.tif","FILENAME":"U:\\P589_AmazoniaRevelada_BR-319\\LiDAR_dataset\\ENTREGAS\\ENTREGA_02\\2_MDT\\GEOTIFF\\MDT_1448119.tif","SHRT_FNAME":"MDT_1448119.tif","UPPER_LEFT_X":"435957.667","UPPER_LEFT_Y":"9199875.947","LOWER_RIGHT_X":"436959.667","LOWER_RIGHT_Y":"9198873.947"},"geometry":{"type":"Polygon","coordinates":[[[-63.580115117759249,-7.23821825719662],[-63.571039003753882,-7.238229729362213],[-63.571050408643089,-7.247293237715981],[-63.580126703893583,-7.247281751037072],[-63.580115117759249,-7.23821825719662]]]}},
{"type":"Feature","properties":{"DESCRIPTION":"MDT_1448120.tif","FILENAME":"U:\\P589_AmazoniaRevelada_BR-319\\LiDAR_dataset\\ENTREGAS\\ENTREGA_02\\2_MDT\\GEOTIFF\\MDT_1448120.tif","SHRT_FNAME":"MDT_1448120.tif","UPPER_LEFT_X":"436957.762","UPPER_LEFT_Y":"9199875.947","LOWER_RIGHT_X":"437959.762","LOWER_RIGHT_Y":"9198873.947"},"geometry":{"type":"Polygon","coordinates":[[[-63.571056257439174,-7.238229707725252],[-63.561980128810767,-7.238240999356647],[-63.561991352797968,-7.247304521967965],[-63.571067662672945,-7.247293216051644],[-63.571056257439174,-7.238229707725252]]]}},
{"type":"Feature","properties":{"DESCRIPTION":"MDT_1448121.tif","FILENAME":"U:\\P589_AmazoniaRevelada_BR-319\\LiDAR_dataset\\ENTREGAS\\ENTREGA_02\\2_MDT\\GEOTIFF\\MDT_1448121.tif","SHRT_FNAME":"MDT_1448121.tif","UPPER_LEFT_X":"437957.858","UPPER_LEFT_Y":"9199875.947","LOWER_RIGHT_X":"438959.858","LOWER_RIGHT_Y":"9198873.947"},"geometry":{"type":"Polygon","coordinates":[[[-63.561997382523643,-7.238240978062882],[-63.552921239504137,-7.238252089158679],[-63.552932282587911,-7.24731562579959],[-63.5620086068554,-7.247304500647259],[-63.561997382523643,-7.238240978062882]]]}},
{"type":"Feature","properties":{"DESCRIPTION":"MDT_1448122.tif","FILENAME":"U:\\P589_AmazoniaRevelada_BR-319\\LiDAR_dataset\\ENTREGAS\\ENTREGA_02\\2_MDT\\GEOTIFF\\MDT_1448122.tif","SHRT_FNAME":"MDT_1448122.tif","UPPER_LEFT_X":"438957.953","UPPER_LEFT_Y":"9199875.947","LOWER_RIGHT_X":"439959.953","LOWER_RIGHT_Y":"9198873.947"},"geometry":{"type":"Polygon","coordinates":[[[-63.552938493244156,-7.238252068208111],[-63.543862336065494,-7.238262998766934],[-63.543873198244469,-7.247326549209475],[-63.552949536672479,-7.247315604822519],[-63.552938493244156,-7.238252068208111]]]}},
{"type":"Feature","properties":{"DESCRIPTION":"MDT_1448123.tif","FILENAME":"U:\\P589_AmazoniaRevelada_BR-319\\LiDAR_dataset\\ENTREGAS\\ENTREGA_02\\2_MDT\\GEOTIFF\\MDT_1448123.tif","SHRT_FNAME":"MDT_1448123.tif","UPPER_LEFT_X":"439958.048","UPPER_LEFT_Y":"9199875.947","LOWER_RIGHT_X":"440960.048","LOWER_RIGHT_Y":"9198873.947"},"geometry":{"type":"Polygon","coordinates":[[[-63.543879589832201,-7.238262978159566],[-63.534803418726348,-7.238273728180051],[-63.534814099999139,-7.247337292196266],[-63.543890452355733,-7.247326528576041],[-63.543879589832201,-7.238262978159566]]]}},
{"type":"Feature","properties":{"DESCRIPTION":"MDT_1448124.tif","FILENAME":"U:\\P589_AmazoniaRevelada_BR-319\\LiDAR_dataset\\ENTREGAS\\ENTREGA_02\\2_MDT\\GEOTIFF\\MDT_1448124.tif","SHRT_FNAME":"MDT_1448124.tif","UPPER_LEFT_X":"440958.143","UPPER_LEFT_Y":"9199875.947","LOWER_RIGHT_X":"441960.143","LOWER_RIGHT_Y":"9198873.947"},"geometry":{"type":"Polygon","coordinates":[[[-63.534820672519309,-7.238273707915889],[-63.5257444877182,-7.2382842773967],[-63.525754988083477,-7.24734785475862],[-63.534831354136657,-7.247337271906468],[-63.534820672519309,-7.238273707915889]]]}},
{"type":"Feature","properties":{"DESCRIPTION":"MDT_1448125.tif","FILENAME":"U:\\P589_AmazoniaRevelada_BR-319\\LiDAR_dataset\\ENTREGAS\\ENTREGA_02\\2_MDT\\GEOTIFF\\MDT_1448125.tif","SHRT_FNAME":"MDT_1448125.tif","UPPER_LEFT_X":"441958.238","UPPER_LEFT_Y":"9199875.947","LOWER_RIGHT_X":"442960.238","LOWER_RIGHT_Y":"9198873.947"},"geometry":{"type":"Polygon","coordinates":[[[-63.525761741536975,-7.238284257475744],[-63.516685543272544,-7.238294646415564],[-63.516695862728994,-7.247358236895225],[-63.525772242246809,-7.247347834812463],[-63.525761741536975,-7.238284257475744]]]}},
{"type":"Feature","properties":{"DESCRIPTION":"MDT_1448126.tif","FILENAME":"U:\\P589_AmazoniaRevelada_BR-319\\LiDAR_dataset\\ENTREGAS\\ENTREGA_02\\2_MDT\\GEOTIFF\\MDT_1448126.tif","SHRT_FNAME":"MDT_1448126.tif","UPPER_LEFT_X":"442958.334","UPPER_LEFT_Y":"9199875.947","LOWER_RIGHT_X":"443960.334","LOWER_RIGHT_Y":"9198873.947"},"geometry":{"type":"Polygon","coordinates":[[[-63.5167027971167,-7.238294626837821],[-63.507626585620926,-7.23830483523536],[-63.507636724167234,-7.247368438604791],[-63.516713116917707,-7.247358217292714],[-63.5167027971167,-7.238294626837821]]]}},
{"type":"Feature","properties":{"DESCRIPTION":"MDT_1448127.tif","FILENAME":"U:\\P589_AmazoniaRevelada_BR-319\\LiDAR_dataset\\ENTREGAS\\ENTREGA_02\\2_MDT\\GEOTIFF\\MDT_1448127.tif","SHRT_FNAME":"MDT_1448127.tif","UPPER_LEFT_X":"443958.429","UPPER_LEFT_Y":"9199875.947","LOWER_RIGHT_X":"444960.429","LOWER_RIGHT_Y":"9198873.947"},"geometry":{"type":"Polygon","coordinates":[[[-63.507643839490001,-7.238304816000829],[-63.498567614994826,-7.238314843854819],[-63.498577572629742,-7.247378459886057],[-63.507653978380887,-7.247368419345928],[-63.507643839490001,-7.238304816000829]]]}},
{"type":"Feature","properties":{"DESCRIPTION":"MDT_1448128.tif","FILENAME":"U:\\P589_AmazoniaRevelada_BR-319\\LiDAR_dataset\\ENTREGAS\\ENTREGA_02\\2_MDT\\GEOTIFF\\MDT_1448128.tif","SHRT_FNAME":"MDT_1448128.tif","UPPER_LEFT_X":"444958.524","UPPER_LEFT_Y":"9199875.947","LOWER_RIGHT_X":"445960.524","LOWER_RIGHT_Y":"9198873.947"},"geometry":{"type":"Polygon","coordinates":[[[-63.4985848688884,-7.238314824963497],[-63.489508631625775,-7.238324672272696],[-63.48951840834804,-7.247388300737764],[-63.49859482686788,-7.247378440970834],[-63.4985848688884,-7.238314824963497]]]}},
{"type":"Feature","properties":{"DESCRIPTION":"MDT_1448129.tif","FILENAME":"U:\\P589_AmazoniaRevelada_BR-319\\LiDAR_dataset\\ENTREGAS\\ENTREGA_02\\2_MDT\\GEOTIFF\\MDT_1448129.tif","SHRT_FNAME":"MDT_1448129.tif","UPPER_LEFT_X":"445958.619","UPPER_LEFT_Y":"9199875.947","LOWER_RIGHT_X":"446960.619","LOWER_RIGHT_Y":"9198873.947"},"geometry":{"type":"Polygon","coordinates":[[[-63.489525885543394,-7.238324653724593],[-63.480449635745288,-7.238334320487768],[-63.480459231553674,-7.247397961158699],[-63.489535662610237,-7.247388282166196],[-63.489525885543394,-7.238324653724593]]]}},
{"type":"Feature","properties":{"DESCRIPTION":"MDT_1448130.tif","FILENAME":"U:\\P589_AmazoniaRevelada_BR-319\\LiDAR_dataset\\ENTREGAS\\ENTREGA_02\\2_MDT\\GEOTIFF\\MDT_1448130.tif","SHRT_FNAME":"MDT_1448130.tif","UPPER_LEFT_X":"446958.714","UPPER_LEFT_Y":"9199875.947","LOWER_RIGHT_X":"447960.714","LOWER_RIGHT_Y":"9198873.947"},"geometry":{"type":"Polygon","coordinates":[[[-63.480466889686518,-7.238334302282883],[-63.471390627584867,-7.238343788498837],[-63.471400042478173,-7.247407441147654],[-63.480476485839482,-7.247397942930784],[-63.480466889686518,-7.238334302282883]]]}},
{"type":"Feature","properties":{"DESCRIPTION":"MDT_1448131.tif","FILENAME":"U:\\P589_AmazoniaRevelada_BR-319\\LiDAR_dataset\\ENTREGAS\\ENTREGA_02\\2_MDT\\GEOTIFF\\MDT_1448131.tif","SHRT_FNAME":"MDT_1448131.tif","UPPER_LEFT_X":"447958.810","UPPER_LEFT_Y":"9199875.947","LOWER_RIGHT_X":"448960.810","LOWER_RIGHT_Y":"9198873.947"},"geometry":{"type":"Polygon","coordinates":[[[-63.471407881549275,-7.238343770637173],[-63.462331607376065,-7.238353076304725],[-63.462340841353111,-7.247416740703454],[-63.471417296787152,-7.247407423263394],[-63.471407881549275,-7.238343770637173]]]}},
{"type":"Feature","properties":{"DESCRIPTION":"MDT_1448132.tif","FILENAME":"U:\\P589_AmazoniaRevelada_BR-319\\LiDAR_dataset\\ENTREGAS\\ENTREGA_02\\2_MDT\\GEOTIFF\\MDT_1448132.tif","SHRT_FNAME":"MDT_1448132.tif","UPPER_LEFT_X":"448958.905","UPPER_LEFT_Y":"9199875.947","LOWER_RIGHT_X":"449960.905","LOWER_RIGHT_Y":"9198873.947"},"geometry":{"type":"Polygon","coordinates":[[[-63.462348861363182,-7.238353058786287],[-63.453272575350368,-7.238362183904279],[-63.453281628409982,-7.247425859824943],[-63.462358095684806,-7.247416723162853],[-63.462348861363182,-7.238353058786287]]]}},
{"type":"Feature","properties":{"DESCRIPTION":"MDT_1448133.tif","FILENAME":"U:\\P589_AmazoniaRevelada_BR-319\\LiDAR_dataset\\ENTREGAS\\ENTREGA_02\\2_MDT\\GEOTIFF\\MDT_1448133.tif","SHRT_FNAME":"MDT_1448133.tif","UPPER_LEFT_X":"449959.000","UPPER_LEFT_Y":"9199875.947","LOWER_RIGHT_X":"450961.000","LOWER_RIGHT_Y":"9198873.947"},"geometry":{"type":"Polygon","coordinates":[[[-63.453289829359782,-7.238362166729064],[-63.444213531739308,-7.238371111296365],[-63.444222403880367,-7.247434798510985],[-63.453298882763981,-7.247425842628],[-63.453289829359782,-7.238362166729064]]]}},
{"type":"Feature","properties":{"DESCRIPTION":"MDT_1448134.tif","FILENAME":"U:\\P589_AmazoniaRevelada_BR-319\\LiDAR_dataset\\ENTREGAS\\ENTREGA_02\\2_MDT\\GEOTIFF\\MDT_1448134.tif","SHRT_FNAME":"MDT_1448134.tif","UPPER_LEFT_X":"450959.095","UPPER_LEFT_Y":"9199875.947","LOWER_RIGHT_X":"451961.095","LOWER_RIGHT_Y":"9198873.947"},"geometry":{"type":"Polygon","coordinates":[[[-63.444230785770571,-7.238371094464378],[-63.435154476774414,-7.23837985847987],[-63.43516316799581,-7.24744355676047],[-63.444239658256215,-7.247434781657704],[-63.444230785770571,-7.238371094464378]]]}},
{"type":"Feature","properties":{"DESCRIPTION":"MDT_1448135.tif","FILENAME":"U:\\P589_AmazoniaRevelada_BR-319\\LiDAR_dataset\\ENTREGAS\\ENTREGA_02\\2_MDT\\GEOTIFF\\MDT_1448135.tif","SHRT_FNAME":"MDT_1448135.tif","UPPER_LEFT_X":"451959.190","UPPER_LEFT_Y":"9199875.947","LOWER_RIGHT_X":"452961.190","LOWER_RIGHT_Y":"9198873.947"},"geometry":{"type":"Polygon","coordinates":[[[-63.435171730827093,-7.238379841991115],[-63.426095410687232,-7.238388425453715],[-63.426103920987849,-7.247452134572306],[-63.435180422393053,-7.247443540250853],[-63.435171730827093,-7.238379841991115]]]}},
{"type":"Feature","properties":{"DESCRIPTION":"MDT_1448136.tif","FILENAME":"U:\\P589_AmazoniaRevelada_BR-319\\LiDAR_dataset\\ENTREGAS\\ENTREGA_02\\2_MDT\\GEOTIFF\\MDT_1448136.tif","SHRT_FNAME":"MDT_1448136.tif","UPPER_LEFT_X":"452959.286","UPPER_LEFT_Y":"9199875.947","LOWER_RIGHT_X":"453961.286","LOWER_RIGHT_Y":"9198873.947"},"geometry":{"type":"Polygon","coordinates":[[[-63.426112664760858,-7.238388409308188],[-63.417036333709241,-7.238396812216827],[-63.417044663088035,-7.247460531945433],[-63.426121175406053,-7.247452118406357],[-63.426112664760858,-7.238388409308188]]]}},
{"type":"Feature","properties":{"DESCRIPTION":"MDT_1448137.tif","FILENAME":"U:\\P589_AmazoniaRevelada_BR-319\\LiDAR_dataset\\ENTREGAS\\ENTREGA_02\\2_MDT\\GEOTIFF\\MDT_1448137.tif","SHRT_FNAME":"MDT_1448137.tif","UPPER_LEFT_X":"453959.381","UPPER_LEFT_Y":"9199875.947","LOWER_RIGHT_X":"454961.381","LOWER_RIGHT_Y":"9198873.947"},"geometry":{"type":"Polygon","coordinates":[[[-63.417053587803402,-7.238396796414533],[-63.407977246072015,-7.238405018768164],[-63.407985394527905,-7.247468748878802],[-63.417061917526766,-7.247460516123148],[-63.417053587803402,-7.238396796414533]]]}},
{"type":"Feature","properties":{"DESCRIPTION":"MDT_1448138.tif","FILENAME":"U:\\P589_AmazoniaRevelada_BR-319\\LiDAR_dataset\\ENTREGAS\\ENTREGA_02\\2_MDT\\GEOTIFF\\MDT_1448138.tif","SHRT_FNAME":"MDT_1448138.tif","UPPER_LEFT_X":"454959.476","UPPER_LEFT_Y":"9199875.947","LOWER_RIGHT_X":"455961.476","LOWER_RIGHT_Y":"9198873.947"},"geometry":{"type":"Polygon","coordinates":[[[-63.407994500186234,-7.238405003309108],[-63.398918148007049,-7.238413045106711],[-63.398926115539048,-7.247476785371392],[-63.408002648986738,-7.247468733400187],[-63.407994500186234,-7.238405003309108]]]}},
{"type":"Feature","properties":{"DESCRIPTION":"MDT_1448139.tif","FILENAME":"U:\\P589_AmazoniaRevelada_BR-319\\LiDAR_dataset\\ENTREGAS\\ENTREGA_02\\2_MDT\\GEOTIFF\\MDT_1448139.tif","SHRT_FNAME":"MDT_1448139.tif","UPPER_LEFT_X":"455959.571","UPPER_LEFT_Y":"9199875.947","LOWER_RIGHT_X":"456961.571","LOWER_RIGHT_Y":"9198873.947"},"geometry":{"type":"Polygon","coordinates":[[[-63.398935402140914,-7.238413029990889],[-63.389859039745893,-7.238420891231464],[-63.389866826352986,-7.247484641422202],[-63.398943370017506,-7.247476770236447],[-63.398935402140914,-7.238413029990889]]]}},
{"type":"Feature","properties":{"DESCRIPTION":"MDT_1448140.tif","FILENAME":"U:\\P589_AmazoniaRevelada_BR-319\\LiDAR_dataset\\ENTREGAS\\ENTREGA_02\\2_MDT\\GEOTIFF\\MDT_1448140.tif","SHRT_FNAME":"MDT_1448140.tif","UPPER_LEFT_X":"456959.666","UPPER_LEFT_Y":"9199875.947","LOWER_RIGHT_X":"457961.666","LOWER_RIGHT_Y":"9198873.947"},"geometry":{"type":"Polygon","coordinates":[[[-63.389876293898958,-7.238420876458883],[-63.380799921520065,-7.238428557141448],[-63.380807527201291,-7.247492317030258],[-63.389884080850656,-7.247484626630933],[-63.389876293898958,-7.238420876458883]]]}},
{"type":"Feature","properties":{"DESCRIPTION":"MDT_1448141.tif","FILENAME":"U:\\P589_AmazoniaRevelada_BR-319\\LiDAR_dataset\\ENTREGAS\\ENTREGA_02\\2_MDT\\GEOTIFF\\MDT_1448141.tif","SHRT_FNAME":"MDT_1448141.tif","UPPER_LEFT_X":"457959.762","UPPER_LEFT_Y":"9199875.947","LOWER_RIGHT_X":"458961.762","LOWER_RIGHT_Y":"9198873.947"},"geometry":{"type":"Polygon","coordinates":[[[-63.380817175691895,-7.23842854271211],[-63.371740793561116,-7.238436042835714],[-63.371748218315503,-7.247499812194605],[-63.380824781717713,-7.247492302582665],[-63.380817175691895,-7.23842854271211]]]}},
{"type":"Feature","properties":{"DESCRIPTION":"MDT_1448142.tif","FILENAME":"U:\\P589_AmazoniaRevelada_BR-319\\LiDAR_dataset\\ENTREGAS\\ENTREGA_02\\2_MDT\\GEOTIFF\\MDT_1448142.tif","SHRT_FNAME":"MDT_1448142.tif","UPPER_LEFT_X":"458959.857","UPPER_LEFT_Y":"9199875.947","LOWER_RIGHT_X":"459961.857","LOWER_RIGHT_Y":"9198873.947"},"geometry":{"type":"Polygon","coordinates":[[[-63.371758047751264,-7.23843602874962],[-63.362681656100577,-7.238443348313329],[-63.362688899927193,-7.247507126914311],[-63.37176547285025,-7.247499798090688],[-63.371758047751264,-7.23843602874962]]]}},
{"type":"Feature","properties":{"DESCRIPTION":"MDT_1448143.tif","FILENAME":"U:\\P589_AmazoniaRevelada_BR-319\\LiDAR_dataset\\ENTREGAS\\ENTREGA_02\\2_MDT\\GEOTIFF\\MDT_1448143.tif","SHRT_FNAME":"MDT_1448143.tif","UPPER_LEFT_X":"459959.952","UPPER_LEFT_Y":"9199875.947","LOWER_RIGHT_X":"460961.952","LOWER_RIGHT_Y":"9198873.947"},"geometry":{"type":"Polygon","coordinates":[[[-63.362698910308602,-7.238443334570478],[-63.353622509369977,-7.238450473573385],[-63.353629572267906,-7.247514261188468],[-63.36270615447981,-7.247507113154073],[-63.362698910308602,-7.238443334570478]]]}},
{"type":"Feature","properties":{"DESCRIPTION":"MDT_1448144.tif","FILENAME":"U:\\P589_AmazoniaRevelada_BR-319\\LiDAR_dataset\\ENTREGAS\\ENTREGA_02\\2_MDT\\GEOTIFF\\MDT_1448144.tif","SHRT_FNAME":"MDT_1448144.tif","UPPER_LEFT_X":"460960.047","UPPER_LEFT_Y":"9199875.947","LOWER_RIGHT_X":"461962.047","LOWER_RIGHT_Y":"9198873.947"},"geometry":{"type":"Polygon","coordinates":[[[-63.353639763595432,-7.23845046017378],[-63.344563353600854,-7.238457418614995],[-63.344570235569215,-7.247521215016183],[-63.353646826837966,-7.247514247771909],[-63.353639763595432,-7.23845046017378]]]}},
{"type":"Feature","properties":{"DESCRIPTION":"MDT_1448145.tif","FILENAME":"U:\\P589_AmazoniaRevelada_BR-319\\LiDAR_dataset\\ENTREGAS\\ENTREGA_02\\2_MDT\\GEOTIFF\\MDT_1448145.tif","SHRT_FNAME":"MDT_1448145.tif","UPPER_LEFT_X":"461960.142","UPPER_LEFT_Y":"9199875.947","LOWER_RIGHT_X":"462962.142","LOWER_RIGHT_Y":"9198873.947"},"geometry":{"type":"Polygon","coordinates":[[[-63.344580607843305,-7.238457405558639],[-63.335504189024753,-7.238464183437297],[-63.335510890062693,-7.247527988396601],[-63.344587490156286,-7.247521201943309],[-63.344580607843305,-7.238457405558639]]]}},
{"type":"Feature","properties":{"DESCRIPTION":"MDT_1448146.tif","FILENAME":"U:\\P589_AmazoniaRevelada_BR-319\\LiDAR_dataset\\ENTREGAS\\ENTREGA_02\\2_MDT\\GEOTIFF\\MDT_1448146.tif","SHRT_FNAME":"MDT_1448146.tif","UPPER_LEFT_X":"462960.238","UPPER_LEFT_Y":"9199875.947","LOWER_RIGHT_X":"463962.238","LOWER_RIGHT_Y":"9198873.947"},"geometry":{"type":"Polygon","coordinates":[[[-63.335521443283753,-7.23846417072419],[-63.326445015873198,-7.238470768039447],[-63.326451535979864,-7.24753458132887],[-63.335528144666299,-7.24752797566741],[-63.335521443283753,-7.23846417072419]]]}},
{"type":"Feature","properties":{"DESCRIPTION":"MDT_1448147.tif","FILENAME":"U:\\P589_AmazoniaRevelada_BR-319\\LiDAR_dataset\\ENTREGAS\\ENTREGA_02\\2_MDT\\GEOTIFF\\MDT_1448147.tif","SHRT_FNAME":"MDT_1448147.tif","UPPER_LEFT_X":"463960.333","UPPER_LEFT_Y":"9199875.947","LOWER_RIGHT_X":"464962.333","LOWER_RIGHT_Y":"9198873.947"},"geometry":{"type":"Polygon","coordinates":[[[-63.326462270148319,-7.238470755669594],[-63.317385834377752,-7.23847717242063],[-63.317392173552335,-7.247540993812177],[-63.326468790599591,-7.247534568943365],[-63.326462270148319,-7.238470755669594]]]}},
{"type":"Feature","properties":{"DESCRIPTION":"MDT_1449105.tif","FILENAME":"U:\\P589_AmazoniaRevelada_BR-319\\LiDAR_dataset\\ENTREGAS\\ENTREGA_02\\2_MDT\\GEOTIFF\\MDT_1449105.tif","SHRT_FNAME":"MDT_1449105.tif","UPPER_LEFT_X":"421956.334","UPPER_LEFT_Y":"9198876.072","LOWER_RIGHT_X":"422958.334","LOWER_RIGHT_Y":"9197874.072"},"geometry":{"type":"Polygon","coordinates":[[[-63.706951588701024,-7.247083078206514],[-63.697875522932961,-7.247097095363864],[-63.697889478157308,-7.256160376554776],[-63.706965725380357,-7.25614634168616],[-63.706951588701024,-7.247083078206514]]]}},
{"type":"Feature","properties":{"DESCRIPTION":"MDT_1449106.tif","FILENAME":"U:\\P589_AmazoniaRevelada_BR-319\\LiDAR_dataset\\ENTREGAS\\ENTREGA_02\\2_MDT\\GEOTIFF\\MDT_1449106.tif","SHRT_FNAME":"MDT_1449106.tif","UPPER_LEFT_X":"422956.430","UPPER_LEFT_Y":"9198876.072","LOWER_RIGHT_X":"423958.430","LOWER_RIGHT_Y":"9197874.072"},"geometry":{"type":"Polygon","coordinates":[[[-63.697892776529642,-7.247097068889074],[-63.688816692889809,-7.247110905306367],[-63.688830467002369,-7.256174203946716],[-63.697906732098943,-7.256160350046536],[-63.697892776529642,-7.247097068889074]]]}},
{"type":"Feature","properties":{"DESCRIPTION":"MDT_1449107.tif","FILENAME":"U:\\P589_AmazoniaRevelada_BR-319\\LiDAR_dataset\\ENTREGAS\\ENTREGA_02\\2_MDT\\GEOTIFF\\MDT_1449107.tif","SHRT_FNAME":"MDT_1449107.tif","UPPER_LEFT_X":"423956.525","UPPER_LEFT_Y":"9198876.072","LOWER_RIGHT_X":"424958.525","LOWER_RIGHT_Y":"9197874.072"},"geometry":{"type":"Polygon","coordinates":[[[-63.688833946520248,-7.247110879175163],[-63.679757845240566,-7.247124534850673],[-63.679771438239612,-7.256187850712524],[-63.688847720977755,-7.256174177782497],[-63.688833946520248,-7.247110879175163]]]}},
{"type":"Feature","properties":{"DESCRIPTION":"MDT_1449108.tif","FILENAME":"U:\\P589_AmazoniaRevelada_BR-319\\LiDAR_dataset\\ENTREGAS\\ENTREGA_02\\2_MDT\\GEOTIFF\\MDT_1449108.tif","SHRT_FNAME":"MDT_1449108.tif","UPPER_LEFT_X":"424956.620","UPPER_LEFT_Y":"9198876.072","LOWER_RIGHT_X":"425958.620","LOWER_RIGHT_Y":"9197874.072"},"geometry":{"type":"Polygon","coordinates":[[[-63.679775098904315,-7.247124509063063],[-63.670698980216748,-7.247137983995094],[-63.670712392100562,-7.256201316850501],[-63.679788692248323,-7.256187824892327],[-63.679775098904315,-7.247124509063063]]]}},
{"type":"Feature","properties":{"DESCRIPTION":"MDT_1449109.tif","FILENAME":"U:\\P589_AmazoniaRevelada_BR-319\\LiDAR_dataset\\ENTREGAS\\ENTREGA_02\\2_MDT\\GEOTIFF\\MDT_1449109.tif","SHRT_FNAME":"MDT_1449109.tif","UPPER_LEFT_X":"425956.715","UPPER_LEFT_Y":"9198876.072","LOWER_RIGHT_X":"426958.715","LOWER_RIGHT_Y":"9197874.072"},"geometry":{"type":"Polygon","coordinates":[[[-63.67071623391336,-7.247137958551075],[-63.66164009804983,-7.247151252737949],[-63.661653328816755,-7.256214602358972],[-63.670729646142142,-7.256201291374333],[-63.67071623391336,-7.247137958551075]]]}},
{"type":"Feature","properties":{"DESCRIPTION":"MDT_1449110.tif","FILENAME":"U:\\P589_AmazoniaRevelada_BR-319\\LiDAR_dataset\\ENTREGAS\\ENTREGA_02\\2_MDT\\GEOTIFF\\MDT_1449110.tif","SHRT_FNAME":"MDT_1449110.tif","UPPER_LEFT_X":"426956.810","UPPER_LEFT_Y":"9198876.072","LOWER_RIGHT_X":"427958.810","LOWER_RIGHT_Y":"9197874.072"},"geometry":{"type":"Polygon","coordinates":[[[-63.661657351778885,-7.247151227637532],[-63.65258119897134,-7.247164341077599],[-63.652594248619685,-7.256227707236289],[-63.661670582890764,-7.256214577226838],[-63.661657351778885,-7.247151227637532]]]}},
{"type":"Feature","properties":{"DESCRIPTION":"MDT_1449111.tif","FILENAME":"U:\\P589_AmazoniaRevelada_BR-319\\LiDAR_dataset\\ENTREGAS\\ENTREGA_02\\2_MDT\\GEOTIFF\\MDT_1449111.tif","SHRT_FNAME":"MDT_1449111.tif","UPPER_LEFT_X":"427956.906","UPPER_LEFT_Y":"9198876.072","LOWER_RIGHT_X":"428958.906","LOWER_RIGHT_Y":"9197874.072"},"geometry":{"type":"Polygon","coordinates":[[[-63.652598452732384,-7.247164316320779],[-63.643522283212768,-7.24717724901241],[-63.643535151740913,-7.256240631480819],[-63.652611502725691,-7.256227682448188],[-63.652598452732384,-7.247164316320779]]]}},
{"type":"Feature","properties":{"DESCRIPTION":"MDT_1449112.tif","FILENAME":"U:\\P589_AmazoniaRevelada_BR-319\\LiDAR_dataset\\ENTREGAS\\ENTREGA_02\\2_MDT\\GEOTIFF\\MDT_1449112.tif","SHRT_FNAME":"MDT_1449112.tif","UPPER_LEFT_X":"428957.001","UPPER_LEFT_Y":"9198876.072","LOWER_RIGHT_X":"429959.001","LOWER_RIGHT_Y":"9197874.072"},"geometry":{"type":"Polygon","coordinates":[[[-63.64353953700536,-7.247177224599195],[-63.634463351005621,-7.247189976540779],[-63.63447603841194,-7.256253375090957],[-63.643552405878467,-7.256240607036758],[-63.64353953700536,-7.247177224599195]]]}},
{"type":"Feature","properties":{"DESCRIPTION":"MDT_1449113.tif","FILENAME":"U:\\P589_AmazoniaRevelada_BR-319\\LiDAR_dataset\\ENTREGAS\\ENTREGA_02\\2_MDT\\GEOTIFF\\MDT_1449113.tif","SHRT_FNAME":"MDT_1449113.tif","UPPER_LEFT_X":"429957.096","UPPER_LEFT_Y":"9198876.072","LOWER_RIGHT_X":"430959.096","LOWER_RIGHT_Y":"9197874.072"},"geometry":{"type":"Polygon","coordinates":[[[-63.634480604829321,-7.247189952471171],[-63.625404402581403,-7.247202523661124],[-63.625416908864317,-7.256265938065121],[-63.634493292580601,-7.256253350990939],[-63.634480604829321,-7.247189952471171]]]}},
{"type":"Feature","properties":{"DESCRIPTION":"MDT_1449114.tif","FILENAME":"U:\\P589_AmazoniaRevelada_BR-319\\LiDAR_dataset\\ENTREGAS\\ENTREGA_02\\2_MDT\\GEOTIFF\\MDT_1449114.tif","SHRT_FNAME":"MDT_1449114.tif","UPPER_LEFT_X":"430957.191","UPPER_LEFT_Y":"9198876.072","LOWER_RIGHT_X":"431959.191","LOWER_RIGHT_Y":"9197874.072"},"geometry":{"type":"Polygon","coordinates":[[[-63.625421656435769,-7.247202499935126],[-63.616345438171635,-7.247214890371882],[-63.61635776332956,-7.256278320401744],[-63.625434163063652,-7.256265914309146],[-63.625421656435769,-7.247202499935126]]]}},
{"type":"Feature","properties":{"DESCRIPTION":"MDT_1449115.tif","FILENAME":"U:\\P589_AmazoniaRevelada_BR-319\\LiDAR_dataset\\ENTREGAS\\ENTREGA_02\\2_MDT\\GEOTIFF\\MDT_1449115.tif","SHRT_FNAME":"MDT_1449115.tif","UPPER_LEFT_X":"431957.286","UPPER_LEFT_Y":"9198876.072","LOWER_RIGHT_X":"432959.286","LOWER_RIGHT_Y":"9197874.072"},"geometry":{"type":"Polygon","coordinates":[[[-63.616362692056221,-7.2472148669895],[-63.60728645800782,-7.247227076671521],[-63.607298602039222,-7.256290522099287],[-63.616375017559136,-7.256278296989814],[-63.616362692056221,-7.2472148669895]]]}},
{"type":"Feature","properties":{"DESCRIPTION":"MDT_1449116.tif","FILENAME":"U:\\P589_AmazoniaRevelada_BR-319\\LiDAR_dataset\\ENTREGAS\\ENTREGA_02\\2_MDT\\GEOTIFF\\MDT_1449116.tif","SHRT_FNAME":"MDT_1449116.tif","UPPER_LEFT_X":"432957.382","UPPER_LEFT_Y":"9198876.072","LOWER_RIGHT_X":"433959.382","LOWER_RIGHT_Y":"9197874.072"},"geometry":{"type":"Polygon","coordinates":[[[-63.607303711922199,-7.247227053632753],[-63.598227462321482,-7.247239082558522],[-63.598239425224826,-7.256302543156238],[-63.607315856298584,-7.25629049903141],[-63.607303711922199,-7.247227053632753]]]}},
{"type":"Feature","properties":{"DESCRIPTION":"MDT_1449117.tif","FILENAME":"U:\\P589_AmazoniaRevelada_BR-319\\LiDAR_dataset\\ENTREGAS\\ENTREGA_02\\2_MDT\\GEOTIFF\\MDT_1449117.tif","SHRT_FNAME":"MDT_1449117.tif","UPPER_LEFT_X":"433957.477","UPPER_LEFT_Y":"9198876.072","LOWER_RIGHT_X":"434959.477","LOWER_RIGHT_Y":"9197874.072"},"geometry":{"type":"Polygon","coordinates":[[[-63.598244716265206,-7.247239059863372],[-63.589168451344136,-7.247250908031396],[-63.589180233117922,-7.256314383571099],[-63.598256679513526,-7.256302520432411],[-63.598244716265206,-7.247239059863372]]]}},
{"type":"Feature","properties":{"DESCRIPTION":"MDT_1449118.tif","FILENAME":"U:\\P589_AmazoniaRevelada_BR-319\\LiDAR_dataset\\ENTREGAS\\ENTREGA_02\\2_MDT\\GEOTIFF\\MDT_1449118.tif","SHRT_FNAME":"MDT_1449118.tif","UPPER_LEFT_X":"434957.572","UPPER_LEFT_Y":"9198876.072","LOWER_RIGHT_X":"435959.572","LOWER_RIGHT_Y":"9197874.072"},"geometry":{"type":"Polygon","coordinates":[[[-63.589185705316766,-7.247250885679868],[-63.580109425307299,-7.247262553088667],[-63.580121025950042,-7.256326043342395],[-63.589197487435534,-7.256314361191328],[-63.589185705316766,-7.247250885679868]]]}},
{"type":"Feature","properties":{"DESCRIPTION":"MDT_1449119.tif","FILENAME":"U:\\P589_AmazoniaRevelada_BR-319\\LiDAR_dataset\\ENTREGAS\\ENTREGA_02\\2_MDT\\GEOTIFF\\MDT_1449119.tif","SHRT_FNAME":"MDT_1449119.tif","UPPER_LEFT_X":"435957.667","UPPER_LEFT_Y":"9198876.072","LOWER_RIGHT_X":"436959.667","LOWER_RIGHT_Y":"9197874.072"},"geometry":{"type":"Polygon","coordinates":[[[-63.580126679308393,-7.247262531080763],[-63.571050384442493,-7.247274017728889],[-63.571061803952738,-7.256337522468683],[-63.580138280296111,-7.256326021306684],[-63.580126679308393,-7.247262531080763]]]}},
{"type":"Feature","properties":{"DESCRIPTION":"MDT_1449120.tif","FILENAME":"U:\\P589_AmazoniaRevelada_BR-319\\LiDAR_dataset\\ENTREGAS\\ENTREGA_02\\2_MDT\\GEOTIFF\\MDT_1449120.tif","SHRT_FNAME":"MDT_1449120.tif","UPPER_LEFT_X":"436957.762","UPPER_LEFT_Y":"9198876.072","LOWER_RIGHT_X":"437959.762","LOWER_RIGHT_Y":"9197874.072"},"geometry":{"type":"Polygon","coordinates":[[[-63.571067638471604,-7.247273996064613],[-63.561991328981236,-7.247285301950642],[-63.562002567357553,-7.25634882094853],[-63.571079058326838,-7.256337500777032],[-63.571067638471604,-7.247273996064613]]]}},
{"type":"Feature","properties":{"DESCRIPTION":"MDT_1449121.tif","FILENAME":"U:\\P589_AmazoniaRevelada_BR-319\\LiDAR_dataset\\ENTREGAS\\ENTREGA_02\\2_MDT\\GEOTIFF\\MDT_1449121.tif","SHRT_FNAME":"MDT_1449121.tif","UPPER_LEFT_X":"437957.858","UPPER_LEFT_Y":"9198876.072","LOWER_RIGHT_X":"438959.858","LOWER_RIGHT_Y":"9197874.072"},"geometry":{"type":"Polygon","coordinates":[[[-63.56200858303793,-7.247285280629995],[-63.55293225915505,-7.247296405752516],[-63.552943316396032,-7.256359938780533],[-63.562019821759236,-7.256348799600945],[-63.56200858303793,-7.247285280629995]]]}},
{"type":"Feature","properties":{"DESCRIPTION":"MDT_1449122.tif","FILENAME":"U:\\P589_AmazoniaRevelada_BR-319\\LiDAR_dataset\\ENTREGAS\\ENTREGA_02\\2_MDT\\GEOTIFF\\MDT_1449122.tif","SHRT_FNAME":"MDT_1449122.tif","UPPER_LEFT_X":"438957.953","UPPER_LEFT_Y":"9198876.072","LOWER_RIGHT_X":"439959.953","LOWER_RIGHT_Y":"9197874.072"},"geometry":{"type":"Polygon","coordinates":[[[-63.552949513238879,-7.247296384775502],[-63.543873175195472,-7.247307329133136],[-63.54388405129972,-7.25637087596331],[-63.552960570824851,-7.256359917777012],[-63.552949513238879,-7.247296384775502]]]}},
{"type":"Feature","properties":{"DESCRIPTION":"MDT_1449123.tif","FILENAME":"U:\\P589_AmazoniaRevelada_BR-319\\LiDAR_dataset\\ENTREGAS\\ENTREGA_02\\2_MDT\\GEOTIFF\\MDT_1449123.tif","SHRT_FNAME":"MDT_1449123.tif","UPPER_LEFT_X":"439958.048","UPPER_LEFT_Y":"9198876.072","LOWER_RIGHT_X":"440960.048","LOWER_RIGHT_Y":"9197874.072"},"geometry":{"type":"Polygon","coordinates":[[[-63.543890429305996,-7.247307308499755],[-63.534814077334012,-7.247318072091137],[-63.534824772300169,-7.256381632495502],[-63.543901305755242,-7.256370855303859],[-63.543890429305996,-7.247307308499755]]]}},
{"type":"Feature","properties":{"DESCRIPTION":"MDT_1449124.tif","FILENAME":"U:\\P589_AmazoniaRevelada_BR-319\\LiDAR_dataset\\ENTREGAS\\ENTREGA_02\\2_MDT\\GEOTIFF\\MDT_1449124.tif","SHRT_FNAME":"MDT_1449124.tif","UPPER_LEFT_X":"440958.143","UPPER_LEFT_Y":"9198876.072","LOWER_RIGHT_X":"441960.143","LOWER_RIGHT_Y":"9197874.072"},"geometry":{"type":"Polygon","coordinates":[[[-63.534831331470805,-7.247318051801395],[-63.525754965802228,-7.247328634625189],[-63.525765479628944,-7.256392208375769],[-63.534842026781966,-7.256381612180122],[-63.534831331470805,-7.247318051801395]]]}},
{"type":"Feature","properties":{"DESCRIPTION":"MDT_1449125.tif","FILENAME":"U:\\P589_AmazoniaRevelada_BR-319\\LiDAR_dataset\\ENTREGAS\\ENTREGA_02\\2_MDT\\GEOTIFF\\MDT_1449125.tif","SHRT_FNAME":"MDT_1449125.tif","UPPER_LEFT_X":"441958.238","UPPER_LEFT_Y":"9198876.072","LOWER_RIGHT_X":"442960.238","LOWER_RIGHT_Y":"9197874.072"},"geometry":{"type":"Polygon","coordinates":[[[-63.525772219964828,-7.247328614679087],[-63.51669584083163,-7.24733901673398],[-63.516706173517598,-7.256402603602802],[-63.525782734136556,-7.256392188404465],[-63.525772219964828,-7.247328614679087]]]}},
{"type":"Feature","properties":{"DESCRIPTION":"MDT_1449126.tif","FILENAME":"U:\\P589_AmazoniaRevelada_BR-319\\LiDAR_dataset\\ENTREGAS\\ENTREGA_02\\2_MDT\\GEOTIFF\\MDT_1449126.tif","SHRT_FNAME":"MDT_1449126.tif","UPPER_LEFT_X":"442958.334","UPPER_LEFT_Y":"9198876.072","LOWER_RIGHT_X":"443960.334","LOWER_RIGHT_Y":"9197874.072"},"geometry":{"type":"Polygon","coordinates":[[[-63.516713095019604,-7.247338997131517],[-63.507636702653762,-7.247349218416214],[-63.507646854197674,-7.256412818175299],[-63.516723428050575,-7.256402583975572],[-63.516713095019604,-7.247338997131517]]]}},
{"type":"Feature","properties":{"DESCRIPTION":"MDT_1449127.tif","FILENAME":"U:\\P589_AmazoniaRevelada_BR-319\\LiDAR_dataset\\ENTREGAS\\ENTREGA_02\\2_MDT\\GEOTIFF\\MDT_1449127.tif","SHRT_FNAME":"MDT_1449127.tif","UPPER_LEFT_X":"443958.429","UPPER_LEFT_Y":"9198876.072","LOWER_RIGHT_X":"444960.429","LOWER_RIGHT_Y":"9197874.072"},"geometry":{"type":"Polygon","coordinates":[[[-63.507653956866669,-7.247349199157397],[-63.498577551500148,-7.247359239670621],[-63.498587521900731,-7.256422852092001],[-63.507664108755584,-7.256412798892151],[-63.507653956866669,-7.247349199157397]]]}},
{"type":"Feature","properties":{"DESCRIPTION":"MDT_1449128.tif","FILENAME":"U:\\P589_AmazoniaRevelada_BR-319\\LiDAR_dataset\\ENTREGAS\\ENTREGA_02\\2_MDT\\GEOTIFF\\MDT_1449128.tif","SHRT_FNAME":"MDT_1449128.tif","UPPER_LEFT_X":"444958.524","UPPER_LEFT_Y":"9198876.072","LOWER_RIGHT_X":"445960.524","LOWER_RIGHT_Y":"9197874.072"},"geometry":{"type":"Polygon","coordinates":[[[-63.498594805737547,-7.247359220755456],[-63.489518387602324,-7.247369080495966],[-63.489528176858343,-7.256432705351647],[-63.498604776483148,-7.25642283315293],[-63.498594805737547,-7.247359220755456]]]}},
{"type":"Feature","properties":{"DESCRIPTION":"MDT_1449129.tif","FILENAME":"U:\\P589_AmazoniaRevelada_BR-319\\LiDAR_dataset\\ENTREGAS\\ENTREGA_02\\2_MDT\\GEOTIFF\\MDT_1449129.tif","SHRT_FNAME":"MDT_1449129.tif","UPPER_LEFT_X":"445958.619","UPPER_LEFT_Y":"9198876.072","LOWER_RIGHT_X":"446960.619","LOWER_RIGHT_Y":"9197874.072"},"geometry":{"type":"Polygon","coordinates":[[[-63.489535641863782,-7.247369061924449],[-63.48045921119185,-7.247378740891016],[-63.480468819302061,-7.256442377953025],[-63.489545431464812,-7.256432686756663],[-63.489535641863782,-7.247369061924449]]]}},
{"type":"Feature","properties":{"DESCRIPTION":"MDT_1449130.tif","FILENAME":"U:\\P589_AmazoniaRevelada_BR-319\\LiDAR_dataset\\ENTREGAS\\ENTREGA_02\\2_MDT\\GEOTIFF\\MDT_1449130.tif","SHRT_FNAME":"MDT_1449130.tif","UPPER_LEFT_X":"446958.714","UPPER_LEFT_Y":"9198876.072","LOWER_RIGHT_X":"447960.714","LOWER_RIGHT_Y":"9197874.072"},"geometry":{"type":"Polygon","coordinates":[[[-63.480476465476919,-7.24737872266315],[-63.471400022500248,-7.247388220854572],[-63.471409449463437,-7.256451869894925],[-63.480486073932141,-7.256442359702126],[-63.480476465476919,-7.24737872266315]]]}},
{"type":"Feature","properties":{"DESCRIPTION":"MDT_1449131.tif","FILENAME":"U:\\P589_AmazoniaRevelada_BR-319\\LiDAR_dataset\\ENTREGAS\\ENTREGA_02\\2_MDT\\GEOTIFF\\MDT_1449131.tif","SHRT_FNAME":"MDT_1449131.tif","UPPER_LEFT_X":"447958.810","UPPER_LEFT_Y":"9198876.072","LOWER_RIGHT_X":"448960.810","LOWER_RIGHT_Y":"9197874.072"},"geometry":{"type":"Polygon","coordinates":[[[-63.471417276808495,-7.247388202970359],[-63.462340821759071,-7.247397520385453],[-63.46235006757405,-7.256461181176167],[-63.471426704116702,-7.256451851988113],[-63.471417276808495,-7.247388202970359]]]}},
{"type":"Feature","properties":{"DESCRIPTION":"MDT_1449132.tif","FILENAME":"U:\\P589_AmazoniaRevelada_BR-319\\LiDAR_dataset\\ENTREGAS\\ENTREGA_02\\2_MDT\\GEOTIFF\\MDT_1449132.tif","SHRT_FNAME":"MDT_1449132.tif","UPPER_LEFT_X":"448958.905","UPPER_LEFT_Y":"9198876.072","LOWER_RIGHT_X":"449960.905","LOWER_RIGHT_Y":"9197874.072"},"geometry":{"type":"Polygon","coordinates":[[[-63.462358076090048,-7.247397502844898],[-63.453281609199848,-7.247406639482507],[-63.453290673865475,-7.256470311795598],[-63.462367322250053,-7.256461163613448],[-63.462358076090048,-7.247397502844898]]]}},
{"type":"Feature","properties":{"DESCRIPTION":"MDT_1449133.tif","FILENAME":"U:\\P589_AmazoniaRevelada_BR-319\\LiDAR_dataset\\ENTREGAS\\ENTREGA_02\\2_MDT\\GEOTIFF\\MDT_1449133.tif","SHRT_FNAME":"MDT_1449133.tif","UPPER_LEFT_X":"449959.000","UPPER_LEFT_Y":"9198876.072","LOWER_RIGHT_X":"450961.000","LOWER_RIGHT_Y":"9197874.072"},"geometry":{"type":"Polygon","coordinates":[[[-63.453298863553108,-7.247406622285609],[-63.444222385054132,-7.247415578144599],[-63.444231268569268,-7.256479261752075],[-63.45330792856376,-7.25647029457697],[-63.453298863553108,-7.247406622285609]]]}},
{"type":"Feature","properties":{"DESCRIPTION":"MDT_1449134.tif","FILENAME":"U:\\P589_AmazoniaRevelada_BR-319\\LiDAR_dataset\\ENTREGAS\\ENTREGA_02\\2_MDT\\GEOTIFF\\MDT_1449134.tif","SHRT_FNAME":"MDT_1449134.tif","UPPER_LEFT_X":"450959.095","UPPER_LEFT_Y":"9198876.072","LOWER_RIGHT_X":"451961.095","LOWER_RIGHT_Y":"9197874.072"},"geometry":{"type":"Polygon","coordinates":[[[-63.444239639429242,-7.247415561291363],[-63.435163149553468,-7.247424336370615],[-63.435171851916991,-7.256488031044494],[-63.444248523289396,-7.256479244877544],[-63.444239639429242,-7.247415561291363]]]}},
{"type":"Feature","properties":{"DESCRIPTION":"MDT_1449135.tif","FILENAME":"U:\\P589_AmazoniaRevelada_BR-319\\LiDAR_dataset\\ENTREGAS\\ENTREGA_02\\2_MDT\\GEOTIFF\\MDT_1449135.tif","SHRT_FNAME":"MDT_1449135.tif","UPPER_LEFT_X":"451959.190","UPPER_LEFT_Y":"9198876.072","LOWER_RIGHT_X":"452961.190","LOWER_RIGHT_Y":"9197874.072"},"geometry":{"type":"Polygon","coordinates":[[[-63.435180403949985,-7.247424319861043],[-63.426103902929405,-7.247432914159472],[-63.426112424140229,-7.256496619671757],[-63.435189106658534,-7.256488014514058],[-63.435180403949985,-7.247424319861043]]]}},
{"type":"Feature","properties":{"DESCRIPTION":"MDT_1449136.tif","FILENAME":"U:\\P589_AmazoniaRevelada_BR-319\\LiDAR_dataset\\ENTREGAS\\ENTREGA_02\\2_MDT\\GEOTIFF\\MDT_1449136.tif","SHRT_FNAME":"MDT_1449136.tif","UPPER_LEFT_X":"452959.286","UPPER_LEFT_Y":"9198876.072","LOWER_RIGHT_X":"453961.286","LOWER_RIGHT_Y":"9197874.072"},"geometry":{"type":"Polygon","coordinates":[[[-63.426121157346891,-7.247432897993562],[-63.417044645413505,-7.247441311510096],[-63.417052985470541,-7.256505027632804],[-63.42612967890274,-7.256496603485423],[-63.426121157346891,-7.247432897993562]]]}},
{"type":"Feature","properties":{"DESCRIPTION":"MDT_1449137.tif","FILENAME":"U:\\P589_AmazoniaRevelada_BR-319\\LiDAR_dataset\\ENTREGAS\\ENTREGA_02\\2_MDT\\GEOTIFF\\MDT_1449137.tif","SHRT_FNAME":"MDT_1449137.tif","UPPER_LEFT_X":"453959.381","UPPER_LEFT_Y":"9198876.072","LOWER_RIGHT_X":"454961.381","LOWER_RIGHT_Y":"9197874.072"},"geometry":{"type":"Polygon","coordinates":[[[-63.417061899851504,-7.247441295687856],[-63.407985377237296,-7.247449528421449],[-63.407993536139514,-7.25651325492658],[-63.41707024025358,-7.256505011790567],[-63.417061899851504,-7.247441295687856]]]}},
{"type":"Feature","properties":{"DESCRIPTION":"MDT_1449138.tif","FILENAME":"U:\\P589_AmazoniaRevelada_BR-319\\LiDAR_dataset\\ENTREGAS\\ENTREGA_02\\2_MDT\\GEOTIFF\\MDT_1449138.tif","SHRT_FNAME":"MDT_1449138.tif","UPPER_LEFT_X":"454959.476","UPPER_LEFT_Y":"9198876.072","LOWER_RIGHT_X":"455961.476","LOWER_RIGHT_Y":"9197874.072"},"geometry":{"type":"Polygon","coordinates":[[[-63.408002631695382,-7.247449512942874],[-63.398926098632337,-7.247457564892504],[-63.398934076378715,-7.256521301552069],[-63.408010790942633,-7.25651323942845],[-63.408002631695382,-7.247449512942874]]]}},
{"type":"Feature","properties":{"DESCRIPTION":"MDT_1449139.tif","FILENAME":"U:\\P589_AmazoniaRevelada_BR-319\\LiDAR_dataset\\ENTREGAS\\ENTREGA_02\\2_MDT\\GEOTIFF\\MDT_1449139.tif","SHRT_FNAME":"MDT_1449139.tif","UPPER_LEFT_X":"455959.571","UPPER_LEFT_Y":"9198876.072","LOWER_RIGHT_X":"456961.571","LOWER_RIGHT_Y":"9197874.072"},"geometry":{"type":"Polygon","coordinates":[[[-63.39894335311007,-7.247457549757602],[-63.389866809830195,-7.247465420922266],[-63.389874606419717,-7.256529167508268],[-63.398951331201474,-7.256521286398044],[-63.39894335311007,-7.247457549757602]]]}},
{"type":"Feature","properties":{"DESCRIPTION":"MDT_1449140.tif","FILENAME":"U:\\P589_AmazoniaRevelada_BR-319\\LiDAR_dataset\\ENTREGAS\\ENTREGA_02\\2_MDT\\GEOTIFF\\MDT_1449140.tif","SHRT_FNAME":"MDT_1449140.tif","UPPER_LEFT_X":"456959.666","UPPER_LEFT_Y":"9198876.072","LOWER_RIGHT_X":"457961.666","LOWER_RIGHT_Y":"9197874.072"},"geometry":{"type":"Polygon","coordinates":[[[-63.389884064327127,-7.247465406131036],[-63.380807511062415,-7.247473096509756],[-63.380815126494099,-7.256536852794199],[-63.389891861261695,-7.256529152698349],[-63.389884064327127,-7.247465406131036]]]}},
{"type":"Feature","properties":{"DESCRIPTION":"MDT_1449141.tif","FILENAME":"U:\\P589_AmazoniaRevelada_BR-319\\LiDAR_dataset\\ENTREGAS\\ENTREGA_02\\2_MDT\\GEOTIFF\\MDT_1449141.tif","SHRT_FNAME":"MDT_1449141.tif","UPPER_LEFT_X":"457959.762","UPPER_LEFT_Y":"9198876.072","LOWER_RIGHT_X":"458961.762","LOWER_RIGHT_Y":"9197874.072"},"geometry":{"type":"Polygon","coordinates":[[[-63.380824765578105,-7.247473082062203],[-63.371748202560539,-7.24748059165402],[-63.371755636833448,-7.256544357408907],[-63.380832381354836,-7.256536838328388],[-63.380824765578105,-7.247473082062203]]]}},
{"type":"Feature","properties":{"DESCRIPTION":"MDT_1449142.tif","FILENAME":"U:\\P589_AmazoniaRevelada_BR-319\\LiDAR_dataset\\ENTREGAS\\ENTREGA_02\\2_MDT\\GEOTIFF\\MDT_1449142.tif","SHRT_FNAME":"MDT_1449142.tif","UPPER_LEFT_X":"458959.857","UPPER_LEFT_Y":"9198876.072","LOWER_RIGHT_X":"459961.857","LOWER_RIGHT_Y":"9197874.072"},"geometry":{"type":"Polygon","coordinates":[[[-63.371765457094554,-7.247480577550143],[-63.362688884556157,-7.247487906354126],[-63.362696137669346,-7.256551681351457],[-63.37177289171251,-7.256544343287207],[-63.371765457094554,-7.247480577550143]]]}},
{"type":"Feature","properties":{"DESCRIPTION":"MDT_1449143.tif","FILENAME":"U:\\P589_AmazoniaRevelada_BR-319\\LiDAR_dataset\\ENTREGAS\\ENTREGA_02\\2_MDT\\GEOTIFF\\MDT_1449143.tif","SHRT_FNAME":"MDT_1449143.tif","UPPER_LEFT_X":"459959.952","UPPER_LEFT_Y":"9198876.072","LOWER_RIGHT_X":"460961.952","LOWER_RIGHT_Y":"9197874.072"},"geometry":{"type":"Polygon","coordinates":[[[-63.362706139108049,-7.247487892593927],[-63.35362955728079,-7.247495040609168],[-63.353636629233357,-7.256558824620941],[-63.362713392566278,-7.256551667573872],[-63.362706139108049,-7.247487892593927]]]}},
{"type":"Feature","properties":{"DESCRIPTION":"MDT_1449144.tif","FILENAME":"U:\\P589_AmazoniaRevelada_BR-319\\LiDAR_dataset\\ENTREGAS\\ENTREGA_02\\2_MDT\\GEOTIFF\\MDT_1449144.tif","SHRT_FNAME":"MDT_1449144.tif","UPPER_LEFT_X":"460960.047","UPPER_LEFT_Y":"9198876.072","LOWER_RIGHT_X":"461962.047","LOWER_RIGHT_Y":"9197874.072"},"geometry":{"type":"Polygon","coordinates":[[[-63.353646811850126,-7.247495027192649],[-63.344570220966027,-7.247501994418254],[-63.344577111757083,-7.256565787216473],[-63.353653884147732,-7.256558811187469],[-63.353646811850126,-7.247495027192649]]]}},
{"type":"Feature","properties":{"DESCRIPTION":"MDT_1449145.tif","FILENAME":"U:\\P589_AmazoniaRevelada_BR-319\\LiDAR_dataset\\ENTREGAS\\ENTREGA_02\\2_MDT\\GEOTIFF\\MDT_1449145.tif","SHRT_FNAME":"MDT_1449145.tif","UPPER_LEFT_X":"461960.142","UPPER_LEFT_Y":"9198876.072","LOWER_RIGHT_X":"462962.142","LOWER_RIGHT_Y":"9197874.072"},"geometry":{"type":"Polygon","coordinates":[[[-63.344587475552359,-7.247501981345414],[-63.335510875843426,-7.247508767780521],[-63.33551758547209,-7.256572569137177],[-63.344594366688455,-7.256565774127115],[-63.344587475552359,-7.247501981345414]]]}},
{"type":"Feature","properties":{"DESCRIPTION":"MDT_1449146.tif","FILENAME":"U:\\P589_AmazoniaRevelada_BR-319\\LiDAR_dataset\\ENTREGAS\\ENTREGA_02\\2_MDT\\GEOTIFF\\MDT_1449146.tif","SHRT_FNAME":"MDT_1449146.tif","UPPER_LEFT_X":"462960.238","UPPER_LEFT_Y":"9198876.072","LOWER_RIGHT_X":"463962.238","LOWER_RIGHT_Y":"9197874.072"},"geometry":{"type":"Polygon","coordinates":[[[-63.335528130446306,-7.247508755051365],[-63.326451522144531,-7.247515360695126],[-63.326458050609972,-7.256579170382222],[-63.335534840420017,-7.256572556391941],[-63.335528130446306,-7.247508755051365]]]}},
{"type":"Feature","properties":{"DESCRIPTION":"MDT_1449147.tif","FILENAME":"U:\\P589_AmazoniaRevelada_BR-319\\LiDAR_dataset\\ENTREGAS\\ENTREGA_02\\2_MDT\\GEOTIFF\\MDT_1449147.tif","SHRT_FNAME":"MDT_1449147.tif","UPPER_LEFT_X":"463960.333","UPPER_LEFT_Y":"9198876.072","LOWER_RIGHT_X":"464962.333","LOWER_RIGHT_Y":"9197874.072"},"geometry":{"type":"Polygon","coordinates":[[[-63.326468776763534,-7.247515348309657],[-63.317392160100916,-7.247521773161251],[-63.317398507402316,-7.256585590950779],[-63.326475305574014,-7.256579157981101],[-63.326468776763534,-7.247515348309657]]]}},
{"type":"Feature","properties":{"DESCRIPTION":"MDT_1450105.tif","FILENAME":"U:\\P589_AmazoniaRevelada_BR-319\\LiDAR_dataset\\ENTREGAS\\ENTREGA_02\\2_MDT\\GEOTIFF\\MDT_1450105.tif","SHRT_FNAME":"MDT_1450105.tif","UPPER_LEFT_X":"421956.334","UPPER_LEFT_Y":"9197876.197","LOWER_RIGHT_X":"422958.334","LOWER_RIGHT_Y":"9196874.197"},"geometry":{"type":"Polygon","coordinates":[[[-63.706965695383055,-7.25612712221835],[-63.697889448545048,-7.256141157049407],[-63.697903421638777,-7.265204434613383],[-63.706979850164103,-7.265190382070386],[-63.706965695383055,-7.25612712221835]]]}},
{"type":"Feature","properties":{"DESCRIPTION":"MDT_1450106.tif","FILENAME":"U:\\P589_AmazoniaRevelada_BR-319\\LiDAR_dataset\\ENTREGAS\\ENTREGA_02\\2_MDT\\GEOTIFF\\MDT_1450106.tif","SHRT_FNAME":"MDT_1450106.tif","UPPER_LEFT_X":"422956.430","UPPER_LEFT_Y":"9197876.197","LOWER_RIGHT_X":"423958.430","LOWER_RIGHT_Y":"9196874.197"},"geometry":{"type":"Polygon","coordinates":[[[-63.697906702485945,-7.256141130541235],[-63.688830437774421,-7.256154984404342],[-63.688844229524442,-7.265218279418425],[-63.697920675925054,-7.265204408071757],[-63.697906702485945,-7.256141130541235]]]}},
{"type":"Feature","properties":{"DESCRIPTION":"MDT_1450107.tif","FILENAME":"U:\\P589_AmazoniaRevelada_BR-319\\LiDAR_dataset\\ENTREGAS\\ENTREGA_02\\2_MDT\\GEOTIFF\\MDT_1450107.tif","SHRT_FNAME":"MDT_1450107.tif","UPPER_LEFT_X":"423956.525","UPPER_LEFT_Y":"9197876.197","LOWER_RIGHT_X":"424958.525","LOWER_RIGHT_Y":"9196874.197"},"geometry":{"type":"Polygon","coordinates":[[[-63.688847691749068,-7.256154958240192],[-63.679771409395983,-7.25616863113363],[-63.679785019800576,-7.26523194336987],[-63.688861483844498,-7.265218253221255],[-63.688847691749068,-7.256154958240192]]]}},
{"type":"Feature","properties":{"DESCRIPTION":"MDT_1450108.tif","FILENAME":"U:\\P589_AmazoniaRevelada_BR-319\\LiDAR_dataset\\ENTREGAS\\ENTREGA_02\\2_MDT\\GEOTIFF\\MDT_1450108.tif","SHRT_FNAME":"MDT_1450108.tif","UPPER_LEFT_X":"424956.620","UPPER_LEFT_Y":"9197876.197","LOWER_RIGHT_X":"425958.620","LOWER_RIGHT_Y":"9196874.197"},"geometry":{"type":"Polygon","coordinates":[[[-63.679788663403947,-7.256168605313503],[-63.670712363641236,-7.256182097235568],[-63.670725792698711,-7.265245426466018],[-63.679802274153943,-7.265231917517161],[-63.679788663403947,-7.256168605313503]]]}},
{"type":"Feature","properties":{"DESCRIPTION":"MDT_1450109.tif","FILENAME":"U:\\P589_AmazoniaRevelada_BR-319\\LiDAR_dataset\\ENTREGAS\\ENTREGA_02\\2_MDT\\GEOTIFF\\MDT_1450109.tif","SHRT_FNAME":"MDT_1450109.tif","UPPER_LEFT_X":"425956.715","UPPER_LEFT_Y":"9197876.197","LOWER_RIGHT_X":"426958.715","LOWER_RIGHT_Y":"9196874.197"},"geometry":{"type":"Polygon","coordinates":[[[-63.670729617682092,-7.256182071759469],[-63.66165330074174,-7.256195382708487],[-63.661666548450391,-7.265258728705192],[-63.670743047084954,-7.265245400957769],[-63.670729617682092,-7.256182071759469]]]}},
{"type":"Feature","properties":{"DESCRIPTION":"MDT_1450110.tif","FILENAME":"U:\\P589_AmazoniaRevelada_BR-319\\LiDAR_dataset\\ENTREGAS\\ENTREGA_02\\2_MDT\\GEOTIFF\\MDT_1450110.tif","SHRT_FNAME":"MDT_1450110.tif","UPPER_LEFT_X":"426956.810","UPPER_LEFT_Y":"9197876.197","LOWER_RIGHT_X":"427958.810","LOWER_RIGHT_Y":"9196874.197"},"geometry":{"type":"Polygon","coordinates":[[[-63.661670554815025,-7.256195357576421],[-63.652594220929011,-7.256208487550733],[-63.652607287287175,-7.26527185008574],[-63.661683802869085,-7.265258703541408],[-63.661670554815025,-7.256195357576421]]]}},
{"type":"Feature","properties":{"DESCRIPTION":"MDT_1450111.tif","FILENAME":"U:\\P589_AmazoniaRevelada_BR-319\\LiDAR_dataset\\ENTREGAS\\ENTREGA_02\\2_MDT\\GEOTIFF\\MDT_1450111.tif","SHRT_FNAME":"MDT_1450111.tif","UPPER_LEFT_X":"427956.906","UPPER_LEFT_Y":"9197876.197","LOWER_RIGHT_X":"428958.906","LOWER_RIGHT_Y":"9196874.197"},"geometry":{"type":"Polygon","coordinates":[[[-63.652611475034277,-7.256208462762698],[-63.64353512443455,-7.256221411760676],[-63.643548009440593,-7.265284790606025],[-63.65262454173785,-7.265271825266423],[-63.652611475034277,-7.256208462762698]]]}},
{"type":"Feature","properties":{"DESCRIPTION":"MDT_1450112.tif","FILENAME":"U:\\P589_AmazoniaRevelada_BR-319\\LiDAR_dataset\\ENTREGAS\\ENTREGA_02\\2_MDT\\GEOTIFF\\MDT_1450112.tif","SHRT_FNAME":"MDT_1450112.tif","UPPER_LEFT_X":"428957.001","UPPER_LEFT_Y":"9197876.197","LOWER_RIGHT_X":"429959.001","LOWER_RIGHT_Y":"9196874.197"},"geometry":{"type":"Polygon","coordinates":[[[-63.643552378571385,-7.25622138731668],[-63.634476011489916,-7.256234155336712],[-63.634488715142218,-7.265297550264445],[-63.643565263922831,-7.265284766131182],[-63.643552378571385,-7.25622138731668]]]}},
{"type":"Feature","properties":{"DESCRIPTION":"MDT_1450113.tif","FILENAME":"U:\\P589_AmazoniaRevelada_BR-319\\LiDAR_dataset\\ENTREGAS\\ENTREGA_02\\2_MDT\\GEOTIFF\\MDT_1450113.tif","SHRT_FNAME":"MDT_1450113.tif","UPPER_LEFT_X":"429957.096","UPPER_LEFT_Y":"9197876.197","LOWER_RIGHT_X":"430959.096","LOWER_RIGHT_Y":"9196874.197"},"geometry":{"type":"Polygon","coordinates":[[[-63.634493265657859,-7.256234131236756],[-63.625416882326618,-7.256246718277253],[-63.625429404623581,-7.265310129059412],[-63.634505969655564,-7.265297526134074],[-63.634493265657859,-7.256234131236756]]]}},
{"type":"Feature","properties":{"DESCRIPTION":"MDT_1450114.tif","FILENAME":"U:\\P589_AmazoniaRevelada_BR-319\\LiDAR_dataset\\ENTREGAS\\ENTREGA_02\\2_MDT\\GEOTIFF\\MDT_1450114.tif","SHRT_FNAME":"MDT_1450114.tif","UPPER_LEFT_X":"430957.191","UPPER_LEFT_Y":"9197876.197","LOWER_RIGHT_X":"431959.191","LOWER_RIGHT_Y":"9196874.197"},"geometry":{"type":"Polygon","coordinates":[[[-63.625434136525229,-7.25624669452134],[-63.616357737176216,-7.256259100580741],[-63.616370078116262,-7.265322526989356],[-63.625446659167608,-7.265310105273517],[-63.625434136525229,-7.25624669452134]]]}},
{"type":"Feature","properties":{"DESCRIPTION":"MDT_1450115.tif","FILENAME":"U:\\P589_AmazoniaRevelada_BR-319\\LiDAR_dataset\\ENTREGAS\\ENTREGA_02\\2_MDT\\GEOTIFF\\MDT_1450115.tif","SHRT_FNAME":"MDT_1450115.tif","UPPER_LEFT_X":"431957.286","UPPER_LEFT_Y":"9197876.197","LOWER_RIGHT_X":"432959.286","LOWER_RIGHT_Y":"9196874.197"},"geometry":{"type":"Polygon","coordinates":[[[-63.616374991405053,-7.256259077168872],[-63.607298576270217,-7.256271302245631],[-63.607310735851797,-7.265334744052745],[-63.616387332690515,-7.265322503547948],[-63.616374991405053,-7.256259077168872]]]}},
{"type":"Feature","properties":{"DESCRIPTION":"MDT_1450116.tif","FILENAME":"U:\\P589_AmazoniaRevelada_BR-319\\LiDAR_dataset\\ENTREGAS\\ENTREGA_02\\2_MDT\\GEOTIFF\\MDT_1450116.tif","SHRT_FNAME":"MDT_1450116.tif","UPPER_LEFT_X":"432957.382","UPPER_LEFT_Y":"9197876.197","LOWER_RIGHT_X":"433959.382","LOWER_RIGHT_Y":"9196874.197"},"geometry":{"type":"Polygon","coordinates":[[[-63.607315830528833,-7.256271279177814],[-63.598239399840161,-7.256283323270411],[-63.598251378061768,-7.265346780248053],[-63.60732799045585,-7.265334720955816],[-63.607315830528833,-7.256271279177814]]]}},
{"type":"Feature","properties":{"DESCRIPTION":"MDT_1450117.tif","FILENAME":"U:\\P589_AmazoniaRevelada_BR-319\\LiDAR_dataset\\ENTREGAS\\ENTREGA_02\\2_MDT\\GEOTIFF\\MDT_1450117.tif","SHRT_FNAME":"MDT_1450117.tif","UPPER_LEFT_X":"433957.477","UPPER_LEFT_Y":"9197876.197","LOWER_RIGHT_X":"434959.477","LOWER_RIGHT_Y":"9196874.197"},"geometry":{"type":"Polygon","coordinates":[[[-63.598256654128129,-7.256283300546647],[-63.589180208117604,-7.256295163653586],[-63.589192004977718,-7.265358635573786],[-63.598268632695159,-7.26534675749561],[-63.598256654128129,-7.256283300546647]]]}},
{"type":"Feature","properties":{"DESCRIPTION":"MDT_1450118.tif","FILENAME":"U:\\P589_AmazoniaRevelada_BR-319\\LiDAR_dataset\\ENTREGAS\\ENTREGA_02\\2_MDT\\GEOTIFF\\MDT_1450118.tif","SHRT_FNAME":"MDT_1450118.tif","UPPER_LEFT_X":"434957.572","UPPER_LEFT_Y":"9197876.197","LOWER_RIGHT_X":"435959.572","LOWER_RIGHT_Y":"9196874.197"},"geometry":{"type":"Polygon","coordinates":[[[-63.589197462434477,-7.256295141273875],[-63.580121001334071,-7.256306823393679],[-63.580132616831214,-7.265370310028471],[-63.589209259640015,-7.265358613165835],[-63.589197462434477,-7.256295141273875]]]}},
{"type":"Feature","properties":{"DESCRIPTION":"MDT_1450119.tif","FILENAME":"U:\\P589_AmazoniaRevelada_BR-319\\LiDAR_dataset\\ENTREGAS\\ENTREGA_02\\2_MDT\\GEOTIFF\\MDT_1450119.tif","SHRT_FNAME":"MDT_1450119.tif","UPPER_LEFT_X":"435957.667","UPPER_LEFT_Y":"9197876.197","LOWER_RIGHT_X":"436959.667","LOWER_RIGHT_Y":"9196874.197"},"geometry":{"type":"Polygon","coordinates":[[[-63.580138255679422,-7.256306801358027],[-63.57106177972112,-7.256318302489247],[-63.571073213853836,-7.265381803610652],[-63.580149871521989,-7.265370287965008],[-63.580138255679422,-7.256306801358027]]]}},
{"type":"Feature","properties":{"DESCRIPTION":"MDT_1450120.tif","FILENAME":"U:\\P589_AmazoniaRevelada_BR-319\\LiDAR_dataset\\ENTREGAS\\ENTREGA_02\\2_MDT\\GEOTIFF\\MDT_1450120.tif","SHRT_FNAME":"MDT_1450120.tif","UPPER_LEFT_X":"436957.762","UPPER_LEFT_Y":"9197876.197","LOWER_RIGHT_X":"437959.762","LOWER_RIGHT_Y":"9196874.197"},"geometry":{"type":"Polygon","coordinates":[[[-63.571079034094495,-7.256318280797654],[-63.562002543510303,-7.256329600938858],[-63.562013796277142,-7.265393116318907],[-63.571090468572635,-7.265381781891686],[-63.571079034094495,-7.256318280797654]]]}},
{"type":"Feature","properties":{"DESCRIPTION":"MDT_1450121.tif","FILENAME":"U:\\P589_AmazoniaRevelada_BR-319\\LiDAR_dataset\\ENTREGAS\\ENTREGA_02\\2_MDT\\GEOTIFF\\MDT_1450121.tif","SHRT_FNAME":"MDT_1450121.tif","UPPER_LEFT_X":"437957.858","UPPER_LEFT_Y":"9197876.197","LOWER_RIGHT_X":"438959.858","LOWER_RIGHT_Y":"9196874.197"},"geometry":{"type":"Polygon","coordinates":[[[-63.562019797911248,-7.25632957959133],[-63.552943292933129,-7.256340718741109],[-63.552954364332706,-7.265404248151823],[-63.562031051023531,-7.265393094944436],[-63.562019797911248,-7.25632957959133]]]}},
{"type":"Feature","properties":{"DESCRIPTION":"MDT_1450122.tif","FILENAME":"U:\\P589_AmazoniaRevelada_BR-319\\LiDAR_dataset\\ENTREGAS\\ENTREGA_02\\2_MDT\\GEOTIFF\\MDT_1450122.tif","SHRT_FNAME":"MDT_1450122.tif","UPPER_LEFT_X":"438957.953","UPPER_LEFT_Y":"9197876.197","LOWER_RIGHT_X":"439959.953","LOWER_RIGHT_Y":"9196874.197"},"geometry":{"type":"Polygon","coordinates":[[[-63.552960547361224,-7.256340697737645],[-63.543884028221193,-7.256351655894616],[-63.5438949182521,-7.265415199108018],[-63.552971619106238,-7.265404227121852],[-63.552960547361224,-7.256340697737645]]]}},
{"type":"Feature","properties":{"DESCRIPTION":"MDT_1450123.tif","FILENAME":"U:\\P589_AmazoniaRevelada_BR-319\\LiDAR_dataset\\ENTREGAS\\ENTREGA_02\\2_MDT\\GEOTIFF\\MDT_1450123.tif","SHRT_FNAME":"MDT_1450123.tif","UPPER_LEFT_X":"439958.048","UPPER_LEFT_Y":"9197876.197","LOWER_RIGHT_X":"440960.048","LOWER_RIGHT_Y":"9196874.197"},"geometry":{"type":"Polygon","coordinates":[[[-63.543901282675982,-7.25635163523522],[-63.53482474960601,-7.256362412398023],[-63.534835458266876,-7.265425969186133],[-63.543912173052327,-7.26541517842255],[-63.543901282675982,-7.25635163523522]]]}},
{"type":"Feature","properties":{"DESCRIPTION":"MDT_1450124.tif","FILENAME":"U:\\P589_AmazoniaRevelada_BR-319\\LiDAR_dataset\\ENTREGAS\\ENTREGA_02\\2_MDT\\GEOTIFF\\MDT_1450124.tif","SHRT_FNAME":"MDT_1450124.tif","UPPER_LEFT_X":"440958.143","UPPER_LEFT_Y":"9197876.197","LOWER_RIGHT_X":"441960.143","LOWER_RIGHT_Y":"9196874.197"},"geometry":{"type":"Polygon","coordinates":[[[-63.534842004087068,-7.256362392082696],[-63.525765457319146,-7.256372988249987],[-63.525775984608643,-7.265436558384826],[-63.534852713093379,-7.265425948845169],[-63.534842004087068,-7.256362392082696]]]}},
{"type":"Feature","properties":{"DESCRIPTION":"MDT_1450125.tif","FILENAME":"U:\\P589_AmazoniaRevelada_BR-319\\LiDAR_dataset\\ENTREGAS\\ENTREGA_02\\2_MDT\\GEOTIFF\\MDT_1450125.tif","SHRT_FNAME":"MDT_1450125.tif","UPPER_LEFT_X":"441958.238","UPPER_LEFT_Y":"9197876.197","LOWER_RIGHT_X":"442960.238","LOWER_RIGHT_Y":"9196874.197"},"geometry":{"type":"Polygon","coordinates":[[[-63.525782711826032,-7.256372968278736],[-63.516706151592167,-7.256383383449199],[-63.516716497508952,-7.26544696670278],[-63.52579323946096,-7.26543653838837],[-63.525782711826032,-7.256372968278736]]]}},
{"type":"Feature","properties":{"DESCRIPTION":"MDT_1450126.tif","FILENAME":"U:\\P589_AmazoniaRevelada_BR-319\\LiDAR_dataset\\ENTREGAS\\ENTREGA_02\\2_MDT\\GEOTIFF\\MDT_1450126.tif","SHRT_FNAME":"MDT_1450126.tif","UPPER_LEFT_X":"442958.334","UPPER_LEFT_Y":"9197876.197","LOWER_RIGHT_X":"443960.334","LOWER_RIGHT_Y":"9196874.197"},"geometry":{"type":"Polygon","coordinates":[[[-63.516723406124427,-7.256383363822023],[-63.507646832656619,-7.256393597994363],[-63.507656997199398,-7.265457194138699],[-63.516733752386664,-7.265446947050834],[-63.516723406124427,-7.256383363822023]]]}},
{"type":"Feature","properties":{"DESCRIPTION":"MDT_1450127.tif","FILENAME":"U:\\P589_AmazoniaRevelada_BR-319\\LiDAR_dataset\\ENTREGAS\\ENTREGA_02\\2_MDT\\GEOTIFF\\MDT_1450127.tif","SHRT_FNAME":"MDT_1450127.tif","UPPER_LEFT_X":"443958.429","UPPER_LEFT_Y":"9197876.197","LOWER_RIGHT_X":"444960.429","LOWER_RIGHT_Y":"9196874.197"},"geometry":{"type":"Polygon","coordinates":[[[-63.507664087213804,-7.256393578711265],[-63.498587500744051,-7.256403631884212],[-63.498597483911567,-7.265467240691318],[-63.507674252102042,-7.265457174831266],[-63.507664087213804,-7.256393578711265]]]}},
{"type":"Feature","properties":{"DESCRIPTION":"MDT_1450128.tif","FILENAME":"U:\\P589_AmazoniaRevelada_BR-319\\LiDAR_dataset\\ENTREGAS\\ENTREGA_02\\2_MDT\\GEOTIFF\\MDT_1450128.tif","SHRT_FNAME":"MDT_1450128.tif","UPPER_LEFT_X":"444958.524","UPPER_LEFT_Y":"9197876.197","LOWER_RIGHT_X":"445960.524","LOWER_RIGHT_Y":"9196874.197"},"geometry":{"type":"Polygon","coordinates":[[[-63.498604755325744,-7.256403612945192],[-63.489528156086038,-7.25641348511749],[-63.489537957877012,-7.265477106359383],[-63.498614738838704,-7.265467221728398],[-63.498604755325744,-7.256403612945192]]]}},
{"type":"Feature","properties":{"DESCRIPTION":"MDT_1450129.tif","FILENAME":"U:\\P589_AmazoniaRevelada_BR-319\\LiDAR_dataset\\ENTREGAS\\ENTREGA_02\\2_MDT\\GEOTIFF\\MDT_1450129.tif","SHRT_FNAME":"MDT_1450129.tif","UPPER_LEFT_X":"445958.619","UPPER_LEFT_Y":"9197876.197","LOWER_RIGHT_X":"446960.619","LOWER_RIGHT_Y":"9196874.197"},"geometry":{"type":"Polygon","coordinates":[[[-63.489545410691782,-7.256413466522556],[-63.480468798914146,-7.256423157692983],[-63.480478419327362,-7.265486791141668],[-63.489555212828222,-7.265477087740984],[-63.489545410691782,-7.256413466522556]]]}},
{"type":"Feature","properties":{"DESCRIPTION":"MDT_1450130.tif","FILENAME":"U:\\P589_AmazoniaRevelada_BR-319\\LiDAR_dataset\\ENTREGAS\\ENTREGA_02\\2_MDT\\GEOTIFF\\MDT_1450130.tif","SHRT_FNAME":"MDT_1450130.tif","UPPER_LEFT_X":"446958.714","UPPER_LEFT_Y":"9197876.197","LOWER_RIGHT_X":"447960.714","LOWER_RIGHT_Y":"9196874.197"},"geometry":{"type":"Polygon","coordinates":[[[-63.480486053543487,-7.256423139442133],[-63.471409429459911,-7.25643264960948],[-63.471418868494148,-7.265496295036969],[-63.480495674302162,-7.265486772867788],[-63.480486053543487,-7.256423139442133]]]}},
{"type":"Feature","properties":{"DESCRIPTION":"MDT_1450131.tif","FILENAME":"U:\\P589_AmazoniaRevelada_BR-319\\LiDAR_dataset\\ENTREGAS\\ENTREGA_02\\2_MDT\\GEOTIFF\\MDT_1450131.tif","SHRT_FNAME":"MDT_1450131.tif","UPPER_LEFT_X":"447958.810","UPPER_LEFT_Y":"9197876.197","LOWER_RIGHT_X":"448960.810","LOWER_RIGHT_Y":"9196874.197"},"geometry":{"type":"Polygon","coordinates":[[[-63.471426684112437,-7.256432631702719],[-63.462350047954914,-7.256441960865807],[-63.462359305608999,-7.265505618044103],[-63.471436123492147,-7.265496277107609],[-63.471426684112437,-7.256432631702719]]]}},
{"type":"Feature","properties":{"DESCRIPTION":"MDT_1450132.tif","FILENAME":"U:\\P589_AmazoniaRevelada_BR-319\\LiDAR_dataset\\ENTREGAS\\ENTREGA_02\\2_MDT\\GEOTIFF\\MDT_1450132.tif","SHRT_FNAME":"MDT_1450132.tif","UPPER_LEFT_X":"448958.905","UPPER_LEFT_Y":"9197876.197","LOWER_RIGHT_X":"449960.905","LOWER_RIGHT_Y":"9196874.197"},"geometry":{"type":"Polygon","coordinates":[[[-63.462367302630177,-7.256441943303132],[-63.453290654630727,-7.2564510914608],[-63.453299730903503,-7.265514760161914],[-63.462376560629721,-7.265505600459266],[-63.462367302630177,-7.256441943303132]]]}},
{"type":"Feature","properties":{"DESCRIPTION":"MDT_1450133.tif","FILENAME":"U:\\P589_AmazoniaRevelada_BR-319\\LiDAR_dataset\\ENTREGAS\\ENTREGA_02\\2_MDT\\GEOTIFF\\MDT_1450133.tif","SHRT_FNAME":"MDT_1450133.tif","UPPER_LEFT_X":"449959.000","UPPER_LEFT_Y":"9197876.197","LOWER_RIGHT_X":"450961.000","LOWER_RIGHT_Y":"9196874.197"},"geometry":{"type":"Polygon","coordinates":[[[-63.453307909328274,-7.25645107424222],[-63.444231249718911,-7.256460041393329],[-63.444240144609218,-7.265523721389262],[-63.453316985946515,-7.265514742921605],[-63.453307909328274,-7.25645107424222]]]}},
{"type":"Feature","properties":{"DESCRIPTION":"MDT_1450134.tif","FILENAME":"U:\\P589_AmazoniaRevelada_BR-319\\LiDAR_dataset\\ENTREGAS\\ENTREGA_02\\2_MDT\\GEOTIFF\\MDT_1450134.tif","SHRT_FNAME":"MDT_1450134.tif","UPPER_LEFT_X":"450959.095","UPPER_LEFT_Y":"9197876.197","LOWER_RIGHT_X":"451961.095","LOWER_RIGHT_Y":"9196874.197"},"geometry":{"type":"Polygon","coordinates":[[[-63.444248504438299,-7.256460024518844],[-63.435171833451022,-7.256468810662279],[-63.435180546957774,-7.265532501725034],[-63.444257399674086,-7.265523704493482],[-63.444248504438299,-7.256460024518844]]]}},
{"type":"Feature","properties":{"DESCRIPTION":"MDT_1450135.tif","FILENAME":"U:\\P589_AmazoniaRevelada_BR-319\\LiDAR_dataset\\ENTREGAS\\ENTREGA_02\\2_MDT\\GEOTIFF\\MDT_1450135.tif","SHRT_FNAME":"MDT_1450135.tif","UPPER_LEFT_X":"451959.190","UPPER_LEFT_Y":"9197876.197","LOWER_RIGHT_X":"452961.190","LOWER_RIGHT_Y":"9196874.197"},"geometry":{"type":"Polygon","coordinates":[[[-63.435189088191841,-7.256468794131886],[-63.426112406058664,-7.256477399266558],[-63.42612093818073,-7.26554110116814],[-63.435197802044051,-7.265532485173783],[-63.435189088191841,-7.256468794131886]]]}},
{"type":"Feature","properties":{"DESCRIPTION":"MDT_1450136.tif","FILENAME":"U:\\P589_AmazoniaRevelada_BR-319\\LiDAR_dataset\\ENTREGAS\\ENTREGA_02\\2_MDT\\GEOTIFF\\MDT_1450136.tif","SHRT_FNAME":"MDT_1450136.tif","UPPER_LEFT_X":"452959.286","UPPER_LEFT_Y":"9197876.197","LOWER_RIGHT_X":"453961.286","LOWER_RIGHT_Y":"9196874.197"},"geometry":{"type":"Polygon","coordinates":[[[-63.426129660820436,-7.25647738308027],[-63.417052967773373,-7.256485807205102],[-63.41706131850971,-7.265549519717507],[-63.42613819328799,-7.265541084961423],[-63.426129660820436,-7.25647738308027]]]}},
{"type":"Feature","properties":{"DESCRIPTION":"MDT_1450137.tif","FILENAME":"U:\\P589_AmazoniaRevelada_BR-319\\LiDAR_dataset\\ENTREGAS\\ENTREGA_02\\2_MDT\\GEOTIFF\\MDT_1450137.tif","SHRT_FNAME":"MDT_1450137.tif","UPPER_LEFT_X":"453959.381","UPPER_LEFT_Y":"9197876.197","LOWER_RIGHT_X":"454961.381","LOWER_RIGHT_Y":"9196874.197"},"geometry":{"type":"Polygon","coordinates":[[[-63.417070222555679,-7.256485791362911],[-63.407993518826736,-7.256494034476864],[-63.408001688176292,-7.26555775737209],[-63.41707857363749,-7.265549503855324],[-63.417070222555679,-7.256485791362911]]]}},
{"type":"Feature","properties":{"DESCRIPTION":"MDT_1450138.tif","FILENAME":"U:\\P589_AmazoniaRevelada_BR-319\\LiDAR_dataset\\ENTREGAS\\ENTREGA_02\\2_MDT\\GEOTIFF\\MDT_1450138.tif","SHRT_FNAME":"MDT_1450138.tif","UPPER_LEFT_X":"454959.476","UPPER_LEFT_Y":"9197876.197","LOWER_RIGHT_X":"455961.476","LOWER_RIGHT_Y":"9196874.197"},"geometry":{"type":"Polygon","coordinates":[[[-63.40801077362913,-7.256494018978773],[-63.398934059450355,-7.25650208108082],[-63.398942047412085,-7.265565814130865],[-63.408018943324159,-7.265557741854445],[-63.40801077362913,-7.256494018978773]]]}},
{"type":"Feature","properties":{"DESCRIPTION":"MDT_1450139.tif","FILENAME":"U:\\P589_AmazoniaRevelada_BR-319\\LiDAR_dataset\\ENTREGAS\\ENTREGA_02\\2_MDT\\GEOTIFF\\MDT_1450139.tif","SHRT_FNAME":"MDT_1450139.tif","UPPER_LEFT_X":"455959.571","UPPER_LEFT_Y":"9197876.197","LOWER_RIGHT_X":"456961.571","LOWER_RIGHT_Y":"9196874.197"},"geometry":{"type":"Polygon","coordinates":[[[-63.398951314272374,-7.256502065926833],[-63.38987458987576,-7.256509947015965],[-63.389882396448677,-7.265573689992833],[-63.398959302579598,-7.265565798957757],[-63.398951314272374,-7.256502065926833]]]}},
{"type":"Feature","properties":{"DESCRIPTION":"MDT_1450140.tif","FILENAME":"U:\\P589_AmazoniaRevelada_BR-319\\LiDAR_dataset\\ENTREGAS\\ENTREGA_02\\2_MDT\\GEOTIFF\\MDT_1450140.tif","SHRT_FNAME":"MDT_1450140.tif","UPPER_LEFT_X":"456959.666","UPPER_LEFT_Y":"9197876.197","LOWER_RIGHT_X":"457961.666","LOWER_RIGHT_Y":"9196874.197"},"geometry":{"type":"Polygon","coordinates":[[[-63.389891844716992,-7.256509932206087],[-63.380815110334552,-7.256517632281331],[-63.380822735517683,-7.265581384957009],[-63.389899651635396,-7.265573675164262],[-63.389891844716992,-7.256509932206087]]]}},
{"type":"Feature","properties":{"DESCRIPTION":"MDT_1450141.tif","FILENAME":"U:\\P589_AmazoniaRevelada_BR-319\\LiDAR_dataset\\ENTREGAS\\ENTREGA_02\\2_MDT\\GEOTIFF\\MDT_1450141.tif","SHRT_FNAME":"MDT_1450141.tif","UPPER_LEFT_X":"457959.762","UPPER_LEFT_Y":"9197876.197","LOWER_RIGHT_X":"458961.762","LOWER_RIGHT_Y":"9196874.197"},"geometry":{"type":"Polygon","coordinates":[[[-63.380832365194557,-7.256517617815559],[-63.371755621058306,-7.256525136875953],[-63.371763064850683,-7.265588899022439],[-63.380839990723167,-7.265581370472982],[-63.380832365194557,-7.256517617815559]]]}},
{"type":"Feature","properties":{"DESCRIPTION":"MDT_1450142.tif","FILENAME":"U:\\P589_AmazoniaRevelada_BR-319\\LiDAR_dataset\\ENTREGAS\\ENTREGA_02\\2_MDT\\GEOTIFF\\MDT_1450142.tif","SHRT_FNAME":"MDT_1450142.tif","UPPER_LEFT_X":"458959.857","UPPER_LEFT_Y":"9197876.197","LOWER_RIGHT_X":"459961.857","LOWER_RIGHT_Y":"9196874.197"},"geometry":{"type":"Polygon","coordinates":[[[-63.371772875936628,-7.256525122754294],[-63.362696122278614,-7.256532460798906],[-63.3627033846793,-7.265596232188188],[-63.371780320074492,-7.265588884882956],[-63.371772875936628,-7.256525122754294]]]}},
{"type":"Feature","properties":{"DESCRIPTION":"MDT_1450143.tif","FILENAME":"U:\\P589_AmazoniaRevelada_BR-319\\LiDAR_dataset\\ENTREGAS\\ENTREGA_02\\2_MDT\\GEOTIFF\\MDT_1450143.tif","SHRT_FNAME":"MDT_1450143.tif","UPPER_LEFT_X":"459959.952","UPPER_LEFT_Y":"9197876.197","LOWER_RIGHT_X":"460961.952","LOWER_RIGHT_Y":"9196874.197"},"geometry":{"type":"Polygon","coordinates":[[[-63.362713377174821,-7.256532447021355],[-63.353636614227042,-7.256539604049273],[-63.353643695235128,-7.265603384453345],[-63.36272063992098,-7.26559621839325],[-63.362713377174821,-7.256532447021355]]]}},
{"type":"Feature","properties":{"DESCRIPTION":"MDT_1450144.tif","FILENAME":"U:\\P589_AmazoniaRevelada_BR-319\\LiDAR_dataset\\ENTREGAS\\ENTREGA_02\\2_MDT\\GEOTIFF\\MDT_1450144.tif","SHRT_FNAME":"MDT_1450144.tif","UPPER_LEFT_X":"460960.047","UPPER_LEFT_Y":"9197876.197","LOWER_RIGHT_X":"461962.047","LOWER_RIGHT_Y":"9196874.197"},"geometry":{"type":"Polygon","coordinates":[[[-63.353653869140679,-7.256539590615836],[-63.344577097135179,-7.256546566626169],[-63.344583996749769,-7.265610355817021],[-63.353660950494245,-7.265603371002957],[-63.353653869140679,-7.256539590615836]]]}},
{"type":"Feature","properties":{"DESCRIPTION":"MDT_1450145.tif","FILENAME":"U:\\P589_AmazoniaRevelada_BR-319\\LiDAR_dataset\\ENTREGAS\\ENTREGA_02\\2_MDT\\GEOTIFF\\MDT_1450145.tif","SHRT_FNAME":"MDT_1450145.tif","UPPER_LEFT_X":"461960.142","UPPER_LEFT_Y":"9197876.197","LOWER_RIGHT_X":"462962.142","LOWER_RIGHT_Y":"9196874.197"},"geometry":{"type":"Polygon","coordinates":[[[-63.344594352065812,-7.256546553536849],[-63.335517571234604,-7.256553348528729],[-63.335524289454838,-7.265617146278347],[-63.344601252025896,-7.26561034271118],[-63.344594352065812,-7.256546553536849]]]}},
{"type":"Feature","properties":{"DESCRIPTION":"MDT_1450146.tif","FILENAME":"U:\\P589_AmazoniaRevelada_BR-319\\LiDAR_dataset\\ENTREGAS\\ENTREGA_02\\2_MDT\\GEOTIFF\\MDT_1450146.tif","SHRT_FNAME":"MDT_1450146.tif","UPPER_LEFT_X":"462960.238","UPPER_LEFT_Y":"9197876.197","LOWER_RIGHT_X":"463962.238","LOWER_RIGHT_Y":"9196874.197"},"geometry":{"type":"Polygon","coordinates":[[[-63.335534826181807,-7.256553335783525],[-63.326458036756911,-7.256559949756105],[-63.326464573581951,-7.265623755836481],[-63.335541544747528,-7.265617133517057],[-63.335534826181807,-7.256553335783525]]]}},
{"type":"Feature","properties":{"DESCRIPTION":"MDT_1450147.tif","FILENAME":"U:\\P589_AmazoniaRevelada_BR-319\\LiDAR_dataset\\ENTREGAS\\ENTREGA_02\\2_MDT\\GEOTIFF\\MDT_1450147.tif","SHRT_FNAME":"MDT_1450147.tif","UPPER_LEFT_X":"463960.333","UPPER_LEFT_Y":"9197876.197","LOWER_RIGHT_X":"464962.333","LOWER_RIGHT_Y":"9196874.197"},"geometry":{"type":"Polygon","coordinates":[[[-63.326475291720222,-7.256559937355019],[-63.317398493933673,-7.256566370307481],[-63.317404849362696,-7.2656301844906],[-63.326481828890749,-7.265623743419743],[-63.326475291720222,-7.256559937355019]]]}},
{"type":"Feature","properties":{"DESCRIPTION":"MDT_1454104.tif","FILENAME":"U:\\P589_AmazoniaRevelada_BR-319\\LiDAR_dataset\\ENTREGAS\\ENTREGA_02\\2_MDT\\GEOTIFF\\MDT_1454104.tif","SHRT_FNAME":"MDT_1454104.tif","UPPER_LEFT_X":"420956.239","UPPER_LEFT_Y":"9193876.696","LOWER_RIGHT_X":"421958.239","LOWER_RIGHT_Y":"9192874.696"},"geometry":{"type":"Polygon","coordinates":[[[-63.71608200279821,-7.292289001599403],[-63.707005047474269,-7.292303289009872],[-63.707019274332829,-7.301366534341112],[-63.716096412271924,-7.30135222898757],[-63.71608200279821,-7.292289001599403]]]}},
{"type":"Feature","properties":{"DESCRIPTION":"MDT_1454105.tif","FILENAME":"U:\\P589_AmazoniaRevelada_BR-319\\LiDAR_dataset\\ENTREGAS\\ENTREGA_02\\2_MDT\\GEOTIFF\\MDT_1454105.tif","SHRT_FNAME":"MDT_1454105.tif","UPPER_LEFT_X":"421956.334","UPPER_LEFT_Y":"9193876.696","LOWER_RIGHT_X":"422958.334","LOWER_RIGHT_Y":"9192874.696"},"geometry":{"type":"Polygon","coordinates":[[[-63.707022302762226,-7.292303262022413],[-63.697945329325684,-7.292317367555055],[-63.697959373914458,-7.301380630567059],[-63.707036529967944,-7.30136650731976],[-63.707022302762226,-7.292303262022413]]]}},
{"type":"Feature","properties":{"DESCRIPTION":"MDT_1454106.tif","FILENAME":"U:\\P589_AmazoniaRevelada_BR-319\\LiDAR_dataset\\ENTREGAS\\ENTREGA_02\\2_MDT\\GEOTIFF\\MDT_1454106.tif","SHRT_FNAME":"MDT_1454106.tif","UPPER_LEFT_X":"422956.430","UPPER_LEFT_Y":"9193876.696","LOWER_RIGHT_X":"423958.430","LOWER_RIGHT_Y":"9192874.696"},"geometry":{"type":"Polygon","coordinates":[[[-63.697962584647847,-7.292317340913343],[-63.68888559333076,-7.2923312645664],[-63.688899455647977,-7.301394545031188],[-63.697976629583785,-7.301380603891893],[-63.697962584647847,-7.292317340913343]]]}},
{"type":"Feature","properties":{"DESCRIPTION":"MDT_1454107.tif","FILENAME":"U:\\P589_AmazoniaRevelada_BR-319\\LiDAR_dataset\\ENTREGAS\\ENTREGA_02\\2_MDT\\GEOTIFF\\MDT_1454107.tif","SHRT_FNAME":"MDT_1454107.tif","UPPER_LEFT_X":"423956.525","UPPER_LEFT_Y":"9193876.696","LOWER_RIGHT_X":"424958.525","LOWER_RIGHT_Y":"9192874.696"},"geometry":{"type":"Polygon","coordinates":[[[-63.688902848686695,-7.292331238270445],[-63.679825839721097,-7.292344980042183],[-63.679839519765018,-7.301408277731775],[-63.688916711351077,-7.301394518702209],[-63.688902848686695,-7.292331238270445]]]}},
{"type":"Feature","properties":{"DESCRIPTION":"MDT_1454108.tif","FILENAME":"U:\\P589_AmazoniaRevelada_BR-319\\LiDAR_dataset\\ENTREGAS\\ENTREGA_02\\2_MDT\\GEOTIFF\\MDT_1454108.tif","SHRT_FNAME":"MDT_1454108.tif","UPPER_LEFT_X":"424956.620","UPPER_LEFT_Y":"9193876.696","LOWER_RIGHT_X":"425958.620","LOWER_RIGHT_Y":"9192874.696"},"geometry":{"type":"Polygon","coordinates":[[[-63.679843095110364,-7.292344954091988],[-63.670766068728312,-7.292358513980702],[-63.670779566497231,-7.301421828667107],[-63.679856775501456,-7.301408251748986],[-63.679843095110364,-7.292344954091988]]]}},
{"type":"Feature","properties":{"DESCRIPTION":"MDT_1454109.tif","FILENAME":"U:\\P589_AmazoniaRevelada_BR-319\\LiDAR_dataset\\ENTREGAS\\ENTREGA_02\\2_MDT\\GEOTIFF\\MDT_1454109.tif","SHRT_FNAME":"MDT_1454109.tif","UPPER_LEFT_X":"425956.715","UPPER_LEFT_Y":"9193876.696","LOWER_RIGHT_X":"426958.715","LOWER_RIGHT_Y":"9192874.696"},"geometry":{"type":"Polygon","coordinates":[[[-63.67078332415047,-7.292358488376265],[-63.661706280584021,-7.292371866380266],[-63.661719596076225,-7.301435197835501],[-63.670796822266553,-7.301421803030514],[-63.67078332415047,-7.292358488376265]]]}},
{"type":"Feature","properties":{"DESCRIPTION":"MDT_1454110.tif","FILENAME":"U:\\P589_AmazoniaRevelada_BR-319\\LiDAR_dataset\\ENTREGAS\\ENTREGA_02\\2_MDT\\GEOTIFF\\MDT_1454110.tif","SHRT_FNAME":"MDT_1454110.tif","UPPER_LEFT_X":"426956.810","UPPER_LEFT_Y":"9193876.696","LOWER_RIGHT_X":"427958.810","LOWER_RIGHT_Y":"9192874.696"},"geometry":{"type":"Polygon","coordinates":[[[-63.661723536038615,-7.292371841121597],[-63.652646475519823,-7.292385037239222],[-63.65265960873365,-7.301448385235298],[-63.66173685187799,-7.301435172545109],[-63.661723536038615,-7.292371841121597]]]}},
{"type":"Feature","properties":{"DESCRIPTION":"MDT_1454111.tif","FILENAME":"U:\\P589_AmazoniaRevelada_BR-319\\LiDAR_dataset\\ENTREGAS\\ENTREGA_02\\2_MDT\\GEOTIFF\\MDT_1454111.tif","SHRT_FNAME":"MDT_1454111.tif","UPPER_LEFT_X":"427956.906","UPPER_LEFT_Y":"9193876.696","LOWER_RIGHT_X":"428958.906","LOWER_RIGHT_Y":"9192874.696"},"geometry":{"type":"Polygon","coordinates":[[[-63.652663731006427,-7.292385012326321],[-63.643586653767358,-7.292398026555932],[-63.643599604701173,-7.301461390864851],[-63.652676864567439,-7.301448360291103],[-63.652663731006427,-7.292385012326321]]]}},
{"type":"Feature","properties":{"DESCRIPTION":"MDT_1454112.tif","FILENAME":"U:\\P589_AmazoniaRevelada_BR-319\\LiDAR_dataset\\ENTREGAS\\ENTREGA_02\\2_MDT\\GEOTIFF\\MDT_1454112.tif","SHRT_FNAME":"MDT_1454112.tif","UPPER_LEFT_X":"428957.001","UPPER_LEFT_Y":"9193876.696","LOWER_RIGHT_X":"429959.001","LOWER_RIGHT_Y":"9192874.696"},"geometry":{"type":"Polygon","coordinates":[[[-63.643603909285545,-7.292398001988798],[-63.634526815558246,-7.292410834328775],[-63.634539584210401,-7.301474214722547],[-63.643616860566517,-7.301461366266865],[-63.643603909285545,-7.292398001988798]]]}},
{"type":"Feature","properties":{"DESCRIPTION":"MDT_1454113.tif","FILENAME":"U:\\P589_AmazoniaRevelada_BR-319\\LiDAR_dataset\\ENTREGAS\\ENTREGA_02\\2_MDT\\GEOTIFF\\MDT_1454113.tif","SHRT_FNAME":"MDT_1454113.tif","UPPER_LEFT_X":"429957.096","UPPER_LEFT_Y":"9193876.696","LOWER_RIGHT_X":"430959.096","LOWER_RIGHT_Y":"9192874.696"},"geometry":{"type":"Polygon","coordinates":[[[-63.634544071107534,-7.292410810107413],[-63.625466961124097,-7.292423460556164],[-63.625479547492986,-7.301486856806794],[-63.634556840106868,-7.301474190470767],[-63.634544071107534,-7.292410810107413]]]}},
{"type":"Feature","properties":{"DESCRIPTION":"MDT_1454114.tif","FILENAME":"U:\\P589_AmazoniaRevelada_BR-319\\LiDAR_dataset\\ENTREGAS\\ENTREGA_02\\2_MDT\\GEOTIFF\\MDT_1454114.tif","SHRT_FNAME":"MDT_1454114.tif","UPPER_LEFT_X":"430957.191","UPPER_LEFT_Y":"9193876.696","LOWER_RIGHT_X":"431959.191","LOWER_RIGHT_Y":"9192874.696"},"geometry":{"type":"Polygon","coordinates":[[[-63.625484216704066,-7.292423436680578],[-63.616407090696534,-7.292435905236527],[-63.616419494780587,-7.301499317116014],[-63.625496803420134,-7.301486832901225],[-63.625484216704066,-7.292423436680578]]]}},
{"type":"Feature","properties":{"DESCRIPTION":"MDT_1454115.tif","FILENAME":"U:\\P589_AmazoniaRevelada_BR-319\\LiDAR_dataset\\ENTREGAS\\ENTREGA_02\\2_MDT\\GEOTIFF\\MDT_1454115.tif","SHRT_FNAME":"MDT_1454115.tif","UPPER_LEFT_X":"431957.286","UPPER_LEFT_Y":"9193876.696","LOWER_RIGHT_X":"432959.286","LOWER_RIGHT_Y":"9192874.696"},"geometry":{"type":"Polygon","coordinates":[[[-63.616424346306751,-7.292435881706722],[-63.607347204507192,-7.292448168368314],[-63.607359426304832,-7.301511595648662],[-63.616436750737989,-7.301499293556658],[-63.616424346306751,-7.292435881706722]]]}},
{"type":"Feature","properties":{"DESCRIPTION":"MDT_1454116.tif","FILENAME":"U:\\P589_AmazoniaRevelada_BR-319\\LiDAR_dataset\\ENTREGAS\\ENTREGA_02\\2_MDT\\GEOTIFF\\MDT_1454116.tif","SHRT_FNAME":"MDT_1454116.tif","UPPER_LEFT_X":"432957.382","UPPER_LEFT_Y":"9193876.696","LOWER_RIGHT_X":"433959.382","LOWER_RIGHT_Y":"9192874.696"},"geometry":{"type":"Polygon","coordinates":[[[-63.607364460147203,-7.292448145184291],[-63.598287302787682,-7.292460249950005],[-63.598299342297409,-7.301523692403208],[-63.607376682292049,-7.301511572435521],[-63.607364460147203,-7.292448145184291]]]}},
{"type":"Feature","properties":{"DESCRIPTION":"MDT_1454117.tif","FILENAME":"U:\\P589_AmazoniaRevelada_BR-319\\LiDAR_dataset\\ENTREGAS\\ENTREGA_02\\2_MDT\\GEOTIFF\\MDT_1454117.tif","SHRT_FNAME":"MDT_1454117.tif","UPPER_LEFT_X":"433957.477","UPPER_LEFT_Y":"9193876.696","LOWER_RIGHT_X":"434959.477","LOWER_RIGHT_Y":"9192874.696"},"geometry":{"type":"Polygon","coordinates":[[[-63.598304558457059,-7.292460227111766],[-63.589227385769668,-7.292472149980096],[-63.589239242989947,-7.301535607378153],[-63.598316598313971,-7.301523669536289],[-63.598304558457059,-7.292460227111766]]]}},
{"type":"Feature","properties":{"DESCRIPTION":"MDT_1454118.tif","FILENAME":"U:\\P589_AmazoniaRevelada_BR-319\\LiDAR_dataset\\ENTREGAS\\ENTREGA_02\\2_MDT\\GEOTIFF\\MDT_1454118.tif","SHRT_FNAME":"MDT_1454118.tif","UPPER_LEFT_X":"434957.572","UPPER_LEFT_Y":"9193876.696","LOWER_RIGHT_X":"435959.572","LOWER_RIGHT_Y":"9192874.696"},"geometry":{"type":"Polygon","coordinates":[[[-63.589244641467957,-7.292472127487646],[-63.580167453684737,-7.292483868457109],[-63.580179128614098,-7.301547340572009],[-63.589256499035429,-7.301535584857455],[-63.589244641467957,-7.292472127487646]]]}},
{"type":"Feature","properties":{"DESCRIPTION":"MDT_1454119.tif","FILENAME":"U:\\P589_AmazoniaRevelada_BR-319\\LiDAR_dataset\\ENTREGAS\\ENTREGA_02\\2_MDT\\GEOTIFF\\MDT_1454119.tif","SHRT_FNAME":"MDT_1454119.tif","UPPER_LEFT_X":"435957.667","UPPER_LEFT_Y":"9193876.696","LOWER_RIGHT_X":"436959.667","LOWER_RIGHT_Y":"9192874.696"},"geometry":{"type":"Polygon","coordinates":[[[-63.580184709411519,-7.292483846310446],[-63.571107506764577,-7.292495405379579],[-63.57111899940152,-7.301558891983321],[-63.580196384688065,-7.301547318397538],[-63.580184709411519,-7.292483846310446]]]}},
{"type":"Feature","properties":{"DESCRIPTION":"MDT_1454120.tif","FILENAME":"U:\\P589_AmazoniaRevelada_BR-319\\LiDAR_dataset\\ENTREGAS\\ENTREGA_02\\2_MDT\\GEOTIFF\\MDT_1454120.tif","SHRT_FNAME":"MDT_1454120.tif","UPPER_LEFT_X":"436957.762","UPPER_LEFT_Y":"9193876.696","LOWER_RIGHT_X":"437959.762","LOWER_RIGHT_Y":"9192874.696"},"geometry":{"type":"Polygon","coordinates":[[[-63.571124762519382,-7.292495383578715],[-63.56204754524078,-7.292506760746079],[-63.562058855583892,-7.301570261610654],[-63.571136255503525,-7.301558870155078],[-63.571124762519382,-7.292495383578715]]]}},
{"type":"Feature","properties":{"DESCRIPTION":"MDT_1454121.tif","FILENAME":"U:\\P589_AmazoniaRevelada_BR-319\\LiDAR_dataset\\ENTREGAS\\ENTREGA_02\\2_MDT\\GEOTIFF\\MDT_1454121.tif","SHRT_FNAME":"MDT_1454121.tif","UPPER_LEFT_X":"437957.858","UPPER_LEFT_Y":"9193876.696","LOWER_RIGHT_X":"438959.858","LOWER_RIGHT_Y":"9192874.696"},"geometry":{"type":"Polygon","coordinates":[[[-63.562064801023176,-7.292506739291009],[-63.552987569344992,-7.292517934555197],[-63.552998697392844,-7.30158144945259],[-63.562076111713488,-7.30157024012864],[-63.562064801023176,-7.292506739291009]]]}},
{"type":"Feature","properties":{"DESCRIPTION":"MDT_1454122.tif","FILENAME":"U:\\P589_AmazoniaRevelada_BR-319\\LiDAR_dataset\\ENTREGAS\\ENTREGA_02\\2_MDT\\GEOTIFF\\MDT_1454122.tif","SHRT_FNAME":"MDT_1454122.tif","UPPER_LEFT_X":"438957.953","UPPER_LEFT_Y":"9193876.696","LOWER_RIGHT_X":"439959.953","LOWER_RIGHT_Y":"9192874.696"},"geometry":{"type":"Polygon","coordinates":[[[-63.553004825154559,-7.292517913445928],[-63.543927579308871,-7.292528926805543],[-63.543938525060064,-7.301592455507739],[-63.553015953549611,-7.301581428316807],[-63.553004825154559,-7.292517913445928]]]}},
{"type":"Feature","properties":{"DESCRIPTION":"MDT_1454123.tif","FILENAME":"U:\\P589_AmazoniaRevelada_BR-319\\LiDAR_dataset\\ENTREGAS\\ENTREGA_02\\2_MDT\\GEOTIFF\\MDT_1454123.tif","SHRT_FNAME":"MDT_1454123.tif","UPPER_LEFT_X":"439958.048","UPPER_LEFT_Y":"9193876.696","LOWER_RIGHT_X":"440960.048","LOWER_RIGHT_Y":"9192874.696"},"geometry":{"type":"Polygon","coordinates":[[[-63.54394483514514,-7.292528906042073],[-63.534867575364061,-7.292539737495746],[-63.534878338817208,-7.301603279774733],[-63.543955781243532,-7.301592434718194],[-63.54394483514514,-7.292528906042073]]]}},
{"type":"Feature","properties":{"DESCRIPTION":"MDT_1454124.tif","FILENAME":"U:\\P589_AmazoniaRevelada_BR-319\\LiDAR_dataset\\ENTREGAS\\ENTREGA_02\\2_MDT\\GEOTIFF\\MDT_1454124.tif","SHRT_FNAME":"MDT_1454124.tif","UPPER_LEFT_X":"440958.143","UPPER_LEFT_Y":"9193876.696","LOWER_RIGHT_X":"441960.143","LOWER_RIGHT_Y":"9192874.696"},"geometry":{"type":"Polygon","coordinates":[[[-63.534884831226599,-7.292539717078079],[-63.525807557742176,-7.292550366624464],[-63.52581813889595,-7.301613922252229],[-63.53489559502696,-7.301603259331426],[-63.534884831226599,-7.292539717078079]]]}},
{"type":"Feature","properties":{"DESCRIPTION":"MDT_1454125.tif","FILENAME":"U:\\P589_AmazoniaRevelada_BR-319\\LiDAR_dataset\\ENTREGAS\\ENTREGA_02\\2_MDT\\GEOTIFF\\MDT_1454125.tif","SHRT_FNAME":"MDT_1454125.tif","UPPER_LEFT_X":"441958.238","UPPER_LEFT_Y":"9193876.696","LOWER_RIGHT_X":"442960.238","LOWER_RIGHT_Y":"9192874.696"},"geometry":{"type":"Polygon","coordinates":[[[-63.52582481363055,-7.292550346552606],[-63.516747526674884,-7.292560814190379],[-63.516757925527948,-7.301624382938899],[-63.52583539513153,-7.301613902155163],[-63.52582481363055,-7.292550346552606]]]}},
{"type":"Feature","properties":{"DESCRIPTION":"MDT_1454126.tif","FILENAME":"U:\\P589_AmazoniaRevelada_BR-319\\LiDAR_dataset\\ENTREGAS\\ENTREGA_02\\2_MDT\\GEOTIFF\\MDT_1454126.tif","SHRT_FNAME":"MDT_1454126.tif","UPPER_LEFT_X":"442958.334","UPPER_LEFT_Y":"9193876.696","LOWER_RIGHT_X":"443960.334","LOWER_RIGHT_Y":"9192874.696"},"geometry":{"type":"Polygon","coordinates":[[[-63.516764782588645,-7.292560794464329],[-63.507687482393834,-7.292571080192186],[-63.507697698944867,-7.301634661833442],[-63.516775181788901,-7.301624363188074],[-63.516764782588645,-7.292560794464329]]]}},
{"type":"Feature","properties":{"DESCRIPTION":"MDT_1454127.tif","FILENAME":"U:\\P589_AmazoniaRevelada_BR-319\\LiDAR_dataset\\ENTREGAS\\ENTREGA_02\\2_MDT\\GEOTIFF\\MDT_1454127.tif","SHRT_FNAME":"MDT_1454127.tif","UPPER_LEFT_X":"443958.429","UPPER_LEFT_Y":"9193876.696","LOWER_RIGHT_X":"444960.429","LOWER_RIGHT_Y":"9192874.696"},"geometry":{"type":"Polygon","coordinates":[[[-63.507704738332535,-7.292571060811948],[-63.498627425130671,-7.292581164628611],[-63.498637459378386,-7.301644758934583],[-63.507714955230782,-7.301634642428865],[-63.507704738332535,-7.292571060811948]]]}},
{"type":"Feature","properties":{"DESCRIPTION":"MDT_1454128.tif","FILENAME":"U:\\P589_AmazoniaRevelada_BR-319\\LiDAR_dataset\\ENTREGAS\\ENTREGA_02\\2_MDT\\GEOTIFF\\MDT_1454128.tif","SHRT_FNAME":"MDT_1454128.tif","UPPER_LEFT_X":"444958.524","UPPER_LEFT_Y":"9193876.696","LOWER_RIGHT_X":"445960.524","LOWER_RIGHT_Y":"9192874.696"},"geometry":{"type":"Polygon","coordinates":[[[-63.498644681093879,-7.292581145594186],[-63.489567355117032,-7.292591067498402],[-63.489577207060194,-7.301654674241067],[-63.498654715688822,-7.301644739876255],[-63.498644681093879,-7.292581145594186]]]}},
{"type":"Feature","properties":{"DESCRIPTION":"MDT_1454129.tif","FILENAME":"U:\\P589_AmazoniaRevelada_BR-319\\LiDAR_dataset\\ENTREGAS\\ENTREGA_02\\2_MDT\\GEOTIFF\\MDT_1454129.tif","SHRT_FNAME":"MDT_1454129.tif","UPPER_LEFT_X":"445958.619","UPPER_LEFT_Y":"9193876.696","LOWER_RIGHT_X":"446960.619","LOWER_RIGHT_Y":"9192874.696"},"geometry":{"type":"Polygon","coordinates":[[[-63.489584611104299,-7.292591048809796],[-63.480507272584582,-7.292600788800328],[-63.480516942221946,-7.301664407751656],[-63.489594463394688,-7.301654655528988],[-63.489584611104299,-7.292591048809796]]]}},
{"type":"Feature","properties":{"DESCRIPTION":"MDT_1454130.tif","FILENAME":"U:\\P589_AmazoniaRevelada_BR-319\\LiDAR_dataset\\ENTREGAS\\ENTREGA_02\\2_MDT\\GEOTIFF\\MDT_1454130.tif","SHRT_FNAME":"MDT_1454130.tif","UPPER_LEFT_X":"446958.714","UPPER_LEFT_Y":"9193876.696","LOWER_RIGHT_X":"447960.714","LOWER_RIGHT_Y":"9192874.696"},"geometry":{"type":"Polygon","coordinates":[[[-63.480524528595488,-7.292600770457538],[-63.471447177764986,-7.292610328533173],[-63.471456665095332,-7.301673959465145],[-63.480534198580067,-7.301664389385831],[-63.480524528595488,-7.292600770457538]]]}},
{"type":"Feature","properties":{"DESCRIPTION":"MDT_1454131.tif","FILENAME":"U:\\P589_AmazoniaRevelada_BR-319\\LiDAR_dataset\\ENTREGAS\\ENTREGA_02\\2_MDT\\GEOTIFF\\MDT_1454131.tif","SHRT_FNAME":"MDT_1454131.tif","UPPER_LEFT_X":"447958.810","UPPER_LEFT_Y":"9193876.696","LOWER_RIGHT_X":"448960.810","LOWER_RIGHT_Y":"9192874.696"},"geometry":{"type":"Polygon","coordinates":[[[-63.471464433799056,-7.292610310536203],[-63.462387070889875,-7.292619686695759],[-63.462396375912014,-7.301683329380344],[-63.47147392147663,-7.301673941445574],[-63.471464433799056,-7.292610310536203]]]}},
{"type":"Feature","properties":{"DESCRIPTION":"MDT_1454132.tif","FILENAME":"U:\\P589_AmazoniaRevelada_BR-319\\LiDAR_dataset\\ENTREGAS\\ENTREGA_02\\2_MDT\\GEOTIFF\\MDT_1454132.tif","SHRT_FNAME":"MDT_1454132.tif","UPPER_LEFT_X":"448958.905","UPPER_LEFT_Y":"9193876.696","LOWER_RIGHT_X":"449960.905","LOWER_RIGHT_Y":"9192874.696"},"geometry":{"type":"Polygon","coordinates":[[[-63.462404326946697,-7.292619669044611],[-63.45332695219092,-7.292628863286916],[-63.453336074903689,-7.301692517496086],[-63.462413632316057,-7.301683311707031],[-63.462404326946697,-7.292619669044611]]]}},
{"type":"Feature","properties":{"DESCRIPTION":"MDT_1454133.tif","FILENAME":"U:\\P589_AmazoniaRevelada_BR-319\\LiDAR_dataset\\ENTREGAS\\ENTREGA_02\\2_MDT\\GEOTIFF\\MDT_1454133.tif","SHRT_FNAME":"MDT_1454133.tif","UPPER_LEFT_X":"449959.000","UPPER_LEFT_Y":"9193876.696","LOWER_RIGHT_X":"450961.000","LOWER_RIGHT_Y":"9192874.696"},"geometry":{"type":"Polygon","coordinates":[[[-63.453344208270039,-7.292628845981597],[-63.444266821899774,-7.292637858305508],[-63.44427576230202,-7.30170152381123],[-63.453353331330035,-7.301692500169035],[-63.453344208270039,-7.292628845981597]]]}},
{"type":"Feature","properties":{"DESCRIPTION":"MDT_1454134.tif","FILENAME":"U:\\P589_AmazoniaRevelada_BR-319\\LiDAR_dataset\\ENTREGAS\\ENTREGA_02\\2_MDT\\GEOTIFF\\MDT_1454134.tif","SHRT_FNAME":"MDT_1454134.tif","UPPER_LEFT_X":"450959.095","UPPER_LEFT_Y":"9193876.696","LOWER_RIGHT_X":"451961.095","LOWER_RIGHT_Y":"9192874.696"},"geometry":{"type":"Polygon","coordinates":[[[-63.444284078000756,-7.292637841346018],[-63.435206680248115,-7.292646671750414],[-63.435215438338709,-7.30171034832466],[-63.444293018750237,-7.301701506830441],[-63.444284078000756,-7.292637841346018]]]}},
{"type":"Feature","properties":{"DESCRIPTION":"MDT_1454135.tif","FILENAME":"U:\\P589_AmazoniaRevelada_BR-319\\LiDAR_dataset\\ENTREGAS\\ENTREGA_02\\2_MDT\\GEOTIFF\\MDT_1454135.tif","SHRT_FNAME":"MDT_1454135.tif","UPPER_LEFT_X":"451959.190","UPPER_LEFT_Y":"9193876.696","LOWER_RIGHT_X":"452961.190","LOWER_RIGHT_Y":"9192874.696"},"geometry":{"type":"Polygon","coordinates":[[[-63.435223936370505,-7.29264665513675],[-63.42614652746758,-7.292655303620538],[-63.426155103245435,-7.30171899103527],[-63.435232694808342,-7.301710331690131],[-63.435223936370505,-7.29264665513675]]]}},
{"type":"Feature","properties":{"DESCRIPTION":"MDT_1454136.tif","FILENAME":"U:\\P589_AmazoniaRevelada_BR-319\\LiDAR_dataset\\ENTREGAS\\ENTREGA_02\\2_MDT\\GEOTIFF\\MDT_1454136.tif","SHRT_FNAME":"MDT_1454136.tif","UPPER_LEFT_X":"452959.286","UPPER_LEFT_Y":"9193876.696","LOWER_RIGHT_X":"453961.286","LOWER_RIGHT_Y":"9192874.696"},"geometry":{"type":"Polygon","coordinates":[[[-63.426163783610946,-7.292655287352709],[-63.417086363789849,-7.29266375391481],[-63.417094757253885,-7.301727451941993],[-63.426172359736043,-7.301718974747009],[-63.426163783610946,-7.292655287352709]]]}},
{"type":"Feature","properties":{"DESCRIPTION":"MDT_1454137.tif","FILENAME":"U:\\P589_AmazoniaRevelada_BR-319\\LiDAR_dataset\\ENTREGAS\\ENTREGA_02\\2_MDT\\GEOTIFF\\MDT_1454137.tif","SHRT_FNAME":"MDT_1454137.tif","UPPER_LEFT_X":"453959.381","UPPER_LEFT_Y":"9193876.696","LOWER_RIGHT_X":"454961.381","LOWER_RIGHT_Y":"9192874.696"},"geometry":{"type":"Polygon","coordinates":[[[-63.41710361995375,-7.292663737992809],[-63.408026189446581,-7.292672022632171],[-63.408034400595731,-7.301735731043775],[-63.417112013765028,-7.301727436],[-63.41710361995375,-7.292663737992809]]]}},
{"type":"Feature","properties":{"DESCRIPTION":"MDT_1454138.tif","FILENAME":"U:\\P589_AmazoniaRevelada_BR-319\\LiDAR_dataset\\ENTREGAS\\ENTREGA_02\\2_MDT\\GEOTIFF\\MDT_1454138.tif","SHRT_FNAME":"MDT_1454138.tif","UPPER_LEFT_X":"454959.476","UPPER_LEFT_Y":"9193876.696","LOWER_RIGHT_X":"455961.476","LOWER_RIGHT_Y":"9192874.696"},"geometry":{"type":"Polygon","coordinates":[[[-63.408043445630582,-7.292672007056009],[-63.398966004669433,-7.292680109771601],[-63.398974033502689,-7.301743828339581],[-63.408051657126975,-7.301735715448049],[-63.408043445630582,-7.292672007056009]]]}},
{"type":"Feature","properties":{"DESCRIPTION":"MDT_1454139.tif","FILENAME":"U:\\P589_AmazoniaRevelada_BR-319\\LiDAR_dataset\\ENTREGAS\\ENTREGA_02\\2_MDT\\GEOTIFF\\MDT_1454139.tif","SHRT_FNAME":"MDT_1454139.tif","UPPER_LEFT_X":"455959.571","UPPER_LEFT_Y":"9193876.696","LOWER_RIGHT_X":"456961.571","LOWER_RIGHT_Y":"9192874.696"},"geometry":{"type":"Polygon","coordinates":[[[-63.398983260873088,-7.292680094541278],[-63.389905809690084,-7.29268801533209],[-63.389913656206431,-7.30175174382841],[-63.39899129005358,-7.301743813090129],[-63.398983260873088,-7.292680094541278]]]}},
{"type":"Feature","properties":{"DESCRIPTION":"MDT_1454140.tif","FILENAME":"U:\\P589_AmazoniaRevelada_BR-319\\LiDAR_dataset\\ENTREGAS\\ENTREGA_02\\2_MDT\\GEOTIFF\\MDT_1454140.tif","SHRT_FNAME":"MDT_1454140.tif","UPPER_LEFT_X":"456959.666","UPPER_LEFT_Y":"9193876.696","LOWER_RIGHT_X":"457961.666","LOWER_RIGHT_Y":"9192874.696"},"geometry":{"type":"Polygon","coordinates":[[[-63.389923065912953,-7.292688000447605],[-63.380845604740209,-7.292695739312657],[-63.380853268938651,-7.301759477509279],[-63.389930912776542,-7.301751728925232],[-63.389923065912953,-7.292688000447605]]]}},
{"type":"Feature","properties":{"DESCRIPTION":"MDT_1454141.tif","FILENAME":"U:\\P589_AmazoniaRevelada_BR-319\\LiDAR_dataset\\ENTREGAS\\ENTREGA_02\\2_MDT\\GEOTIFF\\MDT_1454141.tif","SHRT_FNAME":"MDT_1454141.tif","UPPER_LEFT_X":"457959.762","UPPER_LEFT_Y":"9193876.696","LOWER_RIGHT_X":"458961.762","LOWER_RIGHT_Y":"9192874.696"},"geometry":{"type":"Polygon","coordinates":[[[-63.380862860981843,-7.292695724774013],[-63.371785390051457,-7.292703281712339],[-63.371792871931042,-7.301767029381218],[-63.38087052552752,-7.301759462952375],[-63.380862860981843,-7.292695724774013]]]}},
{"type":"Feature","properties":{"DESCRIPTION":"MDT_1454142.tif","FILENAME":"U:\\P589_AmazoniaRevelada_BR-319\\LiDAR_dataset\\ENTREGAS\\ENTREGA_02\\2_MDT\\GEOTIFF\\MDT_1454142.tif","SHRT_FNAME":"MDT_1454142.tif","UPPER_LEFT_X":"458959.857","UPPER_LEFT_Y":"9193876.696","LOWER_RIGHT_X":"459961.857","LOWER_RIGHT_Y":"9192874.696"},"geometry":{"type":"Polygon","coordinates":[[[-63.371802646311423,-7.292703267519538],[-63.362725165855522,-7.2927106425302],[-63.362732465415291,-7.301774399443298],[-63.371810128538243,-7.301767015170595],[-63.371802646311423,-7.292703267519538]]]}},
{"type":"Feature","properties":{"DESCRIPTION":"MDT_1454143.tif","FILENAME":"U:\\P589_AmazoniaRevelada_BR-319\\LiDAR_dataset\\ENTREGAS\\ENTREGA_02\\2_MDT\\GEOTIFF\\MDT_1454143.tif","SHRT_FNAME":"MDT_1454143.tif","UPPER_LEFT_X":"459959.952","UPPER_LEFT_Y":"9193876.696","LOWER_RIGHT_X":"460961.952","LOWER_RIGHT_Y":"9192874.696"},"geometry":{"type":"Polygon","coordinates":[[[-63.362742422133365,-7.292710628683247],[-63.353664932384056,-7.292717821765327],[-63.353672049623107,-7.301781587694597],[-63.362749722040398,-7.30177438557895],[-63.362742422133365,-7.292710628683247]]]}},
{"type":"Feature","properties":{"DESCRIPTION":"MDT_1454144.tif","FILENAME":"U:\\P589_AmazoniaRevelada_BR-319\\LiDAR_dataset\\ENTREGAS\\ENTREGA_02\\2_MDT\\GEOTIFF\\MDT_1454144.tif","SHRT_FNAME":"MDT_1454144.tif","UPPER_LEFT_X":"460960.047","UPPER_LEFT_Y":"9193876.696","LOWER_RIGHT_X":"461962.047","LOWER_RIGHT_Y":"9192874.696"},"geometry":{"type":"Polygon","coordinates":[[[-63.353682188679343,-7.292717808264217],[-63.344604689868738,-7.292724819416822],[-63.344611624786182,-7.301788594134218],[-63.353689306265657,-7.301781574176532],[-63.353682188679343,-7.292717808264217]]]}},
{"type":"Feature","properties":{"DESCRIPTION":"MDT_1454145.tif","FILENAME":"U:\\P589_AmazoniaRevelada_BR-319\\LiDAR_dataset\\ENTREGAS\\ENTREGA_02\\2_MDT\\GEOTIFF\\MDT_1454145.tif","SHRT_FNAME":"MDT_1454145.tif","UPPER_LEFT_X":"461960.142","UPPER_LEFT_Y":"9193876.696","LOWER_RIGHT_X":"462962.142","LOWER_RIGHT_Y":"9192874.696"},"geometry":{"type":"Polygon","coordinates":[[[-63.344621946181043,-7.292724806261561],[-63.335544438541255,-7.292731635483818],[-63.335551191136219,-7.301795418761295],[-63.344628881445743,-7.301788580962436],[-63.344621946181043,-7.292724806261561]]]}},
{"type":"Feature","properties":{"DESCRIPTION":"MDT_1454146.tif","FILENAME":"U:\\P589_AmazoniaRevelada_BR-319\\LiDAR_dataset\\ENTREGAS\\ENTREGA_02\\2_MDT\\GEOTIFF\\MDT_1454146.tif","SHRT_FNAME":"MDT_1454146.tif","UPPER_LEFT_X":"462960.238","UPPER_LEFT_Y":"9193876.696","LOWER_RIGHT_X":"463962.238","LOWER_RIGHT_Y":"9192874.696"},"geometry":{"type":"Polygon","coordinates":[[[-63.335561694870115,-7.29273162267441],[-63.326484178633279,-7.292738269965469],[-63.326490748904902,-7.30180206157498],[-63.335568447812342,-7.301795405935798],[-63.335561694870115,-7.29273162267441]]]}},
{"type":"Feature","properties":{"DESCRIPTION":"MDT_1454147.tif","FILENAME":"U:\\P589_AmazoniaRevelada_BR-319\\LiDAR_dataset\\ENTREGAS\\ENTREGA_02\\2_MDT\\GEOTIFF\\MDT_1454147.tif","SHRT_FNAME":"MDT_1454147.tif","UPPER_LEFT_X":"463960.333","UPPER_LEFT_Y":"9193876.696","LOWER_RIGHT_X":"464962.333","LOWER_RIGHT_Y":"9192874.696"},"geometry":{"type":"Polygon","coordinates":[[[-63.326501434978255,-7.292738257501908],[-63.317423910376469,-7.292744722860943],[-63.317430298323949,-7.301808522574445],[-63.326508005597141,-7.301802049095769],[-63.326501434978255,-7.292738257501908]]]}},
{"type":"Feature","properties":{"DESCRIPTION":"MDT_1455104.tif","FILENAME":"U:\\P589_AmazoniaRevelada_BR-319\\LiDAR_dataset\\ENTREGAS\\ENTREGA_02\\2_MDT\\GEOTIFF\\MDT_1455104.tif","SHRT_FNAME":"MDT_1455104.tif","UPPER_LEFT_X":"420956.239","UPPER_LEFT_Y":"9192876.821","LOWER_RIGHT_X":"421958.239","LOWER_RIGHT_Y":"9191874.821"},"geometry":{"type":"Polygon","coordinates":[[[-63.716096381695891,-7.301333009596348],[-63.707019244144291,-7.30134731491184],[-63.707033489113044,-7.310410556593348],[-63.716110809512237,-7.310396233334094],[-63.716096381695891,-7.301333009596348]]]}},
{"type":"Feature","properties":{"DESCRIPTION":"MDT_1455105.tif","FILENAME":"U:\\P589_AmazoniaRevelada_BR-319\\LiDAR_dataset\\ENTREGAS\\ENTREGA_02\\2_MDT\\GEOTIFF\\MDT_1455105.tif","SHRT_FNAME":"MDT_1455105.tif","UPPER_LEFT_X":"421956.334","UPPER_LEFT_Y":"9192876.821","LOWER_RIGHT_X":"422958.334","LOWER_RIGHT_Y":"9191874.821"},"geometry":{"type":"Polygon","coordinates":[[[-63.707036499778667,-7.30134728789056],[-63.697959344112675,-7.301361411100292],[-63.697973406579628,-7.310424670463246],[-63.707050745095003,-7.310410529538173],[-63.707036499778667,-7.30134728789056]]]}},
{"type":"Feature","properties":{"DESCRIPTION":"MDT_1455106.tif","FILENAME":"U:\\P589_AmazoniaRevelada_BR-319\\LiDAR_dataset\\ENTREGAS\\ENTREGA_02\\2_MDT\\GEOTIFF\\MDT_1455106.tif","SHRT_FNAME":"MDT_1455106.tif","UPPER_LEFT_X":"422956.430","UPPER_LEFT_Y":"9192876.821","LOWER_RIGHT_X":"423958.430","LOWER_RIGHT_Y":"9191874.821"},"geometry":{"type":"Polygon","coordinates":[[[-63.697976599781263,-7.301361384425196],[-63.688899426232972,-7.301375325527412],[-63.688913306196334,-7.310438602343826],[-63.697990662595807,-7.310424643754692],[-63.697976599781263,-7.301361384425196]]]}},
{"type":"Feature","properties":{"DESCRIPTION":"MDT_1455107.tif","FILENAME":"U:\\P589_AmazoniaRevelada_BR-319\\LiDAR_dataset\\ENTREGAS\\ENTREGA_02\\2_MDT\\GEOTIFF\\MDT_1455107.tif","SHRT_FNAME":"MDT_1455107.tif","UPPER_LEFT_X":"423956.525","UPPER_LEFT_Y":"9192876.821","LOWER_RIGHT_X":"424958.525","LOWER_RIGHT_Y":"9191874.821"},"geometry":{"type":"Polygon","coordinates":[[[-63.688916681935318,-7.301375299198505],[-63.679839490736782,-7.301389058191473],[-63.679853188194834,-7.310452352233348],[-63.688930562246291,-7.310438575981888],[-63.688916681935318,-7.301375299198505]]]}},
{"type":"Feature","properties":{"DESCRIPTION":"MDT_1455108.tif","FILENAME":"U:\\P589_AmazoniaRevelada_BR-319\\LiDAR_dataset\\ENTREGAS\\ENTREGA_02\\2_MDT\\GEOTIFF\\MDT_1455108.tif","SHRT_FNAME":"MDT_1455108.tif","UPPER_LEFT_X":"424956.620","UPPER_LEFT_Y":"9192876.821","LOWER_RIGHT_X":"425958.620","LOWER_RIGHT_Y":"9191874.821"},"geometry":{"type":"Polygon","coordinates":[[[-63.679856746472481,-7.301389032208755],[-63.670779537855765,-7.301402609090759],[-63.670793052806779,-7.310465920130104],[-63.679870444278123,-7.310452326218037],[-63.679856746472481,-7.301389032208755]]]}},
{"type":"Feature","properties":{"DESCRIPTION":"MDT_1455109.tif","FILENAME":"U:\\P589_AmazoniaRevelada_BR-319\\LiDAR_dataset\\ENTREGAS\\ENTREGA_02\\2_MDT\\GEOTIFF\\MDT_1455109.tif","SHRT_FNAME":"MDT_1455109.tif","UPPER_LEFT_X":"425956.715","UPPER_LEFT_Y":"9192876.821","LOWER_RIGHT_X":"426958.715","LOWER_RIGHT_Y":"9191874.821"},"geometry":{"type":"Polygon","coordinates":[[[-63.670796793624348,-7.301402583454235],[-63.661719567821542,-7.301415978223593],[-63.661732900263814,-7.310479306032414],[-63.670810308922967,-7.310465894461425],[-63.670796793624348,-7.301402583454235]]]}},
{"type":"Feature","properties":{"DESCRIPTION":"MDT_1455110.tif","FILENAME":"U:\\P589_AmazoniaRevelada_BR-319\\LiDAR_dataset\\ENTREGAS\\ENTREGA_02\\2_MDT\\GEOTIFF\\MDT_1455110.tif","SHRT_FNAME":"MDT_1455110.tif","UPPER_LEFT_X":"426956.810","UPPER_LEFT_Y":"9192876.821","LOWER_RIGHT_X":"427958.810","LOWER_RIGHT_Y":"9191874.821"},"geometry":{"type":"Polygon","coordinates":[[[-63.661736823622576,-7.301415952933268],[-63.652659580865759,-7.301429165588313],[-63.652672730797633,-7.310492509938606],[-63.661750156412459,-7.310479280710365],[-63.661736823622576,-7.301415952933268]]]}},
{"type":"Feature","properties":{"DESCRIPTION":"MDT_1455111.tif","FILENAME":"U:\\P589_AmazoniaRevelada_BR-319\\LiDAR_dataset\\ENTREGAS\\ENTREGA_02\\2_MDT\\GEOTIFF\\MDT_1455111.tif","SHRT_FNAME":"MDT_1455111.tif","UPPER_LEFT_X":"427956.906","UPPER_LEFT_Y":"9192876.821","LOWER_RIGHT_X":"428958.906","LOWER_RIGHT_Y":"9191874.821"},"geometry":{"type":"Polygon","coordinates":[[[-63.652676836698809,-7.301429140644184],[-63.643599577220058,-7.301442171183273],[-63.643612544639858,-7.31050553184704],[-63.652689986978288,-7.310492484963192],[-63.652676836698809,-7.301429140644184]]]}},
{"type":"Feature","properties":{"DESCRIPTION":"MDT_1455112.tif","FILENAME":"U:\\P589_AmazoniaRevelada_BR-319\\LiDAR_dataset\\ENTREGAS\\ENTREGA_02\\2_MDT\\GEOTIFF\\MDT_1455112.tif","SHRT_FNAME":"MDT_1455112.tif","UPPER_LEFT_X":"428957.001","UPPER_LEFT_Y":"9192876.821","LOWER_RIGHT_X":"429959.001","LOWER_RIGHT_Y":"9191874.821"},"geometry":{"type":"Polygon","coordinates":[[[-63.643616833084671,-7.30144214658535],[-63.634539557116078,-7.301454995006859],[-63.634552342022189,-7.3105183717561],[-63.643629800852089,-7.310505507218264],[-63.643616833084671,-7.30144214658535]]]}},
{"type":"Feature","properties":{"DESCRIPTION":"MDT_1455113.tif","FILENAME":"U:\\P589_AmazoniaRevelada_BR-319\\LiDAR_dataset\\ENTREGAS\\ENTREGA_02\\2_MDT\\GEOTIFF\\MDT_1455113.tif","SHRT_FNAME":"MDT_1455113.tif","UPPER_LEFT_X":"429957.096","UPPER_LEFT_Y":"9192876.821","LOWER_RIGHT_X":"430959.096","LOWER_RIGHT_Y":"9191874.821"},"geometry":{"type":"Polygon","coordinates":[[[-63.634556813011805,-7.301454970755145],[-63.625479520785461,-7.301467637057478],[-63.625492123176279,-7.310531029664185],[-63.634569598265543,-7.310518347473963],[-63.634556813011805,-7.301454970755145]]]}},
{"type":"Feature","properties":{"DESCRIPTION":"MDT_1455114.tif","FILENAME":"U:\\P589_AmazoniaRevelada_BR-319\\LiDAR_dataset\\ENTREGAS\\ENTREGA_02\\2_MDT\\GEOTIFF\\MDT_1455114.tif","SHRT_FNAME":"MDT_1455114.tif","UPPER_LEFT_X":"430957.191","UPPER_LEFT_Y":"9192876.821","LOWER_RIGHT_X":"431959.191","LOWER_RIGHT_Y":"9191874.821"},"geometry":{"type":"Polygon","coordinates":[[[-63.625496776711884,-7.301467613151972],[-63.616419468459853,-7.301480097333555],[-63.616431888333793,-7.310543505569721],[-63.625509379450328,-7.310531005728691],[-63.625496776711884,-7.301467613151972]]]}},
{"type":"Feature","properties":{"DESCRIPTION":"MDT_1455115.tif","FILENAME":"U:\\P589_AmazoniaRevelada_BR-319\\LiDAR_dataset\\ENTREGAS\\ENTREGA_02\\2_MDT\\GEOTIFF\\MDT_1455115.tif","SHRT_FNAME":"MDT_1455115.tif","UPPER_LEFT_X":"431957.286","UPPER_LEFT_Y":"9192876.821","LOWER_RIGHT_X":"432959.286","LOWER_RIGHT_Y":"9191874.821"},"geometry":{"type":"Polygon","coordinates":[[[-63.616436724416523,-7.301480073774262],[-63.60735940037091,-7.301492375833544],[-63.607371637726416,-7.31055579947116],[-63.616449144638082,-7.310543481980875],[-63.616436724416523,-7.301480073774262]]]}},
{"type":"Feature","properties":{"DESCRIPTION":"MDT_1455116.tif","FILENAME":"U:\\P589_AmazoniaRevelada_BR-319\\LiDAR_dataset\\ENTREGAS\\ENTREGA_02\\2_MDT\\GEOTIFF\\MDT_1455116.tif","SHRT_FNAME":"MDT_1455116.tif","UPPER_LEFT_X":"432957.382","UPPER_LEFT_Y":"9192876.821","LOWER_RIGHT_X":"433959.382","LOWER_RIGHT_Y":"9191874.821"},"geometry":{"type":"Polygon","coordinates":[[[-63.607376656357388,-7.301492352620466],[-63.598299316750285,-7.301504472555915],[-63.598311371585808,-7.310567911366973],[-63.607388894060513,-7.310555776228965],[-63.607376656357388,-7.301492352620466]]]}},
{"type":"Feature","properties":{"DESCRIPTION":"MDT_1455117.tif","FILENAME":"U:\\P589_AmazoniaRevelada_BR-319\\LiDAR_dataset\\ENTREGAS\\ENTREGA_02\\2_MDT\\GEOTIFF\\MDT_1455117.tif","SHRT_FNAME":"MDT_1455117.tif","UPPER_LEFT_X":"433957.477","UPPER_LEFT_Y":"9192876.821","LOWER_RIGHT_X":"434959.477","LOWER_RIGHT_Y":"9191874.821"},"geometry":{"type":"Polygon","coordinates":[[[-63.598316572766116,-7.301504449689058],[-63.589239217829636,-7.301516387499166],[-63.589251090143669,-7.310579841255649],[-63.598328627949279,-7.31056788847143],[-63.598316572766116,-7.301504449689058]]]}},
{"type":"Feature","properties":{"DESCRIPTION":"MDT_1455118.tif","FILENAME":"U:\\P589_AmazoniaRevelada_BR-319\\LiDAR_dataset\\ENTREGAS\\ENTREGA_02\\2_MDT\\GEOTIFF\\MDT_1455118.tif","SHRT_FNAME":"MDT_1455118.tif","UPPER_LEFT_X":"434957.572","UPPER_LEFT_Y":"9192876.821","LOWER_RIGHT_X":"435959.572","LOWER_RIGHT_Y":"9191874.821"},"geometry":{"type":"Polygon","coordinates":[[[-63.589256473874379,-7.301516364978528],[-63.580179103840592,-7.301528120661816],[-63.580190793631651,-7.310591589135712],[-63.589268346536059,-7.310579818706766],[-63.589256473874379,-7.301516364978528]]]}},
{"type":"Feature","properties":{"DESCRIPTION":"MDT_1455119.tif","FILENAME":"U:\\P589_AmazoniaRevelada_BR-319\\LiDAR_dataset\\ENTREGAS\\ENTREGA_02\\2_MDT\\GEOTIFF\\MDT_1455119.tif","SHRT_FNAME":"MDT_1455119.tif","UPPER_LEFT_X":"435957.667","UPPER_LEFT_Y":"9192876.821","LOWER_RIGHT_X":"436959.667","LOWER_RIGHT_Y":"9191874.821"},"geometry":{"type":"Polygon","coordinates":[[[-63.58019635991382,-7.3015280984874],[-63.571118975014834,-7.3015396720424],[-63.57113048228144,-7.310603155005698],[-63.580208050052512,-7.310591566933486],[-63.58019635991382,-7.3015280984874]]]}},
{"type":"Feature","properties":{"DESCRIPTION":"MDT_1455120.tif","FILENAME":"U:\\P589_AmazoniaRevelada_BR-319\\LiDAR_dataset\\ENTREGAS\\ENTREGA_02\\2_MDT\\GEOTIFF\\MDT_1455120.tif","SHRT_FNAME":"MDT_1455120.tif","UPPER_LEFT_X":"436957.762","UPPER_LEFT_Y":"9192876.821","LOWER_RIGHT_X":"437959.762","LOWER_RIGHT_Y":"9191874.821"},"geometry":{"type":"Polygon","coordinates":[[[-63.571136231116107,-7.301539650214216],[-63.562058831584011,-7.301551041639491],[-63.562070156324729,-7.310614538864166],[-63.57114773873036,-7.310603133150131],[-63.571136231116107,-7.301539650214216]]]}},
{"type":"Feature","properties":{"DESCRIPTION":"MDT_1455121.tif","FILENAME":"U:\\P589_AmazoniaRevelada_BR-319\\LiDAR_dataset\\ENTREGAS\\ENTREGA_02\\2_MDT\\GEOTIFF\\MDT_1455121.tif","SHRT_FNAME":"MDT_1455121.tif","UPPER_LEFT_X":"437957.858","UPPER_LEFT_Y":"9192876.821","LOWER_RIGHT_X":"438959.858","LOWER_RIGHT_Y":"9191874.821"},"geometry":{"type":"Polygon","coordinates":[[[-63.562076087712875,-7.301551020157532],[-63.552998673779783,-7.301562229451668],[-63.553009815993192,-7.310625740709704],[-63.56208741280124,-7.310614517355263],[-63.562076087712875,-7.301551020157532]]]}},
{"type":"Feature","properties":{"DESCRIPTION":"MDT_1455122.tif","FILENAME":"U:\\P589_AmazoniaRevelada_BR-319\\LiDAR_dataset\\ENTREGAS\\ENTREGA_02\\2_MDT\\GEOTIFF\\MDT_1455122.tif","SHRT_FNAME":"MDT_1455122.tif","UPPER_LEFT_X":"438957.953","UPPER_LEFT_Y":"9192876.821","LOWER_RIGHT_X":"439959.953","LOWER_RIGHT_Y":"9191874.821"},"geometry":{"type":"Polygon","coordinates":[[[-63.55301592993581,-7.301562208315943],[-63.543938501833836,-7.301573235477543],[-63.543949461518515,-7.310636760540915],[-63.553027072496867,-7.310625719547468],[-63.55301592993581,-7.301562208315943]]]}},
{"type":"Feature","properties":{"DESCRIPTION":"MDT_1455123.tif","FILENAME":"U:\\P589_AmazoniaRevelada_BR-319\\LiDAR_dataset\\ENTREGAS\\ENTREGA_02\\2_MDT\\GEOTIFF\\MDT_1455123.tif","SHRT_FNAME":"MDT_1455123.tif","UPPER_LEFT_X":"439958.048","UPPER_LEFT_Y":"9192876.821","LOWER_RIGHT_X":"440960.048","LOWER_RIGHT_Y":"9191874.821"},"geometry":{"type":"Polygon","coordinates":[[[-63.543955758016565,-7.301573214688051],[-63.534878315977807,-7.301584059715745],[-63.534889093132399,-7.310647598356432],[-63.543966718048907,-7.310636739725347],[-63.543955758016565,-7.301573214688051]]]}},
{"type":"Feature","properties":{"DESCRIPTION":"MDT_1455124.tif","FILENAME":"U:\\P589_AmazoniaRevelada_BR-319\\LiDAR_dataset\\ENTREGAS\\ENTREGA_02\\2_MDT\\GEOTIFF\\MDT_1455124.tif","SHRT_FNAME":"MDT_1455124.tif","UPPER_LEFT_X":"440958.143","UPPER_LEFT_Y":"9192876.821","LOWER_RIGHT_X":"441960.143","LOWER_RIGHT_Y":"9191874.821"},"geometry":{"type":"Polygon","coordinates":[[[-63.534895572186812,-7.301584039272495],[-63.525818116443375,-7.301594702164932],[-63.525828711066517,-7.310658254154908],[-63.534906349689066,-7.310647577887536],[-63.534895572186812,-7.301584039272495]]]}},
{"type":"Feature","properties":{"DESCRIPTION":"MDT_1455125.tif","FILENAME":"U:\\P589_AmazoniaRevelada_BR-319\\LiDAR_dataset\\ENTREGAS\\ENTREGA_02\\2_MDT\\GEOTIFF\\MDT_1455125.tif","SHRT_FNAME":"MDT_1455125.tif","UPPER_LEFT_X":"441958.238","UPPER_LEFT_Y":"9192876.821","LOWER_RIGHT_X":"442960.238","LOWER_RIGHT_Y":"9191874.821"},"geometry":{"type":"Polygon","coordinates":[[[-63.525835372678209,-7.30159468206792],[-63.516757903462199,-7.301605162823779],[-63.516768315552575,-7.310668727935013],[-63.525845967649019,-7.310658234032685],[-63.525835372678209,-7.30159468206792]]]}},
{"type":"Feature","properties":{"DESCRIPTION":"MDT_1455126.tif","FILENAME":"U:\\P589_AmazoniaRevelada_BR-319\\LiDAR_dataset\\ENTREGAS\\ENTREGA_02\\2_MDT\\GEOTIFF\\MDT_1455126.tif","SHRT_FNAME":"MDT_1455126.tif","UPPER_LEFT_X":"442958.334","UPPER_LEFT_Y":"9192876.821","LOWER_RIGHT_X":"443960.334","LOWER_RIGHT_Y":"9191874.821"},"geometry":{"type":"Polygon","coordinates":[[[-63.516775159722435,-7.30160514307301],[-63.507697677265952,-7.301615441690983],[-63.507707906822255,-7.310679019695448],[-63.516785572160465,-7.310668708159468],[-63.516775159722435,-7.30160514307301]]]}},
{"type":"Feature","properties":{"DESCRIPTION":"MDT_1455127.tif","FILENAME":"U:\\P589_AmazoniaRevelada_BR-319\\LiDAR_dataset\\ENTREGAS\\ENTREGA_02\\2_MDT\\GEOTIFF\\MDT_1455127.tif","SHRT_FNAME":"MDT_1455127.tif","UPPER_LEFT_X":"443958.429","UPPER_LEFT_Y":"9192876.821","LOWER_RIGHT_X":"444960.429","LOWER_RIGHT_Y":"9191874.821"},"geometry":{"type":"Polygon","coordinates":[[[-63.507714933551128,-7.301615422286456],[-63.49863743808632,-7.301625538765267],[-63.498647485107249,-7.310689129434936],[-63.507725163455099,-7.310679000266585],[-63.507714933551128,-7.301615422286456]]]}},
{"type":"Feature","properties":{"DESCRIPTION":"MDT_1455128.tif","FILENAME":"U:\\P589_AmazoniaRevelada_BR-319\\LiDAR_dataset\\ENTREGAS\\ENTREGA_02\\2_MDT\\GEOTIFF\\MDT_1455128.tif","SHRT_FNAME":"MDT_1455128.tif","UPPER_LEFT_X":"444958.524","UPPER_LEFT_Y":"9192876.821","LOWER_RIGHT_X":"445960.524","LOWER_RIGHT_Y":"9191874.821"},"geometry":{"type":"Polygon","coordinates":[[[-63.498654694396002,-7.301625519706987],[-63.489577186154968,-7.301635454045376],[-63.489587050639258,-7.310699057152214],[-63.4986647417646,-7.310689110352751],[-63.498654694396002,-7.301625519706987]]]}},
{"type":"Feature","properties":{"DESCRIPTION":"MDT_1455129.tif","FILENAME":"U:\\P589_AmazoniaRevelada_BR-319\\LiDAR_dataset\\ENTREGAS\\ENTREGA_02\\2_MDT\\GEOTIFF\\MDT_1455129.tif","SHRT_FNAME":"MDT_1455129.tif","UPPER_LEFT_X":"445958.619","UPPER_LEFT_Y":"9192876.821","LOWER_RIGHT_X":"446960.619","LOWER_RIGHT_Y":"9191874.821"},"geometry":{"type":"Polygon","coordinates":[[[-63.489594442488723,-7.301635435333347],[-63.480516921703554,-7.301645187530077],[-63.480526603649977,-7.310708802846054],[-63.489604307320683,-7.310699038416713],[-63.489594442488723,-7.301635435333347]]]}},
{"type":"Feature","properties":{"DESCRIPTION":"MDT_1455130.tif","FILENAME":"U:\\P589_AmazoniaRevelada_BR-319\\LiDAR_dataset\\ENTREGAS\\ENTREGA_02\\2_MDT\\GEOTIFF\\MDT_1455130.tif","SHRT_FNAME":"MDT_1455130.tif","UPPER_LEFT_X":"446958.714","UPPER_LEFT_Y":"9192876.821","LOWER_RIGHT_X":"447960.714","LOWER_RIGHT_Y":"9191874.821"},"geometry":{"type":"Polygon","coordinates":[[[-63.480534178060928,-7.301645169164299],[-63.471456644963787,-7.301654739218156],[-63.471466144371128,-7.310718366515238],[-63.480543860355034,-7.31070878445724],[-63.480534178060928,-7.301645169164299]]]}},
{"type":"Feature","properties":{"DESCRIPTION":"MDT_1455131.tif","FILENAME":"U:\\P589_AmazoniaRevelada_BR-319\\LiDAR_dataset\\ENTREGAS\\ENTREGA_02\\2_MDT\\GEOTIFF\\MDT_1455131.tif","SHRT_FNAME":"MDT_1455131.tif","UPPER_LEFT_X":"447958.810","UPPER_LEFT_Y":"9192876.821","LOWER_RIGHT_X":"448960.810","LOWER_RIGHT_Y":"9191874.821"},"geometry":{"type":"Polygon","coordinates":[[[-63.471473901344346,-7.301654721198634],[-63.462396356167311,-7.301664109108433],[-63.462405673034382,-7.310727748158578],[-63.471483401099363,-7.31071834847311],[-63.471473901344346,-7.301654721198634]]]}},
{"type":"Feature","properties":{"DESCRIPTION":"MDT_1455132.tif","FILENAME":"U:\\P589_AmazoniaRevelada_BR-319\\LiDAR_dataset\\ENTREGAS\\ENTREGA_02\\2_MDT\\GEOTIFF\\MDT_1455132.tif","SHRT_FNAME":"MDT_1455132.tif","UPPER_LEFT_X":"448958.905","UPPER_LEFT_Y":"9192876.821","LOWER_RIGHT_X":"449960.905","LOWER_RIGHT_Y":"9191874.821"},"geometry":{"type":"Polygon","coordinates":[[[-63.462413612570614,-7.301664091435166],[-63.45333605554584,-7.301673297199736],[-63.453345189871463,-7.310736947774908],[-63.462422929785362,-7.310727730463143],[-63.462413612570614,-7.301664091435166]]]}},
{"type":"Feature","properties":{"DESCRIPTION":"MDT_1455133.tif","FILENAME":"U:\\P589_AmazoniaRevelada_BR-319\\LiDAR_dataset\\ENTREGAS\\ENTREGA_02\\2_MDT\\GEOTIFF\\MDT_1455133.tif","SHRT_FNAME":"MDT_1455133.tif","UPPER_LEFT_X":"449959.000","UPPER_LEFT_Y":"9192876.821","LOWER_RIGHT_X":"450961.000","LOWER_RIGHT_Y":"9191874.821"},"geometry":{"type":"Polygon","coordinates":[[[-63.453353311971448,-7.301673279872728],[-63.444275743331026,-7.301682303490925],[-63.444284695114057,-7.310745965363088],[-63.453362446644739,-7.310736930426168],[-63.453353311971448,-7.301673279872728]]]}},
{"type":"Feature","properties":{"DESCRIPTION":"MDT_1455134.tif","FILENAME":"U:\\P589_AmazoniaRevelada_BR-319\\LiDAR_dataset\\ENTREGAS\\ENTREGA_02\\2_MDT\\GEOTIFF\\MDT_1455134.tif","SHRT_FNAME":"MDT_1455134.tif","UPPER_LEFT_X":"450959.095","UPPER_LEFT_Y":"9192876.821","LOWER_RIGHT_X":"451961.095","LOWER_RIGHT_Y":"9191874.821"},"geometry":{"type":"Polygon","coordinates":[[[-63.444292999778497,-7.301682286510179],[-63.435215419754563,-7.30169112798088],[-63.435224188993885,-7.31075480092199],[-63.444301951909196,-7.310745948361038],[-63.444292999778497,-7.301682286510179]]]}},
{"type":"Feature","properties":{"DESCRIPTION":"MDT_1455135.tif","FILENAME":"U:\\P589_AmazoniaRevelada_BR-319\\LiDAR_dataset\\ENTREGAS\\ENTREGA_02\\2_MDT\\GEOTIFF\\MDT_1455135.tif","SHRT_FNAME":"MDT_1455135.tif","UPPER_LEFT_X":"451959.190","UPPER_LEFT_Y":"9192876.821","LOWER_RIGHT_X":"452961.190","LOWER_RIGHT_Y":"9191874.821"},"geometry":{"type":"Polygon","coordinates":[[[-63.435232676223457,-7.301691111346396],[-63.426155085048144,-7.301699770668503],[-63.426163671742643,-7.310763454450519],[-63.435241445810448,-7.31075478426664],[-63.435232676223457,-7.301691111346396]]]}},
{"type":"Feature","properties":{"DESCRIPTION":"MDT_1455136.tif","FILENAME":"U:\\P589_AmazoniaRevelada_BR-319\\LiDAR_dataset\\ENTREGAS\\ENTREGA_02\\2_MDT\\GEOTIFF\\MDT_1455136.tif","SHRT_FNAME":"MDT_1455136.tif","UPPER_LEFT_X":"452959.286","UPPER_LEFT_Y":"9192876.821","LOWER_RIGHT_X":"453961.286","LOWER_RIGHT_Y":"9191874.821"},"geometry":{"type":"Polygon","coordinates":[[[-63.426172341538013,-7.301699754380286],[-63.417094739443449,-7.301708231552721],[-63.417103143592051,-7.310771925947596],[-63.426180928580187,-7.310763438141866],[-63.426172341538013,-7.301699754380286]]]}},
{"type":"Feature","properties":{"DESCRIPTION":"MDT_1455137.tif","FILENAME":"U:\\P589_AmazoniaRevelada_BR-319\\LiDAR_dataset\\ENTREGAS\\ENTREGA_02\\2_MDT\\GEOTIFF\\MDT_1455137.tif","SHRT_FNAME":"MDT_1455137.tif","UPPER_LEFT_X":"453959.381","UPPER_LEFT_Y":"9192876.821","LOWER_RIGHT_X":"454961.381","LOWER_RIGHT_Y":"9191874.821"},"geometry":{"type":"Polygon","coordinates":[[[-63.417111995953853,-7.301708215610771],[-63.408034383172172,-7.301716510632478],[-63.408042604773804,-7.310780215412171],[-63.417120400450123,-7.310771909985647],[-63.417111995953853,-7.301708215610771]]]}},
{"type":"Feature","properties":{"DESCRIPTION":"MDT_1455138.tif","FILENAME":"U:\\P589_AmazoniaRevelada_BR-319\\LiDAR_dataset\\ENTREGAS\\ENTREGA_02\\2_MDT\\GEOTIFF\\MDT_1455138.tif","SHRT_FNAME":"MDT_1455138.tif","UPPER_LEFT_X":"454959.476","UPPER_LEFT_Y":"9192876.821","LOWER_RIGHT_X":"455961.476","LOWER_RIGHT_Y":"9191874.821"},"geometry":{"type":"Polygon","coordinates":[[[-63.408051639702677,-7.301716495036797],[-63.398974016465985,-7.301724607906751],[-63.398982055519632,-7.310788322843211],[-63.408059861651992,-7.310780199796924],[-63.408051639702677,-7.301716495036797]]]}},
{"type":"Feature","properties":{"DESCRIPTION":"MDT_1455139.tif","FILENAME":"U:\\P589_AmazoniaRevelada_BR-319\\LiDAR_dataset\\ENTREGAS\\ENTREGA_02\\2_MDT\\GEOTIFF\\MDT_1455139.tif","SHRT_FNAME":"MDT_1455139.tif","UPPER_LEFT_X":"455959.571","UPPER_LEFT_Y":"9192876.821","LOWER_RIGHT_X":"456961.571","LOWER_RIGHT_Y":"9191874.821"},"geometry":{"type":"Polygon","coordinates":[[[-63.398991273016136,-7.301724592657338],[-63.389913639556582,-7.301732523374524],[-63.389921496061248,-7.310796248239708],[-63.398999312417473,-7.310788307574671],[-63.398991273016136,-7.301724592657338]]]}},
{"type":"Feature","properties":{"DESCRIPTION":"MDT_1455140.tif","FILENAME":"U:\\P589_AmazoniaRevelada_BR-319\\LiDAR_dataset\\ENTREGAS\\ENTREGA_02\\2_MDT\\GEOTIFF\\MDT_1455140.tif","SHRT_FNAME":"MDT_1455140.tif","UPPER_LEFT_X":"456959.666","UPPER_LEFT_Y":"9192876.821","LOWER_RIGHT_X":"457961.666","LOWER_RIGHT_Y":"9191874.821"},"geometry":{"type":"Polygon","coordinates":[[[-63.389930896125954,-7.301732508471387],[-63.380853252675671,-7.30174025703482],[-63.380860926630348,-7.310803991600679],[-63.389938752978303,-7.310796233317876],[-63.389930896125954,-7.301732508471387]]]}},
{"type":"Feature","properties":{"DESCRIPTION":"MDT_1455141.tif","FILENAME":"U:\\P589_AmazoniaRevelada_BR-319\\LiDAR_dataset\\ENTREGAS\\ENTREGA_02\\2_MDT\\GEOTIFF\\MDT_1455141.tif","SHRT_FNAME":"MDT_1455141.tif","UPPER_LEFT_X":"457959.762","UPPER_LEFT_Y":"9192876.821","LOWER_RIGHT_X":"458961.762","LOWER_RIGHT_Y":"9191874.821"},"geometry":{"type":"Polygon","coordinates":[[[-63.380870509263822,-7.301740242477956],[-63.371792856054931,-7.301747808886677],[-63.37180034745866,-7.310811552925158],[-63.380878183566175,-7.310803977025557],[-63.380870509263822,-7.301740242477956]]]}},
{"type":"Feature","properties":{"DESCRIPTION":"MDT_1455142.tif","FILENAME":"U:\\P589_AmazoniaRevelada_BR-319\\LiDAR_dataset\\ENTREGAS\\ENTREGA_02\\2_MDT\\GEOTIFF\\MDT_1455142.tif","SHRT_FNAME":"MDT_1455142.tif","UPPER_LEFT_X":"458959.857","UPPER_LEFT_Y":"9192876.821","LOWER_RIGHT_X":"459961.857","LOWER_RIGHT_Y":"9191874.821"},"geometry":{"type":"Polygon","coordinates":[[[-63.3718101126614,-7.301747794676089],[-63.362732449926064,-7.301755178929151],[-63.362739758777899,-7.310818932212205],[-63.371817604412826,-7.310811538696744],[-63.3718101126614,-7.301747794676089]]]}},
{"type":"Feature","properties":{"DESCRIPTION":"MDT_1455143.tif","FILENAME":"U:\\P589_AmazoniaRevelada_BR-319\\LiDAR_dataset\\ENTREGAS\\ENTREGA_02\\2_MDT\\GEOTIFF\\MDT_1455143.tif","SHRT_FNAME":"MDT_1455143.tif","UPPER_LEFT_X":"459959.952","UPPER_LEFT_Y":"9192876.821","LOWER_RIGHT_X":"460961.952","LOWER_RIGHT_Y":"9191874.821"},"geometry":{"type":"Polygon","coordinates":[[[-63.362749706550424,-7.301755165064842],[-63.353672034520756,-7.301762367161328],[-63.35367916081978,-7.310826129460901],[-63.362757015749956,-7.310818918330504],[-63.362749706550424,-7.301755165064842]]]}},
{"type":"Feature","properties":{"DESCRIPTION":"MDT_1455144.tif","FILENAME":"U:\\P589_AmazoniaRevelada_BR-319\\LiDAR_dataset\\ENTREGAS\\ENTREGA_02\\2_MDT\\GEOTIFF\\MDT_1455144.tif","SHRT_FNAME":"MDT_1455144.tif","UPPER_LEFT_X":"460960.047","UPPER_LEFT_Y":"9192876.821","LOWER_RIGHT_X":"461962.047","LOWER_RIGHT_Y":"9191874.821"},"geometry":{"type":"Polygon","coordinates":[[[-63.353689291162567,-7.3017623536433],[-63.344611610070707,-7.301769373582315],[-63.344618553816041,-7.310833144670356],[-63.353696417809289,-7.310826115925917],[-63.353689291162567,-7.3017623536433]]]}},
{"type":"Feature","properties":{"DESCRIPTION":"MDT_1455145.tif","FILENAME":"U:\\P589_AmazoniaRevelada_BR-319\\LiDAR_dataset\\ENTREGAS\\ENTREGA_02\\2_MDT\\GEOTIFF\\MDT_1455145.tif","SHRT_FNAME":"MDT_1455145.tif","UPPER_LEFT_X":"461960.142","UPPER_LEFT_Y":"9192876.821","LOWER_RIGHT_X":"462962.142","LOWER_RIGHT_Y":"9191874.821"},"geometry":{"type":"Polygon","coordinates":[[[-63.344628866729515,-7.301769360410568],[-63.335551176807613,-7.301776198191241],[-63.335557937998381,-7.310839977839693],[-63.344635810822545,-7.310833131482087],[-63.344628866729515,-7.301769360410568]]]}},
{"type":"Feature","properties":{"DESCRIPTION":"MDT_1455146.tif","FILENAME":"U:\\P589_AmazoniaRevelada_BR-319\\LiDAR_dataset\\ENTREGAS\\ENTREGA_02\\2_MDT\\GEOTIFF\\MDT_1455146.tif","SHRT_FNAME":"MDT_1455146.tif","UPPER_LEFT_X":"462960.238","UPPER_LEFT_Y":"9192876.821","LOWER_RIGHT_X":"463962.238","LOWER_RIGHT_Y":"9191874.821"},"geometry":{"type":"Polygon","coordinates":[[[-63.335568433482997,-7.301776185365777],[-63.32649073496318,-7.301782840987253],[-63.326497313598516,-7.310846628968061],[-63.335575195021448,-7.310839964998141],[-63.335568433482997,-7.301776185365777]]]}},
{"type":"Feature","properties":{"DESCRIPTION":"MDT_1455147.tif","FILENAME":"U:\\P589_AmazoniaRevelada_BR-319\\LiDAR_dataset\\ENTREGAS\\ENTREGA_02\\2_MDT\\GEOTIFF\\MDT_1455147.tif","SHRT_FNAME":"MDT_1455147.tif","UPPER_LEFT_X":"463960.333","UPPER_LEFT_Y":"9192876.821","LOWER_RIGHT_X":"464962.333","LOWER_RIGHT_Y":"9191874.821"},"geometry":{"type":"Polygon","coordinates":[[[-63.326507991654687,-7.301782828508077],[-63.317430284769102,-7.301789301969534],[-63.317436680848189,-7.31085309805464],[-63.326514570637713,-7.31084661647323],[-63.326507991654687,-7.301782828508077]]]}},
{"type":"Feature","properties":{"DESCRIPTION":"MDT_1456104.tif","FILENAME":"U:\\P589_AmazoniaRevelada_BR-319\\LiDAR_dataset\\ENTREGAS\\ENTREGA_02\\2_MDT\\GEOTIFF\\MDT_1456104.tif","SHRT_FNAME":"MDT_1456104.tif","UPPER_LEFT_X":"420956.239","UPPER_LEFT_Y":"9191876.946","LOWER_RIGHT_X":"421958.239","LOWER_RIGHT_Y":"9190874.946"},"geometry":{"type":"Polygon","coordinates":[[[-63.716110778897303,-7.310377013950604],[-63.70703345888608,-7.310391337171808],[-63.707047721966816,-7.319454575199165],[-63.716125225058114,-7.319440234033509],[-63.716110778897303,-7.310377013950604]]]}},
{"type":"Feature","properties":{"DESCRIPTION":"MDT_1456105.tif","FILENAME":"U:\\P589_AmazoniaRevelada_BR-319\\LiDAR_dataset\\ENTREGAS\\ENTREGA_02\\2_MDT\\GEOTIFF\\MDT_1456105.tif","SHRT_FNAME":"MDT_1456105.tif","UPPER_LEFT_X":"421956.334","UPPER_LEFT_Y":"9191876.946","LOWER_RIGHT_X":"422958.334","LOWER_RIGHT_Y":"9190874.946"},"geometry":{"type":"Polygon","coordinates":[[[-63.707050714867322,-7.310391310116706],[-63.697973376739931,-7.310405451004211],[-63.697987457086796,-7.319468706713693],[-63.707064978296074,-7.319454548110165],[-63.707050714867322,-7.310391310116706]]]}},
{"type":"Feature","properties":{"DESCRIPTION":"MDT_1456106.tif","FILENAME":"U:\\P589_AmazoniaRevelada_BR-319\\LiDAR_dataset\\ENTREGAS\\ENTREGA_02\\2_MDT\\GEOTIFF\\MDT_1456106.tif","SHRT_FNAME":"MDT_1456106.tif","UPPER_LEFT_X":"422956.430","UPPER_LEFT_Y":"9191876.946","LOWER_RIGHT_X":"423958.430","LOWER_RIGHT_Y":"9190874.946"},"geometry":{"type":"Polygon","coordinates":[[[-63.697990632755371,-7.310405424295727],[-63.688913276743904,-7.310419382847773],[-63.688927174355143,-7.319482656011388],[-63.698004713450288,-7.319468679971749],[-63.697990632755371,-7.310405424295727]]]}},
{"type":"Feature","properties":{"DESCRIPTION":"MDT_1456107.tif","FILENAME":"U:\\P589_AmazoniaRevelada_BR-319\\LiDAR_dataset\\ENTREGAS\\ENTREGA_02\\2_MDT\\GEOTIFF\\MDT_1456107.tif","SHRT_FNAME":"MDT_1456107.tif","UPPER_LEFT_X":"423956.525","UPPER_LEFT_Y":"9191876.946","LOWER_RIGHT_X":"424958.525","LOWER_RIGHT_Y":"9190874.946"},"geometry":{"type":"Polygon","coordinates":[[[-63.688930532793123,-7.31041935648591],[-63.679853159129664,-7.310433132700768],[-63.679866874003551,-7.319496423090509],[-63.688944430752422,-7.319482629616496],[-63.688930532793123,-7.31041935648591]]]}},
{"type":"Feature","properties":{"DESCRIPTION":"MDT_1456108.tif","FILENAME":"U:\\P589_AmazoniaRevelada_BR-319\\LiDAR_dataset\\ENTREGAS\\ENTREGA_02\\2_MDT\\GEOTIFF\\MDT_1456108.tif","SHRT_FNAME":"MDT_1456108.tif","UPPER_LEFT_X":"424956.620","UPPER_LEFT_Y":"9191876.946","LOWER_RIGHT_X":"425958.620","LOWER_RIGHT_Y":"9190874.946"},"geometry":{"type":"Polygon","coordinates":[[[-63.679870415212221,-7.310433106685529],[-63.670793024128876,-7.310446700561481],[-63.67080655626367,-7.319510007949347],[-63.679884130434161,-7.319496397042676],[-63.679870415212221,-7.310433106685529]]]}},
{"type":"Feature","properties":{"DESCRIPTION":"MDT_1456109.tif","FILENAME":"U:\\P589_AmazoniaRevelada_BR-319\\LiDAR_dataset\\ENTREGAS\\ENTREGA_02\\2_MDT\\GEOTIFF\\MDT_1456109.tif","SHRT_FNAME":"MDT_1456109.tif","UPPER_LEFT_X":"425956.715","UPPER_LEFT_Y":"9191876.946","LOWER_RIGHT_X":"426958.715","LOWER_RIGHT_Y":"9190874.946"},"geometry":{"type":"Polygon","coordinates":[[[-63.670810280244325,-7.310446674892869],[-63.661732871973186,-7.310460086428225],[-63.661746221367196,-7.319523410586212],[-63.670823812727185,-7.319509982248578],[-63.670810280244325,-7.310446674892869]]]}},
{"type":"Feature","properties":{"DESCRIPTION":"MDT_1456110.tif","FILENAME":"U:\\P589_AmazoniaRevelada_BR-319\\LiDAR_dataset\\ENTREGAS\\ENTREGA_02\\2_MDT\\GEOTIFF\\MDT_1456110.tif","SHRT_FNAME":"MDT_1456110.tif","UPPER_LEFT_X":"426956.810","UPPER_LEFT_Y":"9191876.946","LOWER_RIGHT_X":"427958.810","LOWER_RIGHT_Y":"9190874.946"},"geometry":{"type":"Polygon","coordinates":[[[-63.661750128121099,-7.310460061106246],[-63.652672702894279,-7.31047329029934],[-63.65268586954582,-7.319536630999438],[-63.661763477863161,-7.319523385232507],[-63.661750128121099,-7.310460061106246]]]}},
{"type":"Feature","properties":{"DESCRIPTION":"MDT_1456111.tif","FILENAME":"U:\\P589_AmazoniaRevelada_BR-319\\LiDAR_dataset\\ENTREGAS\\ENTREGA_02\\2_MDT\\GEOTIFF\\MDT_1456111.tif","SHRT_FNAME":"MDT_1456111.tif","UPPER_LEFT_X":"427956.906","UPPER_LEFT_Y":"9191876.946","LOWER_RIGHT_X":"428958.906","LOWER_RIGHT_Y":"9190874.946"},"geometry":{"type":"Polygon","coordinates":[[[-63.652689959074195,-7.310473265323995],[-63.643612517123785,-7.310486312173182],[-63.643625501031224,-7.319549669187382],[-63.652703126073803,-7.319536605992803],[-63.652689959074195,-7.310473265323995]]]}},
{"type":"Feature","properties":{"DESCRIPTION":"MDT_1456112.tif","FILENAME":"U:\\P589_AmazoniaRevelada_BR-319\\LiDAR_dataset\\ENTREGAS\\ENTREGA_02\\2_MDT\\GEOTIFF\\MDT_1456112.tif","SHRT_FNAME":"MDT_1456112.tif","UPPER_LEFT_X":"428957.001","UPPER_LEFT_Y":"9191876.946","LOWER_RIGHT_X":"429959.001","LOWER_RIGHT_Y":"9190874.946"},"geometry":{"type":"Polygon","coordinates":[[[-63.643629773335277,-7.310486287544472],[-63.634552314893391,-7.310499152048127],[-63.634565116055079,-7.31956252514842],[-63.643642757590769,-7.319549644527815],[-63.643629773335277,-7.310486287544472]]]}},
{"type":"Feature","properties":{"DESCRIPTION":"MDT_1456113.tif","FILENAME":"U:\\P589_AmazoniaRevelada_BR-319\\LiDAR_dataset\\ENTREGAS\\ENTREGA_02\\2_MDT\\GEOTIFF\\MDT_1456113.tif","SHRT_FNAME":"MDT_1456113.tif","UPPER_LEFT_X":"429957.096","UPPER_LEFT_Y":"9191876.946","LOWER_RIGHT_X":"430959.096","LOWER_RIGHT_Y":"9190874.946"},"geometry":{"type":"Polygon","coordinates":[[[-63.634569571136019,-7.310499127766058],[-63.625492096434769,-7.310511809922588],[-63.6255047148491,-7.319575198880954],[-63.63458237264576,-7.319562500835928],[-63.634569571136019,-7.310499127766058]]]}},
{"type":"Feature","properties":{"DESCRIPTION":"MDT_1456114.tif","FILENAME":"U:\\P589_AmazoniaRevelada_BR-319\\LiDAR_dataset\\ENTREGAS\\ENTREGA_02\\2_MDT\\GEOTIFF\\MDT_1456114.tif","SHRT_FNAME":"MDT_1456114.tif","UPPER_LEFT_X":"430957.191","UPPER_LEFT_Y":"9191876.946","LOWER_RIGHT_X":"431959.191","LOWER_RIGHT_Y":"9190874.946"},"geometry":{"type":"Polygon","coordinates":[[[-63.625509352708086,-7.310511785987158],[-63.616431861979585,-7.310524285794981],[-63.616444297644968,-7.319587690383412],[-63.625521971470477,-7.319575174915538],[-63.625509352708086,-7.310511785987158]]]}},
{"type":"Feature","properties":{"DESCRIPTION":"MDT_1456115.tif","FILENAME":"U:\\P589_AmazoniaRevelada_BR-319\\LiDAR_dataset\\ENTREGAS\\ENTREGA_02\\2_MDT\\GEOTIFF\\MDT_1456115.tif","SHRT_FNAME":"MDT_1456115.tif","UPPER_LEFT_X":"431957.286","UPPER_LEFT_Y":"9191876.946","LOWER_RIGHT_X":"432959.286","LOWER_RIGHT_Y":"9190874.946"},"geometry":{"type":"Polygon","coordinates":[[[-63.616449118283143,-7.3105242622062],[-63.607371611759504,-7.310536579663757],[-63.607383864674382,-7.319599999654236],[-63.616461554296585,-7.319587666765077],[-63.616449118283143,-7.3105242622062]]]}},
{"type":"Feature","properties":{"DESCRIPTION":"MDT_1456116.tif","FILENAME":"U:\\P589_AmazoniaRevelada_BR-319\\LiDAR_dataset\\ENTREGAS\\ENTREGA_02\\2_MDT\\GEOTIFF\\MDT_1456116.tif","SHRT_FNAME":"MDT_1456116.tif","UPPER_LEFT_X":"432957.382","UPPER_LEFT_Y":"9191876.946","LOWER_RIGHT_X":"433959.382","LOWER_RIGHT_Y":"9190874.946"},"geometry":{"type":"Polygon","coordinates":[[[-63.607388868092862,-7.310536556421626],[-63.598311346006199,-7.310548691527393],[-63.598323416169038,-7.319612126691894],[-63.607401121355807,-7.319599976382984],[-63.607388868092862,-7.310536556421626]]]}},
{"type":"Feature","properties":{"DESCRIPTION":"MDT_1456117.tif","FILENAME":"U:\\P589_AmazoniaRevelada_BR-319\\LiDAR_dataset\\ENTREGAS\\ENTREGA_02\\2_MDT\\GEOTIFF\\MDT_1456117.tif","SHRT_FNAME":"MDT_1456117.tif","UPPER_LEFT_X":"433957.477","UPPER_LEFT_Y":"9191876.946","LOWER_RIGHT_X":"434959.477","LOWER_RIGHT_Y":"9190874.946"},"geometry":{"type":"Polygon","coordinates":[[[-63.598328602368923,-7.310548668631913],[-63.589251064951348,-7.310560621384379],[-63.58926295236062,-7.319624071494886],[-63.598340672879829,-7.319612103767731],[-63.598328602368923,-7.310548668631913]]]}},
{"type":"Feature","properties":{"DESCRIPTION":"MDT_1456118.tif","FILENAME":"U:\\P589_AmazoniaRevelada_BR-319\\LiDAR_dataset\\ENTREGAS\\ENTREGA_02\\2_MDT\\GEOTIFF\\MDT_1456118.tif","SHRT_FNAME":"MDT_1456118.tif","UPPER_LEFT_X":"434957.572","UPPER_LEFT_Y":"9191876.946","LOWER_RIGHT_X":"435959.572","LOWER_RIGHT_Y":"9190874.946"},"geometry":{"type":"Polygon","coordinates":[[[-63.589268321342985,-7.310560598835552],[-63.580190768826633,-7.31057236923323],[-63.580202473480867,-7.319635834061716],[-63.589280209100359,-7.319624048917807],[-63.589268321342985,-7.310560598835552]]]}},
{"type":"Feature","properties":{"DESCRIPTION":"MDT_1456119.tif","FILENAME":"U:\\P589_AmazoniaRevelada_BR-319\\LiDAR_dataset\\ENTREGAS\\ENTREGA_02\\2_MDT\\GEOTIFF\\MDT_1456119.tif","SHRT_FNAME":"MDT_1456119.tif","UPPER_LEFT_X":"435957.667","UPPER_LEFT_Y":"9191876.946","LOWER_RIGHT_X":"436959.667","LOWER_RIGHT_Y":"9190874.946"},"geometry":{"type":"Polygon","coordinates":[[[-63.580208025246755,-7.31057234703106],[-63.571130457863724,-7.310583935072487],[-63.571141979761443,-7.319647414390929],[-63.58021973024907,-7.319635811831731],[-63.580208025246755,-7.31057234703106]]]}},
{"type":"Feature","properties":{"DESCRIPTION":"MDT_1456120.tif","FILENAME":"U:\\P589_AmazoniaRevelada_BR-319\\LiDAR_dataset\\ENTREGAS\\ENTREGA_02\\2_MDT\\GEOTIFF\\MDT_1456120.tif","SHRT_FNAME":"MDT_1456120.tif","UPPER_LEFT_X":"436957.762","UPPER_LEFT_Y":"9191876.946","LOWER_RIGHT_X":"437959.762","LOWER_RIGHT_Y":"9190874.946"},"geometry":{"type":"Polygon","coordinates":[[[-63.571147714311905,-7.310583913216981],[-63.56207013229433,-7.310595318900712],[-63.562081471434077,-7.319658812481083],[-63.571159236557705,-7.319647392508041],[-63.571147714311905,-7.310583913216981]]]}},
{"type":"Feature","properties":{"DESCRIPTION":"MDT_1456121.tif","FILENAME":"U:\\P589_AmazoniaRevelada_BR-319\\LiDAR_dataset\\ENTREGAS\\ENTREGA_02\\2_MDT\\GEOTIFF\\MDT_1456121.tif","SHRT_FNAME":"MDT_1456121.tif","UPPER_LEFT_X":"437957.858","UPPER_LEFT_Y":"9191876.946","LOWER_RIGHT_X":"438959.858","LOWER_RIGHT_Y":"9190874.946"},"geometry":{"type":"Polygon","coordinates":[[[-63.562087388770102,-7.310595297391868],[-63.553009792350103,-7.310606520716489],[-63.553020948730456,-7.319670028330759],[-63.562098728257929,-7.319658790945289],[-63.562087388770102,-7.310595297391868]]]}},
{"type":"Feature","properties":{"DESCRIPTION":"MDT_1456122.tif","FILENAME":"U:\\P589_AmazoniaRevelada_BR-319\\LiDAR_dataset\\ENTREGAS\\ENTREGA_02\\2_MDT\\GEOTIFF\\MDT_1456122.tif","SHRT_FNAME":"MDT_1456122.tif","UPPER_LEFT_X":"438957.953","UPPER_LEFT_Y":"9191876.946","LOWER_RIGHT_X":"439959.953","LOWER_RIGHT_Y":"9190874.946"},"geometry":{"type":"Polygon","coordinates":[[[-63.553027048853025,-7.310606499554309],[-63.54394943826275,-7.310617540518424],[-63.543960411882317,-7.319681061938565],[-63.55303820558148,-7.319670007142066],[-63.553027048853025,-7.310606499554309]]]}},
{"type":"Feature","properties":{"DESCRIPTION":"MDT_1456123.tif","FILENAME":"U:\\P589_AmazoniaRevelada_BR-319\\LiDAR_dataset\\ENTREGAS\\ENTREGA_02\\2_MDT\\GEOTIFF\\MDT_1456123.tif","SHRT_FNAME":"MDT_1456123.tif","UPPER_LEFT_X":"439958.048","UPPER_LEFT_Y":"9191876.946","LOWER_RIGHT_X":"440960.048","LOWER_RIGHT_Y":"9190874.946"},"geometry":{"type":"Polygon","coordinates":[[[-63.543966694792388,-7.310617519702912],[-63.534889070263937,-7.310628378305148],[-63.534899861121339,-7.319691913303127],[-63.54397766876005,-7.319681041096974],[-63.543966694792388,-7.310617519702912]]]}},
{"type":"Feature","properties":{"DESCRIPTION":"MDT_1456124.tif","FILENAME":"U:\\P589_AmazoniaRevelada_BR-319\\LiDAR_dataset\\ENTREGAS\\ENTREGA_02\\2_MDT\\GEOTIFF\\MDT_1456124.tif","SHRT_FNAME":"MDT_1456124.tif","UPPER_LEFT_X":"440958.143","UPPER_LEFT_Y":"9191876.946","LOWER_RIGHT_X":"441960.143","LOWER_RIGHT_Y":"9190874.946"},"geometry":{"type":"Polygon","coordinates":[[[-63.534906326819872,-7.310628357836309],[-63.525828688585378,-7.310639034075316],[-63.525839296679258,-7.319702582423095],[-63.534917118025355,-7.319691892808641],[-63.534906326819872,-7.310628357836309]]]}},
{"type":"Feature","properties":{"DESCRIPTION":"MDT_1456125.tif","FILENAME":"U:\\P589_AmazoniaRevelada_BR-319\\LiDAR_dataset\\ENTREGAS\\ENTREGA_02\\2_MDT\\GEOTIFF\\MDT_1456125.tif","SHRT_FNAME":"MDT_1456125.tif","UPPER_LEFT_X":"441958.238","UPPER_LEFT_Y":"9191876.946","LOWER_RIGHT_X":"442960.238","LOWER_RIGHT_Y":"9190874.946"},"geometry":{"type":"Polygon","coordinates":[[[-63.525845945167141,-7.310639013953147],[-63.51676829345876,-7.310649507827597],[-63.516778718787762,-7.319713069297143],[-63.52585655360911,-7.319702562275717],[-63.525845945167141,-7.310639013953147]]]}},
{"type":"Feature","properties":{"DESCRIPTION":"MDT_1456126.tif","FILENAME":"U:\\P589_AmazoniaRevelada_BR-319\\LiDAR_dataset\\ENTREGAS\\ENTREGA_02\\2_MDT\\GEOTIFF\\MDT_1456126.tif","SHRT_FNAME":"MDT_1456126.tif","UPPER_LEFT_X":"442958.334","UPPER_LEFT_Y":"9191876.946","LOWER_RIGHT_X":"443960.334","LOWER_RIGHT_Y":"9190874.946"},"geometry":{"type":"Polygon","coordinates":[[[-63.516785550065904,-7.310649488052105],[-63.507707885115757,-7.310659799560692],[-63.507718127678601,-7.319723373923965],[-63.516795975743008,-7.319713049496873],[-63.516785550065904,-7.310649488052105]]]}},
{"type":"Feature","properties":{"DESCRIPTION":"MDT_1456127.tif","FILENAME":"U:\\P589_AmazoniaRevelada_BR-319\\LiDAR_dataset\\ENTREGAS\\ENTREGA_02\\2_MDT\\GEOTIFF\\MDT_1456127.tif","SHRT_FNAME":"MDT_1456127.tif","UPPER_LEFT_X":"443958.429","UPPER_LEFT_Y":"9191876.946","LOWER_RIGHT_X":"444960.429","LOWER_RIGHT_Y":"9190874.946"},"geometry":{"type":"Polygon","coordinates":[[[-63.507725141747862,-7.310659780131876],[-63.498647463788089,-7.31066990927332],[-63.498657523583475,-7.319733496302284],[-63.507735384658808,-7.319723354470812],[-63.507725141747862,-7.310659780131876]]]}},
{"type":"Feature","properties":{"DESCRIPTION":"MDT_1456128.tif","FILENAME":"U:\\P589_AmazoniaRevelada_BR-319\\LiDAR_dataset\\ENTREGAS\\ENTREGA_02\\2_MDT\\GEOTIFF\\MDT_1456128.tif","SHRT_FNAME":"MDT_1456128.tif","UPPER_LEFT_X":"444958.524","UPPER_LEFT_Y":"9191876.946","LOWER_RIGHT_X":"445960.524","LOWER_RIGHT_Y":"9190874.946"},"geometry":{"type":"Polygon","coordinates":[[[-63.498664720444694,-7.310669890191187],[-63.48958702970743,-7.310679836964225],[-63.489596906734107,-7.319743436430842],[-63.498674780588182,-7.319733477196245],[-63.498664720444694,-7.310669890191187]]]}},
{"type":"Feature","properties":{"DESCRIPTION":"MDT_1456129.tif","FILENAME":"U:\\P589_AmazoniaRevelada_BR-319\\LiDAR_dataset\\ENTREGAS\\ENTREGA_02\\2_MDT\\GEOTIFF\\MDT_1456129.tif","SHRT_FNAME":"MDT_1456129.tif","UPPER_LEFT_X":"445958.619","UPPER_LEFT_Y":"9191876.946","LOWER_RIGHT_X":"446960.619","LOWER_RIGHT_Y":"9190874.946"},"geometry":{"type":"Polygon","coordinates":[[[-63.489604286388115,-7.310679818228774],[-63.480526583105494,-7.310689582632173],[-63.480536277362205,-7.319753194308396],[-63.489614163762887,-7.319743417671917],[-63.489604286388115,-7.310679818228774]]]}},
{"type":"Feature","properties":{"DESCRIPTION":"MDT_1456130.tif","FILENAME":"U:\\P589_AmazoniaRevelada_BR-319\\LiDAR_dataset\\ENTREGAS\\ENTREGA_02\\2_MDT\\GEOTIFF\\MDT_1456130.tif","SHRT_FNAME":"MDT_1456130.tif","UPPER_LEFT_X":"446958.714","UPPER_LEFT_Y":"9191876.946","LOWER_RIGHT_X":"447960.714","LOWER_RIGHT_Y":"9190874.946"},"geometry":{"type":"Polygon","coordinates":[[[-63.480543839809798,-7.310689564243405],[-63.471466124213968,-7.310699146275947],[-63.471475635699498,-7.319762769933734],[-63.480553534414625,-7.319753175896591],[-63.480543839809798,-7.310689564243405]]]}},
{"type":"Feature","properties":{"DESCRIPTION":"MDT_1456131.tif","FILENAME":"U:\\P589_AmazoniaRevelada_BR-319\\LiDAR_dataset\\ENTREGAS\\ENTREGA_02\\2_MDT\\GEOTIFF\\MDT_1456131.tif","SHRT_FNAME":"MDT_1456131.tif","UPPER_LEFT_X":"447958.810","UPPER_LEFT_Y":"9191876.946","LOWER_RIGHT_X":"448960.810","LOWER_RIGHT_Y":"9190874.946"},"geometry":{"type":"Polygon","coordinates":[[[-63.471483380941464,-7.310699128233871],[-63.462405653264561,-7.310708527894366],[-63.462414981977737,-7.319772163305671],[-63.471492892775117,-7.319762751869052],[-63.471483380941464,-7.310699128233871]]]}},
{"type":"Feature","properties":{"DESCRIPTION":"MDT_1456132.tif","FILENAME":"U:\\P589_AmazoniaRevelada_BR-319\\LiDAR_dataset\\ENTREGAS\\ENTREGA_02\\2_MDT\\GEOTIFF\\MDT_1456132.tif","SHRT_FNAME":"MDT_1456132.tif","UPPER_LEFT_X":"448958.905","UPPER_LEFT_Y":"9191876.946","LOWER_RIGHT_X":"449960.905","LOWER_RIGHT_Y":"9190874.946"},"geometry":{"type":"Polygon","coordinates":[[[-63.462422910014801,-7.310708510198977],[-63.45334517048898,-7.310717727486256],[-63.453354316428602,-7.319781374423032],[-63.46243223907608,-7.319772145588113],[-63.462422910014801,-7.310708510198977]]]}},
{"type":"Feature","properties":{"DESCRIPTION":"MDT_1456133.tif","FILENAME":"U:\\P589_AmazoniaRevelada_BR-319\\LiDAR_dataset\\ENTREGAS\\ENTREGA_02\\2_MDT\\GEOTIFF\\MDT_1456133.tif","SHRT_FNAME":"MDT_1456133.tif","UPPER_LEFT_X":"449959.000","UPPER_LEFT_Y":"9191876.946","LOWER_RIGHT_X":"450961.000","LOWER_RIGHT_Y":"9190874.946"},"geometry":{"type":"Polygon","coordinates":[[[-63.453362427261524,-7.310717710137559],[-63.444284676118919,-7.310726745050476],[-63.444293639283856,-7.319790403284677],[-63.453371573549269,-7.319781357052602],[-63.453362427261524,-7.310717710137559]]]}},
{"type":"Feature","properties":{"DESCRIPTION":"MDT_1456134.tif","FILENAME":"U:\\P589_AmazoniaRevelada_BR-319\\LiDAR_dataset\\ENTREGAS\\ENTREGA_02\\2_MDT\\GEOTIFF\\MDT_1456134.tif","SHRT_FNAME":"MDT_1456134.tif","UPPER_LEFT_X":"450959.095","UPPER_LEFT_Y":"9191876.946","LOWER_RIGHT_X":"451961.095","LOWER_RIGHT_Y":"9190874.946"},"geometry":{"type":"Polygon","coordinates":[[[-63.444301932913319,-7.310726728048476],[-63.435224170386086,-7.310735580585906],[-63.435232950775209,-7.319799249889479],[-63.44431089642638,-7.319790386261378],[-63.444301932913319,-7.310726728048476]]]}},
{"type":"Feature","properties":{"DESCRIPTION":"MDT_1456135.tif","FILENAME":"U:\\P589_AmazoniaRevelada_BR-319\\LiDAR_dataset\\ENTREGAS\\ENTREGA_02\\2_MDT\\GEOTIFF\\MDT_1456135.tif","SHRT_FNAME":"MDT_1456135.tif","UPPER_LEFT_X":"451959.190","UPPER_LEFT_Y":"9191876.946","LOWER_RIGHT_X":"452961.190","LOWER_RIGHT_Y":"9190874.946"},"geometry":{"type":"Polygon","coordinates":[[[-63.435241427201923,-7.310735563930599],[-63.426163653522202,-7.310744234091445],[-63.426172251134396,-7.319807914236342],[-63.435250207939163,-7.31979923321331],[-63.435241427201923,-7.310735563930599]]]}},
{"type":"Feature","properties":{"DESCRIPTION":"MDT_1456136.tif","FILENAME":"U:\\P589_AmazoniaRevelada_BR-319\\LiDAR_dataset\\ENTREGAS\\ENTREGA_02\\2_MDT\\GEOTIFF\\MDT_1456136.tif","SHRT_FNAME":"MDT_1456136.tif","UPPER_LEFT_X":"452959.286","UPPER_LEFT_Y":"9191876.946","LOWER_RIGHT_X":"453961.286","LOWER_RIGHT_Y":"9190874.946"},"geometry":{"type":"Polygon","coordinates":[[[-63.426180910359015,-7.310744217782838],[-63.417103125758963,-7.310752705566014],[-63.417111540593154,-7.319816396324184],[-63.426189508319332,-7.319807897907302],[-63.426180910359015,-7.310744217782838]]]}},
{"type":"Feature","properties":{"DESCRIPTION":"MDT_1456137.tif","FILENAME":"U:\\P589_AmazoniaRevelada_BR-319\\LiDAR_dataset\\ENTREGAS\\ENTREGA_02\\2_MDT\\GEOTIFF\\MDT_1456137.tif","SHRT_FNAME":"MDT_1456137.tif","UPPER_LEFT_X":"453959.381","UPPER_LEFT_Y":"9191876.946","LOWER_RIGHT_X":"454961.381","LOWER_RIGHT_Y":"9190874.946"},"geometry":{"type":"Polygon","coordinates":[[[-63.417120382616311,-7.31075268960411],[-63.408042587328076,-7.310760995008568],[-63.40805081938322,-7.319824696151953],[-63.417128797798632,-7.319816380342282],[-63.417120382616311,-7.31075268960411]]]}},
{"type":"Feature","properties":{"DESCRIPTION":"MDT_1456138.tif","FILENAME":"U:\\P589_AmazoniaRevelada_BR-319\\LiDAR_dataset\\ENTREGAS\\ENTREGA_02\\2_MDT\\GEOTIFF\\MDT_1456138.tif","SHRT_FNAME":"MDT_1456138.tif","UPPER_LEFT_X":"454959.476","UPPER_LEFT_Y":"9191876.946","LOWER_RIGHT_X":"455961.476","LOWER_RIGHT_Y":"9190874.946"},"geometry":{"type":"Polygon","coordinates":[[[-63.408059844205518,-7.310760979393365],[-63.398982038461263,-7.31076910241807],[-63.398990087736316,-7.319832813718615],[-63.408068076608792,-7.319824680517187],[-63.408059844205518,-7.310760979393365]]]}},
{"type":"Feature","properties":{"DESCRIPTION":"MDT_1456139.tif","FILENAME":"U:\\P589_AmazoniaRevelada_BR-319\\LiDAR_dataset\\ENTREGAS\\ENTREGA_02\\2_MDT\\GEOTIFF\\MDT_1456139.tif","SHRT_FNAME":"MDT_1456139.tif","UPPER_LEFT_X":"455959.571","UPPER_LEFT_Y":"9191876.946","LOWER_RIGHT_X":"456961.571","LOWER_RIGHT_Y":"9190874.946"},"geometry":{"type":"Polygon","coordinates":[[[-63.398999295358358,-7.310769087149573],[-63.389921479390217,-7.310777027793514],[-63.389929345884177,-7.319840749023164],[-63.399007344981541,-7.319832798430988],[-63.398999295358358,-7.310769087149573]]]}},
{"type":"Feature","properties":{"DESCRIPTION":"MDT_1456140.tif","FILENAME":"U:\\P589_AmazoniaRevelada_BR-319\\LiDAR_dataset\\ENTREGAS\\ENTREGA_02\\2_MDT\\GEOTIFF\\MDT_1456140.tif","SHRT_FNAME":"MDT_1456140.tif","UPPER_LEFT_X":"456959.666","UPPER_LEFT_Y":"9191876.946","LOWER_RIGHT_X":"457961.666","LOWER_RIGHT_Y":"9190874.946"},"geometry":{"type":"Polygon","coordinates":[[[-63.389938736306533,-7.31077701287172],[-63.380860910346684,-7.31078477113391],[-63.380868594058555,-7.319848502064611],[-63.389946603148623,-7.319840734082678],[-63.389938736306533,-7.31077701287172]]]}},
{"type":"Feature","properties":{"DESCRIPTION":"MDT_1456141.tif","FILENAME":"U:\\P589_AmazoniaRevelada_BR-319\\LiDAR_dataset\\ENTREGAS\\ENTREGA_02\\2_MDT\\GEOTIFF\\MDT_1456141.tif","SHRT_FNAME":"MDT_1456141.tif","UPPER_LEFT_X":"457959.762","UPPER_LEFT_Y":"9191876.946","LOWER_RIGHT_X":"458961.762","LOWER_RIGHT_Y":"9190874.946"},"geometry":{"type":"Polygon","coordinates":[[[-63.380878167281786,-7.310784756558829],[-63.371800331562362,-7.310792332438303],[-63.371807832491179,-7.319856072841988],[-63.380885851341773,-7.319848487471265],[-63.380878167281786,-7.310784756558829]]]}},
{"type":"Feature","properties":{"DESCRIPTION":"MDT_1456142.tif","FILENAME":"U:\\P589_AmazoniaRevelada_BR-319\\LiDAR_dataset\\ENTREGAS\\ENTREGA_02\\2_MDT\\GEOTIFF\\MDT_1456142.tif","SHRT_FNAME":"MDT_1456142.tif","UPPER_LEFT_X":"458959.857","UPPER_LEFT_Y":"9191876.946","LOWER_RIGHT_X":"459961.857","LOWER_RIGHT_Y":"9190874.946"},"geometry":{"type":"Polygon","coordinates":[[[-63.371817588515789,-7.310792318209929],[-63.362739743268968,-7.310799711705745],[-63.362747061413778,-7.319863461354359],[-63.371825089792722,-7.319856058595791],[-63.371817588515789,-7.310792318209929]]]}},
{"type":"Feature","properties":{"DESCRIPTION":"MDT_1456143.tif","FILENAME":"U:\\P589_AmazoniaRevelada_BR-319\\LiDAR_dataset\\ENTREGAS\\ENTREGA_02\\2_MDT\\GEOTIFF\\MDT_1456143.tif","SHRT_FNAME":"MDT_1456143.tif","UPPER_LEFT_X":"459959.952","UPPER_LEFT_Y":"9191876.946","LOWER_RIGHT_X":"460961.952","LOWER_RIGHT_Y":"9190874.946"},"geometry":{"type":"Polygon","coordinates":[[[-63.362757000240286,-7.310799697824082],[-63.353679145698216,-7.310806908935323],[-63.353686281058124,-7.319870667600804],[-63.362764318733234,-7.319863447455305],[-63.362757000240286,-7.310799697824082]]]}},
{"type":"Feature","properties":{"DESCRIPTION":"MDT_1456144.tif","FILENAME":"U:\\P589_AmazoniaRevelada_BR-319\\LiDAR_dataset\\ENTREGAS\\ENTREGA_02\\2_MDT\\GEOTIFF\\MDT_1456144.tif","SHRT_FNAME":"MDT_1456144.tif","UPPER_LEFT_X":"460960.047","UPPER_LEFT_Y":"9191876.946","LOWER_RIGHT_X":"461962.047","LOWER_RIGHT_Y":"9190874.946"},"geometry":{"type":"Polygon","coordinates":[[[-63.353696402686985,-7.310806895400372],[-63.344618539081836,-7.310813924126138],[-63.344625491655925,-7.319877691580424],[-63.353703538395024,-7.319870654048899],[-63.353696402686985,-7.310806895400372]]]}},
{"type":"Feature","properties":{"DESCRIPTION":"MDT_1456145.tif","FILENAME":"U:\\P589_AmazoniaRevelada_BR-319\\LiDAR_dataset\\ENTREGAS\\ENTREGA_02\\2_MDT\\GEOTIFF\\MDT_1456145.tif","SHRT_FNAME":"MDT_1456145.tif","UPPER_LEFT_X":"461960.142","UPPER_LEFT_Y":"9191876.946","LOWER_RIGHT_X":"462962.142","LOWER_RIGHT_Y":"9190874.946"},"geometry":{"type":"Polygon","coordinates":[[[-63.344635796087609,-7.310813910937904],[-63.335557923651542,-7.310820757277321],[-63.33556469343894,-7.319884533292352],[-63.344642749009843,-7.31987767837567],[-63.344635796087609,-7.310813910937904]]]}},
{"type":"Feature","properties":{"DESCRIPTION":"MDT_1456146.tif","FILENAME":"U:\\P589_AmazoniaRevelada_BR-319\\LiDAR_dataset\\ENTREGAS\\ENTREGA_02\\2_MDT\\GEOTIFF\\MDT_1456146.tif","SHRT_FNAME":"MDT_1456146.tif","UPPER_LEFT_X":"462960.238","UPPER_LEFT_Y":"9191876.946","LOWER_RIGHT_X":"463962.238","LOWER_RIGHT_Y":"9190874.946"},"geometry":{"type":"Polygon","coordinates":[[[-63.335575180673878,-7.310820744435805],[-63.326497299639058,-7.310827408388021],[-63.326503886638925,-7.319891192735728],[-63.335581950809427,-7.319884520434747],[-63.335575180673878,-7.310820744435805]]]}},
{"type":"Feature","properties":{"DESCRIPTION":"MDT_1456147.tif","FILENAME":"U:\\P589_AmazoniaRevelada_BR-319\\LiDAR_dataset\\ENTREGAS\\ENTREGA_02\\2_MDT\\GEOTIFF\\MDT_1456147.tif","SHRT_FNAME":"MDT_1456147.tif","UPPER_LEFT_X":"463960.333","UPPER_LEFT_Y":"9191876.946","LOWER_RIGHT_X":"464962.333","LOWER_RIGHT_Y":"9190874.946"},"geometry":{"type":"Polygon","coordinates":[[[-63.326514556677523,-7.310827395893225],[-63.317436667276105,-7.310833877457413],[-63.31744307148761,-7.319897669909728],[-63.326521144025527,-7.319891180225275],[-63.326514556677523,-7.310827395893225]]]}},
{"type":"Feature","properties":{"DESCRIPTION":"MDT_1457103.tif","FILENAME":"U:\\P589_AmazoniaRevelada_BR-319\\LiDAR_dataset\\ENTREGAS\\ENTREGA_02\\2_MDT\\GEOTIFF\\MDT_1457103.tif","SHRT_FNAME":"MDT_1457103.tif","UPPER_LEFT_X":"419956.144","UPPER_LEFT_Y":"9190877.071","LOWER_RIGHT_X":"420958.144","LOWER_RIGHT_Y":"9189875.071"},"geometry":{"type":"Polygon","coordinates":[[[-63.725185422463142,-7.319406518406268],[-63.716107938110412,-7.31942104209373],[-63.716122402269015,-7.328484258551698],[-63.725200069932527,-7.32846971669065],[-63.725185422463142,-7.319406518406268]]]}},
{"type":"Feature","properties":{"DESCRIPTION":"MDT_1457104.tif","FILENAME":"U:\\P589_AmazoniaRevelada_BR-319\\LiDAR_dataset\\ENTREGAS\\ENTREGA_02\\2_MDT\\GEOTIFF\\MDT_1457104.tif","SHRT_FNAME":"MDT_1457104.tif","UPPER_LEFT_X":"420956.239","UPPER_LEFT_Y":"9190877.071","LOWER_RIGHT_X":"421958.239","LOWER_RIGHT_Y":"9189875.071"},"geometry":{"type":"Polygon","coordinates":[[[-63.71612519440427,-7.319421014657755],[-63.70704769170144,-7.319435355785359],[-63.707061972895929,-7.32849859015414],[-63.716139658911345,-7.328484231081392],[-63.71612519440427,-7.319421014657755]]]}},
{"type":"Feature","properties":{"DESCRIPTION":"MDT_1457105.tif","FILENAME":"U:\\P589_AmazoniaRevelada_BR-319\\LiDAR_dataset\\ENTREGAS\\ENTREGA_02\\2_MDT\\GEOTIFF\\MDT_1457105.tif","SHRT_FNAME":"MDT_1457105.tif","UPPER_LEFT_X":"421956.334","UPPER_LEFT_Y":"9190877.071","LOWER_RIGHT_X":"422958.334","LOWER_RIGHT_Y":"9189875.071"},"geometry":{"type":"Polygon","coordinates":[[[-63.707064948029966,-7.319435328696433],[-63.697987427209192,-7.31944948726239],[-63.698001525437753,-7.328512739313982],[-63.70707922957294,-7.328498563031318],[-63.707064948029966,-7.319435328696433]]]}},
{"type":"Feature","properties":{"DESCRIPTION":"MDT_1457106.tif","FILENAME":"U:\\P589_AmazoniaRevelada_BR-319\\LiDAR_dataset\\ENTREGAS\\ENTREGA_02\\2_MDT\\GEOTIFF\\MDT_1457106.tif","SHRT_FNAME":"MDT_1457106.tif","UPPER_LEFT_X":"422956.430","UPPER_LEFT_Y":"9190877.071","LOWER_RIGHT_X":"423958.430","LOWER_RIGHT_Y":"9189875.071"},"geometry":{"type":"Polygon","coordinates":[[[-63.698004683571938,-7.319449460520517],[-63.688927144865296,-7.31946343652307],[-63.688941060126176,-7.328526706029463],[-63.698018782148985,-7.328512712538647],[-63.698004683571938,-7.319449460520517]]]}},
{"type":"Feature","properties":{"DESCRIPTION":"MDT_1457107.tif","FILENAME":"U:\\P589_AmazoniaRevelada_BR-319\\LiDAR_dataset\\ENTREGAS\\ENTREGA_02\\2_MDT\\GEOTIFF\\MDT_1457107.tif","SHRT_FNAME":"MDT_1457107.tif","UPPER_LEFT_X":"423956.525","UPPER_LEFT_Y":"9190877.071","LOWER_RIGHT_X":"424958.525","LOWER_RIGHT_Y":"9189875.071"},"geometry":{"type":"Polygon","coordinates":[[[-63.688944401261821,-7.319463410128249],[-63.679866844901454,-7.31947720356566],[-63.679880577192897,-7.328540490298849],[-63.688958316871194,-7.328526679601614],[-63.688944401261821,-7.319463410128249]]]}},
{"type":"Feature","properties":{"DESCRIPTION":"MDT_1457108.tif","FILENAME":"U:\\P589_AmazoniaRevelada_BR-319\\LiDAR_dataset\\ENTREGAS\\ENTREGA_02\\2_MDT\\GEOTIFF\\MDT_1457108.tif","SHRT_FNAME":"MDT_1457108.tif","UPPER_LEFT_X":"424956.620","UPPER_LEFT_Y":"9190877.071","LOWER_RIGHT_X":"425958.620","LOWER_RIGHT_Y":"9189875.071"},"geometry":{"type":"Polygon","coordinates":[[[-63.679884101331325,-7.3194771775179],[-63.670806527549331,-7.319490788388453],[-63.67082007686961,-7.328554092120422],[-63.679897833971253,-7.328540464218491],[-63.679884101331325,-7.3194771775179]]]}},
{"type":"Feature","properties":{"DESCRIPTION":"MDT_1457109.tif","FILENAME":"U:\\P589_AmazoniaRevelada_BR-319\\LiDAR_dataset\\ENTREGAS\\ENTREGA_02\\2_MDT\\GEOTIFF\\MDT_1457109.tif","SHRT_FNAME":"MDT_1457109.tif","UPPER_LEFT_X":"425956.715","UPPER_LEFT_Y":"9190877.071","LOWER_RIGHT_X":"426958.715","LOWER_RIGHT_Y":"9189875.071"},"geometry":{"type":"Polygon","coordinates":[[[-63.670823784012107,-7.31949076268775],[-63.661746193040628,-7.319504190989757],[-63.661759559388052,-7.32856751149249],[-63.670837333680872,-7.328554066387559],[-63.670823784012107,-7.31949076268775]]]}},
{"type":"Feature","properties":{"DESCRIPTION":"MDT_1457110.tif","FILENAME":"U:\\P589_AmazoniaRevelada_BR-319\\LiDAR_dataset\\ENTREGAS\\ENTREGA_02\\2_MDT\\GEOTIFF\\MDT_1457110.tif","SHRT_FNAME":"MDT_1457110.tif","UPPER_LEFT_X":"426956.810","UPPER_LEFT_Y":"9190877.071","LOWER_RIGHT_X":"427958.810","LOWER_RIGHT_Y":"9189875.071"},"geometry":{"type":"Polygon","coordinates":[[[-63.661763449535854,-7.319504165636118],[-63.65268584160701,-7.319517411367904],[-63.652699024979896,-7.328580748413388],[-63.661776816231765,-7.328567486107127],[-63.661763449535854,-7.319504165636118]]]}},
{"type":"Feature","properties":{"DESCRIPTION":"MDT_1457111.tif","FILENAME":"U:\\P589_AmazoniaRevelada_BR-319\\LiDAR_dataset\\ENTREGAS\\ENTREGA_02\\2_MDT\\GEOTIFF\\MDT_1457111.tif","SHRT_FNAME":"MDT_1457111.tif","UPPER_LEFT_X":"427956.906","UPPER_LEFT_Y":"9190877.071","LOWER_RIGHT_X":"428958.906","LOWER_RIGHT_Y":"9189875.071"},"geometry":{"type":"Polygon","coordinates":[[[-63.652703098134261,-7.319517386361331],[-63.643625473480185,-7.319530449521249],[-63.643638473876869,-7.328593802881465],[-63.652716281855625,-7.328580723375525],[-63.652703098134261,-7.319517386361331]]]}},
{"type":"Feature","properties":{"DESCRIPTION":"MDT_1457112.tif","FILENAME":"U:\\P589_AmazoniaRevelada_BR-319\\LiDAR_dataset\\ENTREGAS\\ENTREGA_02\\2_MDT\\GEOTIFF\\MDT_1457112.tif","SHRT_FNAME":"MDT_1457112.tif","UPPER_LEFT_X":"428957.001","UPPER_LEFT_Y":"9190877.071","LOWER_RIGHT_X":"429959.001","LOWER_RIGHT_Y":"9189875.071"},"geometry":{"type":"Polygon","coordinates":[[[-63.643642730038998,-7.319530424861748],[-63.634565088891819,-7.319543305448176],[-63.634577906310675,-7.328606674895104],[-63.643655730784175,-7.328593778191107],[-63.643642730038998,-7.319530424861748]]]}},
{"type":"Feature","properties":{"DESCRIPTION":"MDT_1457113.tif","FILENAME":"U:\\P589_AmazoniaRevelada_BR-319\\LiDAR_dataset\\ENTREGAS\\ENTREGA_02\\2_MDT\\GEOTIFF\\MDT_1457113.tif","SHRT_FNAME":"MDT_1457113.tif","UPPER_LEFT_X":"429957.096","UPPER_LEFT_Y":"9190877.071","LOWER_RIGHT_X":"430959.096","LOWER_RIGHT_Y":"9189875.071"},"geometry":{"type":"Polygon","coordinates":[[[-63.634582345481761,-7.319543281135746],[-63.625504688073612,-7.319555979147083],[-63.625517322513033,-7.328619364452698],[-63.634595163249131,-7.328606650552254],[-63.634582345481761,-7.319543281135746]]]}},
{"type":"Feature","properties":{"DESCRIPTION":"MDT_1457114.tif","FILENAME":"U:\\P589_AmazoniaRevelada_BR-319\\LiDAR_dataset\\ENTREGAS\\ENTREGA_02\\2_MDT\\GEOTIFF\\MDT_1457114.tif","SHRT_FNAME":"MDT_1457114.tif","UPPER_LEFT_X":"430957.191","UPPER_LEFT_Y":"9190877.071","LOWER_RIGHT_X":"431959.191","LOWER_RIGHT_Y":"9189875.071"},"geometry":{"type":"Polygon","coordinates":[[[-63.625521944694256,-7.31955595518173],[-63.616444271257265,-7.319568470616392],[-63.616456722715668,-7.328631871552674],[-63.625534579482178,-7.328619340457363],[-63.625521944694256,-7.31955595518173]]]}},
{"type":"Feature","properties":{"DESCRIPTION":"MDT_1457115.tif","FILENAME":"U:\\P589_AmazoniaRevelada_BR-319\\LiDAR_dataset\\ENTREGAS\\ENTREGA_02\\2_MDT\\GEOTIFF\\MDT_1457115.tif","SHRT_FNAME":"MDT_1457115.tif","UPPER_LEFT_X":"431957.286","UPPER_LEFT_Y":"9190877.071","LOWER_RIGHT_X":"432959.286","LOWER_RIGHT_Y":"9189875.071"},"geometry":{"type":"Polygon","coordinates":[[[-63.61646152790815,-7.319568446998121],[-63.607383838674465,-7.319580779854554],[-63.607396107150265,-7.328644196193475],[-63.61647397971506,-7.328631847904851],[-63.61646152790815,-7.319568446998121]]]}},
{"type":"Feature","properties":{"DESCRIPTION":"MDT_1457116.tif","FILENAME":"U:\\P589_AmazoniaRevelada_BR-319\\LiDAR_dataset\\ENTREGAS\\ENTREGA_02\\2_MDT\\GEOTIFF\\MDT_1457116.tif","SHRT_FNAME":"MDT_1457116.tif","UPPER_LEFT_X":"432957.382","UPPER_LEFT_Y":"9190877.071","LOWER_RIGHT_X":"433959.382","LOWER_RIGHT_Y":"9189875.071"},"geometry":{"type":"Polygon","coordinates":[[[-63.607401095355158,-7.319580756583364],[-63.598323390556907,-7.319592906860035],[-63.598335476048575,-7.328656338373566],[-63.607413364179479,-7.328644172893166],[-63.607401095355158,-7.319580756583364]]]}},
{"type":"Feature","properties":{"DESCRIPTION":"MDT_1457117.tif","FILENAME":"U:\\P589_AmazoniaRevelada_BR-319\\LiDAR_dataset\\ENTREGAS\\ENTREGA_02\\2_MDT\\GEOTIFF\\MDT_1457117.tif","SHRT_FNAME":"MDT_1457117.tif","UPPER_LEFT_X":"433957.477","UPPER_LEFT_Y":"9190877.071","LOWER_RIGHT_X":"434959.477","LOWER_RIGHT_Y":"9189875.071"},"geometry":{"type":"Polygon","coordinates":[[[-63.598340647266966,-7.319592883935932],[-63.589262927136289,-7.319604851631328],[-63.589274829642314,-7.328668298091443],[-63.598352733107156,-7.328656315420781],[-63.598340647266966,-7.319592883935932]]]}},
{"type":"Feature","properties":{"DESCRIPTION":"MDT_1457118.tif","FILENAME":"U:\\P589_AmazoniaRevelada_BR-319\\LiDAR_dataset\\ENTREGAS\\ENTREGA_02\\2_MDT\\GEOTIFF\\MDT_1457118.tif","SHRT_FNAME":"MDT_1457118.tif","UPPER_LEFT_X":"434957.572","UPPER_LEFT_Y":"9190877.071","LOWER_RIGHT_X":"435959.572","LOWER_RIGHT_Y":"9189875.071"},"geometry":{"type":"Polygon","coordinates":[[[-63.589280183875275,-7.319604829054311],[-63.580202448644322,-7.319616614166949],[-63.580214168163209,-7.328680075345611],[-63.58929208672982,-7.328668275486175],[-63.589280183875275,-7.319604829054311]]]}},
{"type":"Feature","properties":{"DESCRIPTION":"MDT_1457119.tif","FILENAME":"U:\\P589_AmazoniaRevelada_BR-319\\LiDAR_dataset\\ENTREGAS\\ENTREGA_02\\2_MDT\\GEOTIFF\\MDT_1457119.tif","SHRT_FNAME":"MDT_1457119.tif","UPPER_LEFT_X":"435957.667","UPPER_LEFT_Y":"9190877.071","LOWER_RIGHT_X":"436959.667","LOWER_RIGHT_Y":"9189875.071"},"geometry":{"type":"Polygon","coordinates":[[[-63.580219705411793,-7.319616591937023],[-63.571141955312697,-7.319628194465434],[-63.571153491842971,-7.328691670134611],[-63.580231425279202,-7.328680053087871],[-63.580219705411793,-7.319616591937023]]]}},
{"type":"Feature","properties":{"DESCRIPTION":"MDT_1457120.tif","FILENAME":"U:\\P589_AmazoniaRevelada_BR-319\\LiDAR_dataset\\ENTREGAS\\ENTREGA_02\\2_MDT\\GEOTIFF\\MDT_1457120.tif","SHRT_FNAME":"MDT_1457120.tif","UPPER_LEFT_X":"436957.762","UPPER_LEFT_Y":"9190877.071","LOWER_RIGHT_X":"437959.762","LOWER_RIGHT_Y":"9189875.071"},"geometry":{"type":"Polygon","coordinates":[[[-63.571159212108221,-7.319628172582602],[-63.562081447373131,-7.319639592525343],[-63.562092800913327,-7.328703082457],[-63.571170748987015,-7.328691648224398],[-63.571159212108221,-7.319628172582602]]]}},
{"type":"Feature","properties":{"DESCRIPTION":"MDT_1457121.tif","FILENAME":"U:\\P589_AmazoniaRevelada_BR-319\\LiDAR_dataset\\ENTREGAS\\ENTREGA_02\\2_MDT\\GEOTIFF\\MDT_1457121.tif","SHRT_FNAME":"MDT_1457121.tif","UPPER_LEFT_X":"437957.858","UPPER_LEFT_Y":"9190877.071","LOWER_RIGHT_X":"438959.858","LOWER_RIGHT_Y":"9189875.071"},"geometry":{"type":"Polygon","coordinates":[[[-63.562098704196245,-7.319639570989609],[-63.553020925057318,-7.319650808345261],[-63.553032095606028,-7.328714312311356],[-63.562110058084983,-7.328703060894315],[-63.562098704196245,-7.319639570989609]]]}},
{"type":"Feature","properties":{"DESCRIPTION":"MDT_1457122.tif","FILENAME":"U:\\P589_AmazoniaRevelada_BR-319\\LiDAR_dataset\\ENTREGAS\\ENTREGA_02\\2_MDT\\GEOTIFF\\MDT_1457122.tif","SHRT_FNAME":"MDT_1457122.tif","UPPER_LEFT_X":"438957.953","UPPER_LEFT_Y":"9190877.071","LOWER_RIGHT_X":"439959.953","LOWER_RIGHT_Y":"9189875.071"},"geometry":{"type":"Polygon","coordinates":[[[-63.55303818190761,-7.319650787156624],[-63.543960388596979,-7.319661841923789],[-63.543971376152797,-7.328725359696286],[-63.553049352804848,-7.328714291096206],[-63.55303818190761,-7.319650787156624]]]}},
{"type":"Feature","properties":{"DESCRIPTION":"MDT_1457123.tif","FILENAME":"U:\\P589_AmazoniaRevelada_BR-319\\LiDAR_dataset\\ENTREGAS\\ENTREGA_02\\2_MDT\\GEOTIFF\\MDT_1457123.tif","SHRT_FNAME":"MDT_1457123.tif","UPPER_LEFT_X":"439958.048","UPPER_LEFT_Y":"9190877.071","LOWER_RIGHT_X":"440960.048","LOWER_RIGHT_Y":"9189875.071"},"geometry":{"type":"Polygon","coordinates":[[[-63.543977645473973,-7.319661821082253],[-63.534899838223815,-7.319672693259555],[-63.534910642785363,-7.328736224610413],[-63.543988633378326,-7.328725338828673],[-63.543977645473973,-7.319661821082253]]]}},
{"type":"Feature","properties":{"DESCRIPTION":"MDT_1457124.tif","FILENAME":"U:\\P589_AmazoniaRevelada_BR-319\\LiDAR_dataset\\ENTREGAS\\ENTREGA_02\\2_MDT\\GEOTIFF\\MDT_1457124.tif","SHRT_FNAME":"MDT_1457124.tif","UPPER_LEFT_X":"440958.143","UPPER_LEFT_Y":"9190877.071","LOWER_RIGHT_X":"441960.143","LOWER_RIGHT_Y":"9189875.071"},"geometry":{"type":"Polygon","coordinates":[[[-63.534917095127092,-7.319672672765122],[-63.525839274169542,-7.319683362351214],[-63.525849895735462,-7.32874690705239],[-63.534927900037175,-7.328736204090339],[-63.534917095127092,-7.319672672765122]]]}},
{"type":"Feature","properties":{"DESCRIPTION":"MDT_1457125.tif","FILENAME":"U:\\P589_AmazoniaRevelada_BR-319\\LiDAR_dataset\\ENTREGAS\\ENTREGA_02\\2_MDT\\GEOTIFF\\MDT_1457125.tif","SHRT_FNAME":"MDT_1457125.tif","UPPER_LEFT_X":"441958.238","UPPER_LEFT_Y":"9190877.071","LOWER_RIGHT_X":"442960.238","LOWER_RIGHT_Y":"9189875.071"},"geometry":{"type":"Polygon","coordinates":[[[-63.525856531098654,-7.31968334220389],[-63.516778696665874,-7.319693849197436],[-63.516789135234824,-7.328757407020888],[-63.52586715301311,-7.328746886879855],[-63.525856531098654,-7.31968334220389]]]}},
{"type":"Feature","properties":{"DESCRIPTION":"MDT_1457126.tif","FILENAME":"U:\\P589_AmazoniaRevelada_BR-319\\LiDAR_dataset\\ENTREGAS\\ENTREGA_02\\2_MDT\\GEOTIFF\\MDT_1457126.tif","SHRT_FNAME":"MDT_1457126.tif","UPPER_LEFT_X":"442958.334","UPPER_LEFT_Y":"9190877.071","LOWER_RIGHT_X":"443960.334","LOWER_RIGHT_Y":"9189875.071"},"geometry":{"type":"Polygon","coordinates":[[[-63.516795953620381,-7.31969382939722],[-63.507718105944534,-7.319704153796915],[-63.507728361515206,-7.328767724514595],[-63.516806392537887,-7.328757387195895],[-63.516795953620381,-7.31969382939722]]]}},
{"type":"Feature","properties":{"DESCRIPTION":"MDT_1457127.tif","FILENAME":"U:\\P589_AmazoniaRevelada_BR-319\\LiDAR_dataset\\ENTREGAS\\ENTREGA_02\\2_MDT\\GEOTIFF\\MDT_1457127.tif","SHRT_FNAME":"MDT_1457127.tif","UPPER_LEFT_X":"443958.429","UPPER_LEFT_Y":"9190877.071","LOWER_RIGHT_X":"444960.429","LOWER_RIGHT_Y":"9189875.071"},"geometry":{"type":"Polygon","coordinates":[[[-63.507735362923995,-7.319704134343815],[-63.498657502237215,-7.319714276148379],[-63.49866757480833,-7.328777859532233],[-63.507745618843217,-7.32876770503715],[-63.507735362923995,-7.319704134343815]]]}},
{"type":"Feature","properties":{"DESCRIPTION":"MDT_1457128.tif","FILENAME":"U:\\P589_AmazoniaRevelada_BR-319\\LiDAR_dataset\\ENTREGAS\\ENTREGA_02\\2_MDT\\GEOTIFF\\MDT_1457128.tif","SHRT_FNAME":"MDT_1457128.tif","UPPER_LEFT_X":"444958.524","UPPER_LEFT_Y":"9190877.071","LOWER_RIGHT_X":"445960.524","LOWER_RIGHT_Y":"9189875.071"},"geometry":{"type":"Polygon","coordinates":[[[-63.498674759241204,-7.319714257042388],[-63.489596885775676,-7.319724216250555],[-63.489606775345955,-7.328787812072542],[-63.498684832160855,-7.328777840402338],[-63.498674759241204,-7.319714257042388]]]}},
{"type":"Feature","properties":{"DESCRIPTION":"MDT_1457129.tif","FILENAME":"U:\\P589_AmazoniaRevelada_BR-319\\LiDAR_dataset\\ENTREGAS\\ENTREGA_02\\2_MDT\\GEOTIFF\\MDT_1457129.tif","SHRT_FNAME":"MDT_1457129.tif","UPPER_LEFT_X":"445958.619","UPPER_LEFT_Y":"9190877.071","LOWER_RIGHT_X":"446960.619","LOWER_RIGHT_Y":"9189875.071"},"geometry":{"type":"Polygon","coordinates":[[[-63.489614142803717,-7.319724197491683],[-63.480536256791602,-7.319733974102218],[-63.480545963359809,-7.328797582134282],[-63.489624032722546,-7.328787793290195],[-63.489614142803717,-7.319724197491683]]]}},
{"type":"Feature","properties":{"DESCRIPTION":"MDT_1457130.tif","FILENAME":"U:\\P589_AmazoniaRevelada_BR-319\\LiDAR_dataset\\ENTREGAS\\ENTREGA_02\\2_MDT\\GEOTIFF\\MDT_1457130.tif","SHRT_FNAME":"MDT_1457130.tif","UPPER_LEFT_X":"446958.714","UPPER_LEFT_Y":"9190877.071","LOWER_RIGHT_X":"447960.714","LOWER_RIGHT_Y":"9189875.071"},"geometry":{"type":"Polygon","coordinates":[[[-63.480553513843283,-7.319733955690466],[-63.471475615516731,-7.319743549702149],[-63.471485139081651,-7.32880716971624],[-63.480563220760047,-7.32879756369949],[-63.480553513843283,-7.319733955690466]]]}},
{"type":"Feature","properties":{"DESCRIPTION":"MDT_1457131.tif","FILENAME":"U:\\P589_AmazoniaRevelada_BR-319\\LiDAR_dataset\\ENTREGAS\\ENTREGA_02\\2_MDT\\GEOTIFF\\MDT_1457131.tif","SHRT_FNAME":"MDT_1457131.tif","UPPER_LEFT_X":"447958.810","UPPER_LEFT_Y":"9190877.071","LOWER_RIGHT_X":"448960.810","LOWER_RIGHT_Y":"9189875.071"},"geometry":{"type":"Polygon","coordinates":[[[-63.471492872591604,-7.319743531637515],[-63.462414962182791,-7.319752943049159],[-63.462424302743223,-7.328816574817223],[-63.47150239650508,-7.328807151629002],[-63.471492872591604,-7.319743531637515]]]}},
{"type":"Feature","properties":{"DESCRIPTION":"MDT_1457132.tif","FILENAME":"U:\\P589_AmazoniaRevelada_BR-319\\LiDAR_dataset\\ENTREGAS\\ENTREGA_02\\2_MDT\\GEOTIFF\\MDT_1457132.tif","SHRT_FNAME":"MDT_1457132.tif","UPPER_LEFT_X":"448958.905","UPPER_LEFT_Y":"9190877.071","LOWER_RIGHT_X":"449960.905","LOWER_RIGHT_Y":"9189875.071"},"geometry":{"type":"Polygon","coordinates":[[[-63.462432219280402,-7.31975292533165],[-63.453354297021498,-7.319762154142079],[-63.453363454576277,-7.328825797436061],[-63.462441560189397,-7.328816557077544],[-63.462432219280402,-7.31975292533165]]]}},
{"type":"Feature","properties":{"DESCRIPTION":"MDT_1457133.tif","FILENAME":"U:\\P589_AmazoniaRevelada_BR-319\\LiDAR_dataset\\ENTREGAS\\ENTREGA_02\\2_MDT\\GEOTIFF\\MDT_1457133.tif","SHRT_FNAME":"MDT_1457133.tif","UPPER_LEFT_X":"449959.000","UPPER_LEFT_Y":"9190877.071","LOWER_RIGHT_X":"450961.000","LOWER_RIGHT_Y":"9189875.071"},"geometry":{"type":"Polygon","coordinates":[[[-63.45337155414142,-7.319762136771696],[-63.444293620264588,-7.319771182979768],[-63.444302594812548,-7.328834837571605],[-63.453380712044748,-7.328825780043942],[-63.45337155414142,-7.319762136771696]]]}},
{"type":"Feature","properties":{"DESCRIPTION":"MDT_1457134.tif","FILENAME":"U:\\P589_AmazoniaRevelada_BR-319\\LiDAR_dataset\\ENTREGAS\\ENTREGA_02\\2_MDT\\GEOTIFF\\MDT_1457134.tif","SHRT_FNAME":"MDT_1457134.tif","UPPER_LEFT_X":"450959.095","UPPER_LEFT_Y":"9190877.071","LOWER_RIGHT_X":"451961.095","LOWER_RIGHT_Y":"9189875.071"},"geometry":{"type":"Polygon","coordinates":[[[-63.444310877406366,-7.319771165956511],[-63.435232932143769,-7.319780029561096],[-63.435241723683802,-7.328843695222737],[-63.444319852302897,-7.328834820527051],[-63.444310877406366,-7.319771165956511]]]}},
{"type":"Feature","properties":{"DESCRIPTION":"MDT_1457135.tif","FILENAME":"U:\\P589_AmazoniaRevelada_BR-319\\LiDAR_dataset\\ENTREGAS\\ENTREGA_02\\2_MDT\\GEOTIFF\\MDT_1457135.tif","SHRT_FNAME":"MDT_1457135.tif","UPPER_LEFT_X":"451959.190","UPPER_LEFT_Y":"9190877.071","LOWER_RIGHT_X":"452961.190","LOWER_RIGHT_Y":"9189875.071"},"geometry":{"type":"Polygon","coordinates":[[[-63.435250189306991,-7.31978001288497],[-63.426172232890814,-7.319788693884969],[-63.42618084142179,-7.32885237038835],[-63.435258981195588,-7.328843678525744],[-63.435250189306991,-7.31978001288497]]]}},
{"type":"Feature","properties":{"DESCRIPTION":"MDT_1457136.tif","FILENAME":"U:\\P589_AmazoniaRevelada_BR-319\\LiDAR_dataset\\ENTREGAS\\ENTREGA_02\\2_MDT\\GEOTIFF\\MDT_1457136.tif","SHRT_FNAME":"MDT_1457136.tif","UPPER_LEFT_X":"452959.286","UPPER_LEFT_Y":"9190877.071","LOWER_RIGHT_X":"453961.286","LOWER_RIGHT_Y":"9189875.071"},"geometry":{"type":"Polygon","coordinates":[[[-63.426189490074997,-7.319788677555974],[-63.417111522737407,-7.319797175950303],[-63.417119948258275,-7.328860863067367],[-63.426198098954551,-7.328852354038923],[-63.426189490074997,-7.319788677555974]]]}},
{"type":"Feature","properties":{"DESCRIPTION":"MDT_1457137.tif","FILENAME":"U:\\P589_AmazoniaRevelada_BR-319\\LiDAR_dataset\\ENTREGAS\\ENTREGA_02\\2_MDT\\GEOTIFF\\MDT_1457137.tif","SHRT_FNAME":"MDT_1457137.tif","UPPER_LEFT_X":"453959.381","UPPER_LEFT_Y":"9190877.071","LOWER_RIGHT_X":"454961.381","LOWER_RIGHT_Y":"9189875.071"},"geometry":{"type":"Polygon","coordinates":[[[-63.417128779942146,-7.319797159968445],[-63.408050801915309,-7.319805475756048],[-63.408059044425002,-7.328869173258729],[-63.417137205811585,-7.328860847065506],[-63.417128779942146,-7.319797159968445]]]}},
{"type":"Feature","properties":{"DESCRIPTION":"MDT_1457138.tif","FILENAME":"U:\\P589_AmazoniaRevelada_BR-319\\LiDAR_dataset\\ENTREGAS\\ENTREGA_02\\2_MDT\\GEOTIFF\\MDT_1457138.tif","SHRT_FNAME":"MDT_1457138.tif","UPPER_LEFT_X":"454959.476","UPPER_LEFT_Y":"9190877.071","LOWER_RIGHT_X":"455961.476","LOWER_RIGHT_Y":"9189875.071"},"geometry":{"type":"Polygon","coordinates":[[[-63.408068059140142,-7.319805460121325],[-63.398990070656254,-7.319813593301174],[-63.398998130153728,-7.328877300961405],[-63.408076301998399,-7.328869157604441],[-63.408068059140142,-7.319805460121325]]]}},
{"type":"Feature","properties":{"DESCRIPTION":"MDT_1457139.tif","FILENAME":"U:\\P589_AmazoniaRevelada_BR-319\\LiDAR_dataset\\ENTREGAS\\ENTREGA_02\\2_MDT\\GEOTIFF\\MDT_1457139.tif","SHRT_FNAME":"MDT_1457139.tif","UPPER_LEFT_X":"455959.571","UPPER_LEFT_Y":"9190877.071","LOWER_RIGHT_X":"456961.571","LOWER_RIGHT_Y":"9189875.071"},"geometry":{"type":"Polygon","coordinates":[[[-63.399007327900755,-7.319813578013588],[-63.389929329191979,-7.319821528584667],[-63.389937205676212,-7.328885246174387],[-63.399015387746786,-7.328877285654687],[-63.399007327900755,-7.319813578013588]]]}},
{"type":"Feature","properties":{"DESCRIPTION":"MDT_1457140.tif","FILENAME":"U:\\P589_AmazoniaRevelada_BR-319\\LiDAR_dataset\\ENTREGAS\\ENTREGA_02\\2_MDT\\GEOTIFF\\MDT_1457140.tif","SHRT_FNAME":"MDT_1457140.tif","UPPER_LEFT_X":"456959.666","UPPER_LEFT_Y":"9190877.071","LOWER_RIGHT_X":"457961.666","LOWER_RIGHT_Y":"9189875.071"},"geometry":{"type":"Polygon","coordinates":[[[-63.389946586455686,-7.319821513644218],[-63.380868577754192,-7.319829281605539],[-63.380876271224224,-7.328893008896681],[-63.389954463288497,-7.328885231215243],[-63.389946586455686,-7.319821513644218]]]}},
{"type":"Feature","properties":{"DESCRIPTION":"MDT_1457141.tif","FILENAME":"U:\\P589_AmazoniaRevelada_BR-319\\LiDAR_dataset\\ENTREGAS\\ENTREGA_02\\2_MDT\\GEOTIFF\\MDT_1457141.tif","SHRT_FNAME":"MDT_1457141.tif","UPPER_LEFT_X":"457959.762","UPPER_LEFT_Y":"9190877.071","LOWER_RIGHT_X":"458961.762","LOWER_RIGHT_Y":"9189875.071"},"geometry":{"type":"Polygon","coordinates":[[[-63.380885835036686,-7.319829267012234],[-63.37180781657468,-7.31983685236283],[-63.371815327029523,-7.328900589127324],[-63.380893528855289,-7.328892994285115],[-63.380885835036686,-7.319829267012234]]]}},
{"type":"Feature","properties":{"DESCRIPTION":"MDT_1457142.tif","FILENAME":"U:\\P589_AmazoniaRevelada_BR-319\\LiDAR_dataset\\ENTREGAS\\ENTREGA_02\\2_MDT\\GEOTIFF\\MDT_1457142.tif","SHRT_FNAME":"MDT_1457142.tif","UPPER_LEFT_X":"458959.857","UPPER_LEFT_Y":"9190877.071","LOWER_RIGHT_X":"459961.857","LOWER_RIGHT_Y":"9189875.071"},"geometry":{"type":"Polygon","coordinates":[[[-63.371825073875499,-7.319836838116667],[-63.362747045885136,-7.319844240855596],[-63.362754373323853,-7.328907986865378],[-63.371832584678906,-7.328900574863337],[-63.371825073875499,-7.319836838116667]]]}},
{"type":"Feature","properties":{"DESCRIPTION":"MDT_1457143.tif","FILENAME":"U:\\P589_AmazoniaRevelada_BR-319\\LiDAR_dataset\\ENTREGAS\\ENTREGA_02\\2_MDT\\GEOTIFF\\MDT_1457143.tif","SHRT_FNAME":"MDT_1457143.tif","UPPER_LEFT_X":"459959.952","UPPER_LEFT_Y":"9190877.071","LOWER_RIGHT_X":"460961.952","LOWER_RIGHT_Y":"9189875.071"},"geometry":{"type":"Polygon","coordinates":[[[-63.362764303203846,-7.319844226956579],[-63.353686265917332,-7.319851447082918],[-63.353693410338998,-7.328915202109915],[-63.362771630991141,-7.328907972948969],[-63.362764303203846,-7.319844226956579]]]}},
{"type":"Feature","properties":{"DESCRIPTION":"MDT_1457144.tif","FILENAME":"U:\\P589_AmazoniaRevelada_BR-319\\LiDAR_dataset\\ENTREGAS\\ENTREGA_02\\2_MDT\\GEOTIFF\\MDT_1457144.tif","SHRT_FNAME":"MDT_1457144.tif","UPPER_LEFT_X":"460960.047","UPPER_LEFT_Y":"9190877.071","LOWER_RIGHT_X":"461962.047","LOWER_RIGHT_Y":"9189875.071"},"geometry":{"type":"Polygon","coordinates":[[[-63.3537035232535,-7.31985143353105],[-63.344625476903005,-7.319858471043899],[-63.344632438306718,-7.328922234860042],[-63.353710668023737,-7.328915188541088],[-63.3537035232535,-7.31985143353105]]]}},
{"type":"Feature","properties":{"DESCRIPTION":"MDT_1457145.tif","FILENAME":"U:\\P589_AmazoniaRevelada_BR-319\\LiDAR_dataset\\ENTREGAS\\ENTREGA_02\\2_MDT\\GEOTIFF\\MDT_1457145.tif","SHRT_FNAME":"MDT_1457145.tif","UPPER_LEFT_X":"461960.142","UPPER_LEFT_Y":"9190877.071","LOWER_RIGHT_X":"462962.142","LOWER_RIGHT_Y":"9189875.071"},"geometry":{"type":"Polygon","coordinates":[[[-63.344642734256176,-7.319858457839181],[-63.335564679073876,-7.319865312737671],[-63.335571457458784,-7.328929085114884],[-63.344649696008467,-7.328922221638796],[-63.344642734256176,-7.319858457839181]]]}},
{"type":"Feature","properties":{"DESCRIPTION":"MDT_1457146.tif","FILENAME":"U:\\P589_AmazoniaRevelada_BR-319\\LiDAR_dataset\\ENTREGAS\\ENTREGA_02\\2_MDT\\GEOTIFF\\MDT_1457146.tif","SHRT_FNAME":"MDT_1457146.tif","UPPER_LEFT_X":"462960.238","UPPER_LEFT_Y":"9190877.071","LOWER_RIGHT_X":"463962.238","LOWER_RIGHT_Y":"9189875.071"},"geometry":{"type":"Polygon","coordinates":[[[-63.335581936443624,-7.319865299880102],[-63.326503872661718,-7.319871972163377],[-63.326510468026953,-7.32893575287359],[-63.33558871517711,-7.328929072241226],[-63.335581936443624,-7.319865299880102]]]}},
{"type":"Feature","properties":{"DESCRIPTION":"MDT_1457147.tif","FILENAME":"U:\\P589_AmazoniaRevelada_BR-319\\LiDAR_dataset\\ENTREGAS\\ENTREGA_02\\2_MDT\\GEOTIFF\\MDT_1457147.tif","SHRT_FNAME":"MDT_1457147.tif","UPPER_LEFT_X":"463960.333","UPPER_LEFT_Y":"9190877.071","LOWER_RIGHT_X":"464962.333","LOWER_RIGHT_Y":"9189875.071"},"geometry":{"type":"Polygon","coordinates":[[[-63.326521130047588,-7.319871959652962],[-63.317443057898281,-7.319878449320192],[-63.317449470243005,-7.328942238135328],[-63.326527725761409,-7.328935740347514],[-63.326521130047588,-7.319871959652962]]]}},
{"type":"Feature","properties":{"DESCRIPTION":"MDT_1458103.tif","FILENAME":"U:\\P589_AmazoniaRevelada_BR-319\\LiDAR_dataset\\ENTREGAS\\ENTREGA_02\\2_MDT\\GEOTIFF\\MDT_1458103.tif","SHRT_FNAME":"MDT_1458103.tif","UPPER_LEFT_X":"419956.144","UPPER_LEFT_Y":"9189877.196","LOWER_RIGHT_X":"420958.144","LOWER_RIGHT_Y":"9188875.196"},"geometry":{"type":"Polygon","coordinates":[[[-63.725200038851554,-7.32845049736113],[-63.716122371577008,-7.328465039183638],[-63.716136854083246,-7.337528251977916],[-63.725214704901092,-7.337513691981125],[-63.725200038851554,-7.32845049736113]]]}},
{"type":"Feature","properties":{"DESCRIPTION":"MDT_1458104.tif","FILENAME":"U:\\P589_AmazoniaRevelada_BR-319\\LiDAR_dataset\\ENTREGAS\\ENTREGA_02\\2_MDT\\GEOTIFF\\MDT_1458104.tif","SHRT_FNAME":"MDT_1458104.tif","UPPER_LEFT_X":"420956.239","UPPER_LEFT_Y":"9189877.196","LOWER_RIGHT_X":"421958.239","LOWER_RIGHT_Y":"9188875.196"},"geometry":{"type":"Polygon","coordinates":[[[-63.716139628218599,-7.328465011713405],[-63.707061942592162,-7.328479370748099],[-63.7070762419022,-7.337542601453883],[-63.716154111073763,-7.337528224473354],[-63.716139628218599,-7.328465011713405]]]}},
{"type":"Feature","properties":{"DESCRIPTION":"MDT_1458105.tif","FILENAME":"U:\\P589_AmazoniaRevelada_BR-319\\LiDAR_dataset\\ENTREGAS\\ENTREGA_02\\2_MDT\\GEOTIFF\\MDT_1458105.tif","SHRT_FNAME":"MDT_1458105.tif","UPPER_LEFT_X":"421956.334","UPPER_LEFT_Y":"9189877.196","LOWER_RIGHT_X":"422958.334","LOWER_RIGHT_Y":"9188875.196"},"geometry":{"type":"Polygon","coordinates":[[[-63.707079199268428,-7.328479343625349],[-63.69800149552222,-7.328493519870444],[-63.698015611634247,-7.33755676825972],[-63.707093498927378,-7.337542574297236],[-63.707079199268428,-7.328479343625349]]]}},
{"type":"Feature","properties":{"DESCRIPTION":"MDT_1458106.tif","FILENAME":"U:\\P589_AmazoniaRevelada_BR-319\\LiDAR_dataset\\ENTREGAS\\ENTREGA_02\\2_MDT\\GEOTIFF\\MDT_1458106.tif","SHRT_FNAME":"MDT_1458106.tif","UPPER_LEFT_X":"422956.430","UPPER_LEFT_Y":"9189877.196","LOWER_RIGHT_X":"423958.430","LOWER_RIGHT_Y":"9188875.196"},"geometry":{"type":"Polygon","coordinates":[[[-63.698018752232713,-7.328493493095177],[-63.68894103059889,-7.328507486548909],[-63.688954963511151,-7.337570752393663],[-63.698032868693666,-7.337556741450992],[-63.698018752232713,-7.328493493095177]]]}},
{"type":"Feature","properties":{"DESCRIPTION":"MDT_1458107.tif","FILENAME":"U:\\P589_AmazoniaRevelada_BR-319\\LiDAR_dataset\\ENTREGAS\\ENTREGA_02\\2_MDT\\GEOTIFF\\MDT_1458107.tif","SHRT_FNAME":"MDT_1458107.tif","UPPER_LEFT_X":"423956.525","UPPER_LEFT_Y":"9189877.196","LOWER_RIGHT_X":"424958.525","LOWER_RIGHT_Y":"9188875.196"},"geometry":{"type":"Polygon","coordinates":[[[-63.688958287343162,-7.32850746012113],[-63.679880548053859,-7.32852127078176],[-63.679894297764584,-7.337584553853974],[-63.688972220604342,-7.337570725932856],[-63.688958287343162,-7.32850746012113]]]}},
{"type":"Feature","properties":{"DESCRIPTION":"MDT_1458108.tif","FILENAME":"U:\\P589_AmazoniaRevelada_BR-319\\LiDAR_dataset\\ENTREGAS\\ENTREGA_02\\2_MDT\\GEOTIFF\\MDT_1458108.tif","SHRT_FNAME":"MDT_1458108.tif","UPPER_LEFT_X":"424956.620","UPPER_LEFT_Y":"9189877.196","LOWER_RIGHT_X":"425958.620","LOWER_RIGHT_Y":"9188875.196"},"geometry":{"type":"Polygon","coordinates":[[[-63.679897804831469,-7.328521244701475],[-63.670820048118834,-7.328534872567285],[-63.670833614626311,-7.337598172638935],[-63.679911554891135,-7.33758452774109],[-63.679897804831469,-7.328521244701475]]]}},
{"type":"Feature","properties":{"DESCRIPTION":"MDT_1458109.tif","FILENAME":"U:\\P589_AmazoniaRevelada_BR-319\\LiDAR_dataset\\ENTREGAS\\ENTREGA_02\\2_MDT\\GEOTIFF\\MDT_1458109.tif","SHRT_FNAME":"MDT_1458109.tif","UPPER_LEFT_X":"425956.715","UPPER_LEFT_Y":"9189877.196","LOWER_RIGHT_X":"426958.715","LOWER_RIGHT_Y":"9188875.196"},"geometry":{"type":"Polygon","coordinates":[[[-63.670837304929357,-7.328534846834493],[-63.661759531025517,-7.32854829190379],[-63.661772914328033,-7.337611608746853],[-63.67085087178576,-7.337598146873982],[-63.670837304929357,-7.328534846834493]]]}},
{"type":"Feature","properties":{"DESCRIPTION":"MDT_1458110.tif","FILENAME":"U:\\P589_AmazoniaRevelada_BR-319\\LiDAR_dataset\\ENTREGAS\\ENTREGA_02\\2_MDT\\GEOTIFF\\MDT_1458110.tif","SHRT_FNAME":"MDT_1458110.tif","UPPER_LEFT_X":"426956.810","UPPER_LEFT_Y":"9189877.196","LOWER_RIGHT_X":"427958.810","LOWER_RIGHT_Y":"9188875.196"},"geometry":{"type":"Polygon","coordinates":[[[-63.661776787868504,-7.328548266518493],[-63.652698997005629,-7.328561528789606],[-63.652712197101501,-7.33762486217606],[-63.661790171519947,-7.337611583329831],[-63.661776787868504,-7.328548266518493]]]}},
{"type":"Feature","properties":{"DESCRIPTION":"MDT_1458111.tif","FILENAME":"U:\\P589_AmazoniaRevelada_BR-319\\LiDAR_dataset\\ENTREGAS\\ENTREGA_02\\2_MDT\\GEOTIFF\\MDT_1458111.tif","SHRT_FNAME":"MDT_1458111.tif","UPPER_LEFT_X":"427956.906","UPPER_LEFT_Y":"9189877.196","LOWER_RIGHT_X":"428958.906","LOWER_RIGHT_Y":"9188875.196"},"geometry":{"type":"Polygon","coordinates":[[[-63.652716253880627,-7.328561503751809],[-63.643638446290858,-7.328574583223086],[-63.64365146317845,-7.337637932924904],[-63.652729454325446,-7.337624837106972],[-63.652716253880627,-7.328561503751809]]]}},
{"type":"Feature","properties":{"DESCRIPTION":"MDT_1458112.tif","FILENAME":"U:\\P589_AmazoniaRevelada_BR-319\\LiDAR_dataset\\ENTREGAS\\ENTREGA_02\\2_MDT\\GEOTIFF\\MDT_1458112.tif","SHRT_FNAME":"MDT_1458112.tif","UPPER_LEFT_X":"428957.001","UPPER_LEFT_Y":"9189877.196","LOWER_RIGHT_X":"429959.001","LOWER_RIGHT_Y":"9188875.196"},"geometry":{"type":"Polygon","coordinates":[[[-63.643655703197446,-7.328574558532796],[-63.634577879112939,-7.328587455202611],[-63.634590712790576,-7.33765082099176],[-63.643668720433951,-7.337637908203752],[-63.643655703197446,-7.328574558532796]]]}},
{"type":"Feature","properties":{"DESCRIPTION":"MDT_1458113.tif","FILENAME":"U:\\P589_AmazoniaRevelada_BR-319\\LiDAR_dataset\\ENTREGAS\\ENTREGA_02\\2_MDT\\GEOTIFF\\MDT_1458113.tif","SHRT_FNAME":"MDT_1458113.tif","UPPER_LEFT_X":"429957.096","UPPER_LEFT_Y":"9189877.196","LOWER_RIGHT_X":"430959.096","LOWER_RIGHT_Y":"9188875.196"},"geometry":{"type":"Polygon","coordinates":[[[-63.634595136050656,-7.328587430859826],[-63.625517295703567,-7.328600144726575],[-63.625529946169664,-7.337663526375029],[-63.634607970077241,-7.337650796618551],[-63.634595136050656,-7.328587430859826]]]}},
{"type":"Feature","properties":{"DESCRIPTION":"MDT_1458114.tif","FILENAME":"U:\\P589_AmazoniaRevelada_BR-319\\LiDAR_dataset\\ENTREGAS\\ENTREGA_02\\2_MDT\\GEOTIFF\\MDT_1458114.tif","SHRT_FNAME":"MDT_1458114.tif","UPPER_LEFT_X":"430957.191","UPPER_LEFT_Y":"9189877.196","LOWER_RIGHT_X":"431959.191","LOWER_RIGHT_Y":"9188875.196"},"geometry":{"type":"Polygon","coordinates":[[[-63.625534552671972,-7.328600120731302],[-63.61645669629447,-7.328612651793406],[-63.616469163547436,-7.337676049073127],[-63.625547203487031,-7.337663502349764],[-63.625534552671972,-7.328600120731302]]]}},
{"type":"Feature","properties":{"DESCRIPTION":"MDT_1458115.tif","FILENAME":"U:\\P589_AmazoniaRevelada_BR-319\\LiDAR_dataset\\ENTREGAS\\ENTREGA_02\\2_MDT\\GEOTIFF\\MDT_1458115.tif","SHRT_FNAME":"MDT_1458115.tif","UPPER_LEFT_X":"431957.286","UPPER_LEFT_Y":"9189877.196","LOWER_RIGHT_X":"432959.286","LOWER_RIGHT_Y":"9188875.196"},"geometry":{"type":"Polygon","coordinates":[[[-63.616473953293124,-7.328612628145643],[-63.607396081117358,-7.328624976401541],[-63.607408365155621,-7.337688389084497],[-63.616486420895036,-7.337676025395807],[-63.616473953293124,-7.328612628145643]]]}},
{"type":"Feature","properties":{"DESCRIPTION":"MDT_1458116.tif","FILENAME":"U:\\P589_AmazoniaRevelada_BR-319\\LiDAR_dataset\\ENTREGAS\\ENTREGA_02\\2_MDT\\GEOTIFF\\MDT_1458116.tif","SHRT_FNAME":"MDT_1458116.tif","UPPER_LEFT_X":"432957.382","UPPER_LEFT_Y":"9189877.196","LOWER_RIGHT_X":"433959.382","LOWER_RIGHT_Y":"9188875.196"},"geometry":{"type":"Polygon","coordinates":[[[-63.607413338145825,-7.328624953101295],[-63.598335450403944,-7.328637118549454],[-63.59834755122597,-7.337700546407606],[-63.607425622533043,-7.337688365755128],[-63.607413338145825,-7.328624953101295]]]}},
{"type":"Feature","properties":{"DESCRIPTION":"MDT_1458117.tif","FILENAME":"U:\\P589_AmazoniaRevelada_BR-319\\LiDAR_dataset\\ENTREGAS\\ENTREGA_02\\2_MDT\\GEOTIFF\\MDT_1458117.tif","SHRT_FNAME":"MDT_1458117.tif","UPPER_LEFT_X":"433957.477","UPPER_LEFT_Y":"9189877.196","LOWER_RIGHT_X":"434959.477","LOWER_RIGHT_Y":"9188875.196"},"geometry":{"type":"Polygon","coordinates":[[[-63.598352707461778,-7.328637095596726],[-63.589274804385958,-7.328649078235633],[-63.589286721990227,-7.337712521040943],[-63.598364808632766,-7.337700523426194],[-63.598352707461778,-7.328637095596726]]]}},
{"type":"Feature","properties":{"DESCRIPTION":"MDT_1458118.tif","FILENAME":"U:\\P589_AmazoniaRevelada_BR-319\\LiDAR_dataset\\ENTREGAS\\ENTREGA_02\\2_MDT\\GEOTIFF\\MDT_1458118.tif","SHRT_FNAME":"MDT_1458118.tif","UPPER_LEFT_X":"434957.572","UPPER_LEFT_Y":"9189877.196","LOWER_RIGHT_X":"435959.572","LOWER_RIGHT_Y":"9188875.196"},"geometry":{"type":"Polygon","coordinates":[[[-63.589292061472733,-7.328649055630427],[-63.580214143295144,-7.32866085545859],[-63.580225877680149,-7.337724312983018],[-63.589303979425956,-7.337712498407484],[-63.589292061472733,-7.328649055630427]]]}},
{"type":"Feature","properties":{"DESCRIPTION":"MDT_1458119.tif","FILENAME":"U:\\P589_AmazoniaRevelada_BR-319\\LiDAR_dataset\\ENTREGAS\\ENTREGA_02\\2_MDT\\GEOTIFF\\MDT_1458119.tif","SHRT_FNAME":"MDT_1458119.tif","UPPER_LEFT_X":"435957.667","UPPER_LEFT_Y":"9189877.196","LOWER_RIGHT_X":"436959.667","LOWER_RIGHT_Y":"9188875.196"},"geometry":{"type":"Polygon","coordinates":[[[-63.580231400410398,-7.328660833200907],[-63.571153467363189,-7.32867245021686],[-63.571165018527459,-7.337735922232362],[-63.580243135144357,-7.337724290697516],[-63.580231400410398,-7.328660833200907]]]}},
{"type":"Feature","properties":{"DESCRIPTION":"MDT_1458120.tif","FILENAME":"U:\\P589_AmazoniaRevelada_BR-319\\LiDAR_dataset\\ENTREGAS\\ENTREGA_02\\2_MDT\\GEOTIFF\\MDT_1458120.tif","SHRT_FNAME":"MDT_1458120.tif","UPPER_LEFT_X":"436957.762","UPPER_LEFT_Y":"9189877.196","LOWER_RIGHT_X":"437959.762","LOWER_RIGHT_Y":"9188875.196"},"geometry":{"type":"Polygon","coordinates":[[[-63.571170724506501,-7.328672428306705],[-63.562092776821849,-7.328683862509003],[-63.562104144763943,-7.337747348787535],[-63.571182276019726,-7.337735900294823],[-63.571170724506501,-7.328672428306705]]]}},
{"type":"Feature","properties":{"DESCRIPTION":"MDT_1458121.tif","FILENAME":"U:\\P589_AmazoniaRevelada_BR-319\\LiDAR_dataset\\ENTREGAS\\ENTREGA_02\\2_MDT\\GEOTIFF\\MDT_1458121.tif","SHRT_FNAME":"MDT_1458121.tif","UPPER_LEFT_X":"437957.858","UPPER_LEFT_Y":"9189877.196","LOWER_RIGHT_X":"438959.858","LOWER_RIGHT_Y":"9188875.196"},"geometry":{"type":"Polygon","coordinates":[[[-63.562110033992766,-7.328683840946378],[-63.553032071902848,-7.328695092333597],[-63.553043256621322,-7.337758592647114],[-63.562121402283815,-7.337747327197961],[-63.562110033992766,-7.328683840946378]]]}},
{"type":"Feature","properties":{"DESCRIPTION":"MDT_1458122.tif","FILENAME":"U:\\P589_AmazoniaRevelada_BR-319\\LiDAR_dataset\\ENTREGAS\\ENTREGA_02\\2_MDT\\GEOTIFF\\MDT_1458122.tif","SHRT_FNAME":"MDT_1458122.tif","UPPER_LEFT_X":"438957.953","UPPER_LEFT_Y":"9189877.196","LOWER_RIGHT_X":"439959.953","LOWER_RIGHT_Y":"9188875.196"},"geometry":{"type":"Polygon","coordinates":[[[-63.553049329100922,-7.328695071118503],[-63.543971352837922,-7.328706139689249],[-63.543982354331369,-7.3377696538097],[-63.553060514168358,-7.337758571405503],[-63.553049329100922,-7.328695071118503]]]}},
{"type":"Feature","properties":{"DESCRIPTION":"MDT_1458123.tif","FILENAME":"U:\\P589_AmazoniaRevelada_BR-319\\LiDAR_dataset\\ENTREGAS\\ENTREGA_02\\2_MDT\\GEOTIFF\\MDT_1458123.tif","SHRT_FNAME":"MDT_1458123.tif","UPPER_LEFT_X":"439958.048","UPPER_LEFT_Y":"9189877.196","LOWER_RIGHT_X":"440960.048","LOWER_RIGHT_Y":"9188875.196"},"geometry":{"type":"Polygon","coordinates":[[[-63.543988610062712,-7.328706118821689],[-63.534910619858778,-7.328717004574581],[-63.534921438125835,-7.337780532273918],[-63.543999611905136,-7.337769632916059],[-63.543988610062712,-7.328706118821689]]]}},
{"type":"Feature","properties":{"DESCRIPTION":"MDT_1458124.tif","FILENAME":"U:\\P589_AmazoniaRevelada_BR-319\\LiDAR_dataset\\ENTREGAS\\ENTREGA_02\\2_MDT\\GEOTIFF\\MDT_1458124.tif","SHRT_FNAME":"MDT_1458124.tif","UPPER_LEFT_X":"440958.143","UPPER_LEFT_Y":"9189877.196","LOWER_RIGHT_X":"441960.143","LOWER_RIGHT_Y":"9188875.196"},"geometry":{"type":"Polygon","coordinates":[[[-63.534927877109858,-7.328716984054561],[-63.525849873197181,-7.328727686988248],[-63.525860508236477,-7.337791228038417],[-63.534938695725891,-7.33778051172825],[-63.534927877109858,-7.328716984054561]]]}},
{"type":"Feature","properties":{"DESCRIPTION":"MDT_1458125.tif","FILENAME":"U:\\P589_AmazoniaRevelada_BR-319\\LiDAR_dataset\\ENTREGAS\\ENTREGA_02\\2_MDT\\GEOTIFF\\MDT_1458125.tif","SHRT_FNAME":"MDT_1458125.tif","UPPER_LEFT_X":"441958.238","UPPER_LEFT_Y":"9189877.196","LOWER_RIGHT_X":"442960.238","LOWER_RIGHT_Y":"9188875.196"},"geometry":{"type":"Polygon","coordinates":[[[-63.525867130474097,-7.328727666815767],[-63.516789113084855,-7.328738186928914],[-63.516799564895067,-7.337801741101864],[-63.525877765862376,-7.337791207840723],[-63.525867130474097,-7.328727666815767]]]}},
{"type":"Feature","properties":{"DESCRIPTION":"MDT_1458126.tif","FILENAME":"U:\\P589_AmazoniaRevelada_BR-319\\LiDAR_dataset\\ENTREGAS\\ENTREGA_02\\2_MDT\\GEOTIFF\\MDT_1458126.tif","SHRT_FNAME":"MDT_1458126.tif","UPPER_LEFT_X":"442958.334","UPPER_LEFT_Y":"9189877.196","LOWER_RIGHT_X":"443960.334","LOWER_RIGHT_Y":"9188875.196"},"geometry":{"type":"Polygon","coordinates":[[[-63.516806370387165,-7.328738167103977],[-63.507728339753548,-7.328748504395279],[-63.507738608333341,-7.337812071462954],[-63.51681682254636,-7.337801721252147],[-63.516806370387165,-7.328738167103977]]]}},
{"type":"Feature","properties":{"DESCRIPTION":"MDT_1458127.tif","FILENAME":"U:\\P589_AmazoniaRevelada_BR-319\\LiDAR_dataset\\ENTREGAS\\ENTREGA_02\\2_MDT\\GEOTIFF\\MDT_1458127.tif","SHRT_FNAME":"MDT_1458127.tif","UPPER_LEFT_X":"443958.429","UPPER_LEFT_Y":"9189877.196","LOWER_RIGHT_X":"444960.429","LOWER_RIGHT_Y":"9188875.196"},"geometry":{"type":"Polygon","coordinates":[[[-63.50774559708082,-7.328748484917887],[-63.498667553434991,-7.328758639386058],[-63.498677638783093,-7.337822219120402],[-63.507755866009596,-7.337812051961218],[-63.50774559708082,-7.328748484917887]]]}},
{"type":"Feature","properties":{"DESCRIPTION":"MDT_1458128.tif","FILENAME":"U:\\P589_AmazoniaRevelada_BR-319\\LiDAR_dataset\\ENTREGAS\\ENTREGA_02\\2_MDT\\GEOTIFF\\MDT_1458128.tif","SHRT_FNAME":"MDT_1458128.tif","UPPER_LEFT_X":"444958.524","UPPER_LEFT_Y":"9189877.196","LOWER_RIGHT_X":"445960.524","LOWER_RIGHT_Y":"9188875.196"},"geometry":{"type":"Polygon","coordinates":[[[-63.498684810786777,-7.328758620256213],[-63.489606754360921,-7.328768591899992],[-63.489616656476066,-7.337832184072944],[-63.498694896483862,-7.337822199966647],[-63.498684810786777,-7.328758620256213]]]}},
{"type":"Feature","properties":{"DESCRIPTION":"MDT_1458129.tif","FILENAME":"U:\\P589_AmazoniaRevelada_BR-319\\LiDAR_dataset\\ENTREGAS\\ENTREGA_02\\2_MDT\\GEOTIFF\\MDT_1458129.tif","SHRT_FNAME":"MDT_1458129.tif","UPPER_LEFT_X":"445958.619","UPPER_LEFT_Y":"9189877.196","LOWER_RIGHT_X":"446960.619","LOWER_RIGHT_Y":"9188875.196"},"geometry":{"type":"Polygon","coordinates":[[[-63.48962401173678,-7.328768573117694],[-63.480545942763101,-7.328778361935838],[-63.48055566164404,-7.337841966319342],[-63.489633914200908,-7.337832165267172],[-63.48962401173678,-7.328768573117694]]]}},
{"type":"Feature","properties":{"DESCRIPTION":"MDT_1458130.tif","FILENAME":"U:\\P589_AmazoniaRevelada_BR-319\\LiDAR_dataset\\ENTREGAS\\ENTREGA_02\\2_MDT\\GEOTIFF\\MDT_1458130.tif","SHRT_FNAME":"MDT_1458130.tif","UPPER_LEFT_X":"446958.714","UPPER_LEFT_Y":"9189877.196","LOWER_RIGHT_X":"447960.714","LOWER_RIGHT_Y":"9188875.196"},"geometry":{"type":"Polygon","coordinates":[[[-63.480563200162592,-7.328778343501095],[-63.471485118873261,-7.328787949492386],[-63.471494654518764,-7.337851565858379],[-63.480572919392515,-7.337841947861557],[-63.480563200162592,-7.328778343501095]]]}},
{"type":"Feature","properties":{"DESCRIPTION":"MDT_1458131.tif","FILENAME":"U:\\P589_AmazoniaRevelada_BR-319\\LiDAR_dataset\\ENTREGAS\\ENTREGA_02\\2_MDT\\GEOTIFF\\MDT_1458131.tif","SHRT_FNAME":"MDT_1458131.tif","UPPER_LEFT_X":"447958.810","UPPER_LEFT_Y":"9189877.196","LOWER_RIGHT_X":"448960.810","LOWER_RIGHT_Y":"9188875.196"},"geometry":{"type":"Polygon","coordinates":[[[-63.471502376295945,-7.328787931405199],[-63.462424282923166,-7.328797354568441],[-63.46243363533204,-7.337860982688862],[-63.471511912290453,-7.337851547748584],[-63.471502376295945,-7.328787931405199]]]}},
{"type":"Feature","properties":{"DESCRIPTION":"MDT_1458132.tif","FILENAME":"U:\\P589_AmazoniaRevelada_BR-319\\LiDAR_dataset\\ENTREGAS\\ENTREGA_02\\2_MDT\\GEOTIFF\\MDT_1458132.tif","SHRT_FNAME":"MDT_1458132.tif","UPPER_LEFT_X":"448958.905","UPPER_LEFT_Y":"9189877.196","LOWER_RIGHT_X":"449960.905","LOWER_RIGHT_Y":"9188875.196"},"geometry":{"type":"Polygon","coordinates":[[[-63.462441540368587,-7.328797336828812],[-63.453363435144539,-7.32880657716284],[-63.453372604315618,-7.33787021680962],[-63.462450893126473,-7.337860964927059],[-63.462441540368587,-7.328797336828812]]]}},
{"type":"Feature","properties":{"DESCRIPTION":"MDT_1458133.tif","FILENAME":"U:\\P589_AmazoniaRevelada_BR-319\\LiDAR_dataset\\ENTREGAS\\ENTREGA_02\\2_MDT\\GEOTIFF\\MDT_1458133.tif","SHRT_FNAME":"MDT_1458133.tif","UPPER_LEFT_X":"449959.000","UPPER_LEFT_Y":"9189877.196","LOWER_RIGHT_X":"450961.000","LOWER_RIGHT_Y":"9188875.196"},"geometry":{"type":"Polygon","coordinates":[[[-63.453380692612271,-7.328806559770764],[-63.444302575769136,-7.328815617274427],[-63.444311561701269,-7.337879268219504],[-63.453389862132347,-7.33787019939581],[-63.453380692612271,-7.328806559770764]]]}},
{"type":"Feature","properties":{"DESCRIPTION":"MDT_1458134.tif","FILENAME":"U:\\P589_AmazoniaRevelada_BR-319\\LiDAR_dataset\\ENTREGAS\\ENTREGA_02\\2_MDT\\GEOTIFF\\MDT_1458134.tif","SHRT_FNAME":"MDT_1458134.tif","UPPER_LEFT_X":"450959.095","UPPER_LEFT_Y":"9189877.196","LOWER_RIGHT_X":"451961.095","LOWER_RIGHT_Y":"9188875.196"},"geometry":{"type":"Polygon","coordinates":[[[-63.444319833258739,-7.328815600229914],[-63.43524170502873,-7.328824474902082],[-63.435250507720781,-7.337888136917385],[-63.444328819539869,-7.337879251153689],[-63.444319833258739,-7.328815600229914]]]}},
{"type":"Feature","properties":{"DESCRIPTION":"MDT_1458135.tif","FILENAME":"U:\\P589_AmazoniaRevelada_BR-319\\LiDAR_dataset\\ENTREGAS\\ENTREGA_02\\2_MDT\\GEOTIFF\\MDT_1458135.tif","SHRT_FNAME":"MDT_1458135.tif","UPPER_LEFT_X":"451959.190","UPPER_LEFT_Y":"9189877.196","LOWER_RIGHT_X":"452961.190","LOWER_RIGHT_Y":"9188875.196"},"geometry":{"type":"Polygon","coordinates":[[[-63.435258962539763,-7.328824458205133],[-63.42618082315505,-7.328833150044704],[-63.426189442605903,-7.337896822902167],[-63.435267765580804,-7.33788812019957],[-63.435258962539763,-7.328824458205133]]]}},
{"type":"Feature","properties":{"DESCRIPTION":"MDT_1458136.tif","FILENAME":"U:\\P589_AmazoniaRevelada_BR-319\\LiDAR_dataset\\ENTREGAS\\ENTREGA_02\\2_MDT\\GEOTIFF\\MDT_1458136.tif","SHRT_FNAME":"MDT_1458136.tif","UPPER_LEFT_X":"452959.286","UPPER_LEFT_Y":"9189877.196","LOWER_RIGHT_X":"453961.286","LOWER_RIGHT_Y":"9188875.196"},"geometry":{"type":"Polygon","coordinates":[[[-63.426198080687072,-7.328833133695318],[-63.417119930379869,-7.328841642701212],[-63.417128366588457,-7.337905326172765],[-63.426206700486937,-7.337896806532352],[-63.426198080687072,-7.328833133695318]]]}},
{"type":"Feature","properties":{"DESCRIPTION":"MDT_1458137.tif","FILENAME":"U:\\P589_AmazoniaRevelada_BR-319\\LiDAR_dataset\\ENTREGAS\\ENTREGA_02\\2_MDT\\GEOTIFF\\MDT_1458137.tif","SHRT_FNAME":"MDT_1458137.tif","UPPER_LEFT_X":"453959.381","UPPER_LEFT_Y":"9189877.196","LOWER_RIGHT_X":"454961.381","LOWER_RIGHT_Y":"9188875.196"},"geometry":{"type":"Polygon","coordinates":[[[-63.417137187932425,-7.328841626699396],[-63.408059026934929,-7.32884995287055],[-63.408067279900187,-7.337913646728124],[-63.417145624490026,-7.33790531015095],[-63.417137187932425,-7.328841626699396]]]}},
{"type":"Feature","properties":{"DESCRIPTION":"MDT_1458138.tif","FILENAME":"U:\\P589_AmazoniaRevelada_BR-319\\LiDAR_dataset\\ENTREGAS\\ENTREGA_02\\2_MDT\\GEOTIFF\\MDT_1458138.tif","SHRT_FNAME":"MDT_1458138.tif","UPPER_LEFT_X":"454959.476","UPPER_LEFT_Y":"9189877.196","LOWER_RIGHT_X":"455961.476","LOWER_RIGHT_Y":"9188875.196"},"geometry":{"type":"Polygon","coordinates":[[[-63.408076284507587,-7.328849937216302],[-63.398998113051995,-7.328858080551687],[-63.399006182772894,-7.337921784567206],[-63.408084537821864,-7.337913631054312],[-63.408076284507587,-7.328849937216302]]]}},
{"type":"Feature","properties":{"DESCRIPTION":"MDT_1458139.tif","FILENAME":"U:\\P589_AmazoniaRevelada_BR-319\\LiDAR_dataset\\ENTREGAS\\ENTREGA_02\\2_MDT\\GEOTIFF\\MDT_1458139.tif","SHRT_FNAME":"MDT_1458139.tif","UPPER_LEFT_X":"455959.571","UPPER_LEFT_Y":"9189877.196","LOWER_RIGHT_X":"456961.571","LOWER_RIGHT_Y":"9188875.196"},"geometry":{"type":"Polygon","coordinates":[[[-63.399015370644307,-7.328858065245012],[-63.389937188962826,-7.32886602574361],[-63.389945075438341,-7.337929739689002],[-63.399023440714224,-7.337921769241401],[-63.399015370644307,-7.328858065245012]]]}},
{"type":"Feature","properties":{"DESCRIPTION":"MDT_1458140.tif","FILENAME":"U:\\P589_AmazoniaRevelada_BR-319\\LiDAR_dataset\\ENTREGAS\\ENTREGA_02\\2_MDT\\GEOTIFF\\MDT_1458140.tif","SHRT_FNAME":"MDT_1458140.tif","UPPER_LEFT_X":"456959.666","UPPER_LEFT_Y":"9189877.196","LOWER_RIGHT_X":"457961.666","LOWER_RIGHT_Y":"9188875.196"},"geometry":{"type":"Polygon","coordinates":[[[-63.389954446574365,-7.328866010784508],[-63.380876254899171,-7.328873788445332],[-63.380883958128329,-7.337937512092518],[-63.389962333398898,-7.337929724711206],[-63.389954446574365,-7.328866010784508]]]}},
{"type":"Feature","properties":{"DESCRIPTION":"MDT_1458141.tif","FILENAME":"U:\\P589_AmazoniaRevelada_BR-319\\LiDAR_dataset\\ENTREGAS\\ENTREGA_02\\2_MDT\\GEOTIFF\\MDT_1458141.tif","SHRT_FNAME":"MDT_1458141.tif","UPPER_LEFT_X":"457959.762","UPPER_LEFT_Y":"9189877.196","LOWER_RIGHT_X":"458961.762","LOWER_RIGHT_Y":"9188875.196"},"geometry":{"type":"Polygon","coordinates":[[[-63.380893512529504,-7.328873773833805],[-63.371815311092817,-7.328881368655887],[-63.371822831074631,-7.337945101776794],[-63.380901216107659,-7.337937497462732],[-63.380893512529504,-7.328873773833805]]]}},
{"type":"Feature","properties":{"DESCRIPTION":"MDT_1458142.tif","FILENAME":"U:\\P589_AmazoniaRevelada_BR-319\\LiDAR_dataset\\ENTREGAS\\ENTREGA_02\\2_MDT\\GEOTIFF\\MDT_1458142.tif","SHRT_FNAME":"MDT_1458142.tif","UPPER_LEFT_X":"458959.857","UPPER_LEFT_Y":"9189877.196","LOWER_RIGHT_X":"459961.857","LOWER_RIGHT_Y":"9188875.196"},"geometry":{"type":"Polygon","coordinates":[[[-63.371832568741468,-7.328881354391936],[-63.362754357775493,-7.328888766374331],[-63.362761694509025,-7.337952508740882],[-63.3718400890723,-7.337945087495016],[-63.371832568741468,-7.328881354391936]]]}},
{"type":"Feature","properties":{"DESCRIPTION":"MDT_1458143.tif","FILENAME":"U:\\P589_AmazoniaRevelada_BR-319\\LiDAR_dataset\\ENTREGAS\\ENTREGA_02\\2_MDT\\GEOTIFF\\MDT_1458143.tif","SHRT_FNAME":"MDT_1458143.tif","UPPER_LEFT_X":"459959.952","UPPER_LEFT_Y":"9189877.196","LOWER_RIGHT_X":"460961.952","LOWER_RIGHT_Y":"9188875.196"},"geometry":{"type":"Polygon","coordinates":[[[-63.362771615442043,-7.32888875245796],[-63.353693395178993,-7.328895981599747],[-63.353700548663319,-7.337959732983861],[-63.3627789525246,-7.337952494807119],[-63.362771615442043,-7.32888875245796]]]}},
{"type":"Feature","properties":{"DESCRIPTION":"MDT_1458144.tif","FILENAME":"U:\\P589_AmazoniaRevelada_BR-319\\LiDAR_dataset\\ENTREGAS\\ENTREGA_02\\2_MDT\\GEOTIFF\\MDT_1458144.tif","SHRT_FNAME":"MDT_1458144.tif","UPPER_LEFT_X":"460960.047","UPPER_LEFT_Y":"9189877.196","LOWER_RIGHT_X":"461962.047","LOWER_RIGHT_Y":"9188875.196"},"geometry":{"type":"Polygon","coordinates":[[[-63.353710652863001,-7.328895968030958],[-63.344632423535067,-7.328903014331237],[-63.344639393769299,-7.337966774504834],[-63.353717806696345,-7.337959719398113],[-63.353710652863001,-7.328895968030958]]]}},
{"type":"Feature","properties":{"DESCRIPTION":"MDT_1458145.tif","FILENAME":"U:\\P589_AmazoniaRevelada_BR-319\\LiDAR_dataset\\ENTREGAS\\ENTREGA_02\\2_MDT\\GEOTIFF\\MDT_1458145.tif","SHRT_FNAME":"MDT_1458145.tif","UPPER_LEFT_X":"461960.142","UPPER_LEFT_Y":"9189877.196","LOWER_RIGHT_X":"462962.142","LOWER_RIGHT_Y":"9188875.196"},"geometry":{"type":"Polygon","coordinates":[[[-63.344649681236092,-7.328903001110027],[-63.335571443075487,-7.328909864567925],[-63.335578230058729,-7.337973633302925],[-63.344656651819335,-7.337966761267102],[-63.344649681236092,-7.328903001110027]]]}},
{"type":"Feature","properties":{"DESCRIPTION":"MDT_1458146.tif","FILENAME":"U:\\P589_AmazoniaRevelada_BR-319\\LiDAR_dataset\\ENTREGAS\\ENTREGA_02\\2_MDT\\GEOTIFF\\MDT_1458146.tif","SHRT_FNAME":"MDT_1458146.tif","UPPER_LEFT_X":"462960.238","UPPER_LEFT_Y":"9189877.196","LOWER_RIGHT_X":"463962.238","LOWER_RIGHT_Y":"9188875.196"},"geometry":{"type":"Polygon","coordinates":[[[-63.335588700793075,-7.328909851694299],[-63.326510454032011,-7.328916532308957],[-63.326517057763439,-7.337980309377278],[-63.335595488125342,-7.337973620413209],[-63.335588700793075,-7.328909851694299]]]}},
{"type":"Feature","properties":{"DESCRIPTION":"MDT_1458147.tif","FILENAME":"U:\\P589_AmazoniaRevelada_BR-319\\LiDAR_dataset\\ENTREGAS\\ENTREGA_02\\2_MDT\\GEOTIFF\\MDT_1458147.tif","SHRT_FNAME":"MDT_1458147.tif","UPPER_LEFT_X":"463960.333","UPPER_LEFT_Y":"9189877.196","LOWER_RIGHT_X":"464962.333","LOWER_RIGHT_Y":"9188875.196"},"geometry":{"type":"Polygon","coordinates":[[[-63.326527711765735,-7.328916519782918],[-63.317449456636432,-7.328923017553509],[-63.317455877115179,-7.337986802727064],[-63.326534315846168,-7.337980296835583],[-63.326527711765735,-7.328916519782918]]]}},
{"type":"Feature","properties":{"DESCRIPTION":"MDT_1459103.tif","FILENAME":"U:\\P589_AmazoniaRevelada_BR-319\\LiDAR_dataset\\ENTREGAS\\ENTREGA_02\\2_MDT\\GEOTIFF\\MDT_1459103.tif","SHRT_FNAME":"MDT_1459103.tif","UPPER_LEFT_X":"419956.144","UPPER_LEFT_Y":"9188877.321","LOWER_RIGHT_X":"420958.144","LOWER_RIGHT_Y":"9187875.321"},"geometry":{"type":"Polygon","coordinates":[[[-63.725214673780712,-7.337494472659399],[-63.716136823352322,-7.337509032617648],[-63.716151324208035,-7.346572241743817],[-63.725229358412278,-7.346557663610578],[-63.725214673780712,-7.337494472659399]]]}},
{"type":"Feature","properties":{"DESCRIPTION":"MDT_1459104.tif","FILENAME":"U:\\P589_AmazoniaRevelada_BR-319\\LiDAR_dataset\\ENTREGAS\\ENTREGA_02\\2_MDT\\GEOTIFF\\MDT_1459104.tif","SHRT_FNAME":"MDT_1459104.tif","UPPER_LEFT_X":"420956.239","UPPER_LEFT_Y":"9188877.321","LOWER_RIGHT_X":"421958.239","LOWER_RIGHT_Y":"9187875.321"},"geometry":{"type":"Polygon","coordinates":[[[-63.7161540803421,-7.337509005113158],[-63.70707621156,-7.337523382055633],[-63.707090528987386,-7.346586609094004],[-63.716168581547166,-7.346572214204994],[-63.7161540803421,-7.337509005113158]]]}},
{"type":"Feature","properties":{"DESCRIPTION":"MDT_1459105.tif","FILENAME":"U:\\P589_AmazoniaRevelada_BR-319\\LiDAR_dataset\\ENTREGAS\\ENTREGA_02\\2_MDT\\GEOTIFF\\MDT_1459105.tif","SHRT_FNAME":"MDT_1459105.tif","UPPER_LEFT_X":"421956.334","UPPER_LEFT_Y":"9188877.321","LOWER_RIGHT_X":"422958.334","LOWER_RIGHT_Y":"9187875.321"},"geometry":{"type":"Polygon","coordinates":[[[-63.707093468584453,-7.337523354899055],[-63.698015581680799,-7.33753754882397],[-63.698029715678068,-7.346600793546514],[-63.707107786361199,-7.346586581903527],[-63.707093468584453,-7.337523354899055]]]}},
{"type":"Feature","properties":{"DESCRIPTION":"MDT_1459106.tif","FILENAME":"U:\\P589_AmazoniaRevelada_BR-319\\LiDAR_dataset\\ENTREGAS\\ENTREGA_02\\2_MDT\\GEOTIFF\\MDT_1459106.tif","SHRT_FNAME":"MDT_1459106.tif","UPPER_LEFT_X":"422956.430","UPPER_LEFT_Y":"9188877.321","LOWER_RIGHT_X":"423958.430","LOWER_RIGHT_Y":"9187875.321"},"geometry":{"type":"Polygon","coordinates":[[[-63.698032838739465,-7.33753752201531],[-63.68895493394642,-7.337551532920894],[-63.688968884511794,-7.346614795099592],[-63.6980469730861,-7.34660076670439],[-63.698032838739465,-7.33753752201531]]]}},
{"type":"Feature","properties":{"DESCRIPTION":"MDT_1459107.tif","FILENAME":"U:\\P589_AmazoniaRevelada_BR-319\\LiDAR_dataset\\ENTREGAS\\ENTREGA_02\\2_MDT\\GEOTIFF\\MDT_1459107.tif","SHRT_FNAME":"MDT_1459107.tif","UPPER_LEFT_X":"423956.525","UPPER_LEFT_Y":"9188877.321","LOWER_RIGHT_X":"424958.525","LOWER_RIGHT_Y":"9187875.321"},"geometry":{"type":"Polygon","coordinates":[[[-63.688972191038886,-7.337551506460157],[-63.679894268588605,-7.337565334344671],[-63.679908035720338,-7.346628613751493],[-63.688986141953635,-7.346614768605824],[-63.688972191038886,-7.337551506460157]]]}},
{"type":"Feature","properties":{"DESCRIPTION":"MDT_1459108.tif","FILENAME":"U:\\P589_AmazoniaRevelada_BR-319\\LiDAR_dataset\\ENTREGAS\\ENTREGA_02\\2_MDT\\GEOTIFF\\MDT_1459108.tif","SHRT_FNAME":"MDT_1459108.tif","UPPER_LEFT_X":"424956.620","UPPER_LEFT_Y":"9188877.321","LOWER_RIGHT_X":"425958.620","LOWER_RIGHT_Y":"9187875.321"},"geometry":{"type":"Polygon","coordinates":[[[-63.679911525714417,-7.337565308231858],[-63.67083358583907,-7.337578953093582],[-63.670847169535435,-7.3466422495005],[-63.679925293195517,-7.346628587606084],[-63.679911525714417,-7.337565308231858]]]}},
{"type":"Feature","properties":{"DESCRIPTION":"MDT_1459109.tif","FILENAME":"U:\\P589_AmazoniaRevelada_BR-319\\LiDAR_dataset\\ENTREGAS\\ENTREGA_02\\2_MDT\\GEOTIFF\\MDT_1459109.tif","SHRT_FNAME":"MDT_1459109.tif","UPPER_LEFT_X":"425956.715","UPPER_LEFT_Y":"9188877.321","LOWER_RIGHT_X":"426958.715","LOWER_RIGHT_Y":"9187875.321"},"geometry":{"type":"Polygon","coordinates":[[[-63.670850842997787,-7.337578927328698],[-63.661772885929558,-7.337592389165936],[-63.661786286188843,-7.346655702344917],[-63.670864427043526,-7.346642223703454],[-63.670850842997787,-7.337578927328698]]]}},
{"type":"Feature","properties":{"DESCRIPTION":"MDT_1459110.tif","FILENAME":"U:\\P589_AmazoniaRevelada_BR-319\\LiDAR_dataset\\ENTREGAS\\ENTREGA_02\\2_MDT\\GEOTIFF\\MDT_1459110.tif","SHRT_FNAME":"MDT_1459110.tif","UPPER_LEFT_X":"426956.810","UPPER_LEFT_Y":"9188877.321","LOWER_RIGHT_X":"427958.810","LOWER_RIGHT_Y":"9187875.321"},"geometry":{"type":"Polygon","coordinates":[[[-63.661790143120726,-7.337592363748983],[-63.652712169091771,-7.337605642560061],[-63.652725385912291,-7.346668972283068],[-63.661803543729384,-7.346655676896232],[-63.661790143120726,-7.337592363748983]]]}},
{"type":"Feature","properties":{"DESCRIPTION":"MDT_1459111.tif","FILENAME":"U:\\P589_AmazoniaRevelada_BR-319\\LiDAR_dataset\\ENTREGAS\\ENTREGA_02\\2_MDT\\GEOTIFF\\MDT_1459111.tif","SHRT_FNAME":"MDT_1459111.tif","UPPER_LEFT_X":"427956.906","UPPER_LEFT_Y":"9188877.321","LOWER_RIGHT_X":"428958.906","LOWER_RIGHT_Y":"9187875.321"},"geometry":{"type":"Polygon","coordinates":[[[-63.65272942631497,-7.337605617491038],[-63.643651435557466,-7.337618713274305],[-63.643664468937565,-7.34668205931331],[-63.652742643484878,-7.346668947182754],[-63.65272942631497,-7.337605617491038]]]}},
{"type":"Feature","properties":{"DESCRIPTION":"MDT_1459112.tif","FILENAME":"U:\\P589_AmazoniaRevelada_BR-319\\LiDAR_dataset\\ENTREGAS\\ENTREGA_02\\2_MDT\\GEOTIFF\\MDT_1459112.tif","SHRT_FNAME":"MDT_1459112.tif","UPPER_LEFT_X":"428957.001","UPPER_LEFT_Y":"9188877.321","LOWER_RIGHT_X":"429959.001","LOWER_RIGHT_Y":"9187875.321"},"geometry":{"type":"Polygon","coordinates":[[[-63.643668692812248,-7.337618688553222],[-63.634590685558365,-7.337631601307049],[-63.63460353549641,-7.346694963434004],[-63.643681726541722,-7.346682034561364],[-63.643668692812248,-7.337618688553222]]]}},
{"type":"Feature","properties":{"DESCRIPTION":"MDT_1459113.tif","FILENAME":"U:\\P589_AmazoniaRevelada_BR-319\\LiDAR_dataset\\ENTREGAS\\ENTREGA_02\\2_MDT\\GEOTIFF\\MDT_1459113.tif","SHRT_FNAME":"MDT_1459113.tif","UPPER_LEFT_X":"429957.096","UPPER_LEFT_Y":"9188877.321","LOWER_RIGHT_X":"430959.096","LOWER_RIGHT_Y":"9187875.321"},"geometry":{"type":"Polygon","coordinates":[[[-63.634607942844291,-7.337631576933902],[-63.625529919326219,-7.337644306656683],[-63.625542585820583,-7.346707684643557],[-63.63462079313171,-7.346694939030439],[-63.634607942844291,-7.337631576933902]]]}},
{"type":"Feature","properties":{"DESCRIPTION":"MDT_1459114.tif","FILENAME":"U:\\P589_AmazoniaRevelada_BR-319\\LiDAR_dataset\\ENTREGAS\\ENTREGA_02\\2_MDT\\GEOTIFF\\MDT_1459114.tif","SHRT_FNAME":"MDT_1459114.tif","UPPER_LEFT_X":"430957.191","UPPER_LEFT_Y":"9188877.321","LOWER_RIGHT_X":"431959.191","LOWER_RIGHT_Y":"9187875.321"},"geometry":{"type":"Polygon","coordinates":[[[-63.625547176642826,-7.337644282631481],[-63.616469137092743,-7.337656829321634],[-63.616481620141847,-7.346720222940379],[-63.625559843486585,-7.346707660588366],[-63.625547176642826,-7.337644282631481]]]}},
{"type":"Feature","properties":{"DESCRIPTION":"MDT_1459115.tif","FILENAME":"U:\\P589_AmazoniaRevelada_BR-319\\LiDAR_dataset\\ENTREGAS\\ENTREGA_02\\2_MDT\\GEOTIFF\\MDT_1459115.tif","SHRT_FNAME":"MDT_1459115.tif","UPPER_LEFT_X":"431957.286","UPPER_LEFT_Y":"9188877.321","LOWER_RIGHT_X":"432959.286","LOWER_RIGHT_Y":"9187875.321"},"geometry":{"type":"Polygon","coordinates":[[[-63.616486394439619,-7.337656805644378],[-63.607408339089702,-7.337669169300339],[-63.60742063869197,-7.346732578322917],[-63.616498877838112,-7.34672019923357],[-63.616486394439619,-7.337656805644378]]]}},
{"type":"Feature","properties":{"DESCRIPTION":"MDT_1459116.tif","FILENAME":"U:\\P589_AmazoniaRevelada_BR-319\\LiDAR_dataset\\ENTREGAS\\ENTREGA_02\\2_MDT\\GEOTIFF\\MDT_1459116.tif","SHRT_FNAME":"MDT_1459116.tif","UPPER_LEFT_X":"432957.382","UPPER_LEFT_Y":"9188877.321","LOWER_RIGHT_X":"433959.382","LOWER_RIGHT_Y":"9187875.321"},"geometry":{"type":"Polygon","coordinates":[[[-63.607425596466385,-7.337669145971034],[-63.598347525548832,-7.337681326591268],[-63.598359641702707,-7.34674475078963],[-63.607437896418048,-7.346732554964489],[-63.607425596466385,-7.337669145971034]]]}},
{"type":"Feature","properties":{"DESCRIPTION":"MDT_1459117.tif","FILENAME":"U:\\P589_AmazoniaRevelada_BR-319\\LiDAR_dataset\\ENTREGAS\\ENTREGA_02\\2_MDT\\GEOTIFF\\MDT_1459117.tif","SHRT_FNAME":"MDT_1459117.tif","UPPER_LEFT_X":"433957.477","UPPER_LEFT_Y":"9188877.321","LOWER_RIGHT_X":"434959.477","LOWER_RIGHT_Y":"9187875.321"},"geometry":{"type":"Polygon","coordinates":[[[-63.598364782954874,-7.337681303609915],[-63.589286696701855,-7.337693301192907],[-63.589298629405853,-7.346756740339005],[-63.598376899458174,-7.346744727779587],[-63.598364782954874,-7.337681303609915]]]}},
{"type":"Feature","properties":{"DESCRIPTION":"MDT_1459118.tif","FILENAME":"U:\\P589_AmazoniaRevelada_BR-319\\LiDAR_dataset\\ENTREGAS\\ENTREGA_02\\2_MDT\\GEOTIFF\\MDT_1459118.tif","SHRT_FNAME":"MDT_1459118.tif","UPPER_LEFT_X":"434957.572","UPPER_LEFT_Y":"9188877.321","LOWER_RIGHT_X":"435959.572","LOWER_RIGHT_Y":"9187875.321"},"geometry":{"type":"Polygon","coordinates":[[[-63.589303954136845,-7.337693278559509],[-63.580225852780551,-7.337705093103768],[-63.580237602033151,-7.346768546969552],[-63.589315887190239,-7.346756717677351],[-63.589303954136845,-7.337693278559509]]]}},
{"type":"Feature","properties":{"DESCRIPTION":"MDT_1459119.tif","FILENAME":"U:\\P589_AmazoniaRevelada_BR-319\\LiDAR_dataset\\ENTREGAS\\ENTREGA_02\\2_MDT\\GEOTIFF\\MDT_1459119.tif","SHRT_FNAME":"MDT_1459119.tif","UPPER_LEFT_X":"435957.667","UPPER_LEFT_Y":"9188877.321","LOWER_RIGHT_X":"436959.667","LOWER_RIGHT_Y":"9187875.321"},"geometry":{"type":"Polygon","coordinates":[[[-63.580243110244027,-7.337705070818324],[-63.571164994016655,-7.33771670232238],[-63.571176559816372,-7.346780170679799],[-63.580254859846029,-7.346768524656289],[-63.580243110244027,-7.337705070818324]]]}},
{"type":"Feature","properties":{"DESCRIPTION":"MDT_1459120.tif","FILENAME":"U:\\P589_AmazoniaRevelada_BR-319\\LiDAR_dataset\\ENTREGAS\\ENTREGA_02\\2_MDT\\GEOTIFF\\MDT_1459120.tif","SHRT_FNAME":"MDT_1459120.tif","UPPER_LEFT_X":"436957.762","UPPER_LEFT_Y":"9188877.321","LOWER_RIGHT_X":"437959.762","LOWER_RIGHT_Y":"9187875.321"},"geometry":{"type":"Polygon","coordinates":[[[-63.571182251508183,-7.3377166803849],[-63.562104120641912,-7.337728128847306],[-63.562115502987304,-7.346791611468307],[-63.571193817657317,-7.346780148714934],[-63.571182251508183,-7.3377166803849]]]}},
{"type":"Feature","properties":{"DESCRIPTION":"MDT_1459121.tif","FILENAME":"U:\\P589_AmazoniaRevelada_BR-319\\LiDAR_dataset\\ENTREGAS\\ENTREGA_02\\2_MDT\\GEOTIFF\\MDT_1459121.tif","SHRT_FNAME":"MDT_1459121.tif","UPPER_LEFT_X":"437957.858","UPPER_LEFT_Y":"9188877.321","LOWER_RIGHT_X":"438959.858","LOWER_RIGHT_Y":"9187875.321"},"geometry":{"type":"Polygon","coordinates":[[[-63.562121378161052,-7.337728107257788],[-63.553043232888086,-7.337739372677122],[-63.553054431777717,-7.346802869333648],[-63.562132760855853,-7.346791589851839],[-63.562121378161052,-7.337728107257788]]]}},
{"type":"Feature","properties":{"DESCRIPTION":"MDT_1459122.tif","FILENAME":"U:\\P589_AmazoniaRevelada_BR-319\\LiDAR_dataset\\ENTREGAS\\ENTREGA_02\\2_MDT\\GEOTIFF\\MDT_1459122.tif","SHRT_FNAME":"MDT_1459122.tif","UPPER_LEFT_X":"438957.953","UPPER_LEFT_Y":"9188877.321","LOWER_RIGHT_X":"439959.953","LOWER_RIGHT_Y":"9187875.321"},"geometry":{"type":"Polygon","coordinates":[[[-63.553060490434383,-7.33773935143557],[-63.543982330986928,-7.337750433810427],[-63.543993346419391,-7.346813944274424],[-63.55307168967343,-7.34680284806558],[-63.553060490434383,-7.33773935143557]]]}},
{"type":"Feature","properties":{"DESCRIPTION":"MDT_1459123.tif","FILENAME":"U:\\P589_AmazoniaRevelada_BR-319\\LiDAR_dataset\\ENTREGAS\\ENTREGA_02\\2_MDT\\GEOTIFF\\MDT_1459123.tif","SHRT_FNAME":"MDT_1459123.tif","UPPER_LEFT_X":"439958.048","UPPER_LEFT_Y":"9188877.321","LOWER_RIGHT_X":"440960.048","LOWER_RIGHT_Y":"9187875.321"},"geometry":{"type":"Polygon","coordinates":[[[-63.543999588559956,-7.337750412916845],[-63.534921415170189,-7.337761312245853],[-63.534932247144113,-7.346824836289257],[-63.544010604341835,-7.346813923354761],[-63.543999588559956,-7.337750412916845]]]}},
{"type":"Feature","properties":{"DESCRIPTION":"MDT_1459124.tif","FILENAME":"U:\\P589_AmazoniaRevelada_BR-319\\LiDAR_dataset\\ENTREGAS\\ENTREGA_02\\2_MDT\\GEOTIFF\\MDT_1459124.tif","SHRT_FNAME":"MDT_1459124.tif","UPPER_LEFT_X":"440958.143","UPPER_LEFT_Y":"9188877.321","LOWER_RIGHT_X":"441960.143","LOWER_RIGHT_Y":"9187875.321"},"geometry":{"type":"Polygon","coordinates":[[[-63.534938672769499,-7.337761291700239],[-63.525860485669625,-7.337772007982038],[-63.525871134183646,-7.346835545376795],[-63.53494950509284,-7.346824815717999],[-63.534938672769499,-7.337761291700239]]]}},
{"type":"Feature","properties":{"DESCRIPTION":"MDT_1459125.tif","FILENAME":"U:\\P589_AmazoniaRevelada_BR-319\\LiDAR_dataset\\ENTREGAS\\ENTREGA_02\\2_MDT\\GEOTIFF\\MDT_1459125.tif","SHRT_FNAME":"MDT_1459125.tif","UPPER_LEFT_X":"441958.238","UPPER_LEFT_Y":"9188877.321","LOWER_RIGHT_X":"442960.238","LOWER_RIGHT_Y":"9187875.321"},"geometry":{"type":"Polygon","coordinates":[[[-63.525877743294778,-7.337771987784398],[-63.51679954271701,-7.337782521017658],[-63.516810007769777,-7.346846071535703],[-63.525888392158222,-7.346835525153942],[-63.525877743294778,-7.337771987784398]]]}},
{"type":"Feature","properties":{"DESCRIPTION":"MDT_1459126.tif","FILENAME":"U:\\P589_AmazoniaRevelada_BR-319\\LiDAR_dataset\\ENTREGAS\\ENTREGA_02\\2_MDT\\GEOTIFF\\MDT_1459126.tif","SHRT_FNAME":"MDT_1459126.tif","UPPER_LEFT_X":"442958.334","UPPER_LEFT_Y":"9188877.321","LOWER_RIGHT_X":"443960.334","LOWER_RIGHT_Y":"9187875.321"},"geometry":{"type":"Polygon","coordinates":[[[-63.516816800367565,-7.337782501167994],[-63.5077385865441,-7.337792851351404],[-63.5077488681343,-7.346856414764672],[-63.516827265769763,-7.346846051661259],[-63.516816800367565,-7.337782501167994]]]}},
{"type":"Feature","properties":{"DESCRIPTION":"MDT_1459127.tif","FILENAME":"U:\\P589_AmazoniaRevelada_BR-319\\LiDAR_dataset\\ENTREGAS\\ENTREGA_02\\2_MDT\\GEOTIFF\\MDT_1459127.tif","SHRT_FNAME":"MDT_1459127.tif","UPPER_LEFT_X":"443958.429","UPPER_LEFT_Y":"9188877.321","LOWER_RIGHT_X":"444960.429","LOWER_RIGHT_Y":"9187875.321"},"geometry":{"type":"Polygon","coordinates":[[[-63.507755844219616,-7.337792831849717],[-63.498677617382654,-7.337802998981986],[-63.498687715509,-7.346866575062414],[-63.507766126159247,-7.346856395238643],[-63.507755844219616,-7.337792831849717]]]}},
{"type":"Feature","properties":{"DESCRIPTION":"MDT_1459128.tif","FILENAME":"U:\\P589_AmazoniaRevelada_BR-319\\LiDAR_dataset\\ENTREGAS\\ENTREGA_02\\2_MDT\\GEOTIFF\\MDT_1459128.tif","SHRT_FNAME":"MDT_1459128.tif","UPPER_LEFT_X":"444958.524","UPPER_LEFT_Y":"9188877.321","LOWER_RIGHT_X":"445960.524","LOWER_RIGHT_Y":"9187875.321"},"geometry":{"type":"Polygon","coordinates":[[[-63.498694875082684,-7.337802979828283],[-63.489616635464436,-7.337812963908152],[-63.489626550125664,-7.346876552427669],[-63.498704973558475,-7.346866555884799],[-63.498694875082684,-7.337802979828283]]]}},
{"type":"Feature","properties":{"DESCRIPTION":"MDT_1459129.tif","FILENAME":"U:\\P589_AmazoniaRevelada_BR-319\\LiDAR_dataset\\ENTREGAS\\ENTREGA_02\\2_MDT\\GEOTIFF\\MDT_1459129.tif","SHRT_FNAME":"MDT_1459129.tif","UPPER_LEFT_X":"445958.619","UPPER_LEFT_Y":"9188877.321","LOWER_RIGHT_X":"446960.619","LOWER_RIGHT_Y":"9187875.321"},"geometry":{"type":"Polygon","coordinates":[[[-63.48963389318854,-7.337812945102434],[-63.480555641021205,-7.337822746128657],[-63.480565372216084,-7.346886346859198],[-63.489643808199204,-7.346876533598476],[-63.48963389318854,-7.337812945102434]]]}},
{"type":"Feature","properties":{"DESCRIPTION":"MDT_1459130.tif","FILENAME":"U:\\P589_AmazoniaRevelada_BR-319\\LiDAR_dataset\\ENTREGAS\\ENTREGA_02\\2_MDT\\GEOTIFF\\MDT_1459130.tif","SHRT_FNAME":"MDT_1459130.tif","UPPER_LEFT_X":"446958.714","UPPER_LEFT_Y":"9188877.321","LOWER_RIGHT_X":"447960.714","LOWER_RIGHT_Y":"9187875.321"},"geometry":{"type":"Polygon","coordinates":[[[-63.480572898768962,-7.337822727670922],[-63.471494634284767,-7.337832345642283],[-63.47150418201204,-7.346895958355776],[-63.480582630313265,-7.346886328378421],[-63.480572898768962,-7.337822727670922]]]}},
{"type":"Feature","properties":{"DESCRIPTION":"MDT_1459131.tif","FILENAME":"U:\\P589_AmazoniaRevelada_BR-319\\LiDAR_dataset\\ENTREGAS\\ENTREGA_02\\2_MDT\\GEOTIFF\\MDT_1459131.tif","SHRT_FNAME":"MDT_1459131.tif","UPPER_LEFT_X":"447958.810","UPPER_LEFT_Y":"9188877.321","LOWER_RIGHT_X":"448960.810","LOWER_RIGHT_Y":"9187875.321"},"geometry":{"type":"Polygon","coordinates":[[[-63.471511892055695,-7.337832327532536],[-63.462433615486844,-7.33784176244784],[-63.46244297974534,-7.346905386916214],[-63.471521440132413,-7.346895940223423],[-63.471511892055695,-7.337832327532536]]]}},
{"type":"Feature","properties":{"DESCRIPTION":"MDT_1459132.tif","FILENAME":"U:\\P589_AmazoniaRevelada_BR-319\\LiDAR_dataset\\ENTREGAS\\ENTREGA_02\\2_MDT\\GEOTIFF\\MDT_1459132.tif","SHRT_FNAME":"MDT_1459132.tif","UPPER_LEFT_X":"448958.905","UPPER_LEFT_Y":"9188877.321","LOWER_RIGHT_X":"449960.905","LOWER_RIGHT_Y":"9187875.321"},"geometry":{"type":"Polygon","coordinates":[[[-63.462450873280538,-7.337841744686083],[-63.453372584859231,-7.337850996544155],[-63.453381765647777,-7.346914632539334],[-63.462460237888472,-7.346905369132284],[-63.462450873280538,-7.337841744686083]]]}},
{"type":"Feature","properties":{"DESCRIPTION":"MDT_1459133.tif","FILENAME":"U:\\P589_AmazoniaRevelada_BR-319\\LiDAR_dataset\\ENTREGAS\\ENTREGA_02\\2_MDT\\GEOTIFF\\MDT_1459133.tif","SHRT_FNAME":"MDT_1459133.tif","UPPER_LEFT_X":"449959.000","UPPER_LEFT_Y":"9188877.321","LOWER_RIGHT_X":"450961.000","LOWER_RIGHT_Y":"9187875.321"},"geometry":{"type":"Polygon","coordinates":[[[-63.453389842675243,-7.337850979130391],[-63.44431154263372,-7.337860047930079],[-63.444320539951136,-7.346923695223992],[-63.453399023813212,-7.346914615103834],[-63.453389842675243,-7.337850979130391]]]}},
{"type":"Feature","properties":{"DESCRIPTION":"MDT_1459134.tif","FILENAME":"U:\\P589_AmazoniaRevelada_BR-319\\LiDAR_dataset\\ENTREGAS\\ENTREGA_02\\2_MDT\\GEOTIFF\\MDT_1459134.tif","SHRT_FNAME":"MDT_1459134.tif","UPPER_LEFT_X":"450959.095","UPPER_LEFT_Y":"9188877.321","LOWER_RIGHT_X":"451961.095","LOWER_RIGHT_Y":"9187875.321"},"geometry":{"type":"Polygon","coordinates":[[[-63.444328800471581,-7.337860030864311],[-63.435250489042041,-7.337868916604486],[-63.435259302887218,-7.346932574969057],[-63.444337798138442,-7.34692367813692],[-63.444328800471581,-7.337860030864311]]]}},
{"type":"Feature","properties":{"DESCRIPTION":"MDT_1459135.tif","FILENAME":"U:\\P589_AmazoniaRevelada_BR-319\\LiDAR_dataset\\ENTREGAS\\ENTREGA_02\\2_MDT\\GEOTIFF\\MDT_1459135.tif","SHRT_FNAME":"MDT_1459135.tif","UPPER_LEFT_X":"451959.190","UPPER_LEFT_Y":"9188877.321","LOWER_RIGHT_X":"452961.190","LOWER_RIGHT_Y":"9187875.321"},"geometry":{"type":"Polygon","coordinates":[[[-63.435267746901346,-7.337868899886713],[-63.426189424316014,-7.337877602566276],[-63.426198054687823,-7.346941271773424],[-63.435276561095961,-7.346932558230416],[-63.435267746901346,-7.337868899886713]]]}},
{"type":"Feature","properties":{"DESCRIPTION":"MDT_1459136.tif","FILENAME":"U:\\P589_AmazoniaRevelada_BR-319\\LiDAR_dataset\\ENTREGAS\\ENTREGA_02\\2_MDT\\GEOTIFF\\MDT_1459136.tif","SHRT_FNAME":"MDT_1459136.tif","UPPER_LEFT_X":"452959.286","UPPER_LEFT_Y":"9188877.321","LOWER_RIGHT_X":"453961.286","LOWER_RIGHT_Y":"9187875.321"},"geometry":{"type":"Polygon","coordinates":[[[-63.426206682196295,-7.337877586196501],[-63.417128348687385,-7.337886105814363],[-63.41713679558476,-7.346949785636015],[-63.426215312917556,-7.346941255383217],[-63.426206682196295,-7.337877586196501]]]}},
{"type":"Feature","properties":{"DESCRIPTION":"MDT_1459137.tif","FILENAME":"U:\\P589_AmazoniaRevelada_BR-319\\LiDAR_dataset\\ENTREGAS\\ENTREGA_02\\2_MDT\\GEOTIFF\\MDT_1459137.tif","SHRT_FNAME":"MDT_1459137.tif","UPPER_LEFT_X":"453959.381","UPPER_LEFT_Y":"9188877.321","LOWER_RIGHT_X":"454961.381","LOWER_RIGHT_Y":"9187875.321"},"geometry":{"type":"Polygon","coordinates":[[[-63.417145606588207,-7.337886089792592],[-63.408067262387938,-7.337894426347698],[-63.408075525809821,-7.346958116555768],[-63.417154053835041,-7.346949769594242],[-63.417145606588207,-7.337886089792592]]]}},
{"type":"Feature","properties":{"DESCRIPTION":"MDT_1459138.tif","FILENAME":"U:\\P589_AmazoniaRevelada_BR-319\\LiDAR_dataset\\ENTREGAS\\ENTREGA_02\\2_MDT\\GEOTIFF\\MDT_1459138.tif","SHRT_FNAME":"MDT_1459138.tif","UPPER_LEFT_X":"454959.476","UPPER_LEFT_Y":"9188877.321","LOWER_RIGHT_X":"455961.476","LOWER_RIGHT_Y":"9187875.321"},"geometry":{"type":"Polygon","coordinates":[[[-63.408084520308883,-7.337894410673929],[-63.399006165649475,-7.337902564165238],[-63.39901424559482,-7.346966264531648],[-63.408092784080196,-7.346958100862434],[-63.408084520308883,-7.337894410673929]]]}},
{"type":"Feature","properties":{"DESCRIPTION":"MDT_1459139.tif","FILENAME":"U:\\P589_AmazoniaRevelada_BR-319\\LiDAR_dataset\\ENTREGAS\\ENTREGA_02\\2_MDT\\GEOTIFF\\MDT_1459139.tif","SHRT_FNAME":"MDT_1459139.tif","UPPER_LEFT_X":"455959.571","UPPER_LEFT_Y":"9188877.321","LOWER_RIGHT_X":"456961.571","LOWER_RIGHT_Y":"9187875.321"},"geometry":{"type":"Polygon","coordinates":[[[-63.399023423590066,-7.337902548839475],[-63.389945058703766,-7.337910519265976],[-63.389952955171552,-7.346974229562642],[-63.399031503884871,-7.346966249186752],[-63.399023423590066,-7.337902548839475]]]}},
{"type":"Feature","properties":{"DESCRIPTION":"MDT_1459140.tif","FILENAME":"U:\\P589_AmazoniaRevelada_BR-319\\LiDAR_dataset\\ENTREGAS\\ENTREGA_02\\2_MDT\\GEOTIFF\\MDT_1459140.tif","SHRT_FNAME":"MDT_1459140.tif","UPPER_LEFT_X":"456959.666","UPPER_LEFT_Y":"9188877.321","LOWER_RIGHT_X":"457961.666","LOWER_RIGHT_Y":"9187875.321"},"geometry":{"type":"Polygon","coordinates":[[[-63.389962316663571,-7.337910504288217],[-63.380883941782578,-7.337918291648921],[-63.380891654771823,-7.346982011647757],[-63.389970213480822,-7.346974214566186],[-63.389962316663571,-7.337910504288217]]]}},
{"type":"Feature","properties":{"DESCRIPTION":"MDT_1459141.tif","FILENAME":"U:\\P589_AmazoniaRevelada_BR-319\\LiDAR_dataset\\ENTREGAS\\ENTREGA_02\\2_MDT\\GEOTIFF\\MDT_1459141.tif","SHRT_FNAME":"MDT_1459141.tif","UPPER_LEFT_X":"457959.762","UPPER_LEFT_Y":"9188877.321","LOWER_RIGHT_X":"458961.762","LOWER_RIGHT_Y":"9187875.321"},"geometry":{"type":"Polygon","coordinates":[[[-63.380901199761176,-7.337918277019171],[-63.371822815117724,-7.337925881313105],[-63.371830344627448,-7.346989610786029],[-63.380908913099873,-7.346981996999747],[-63.380901199761176,-7.337918277019171]]]}},
{"type":"Feature","properties":{"DESCRIPTION":"MDT_1459142.tif","FILENAME":"U:\\P589_AmazoniaRevelada_BR-319\\LiDAR_dataset\\ENTREGAS\\ENTREGA_02\\2_MDT\\GEOTIFF\\MDT_1459142.tif","SHRT_FNAME":"MDT_1459142.tif","UPPER_LEFT_X":"458959.857","UPPER_LEFT_Y":"9188877.321","LOWER_RIGHT_X":"459961.857","LOWER_RIGHT_Y":"9187875.321"},"geometry":{"type":"Polygon","coordinates":[[[-63.371840073114655,-7.337925867031367],[-63.362761678940963,-7.337933288257589],[-63.362769024970241,-7.346997026976511],[-63.371847602973844,-7.346989596486462],[-63.371840073114655,-7.337925867031367]]]}},
{"type":"Feature","properties":{"DESCRIPTION":"MDT_1459143.tif","FILENAME":"U:\\P589_AmazoniaRevelada_BR-319\\LiDAR_dataset\\ENTREGAS\\ENTREGA_02\\2_MDT\\GEOTIFF\\MDT_1459143.tif","SHRT_FNAME":"MDT_1459143.tif","UPPER_LEFT_X":"459959.952","UPPER_LEFT_Y":"9188877.321","LOWER_RIGHT_X":"460961.952","LOWER_RIGHT_Y":"9187875.321"},"geometry":{"type":"Polygon","coordinates":[[[-63.362778936955792,-7.337933274323858],[-63.353700533484108,-7.337940512481443],[-63.353707696031996,-7.347004260218279],[-63.362786283334522,-7.346997013025391],[-63.362778936955792,-7.337933274323858]]]}},
{"type":"Feature","properties":{"DESCRIPTION":"MDT_1459144.tif","FILENAME":"U:\\P589_AmazoniaRevelada_BR-319\\LiDAR_dataset\\ENTREGAS\\ENTREGA_02\\2_MDT\\GEOTIFF\\MDT_1459144.tif","SHRT_FNAME":"MDT_1459144.tif","UPPER_LEFT_X":"460960.047","UPPER_LEFT_Y":"9188877.321","LOWER_RIGHT_X":"461962.047","LOWER_RIGHT_Y":"9187875.321"},"geometry":{"type":"Polygon","coordinates":[[[-63.353717791516381,-7.337940498895729],[-63.344639378978918,-7.337947553983775],[-63.344646358044521,-7.347011310510438],[-63.353724954413735,-7.347004246615607],[-63.353717791516381,-7.337940498895729]]]}},
{"type":"Feature","properties":{"DESCRIPTION":"MDT_1459145.tif","FILENAME":"U:\\P589_AmazoniaRevelada_BR-319\\LiDAR_dataset\\ENTREGAS\\ENTREGA_02\\2_MDT\\GEOTIFF\\MDT_1459145.tif","SHRT_FNAME":"MDT_1459145.tif","UPPER_LEFT_X":"461960.142","UPPER_LEFT_Y":"9188877.321","LOWER_RIGHT_X":"462962.142","LOWER_RIGHT_Y":"9187875.321"},"geometry":{"type":"Polygon","coordinates":[[[-63.344656637028216,-7.337947540746079],[-63.335578215657208,-7.337954412763709],[-63.335585011239651,-7.347018177852107],[-63.344663616443285,-7.347011297256214],[-63.344656637028216,-7.337947540746079]]]}},
{"type":"Feature","properties":{"DESCRIPTION":"MDT_1459146.tif","FILENAME":"U:\\P589_AmazoniaRevelada_BR-319\\LiDAR_dataset\\ENTREGAS\\ENTREGA_02\\2_MDT\\GEOTIFF\\MDT_1459146.tif","SHRT_FNAME":"MDT_1459146.tif","UPPER_LEFT_X":"462960.238","UPPER_LEFT_Y":"9188877.321","LOWER_RIGHT_X":"463962.238","LOWER_RIGHT_Y":"9187875.321"},"geometry":{"type":"Polygon","coordinates":[[[-63.335595473723075,-7.33795439987403],[-63.326517043750755,-7.337961088820393],[-63.326523655849186,-7.34702486224243],[-63.335602269654991,-7.347018164946335],[-63.335595473723075,-7.33795439987403]]]}},
{"type":"Feature","properties":{"DESCRIPTION":"MDT_1459147.tif","FILENAME":"U:\\P589_AmazoniaRevelada_BR-319\\LiDAR_dataset\\ENTREGAS\\ENTREGA_02\\2_MDT\\GEOTIFF\\MDT_1459147.tif","SHRT_FNAME":"MDT_1459147.tif","UPPER_LEFT_X":"463960.333","UPPER_LEFT_Y":"9188877.321","LOWER_RIGHT_X":"464962.333","LOWER_RIGHT_Y":"9187875.321"},"geometry":{"type":"Polygon","coordinates":[[[-63.326534301832744,-7.33796107627873],[-63.317455863491354,-7.337967582152991],[-63.317462292104949,-7.347031363680578],[-63.326540914280656,-7.347024849685112],[-63.326534301832744,-7.33796107627873]]]}},
{"type":"Feature","properties":{"DESCRIPTION":"MDT_1460103.tif","FILENAME":"U:\\P589_AmazoniaRevelada_BR-319\\LiDAR_dataset\\ENTREGAS\\ENTREGA_02\\2_MDT\\GEOTIFF\\MDT_1460103.tif","SHRT_FNAME":"MDT_1460103.tif","UPPER_LEFT_X":"419956.144","UPPER_LEFT_Y":"9187877.445","LOWER_RIGHT_X":"420958.144","LOWER_RIGHT_Y":"9186875.445"},"geometry":{"type":"Polygon","coordinates":[[[-63.725229327252471,-7.346538444296635],[-63.716151293438195,-7.346553022391331],[-63.716165812645187,-7.355616227844966],[-63.725244030467884,-7.355601631574579],[-63.725229327252471,-7.346538444296635]]]}},
{"type":"Feature","properties":{"DESCRIPTION":"MDT_1460104.tif","FILENAME":"U:\\P589_AmazoniaRevelada_BR-319\\LiDAR_dataset\\ENTREGAS\\ENTREGA_02\\2_MDT\\GEOTIFF\\MDT_1460104.tif","SHRT_FNAME":"MDT_1460104.tif","UPPER_LEFT_X":"420956.239","UPPER_LEFT_Y":"9187877.445","LOWER_RIGHT_X":"421958.239","LOWER_RIGHT_Y":"9186875.445"},"geometry":{"type":"Polygon","coordinates":[[[-63.716168550776594,-7.346552994852579],[-63.707090498606782,-7.34656738970353],[-63.70710483415332,-7.355630613070057],[-63.716183070333379,-7.35561620027188],[-63.716168550776594,-7.346552994852579]]]}},
{"type":"Feature","properties":{"DESCRIPTION":"MDT_1460105.tif","FILENAME":"U:\\P589_AmazoniaRevelada_BR-319\\LiDAR_dataset\\ENTREGAS\\ENTREGA_02\\2_MDT\\GEOTIFF\\MDT_1460105.tif","SHRT_FNAME":"MDT_1460105.tif","UPPER_LEFT_X":"421956.334","UPPER_LEFT_Y":"9187877.445","LOWER_RIGHT_X":"422958.334","LOWER_RIGHT_Y":"9186875.445"},"geometry":{"type":"Polygon","coordinates":[[[-63.707107755979848,-7.346567362513127],[-63.698029685686684,-7.346581574118543],[-63.698043837570964,-7.355644815169931],[-63.707122091876187,-7.355630585845755],[-63.707107755979848,-7.346567362513127]]]}},
{"type":"Feature","properties":{"DESCRIPTION":"MDT_1460106.tif","FILENAME":"U:\\P589_AmazoniaRevelada_BR-319\\LiDAR_dataset\\ENTREGAS\\ENTREGA_02\\2_MDT\\GEOTIFF\\MDT_1460106.tif","SHRT_FNAME":"MDT_1460106.tif","UPPER_LEFT_X":"422956.430","UPPER_LEFT_Y":"9187877.445","LOWER_RIGHT_X":"423958.430","LOWER_RIGHT_Y":"9186875.445"},"geometry":{"type":"Polygon","coordinates":[[[-63.698046943093978,-7.346581547276489],[-63.688968854909646,-7.346595575634599],[-63.688982823129905,-7.35565883414282],[-63.698061095328079,-7.355644788294414],[-63.698046943093978,-7.346581547276489]]]}},
{"type":"Feature","properties":{"DESCRIPTION":"MDT_1460107.tif","FILENAME":"U:\\P589_AmazoniaRevelada_BR-319\\LiDAR_dataset\\ENTREGAS\\ENTREGA_02\\2_MDT\\GEOTIFF\\MDT_1460107.tif","SHRT_FNAME":"MDT_1460107.tif","UPPER_LEFT_X":"423956.525","UPPER_LEFT_Y":"9187877.445","LOWER_RIGHT_X":"424958.525","LOWER_RIGHT_Y":"9186875.445"},"geometry":{"type":"Polygon","coordinates":[[[-63.688986112350733,-7.346595549140905],[-63.679908006507418,-7.346609394249967],[-63.679921791061901,-7.355672669986976],[-63.689000080920799,-7.355658807616089],[-63.688986112350733,-7.346595549140905]]]}},
{"type":"Feature","properties":{"DESCRIPTION":"MDT_1460108.tif","FILENAME":"U:\\P589_AmazoniaRevelada_BR-319\\LiDAR_dataset\\ENTREGAS\\ENTREGA_02\\2_MDT\\GEOTIFF\\MDT_1460108.tif","SHRT_FNAME":"MDT_1460108.tif","UPPER_LEFT_X":"424956.620","UPPER_LEFT_Y":"9187877.445","LOWER_RIGHT_X":"425958.620","LOWER_RIGHT_Y":"9186875.445"},"geometry":{"type":"Polygon","coordinates":[[[-63.679925263981858,-7.346609368104626],[-63.670847140711743,-7.346623029962925],[-63.670860741598716,-7.355686322700686],[-63.679939048886155,-7.355672643809038],[-63.679925263981858,-7.346609368104626]]]}},
{"type":"Feature","properties":{"DESCRIPTION":"MDT_1460109.tif","FILENAME":"U:\\P589_AmazoniaRevelada_BR-319\\LiDAR_dataset\\ENTREGAS\\ENTREGA_02\\2_MDT\\GEOTIFF\\MDT_1460109.tif","SHRT_FNAME":"MDT_1460109.tif","UPPER_LEFT_X":"425956.715","UPPER_LEFT_Y":"9187877.445","LOWER_RIGHT_X":"426958.715","LOWER_RIGHT_Y":"9186875.445"},"geometry":{"type":"Polygon","coordinates":[[[-63.670864398219102,-7.346623004165945],[-63.661786257754386,-7.346636482771773],[-63.661799674972137,-7.355699792282246],[-63.670877999455875,-7.355686296871543],[-63.670864398219102,-7.346623004165945]]]}},
{"type":"Feature","properties":{"DESCRIPTION":"MDT_1460110.tif","FILENAME":"U:\\P589_AmazoniaRevelada_BR-319\\LiDAR_dataset\\ENTREGAS\\ENTREGA_02\\2_MDT\\GEOTIFF\\MDT_1460110.tif","SHRT_FNAME":"MDT_1460110.tif","UPPER_LEFT_X":"426956.810","UPPER_LEFT_Y":"9187877.445","LOWER_RIGHT_X":"427958.810","LOWER_RIGHT_Y":"9186875.445"},"geometry":{"type":"Polygon","coordinates":[[[-63.661803515294196,-7.346636457323157],[-63.652725357867091,-7.346649752674839],[-63.652738591413922,-7.355713078729986],[-63.661816932861768,-7.355699766801903],[-63.661803515294196,-7.346636457323157]]]}},
{"type":"Feature","properties":{"DESCRIPTION":"MDT_1460111.tif","FILENAME":"U:\\P589_AmazoniaRevelada_BR-319\\LiDAR_dataset\\ENTREGAS\\ENTREGA_02\\2_MDT\\GEOTIFF\\MDT_1460111.tif","SHRT_FNAME":"MDT_1460111.tif","UPPER_LEFT_X":"427956.906","UPPER_LEFT_Y":"9187877.445","LOWER_RIGHT_X":"428958.906","LOWER_RIGHT_Y":"9186875.445"},"geometry":{"type":"Polygon","coordinates":[[[-63.652742615438932,-7.346649727574592],[-63.643664441281615,-7.346662839670478],[-63.64367749115587,-7.355726182042249],[-63.652755849335591,-7.355713053598444],[-63.652742615438932,-7.346649727574592]]]}},
{"type":"Feature","properties":{"DESCRIPTION":"MDT_1460112.tif","FILENAME":"U:\\P589_AmazoniaRevelada_BR-319\\LiDAR_dataset\\ENTREGAS\\ENTREGA_02\\2_MDT\\GEOTIFF\\MDT_1460112.tif","SHRT_FNAME":"MDT_1460112.tif","UPPER_LEFT_X":"428957.001","UPPER_LEFT_Y":"9187877.445","LOWER_RIGHT_X":"429959.001","LOWER_RIGHT_Y":"9186875.445"},"geometry":{"type":"Polygon","coordinates":[[[-63.643681698885032,-7.346662814918602],[-63.634603508229709,-7.346675743757062],[-63.634616374429761,-7.35573910221741],[-63.643694749109123,-7.355726157259514],[-63.643681698885032,-7.346662814918602]]]}},
{"type":"Feature","properties":{"DESCRIPTION":"MDT_1460113.tif","FILENAME":"U:\\P589_AmazoniaRevelada_BR-319\\LiDAR_dataset\\ENTREGAS\\ENTREGA_02\\2_MDT\\GEOTIFF\\MDT_1460113.tif","SHRT_FNAME":"MDT_1460113.tif","UPPER_LEFT_X":"429957.096","UPPER_LEFT_Y":"9187877.445","LOWER_RIGHT_X":"430959.096","LOWER_RIGHT_Y":"9186875.445"},"geometry":{"type":"Polygon","coordinates":[[[-63.63462076586427,-7.346675719353556],[-63.625542558943138,-7.346688464932979],[-63.62555524146736,-7.355751839253858],[-63.63463363241415,-7.35573907778348],[-63.63462076586427,-7.346675719353556]]]}},
{"type":"Feature","properties":{"DESCRIPTION":"MDT_1460114.tif","FILENAME":"U:\\P589_AmazoniaRevelada_BR-319\\LiDAR_dataset\\ENTREGAS\\ENTREGA_02\\2_MDT\\GEOTIFF\\MDT_1460114.tif","SHRT_FNAME":"MDT_1460114.tif","UPPER_LEFT_X":"430957.191","UPPER_LEFT_Y":"9187877.445","LOWER_RIGHT_X":"431959.191","LOWER_RIGHT_Y":"9186875.445"},"geometry":{"type":"Polygon","coordinates":[[[-63.625559816608401,-7.34668844087785],[-63.616481593653667,-7.346701003196653],[-63.616494092500467,-7.355764393150012],[-63.625572499482459,-7.355751815168739],[-63.625559816608401,-7.34668844087785]]]}},
{"type":"Feature","properties":{"DESCRIPTION":"MDT_1460115.tif","FILENAME":"U:\\P589_AmazoniaRevelada_BR-319\\LiDAR_dataset\\ENTREGAS\\ENTREGA_02\\2_MDT\\GEOTIFF\\MDT_1460115.tif","SHRT_FNAME":"MDT_1460115.tif","UPPER_LEFT_X":"431957.286","UPPER_LEFT_Y":"9187877.445","LOWER_RIGHT_X":"432959.286","LOWER_RIGHT_Y":"9186875.445"},"geometry":{"type":"Polygon","coordinates":[[[-63.616498851349178,-7.346700979489905],[-63.607420612593039,-7.346713358546523],[-63.607432927760868,-7.355776763904307],[-63.616511350545821,-7.355764369413706],[-63.616498851349178,-7.346700979489905]]]}},
{"type":"Feature","properties":{"DESCRIPTION":"MDT_1460116.tif","FILENAME":"U:\\P589_AmazoniaRevelada_BR-319\\LiDAR_dataset\\ENTREGAS\\ENTREGA_02\\2_MDT\\GEOTIFF\\MDT_1460116.tif","SHRT_FNAME":"MDT_1460116.tif","UPPER_LEFT_X":"432957.382","UPPER_LEFT_Y":"9187877.445","LOWER_RIGHT_X":"433959.382","LOWER_RIGHT_Y":"9186875.445"},"geometry":{"type":"Polygon","coordinates":[[[-63.607437870318385,-7.346713335188158],[-63.598359615993047,-7.346725530981053],[-63.598371747480336,-7.355788951515211],[-63.607450185836036,-7.355776740516819],[-63.607437870318385,-7.346713335188158]]]}},
{"type":"Feature","properties":{"DESCRIPTION":"MDT_1460117.tif","FILENAME":"U:\\P589_AmazoniaRevelada_BR-319\\LiDAR_dataset\\ENTREGAS\\ENTREGA_02\\2_MDT\\GEOTIFF\\MDT_1460117.tif","SHRT_FNAME":"MDT_1460117.tif","UPPER_LEFT_X":"433957.477","UPPER_LEFT_Y":"9187877.445","LOWER_RIGHT_X":"434959.477","LOWER_RIGHT_Y":"9186875.445"},"geometry":{"type":"Polygon","coordinates":[[[-63.598376873747775,-7.346725507971074],[-63.589298604085457,-7.34673752049873],[-63.589310551890684,-7.355800955981201],[-63.598389005584892,-7.355788928476541],[-63.598376873747775,-7.346725507971074]]]}},
{"type":"Feature","properties":{"DESCRIPTION":"MDT_1460118.tif","FILENAME":"U:\\P589_AmazoniaRevelada_BR-319\\LiDAR_dataset\\ENTREGAS\\ENTREGA_02\\2_MDT\\GEOTIFF\\MDT_1460118.tif","SHRT_FNAME":"MDT_1460118.tif","UPPER_LEFT_X":"434957.572","UPPER_LEFT_Y":"9187877.445","LOWER_RIGHT_X":"435959.572","LOWER_RIGHT_Y":"9186875.445"},"geometry":{"type":"Polygon","coordinates":[[[-63.589315861869117,-7.34673749783714],[-63.580237577102025,-7.346749327098061],[-63.580249341223677,-7.35581277730079],[-63.589327810024173,-7.355800933291355],[-63.589315861869117,-7.34673749783714]]]}},
{"type":"Feature","properties":{"DESCRIPTION":"MDT_1460119.tif","FILENAME":"U:\\P589_AmazoniaRevelada_BR-319\\LiDAR_dataset\\ENTREGAS\\ENTREGA_02\\2_MDT\\GEOTIFF\\MDT_1460119.tif","SHRT_FNAME":"MDT_1460119.tif","UPPER_LEFT_X":"435957.667","UPPER_LEFT_Y":"9187877.445","LOWER_RIGHT_X":"436959.667","LOWER_RIGHT_Y":"9186875.445"},"geometry":{"type":"Polygon","coordinates":[[[-63.580254834914165,-7.346749304784859],[-63.571176535274525,-7.346760950777578],[-63.571188115711145,-7.355824415472503],[-63.580266599385681,-7.355812754959767],[-63.580254834914165,-7.346749304784859]]]}},
{"type":"Feature","properties":{"DESCRIPTION":"MDT_1460120.tif","FILENAME":"U:\\P589_AmazoniaRevelada_BR-319\\LiDAR_dataset\\ENTREGAS\\ENTREGA_02\\2_MDT\\GEOTIFF\\MDT_1460120.tif","SHRT_FNAME":"MDT_1460120.tif","UPPER_LEFT_X":"436957.762","UPPER_LEFT_Y":"9187877.445","LOWER_RIGHT_X":"437959.762","LOWER_RIGHT_Y":"9186875.445"},"geometry":{"type":"Polygon","coordinates":[[[-63.571193793114716,-7.346760928812771],[-63.562115478834741,-7.346772391535838],[-63.562126875584859,-7.355835870494897],[-63.571205373901194,-7.355824393480311],[-63.571193793114716,-7.346760928812771]]]}},
{"type":"Feature","properties":{"DESCRIPTION":"MDT_1460121.tif","FILENAME":"U:\\P589_AmazoniaRevelada_BR-319\\LiDAR_dataset\\ENTREGAS\\ENTREGA_02\\2_MDT\\GEOTIFF\\MDT_1460121.tif","SHRT_FNAME":"MDT_1460121.tif","UPPER_LEFT_X":"437957.858","UPPER_LEFT_Y":"9187877.445","LOWER_RIGHT_X":"438959.858","LOWER_RIGHT_Y":"9186875.445"},"geometry":{"type":"Polygon","coordinates":[[[-63.562132736702544,-7.346772369919427],[-63.553054408014432,-7.346783649371415],[-63.553065621076634,-7.355847142366542],[-63.562144133802519,-7.355835848851535],[-63.562132736702544,-7.346772369919427]]]}},
{"type":"Feature","properties":{"DESCRIPTION":"MDT_1460122.tif","FILENAME":"U:\\P589_AmazoniaRevelada_BR-319\\LiDAR_dataset\\ENTREGAS\\ENTREGA_02\\2_MDT\\GEOTIFF\\MDT_1460122.tif","SHRT_FNAME":"MDT_1460122.tif","UPPER_LEFT_X":"438957.953","UPPER_LEFT_Y":"9187877.445","LOWER_RIGHT_X":"439959.953","LOWER_RIGHT_Y":"9186875.445"},"geometry":{"type":"Polygon","coordinates":[[[-63.553071665909407,-7.346783628103404],[-63.543993323045392,-7.346794724282913],[-63.54400435241827,-7.355858231086043],[-63.553082879321465,-7.355847121072014],[-63.553071665909407,-7.346783628103404]]]}},
{"type":"Feature","properties":{"DESCRIPTION":"MDT_1460123.tif","FILENAME":"U:\\P589_AmazoniaRevelada_BR-319\\LiDAR_dataset\\ENTREGAS\\ENTREGA_02\\2_MDT\\GEOTIFF\\MDT_1460123.tif","SHRT_FNAME":"MDT_1460123.tif","UPPER_LEFT_X":"439958.048","UPPER_LEFT_Y":"9187877.445","LOWER_RIGHT_X":"440960.048","LOWER_RIGHT_Y":"9186875.445"},"geometry":{"type":"Polygon","coordinates":[[[-63.544010580967097,-7.346794703363301],[-63.534932224159391,-7.346805616268947],[-63.534943069841539,-7.355869136652013],[-63.544021610689818,-7.355858210140351],[-63.544010580967097,-7.346794703363301]]]}},
{"type":"Feature","properties":{"DESCRIPTION":"MDT_1460124.tif","FILENAME":"U:\\P589_AmazoniaRevelada_BR-319\\LiDAR_dataset\\ENTREGAS\\ENTREGA_02\\2_MDT\\GEOTIFF\\MDT_1460124.tif","SHRT_FNAME":"MDT_1460124.tif","UPPER_LEFT_X":"440958.143","UPPER_LEFT_Y":"9187877.445","LOWER_RIGHT_X":"441960.143","LOWER_RIGHT_Y":"9186875.445"},"geometry":{"type":"Polygon","coordinates":[[[-63.534949482107379,-7.346805595697742],[-63.525871111588209,-7.34681632532817],[-63.525881773578291,-7.355879859063104],[-63.534960328139391,-7.355869116055163],[-63.534949482107379,-7.346805595697742]]]}},
{"type":"Feature","properties":{"DESCRIPTION":"MDT_1460125.tif","FILENAME":"U:\\P589_AmazoniaRevelada_BR-319\\LiDAR_dataset\\ENTREGAS\\ENTREGA_02\\2_MDT\\GEOTIFF\\MDT_1460125.tif","SHRT_FNAME":"MDT_1460125.tif","UPPER_LEFT_X":"441958.238","UPPER_LEFT_Y":"9187877.445","LOWER_RIGHT_X":"442960.238","LOWER_RIGHT_Y":"9186875.445"},"geometry":{"type":"Polygon","coordinates":[[[-63.525888369562047,-7.346816305105373],[-63.51680998556364,-7.346826851459249],[-63.516820463860292,-7.355890398317976],[-63.525899031901979,-7.355879838815095],[-63.525888369562047,-7.346816305105373]]]}},
{"type":"Feature","properties":{"DESCRIPTION":"MDT_1460126.tif","FILENAME":"U:\\P589_AmazoniaRevelada_BR-319\\LiDAR_dataset\\ENTREGAS\\ENTREGA_02\\2_MDT\\GEOTIFF\\MDT_1460126.tif","SHRT_FNAME":"MDT_1460126.tif","UPPER_LEFT_X":"442958.334","UPPER_LEFT_Y":"9187877.445","LOWER_RIGHT_X":"443960.334","LOWER_RIGHT_Y":"9186875.445"},"geometry":{"type":"Polygon","coordinates":[[[-63.516827243562886,-7.346826831584859],[-63.507748846317469,-7.34683719466087],[-63.507759140919376,-7.355900754415324],[-63.516837722209395,-7.355890378418809],[-63.516827243562886,-7.346826831584859]]]}},
{"type":"Feature","properties":{"DESCRIPTION":"MDT_1460127.tif","FILENAME":"U:\\P589_AmazoniaRevelada_BR-319\\LiDAR_dataset\\ENTREGAS\\ENTREGA_02\\2_MDT\\GEOTIFF\\MDT_1460127.tif","SHRT_FNAME":"MDT_1460127.tif","UPPER_LEFT_X":"443958.429","UPPER_LEFT_Y":"9187877.445","LOWER_RIGHT_X":"444960.429","LOWER_RIGHT_Y":"9186875.445"},"geometry":{"type":"Polygon","coordinates":[[[-63.507766104341663,-7.346837175134891],[-63.498687694081461,-7.346847354931755],[-63.498697804987344,-7.355910927353855],[-63.507776399293441,-7.355900734865003],[-63.507766104341663,-7.346837175134891]]]}},
{"type":"Feature","properties":{"DESCRIPTION":"MDT_1460128.tif","FILENAME":"U:\\P589_AmazoniaRevelada_BR-319\\LiDAR_dataset\\ENTREGAS\\ENTREGA_02\\2_MDT\\GEOTIFF\\MDT_1460128.tif","SHRT_FNAME":"MDT_1460128.tif","UPPER_LEFT_X":"444958.524","UPPER_LEFT_Y":"9187877.445","LOWER_RIGHT_X":"445960.524","LOWER_RIGHT_Y":"9186875.445"},"geometry":{"type":"Polygon","coordinates":[[[-63.498704952130183,-7.346847335754191],[-63.489626529087424,-7.34685733227063],[-63.489636456296004,-7.355920917132305],[-63.498715063385937,-7.355910908152381],[-63.498704952130183,-7.346847335754191]]]}},
{"type":"Feature","properties":{"DESCRIPTION":"MDT_1460129.tif","FILENAME":"U:\\P589_AmazoniaRevelada_BR-319\\LiDAR_dataset\\ENTREGAS\\ENTREGA_02\\2_MDT\\GEOTIFF\\MDT_1460129.tif","SHRT_FNAME":"MDT_1460129.tif","UPPER_LEFT_X":"445958.619","UPPER_LEFT_Y":"9187877.445","LOWER_RIGHT_X":"446960.619","LOWER_RIGHT_Y":"9186875.445"},"geometry":{"type":"Polygon","coordinates":[[[-63.489643787160233,-7.346857313441485],[-63.480565351567144,-7.34686712667626],[-63.480575095077178,-7.355930723749433],[-63.489653714718685,-7.355920898279684],[-63.489643787160233,-7.346857313441485]]]}},
{"type":"Feature","properties":{"DESCRIPTION":"MDT_1460130.tif","FILENAME":"U:\\P589_AmazoniaRevelada_BR-319\\LiDAR_dataset\\ENTREGAS\\ENTREGA_02\\2_MDT\\GEOTIFF\\MDT_1460130.tif","SHRT_FNAME":"MDT_1460130.tif","UPPER_LEFT_X":"446958.714","UPPER_LEFT_Y":"9187877.445","LOWER_RIGHT_X":"447960.714","LOWER_RIGHT_Y":"9186875.445"},"geometry":{"type":"Polygon","coordinates":[[[-63.480582609663585,-7.346867108195537],[-63.471504161752414,-7.346876738147431],[-63.471513721562665,-7.355940347204019],[-63.480592353523498,-7.355930705245664],[-63.480582609663585,-7.346867108195537]]]}},
{"type":"Feature","properties":{"DESCRIPTION":"MDT_1460131.tif","FILENAME":"U:\\P589_AmazoniaRevelada_BR-319\\LiDAR_dataset\\ENTREGAS\\ENTREGA_02\\2_MDT\\GEOTIFF\\MDT_1460131.tif","SHRT_FNAME":"MDT_1460131.tif","UPPER_LEFT_X":"447958.810","UPPER_LEFT_Y":"9187877.445","LOWER_RIGHT_X":"448960.810","LOWER_RIGHT_Y":"9186875.445"},"geometry":{"type":"Polygon","coordinates":[[[-63.47152141987204,-7.346876720015124],[-63.462442959875013,-7.34688616668294],[-63.462452335984302,-7.355949787494864],[-63.471530980032178,-7.355940329049106],[-63.47152141987204,-7.346876720015124]]]}},
{"type":"Feature","properties":{"DESCRIPTION":"MDT_1460132.tif","FILENAME":"U:\\P589_AmazoniaRevelada_BR-319\\LiDAR_dataset\\ENTREGAS\\ENTREGA_02\\2_MDT\\GEOTIFF\\MDT_1460132.tif","SHRT_FNAME":"MDT_1460132.tif","UPPER_LEFT_X":"448958.905","UPPER_LEFT_Y":"9187877.445","LOWER_RIGHT_X":"449960.905","LOWER_RIGHT_Y":"9186875.445"},"geometry":{"type":"Polygon","coordinates":[[[-63.462460218017412,-7.346886148899057],[-63.453381746166762,-7.346895412281617],[-63.453390938573889,-7.355959044620795],[-63.462469594476573,-7.355949769688809],[-63.462460218017412,-7.346886148899057]]]}},
{"type":"Feature","properties":{"DESCRIPTION":"MDT_1460133.tif","FILENAME":"U:\\P589_AmazoniaRevelada_BR-319\\LiDAR_dataset\\ENTREGAS\\ENTREGA_02\\2_MDT\\GEOTIFF\\MDT_1460133.tif","SHRT_FNAME":"MDT_1460133.tif","UPPER_LEFT_X":"449959.000","UPPER_LEFT_Y":"9187877.445","LOWER_RIGHT_X":"450961.000","LOWER_RIGHT_Y":"9186875.445"},"geometry":{"type":"Polygon","coordinates":[[[-63.453399004331459,-7.346895394846161],[-63.444320520859435,-7.346904474942313],[-63.444329529563262,-7.355968118580662],[-63.453408197088478,-7.355959027163603],[-63.453399004331459,-7.346895394846161]]]}},
{"type":"Feature","properties":{"DESCRIPTION":"MDT_1460134.tif","FILENAME":"U:\\P589_AmazoniaRevelada_BR-319\\LiDAR_dataset\\ENTREGAS\\ENTREGA_02\\2_MDT\\GEOTIFF\\MDT_1460134.tif","SHRT_FNAME":"MDT_1460134.tif","UPPER_LEFT_X":"450959.095","UPPER_LEFT_Y":"9187877.445","LOWER_RIGHT_X":"451961.095","LOWER_RIGHT_Y":"9186875.445"},"geometry":{"type":"Polygon","coordinates":[[[-63.444337779046002,-7.346904457855287],[-63.435259284184831,-7.346913354663899],[-63.435268109184221,-7.355977009373335],[-63.444346788099715,-7.355968101472331],[-63.444337779046002,-7.346904457855287]]]}},
{"type":"Feature","properties":{"DESCRIPTION":"MDT_1460135.tif","FILENAME":"U:\\P589_AmazoniaRevelada_BR-319\\LiDAR_dataset\\ENTREGAS\\ENTREGA_02\\2_MDT\\GEOTIFF\\MDT_1460135.tif","SHRT_FNAME":"MDT_1460135.tif","UPPER_LEFT_X":"451959.190","UPPER_LEFT_Y":"9187877.445","LOWER_RIGHT_X":"452961.190","LOWER_RIGHT_Y":"9186875.445"},"geometry":{"type":"Polygon","coordinates":[[[-63.435276542392835,-7.346913337925304],[-63.426198036374757,-7.346922051445276],[-63.42620667766861,-7.35598571699771],[-63.435285367742111,-7.35597699261387],[-63.435276542392835,-7.346913337925304]]]}},
{"type":"Feature","properties":{"DESCRIPTION":"MDT_1460136.tif","FILENAME":"U:\\P589_AmazoniaRevelada_BR-319\\LiDAR_dataset\\ENTREGAS\\ENTREGA_02\\2_MDT\\GEOTIFF\\MDT_1460136.tif","SHRT_FNAME":"MDT_1460136.tif","UPPER_LEFT_X":"452959.286","UPPER_LEFT_Y":"9187877.445","LOWER_RIGHT_X":"453961.286","LOWER_RIGHT_Y":"9186875.445"},"geometry":{"type":"Polygon","coordinates":[[[-63.426215294603743,-7.346922035055113],[-63.417136777661014,-7.346930565285356],[-63.417145235248235,-7.355994241452702],[-63.426223936247489,-7.35598570058711],[-63.426215294603743,-7.346922035055113]]]}},
{"type":"Feature","properties":{"DESCRIPTION":"MDT_1460137.tif","FILENAME":"U:\\P589_AmazoniaRevelada_BR-319\\LiDAR_dataset\\ENTREGAS\\ENTREGA_02\\2_MDT\\GEOTIFF\\MDT_1460137.tif","SHRT_FNAME":"MDT_1460137.tif","UPPER_LEFT_X":"453959.381","UPPER_LEFT_Y":"9187877.445","LOWER_RIGHT_X":"454961.381","LOWER_RIGHT_Y":"9186875.445"},"geometry":{"type":"Polygon","coordinates":[[[-63.417154035910556,-7.346930549243624],[-63.408075508275395,-7.346938896183085],[-63.408083782154925,-7.356002582737252],[-63.417162493847663,-7.355994225390972],[-63.417154035910556,-7.346930549243624]]]}},
{"type":"Feature","properties":{"DESCRIPTION":"MDT_1460138.tif","FILENAME":"U:\\P589_AmazoniaRevelada_BR-319\\LiDAR_dataset\\ENTREGAS\\ENTREGA_02\\2_MDT\\GEOTIFF\\MDT_1460138.tif","SHRT_FNAME":"MDT_1460138.tif","UPPER_LEFT_X":"454959.476","UPPER_LEFT_Y":"9187877.445","LOWER_RIGHT_X":"455961.476","LOWER_RIGHT_Y":"9186875.445"},"geometry":{"type":"Polygon","coordinates":[[[-63.408092766545039,-7.346938880489791],[-63.399014228449722,-7.346947044137422],[-63.399022318620517,-7.356010740850323],[-63.408101040774469,-7.356002567024393],[-63.408092766545039,-7.346938880489791]]]}},
{"type":"Feature","properties":{"DESCRIPTION":"MDT_1460139.tif","FILENAME":"U:\\P589_AmazoniaRevelada_BR-319\\LiDAR_dataset\\ENTREGAS\\ENTREGA_02\\2_MDT\\GEOTIFF\\MDT_1460139.tif","SHRT_FNAME":"MDT_1460139.tif","UPPER_LEFT_X":"455959.571","UPPER_LEFT_Y":"9187877.445","LOWER_RIGHT_X":"456961.571","LOWER_RIGHT_Y":"9186875.445"},"geometry":{"type":"Polygon","coordinates":[[[-63.39903148673902,-7.346947028792567],[-63.389952938415774,-7.346955009147355],[-63.389960844876832,-7.356018715790897],[-63.399039577259714,-7.356010725486335],[-63.39903148673902,-7.346947028792567]]]}},
{"type":"Feature","properties":{"DESCRIPTION":"MDT_1460140.tif","FILENAME":"U:\\P589_AmazoniaRevelada_BR-319\\LiDAR_dataset\\ENTREGAS\\ENTREGA_02\\2_MDT\\GEOTIFF\\MDT_1460140.tif","SHRT_FNAME":"MDT_1460140.tif","UPPER_LEFT_X":"456959.666","UPPER_LEFT_Y":"9187877.445","LOWER_RIGHT_X":"457961.666","LOWER_RIGHT_Y":"9186875.445"},"geometry":{"type":"Polygon","coordinates":[[[-63.389970196724299,-7.346954994150941],[-63.380891638405387,-7.3469627912119],[-63.380899361155677,-7.356026507557988],[-63.389978103535249,-7.356018700775785],[-63.389970196724299,-7.346954994150941]]]}},
{"type":"Feature","properties":{"DESCRIPTION":"MDT_1460141.tif","FILENAME":"U:\\P589_AmazoniaRevelada_BR-319\\LiDAR_dataset\\ENTREGAS\\ENTREGA_02\\2_MDT\\GEOTIFF\\MDT_1460141.tif","SHRT_FNAME":"MDT_1460141.tif","UPPER_LEFT_X":"457959.762","UPPER_LEFT_Y":"9187877.445","LOWER_RIGHT_X":"458961.762","LOWER_RIGHT_Y":"9186875.445"},"geometry":{"type":"Polygon","coordinates":[[[-63.380908896732691,-7.346962776563927],[-63.37183032865034,-7.346970390330079],[-63.371837867688932,-7.356034116150621],[-63.380916619832895,-7.356026492891752],[-63.380908896732691,-7.346962776563927]]]}},
{"type":"Feature","properties":{"DESCRIPTION":"MDT_1460142.tif","FILENAME":"U:\\P589_AmazoniaRevelada_BR-319\\LiDAR_dataset\\ENTREGAS\\ENTREGA_02\\2_MDT\\GEOTIFF\\MDT_1460142.tif","SHRT_FNAME":"MDT_1460142.tif","UPPER_LEFT_X":"458959.857","UPPER_LEFT_Y":"9187877.445","LOWER_RIGHT_X":"459961.857","LOWER_RIGHT_Y":"9186875.445"},"geometry":{"type":"Polygon","coordinates":[[[-63.371847586995983,-7.346970376030552],[-63.362769009382454,-7.346977806500953],[-63.362776364708388,-7.356041541567852],[-63.371855126384474,-7.356034101833264],[-63.371847586995983,-7.346970376030552]]]}},
{"type":"Feature","properties":{"DESCRIPTION":"MDT_1460143.tif","FILENAME":"U:\\P589_AmazoniaRevelada_BR-319\\LiDAR_dataset\\ENTREGAS\\ENTREGA_02\\2_MDT\\GEOTIFF\\MDT_1460143.tif","SHRT_FNAME":"MDT_1460143.tif","UPPER_LEFT_X":"459959.952","UPPER_LEFT_Y":"9187877.445","LOWER_RIGHT_X":"460961.952","LOWER_RIGHT_Y":"9186875.445"},"geometry":{"type":"Polygon","coordinates":[[[-63.362786267746003,-7.346977792549869],[-63.353707680833544,-7.346985039723599],[-63.353714852445897,-7.35604878380876],[-63.362793623421837,-7.356041527599376],[-63.362786267746003,-7.346977792549869]]]}},
{"type":"Feature","properties":{"DESCRIPTION":"MDT_1460144.tif","FILENAME":"U:\\P589_AmazoniaRevelada_BR-319\\LiDAR_dataset\\ENTREGAS\\ENTREGA_02\\2_MDT\\GEOTIFF\\MDT_1460144.tif","SHRT_FNAME":"MDT_1460144.tif","UPPER_LEFT_X":"460960.047","UPPER_LEFT_Y":"9187877.445","LOWER_RIGHT_X":"461962.047","LOWER_RIGHT_Y":"9186875.445"},"geometry":{"type":"Polygon","coordinates":[[[-63.353724939214551,-7.346985026120961],[-63.344646343235411,-7.346992089997116],[-63.34465333113328,-7.356055842872441],[-63.353732111176797,-7.356048770189163],[-63.353724939214551,-7.346985026120961]]]}},
{"type":"Feature","properties":{"DESCRIPTION":"MDT_1460145.tif","FILENAME":"U:\\P589_AmazoniaRevelada_BR-319\\LiDAR_dataset\\ENTREGAS\\ENTREGA_02\\2_MDT\\GEOTIFF\\MDT_1460145.tif","SHRT_FNAME":"MDT_1460145.tif","UPPER_LEFT_X":"461960.142","UPPER_LEFT_Y":"9187877.445","LOWER_RIGHT_X":"462962.142","LOWER_RIGHT_Y":"9186875.445"},"geometry":{"type":"Polygon","coordinates":[[[-63.344663601633435,-7.346992076742927],[-63.335584996819883,-7.346998957320625],[-63.335591801002394,-7.356062718758018],[-63.344670589881204,-7.356055829601729],[-63.344663601633435,-7.346992076742927]]]}},
{"type":"Feature","properties":{"DESCRIPTION":"MDT_1460146.tif","FILENAME":"U:\\P589_AmazoniaRevelada_BR-319\\LiDAR_dataset\\ENTREGAS\\ENTREGA_02\\2_MDT\\GEOTIFF\\MDT_1460146.tif","SHRT_FNAME":"MDT_1460146.tif","UPPER_LEFT_X":"462960.238","UPPER_LEFT_Y":"9187877.445","LOWER_RIGHT_X":"463962.238","LOWER_RIGHT_Y":"9186875.445"},"geometry":{"type":"Polygon","coordinates":[[[-63.335602255234484,-7.346998944414891],[-63.32652364181876,-7.347005641693278],[-63.32653026228504,-7.356069411464635],[-63.335609059766895,-7.35606270583619],[-63.335602255234484,-7.346998944414891]]]}},
{"type":"Feature","properties":{"DESCRIPTION":"MDT_1460147.tif","FILENAME":"U:\\P589_AmazoniaRevelada_BR-319\\LiDAR_dataset\\ENTREGAS\\ENTREGA_02\\2_MDT\\GEOTIFF\\MDT_1460147.tif","SHRT_FNAME":"MDT_1460147.tif","UPPER_LEFT_X":"463960.333","UPPER_LEFT_Y":"9187877.445","LOWER_RIGHT_X":"464962.333","LOWER_RIGHT_Y":"9186875.445"},"geometry":{"type":"Polygon","coordinates":[[[-63.326540900249491,-7.347005629135996],[-63.317462278463857,-7.347012143114238],[-63.317468715213096,-7.356075920991459],[-63.326547521065685,-7.356069398891695],[-63.326540900249491,-7.347005629135996]]]}},
{"type":"Feature","properties":{"DESCRIPTION":"MDT_1461103.tif","FILENAME":"U:\\P589_AmazoniaRevelada_BR-319\\LiDAR_dataset\\ENTREGAS\\ENTREGA_02\\2_MDT\\GEOTIFF\\MDT_1461103.tif","SHRT_FNAME":"MDT_1461103.tif","UPPER_LEFT_X":"419956.144","UPPER_LEFT_Y":"9186877.570","LOWER_RIGHT_X":"420958.144","LOWER_RIGHT_Y":"9185875.570"},"geometry":{"type":"Polygon","coordinates":[[[-63.725243999268677,-7.355582412268414],[-63.71616578183643,-7.355597008500258],[-63.716180319396521,-7.364660210276938],[-63.725258721069778,-7.364645595868701],[-63.725243999268677,-7.355582412268414]]]}},
{"type":"Feature","properties":{"DESCRIPTION":"MDT_1461104.tif","FILENAME":"U:\\P589_AmazoniaRevelada_BR-319\\LiDAR_dataset\\ENTREGAS\\ENTREGA_02\\2_MDT\\GEOTIFF\\MDT_1461104.tif","SHRT_FNAME":"MDT_1461104.tif","UPPER_LEFT_X":"420956.239","UPPER_LEFT_Y":"9186877.570","LOWER_RIGHT_X":"421958.239","LOWER_RIGHT_Y":"9185875.570"},"geometry":{"type":"Polygon","coordinates":[[[-63.716183039523891,-7.355596980927245],[-63.707104803734275,-7.355611393687359],[-63.707119157401756,-7.364674613377633],[-63.716197577434215,-7.364660182669589],[-63.716183039523891,-7.355596980927245]]]}},
{"type":"Feature","properties":{"DESCRIPTION":"MDT_1461105.tif","FILENAME":"U:\\P589_AmazoniaRevelada_BR-319\\LiDAR_dataset\\ENTREGAS\\ENTREGA_02\\2_MDT\\GEOTIFF\\MDT_1461105.tif","SHRT_FNAME":"MDT_1461105.tif","UPPER_LEFT_X":"421956.334","UPPER_LEFT_Y":"9186877.570","LOWER_RIGHT_X":"422958.334","LOWER_RIGHT_Y":"9185875.570"},"geometry":{"type":"Polygon","coordinates":[[[-63.70712206145641,-7.355611366463128],[-63.698043807541644,-7.355625595749733],[-63.698057977314718,-7.364688833125549],[-63.707136415474146,-7.364674586119499],[-63.70712206145641,-7.355611366463128]]]}},
{"type":"Feature","properties":{"DESCRIPTION":"MDT_1461106.tif","FILENAME":"U:\\P589_AmazoniaRevelada_BR-319\\LiDAR_dataset\\ENTREGAS\\ENTREGA_02\\2_MDT\\GEOTIFF\\MDT_1461106.tif","SHRT_FNAME":"MDT_1461106.tif","UPPER_LEFT_X":"422956.430","UPPER_LEFT_Y":"9186877.570","LOWER_RIGHT_X":"423958.430","LOWER_RIGHT_Y":"9185875.570"},"geometry":{"type":"Polygon","coordinates":[[[-63.698061065298006,-7.355625568874284],[-63.688982793490304,-7.355639614685599],[-63.688996779367194,-7.364702869518922],[-63.698075235421342,-7.364688806216637],[-63.698061065298006,-7.355625568874284]]]}},
{"type":"Feature","properties":{"DESCRIPTION":"MDT_1461107.tif","FILENAME":"U:\\P589_AmazoniaRevelada_BR-319\\LiDAR_dataset\\ENTREGAS\\ENTREGA_02\\2_MDT\\GEOTIFF\\MDT_1461107.tif","SHRT_FNAME":"MDT_1461107.tif","UPPER_LEFT_X":"423956.525","UPPER_LEFT_Y":"9186877.570","LOWER_RIGHT_X":"424958.525","LOWER_RIGHT_Y":"9185875.570"},"geometry":{"type":"Polygon","coordinates":[[[-63.689000051280459,-7.355639588158939],[-63.679921761812018,-7.355653450493221],[-63.67993556379097,-7.364716722556003],[-63.689014037507611,-7.364702842959229],[-63.689000051280459,-7.355639588158939]]]}},
{"type":"Feature","properties":{"DESCRIPTION":"MDT_1461108.tif","FILENAME":"U:\\P589_AmazoniaRevelada_BR-319\\LiDAR_dataset\\ENTREGAS\\ENTREGA_02\\2_MDT\\GEOTIFF\\MDT_1461108.tif","SHRT_FNAME":"MDT_1461108.tif","UPPER_LEFT_X":"424956.620","UPPER_LEFT_Y":"9186877.570","LOWER_RIGHT_X":"425958.620","LOWER_RIGHT_Y":"9185875.570"},"geometry":{"type":"Polygon","coordinates":[[[-63.679939019635533,-7.355653424315354],[-63.670860712738566,-7.355667103170878],[-63.670874330817831,-7.364730392235074],[-63.67995282196474,-7.364716696345535],[-63.679939019635533,-7.355653424315354]]]}},
{"type":"Feature","properties":{"DESCRIPTION":"MDT_1461109.tif","FILENAME":"U:\\P589_AmazoniaRevelada_BR-319\\LiDAR_dataset\\ENTREGAS\\ENTREGA_02\\2_MDT\\GEOTIFF\\MDT_1461109.tif","SHRT_FNAME":"MDT_1461109.tif","UPPER_LEFT_X":"425956.715","UPPER_LEFT_Y":"9186877.570","LOWER_RIGHT_X":"426958.715","LOWER_RIGHT_Y":"9185875.570"},"geometry":{"type":"Polygon","coordinates":[[[-63.670877970594994,-7.355667077341805],[-63.66179964650172,-7.355680572716869],[-63.661813080679593,-7.364743878554427],[-63.670891589024514,-7.364730366373832],[-63.670877970594994,-7.355667077341805]]]}},
{"type":"Feature","properties":{"DESCRIPTION":"MDT_1461110.tif","FILENAME":"U:\\P589_AmazoniaRevelada_BR-319\\LiDAR_dataset\\ENTREGAS\\ENTREGA_02\\2_MDT\\GEOTIFF\\MDT_1461110.tif","SHRT_FNAME":"MDT_1461110.tif","UPPER_LEFT_X":"426956.810","UPPER_LEFT_Y":"9186877.570","LOWER_RIGHT_X":"427958.810","LOWER_RIGHT_Y":"9185875.570"},"geometry":{"type":"Polygon","coordinates":[[[-63.661816904390612,-7.355680547236595],[-63.652738563333251,-7.355693859129524],[-63.652751813608049,-7.364757181512394],[-63.661830338918755,-7.364743853042419],[-63.661816904390612,-7.355680547236595]]]}},
{"type":"Feature","properties":{"DESCRIPTION":"MDT_1461111.tif","FILENAME":"U:\\P589_AmazoniaRevelada_BR-319\\LiDAR_dataset\\ENTREGAS\\ENTREGA_02\\2_MDT\\GEOTIFF\\MDT_1461111.tif","SHRT_FNAME":"MDT_1461111.tif","UPPER_LEFT_X":"427956.906","UPPER_LEFT_Y":"9186877.570","LOWER_RIGHT_X":"428958.906","LOWER_RIGHT_Y":"9185875.570"},"geometry":{"type":"Polygon","coordinates":[[[-63.652755821254168,-7.355693833998047],[-63.64367746346494,-7.355706962407187],[-63.643690529834998,-7.364770301107313],[-63.652769071879241,-7.36475715634962],[-63.652755821254168,-7.355693833998047]]]}},
{"type":"Feature","properties":{"DESCRIPTION":"MDT_1461112.tif","FILENAME":"U:\\P589_AmazoniaRevelada_BR-319\\LiDAR_dataset\\ENTREGAS\\ENTREGA_02\\2_MDT\\GEOTIFF\\MDT_1461112.tif","SHRT_FNAME":"MDT_1461112.tif","UPPER_LEFT_X":"428957.001","UPPER_LEFT_Y":"9186877.570","LOWER_RIGHT_X":"429959.001","LOWER_RIGHT_Y":"9185875.570"},"geometry":{"type":"Polygon","coordinates":[[[-63.643694721417447,-7.355706937624514],[-63.634616347128571,-7.35571988254823],[-63.634629229592242,-7.364783237337559],[-63.643707788137775,-7.36477027629378],[-63.643694721417447,-7.355706937624514]]]}},
{"type":"Feature","properties":{"DESCRIPTION":"MDT_1461113.tif","FILENAME":"U:\\P589_AmazoniaRevelada_BR-319\\LiDAR_dataset\\ENTREGAS\\ENTREGA_02\\2_MDT\\GEOTIFF\\MDT_1461113.tif","SHRT_FNAME":"MDT_1461113.tif","UPPER_LEFT_X":"429957.096","UPPER_LEFT_Y":"9186877.570","LOWER_RIGHT_X":"430959.096","LOWER_RIGHT_Y":"9185875.570"},"geometry":{"type":"Polygon","coordinates":[[[-63.634633605112221,-7.355719858114362],[-63.625555214555924,-7.355732619551043],[-63.625567913111588,-7.364795990201515],[-63.634646487926169,-7.364783212873264],[-63.634633605112221,-7.355719858114362]]]}},
{"type":"Feature","properties":{"DESCRIPTION":"MDT_1461114.tif","FILENAME":"U:\\P589_AmazoniaRevelada_BR-319\\LiDAR_dataset\\ENTREGAS\\ENTREGA_02\\2_MDT\\GEOTIFF\\MDT_1461114.tif","SHRT_FNAME":"MDT_1461114.tif","UPPER_LEFT_X":"430957.191","UPPER_LEFT_Y":"9186877.570","LOWER_RIGHT_X":"431959.191","LOWER_RIGHT_Y":"9185875.570"},"geometry":{"type":"Polygon","coordinates":[[[-63.625572472570269,-7.355732595465987],[-63.616494065978777,-7.355745173414046],[-63.616506580624851,-7.364808559697604],[-63.625585171476231,-7.364795966086469],[-63.625572472570269,-7.355732595465987]]]}},
{"type":"Feature","properties":{"DESCRIPTION":"MDT_1461115.tif","FILENAME":"U:\\P589_AmazoniaRevelada_BR-319\\LiDAR_dataset\\ENTREGAS\\ENTREGA_02\\2_MDT\\GEOTIFF\\MDT_1461115.tif","SHRT_FNAME":"MDT_1461115.tif","UPPER_LEFT_X":"431957.286","UPPER_LEFT_Y":"9186877.570","LOWER_RIGHT_X":"432959.286","LOWER_RIGHT_Y":"9185875.570"},"geometry":{"type":"Polygon","coordinates":[[[-63.616511324023392,-7.355745149677801],[-63.607432901628918,-7.355757544135676],[-63.60744523236383,-7.364820945824259],[-63.616523839019742,-7.364808535931804],[-63.616511324023392,-7.355745149677801]]]}},
{"type":"Feature","properties":{"DESCRIPTION":"MDT_1461116.tif","FILENAME":"U:\\P589_AmazoniaRevelada_BR-319\\LiDAR_dataset\\ENTREGAS\\ENTREGA_02\\2_MDT\\GEOTIFF\\MDT_1461116.tif","SHRT_FNAME":"MDT_1461116.tif","UPPER_LEFT_X":"432957.382","UPPER_LEFT_Y":"9186877.570","LOWER_RIGHT_X":"433959.382","LOWER_RIGHT_Y":"9185875.570"},"geometry":{"type":"Polygon","coordinates":[[[-63.607450159703369,-7.355757520748248],[-63.598371721738154,-7.355769731714392],[-63.598383868560347,-7.364833148579939],[-63.607462490788556,-7.364820922407707],[-63.607450159703369,-7.355757520748248]]]}},
{"type":"Feature","properties":{"DESCRIPTION":"MDT_1461117.tif","FILENAME":"U:\\P589_AmazoniaRevelada_BR-319\\LiDAR_dataset\\ENTREGAS\\ENTREGA_02\\2_MDT\\GEOTIFF\\MDT_1461117.tif","SHRT_FNAME":"MDT_1461117.tif","UPPER_LEFT_X":"433957.477","UPPER_LEFT_Y":"9186877.570","LOWER_RIGHT_X":"434959.477","LOWER_RIGHT_Y":"9185875.570"},"geometry":{"type":"Polygon","coordinates":[[[-63.598388979841964,-7.355769708675785],[-63.589310526538263,-7.355781736148685],[-63.589322489446211,-7.364845167963121],[-63.598401127014448,-7.364833125512638],[-63.598388979841964,-7.355769708675785]]]}},
{"type":"Feature","properties":{"DESCRIPTION":"MDT_1461118.tif","FILENAME":"U:\\P589_AmazoniaRevelada_BR-319\\LiDAR_dataset\\ENTREGAS\\ENTREGA_02\\2_MDT\\GEOTIFF\\MDT_1461118.tif","SHRT_FNAME":"MDT_1461118.tif","UPPER_LEFT_X":"434957.572","UPPER_LEFT_Y":"9186877.570","LOWER_RIGHT_X":"435959.572","LOWER_RIGHT_Y":"9185875.570"},"geometry":{"type":"Polygon","coordinates":[[[-63.589327784671021,-7.355781713458899],[-63.580249316261032,-7.355793557437057],[-63.580261095253242,-7.364857003972321],[-63.589339747929245,-7.364845145245081],[-63.589327784671021,-7.355781713458899]]]}},
{"type":"Feature","properties":{"DESCRIPTION":"MDT_1461119.tif","FILENAME":"U:\\P589_AmazoniaRevelada_BR-319\\LiDAR_dataset\\ENTREGAS\\ENTREGA_02\\2_MDT\\GEOTIFF\\MDT_1461119.tif","SHRT_FNAME":"MDT_1461119.tif","UPPER_LEFT_X":"435957.667","UPPER_LEFT_Y":"9186877.570","LOWER_RIGHT_X":"436959.667","LOWER_RIGHT_Y":"9185875.570"},"geometry":{"type":"Polygon","coordinates":[[[-63.580266574422282,-7.355793535096095],[-63.571188091138268,-7.355805195578037],[-63.571199686213234,-7.364868656606061],[-63.580278353764768,-7.364856981603539],[-63.580266574422282,-7.355793535096095]]]}},
{"type":"Feature","properties":{"DESCRIPTION":"MDT_1461120.tif","FILENAME":"U:\\P589_AmazoniaRevelada_BR-319\\LiDAR_dataset\\ENTREGAS\\ENTREGA_02\\2_MDT\\GEOTIFF\\MDT_1461120.tif","SHRT_FNAME":"MDT_1461120.tif","UPPER_LEFT_X":"436957.762","UPPER_LEFT_Y":"9186877.570","LOWER_RIGHT_X":"437959.762","LOWER_RIGHT_Y":"9185875.570"},"geometry":{"type":"Polygon","coordinates":[[[-63.57120534932757,-7.355805173585902],[-63.562126851401757,-7.355816650570182],[-63.562138262558044,-7.36488012586289],[-63.571216944752841,-7.364868634586539],[-63.57120534932757,-7.355805173585902]]]}},
{"type":"Feature","properties":{"DESCRIPTION":"MDT_1461121.tif","FILENAME":"U:\\P589_AmazoniaRevelada_BR-319\\LiDAR_dataset\\ENTREGAS\\ENTREGA_02\\2_MDT\\GEOTIFF\\MDT_1461121.tif","SHRT_FNAME":"MDT_1461121.tif","UPPER_LEFT_X":"437957.858","UPPER_LEFT_Y":"9186877.570","LOWER_RIGHT_X":"438959.858","LOWER_RIGHT_Y":"9185875.570"},"geometry":{"type":"Polygon","coordinates":[[[-63.562144109618664,-7.355816628926876],[-63.553065597283293,-7.355827922412064],[-63.553076824519465,-7.364891411741388],[-63.562155521125256,-7.364880104192633],[-63.562144109618664,-7.355816628926876]]]}},
{"type":"Feature","properties":{"DESCRIPTION":"MDT_1461122.tif","FILENAME":"U:\\P589_AmazoniaRevelada_BR-319\\LiDAR_dataset\\ENTREGAS\\ENTREGA_02\\2_MDT\\GEOTIFF\\MDT_1461122.tif","SHRT_FNAME":"MDT_1461122.tif","UPPER_LEFT_X":"438957.953","UPPER_LEFT_Y":"9186877.570","LOWER_RIGHT_X":"439959.953","LOWER_RIGHT_Y":"9185875.570"},"geometry":{"type":"Polygon","coordinates":[[[-63.553082855527379,-7.355827901117592],[-63.54400432901469,-7.355839011102281],[-63.544015372329348,-7.364902514240144],[-63.553094083113862,-7.364891390420397],[-63.553082855527379,-7.355827901117592]]]}},
{"type":"Feature","properties":{"DESCRIPTION":"MDT_1461123.tif","FILENAME":"U:\\P589_AmazoniaRevelada_BR-319\\LiDAR_dataset\\ENTREGAS\\ENTREGA_02\\2_MDT\\GEOTIFF\\MDT_1461123.tif","SHRT_FNAME":"MDT_1461123.tif","UPPER_LEFT_X":"439958.048","UPPER_LEFT_Y":"9186877.570","LOWER_RIGHT_X":"440960.048","LOWER_RIGHT_Y":"9185875.570"},"geometry":{"type":"Polygon","coordinates":[[[-63.544021587285513,-7.355838990156643],[-63.534943046827763,-7.355849916639457],[-63.534953906219492,-7.364913433357782],[-63.544032630950468,-7.364902493268423],[-63.544021587285513,-7.355838990156643]]]}},
{"type":"Feature","properties":{"DESCRIPTION":"MDT_1461124.tif","FILENAME":"U:\\P589_AmazoniaRevelada_BR-319\\LiDAR_dataset\\ENTREGAS\\ENTREGA_02\\2_MDT\\GEOTIFF\\MDT_1461124.tif","SHRT_FNAME":"MDT_1461124.tif","UPPER_LEFT_X":"440958.143","UPPER_LEFT_Y":"9186877.570","LOWER_RIGHT_X":"441960.143","LOWER_RIGHT_Y":"9185875.570"},"geometry":{"type":"Polygon","coordinates":[[[-63.534960305124862,-7.355849896042659],[-63.525881750954284,-7.355860639022232],[-63.525892426421748,-7.364924169092941],[-63.534971164866903,-7.364913412735334],[-63.534960305124862,-7.355849896042659]]]}},
{"type":"Feature","properties":{"DESCRIPTION":"MDT_1461125.tif","FILENAME":"U:\\P589_AmazoniaRevelada_BR-319\\LiDAR_dataset\\ENTREGAS\\ENTREGA_02\\2_MDT\\GEOTIFF\\MDT_1461125.tif","SHRT_FNAME":"MDT_1461125.tif","UPPER_LEFT_X":"441958.238","UPPER_LEFT_Y":"9186877.570","LOWER_RIGHT_X":"442960.238","LOWER_RIGHT_Y":"9185875.570"},"geometry":{"type":"Polygon","coordinates":[[[-63.525899009277232,-7.355860618774273],[-63.516820441626074,-7.355871178249273],[-63.516830933167917,-7.364934721444289],[-63.525909685095002,-7.364924148819769],[-63.525899009277232,-7.355860618774273]]]}},
{"type":"Feature","properties":{"DESCRIPTION":"MDT_1461126.tif","FILENAME":"U:\\P589_AmazoniaRevelada_BR-319\\LiDAR_dataset\\ENTREGAS\\ENTREGA_02\\2_MDT\\GEOTIFF\\MDT_1461126.tif","SHRT_FNAME":"MDT_1461126.tif","UPPER_LEFT_X":"442958.334","UPPER_LEFT_Y":"9186877.570","LOWER_RIGHT_X":"443960.334","LOWER_RIGHT_Y":"9185875.570"},"geometry":{"type":"Polygon","coordinates":[[[-63.516837699974431,-7.355871158350158],[-63.50775911907494,-7.355881534319272],[-63.507769426689848,-7.364945090410512],[-63.516848191866593,-7.364934701520393],[-63.516837699974431,-7.355871158350158]]]}},
{"type":"Feature","properties":{"DESCRIPTION":"MDT_1461127.tif","FILENAME":"U:\\P589_AmazoniaRevelada_BR-319\\LiDAR_dataset\\ENTREGAS\\ENTREGA_02\\2_MDT\\GEOTIFF\\MDT_1461127.tif","SHRT_FNAME":"MDT_1461127.tif","UPPER_LEFT_X":"443958.429","UPPER_LEFT_Y":"9186877.570","LOWER_RIGHT_X":"444960.429","LOWER_RIGHT_Y":"9185875.570"},"geometry":{"type":"Polygon","coordinates":[[[-63.507776377448273,-7.355881514769003],[-63.498697783532705,-7.35589170723094],[-63.498707907219377,-7.364955275990321],[-63.507786685413485,-7.364945070835897],[-63.507776377448273,-7.355881514769003]]]}},
{"type":"Feature","properties":{"DESCRIPTION":"MDT_1461128.tif","FILENAME":"U:\\P589_AmazoniaRevelada_BR-319\\LiDAR_dataset\\ENTREGAS\\ENTREGA_02\\2_MDT\\GEOTIFF\\MDT_1461128.tif","SHRT_FNAME":"MDT_1461128.tif","UPPER_LEFT_X":"444958.524","UPPER_LEFT_Y":"9186877.570","LOWER_RIGHT_X":"445960.524","LOWER_RIGHT_Y":"9185875.570"},"geometry":{"type":"Polygon","coordinates":[[[-63.498715041930552,-7.355891688029518],[-63.489636435231155,-7.35590169698301],[-63.489646374988332,-7.364965278182446],[-63.498725165967542,-7.364955256764984],[-63.498715041930552,-7.355891688029518]]]}},
{"type":"Feature","properties":{"DESCRIPTION":"MDT_1461129.tif","FILENAME":"U:\\P589_AmazoniaRevelada_BR-319\\LiDAR_dataset\\ENTREGAS\\ENTREGA_02\\2_MDT\\GEOTIFF\\MDT_1461129.tif","SHRT_FNAME":"MDT_1461129.tif","UPPER_LEFT_X":"445958.619","UPPER_LEFT_Y":"9186877.570","LOWER_RIGHT_X":"446960.619","LOWER_RIGHT_Y":"9185875.570"},"geometry":{"type":"Polygon","coordinates":[[[-63.489653693653082,-7.355901678130437],[-63.480575074402125,-7.355911503574244],[-63.480584830228537,-7.364975096985646],[-63.489663633760571,-7.364965259306396],[-63.489653693653082,-7.355901678130437]]]}},
{"type":"Feature","properties":{"DESCRIPTION":"MDT_1461130.tif","FILENAME":"U:\\P589_AmazoniaRevelada_BR-319\\LiDAR_dataset\\ENTREGAS\\ENTREGA_02\\2_MDT\\GEOTIFF\\MDT_1461130.tif","SHRT_FNAME":"MDT_1461130.tif","UPPER_LEFT_X":"446958.714","UPPER_LEFT_Y":"9186877.570","LOWER_RIGHT_X":"447960.714","LOWER_RIGHT_Y":"9185875.570"},"geometry":{"type":"Polygon","coordinates":[[[-63.480592332847692,-7.355911485070522],[-63.471513701277424,-7.355921127003414],[-63.471523273171847,-7.364984732398701],[-63.480602089024437,-7.364975078458885],[-63.480592332847692,-7.355911485070522]]]}},
{"type":"Feature","properties":{"DESCRIPTION":"MDT_1461131.tif","FILENAME":"U:\\P589_AmazoniaRevelada_BR-319\\LiDAR_dataset\\ENTREGAS\\ENTREGA_02\\2_MDT\\GEOTIFF\\MDT_1461131.tif","SHRT_FNAME":"MDT_1461131.tif","UPPER_LEFT_X":"447958.810","UPPER_LEFT_Y":"9186877.570","LOWER_RIGHT_X":"448960.810","LOWER_RIGHT_Y":"9185875.570"},"geometry":{"type":"Polygon","coordinates":[[[-63.471530959746183,-7.355921108848549],[-63.46245231608885,-7.355930567269333],[-63.462461704050114,-7.364994184420408],[-63.471540531990939,-7.364984714221228],[-63.471530959746183,-7.355921108848549]]]}},
{"type":"Feature","properties":{"DESCRIPTION":"MDT_1461132.tif","FILENAME":"U:\\P589_AmazoniaRevelada_BR-319\\LiDAR_dataset\\ENTREGAS\\ENTREGA_02\\2_MDT\\GEOTIFF\\MDT_1461132.tif","SHRT_FNAME":"MDT_1461132.tif","UPPER_LEFT_X":"448958.905","UPPER_LEFT_Y":"9186877.570","LOWER_RIGHT_X":"449960.905","LOWER_RIGHT_Y":"9185875.570"},"geometry":{"type":"Polygon","coordinates":[[[-63.462469574580375,-7.355930549463326],[-63.453390919068241,-7.355939824370818],[-63.453400123095143,-7.365003453049596],[-63.462478962891964,-7.364994166592227],[-63.462469574580375,-7.355930549463326]]]}},
{"type":"Feature","properties":{"DESCRIPTION":"MDT_1461133.tif","FILENAME":"U:\\P589_AmazoniaRevelada_BR-319\\LiDAR_dataset\\ENTREGAS\\ENTREGA_02\\2_MDT\\GEOTIFF\\MDT_1461133.tif","SHRT_FNAME":"MDT_1461133.tif","UPPER_LEFT_X":"449959.000","UPPER_LEFT_Y":"9186877.570","LOWER_RIGHT_X":"450961.000","LOWER_RIGHT_Y":"9185875.570"},"geometry":{"type":"Polygon","coordinates":[[[-63.453408177582084,-7.35593980691367],[-63.444329510447417,-7.355948898306724],[-63.444338530538801,-7.365012538285111],[-63.453417381959312,-7.36500343557071],[-63.453408177582084,-7.35593980691367]]]}},
{"type":"Feature","properties":{"DESCRIPTION":"MDT_1461134.tif","FILENAME":"U:\\P589_AmazoniaRevelada_BR-319\\LiDAR_dataset\\ENTREGAS\\ENTREGA_02\\2_MDT\\GEOTIFF\\MDT_1461134.tif","SHRT_FNAME":"MDT_1461134.tif","UPPER_LEFT_X":"450959.095","UPPER_LEFT_Y":"9186877.570","LOWER_RIGHT_X":"451961.095","LOWER_RIGHT_Y":"9185875.570"},"geometry":{"type":"Polygon","coordinates":[[[-63.444346768983131,-7.355948881198437],[-63.43526809045818,-7.35595778907592],[-63.435276926612921,-7.365021440125822],[-63.444355789424833,-7.36501252115552],[-63.444346768983131,-7.355948881198437]]]}},
{"type":"Feature","properties":{"DESCRIPTION":"MDT_1461135.tif","FILENAME":"U:\\P589_AmazoniaRevelada_BR-319\\LiDAR_dataset\\ENTREGAS\\ENTREGA_02\\2_MDT\\GEOTIFF\\MDT_1461135.tif","SHRT_FNAME":"MDT_1461135.tif","UPPER_LEFT_X":"451959.190","UPPER_LEFT_Y":"9186877.570","LOWER_RIGHT_X":"452961.190","LOWER_RIGHT_Y":"9185875.570"},"geometry":{"type":"Polygon","coordinates":[[[-63.435285349015338,-7.355957772316498],[-63.426206659332379,-7.355966496677301],[-63.426215311549356,-7.365030158570621],[-63.435294185520398,-7.36502142334553],[-63.435285349015338,-7.355957772316498]]]}},
{"type":"Feature","properties":{"DESCRIPTION":"MDT_1461136.tif","FILENAME":"U:\\P589_AmazoniaRevelada_BR-319\\LiDAR_dataset\\ENTREGAS\\ENTREGA_02\\2_MDT\\GEOTIFF\\MDT_1461136.tif","SHRT_FNAME":"MDT_1461136.tif","UPPER_LEFT_X":"452959.286","UPPER_LEFT_Y":"9186877.570","LOWER_RIGHT_X":"453961.286","LOWER_RIGHT_Y":"9185875.570"},"geometry":{"type":"Polygon","coordinates":[[[-63.426223917910512,-7.355966480266743],[-63.417145217301815,-7.355975021109783],[-63.417153685579947,-7.365038693618425],[-63.426232570477822,-7.365030142139631],[-63.426223917910512,-7.355966480266743]]]}},
{"type":"Feature","properties":{"DESCRIPTION":"MDT_1461137.tif","FILENAME":"U:\\P589_AmazoniaRevelada_BR-319\\LiDAR_dataset\\ENTREGAS\\ENTREGA_02\\2_MDT\\GEOTIFF\\MDT_1461137.tif","SHRT_FNAME":"MDT_1461137.tif","UPPER_LEFT_X":"453959.381","UPPER_LEFT_Y":"9186877.570","LOWER_RIGHT_X":"454961.381","LOWER_RIGHT_Y":"9185875.570"},"geometry":{"type":"Polygon","coordinates":[[[-63.417162475900504,-7.355975005048093],[-63.408083764598324,-7.355983362372307],[-63.408092048936545,-7.365047045268177],[-63.417170944528962,-7.365038677536736],[-63.417162475900504,-7.355975005048093]]]}},
{"type":"Feature","properties":{"DESCRIPTION":"MDT_1461138.tif","FILENAME":"U:\\P589_AmazoniaRevelada_BR-319\\LiDAR_dataset\\ENTREGAS\\ENTREGA_02\\2_MDT\\GEOTIFF\\MDT_1461138.tif","SHRT_FNAME":"MDT_1461138.tif","UPPER_LEFT_X":"454959.476","UPPER_LEFT_Y":"9186877.570","LOWER_RIGHT_X":"455961.476","LOWER_RIGHT_Y":"9185875.570"},"geometry":{"type":"Polygon","coordinates":[[[-63.408101023217121,-7.355983346659487],[-63.399022301453734,-7.355991520463834],[-63.399030401850993,-7.36505521351883],[-63.408109307905676,-7.365047029535791],[-63.408101023217121,-7.355983346659487]]]}},
{"type":"Feature","properties":{"DESCRIPTION":"MDT_1461139.tif","FILENAME":"U:\\P589_AmazoniaRevelada_BR-319\\LiDAR_dataset\\ENTREGAS\\ENTREGA_02\\2_MDT\\GEOTIFF\\MDT_1461139.tif","SHRT_FNAME":"MDT_1461139.tif","UPPER_LEFT_X":"455959.571","UPPER_LEFT_Y":"9186877.570","LOWER_RIGHT_X":"456961.571","LOWER_RIGHT_Y":"9185875.570"},"geometry":{"type":"Polygon","coordinates":[[[-63.399039560092184,-7.355991505099885],[-63.389960828099859,-7.355999495383349],[-63.389968744555155,-7.365063198369371],[-63.399047660839798,-7.365055198135749],[-63.399039560092184,-7.355991505099885]]]}},
{"type":"Feature","properties":{"DESCRIPTION":"MDT_1461140.tif","FILENAME":"U:\\P589_AmazoniaRevelada_BR-319\\LiDAR_dataset\\ENTREGAS\\ENTREGA_02\\2_MDT\\GEOTIFF\\MDT_1461140.tif","SHRT_FNAME":"MDT_1461140.tif","UPPER_LEFT_X":"456959.666","UPPER_LEFT_Y":"9186877.570","LOWER_RIGHT_X":"457961.666","LOWER_RIGHT_Y":"9185875.570"},"geometry":{"type":"Polygon","coordinates":[[[-63.389978086757544,-7.355999480368276],[-63.380899344768544,-7.356007287129863],[-63.380907077280874,-7.365070999818808],[-63.389986003563187,-7.365063183335598],[-63.389978086757544,-7.355999480368276]]]}},
{"type":"Feature","properties":{"DESCRIPTION":"MDT_1461141.tif","FILENAME":"U:\\P589_AmazoniaRevelada_BR-319\\LiDAR_dataset\\ENTREGAS\\ENTREGA_02\\2_MDT\\GEOTIFF\\MDT_1461141.tif","SHRT_FNAME":"MDT_1461141.tif","UPPER_LEFT_X":"457959.762","UPPER_LEFT_Y":"9186877.570","LOWER_RIGHT_X":"458961.762","LOWER_RIGHT_Y":"9185875.570"},"geometry":{"type":"Polygon","coordinates":[[[-63.380916603445009,-7.356007272463666],[-63.371837851691609,-7.356014895702405],[-63.371845400260014,-7.365078617866172],[-63.380924336307686,-7.365070985134349],[-63.380916603445009,-7.356007272463666]]]}},
{"type":"Feature","properties":{"DESCRIPTION":"MDT_1461142.tif","FILENAME":"U:\\P589_AmazoniaRevelada_BR-319\\LiDAR_dataset\\ENTREGAS\\ENTREGA_02\\2_MDT\\GEOTIFF\\MDT_1461142.tif","SHRT_FNAME":"MDT_1461142.tif","UPPER_LEFT_X":"458959.857","UPPER_LEFT_Y":"9186877.570","LOWER_RIGHT_X":"459961.857","LOWER_RIGHT_Y":"9185875.570"},"geometry":{"type":"Polygon","coordinates":[[[-63.371855110386427,-7.356014881385084],[-63.362776349100898,-7.356022321100028],[-63.362783713724411,-7.365086052510512],[-63.371862659305165,-7.365078603531023],[-63.371855110386427,-7.356014881385084]]]}},
{"type":"Feature","properties":{"DESCRIPTION":"MDT_1461143.tif","FILENAME":"U:\\P589_AmazoniaRevelada_BR-319\\LiDAR_dataset\\ENTREGAS\\ENTREGA_02\\2_MDT\\GEOTIFF\\MDT_1461143.tif","SHRT_FNAME":"MDT_1461143.tif","UPPER_LEFT_X":"459959.952","UPPER_LEFT_Y":"9186877.570","LOWER_RIGHT_X":"460961.952","LOWER_RIGHT_Y":"9185875.570"},"geometry":{"type":"Polygon","coordinates":[[[-63.362793607813607,-7.356022307131586],[-63.353714837228232,-7.356029563321811],[-63.353722017905937,-7.365093303750906],[-63.362800972787461,-7.365086038524678],[-63.362793607813607,-7.356022307131586]]]}},
{"type":"Feature","properties":{"DESCRIPTION":"MDT_1461144.tif","FILENAME":"U:\\P589_AmazoniaRevelada_BR-319\\LiDAR_dataset\\ENTREGAS\\ENTREGA_02\\2_MDT\\GEOTIFF\\MDT_1461144.tif","SHRT_FNAME":"MDT_1461144.tif","UPPER_LEFT_X":"460960.047","UPPER_LEFT_Y":"9186877.570","LOWER_RIGHT_X":"461962.047","LOWER_RIGHT_Y":"9185875.570"},"geometry":{"type":"Polygon","coordinates":[[[-63.353732095958392,-7.356029549702251],[-63.344653316305447,-7.356036622366852],[-63.344660313036449,-7.365100371586451],[-63.353739276986445,-7.365093290114386],[-63.353732095958392,-7.356029549702251]]]}},
{"type":"Feature","properties":{"DESCRIPTION":"MDT_1461145.tif","FILENAME":"U:\\P589_AmazoniaRevelada_BR-319\\LiDAR_dataset\\ENTREGAS\\ENTREGA_02\\2_MDT\\GEOTIFF\\MDT_1461145.tif","SHRT_FNAME":"MDT_1461145.tif","UPPER_LEFT_X":"461960.142","UPPER_LEFT_Y":"9186877.570","LOWER_RIGHT_X":"462962.142","LOWER_RIGHT_Y":"9185875.570"},"geometry":{"type":"Polygon","coordinates":[[[-63.344670575052632,-7.356036609096175],[-63.335591786564379,-7.35604349823427],[-63.335598599347783,-7.365107256016267],[-63.344677572133975,-7.365100358299249],[-63.344670575052632,-7.356036609096175]]]}},
{"type":"Feature","properties":{"DESCRIPTION":"MDT_1461146.tif","FILENAME":"U:\\P589_AmazoniaRevelada_BR-319\\LiDAR_dataset\\ENTREGAS\\ENTREGA_02\\2_MDT\\GEOTIFF\\MDT_1461146.tif","SHRT_FNAME":"MDT_1461146.tif","UPPER_LEFT_X":"462960.238","UPPER_LEFT_Y":"9186877.570","LOWER_RIGHT_X":"463962.238","LOWER_RIGHT_Y":"9185875.570"},"geometry":{"type":"Polygon","coordinates":[[[-63.335609045328141,-7.356043485312478],[-63.326530248236871,-7.356050190923216],[-63.326536877071831,-7.365113957039501],[-63.335615858461892,-7.365107243078386],[-63.335609045328141,-7.356043485312478]]]}},
{"type":"Feature","properties":{"DESCRIPTION":"MDT_1461147.tif","FILENAME":"U:\\P589_AmazoniaRevelada_BR-319\\LiDAR_dataset\\ENTREGAS\\ENTREGA_02\\2_MDT\\GEOTIFF\\MDT_1461147.tif","SHRT_FNAME":"MDT_1461147.tif","UPPER_LEFT_X":"463960.333","UPPER_LEFT_Y":"9186877.570","LOWER_RIGHT_X":"464962.333","LOWER_RIGHT_Y":"9185875.570"},"geometry":{"type":"Polygon","coordinates":[[[-63.326547507016762,-7.356050178350308],[-63.317468701554759,-7.35605670043285],[-63.317475146440444,-7.365120474655317],[-63.326554136202084,-7.365113944450935],[-63.326547507016762,-7.356050178350308]]]}},
{"type":"Feature","properties":{"DESCRIPTION":"MDT_1462102.tif","FILENAME":"U:\\P589_AmazoniaRevelada_BR-319\\LiDAR_dataset\\ENTREGAS\\ENTREGA_02\\2_MDT\\GEOTIFF\\MDT_1462102.tif","SHRT_FNAME":"MDT_1462102.tif","UPPER_LEFT_X":"418956.049","UPPER_LEFT_Y":"9185877.695","LOWER_RIGHT_X":"419958.049","LOWER_RIGHT_Y":"9184875.695"},"geometry":{"type":"Polygon","coordinates":[[[-63.734319814520241,-7.364611606459251],[-63.725241431829332,-7.364626404526842],[-63.725256171867301,-7.373689584479817],[-63.73433473902999,-7.373674768006648],[-63.734319814520241,-7.364611606459251]]]}},
{"type":"Feature","properties":{"DESCRIPTION":"MDT_1462103.tif","FILENAME":"U:\\P589_AmazoniaRevelada_BR-319\\LiDAR_dataset\\ENTREGAS\\ENTREGA_02\\2_MDT\\GEOTIFF\\MDT_1462103.tif","SHRT_FNAME":"MDT_1462103.tif","UPPER_LEFT_X":"419956.144","UPPER_LEFT_Y":"9185877.695","LOWER_RIGHT_X":"420958.144","LOWER_RIGHT_Y":"9184875.695"},"geometry":{"type":"Polygon","coordinates":[[[-63.725258689831165,-7.364626376570353],[-63.716180288548841,-7.364640990940049],[-63.716194844463864,-7.373704189035355],[-63.725273430219822,-7.373689556488556],[-63.725258689831165,-7.364626376570353]]]}},
{"type":"Feature","properties":{"DESCRIPTION":"MDT_1462104.tif","FILENAME":"U:\\P589_AmazoniaRevelada_BR-319\\LiDAR_dataset\\ENTREGAS\\ENTREGA_02\\2_MDT\\GEOTIFF\\MDT_1462104.tif","SHRT_FNAME":"MDT_1462104.tif","UPPER_LEFT_X":"420956.239","UPPER_LEFT_Y":"9185877.695","LOWER_RIGHT_X":"421958.239","LOWER_RIGHT_Y":"9184875.695"},"geometry":{"type":"Polygon","coordinates":[[[-63.716197546585796,-7.364640963332771],[-63.707119126944299,-7.364655394002754],[-63.707133498734528,-7.373718610012341],[-63.716212102851507,-7.373704161393739],[-63.716197546585796,-7.364640963332771]]]}},
{"type":"Feature","properties":{"DESCRIPTION":"MDT_1462105.tif","FILENAME":"U:\\P589_AmazoniaRevelada_BR-319\\LiDAR_dataset\\ENTREGAS\\ENTREGA_02\\2_MDT\\GEOTIFF\\MDT_1462105.tif","SHRT_FNAME":"MDT_1462105.tif","UPPER_LEFT_X":"421956.334","UPPER_LEFT_Y":"9185877.695","LOWER_RIGHT_X":"422958.334","LOWER_RIGHT_Y":"9184875.695"},"geometry":{"type":"Polygon","coordinates":[[[-63.707136385015936,-7.364655366744691],[-63.69805794724747,-7.364669613713165],[-63.698072134911122,-7.373732847408987],[-63.707150757156853,-7.373718582720377],[-63.707136385015936,-7.364655366744691]]]}},
{"type":"Feature","properties":{"DESCRIPTION":"MDT_1462106.tif","FILENAME":"U:\\P589_AmazoniaRevelada_BR-319\\LiDAR_dataset\\ENTREGAS\\ENTREGA_02\\2_MDT\\GEOTIFF\\MDT_1462106.tif","SHRT_FNAME":"MDT_1462106.tif","UPPER_LEFT_X":"422956.430","UPPER_LEFT_Y":"9185877.695","LOWER_RIGHT_X":"423958.430","LOWER_RIGHT_Y":"9184875.695"},"geometry":{"type":"Polygon","coordinates":[[[-63.698075205353341,-7.364669586804321],[-63.688996749690155,-7.364683650069518],[-63.689010753225432,-7.37374690122352],[-63.698089393367681,-7.373732820466675],[-63.698075205353341,-7.364669586804321]]]}},
{"type":"Feature","properties":{"DESCRIPTION":"MDT_1462107.tif","FILENAME":"U:\\P589_AmazoniaRevelada_BR-319\\LiDAR_dataset\\ENTREGAS\\ENTREGA_02\\2_MDT\\GEOTIFF\\MDT_1462107.tif","SHRT_FNAME":"MDT_1462107.tif","UPPER_LEFT_X":"423956.525","UPPER_LEFT_Y":"9185877.695","LOWER_RIGHT_X":"424958.525","LOWER_RIGHT_Y":"9184875.695"},"geometry":{"type":"Polygon","coordinates":[[[-63.689014007829826,-7.364683623509893],[-63.679935534504139,-7.364697503070062],[-63.679949353909286,-7.373760771454194],[-63.689028011715799,-7.373746874630863],[-63.689014007829826,-7.364683623509893]]]}},
{"type":"Feature","properties":{"DESCRIPTION":"MDT_1462108.tif","FILENAME":"U:\\P589_AmazoniaRevelada_BR-319\\LiDAR_dataset\\ENTREGAS\\ENTREGA_02\\2_MDT\\GEOTIFF\\MDT_1462108.tif","SHRT_FNAME":"MDT_1462108.tif","UPPER_LEFT_X":"424956.620","UPPER_LEFT_Y":"9185877.695","LOWER_RIGHT_X":"425958.620","LOWER_RIGHT_Y":"9184875.695"},"geometry":{"type":"Polygon","coordinates":[[[-63.67995279267717,-7.364697476859662],[-63.670874301921231,-7.364711172713075],[-63.670887937194514,-7.373774458099279],[-63.67996661243302,-7.373760745211195],[-63.67995279267717,-7.364697476859662]]]}},
{"type":"Feature","properties":{"DESCRIPTION":"MDT_1462109.tif","FILENAME":"U:\\P589_AmazoniaRevelada_BR-319\\LiDAR_dataset\\ENTREGAS\\ENTREGA_02\\2_MDT\\GEOTIFF\\MDT_1462109.tif","SHRT_FNAME":"MDT_1462109.tif","UPPER_LEFT_X":"425956.715","UPPER_LEFT_Y":"9185877.695","LOWER_RIGHT_X":"426958.715","LOWER_RIGHT_Y":"9184875.695"},"geometry":{"type":"Polygon","coordinates":[[[-63.670891560127174,-7.364711146851905],[-63.661813052173223,-7.36472465899686],[-63.661826503312923,-7.373787961157082],[-63.670905195751153,-7.373774432205945],[-63.670891560127174,-7.364711146851905]]]}},
{"type":"Feature","properties":{"DESCRIPTION":"MDT_1462110.tif","FILENAME":"U:\\P589_AmazoniaRevelada_BR-319\\LiDAR_dataset\\ENTREGAS\\ENTREGA_02\\2_MDT\\GEOTIFF\\MDT_1462110.tif","SHRT_FNAME":"MDT_1462110.tif","UPPER_LEFT_X":"426956.810","UPPER_LEFT_Y":"9185877.695","LOWER_RIGHT_X":"427958.810","LOWER_RIGHT_Y":"9184875.695"},"geometry":{"type":"Polygon","coordinates":[[[-63.661830310411638,-7.36472463348492],[-63.652751785491908,-7.364737961919739],[-63.652765052496342,-7.373801280625911],[-63.661843761902034,-7.373787935613408],[-63.661830310411638,-7.36472463348492]]]}},
{"type":"Feature","properties":{"DESCRIPTION":"MDT_1462111.tif","FILENAME":"U:\\P589_AmazoniaRevelada_BR-319\\LiDAR_dataset\\ENTREGAS\\ENTREGA_02\\2_MDT\\GEOTIFF\\MDT_1462111.tif","SHRT_FNAME":"MDT_1462111.tif","UPPER_LEFT_X":"427956.906","UPPER_LEFT_Y":"9185877.695","LOWER_RIGHT_X":"428958.906","LOWER_RIGHT_Y":"9184875.695"},"geometry":{"type":"Polygon","coordinates":[[[-63.652769043762348,-7.364737936757033],[-63.643690502109088,-7.364751081480057],[-63.643703584976585,-7.373814416504123],[-63.652782311117491,-7.373801255431911],[-63.652769043762348,-7.364737936757033]]]}},
{"type":"Feature","properties":{"DESCRIPTION":"MDT_1462112.tif","FILENAME":"U:\\P589_AmazoniaRevelada_BR-319\\LiDAR_dataset\\ENTREGAS\\ENTREGA_02\\2_MDT\\GEOTIFF\\MDT_1462112.tif","SHRT_FNAME":"MDT_1462112.tif","UPPER_LEFT_X":"428957.001","UPPER_LEFT_Y":"9185877.695","LOWER_RIGHT_X":"429959.001","LOWER_RIGHT_Y":"9184875.695"},"geometry":{"type":"Polygon","coordinates":[[[-63.643707760411125,-7.364751056666589],[-63.634629202256569,-7.364764017676182],[-63.634642100985481,-7.373827368790077],[-63.643720843629332,-7.373814391659793],[-63.643707760411125,-7.364751056666589]]]}},
{"type":"Feature","properties":{"DESCRIPTION":"MDT_1462113.tif","FILENAME":"U:\\P589_AmazoniaRevelada_BR-319\\LiDAR_dataset\\ENTREGAS\\ENTREGA_02\\2_MDT\\GEOTIFF\\MDT_1462113.tif","SHRT_FNAME":"MDT_1462113.tif","UPPER_LEFT_X":"429957.096","UPPER_LEFT_Y":"9185877.695","LOWER_RIGHT_X":"430959.096","LOWER_RIGHT_Y":"9184875.695"},"geometry":{"type":"Polygon","coordinates":[[[-63.634646460589749,-7.364763993211955],[-63.625567886166159,-7.364776770506508],[-63.625580600754873,-7.373840137482158],[-63.634659359669385,-7.373827344295418],[-63.634646460589749,-7.364763993211955]]]}},
{"type":"Feature","properties":{"DESCRIPTION":"MDT_1462114.tif","FILENAME":"U:\\P589_AmazoniaRevelada_BR-319\\LiDAR_dataset\\ENTREGAS\\ENTREGA_02\\2_MDT\\GEOTIFF\\MDT_1462114.tif","SHRT_FNAME":"MDT_1462114.tif","UPPER_LEFT_X":"430957.191","UPPER_LEFT_Y":"9185877.695","LOWER_RIGHT_X":"431959.191","LOWER_RIGHT_Y":"9184875.695"},"geometry":{"type":"Polygon","coordinates":[[[-63.625585144530049,-7.36477674639152],[-63.616506554069659,-7.364789339969441],[-63.61651908451659,-7.373852722578787],[-63.62559785946948,-7.373840113337181],[-63.625585144530049,-7.36477674639152]]]}},
{"type":"Feature","properties":{"DESCRIPTION":"MDT_1462115.tif","FILENAME":"U:\\P589_AmazoniaRevelada_BR-319\\LiDAR_dataset\\ENTREGAS\\ENTREGA_02\\2_MDT\\GEOTIFF\\MDT_1462115.tif","SHRT_FNAME":"MDT_1462115.tif","UPPER_LEFT_X":"431957.286","UPPER_LEFT_Y":"9185877.695","LOWER_RIGHT_X":"432959.286","LOWER_RIGHT_Y":"9184875.695"},"geometry":{"type":"Polygon","coordinates":[[[-63.616523812463818,-7.364789316203703],[-63.607445206198882,-7.364801726063425],[-63.607457552502446,-7.373865124078394],[-63.616536343261458,-7.37385269878349],[-63.616523812463818,-7.364789316203703]]]}},
{"type":"Feature","properties":{"DESCRIPTION":"MDT_1462116.tif","FILENAME":"U:\\P589_AmazoniaRevelada_BR-319\\LiDAR_dataset\\ENTREGAS\\ENTREGA_02\\2_MDT\\GEOTIFF\\MDT_1462116.tif","SHRT_FNAME":"MDT_1462116.tif","UPPER_LEFT_X":"432957.382","UPPER_LEFT_Y":"9185877.695","LOWER_RIGHT_X":"433959.382","LOWER_RIGHT_Y":"9184875.695"},"geometry":{"type":"Polygon","coordinates":[[[-63.607462464622863,-7.364801702646937],[-63.598383842785651,-7.36481392878692],[-63.598396004944284,-7.373877341979437],[-63.607474811277136,-7.373865100632778],[-63.607462464622863,-7.364801702646937]]]}},
{"type":"Feature","properties":{"DESCRIPTION":"MDT_1462117.tif","FILENAME":"U:\\P589_AmazoniaRevelada_BR-319\\LiDAR_dataset\\ENTREGAS\\ENTREGA_02\\2_MDT\\GEOTIFF\\MDT_1462117.tif","SHRT_FNAME":"MDT_1462117.tif","UPPER_LEFT_X":"433957.477","UPPER_LEFT_Y":"9185877.695","LOWER_RIGHT_X":"434959.477","LOWER_RIGHT_Y":"9184875.695"},"geometry":{"type":"Polygon","coordinates":[[[-63.598401101239006,-7.364813905719683],[-63.589322464061759,-7.364825948138406],[-63.589334442073948,-7.373889376280395],[-63.59841326374837,-7.37387731888351],[-63.598401101239006,-7.364813905719683]]]}},
{"type":"Feature","properties":{"DESCRIPTION":"MDT_1462118.tif","FILENAME":"U:\\P589_AmazoniaRevelada_BR-319\\LiDAR_dataset\\ENTREGAS\\ENTREGA_02\\2_MDT\\GEOTIFF\\MDT_1462118.tif","SHRT_FNAME":"MDT_1462118.tif","UPPER_LEFT_X":"434957.572","UPPER_LEFT_Y":"9185877.695","LOWER_RIGHT_X":"435959.572","LOWER_RIGHT_Y":"9184875.695"},"geometry":{"type":"Polygon","coordinates":[[[-63.589339722544068,-7.364825925420424],[-63.580261070259041,-7.364837784116386],[-63.580272864123266,-7.373901226979776],[-63.589351700906967,-7.373889353534159],[-63.589339722544068,-7.364825925420424]]]}},
{"type":"Feature","properties":{"DESCRIPTION":"MDT_1462119.tif","FILENAME":"U:\\P589_AmazoniaRevelada_BR-319\\LiDAR_dataset\\ENTREGAS\\ENTREGA_02\\2_MDT\\GEOTIFF\\MDT_1462119.tif","SHRT_FNAME":"MDT_1462119.tif","UPPER_LEFT_X":"435957.667","UPPER_LEFT_Y":"9185877.695","LOWER_RIGHT_X":"436959.667","LOWER_RIGHT_Y":"9184875.695"},"geometry":{"type":"Polygon","coordinates":[[[-63.58027832876985,-7.364837761747661],[-63.571199661609313,-7.364849436719389],[-63.571211271324096,-7.373912894076103],[-63.580290122984799,-7.37390120458323],[-63.58027832876985,-7.364837761747661]]]}},
{"type":"Feature","properties":{"DESCRIPTION":"MDT_1462120.tif","FILENAME":"U:\\P589_AmazoniaRevelada_BR-319\\LiDAR_dataset\\ENTREGAS\\ENTREGA_02\\2_MDT\\GEOTIFF\\MDT_1462120.tif","SHRT_FNAME":"MDT_1462120.tif","UPPER_LEFT_X":"436957.762","UPPER_LEFT_Y":"9185877.695","LOWER_RIGHT_X":"437959.762","LOWER_RIGHT_Y":"9184875.695"},"geometry":{"type":"Polygon","coordinates":[[[-63.57121692014816,-7.364849414699929],[-63.562138238344374,-7.364860905945972],[-63.562149663908272,-7.373924377567924],[-63.571228530213695,-7.373912872029251],[-63.57121692014816,-7.364849414699929]]]}},
{"type":"Feature","properties":{"DESCRIPTION":"MDT_1462121.tif","FILENAME":"U:\\P589_AmazoniaRevelada_BR-319\\LiDAR_dataset\\ENTREGAS\\ENTREGA_02\\2_MDT\\GEOTIFF\\MDT_1462121.tif","SHRT_FNAME":"MDT_1462121.tif","UPPER_LEFT_X":"437957.858","UPPER_LEFT_Y":"9185877.695","LOWER_RIGHT_X":"438959.858","LOWER_RIGHT_Y":"9184875.695"},"geometry":{"type":"Polygon","coordinates":[[[-63.562155496910847,-7.364860884275773],[-63.553076800696068,-7.364872191794702],[-63.553088042107632,-7.373935677453812],[-63.562166922825476,-7.373924355870772],[-63.562155496910847,-7.364860884275773]]]}},
{"type":"Feature","properties":{"DESCRIPTION":"MDT_1462122.tif","FILENAME":"U:\\P589_AmazoniaRevelada_BR-319\\LiDAR_dataset\\ENTREGAS\\ENTREGA_02\\2_MDT\\GEOTIFF\\MDT_1462122.tif","SHRT_FNAME":"MDT_1462122.tif","UPPER_LEFT_X":"438957.953","UPPER_LEFT_Y":"9185877.695","LOWER_RIGHT_X":"439959.953","LOWER_RIGHT_Y":"9184875.695"},"geometry":{"type":"Polygon","coordinates":[[[-63.553094059289727,-7.364872170473766],[-63.544015348896217,-7.364883294264175],[-63.544026406154039,-7.373946793732361],[-63.553105301052021,-7.373935656106359],[-63.553094059289727,-7.364872170473766]]]}},
{"type":"Feature","properties":{"DESCRIPTION":"MDT_1462123.tif","FILENAME":"U:\\P589_AmazoniaRevelada_BR-319\\LiDAR_dataset\\ENTREGAS\\ENTREGA_02\\2_MDT\\GEOTIFF\\MDT_1462123.tif","SHRT_FNAME":"MDT_1462123.tif","UPPER_LEFT_X":"439958.048","UPPER_LEFT_Y":"9185877.695","LOWER_RIGHT_X":"440960.048","LOWER_RIGHT_Y":"9184875.695"},"geometry":{"type":"Polygon","coordinates":[[[-63.544032607516598,-7.364883273292512],[-63.534953883176634,-7.364894213353015],[-63.534964756279329,-7.37395772640219],[-63.544043665125166,-7.373946772734612],[-63.544032607516598,-7.364883273292512]]]}},
{"type":"Feature","properties":{"DESCRIPTION":"MDT_1462124.tif","FILENAME":"U:\\P589_AmazoniaRevelada_BR-319\\LiDAR_dataset\\ENTREGAS\\ENTREGA_02\\2_MDT\\GEOTIFF\\MDT_1462124.tif","SHRT_FNAME":"MDT_1462124.tif","UPPER_LEFT_X":"440958.143","UPPER_LEFT_Y":"9185877.695","LOWER_RIGHT_X":"441960.143","LOWER_RIGHT_Y":"9184875.695"},"geometry":{"type":"Polygon","coordinates":[[[-63.534971141823306,-7.364894192730624],[-63.525892403769149,-7.364904949059859],[-63.525903092715346,-7.373968475461938],[-63.534982015276732,-7.373957705754149],[-63.534971141823306,-7.364894192730624]]]}},
{"type":"Feature","properties":{"DESCRIPTION":"MDT_1462125.tif","FILENAME":"U:\\P589_AmazoniaRevelada_BR-319\\LiDAR_dataset\\ENTREGAS\\ENTREGA_02\\2_MDT\\GEOTIFF\\MDT_1462125.tif","SHRT_FNAME":"MDT_1462125.tif","UPPER_LEFT_X":"441958.238","UPPER_LEFT_Y":"9185877.695","LOWER_RIGHT_X":"442960.238","LOWER_RIGHT_Y":"9184875.695"},"geometry":{"type":"Polygon","coordinates":[[[-63.525909662441677,-7.364904928786741],[-63.516830910905611,-7.364915501383376],[-63.51684141569396,-7.373979040910267],[-63.525920351738613,-7.373968455163604],[-63.525909662441677,-7.364904928786741]]]}},
{"type":"Feature","properties":{"DESCRIPTION":"MDT_1462126.tif","FILENAME":"U:\\P589_AmazoniaRevelada_BR-319\\LiDAR_dataset\\ENTREGAS\\ENTREGA_02\\2_MDT\\GEOTIFF\\MDT_1462126.tif","SHRT_FNAME":"MDT_1462126.tif","UPPER_LEFT_X":"442958.334","UPPER_LEFT_Y":"9185877.695","LOWER_RIGHT_X":"443960.334","LOWER_RIGHT_Y":"9184875.695"},"geometry":{"type":"Polygon","coordinates":[[[-63.516848169603534,-7.364915481459533],[-63.507769404817822,-7.364925870322248],[-63.507779725447008,-7.373989422745868],[-63.516858674742636,-7.373979020961646],[-63.516848169603534,-7.364915481459533]]]}},
{"type":"Feature","properties":{"DESCRIPTION":"MDT_1462127.tif","FILENAME":"U:\\P589_AmazoniaRevelada_BR-319\\LiDAR_dataset\\ENTREGAS\\ENTREGA_02\\2_MDT\\GEOTIFF\\MDT_1462127.tif","SHRT_FNAME":"MDT_1462127.tif","UPPER_LEFT_X":"443958.429","UPPER_LEFT_Y":"9185877.695","LOWER_RIGHT_X":"444960.429","LOWER_RIGHT_Y":"9184875.695"},"geometry":{"type":"Polygon","coordinates":[[[-63.50778666354072,-7.364925850747685],[-63.49870788573763,-7.364936055875193],[-63.498718022206369,-7.373999620967441],[-63.50779698452066,-7.373989403146954],[-63.50778666354072,-7.364925850747685]]]}},
{"type":"Feature","properties":{"DESCRIPTION":"MDT_1462128.tif","FILENAME":"U:\\P589_AmazoniaRevelada_BR-319\\LiDAR_dataset\\ENTREGAS\\ENTREGA_02\\2_MDT\\GEOTIFF\\MDT_1462128.tif","SHRT_FNAME":"MDT_1462128.tif","UPPER_LEFT_X":"444958.524","UPPER_LEFT_Y":"9185877.695","LOWER_RIGHT_X":"445960.524","LOWER_RIGHT_Y":"9184875.695"},"geometry":{"type":"Polygon","coordinates":[[[-63.498725144485043,-7.36493603664991],[-63.489646353896866,-7.364946058040937],[-63.489656306203877,-7.374009635573725],[-63.498735281304548,-7.373999601718246],[-63.498725144485043,-7.36493603664991]]]}},
{"type":"Feature","properties":{"DESCRIPTION":"MDT_1462129.tif","FILENAME":"U:\\P589_AmazoniaRevelada_BR-319\\LiDAR_dataset\\ENTREGAS\\ENTREGA_02\\2_MDT\\GEOTIFF\\MDT_1462129.tif","SHRT_FNAME":"MDT_1462129.tif","UPPER_LEFT_X":"445958.619","UPPER_LEFT_Y":"9185877.695","LOWER_RIGHT_X":"446960.619","LOWER_RIGHT_Y":"9184875.695"},"geometry":{"type":"Polygon","coordinates":[[[-63.489663612668366,-7.36494603916494],[-63.480584809527365,-7.36495587681824],[-63.48059457767139,-7.374019466563472],[-63.489673565326136,-7.374009616674249],[-63.489663612668366,-7.36494603916494]]]}},
{"type":"Feature","properties":{"DESCRIPTION":"MDT_1462130.tif","FILENAME":"U:\\P589_AmazoniaRevelada_BR-319\\LiDAR_dataset\\ENTREGAS\\ENTREGA_02\\2_MDT\\GEOTIFF\\MDT_1462130.tif","SHRT_FNAME":"MDT_1462130.tif","UPPER_LEFT_X":"446958.714","UPPER_LEFT_Y":"9185877.695","LOWER_RIGHT_X":"447960.714","LOWER_RIGHT_Y":"9184875.695"},"geometry":{"type":"Polygon","coordinates":[[[-63.480602068322511,-7.364955858291529],[-63.471523252860969,-7.364965512205881],[-63.471532836840794,-7.374029113935459],[-63.480611836817303,-7.374019448013716],[-63.480602068322511,-7.364955858291529]]]}},
{"type":"Feature","properties":{"DESCRIPTION":"MDT_1462131.tif","FILENAME":"U:\\P589_AmazoniaRevelada_BR-319\\LiDAR_dataset\\ENTREGAS\\ENTREGA_02\\2_MDT\\GEOTIFF\\MDT_1462131.tif","SHRT_FNAME":"MDT_1462131.tif","UPPER_LEFT_X":"447958.810","UPPER_LEFT_Y":"9185877.695","LOWER_RIGHT_X":"448960.810","LOWER_RIGHT_Y":"9184875.695"},"geometry":{"type":"Polygon","coordinates":[[[-63.471540511679322,-7.364965494028458],[-63.462461684129522,-7.364974964202659],[-63.462471083943932,-7.374038577688486],[-63.471550096009906,-7.374029095735426],[-63.471540511679322,-7.364965494028458]]]}},
{"type":"Feature","properties":{"DESCRIPTION":"MDT_1462132.tif","FILENAME":"U:\\P589_AmazoniaRevelada_BR-319\\LiDAR_dataset\\ENTREGAS\\ENTREGA_02\\2_MDT\\GEOTIFF\\MDT_1462132.tif","SHRT_FNAME":"MDT_1462132.tif","UPPER_LEFT_X":"448958.905","UPPER_LEFT_Y":"9185877.695","LOWER_RIGHT_X":"449960.905","LOWER_RIGHT_Y":"9184875.695"},"geometry":{"type":"Polygon","coordinates":[[[-63.46247894297062,-7.364974946374528],[-63.453400103564846,-7.364984232807402],[-63.45340931921266,-7.374047857821378],[-63.462488343135796,-7.374038559838176],[-63.46247894297062,-7.364974946374528]]]}},
{"type":"Feature","properties":{"DESCRIPTION":"MDT_1462133.tif","FILENAME":"U:\\P589_AmazoniaRevelada_BR-319\\LiDAR_dataset\\ENTREGAS\\ENTREGA_02\\2_MDT\\GEOTIFF\\MDT_1462133.tif","SHRT_FNAME":"MDT_1462133.tif","UPPER_LEFT_X":"449959.000","UPPER_LEFT_Y":"9185877.695","LOWER_RIGHT_X":"450961.000","LOWER_RIGHT_Y":"9184875.695"},"geometry":{"type":"Polygon","coordinates":[[[-63.453417362428276,-7.364984215328562],[-63.444338511398804,-7.364993318018954],[-63.444347542878866,-7.374056954332978],[-63.45342657842685,-7.374047840320797],[-63.453417362428276,-7.364984215328562]]]}},
{"type":"Feature","properties":{"DESCRIPTION":"MDT_1462134.tif","FILENAME":"U:\\P589_AmazoniaRevelada_BR-319\\LiDAR_dataset\\ENTREGAS\\ENTREGA_02\\2_MDT\\GEOTIFF\\MDT_1462134.tif","SHRT_FNAME":"MDT_1462134.tif","UPPER_LEFT_X":"450959.095","UPPER_LEFT_Y":"9185877.695","LOWER_RIGHT_X":"451961.095","LOWER_RIGHT_Y":"9184875.695"},"geometry":{"type":"Polygon","coordinates":[[[-63.444355770284105,-7.36499330088941],[-63.435276907863226,-7.365002219836186],[-63.435285755174405,-7.374065867222153],[-63.44436480211494,-7.374056937182125],[-63.444355770284105,-7.36499330088941]]]}},
{"type":"Feature","properties":{"DESCRIPTION":"MDT_1462135.tif","FILENAME":"U:\\P589_AmazoniaRevelada_BR-319\\LiDAR_dataset\\ENTREGAS\\ENTREGA_02\\2_MDT\\GEOTIFF\\MDT_1462135.tif","SHRT_FNAME":"MDT_1462135.tif","UPPER_LEFT_X":"451959.190","UPPER_LEFT_Y":"9185877.695","LOWER_RIGHT_X":"452961.190","LOWER_RIGHT_Y":"9184875.695"},"geometry":{"type":"Polygon","coordinates":[[[-63.435294166769957,-7.365002203055938],[-63.426215293189962,-7.365010938257991],[-63.426223956331143,-7.374074596487801],[-63.435303014431909,-7.374065850421035],[-63.435294166769957,-7.365002203055938]]]}},
{"type":"Feature","properties":{"DESCRIPTION":"MDT_1462136.tif","FILENAME":"U:\\P589_AmazoniaRevelada_BR-319\\LiDAR_dataset\\ENTREGAS\\ENTREGA_02\\2_MDT\\GEOTIFF\\MDT_1462136.tif","SHRT_FNAME":"MDT_1462136.tif","UPPER_LEFT_X":"452959.286","UPPER_LEFT_Y":"9185877.695","LOWER_RIGHT_X":"453961.286","LOWER_RIGHT_Y":"9184875.695"},"geometry":{"type":"Polygon","coordinates":[[[-63.426232552117689,-7.365010921827043],[-63.417153667610862,-7.365019473283287],[-63.417162146580949,-7.374083142128829],[-63.426241215609643,-7.374074580036414],[-63.426232552117689,-7.365010921827043]]]}},
{"type":"Feature","properties":{"DESCRIPTION":"MDT_1462137.tif","FILENAME":"U:\\P589_AmazoniaRevelada_BR-319\\LiDAR_dataset\\ENTREGAS\\ENTREGA_02\\2_MDT\\GEOTIFF\\MDT_1462137.tif","SHRT_FNAME":"MDT_1462137.tif","UPPER_LEFT_X":"453959.381","UPPER_LEFT_Y":"9185877.695","LOWER_RIGHT_X":"454961.381","LOWER_RIGHT_Y":"9184875.695"},"geometry":{"type":"Polygon","coordinates":[[[-63.41717092655913,-7.365019457201639],[-63.408092031357761,-7.365027824911007],[-63.408100326155711,-7.37409150414418],[-63.417179405880013,-7.374083126027179],[-63.41717092655913,-7.365019457201639]]]}},
{"type":"Feature","properties":{"DESCRIPTION":"MDT_1462138.tif","FILENAME":"U:\\P589_AmazoniaRevelada_BR-319\\LiDAR_dataset\\ENTREGAS\\ENTREGA_02\\2_MDT\\GEOTIFF\\MDT_1462138.tif","SHRT_FNAME":"MDT_1462138.tif","UPPER_LEFT_X":"454959.476","UPPER_LEFT_Y":"9185877.695","LOWER_RIGHT_X":"455961.476","LOWER_RIGHT_Y":"9184875.695"},"geometry":{"type":"Polygon","coordinates":[[[-63.408109290326152,-7.365027809178665],[-63.399030384662524,-7.365035993140115],[-63.399038495287286,-7.37409968253281],[-63.408117585474876,-7.374091488392266],[-63.408109290326152,-7.365027809178665]]]}},
{"type":"Feature","properties":{"DESCRIPTION":"MDT_1462139.tif","FILENAME":"U:\\P589_AmazoniaRevelada_BR-319\\LiDAR_dataset\\ENTREGAS\\ENTREGA_02\\2_MDT\\GEOTIFF\\MDT_1462139.tif","SHRT_FNAME":"MDT_1462139.tif","UPPER_LEFT_X":"455959.571","UPPER_LEFT_Y":"9185877.695","LOWER_RIGHT_X":"456961.571","LOWER_RIGHT_Y":"9184875.695"},"geometry":{"type":"Polygon","coordinates":[[[-63.399047643650576,-7.365035977757078],[-63.389968727756994,-7.365043977969598],[-63.389976654207537,-7.3741076772937],[-63.399055754626119,-7.374099667130637],[-63.399047643650576,-7.365035977757078]]]}},
{"type":"Feature","properties":{"DESCRIPTION":"MDT_1462140.tif","FILENAME":"U:\\P589_AmazoniaRevelada_BR-319\\LiDAR_dataset\\ENTREGAS\\ENTREGA_02\\2_MDT\\GEOTIFF\\MDT_1462140.tif","SHRT_FNAME":"MDT_1462140.tif","UPPER_LEFT_X":"456959.666","UPPER_LEFT_Y":"9185877.695","LOWER_RIGHT_X":"457961.666","LOWER_RIGHT_Y":"9184875.695"},"geometry":{"type":"Polygon","coordinates":[[[-63.38998598676428,-7.365043962935866],[-63.380907060873028,-7.36505177939846],[-63.380914803148364,-7.374115488425865],[-63.389993913565604,-7.374107662241274],[-63.38998598676428,-7.365043962935866]]]}},
{"type":"Feature","properties":{"DESCRIPTION":"MDT_1462141.tif","FILENAME":"U:\\P589_AmazoniaRevelada_BR-319\\LiDAR_dataset\\ENTREGAS\\ENTREGA_02\\2_MDT\\GEOTIFF\\MDT_1462141.tif","SHRT_FNAME":"MDT_1462141.tif","UPPER_LEFT_X":"457959.762","UPPER_LEFT_Y":"9185877.695","LOWER_RIGHT_X":"458961.762","LOWER_RIGHT_Y":"9184875.695"},"geometry":{"type":"Polygon","coordinates":[[[-63.380924319899101,-7.365051764714037],[-63.371845384242491,-7.365059397425731],[-63.371852942341633,-7.374123115928324],[-63.380932062525211,-7.37411547372318],[-63.380924319899101,-7.365051764714037]]]}},
{"type":"Feature","properties":{"DESCRIPTION":"MDT_1462142.tif","FILENAME":"U:\\P589_AmazoniaRevelada_BR-319\\LiDAR_dataset\\ENTREGAS\\ENTREGA_02\\2_MDT\\GEOTIFF\\MDT_1462142.tif","SHRT_FNAME":"MDT_1462142.tif","UPPER_LEFT_X":"458959.857","UPPER_LEFT_Y":"9185877.695","LOWER_RIGHT_X":"459961.857","LOWER_RIGHT_Y":"9184875.695"},"geometry":{"type":"Polygon","coordinates":[[[-63.371862643286889,-7.365059383090619],[-63.362783698097203,-7.365066832050463],[-63.362791072019228,-7.374130559800132],[-63.37187020173684,-7.374123101575384],[-63.371862643286889,-7.365059383090619]]]}},
{"type":"Feature","properties":{"DESCRIPTION":"MDT_1462143.tif","FILENAME":"U:\\P589_AmazoniaRevelada_BR-319\\LiDAR_dataset\\ENTREGAS\\ENTREGA_02\\2_MDT\\GEOTIFF\\MDT_1462143.tif","SHRT_FNAME":"MDT_1462143.tif","UPPER_LEFT_X":"459959.952","UPPER_LEFT_Y":"9185877.695","LOWER_RIGHT_X":"460961.952","LOWER_RIGHT_Y":"9184875.695"},"geometry":{"type":"Polygon","coordinates":[[[-63.362800957159514,-7.365066818064662],[-63.353722002669045,-7.365074083271732],[-63.353729192413013,-7.37413782004036],[-63.362808331432319,-7.374130545796937],[-63.362800957159514,-7.365066818064662]]]}},
{"type":"Feature","properties":{"DESCRIPTION":"MDT_1462144.tif","FILENAME":"U:\\P589_AmazoniaRevelada_BR-319\\LiDAR_dataset\\ENTREGAS\\ENTREGA_02\\2_MDT\\GEOTIFF\\MDT_1462144.tif","SHRT_FNAME":"MDT_1462144.tif","UPPER_LEFT_X":"460960.047","UPPER_LEFT_Y":"9185877.695","LOWER_RIGHT_X":"461962.047","LOWER_RIGHT_Y":"9184875.695"},"geometry":{"type":"Polygon","coordinates":[[[-63.353739261748814,-7.365074069635245],[-63.344660298189872,-7.365081151088634],[-63.344667303754875,-7.374144896648109],[-63.353746451843577,-7.374137806386915],[-63.353739261748814,-7.365074069635245]]]}},
{"type":"Feature","properties":{"DESCRIPTION":"MDT_1462145.tif","FILENAME":"U:\\P589_AmazoniaRevelada_BR-319\\LiDAR_dataset\\ENTREGAS\\ENTREGA_02\\2_MDT\\GEOTIFF\\MDT_1462145.tif","SHRT_FNAME":"MDT_1462145.tif","UPPER_LEFT_X":"461960.142","UPPER_LEFT_Y":"9185877.695","LOWER_RIGHT_X":"462962.142","LOWER_RIGHT_Y":"9184875.695"},"geometry":{"type":"Polygon","coordinates":[[[-63.344677557286666,-7.365081137801468],[-63.335598584891542,-7.365088035500292],[-63.33560540627672,-7.3741517896225],[-63.344684563202456,-7.374144883344417],[-63.344677557286666,-7.365081137801468]]]}},
{"type":"Feature","properties":{"DESCRIPTION":"MDT_1462146.tif","FILENAME":"U:\\P589_AmazoniaRevelada_BR-319\\LiDAR_dataset\\ENTREGAS\\ENTREGA_02\\2_MDT\\GEOTIFF\\MDT_1462146.tif","SHRT_FNAME":"MDT_1462146.tif","UPPER_LEFT_X":"462960.238","UPPER_LEFT_Y":"9185877.695","LOWER_RIGHT_X":"463962.238","LOWER_RIGHT_Y":"9184875.695"},"geometry":{"type":"Polygon","coordinates":[[[-63.335615844004913,-7.365088022562443],[-63.326536863005913,-7.365094736505852],[-63.326543500210391,-7.374158498962672],[-63.335622665740864,-7.374151776668557],[-63.335615844004913,-7.365088022562443]]]}},
{"type":"Feature","properties":{"DESCRIPTION":"MDT_1462147.tif","FILENAME":"U:\\P589_AmazoniaRevelada_BR-319\\LiDAR_dataset\\ENTREGAS\\ENTREGA_02\\2_MDT\\GEOTIFF\\MDT_1462147.tif","SHRT_FNAME":"MDT_1462147.tif","UPPER_LEFT_X":"463960.333","UPPER_LEFT_Y":"9185877.695","LOWER_RIGHT_X":"464962.333","LOWER_RIGHT_Y":"9184875.695"},"geometry":{"type":"Polygon","coordinates":[[[-63.32655412213542,-7.365094723917323],[-63.317475132764848,-7.365101254104476],[-63.317481585787789,-7.374165024667789],[-63.326560759690679,-7.37415848635848],[-63.32655412213542,-7.365094723917323]]]}},
{"type":"Feature","properties":{"DESCRIPTION":"MDT_1463102.tif","FILENAME":"U:\\P589_AmazoniaRevelada_BR-319\\LiDAR_dataset\\ENTREGAS\\ENTREGA_02\\2_MDT\\GEOTIFF\\MDT_1463102.tif","SHRT_FNAME":"MDT_1463102.tif","UPPER_LEFT_X":"418956.049","UPPER_LEFT_Y":"9184877.820","LOWER_RIGHT_X":"419958.049","LOWER_RIGHT_Y":"9183875.820"},"geometry":{"type":"Polygon","coordinates":[[[-63.734334707361256,-7.373655548755054],[-63.725256140590005,-7.373670365189193],[-63.72527089921693,-7.382733541455671],[-63.734349650692607,-7.382718706615234],[-63.734334707361256,-7.373655548755054]]]}},
{"type":"Feature","properties":{"DESCRIPTION":"MDT_1463103.tif","FILENAME":"U:\\P589_AmazoniaRevelada_BR-319\\LiDAR_dataset\\ENTREGAS\\ENTREGA_02\\2_MDT\\GEOTIFF\\MDT_1463103.tif","SHRT_FNAME":"MDT_1463103.tif","UPPER_LEFT_X":"419956.144","UPPER_LEFT_Y":"9184877.820","LOWER_RIGHT_X":"420958.144","LOWER_RIGHT_Y":"9183875.820"},"geometry":{"type":"Polygon","coordinates":[[[-63.725273398941773,-7.37367033719801],[-63.716194813577268,-7.373684969706257],[-63.716209387849041,-7.382748164115769],[-63.725288157919834,-7.382733513429712],[-63.725273398941773,-7.37367033719801]]]}},
{"type":"Feature","properties":{"DESCRIPTION":"MDT_1463104.tif","FILENAME":"U:\\P589_AmazoniaRevelada_BR-319\\LiDAR_dataset\\ENTREGAS\\ENTREGA_02\\2_MDT\\GEOTIFF\\MDT_1463104.tif","SHRT_FNAME":"MDT_1463104.tif","UPPER_LEFT_X":"420956.239","UPPER_LEFT_Y":"9184877.820","LOWER_RIGHT_X":"421958.239","LOWER_RIGHT_Y":"9183875.820"},"geometry":{"type":"Polygon","coordinates":[[[-63.716212071964158,-7.373684942064716],[-63.707133468238631,-7.373699390645254],[-63.707147858153419,-7.382762602969745],[-63.716226646587067,-7.382748136439888],[-63.716212071964158,-7.373684942064716]]]}},
{"type":"Feature","properties":{"DESCRIPTION":"MDT_1463105.tif","FILENAME":"U:\\P589_AmazoniaRevelada_BR-319\\LiDAR_dataset\\ENTREGAS\\ENTREGA_02\\2_MDT\\GEOTIFF\\MDT_1463105.tif","SHRT_FNAME":"MDT_1463105.tif","UPPER_LEFT_X":"421956.334","UPPER_LEFT_Y":"9184877.820","LOWER_RIGHT_X":"422958.334","LOWER_RIGHT_Y":"9183875.820"},"geometry":{"type":"Polygon","coordinates":[[[-63.707150726660203,-7.37369936335336],[-63.698072104805924,-7.373713628004396],[-63.698086310361916,-7.382776858015808],[-63.707165116926127,-7.382762575643947],[-63.707150726660203,-7.37369936335336]]]}},
{"type":"Feature","properties":{"DESCRIPTION":"MDT_1463106.tif","FILENAME":"U:\\P589_AmazoniaRevelada_BR-319\\LiDAR_dataset\\ENTREGAS\\ENTREGA_02\\2_MDT\\GEOTIFF\\MDT_1463106.tif","SHRT_FNAME":"MDT_1463106.tif","UPPER_LEFT_X":"422956.430","UPPER_LEFT_Y":"9184877.820","LOWER_RIGHT_X":"423958.430","LOWER_RIGHT_Y":"9183875.820"},"geometry":{"type":"Polygon","coordinates":[[[-63.698089363261744,-7.373713601062155],[-63.68901072351094,-7.373727681781905],[-63.689024744706359,-7.38279092925218],[-63.698103569168872,-7.382776831040095],[-63.698089363261744,-7.373713601062155]]]}},
{"type":"Feature","properties":{"DESCRIPTION":"MDT_1463107.tif","FILENAME":"U:\\P589_AmazoniaRevelada_BR-319\\LiDAR_dataset\\ENTREGAS\\ENTREGA_02\\2_MDT\\GEOTIFF\\MDT_1463107.tif","SHRT_FNAME":"MDT_1463107.tif","UPPER_LEFT_X":"423956.525","UPPER_LEFT_Y":"9184877.820","LOWER_RIGHT_X":"424958.525","LOWER_RIGHT_Y":"9183875.820"},"geometry":{"type":"Polygon","coordinates":[[[-63.68902798200056,-7.373727655189318],[-63.679949324585515,-7.37374155197604],[-63.679963161418598,-7.382804816677112],[-63.689042003547115,-7.382790902626558],[-63.68902798200056,-7.373727655189318]]]}},
{"type":"Feature","properties":{"DESCRIPTION":"MDT_1463108.tif","FILENAME":"U:\\P589_AmazoniaRevelada_BR-319\\LiDAR_dataset\\ENTREGAS\\ENTREGA_02\\2_MDT\\GEOTIFF\\MDT_1463108.tif","SHRT_FNAME":"MDT_1463108.tif","UPPER_LEFT_X":"424956.620","UPPER_LEFT_Y":"9184877.820","LOWER_RIGHT_X":"425958.620","LOWER_RIGHT_Y":"9183875.820"},"geometry":{"type":"Polygon","coordinates":[[[-63.679966583108495,-7.373741525733112],[-63.670887908261449,-7.373755238585072],[-63.670901560730449,-7.382818520288876],[-63.679980420292715,-7.382804790401579],[-63.679966583108495,-7.373741525733112]]]}},
{"type":"Feature","properties":{"DESCRIPTION":"MDT_1463109.tif","FILENAME":"U:\\P589_AmazoniaRevelada_BR-319\\LiDAR_dataset\\ENTREGAS\\ENTREGA_02\\2_MDT\\GEOTIFF\\MDT_1463109.tif","SHRT_FNAME":"MDT_1463109.tif","UPPER_LEFT_X":"425956.715","UPPER_LEFT_Y":"9184877.820","LOWER_RIGHT_X":"426958.715","LOWER_RIGHT_Y":"9183875.820"},"geometry":{"type":"Polygon","coordinates":[[[-63.670905166817342,-7.373755212691804],[-63.661826474770571,-7.373768741607304],[-63.661839942873783,-7.382832040085773],[-63.670918819637507,-7.382818494363442],[-63.670905166817342,-7.373755212691804]]]}},
{"type":"Feature","properties":{"DESCRIPTION":"MDT_1463110.tif","FILENAME":"U:\\P589_AmazoniaRevelada_BR-319\\LiDAR_dataset\\ENTREGAS\\ENTREGA_02\\2_MDT\\GEOTIFF\\MDT_1463110.tif","SHRT_FNAME":"MDT_1463110.tif","UPPER_LEFT_X":"426956.810","UPPER_LEFT_Y":"9184877.820","LOWER_RIGHT_X":"427958.810","LOWER_RIGHT_Y":"9183875.820"},"geometry":{"type":"Polygon","coordinates":[[[-63.66184373335895,-7.373768716063696],[-63.652765024344717,-7.373782061041046],[-63.65277830808045,-7.382845376066112],[-63.661857201813319,-7.382832014510434],[-63.66184373335895,-7.373768716063696]]]}},
{"type":"Feature","properties":{"DESCRIPTION":"MDT_1463111.tif","FILENAME":"U:\\P589_AmazoniaRevelada_BR-319\\LiDAR_dataset\\ENTREGAS\\ENTREGA_02\\2_MDT\\GEOTIFF\\MDT_1463111.tif","SHRT_FNAME":"MDT_1463111.tif","UPPER_LEFT_X":"427956.906","UPPER_LEFT_Y":"9184877.820","LOWER_RIGHT_X":"428958.906","LOWER_RIGHT_Y":"9183875.820"},"geometry":{"type":"Polygon","coordinates":[[[-63.652782282965127,-7.37378203584711],[-63.64370355721568,-7.373795196884649],[-63.643716656582271,-7.382858528228244],[-63.652795567052003,-7.382845350840879],[-63.652782282965127,-7.37378203584711]]]}},
{"type":"Feature","properties":{"DESCRIPTION":"MDT_1463112.tif","FILENAME":"U:\\P589_AmazoniaRevelada_BR-319\\LiDAR_dataset\\ENTREGAS\\ENTREGA_02\\2_MDT\\GEOTIFF\\MDT_1463112.tif","SHRT_FNAME":"MDT_1463112.tif","UPPER_LEFT_X":"428957.001","UPPER_LEFT_Y":"9184877.820","LOWER_RIGHT_X":"429959.001","LOWER_RIGHT_Y":"9183875.820"},"geometry":{"type":"Polygon","coordinates":[[[-63.643720815867681,-7.373795172040384],[-63.634642073615318,-7.373808149136482],[-63.634654988611103,-7.382871496570528],[-63.643733915585422,-7.382858503353114],[-63.643720815867681,-7.373795172040384]]]}},
{"type":"Feature","properties":{"DESCRIPTION":"MDT_1463113.tif","FILENAME":"U:\\P589_AmazoniaRevelada_BR-319\\LiDAR_dataset\\ENTREGAS\\ENTREGA_02\\2_MDT\\GEOTIFF\\MDT_1463113.tif","SHRT_FNAME":"MDT_1463113.tif","UPPER_LEFT_X":"429957.096","UPPER_LEFT_Y":"9184877.820","LOWER_RIGHT_X":"430959.096","LOWER_RIGHT_Y":"9183875.820"},"geometry":{"type":"Polygon","coordinates":[[[-63.634659332298462,-7.37380812464189],[-63.625580573775437,-7.373820917794931],[-63.625593304398791,-7.382884281091351],[-63.634672247645405,-7.382871472045506],[-63.634659332298462,-7.37380812464189]]]}},
{"type":"Feature","properties":{"DESCRIPTION":"MDT_1463114.tif","FILENAME":"U:\\P589_AmazoniaRevelada_BR-319\\LiDAR_dataset\\ENTREGAS\\ENTREGA_02\\2_MDT\\GEOTIFF\\MDT_1463114.tif","SHRT_FNAME":"MDT_1463114.tif","UPPER_LEFT_X":"430957.191","UPPER_LEFT_Y":"9184877.820","LOWER_RIGHT_X":"431959.191","LOWER_RIGHT_Y":"9183875.820"},"geometry":{"type":"Polygon","coordinates":[[[-63.625597832489305,-7.373820893650016],[-63.616519057927874,-7.373833502858405],[-63.616531604177226,-7.382896881789128],[-63.625610563463816,-7.382884256916442],[-63.625597832489305,-7.373820893650016]]]}},
{"type":"Feature","properties":{"DESCRIPTION":"MDT_1463115.tif","FILENAME":"U:\\P589_AmazoniaRevelada_BR-319\\LiDAR_dataset\\ENTREGAS\\ENTREGA_02\\2_MDT\\GEOTIFF\\MDT_1463115.tif","SHRT_FNAME":"MDT_1463115.tif","UPPER_LEFT_X":"431957.286","UPPER_LEFT_Y":"9184877.820","LOWER_RIGHT_X":"432959.286","LOWER_RIGHT_Y":"9183875.820"},"geometry":{"type":"Polygon","coordinates":[[[-63.616536316672004,-7.373833479063167],[-63.607457526304472,-7.373845904325341],[-63.607469888178223,-7.382909298662286],[-63.616548863272513,-7.38289685796433],[-63.616536316672004,-7.373833479063167]]]}},
{"type":"Feature","properties":{"DESCRIPTION":"MDT_1463116.tif","FILENAME":"U:\\P589_AmazoniaRevelada_BR-319\\LiDAR_dataset\\ENTREGAS\\ENTREGA_02\\2_MDT\\GEOTIFF\\MDT_1463116.tif","SHRT_FNAME":"MDT_1463116.tif","UPPER_LEFT_X":"432957.382","UPPER_LEFT_Y":"9184877.820","LOWER_RIGHT_X":"433959.382","LOWER_RIGHT_Y":"9183875.820"},"geometry":{"type":"Polygon","coordinates":[[[-63.607474785078438,-7.37384588087979],[-63.598395979137059,-7.373858122194196],[-63.59840815663366,-7.382921531709278],[-63.607487147303345,-7.382909275187604],[-63.607474785078438,-7.37384588087979]]]}},
{"type":"Feature","properties":{"DESCRIPTION":"MDT_1463117.tif","FILENAME":"U:\\P589_AmazoniaRevelada_BR-319\\LiDAR_dataset\\ENTREGAS\\ENTREGA_02\\2_MDT\\GEOTIFF\\MDT_1463117.tif","SHRT_FNAME":"MDT_1463117.tif","UPPER_LEFT_X":"433957.477","UPPER_LEFT_Y":"9184877.820","LOWER_RIGHT_X":"434959.477","LOWER_RIGHT_Y":"9183875.820"},"geometry":{"type":"Polygon","coordinates":[[[-63.598413237940399,-7.373858099098332],[-63.589334416657472,-7.373870156463455],[-63.589346409775388,-7.382933580928594],[-63.598425415788171,-7.382921508584722],[-63.598413237940399,-7.373858099098332]]]}},
{"type":"Feature","properties":{"DESCRIPTION":"MDT_1463118.tif","FILENAME":"U:\\P589_AmazoniaRevelada_BR-319\\LiDAR_dataset\\ENTREGAS\\ENTREGA_02\\2_MDT\\GEOTIFF\\MDT_1463118.tif","SHRT_FNAME":"MDT_1463118.tif","UPPER_LEFT_X":"434957.572","UPPER_LEFT_Y":"9184877.820","LOWER_RIGHT_X":"435959.572","LOWER_RIGHT_Y":"9183875.820"},"geometry":{"type":"Polygon","coordinates":[[[-63.589351675489759,-7.373870133717277],[-63.580272839097546,-7.373882007131617],[-63.580284647835271,-7.382945446318727],[-63.589363668958839,-7.382933558154157],[-63.589351675489759,-7.373870133717277]]]}},
{"type":"Feature","properties":{"DESCRIPTION":"MDT_1463119.tif","FILENAME":"U:\\P589_AmazoniaRevelada_BR-319\\LiDAR_dataset\\ENTREGAS\\ENTREGA_02\\2_MDT\\GEOTIFF\\MDT_1463119.tif","SHRT_FNAME":"MDT_1463119.tif","UPPER_LEFT_X":"435957.667","UPPER_LEFT_Y":"9184877.820","LOWER_RIGHT_X":"436959.667","LOWER_RIGHT_Y":"9183875.820"},"geometry":{"type":"Polygon","coordinates":[[[-63.580290097958326,-7.37388198473513],[-63.571211246689124,-7.373893674197209],[-63.57122287104518,-7.382957127878202],[-63.580301907047236,-7.382945423894415],[-63.580290097958326,-7.37388198473513]]]}},
{"type":"Feature","properties":{"DESCRIPTION":"MDT_1463120.tif","FILENAME":"U:\\P589_AmazoniaRevelada_BR-319\\LiDAR_dataset\\ENTREGAS\\ENTREGA_02\\2_MDT\\GEOTIFF\\MDT_1463120.tif","SHRT_FNAME":"MDT_1463120.tif","UPPER_LEFT_X":"436957.762","UPPER_LEFT_Y":"9184877.820","LOWER_RIGHT_X":"437959.762","LOWER_RIGHT_Y":"9183875.820"},"geometry":{"type":"Polygon","coordinates":[[[-63.57122850557797,-7.373893652150416],[-63.56214963966405,-7.373905157658779],[-63.562161079636979,-7.382968625605566],[-63.571240130285211,-7.382957105804021],[-63.57122850557797,-7.373893652150416]]]}},
{"type":"Feature","properties":{"DESCRIPTION":"MDT_1463121.tif","FILENAME":"U:\\P589_AmazoniaRevelada_BR-319\\LiDAR_dataset\\ENTREGAS\\ENTREGA_02\\2_MDT\\GEOTIFF\\MDT_1463121.tif","SHRT_FNAME":"MDT_1463121.tif","UPPER_LEFT_X":"437957.858","UPPER_LEFT_Y":"9184877.820","LOWER_RIGHT_X":"438959.858","LOWER_RIGHT_Y":"9183875.820"},"geometry":{"type":"Polygon","coordinates":[[[-63.562166898580514,-7.373905135961682],[-63.553088018254172,-7.373916457514899],[-63.553099273842534,-7.382979939499392],[-63.56217833890463,-7.382968603881516],[-63.562166898580514,-7.373905135961682]]]}},
{"type":"Feature","properties":{"DESCRIPTION":"MDT_1463122.tif","FILENAME":"U:\\P589_AmazoniaRevelada_BR-319\\LiDAR_dataset\\ENTREGAS\\ENTREGA_02\\2_MDT\\GEOTIFF\\MDT_1463122.tif","SHRT_FNAME":"MDT_1463122.tif","UPPER_LEFT_X":"438957.953","UPPER_LEFT_Y":"9184877.820","LOWER_RIGHT_X":"439959.953","LOWER_RIGHT_Y":"9183875.820"},"geometry":{"type":"Polygon","coordinates":[[[-63.553105277197815,-7.373916436167504],[-63.544026382691328,-7.373927573764165],[-63.544037453893715,-7.382991069558268],[-63.553116533137356,-7.382979918125474],[-63.553105277197815,-7.373916436167504]]]}},
{"type":"Feature","properties":{"DESCRIPTION":"MDT_1463123.tif","FILENAME":"U:\\P589_AmazoniaRevelada_BR-319\\LiDAR_dataset\\ENTREGAS\\ENTREGA_02\\2_MDT\\GEOTIFF\\MDT_1463123.tif","SHRT_FNAME":"MDT_1463123.tif","UPPER_LEFT_X":"439958.048","UPPER_LEFT_Y":"9184877.820","LOWER_RIGHT_X":"440960.048","LOWER_RIGHT_Y":"9183875.820"},"geometry":{"type":"Polygon","coordinates":[[[-63.544043641661716,-7.373927552766473],[-63.534964733207381,-7.373938506405192],[-63.534975620022401,-7.383002015780816],[-63.544054713215282,-7.382991048534488],[-63.544043641661716,-7.373927552766473]]]}},
{"type":"Feature","properties":{"DESCRIPTION":"MDT_1463124.tif","FILENAME":"U:\\P589_AmazoniaRevelada_BR-319\\LiDAR_dataset\\ENTREGAS\\ENTREGA_02\\2_MDT\\GEOTIFF\\MDT_1463124.tif","SHRT_FNAME":"MDT_1463124.tif","UPPER_LEFT_X":"440958.143","UPPER_LEFT_Y":"9184877.820","LOWER_RIGHT_X":"441960.143","LOWER_RIGHT_Y":"9183875.820"},"geometry":{"type":"Polygon","coordinates":[[[-63.534981992204067,-7.373938485757203],[-63.525903070034175,-7.373949255436623],[-63.525913772460441,-7.38301277816567],[-63.53499287937025,-7.383001995107177],[-63.534981992204067,-7.373938485757203]]]}},
{"type":"Feature","properties":{"DESCRIPTION":"MDT_1463125.tif","FILENAME":"U:\\P589_AmazoniaRevelada_BR-319\\LiDAR_dataset\\ENTREGAS\\ENTREGA_02\\2_MDT\\GEOTIFF\\MDT_1463125.tif","SHRT_FNAME":"MDT_1463125.tif","UPPER_LEFT_X":"441958.238","UPPER_LEFT_Y":"9184877.820","LOWER_RIGHT_X":"442960.238","LOWER_RIGHT_Y":"9183875.820"},"geometry":{"type":"Polygon","coordinates":[[[-63.525920329056703,-7.373949235138341],[-63.516841393403553,-7.373959820857121],[-63.516851911439744,-7.383023356711492],[-63.525931031834155,-7.383012757842171],[-63.525920329056703,-7.373949235138341]]]}},
{"type":"Feature","properties":{"DESCRIPTION":"MDT_1463126.tif","FILENAME":"U:\\P589_AmazoniaRevelada_BR-319\\LiDAR_dataset\\ENTREGAS\\ENTREGA_02\\2_MDT\\GEOTIFF\\MDT_1463126.tif","SHRT_FNAME":"MDT_1463126.tif","UPPER_LEFT_X":"442958.334","UPPER_LEFT_Y":"9184877.820","LOWER_RIGHT_X":"443960.334","LOWER_RIGHT_Y":"9183875.820"},"geometry":{"type":"Polygon","coordinates":[[[-63.516858652451496,-7.373959800908549],[-63.507779703547385,-7.373970202665368],[-63.507790037192166,-7.383033751416966],[-63.516869170838866,-7.383023336738138],[-63.516858652451496,-7.373959800908549]]]}},
{"type":"Feature","properties":{"DESCRIPTION":"MDT_1463127.tif","FILENAME":"U:\\P589_AmazoniaRevelada_BR-319\\LiDAR_dataset\\ENTREGAS\\ENTREGA_02\\2_MDT\\GEOTIFF\\MDT_1463127.tif","SHRT_FNAME":"MDT_1463127.tif","UPPER_LEFT_X":"443958.429","UPPER_LEFT_Y":"9184877.820","LOWER_RIGHT_X":"444960.429","LOWER_RIGHT_Y":"9183875.820"},"geometry":{"type":"Polygon","coordinates":[[[-63.50779696262029,-7.373970183066512],[-63.498718000697508,-7.373980400860078],[-63.498728149949578,-7.383043962280798],[-63.507807296616264,-7.383033731793758],[-63.50779696262029,-7.373970183066512]]]}},
{"type":"Feature","properties":{"DESCRIPTION":"MDT_1463128.tif","FILENAME":"U:\\P589_AmazoniaRevelada_BR-319\\LiDAR_dataset\\ENTREGAS\\ENTREGA_02\\2_MDT\\GEOTIFF\\MDT_1463128.tif","SHRT_FNAME":"MDT_1463128.tif","UPPER_LEFT_X":"444958.524","UPPER_LEFT_Y":"9184877.820","LOWER_RIGHT_X":"445960.524","LOWER_RIGHT_Y":"9183875.820"},"geometry":{"type":"Polygon","coordinates":[[[-63.498735259794934,-7.373980381610938],[-63.489656285085793,-7.373990415439982],[-63.489666249943888,-7.383053989301722],[-63.498745409398218,-7.383043943007744],[-63.498735259794934,-7.373980381610938]]]}},
{"type":"Feature","properties":{"DESCRIPTION":"MDT_1463129.tif","FILENAME":"U:\\P589_AmazoniaRevelada_BR-319\\LiDAR_dataset\\ENTREGAS\\ENTREGA_02\\2_MDT\\GEOTIFF\\MDT_1463129.tif","SHRT_FNAME":"MDT_1463129.tif","UPPER_LEFT_X":"445958.619","UPPER_LEFT_Y":"9184877.820","LOWER_RIGHT_X":"446960.619","LOWER_RIGHT_Y":"9183875.820"},"geometry":{"type":"Polygon","coordinates":[[[-63.489673544207321,-7.373990396540553],[-63.480594556944098,-7.374000246403829],[-63.480604337406959,-7.383063832478491],[-63.489683509416608,-7.383053970378819],[-63.489673544207321,-7.373990396540553]]]}},
{"type":"Feature","properties":{"DESCRIPTION":"MDT_1463130.tif","FILENAME":"U:\\P589_AmazoniaRevelada_BR-319\\LiDAR_dataset\\ENTREGAS\\ENTREGA_02\\2_MDT\\GEOTIFF\\MDT_1463130.tif","SHRT_FNAME":"MDT_1463130.tif","UPPER_LEFT_X":"446958.714","UPPER_LEFT_Y":"9184877.820","LOWER_RIGHT_X":"447960.714","LOWER_RIGHT_Y":"9183875.820"},"geometry":{"type":"Polygon","coordinates":[[[-63.480611816089258,-7.374000227854122],[-63.471532816504272,-7.374009893750403],[-63.471542412570678,-7.383073491809875],[-63.480621596903333,-7.383063813905738],[-63.480611816089258,-7.374000227854122]]]}},
{"type":"Feature","properties":{"DESCRIPTION":"MDT_1463131.tif","FILENAME":"U:\\P589_AmazoniaRevelada_BR-319\\LiDAR_dataset\\ENTREGAS\\ENTREGA_02\\2_MDT\\GEOTIFF\\MDT_1463131.tif","SHRT_FNAME":"MDT_1463131.tif","UPPER_LEFT_X":"447958.810","UPPER_LEFT_Y":"9184877.820","LOWER_RIGHT_X":"448960.810","LOWER_RIGHT_Y":"9183875.820"},"geometry":{"type":"Polygon","coordinates":[[[-63.471550075672639,-7.374009875550417],[-63.462471063998201,-7.374019357478498],[-63.462480475666936,-7.383082967294679],[-63.471559672090251,-7.383073473587281],[-63.471550075672639,-7.374009875550417]]]}},
{"type":"Feature","properties":{"DESCRIPTION":"MDT_1463132.tif","FILENAME":"U:\\P589_AmazoniaRevelada_BR-319\\LiDAR_dataset\\ENTREGAS\\ENTREGA_02\\2_MDT\\GEOTIFF\\MDT_1463132.tif","SHRT_FNAME":"MDT_1463132.tif","UPPER_LEFT_X":"448958.905","UPPER_LEFT_Y":"9184877.820","LOWER_RIGHT_X":"449960.905","LOWER_RIGHT_Y":"9183875.820"},"geometry":{"type":"Polygon","coordinates":[[[-63.462488323189326,-7.374019339628238],[-63.453409299657721,-7.374028637586942],[-63.453418526927607,-7.383092258931717],[-63.462497735209269,-7.38308294942224],[-63.462488323189326,-7.374019339628238]]]}},
{"type":"Feature","properties":{"DESCRIPTION":"MDT_1463133.tif","FILENAME":"U:\\P589_AmazoniaRevelada_BR-319\\LiDAR_dataset\\ENTREGAS\\ENTREGA_02\\2_MDT\\GEOTIFF\\MDT_1463133.tif","SHRT_FNAME":"MDT_1463133.tif","UPPER_LEFT_X":"449959.000","UPPER_LEFT_Y":"9184877.820","LOWER_RIGHT_X":"450961.000","LOWER_RIGHT_Y":"9183875.820"},"geometry":{"type":"Polygon","coordinates":[[[-63.453426558871172,-7.374028620086409],[-63.444347523714711,-7.374037734074581],[-63.444356566584595,-7.383101366719842],[-63.453435786492271,-7.383092241409444],[-63.453426558871172,-7.374028620086409]]]}},
{"type":"Feature","properties":{"DESCRIPTION":"MDT_1463134.tif","FILENAME":"U:\\P589_AmazoniaRevelada_BR-319\\LiDAR_dataset\\ENTREGAS\\ENTREGA_02\\2_MDT\\GEOTIFF\\MDT_1463134.tif","SHRT_FNAME":"MDT_1463134.tif","UPPER_LEFT_X":"450959.095","UPPER_LEFT_Y":"9184877.820","LOWER_RIGHT_X":"451961.095","LOWER_RIGHT_Y":"9183875.820"},"geometry":{"type":"Polygon","coordinates":[[[-63.444364782950039,-7.374037716923776],[-63.435285736401042,-7.374046646940275],[-63.435294594869781,-7.383110290657914],[-63.444373826171137,-7.383101349547729],[-63.444364782950039,-7.374037716923776]]]}},
{"type":"Feature","properties":{"DESCRIPTION":"MDT_1463135.tif","FILENAME":"U:\\P589_AmazoniaRevelada_BR-319\\LiDAR_dataset\\ENTREGAS\\ENTREGA_02\\2_MDT\\GEOTIFF\\MDT_1463135.tif","SHRT_FNAME":"MDT_1463135.tif","UPPER_LEFT_X":"451959.190","UPPER_LEFT_Y":"9184877.820","LOWER_RIGHT_X":"452961.190","LOWER_RIGHT_Y":"9183875.820"},"geometry":{"type":"Polygon","coordinates":[[[-63.435302995657807,-7.374046630139202],[-63.426223937948578,-7.374055376182928],[-63.426232612015063,-7.383119030744826],[-63.435311854477767,-7.383110273835967],[-63.435302995657807,-7.374046630139202]]]}},
{"type":"Feature","properties":{"DESCRIPTION":"MDT_1463136.tif","FILENAME":"U:\\P589_AmazoniaRevelada_BR-319\\LiDAR_dataset\\ENTREGAS\\ENTREGA_02\\2_MDT\\GEOTIFF\\MDT_1463136.tif","SHRT_FNAME":"MDT_1463136.tif","UPPER_LEFT_X":"452959.286","UPPER_LEFT_Y":"9184877.820","LOWER_RIGHT_X":"453961.286","LOWER_RIGHT_Y":"9183875.820"},"geometry":{"type":"Polygon","coordinates":[[[-63.426241197226346,-7.374055359731585],[-63.41716212858919,-7.374063921801445],[-63.417170618252314,-7.383127586979493],[-63.426249871644039,-7.383119014273047],[-63.426241197226346,-7.374055359731585]]]}},
{"type":"Feature","properties":{"DESCRIPTION":"MDT_1463137.tif","FILENAME":"U:\\P589_AmazoniaRevelada_BR-319\\LiDAR_dataset\\ENTREGAS\\ENTREGA_02\\2_MDT\\GEOTIFF\\MDT_1463137.tif","SHRT_FNAME":"MDT_1463137.tif","UPPER_LEFT_X":"453959.381","UPPER_LEFT_Y":"9184877.820","LOWER_RIGHT_X":"454961.381","LOWER_RIGHT_Y":"9183875.820"},"geometry":{"type":"Polygon","coordinates":[[[-63.417179387887501,-7.374063905699836],[-63.408100308554751,-7.374072283794765],[-63.408108613813468,-7.383135959360845],[-63.417187877901853,-7.383127570857884],[-63.417179387887501,-7.374063905699836]]]}},
{"type":"Feature","properties":{"DESCRIPTION":"MDT_1463138.tif","FILENAME":"U:\\P589_AmazoniaRevelada_BR-319\\LiDAR_dataset\\ENTREGAS\\ENTREGA_02\\2_MDT\\GEOTIFF\\MDT_1463138.tif","SHRT_FNAME":"MDT_1463138.tif","UPPER_LEFT_X":"454959.476","UPPER_LEFT_Y":"9184877.820","LOWER_RIGHT_X":"455961.476","LOWER_RIGHT_Y":"9183875.820"},"geometry":{"type":"Polygon","coordinates":[[[-63.408117567873163,-7.374072268042895],[-63.399038478077124,-7.374080462161851],[-63.399046598930383,-7.383144147887848],[-63.408125873483101,-7.383135943589406],[-63.408117567873163,-7.374072268042895]]]}},
{"type":"Feature","properties":{"DESCRIPTION":"MDT_1463139.tif","FILENAME":"U:\\P589_AmazoniaRevelada_BR-319\\LiDAR_dataset\\ENTREGAS\\ENTREGA_02\\2_MDT\\GEOTIFF\\MDT_1463139.tif","SHRT_FNAME":"MDT_1463139.tif","UPPER_LEFT_X":"455959.571","UPPER_LEFT_Y":"9184877.820","LOWER_RIGHT_X":"456961.571","LOWER_RIGHT_Y":"9183875.820"},"geometry":{"type":"Polygon","coordinates":[[[-63.39905573741521,-7.374080446759719],[-63.389976637388195,-7.374088456901686],[-63.389984573834965,-7.383152152559477],[-63.399063858619691,-7.383144132466581],[-63.39905573741521,-7.374080446759719]]]}},
{"type":"Feature","properties":{"DESCRIPTION":"MDT_1463140.tif","FILENAME":"U:\\P589_AmazoniaRevelada_BR-319\\LiDAR_dataset\\ENTREGAS\\ENTREGA_02\\2_MDT\\GEOTIFF\\MDT_1463140.tif","SHRT_FNAME":"MDT_1463140.tif","UPPER_LEFT_X":"456959.666","UPPER_LEFT_Y":"9184877.820","LOWER_RIGHT_X":"457961.666","LOWER_RIGHT_Y":"9183875.820"},"geometry":{"type":"Polygon","coordinates":[[[-63.389993896745509,-7.374088441849294],[-63.380914786719821,-7.374096268013268],[-63.38092253875913,-7.383159973374739],[-63.390001833543515,-7.383152137488385],[-63.389993896745509,-7.374088441849294]]]}},
{"type":"Feature","properties":{"DESCRIPTION":"MDT_1463141.tif","FILENAME":"U:\\P589_AmazoniaRevelada_BR-319\\LiDAR_dataset\\ENTREGAS\\ENTREGA_02\\2_MDT\\GEOTIFF\\MDT_1463141.tif","SHRT_FNAME":"MDT_1463141.tif","UPPER_LEFT_X":"457959.762","UPPER_LEFT_Y":"9184877.820","LOWER_RIGHT_X":"458961.762","LOWER_RIGHT_Y":"9183875.820"},"geometry":{"type":"Polygon","coordinates":[[[-63.380932046095928,-7.374096253310621],[-63.371852926303887,-7.374103895495633],[-63.371860493934754,-7.383167610332663],[-63.380939798486459,-7.383159958653828],[-63.380932046095928,-7.374096253310621]]]}},
{"type":"Feature","properties":{"DESCRIPTION":"MDT_1463142.tif","FILENAME":"U:\\P589_AmazoniaRevelada_BR-319\\LiDAR_dataset\\ENTREGAS\\ENTREGA_02\\2_MDT\\GEOTIFF\\MDT_1463142.tif","SHRT_FNAME":"MDT_1463142.tif","UPPER_LEFT_X":"458959.857","UPPER_LEFT_Y":"9184877.820","LOWER_RIGHT_X":"459961.857","LOWER_RIGHT_Y":"9183875.820"},"geometry":{"type":"Polygon","coordinates":[[[-63.371870185698342,-7.37410388114273],[-63.362791056372302,-7.374111339347832],[-63.36279843959376,-7.383175063432296],[-63.371877753680437,-7.383167595961929],[-63.371870185698342,-7.37410388114273]]]}},
{"type":"Feature","properties":{"DESCRIPTION":"MDT_1463143.tif","FILENAME":"U:\\P589_AmazoniaRevelada_BR-319\\LiDAR_dataset\\ENTREGAS\\ENTREGA_02\\2_MDT\\GEOTIFF\\MDT_1463143.tif","SHRT_FNAME":"MDT_1463143.tif","UPPER_LEFT_X":"459959.952","UPPER_LEFT_Y":"9184877.820","LOWER_RIGHT_X":"460961.952","LOWER_RIGHT_Y":"9183875.820"},"geometry":{"type":"Polygon","coordinates":[[[-63.362808315784655,-7.374111325344675],[-63.3537291771569,-7.374118599568939],[-63.353736375968033,-7.38318233267271],[-63.362815699357334,-7.383175049411744],[-63.362808315784655,-7.374111325344675]]]}},
{"type":"Feature","properties":{"DESCRIPTION":"MDT_1463144.tif","FILENAME":"U:\\P589_AmazoniaRevelada_BR-319\\LiDAR_dataset\\ENTREGAS\\ENTREGA_02\\2_MDT\\GEOTIFF\\MDT_1463144.tif","SHRT_FNAME":"MDT_1463144.tif","UPPER_LEFT_X":"460960.047","UPPER_LEFT_Y":"9184877.820","LOWER_RIGHT_X":"461962.047","LOWER_RIGHT_Y":"9183875.820"},"geometry":{"type":"Polygon","coordinates":[[[-63.353746436586704,-7.374118585915527],[-63.344667288889575,-7.374125676158044],[-63.344674303289473,-7.38318941805301],[-63.353753635749072,-7.38318231900234],[-63.353746436586704,-7.374118585915527]]]}},
{"type":"Feature","properties":{"DESCRIPTION":"MDT_1463145.tif","FILENAME":"U:\\P589_AmazoniaRevelada_BR-319\\LiDAR_dataset\\ENTREGAS\\ENTREGA_02\\2_MDT\\GEOTIFF\\MDT_1463145.tif","SHRT_FNAME":"MDT_1463145.tif","UPPER_LEFT_X":"461960.142","UPPER_LEFT_Y":"9184877.820","LOWER_RIGHT_X":"462962.142","LOWER_RIGHT_Y":"9183875.820"},"geometry":{"type":"Polygon","coordinates":[[[-63.344684548336417,-7.374125662854387],[-63.335605391802233,-7.374132569114275],[-63.335612221790022,-7.3831963195723],[-63.344691563087551,-7.383189404732819],[-63.344684548336417,-7.374125662854387]]]}},
{"type":"Feature","properties":{"DESCRIPTION":"MDT_1463146.tif","FILENAME":"U:\\P589_AmazoniaRevelada_BR-319\\LiDAR_dataset\\ENTREGAS\\ENTREGA_02\\2_MDT\\GEOTIFF\\MDT_1463146.tif","SHRT_FNAME":"MDT_1463146.tif","UPPER_LEFT_X":"462960.238","UPPER_LEFT_Y":"9184877.820","LOWER_RIGHT_X":"463962.238","LOWER_RIGHT_Y":"9183875.820"},"geometry":{"type":"Polygon","coordinates":[[[-63.335622651265638,-7.374132556160369],[-63.326543486126717,-7.374139278436771],[-63.326550131701531,-7.383203037229735],[-63.335629481604663,-7.3831963066023],[-63.335622651265638,-7.374132556160369]]]}},
{"type":"Feature","properties":{"DESCRIPTION":"MDT_1463147.tif","FILENAME":"U:\\P589_AmazoniaRevelada_BR-319\\LiDAR_dataset\\ENTREGAS\\ENTREGA_02\\2_MDT\\GEOTIFF\\MDT_1463147.tif","SHRT_FNAME":"MDT_1463147.tif","UPPER_LEFT_X":"463960.333","UPPER_LEFT_Y":"9184877.820","LOWER_RIGHT_X":"464962.333","LOWER_RIGHT_Y":"9183875.820"},"geometry":{"type":"Polygon","coordinates":[[[-63.326560745606265,-7.374139265832616],[-63.317481572094941,-7.374145804124699],[-63.317488033255955,-7.383209571024469],[-63.326567391532329,-7.383203024609919],[-63.326560745606265,-7.374139265832616]]]}},
{"type":"Feature","properties":{"DESCRIPTION":"MDT_1464102.tif","FILENAME":"U:\\P589_AmazoniaRevelada_BR-319\\LiDAR_dataset\\ENTREGAS\\ENTREGA_02\\2_MDT\\GEOTIFF\\MDT_1464102.tif","SHRT_FNAME":"MDT_1464102.tif","UPPER_LEFT_X":"418956.049","UPPER_LEFT_Y":"9183877.945","LOWER_RIGHT_X":"419958.049","LOWER_RIGHT_Y":"9182875.945"},"geometry":{"type":"Polygon","coordinates":[[[-63.73434961898397,-7.382699487371482],[-63.725270867900221,-7.382714322172884],[-63.72528564511795,-7.391777494748437],[-63.734364581138784,-7.391762641540019],[-63.73434961898397,-7.382699487371482]]]}},
{"type":"Feature","properties":{"DESCRIPTION":"MDT_1464103.tif","FILENAME":"U:\\P589_AmazoniaRevelada_BR-319\\LiDAR_dataset\\ENTREGAS\\ENTREGA_02\\2_MDT\\GEOTIFF\\MDT_1464103.tif","SHRT_FNAME":"MDT_1464103.tif","UPPER_LEFT_X":"419956.144","UPPER_LEFT_Y":"9183877.945","LOWER_RIGHT_X":"420958.144","LOWER_RIGHT_Y":"9182875.945"},"geometry":{"type":"Polygon","coordinates":[[[-63.725288126602372,-7.382714294146999],[-63.7162093569235,-7.382728944794509],[-63.716223949553871,-7.3917921355138],[-63.725302904171677,-7.391777466687778],[-63.725288126602372,-7.382714294146999]]]}},
{"type":"Feature","properties":{"DESCRIPTION":"MDT_1464104.tif","FILENAME":"U:\\P589_AmazoniaRevelada_BR-319\\LiDAR_dataset\\ENTREGAS\\ENTREGA_02\\2_MDT\\GEOTIFF\\MDT_1464104.tif","SHRT_FNAME":"MDT_1464104.tif","UPPER_LEFT_X":"420956.239","UPPER_LEFT_Y":"9183877.945","LOWER_RIGHT_X":"421958.239","LOWER_RIGHT_Y":"9182875.945"},"geometry":{"type":"Polygon","coordinates":[[[-63.716226615660787,-7.382728917118701],[-63.707147827619075,-7.382743383610493],[-63.707162235660228,-7.391806592245466],[-63.716241208642721,-7.391792107803655],[-63.716226615660787,-7.382728917118701]]]}},
{"type":"Feature","properties":{"DESCRIPTION":"MDT_1464105.tif","FILENAME":"U:\\P589_AmazoniaRevelada_BR-319\\LiDAR_dataset\\ENTREGAS\\ENTREGA_02\\2_MDT\\GEOTIFF\\MDT_1464105.tif","SHRT_FNAME":"MDT_1464105.tif","UPPER_LEFT_X":"421956.334","UPPER_LEFT_Y":"9183877.945","LOWER_RIGHT_X":"422958.334","LOWER_RIGHT_Y":"9182875.945"},"geometry":{"type":"Polygon","coordinates":[[[-63.707165086391043,-7.382743356284769],[-63.698086280218774,-7.382757638619049],[-63.698100503668897,-7.391820864941627],[-63.707179494783773,-7.391806564885834],[-63.707165086391043,-7.382743356284769]]]}},
{"type":"Feature","properties":{"DESCRIPTION":"MDT_1464106.tif","FILENAME":"U:\\P589_AmazoniaRevelada_BR-319\\LiDAR_dataset\\ENTREGAS\\ENTREGA_02\\2_MDT\\GEOTIFF\\MDT_1464106.tif","SHRT_FNAME":"MDT_1464106.tif","UPPER_LEFT_X":"422956.430","UPPER_LEFT_Y":"9183877.945","LOWER_RIGHT_X":"423958.430","LOWER_RIGHT_Y":"9182875.945"},"geometry":{"type":"Polygon","coordinates":[[[-63.698103539024984,-7.382757611643407],[-63.689024714954421,-7.382771709818397],[-63.689038753811744,-7.391834953600515],[-63.698117762826698,-7.391820837932515],[-63.698103539024984,-7.382757611643407]]]}},
{"type":"Feature","properties":{"DESCRIPTION":"MDT_1464107.tif","FILENAME":"U:\\P589_AmazoniaRevelada_BR-319\\LiDAR_dataset\\ENTREGAS\\ENTREGA_02\\2_MDT\\GEOTIFF\\MDT_1464107.tif","SHRT_FNAME":"MDT_1464107.tif","UPPER_LEFT_X":"423956.525","UPPER_LEFT_Y":"9183877.945","LOWER_RIGHT_X":"424958.525","LOWER_RIGHT_Y":"9182875.945"},"geometry":{"type":"Polygon","coordinates":[[[-63.689041973794431,-7.382771683192844],[-63.679963132057857,-7.38278559720679],[-63.679976986320604,-7.391848858220376],[-63.689056013003345,-7.391834926941925],[-63.689041973794431,-7.382771683192844]]]}},
{"type":"Feature","properties":{"DESCRIPTION":"MDT_1464108.tif","FILENAME":"U:\\P589_AmazoniaRevelada_BR-319\\LiDAR_dataset\\ENTREGAS\\ENTREGA_02\\2_MDT\\GEOTIFF\\MDT_1464108.tif","SHRT_FNAME":"MDT_1464108.tif","UPPER_LEFT_X":"424956.620","UPPER_LEFT_Y":"9183877.945","LOWER_RIGHT_X":"425958.620","LOWER_RIGHT_Y":"9182875.945"},"geometry":{"type":"Polygon","coordinates":[[[-63.679980390931227,-7.382785570931328],[-63.670901531760926,-7.382799300782497],[-63.670915201427363,-7.391862578799479],[-63.679994245545572,-7.391848831912312],[-63.679980390931227,-7.382785570931328]]]}},
{"type":"Feature","properties":{"DESCRIPTION":"MDT_1464109.tif","FILENAME":"U:\\P589_AmazoniaRevelada_BR-319\\LiDAR_dataset\\ENTREGAS\\ENTREGA_02\\2_MDT\\GEOTIFF\\MDT_1464109.tif","SHRT_FNAME":"MDT_1464109.tif","UPPER_LEFT_X":"425956.715","UPPER_LEFT_Y":"9183877.945","LOWER_RIGHT_X":"426958.715","LOWER_RIGHT_Y":"9182875.945"},"geometry":{"type":"Polygon","coordinates":[[[-63.670918790667216,-7.382799274857131],[-63.66183991429547,-7.382812820543818],[-63.661853399363892,-7.391876115336121],[-63.670932460685258,-7.391862552841945],[-63.670918790667216,-7.382799274857131]]]}},
{"type":"Feature","properties":{"DESCRIPTION":"MDT_1464110.tif","FILENAME":"U:\\P589_AmazoniaRevelada_BR-319\\LiDAR_dataset\\ENTREGAS\\ENTREGA_02\\2_MDT\\GEOTIFF\\MDT_1464110.tif","SHRT_FNAME":"MDT_1464110.tif","UPPER_LEFT_X":"426956.810","UPPER_LEFT_Y":"9183877.945","LOWER_RIGHT_X":"427958.810","LOWER_RIGHT_Y":"9182875.945"},"geometry":{"type":"Polygon","coordinates":[[[-63.661857173234239,-7.38281279496855],[-63.65277827989334,-7.38282615648907],[-63.652791580362035,-7.391889467828613],[-63.661870658654259,-7.391876089729119],[-63.661857173234239,-7.38281279496855]]]}},
{"type":"Feature","properties":{"DESCRIPTION":"MDT_1464111.tif","FILENAME":"U:\\P589_AmazoniaRevelada_BR-319\\LiDAR_dataset\\ENTREGAS\\ENTREGA_02\\2_MDT\\GEOTIFF\\MDT_1464111.tif","SHRT_FNAME":"MDT_1464111.tif","UPPER_LEFT_X":"427956.906","UPPER_LEFT_Y":"9183877.945","LOWER_RIGHT_X":"428958.906","LOWER_RIGHT_Y":"9182875.945"},"geometry":{"type":"Polygon","coordinates":[[[-63.652795538864147,-7.382826131263903],[-63.643716628786372,-7.382839308616597],[-63.643729744653683,-7.391902636275299],[-63.652808839684447,-7.391889442572146],[-63.652795538864147,-7.382826131263903]]]}},
{"type":"Feature","properties":{"DESCRIPTION":"MDT_1464112.tif","FILENAME":"U:\\P589_AmazoniaRevelada_BR-319\\LiDAR_dataset\\ENTREGAS\\ENTREGA_02\\2_MDT\\GEOTIFF\\MDT_1464112.tif","SHRT_FNAME":"MDT_1464112.tif","UPPER_LEFT_X":"428957.001","UPPER_LEFT_Y":"9183877.945","LOWER_RIGHT_X":"429959.001","LOWER_RIGHT_Y":"9182875.945"},"geometry":{"type":"Polygon","coordinates":[[[-63.643733887788791,-7.382839283741532],[-63.634654961206429,-7.38285227692476],[-63.634667892470695,-7.391915620674543],[-63.643747004007679,-7.391902611369371],[-63.643733887788791,-7.382839283741532]]]}},
{"type":"Feature","properties":{"DESCRIPTION":"MDT_1464113.tif","FILENAME":"U:\\P589_AmazoniaRevelada_BR-319\\LiDAR_dataset\\ENTREGAS\\ENTREGA_02\\2_MDT\\GEOTIFF\\MDT_1464113.tif","SHRT_FNAME":"MDT_1464113.tif","UPPER_LEFT_X":"429957.096","UPPER_LEFT_Y":"9183877.945","LOWER_RIGHT_X":"430959.096","LOWER_RIGHT_Y":"9182875.945"},"geometry":{"type":"Polygon","coordinates":[[[-63.634672220239992,-7.382852252399802],[-63.625593277385349,-7.382865061411943],[-63.625606024044956,-7.391928421024724],[-63.634685151855862,-7.391915596119154],[-63.634672220239992,-7.382852252399802]]]}},
{"type":"Feature","properties":{"DESCRIPTION":"MDT_1464114.tif","FILENAME":"U:\\P589_AmazoniaRevelada_BR-319\\LiDAR_dataset\\ENTREGAS\\ENTREGA_02\\2_MDT\\GEOTIFF\\MDT_1464114.tif","SHRT_FNAME":"MDT_1464114.tif","UPPER_LEFT_X":"430957.191","UPPER_LEFT_Y":"9183877.945","LOWER_RIGHT_X":"431959.191","LOWER_RIGHT_Y":"9182875.945"},"geometry":{"type":"Polygon","coordinates":[[[-63.625610536449635,-7.382865037237099],[-63.616531577555001,-7.382877662076566],[-63.616544139608337,-7.39194103732425],[-63.62562328346084,-7.391928396819878],[-63.625610536449635,-7.382865037237099]]]}},
{"type":"Feature","properties":{"DESCRIPTION":"MDT_1464115.tif","FILENAME":"U:\\P589_AmazoniaRevelada_BR-319\\LiDAR_dataset\\ENTREGAS\\ENTREGA_02\\2_MDT\\GEOTIFF\\MDT_1464115.tif","SHRT_FNAME":"MDT_1464115.tif","UPPER_LEFT_X":"431957.286","UPPER_LEFT_Y":"9183877.945","LOWER_RIGHT_X":"432959.286","LOWER_RIGHT_Y":"9182875.945"},"geometry":{"type":"Polygon","coordinates":[[[-63.616548836649557,-7.382877638251831],[-63.60746986194723,-7.382890078917053],[-63.607482239392723,-7.391953469571557],[-63.61656139905449,-7.391941013469954],[-63.616548836649557,-7.382877638251831]]]}},
{"type":"Feature","properties":{"DESCRIPTION":"MDT_1464116.tif","FILENAME":"U:\\P589_AmazoniaRevelada_BR-319\\LiDAR_dataset\\ENTREGAS\\ENTREGA_02\\2_MDT\\GEOTIFF\\MDT_1464116.tif","SHRT_FNAME":"MDT_1464116.tif","UPPER_LEFT_X":"432957.382","UPPER_LEFT_Y":"9183877.945","LOWER_RIGHT_X":"433959.382","LOWER_RIGHT_Y":"9182875.945"},"geometry":{"type":"Polygon","coordinates":[[[-63.607487121071614,-7.382890055442433],[-63.598408130793899,-7.382902311931861],[-63.598420323630002,-7.391965717765095],[-63.607499498868712,-7.391953446067813],[-63.607487121071614,-7.382890055442433]]]}},
{"type":"Feature","properties":{"DESCRIPTION":"MDT_1464117.tif","FILENAME":"U:\\P589_AmazoniaRevelada_BR-319\\LiDAR_dataset\\ENTREGAS\\ENTREGA_02\\2_MDT\\GEOTIFF\\MDT_1464117.tif","SHRT_FNAME":"MDT_1464117.tif","UPPER_LEFT_X":"433957.477","UPPER_LEFT_Y":"9183877.945","LOWER_RIGHT_X":"434959.477","LOWER_RIGHT_Y":"9182875.945"},"geometry":{"type":"Polygon","coordinates":[[[-63.598425389947678,-7.382902288807363],[-63.58934638432688,-7.38291436111947],[-63.589358392552029,-7.391977781903345],[-63.598437583135365,-7.391965694611906],[-63.598425389947678,-7.382902288807363]]]}},
{"type":"Feature","properties":{"DESCRIPTION":"MDT_1464118.tif","FILENAME":"U:\\P589_AmazoniaRevelada_BR-319\\LiDAR_dataset\\ENTREGAS\\ENTREGA_02\\2_MDT\\GEOTIFF\\MDT_1464118.tif","SHRT_FNAME":"MDT_1464118.tif","UPPER_LEFT_X":"434957.572","UPPER_LEFT_Y":"9183877.945","LOWER_RIGHT_X":"435959.572","LOWER_RIGHT_Y":"9182875.945"},"geometry":{"type":"Polygon","coordinates":[[[-63.589363643509586,-7.382914338345094],[-63.580284622778002,-7.382926226478383],[-63.580296446390726,-7.3919896619848],[-63.589375652086368,-7.391977759100707],[-63.589363643509586,-7.382914338345094]]]}},
{"type":"Feature","properties":{"DESCRIPTION":"MDT_1464119.tif","FILENAME":"U:\\P589_AmazoniaRevelada_BR-319\\LiDAR_dataset\\ENTREGAS\\ENTREGA_02\\2_MDT\\GEOTIFF\\MDT_1464119.tif","SHRT_FNAME":"MDT_1464119.tif","UPPER_LEFT_X":"435957.667","UPPER_LEFT_Y":"9183877.945","LOWER_RIGHT_X":"436959.667","LOWER_RIGHT_Y":"9182875.945"},"geometry":{"type":"Polygon","coordinates":[[[-63.580301881989222,-7.382926204054132],[-63.571222846379165,-7.382937908007122],[-63.571234485377943,-7.392001358007987],[-63.580313705953557,-7.391989639532727],[-63.580301881989222,-7.382926204054132]]]}},
{"type":"Feature","properties":{"DESCRIPTION":"MDT_1464120.tif","FILENAME":"U:\\P589_AmazoniaRevelada_BR-319\\LiDAR_dataset\\ENTREGAS\\ENTREGA_02\\2_MDT\\GEOTIFF\\MDT_1464120.tif","SHRT_FNAME":"MDT_1464120.tif","UPPER_LEFT_X":"436957.762","UPPER_LEFT_Y":"9183877.945","LOWER_RIGHT_X":"437959.762","LOWER_RIGHT_Y":"9182875.945"},"geometry":{"type":"Polygon","coordinates":[[[-63.571240105618443,-7.382937885932997],[-63.562161055362211,-7.382949405704235],[-63.562172509745608,-7.392012869971451],[-63.571251744968855,-7.392001335906475],[-63.571240105618443,-7.382937885932997]]]}},
{"type":"Feature","properties":{"DESCRIPTION":"MDT_1464121.tif","FILENAME":"U:\\P589_AmazoniaRevelada_BR-319\\LiDAR_dataset\\ENTREGAS\\ENTREGA_02\\2_MDT\\GEOTIFF\\MDT_1464121.tif","SHRT_FNAME":"MDT_1464121.tif","UPPER_LEFT_X":"437957.858","UPPER_LEFT_Y":"9183877.945","LOWER_RIGHT_X":"438959.858","LOWER_RIGHT_Y":"9182875.945"},"geometry":{"type":"Polygon","coordinates":[[[-63.562178314629108,-7.38294938398024],[-63.553099249959011,-7.38296071956829],[-63.553110519725585,-7.392024197873756],[-63.562189769364139,-7.392012848220504],[-63.562178314629108,-7.38294938398024]]]}},
{"type":"Feature","properties":{"DESCRIPTION":"MDT_1464122.tif","FILENAME":"U:\\P589_AmazoniaRevelada_BR-319\\LiDAR_dataset\\ENTREGAS\\ENTREGA_02\\2_MDT\\GEOTIFF\\MDT_1464122.tif","SHRT_FNAME":"MDT_1464122.tif","UPPER_LEFT_X":"438957.953","UPPER_LEFT_Y":"9183877.945","LOWER_RIGHT_X":"439959.953","LOWER_RIGHT_Y":"9182875.945"},"geometry":{"type":"Polygon","coordinates":[[[-63.553116509253087,-7.382960698194434],[-63.544037430401438,-7.382971849597886],[-63.544048515549775,-7.3920353417135],[-63.553127779371287,-7.392024176473376],[-63.553116509253087,-7.382960698194434]]]}},
{"type":"Feature","properties":{"DESCRIPTION":"MDT_1464123.tif","FILENAME":"U:\\P589_AmazoniaRevelada_BR-319\\LiDAR_dataset\\ENTREGAS\\ENTREGA_02\\2_MDT\\GEOTIFF\\MDT_1464123.tif","SHRT_FNAME":"MDT_1464123.tif","UPPER_LEFT_X":"439958.048","UPPER_LEFT_Y":"9183877.945","LOWER_RIGHT_X":"440960.048","LOWER_RIGHT_Y":"9182875.945"},"geometry":{"type":"Polygon","coordinates":[[[-63.544054689722266,-7.382971828574162],[-63.534975596921385,-7.38298279579163],[-63.534986497450078,-7.392046301489292],[-63.544065775222222,-7.392035320663689],[-63.544054689722266,-7.382971828574162]]]}},
{"type":"Feature","properties":{"DESCRIPTION":"MDT_1464124.tif","FILENAME":"U:\\P589_AmazoniaRevelada_BR-319\\LiDAR_dataset\\ENTREGAS\\ENTREGA_02\\2_MDT\\GEOTIFF\\MDT_1464124.tif","SHRT_FNAME":"MDT_1464124.tif","UPPER_LEFT_X":"440958.143","UPPER_LEFT_Y":"9183877.945","LOWER_RIGHT_X":"441960.143","LOWER_RIGHT_Y":"9182875.945"},"geometry":{"type":"Polygon","coordinates":[[[-63.534992856268495,-7.382982775118044],[-63.525913749750679,-7.382993558148165],[-63.525924465658377,-7.392057077199768],[-63.535003757148822,-7.392046280790056],[-63.534992856268495,-7.382982775118044]]]}},
{"type":"Feature","properties":{"DESCRIPTION":"MDT_1464125.tif","FILENAME":"U:\\P589_AmazoniaRevelada_BR-319\\LiDAR_dataset\\ENTREGAS\\ENTREGA_02\\2_MDT\\GEOTIFF\\MDT_1464125.tif","SHRT_FNAME":"MDT_1464125.tif","UPPER_LEFT_X":"441958.238","UPPER_LEFT_Y":"9183877.945","LOWER_RIGHT_X":"442960.238","LOWER_RIGHT_Y":"9182875.945"},"geometry":{"type":"Polygon","coordinates":[[[-63.52593100912366,-7.38299353782472],[-63.516851889121249,-7.383004136666152],[-63.516862420406582,-7.392067668843593],[-63.525941725382985,-7.392057056851106],[-63.52593100912366,-7.38299353782472]]]}},
{"type":"Feature","properties":{"DESCRIPTION":"MDT_1464126.tif","FILENAME":"U:\\P589_AmazoniaRevelada_BR-319\\LiDAR_dataset\\ENTREGAS\\ENTREGA_02\\2_MDT\\GEOTIFF\\MDT_1464126.tif","SHRT_FNAME":"MDT_1464126.tif","UPPER_LEFT_X":"442958.334","UPPER_LEFT_Y":"9183877.945","LOWER_RIGHT_X":"443960.334","LOWER_RIGHT_Y":"9182875.945"},"geometry":{"type":"Polygon","coordinates":[[[-63.516869148519632,-7.383004116692853],[-63.507790015264931,-7.383014531344276],[-63.507800361926584,-7.392078076419445],[-63.516879680156599,-7.392067648845509],[-63.516869148519632,-7.383004116692853]]]}},
{"type":"Feature","properties":{"DESCRIPTION":"MDT_1464127.tif","FILENAME":"U:\\P589_AmazoniaRevelada_BR-319\\LiDAR_dataset\\ENTREGAS\\ENTREGA_02\\2_MDT\\GEOTIFF\\MDT_1464127.tif","SHRT_FNAME":"MDT_1464127.tif","UPPER_LEFT_X":"443958.429","UPPER_LEFT_Y":"9183877.945","LOWER_RIGHT_X":"444960.429","LOWER_RIGHT_Y":"9182875.945"},"geometry":{"type":"Polygon","coordinates":[[[-63.507807274688282,-7.383014511721123],[-63.498728128413624,-7.383024742181245],[-63.498738290450305,-7.392088299926029],[-63.507817621701584,-7.392078056771942],[-63.507807274688282,-7.383014511721123]]]}},
{"type":"Feature","properties":{"DESCRIPTION":"MDT_1464128.tif","FILENAME":"U:\\P589_AmazoniaRevelada_BR-319\\LiDAR_dataset\\ENTREGAS\\ENTREGA_02\\2_MDT\\GEOTIFF\\MDT_1464128.tif","SHRT_FNAME":"MDT_1464128.tif","UPPER_LEFT_X":"444958.524","UPPER_LEFT_Y":"9183877.945","LOWER_RIGHT_X":"445960.524","LOWER_RIGHT_Y":"9182875.945"},"geometry":{"type":"Polygon","coordinates":[[[-63.498745387861511,-7.383024722908237],[-63.489666228799187,-7.383034769175785],[-63.48967620620963,-7.39209833936208],[-63.498755550249832,-7.392088280629109],[-63.498745387861511,-7.383024722908237]]]}},
{"type":"Feature","properties":{"DESCRIPTION":"MDT_1464129.tif","FILENAME":"U:\\P589_AmazoniaRevelada_BR-319\\LiDAR_dataset\\ENTREGAS\\ENTREGA_02\\2_MDT\\GEOTIFF\\MDT_1464129.tif","SHRT_FNAME":"MDT_1464129.tif","UPPER_LEFT_X":"445958.619","UPPER_LEFT_Y":"9183877.945","LOWER_RIGHT_X":"446960.619","LOWER_RIGHT_Y":"9182875.945"},"geometry":{"type":"Polygon","coordinates":[[[-63.489683488271176,-7.383034750252929],[-63.480604316653533,-7.383044612326652],[-63.480614109436466,-7.392108194726339],[-63.489693466033245,-7.392098320415743],[-63.489683488271176,-7.383034750252929]]]}},
{"type":"Feature","properties":{"DESCRIPTION":"MDT_1464130.tif","FILENAME":"U:\\P589_AmazoniaRevelada_BR-319\\LiDAR_dataset\\ENTREGAS\\ENTREGA_02\\2_MDT\\GEOTIFF\\MDT_1464130.tif","SHRT_FNAME":"MDT_1464130.tif","UPPER_LEFT_X":"446958.714","UPPER_LEFT_Y":"9183877.945","LOWER_RIGHT_X":"447960.714","LOWER_RIGHT_Y":"9182875.945"},"geometry":{"type":"Polygon","coordinates":[[[-63.480621576149154,-7.383044593753952],[-63.471542392208534,-7.383054271632621],[-63.47155200036272,-7.392117866017588],[-63.480631369283728,-7.392108176130591],[-63.480621576149154,-7.383044593753952]]]}},
{"type":"Feature","properties":{"DESCRIPTION":"MDT_1464131.tif","FILENAME":"U:\\P589_AmazoniaRevelada_BR-319\\LiDAR_dataset\\ENTREGAS\\ENTREGA_02\\2_MDT\\GEOTIFF\\MDT_1464131.tif","SHRT_FNAME":"MDT_1464131.tif","UPPER_LEFT_X":"447958.810","UPPER_LEFT_Y":"9183877.945","LOWER_RIGHT_X":"448960.810","LOWER_RIGHT_Y":"9182875.945"},"geometry":{"type":"Polygon","coordinates":[[[-63.471559651727361,-7.383054253410076],[-63.462480455696067,-7.383063747092493],[-63.462489879220314,-7.392127353234619],[-63.471569260233203,-7.39211784777243],[-63.471559651727361,-7.383054253410076]]]}},
{"type":"Feature","properties":{"DESCRIPTION":"MDT_1464132.tif","FILENAME":"U:\\P589_AmazoniaRevelada_BR-319\\LiDAR_dataset\\ENTREGAS\\ENTREGA_02\\2_MDT\\GEOTIFF\\MDT_1464132.tif","SHRT_FNAME":"MDT_1464132.tif","UPPER_LEFT_X":"448958.905","UPPER_LEFT_Y":"9183877.945","LOWER_RIGHT_X":"449960.905","LOWER_RIGHT_Y":"9182875.945"},"geometry":{"type":"Polygon","coordinates":[[[-63.46249771523766,-7.383063729220105],[-63.453418507348026,-7.383073038705088],[-63.45342774624114,-7.392136656376258],[-63.462507139113555,-7.392127335340057],[-63.46249771523766,-7.383063729220105]]]}},
{"type":"Feature","properties":{"DESCRIPTION":"MDT_1464133.tif","FILENAME":"U:\\P589_AmazoniaRevelada_BR-319\\LiDAR_dataset\\ENTREGAS\\ENTREGA_02\\2_MDT\\GEOTIFF\\MDT_1464133.tif","SHRT_FNAME":"MDT_1464133.tif","UPPER_LEFT_X":"449959.000","UPPER_LEFT_Y":"9183877.945","LOWER_RIGHT_X":"450961.000","LOWER_RIGHT_Y":"9182875.945"},"geometry":{"type":"Polygon","coordinates":[[[-63.453435766911937,-7.383073021182859],[-63.444356547396289,-7.383082146469245],[-63.444365601657125,-7.392145775441344],[-63.453445006156706,-7.392136638832288],[-63.453435766911937,-7.383073021182859]]]}},
{"type":"Feature","properties":{"DESCRIPTION":"MDT_1464134.tif","FILENAME":"U:\\P589_AmazoniaRevelada_BR-319\\LiDAR_dataset\\ENTREGAS\\ENTREGA_02\\2_MDT\\GEOTIFF\\MDT_1464134.tif","SHRT_FNAME":"MDT_1464134.tif","UPPER_LEFT_X":"450959.095","UPPER_LEFT_Y":"9183877.945","LOWER_RIGHT_X":"451961.095","LOWER_RIGHT_Y":"9182875.945"},"geometry":{"type":"Polygon","coordinates":[[[-63.444373806982085,-7.38308212929718],[-63.435294576072764,-7.383091070383838],[-63.435303445700171,-7.392154710428743],[-63.444382861594576,-7.39214575824797],[-63.444373806982085,-7.38308212929718]]]}},
{"type":"Feature","properties":{"DESCRIPTION":"MDT_1464135.tif","FILENAME":"U:\\P589_AmazoniaRevelada_BR-319\\LiDAR_dataset\\ENTREGAS\\ENTREGA_02\\2_MDT\\GEOTIFF\\MDT_1464135.tif","SHRT_FNAME":"MDT_1464135.tif","UPPER_LEFT_X":"451959.190","UPPER_LEFT_Y":"9183877.945","LOWER_RIGHT_X":"452961.190","LOWER_RIGHT_Y":"9182875.945"},"geometry":{"type":"Polygon","coordinates":[[[-63.435311835679997,-7.383091053561934],[-63.426232593609335,-7.383099810447753],[-63.426241278602198,-7.392163461337342],[-63.435320705659059,-7.392154693585966],[-63.435311835679997,-7.383091053561934]]]}},
{"type":"Feature","properties":{"DESCRIPTION":"MDT_1464136.tif","FILENAME":"U:\\P589_AmazoniaRevelada_BR-319\\LiDAR_dataset\\ENTREGAS\\ENTREGA_02\\2_MDT\\GEOTIFF\\MDT_1464136.tif","SHRT_FNAME":"MDT_1464136.tif","UPPER_LEFT_X":"452959.286","UPPER_LEFT_Y":"9183877.945","LOWER_RIGHT_X":"453961.286","LOWER_RIGHT_Y":"9182875.945"},"geometry":{"type":"Polygon","coordinates":[[[-63.426249853237557,-7.383099793976016],[-63.417170600237881,-7.383108366659905],[-63.417179100595121,-7.392172028166059],[-63.42625853858209,-7.392163444845168],[-63.426249853237557,-7.383099793976016]]]}},
{"type":"Feature","properties":{"DESCRIPTION":"MDT_1464137.tif","FILENAME":"U:\\P589_AmazoniaRevelada_BR-319\\LiDAR_dataset\\ENTREGAS\\ENTREGA_02\\2_MDT\\GEOTIFF\\MDT_1464137.tif","SHRT_FNAME":"MDT_1464137.tif","UPPER_LEFT_X":"453959.381","UPPER_LEFT_Y":"9183877.945","LOWER_RIGHT_X":"454961.381","LOWER_RIGHT_Y":"9182875.945"},"geometry":{"type":"Polygon","coordinates":[[[-63.417187859886667,-7.383108350538338],[-63.408108596190317,-7.38311673901923],[-63.408116911910845,-7.39218041091382],[-63.417196360595561,-7.392172012024485],[-63.417187859886667,-7.383108350538338]]]}},
{"type":"Feature","properties":{"DESCRIPTION":"MDT_1464138.tif","FILENAME":"U:\\P589_AmazoniaRevelada_BR-319\\LiDAR_dataset\\ENTREGAS\\ENTREGA_02\\2_MDT\\GEOTIFF\\MDT_1464138.tif","SHRT_FNAME":"MDT_1464138.tif","UPPER_LEFT_X":"454959.476","UPPER_LEFT_Y":"9183877.945","LOWER_RIGHT_X":"455961.476","LOWER_RIGHT_Y":"9182875.945"},"geometry":{"type":"Polygon","coordinates":[[[-63.408125855859218,-7.383116723247834],[-63.399046581698535,-7.383124927524687],[-63.399054712781314,-7.392188609579586],[-63.408134171931408,-7.39218039512285],[-63.408125855859218,-7.383116723247834]]]}},
{"type":"Feature","properties":{"DESCRIPTION":"MDT_1464139.tif","FILENAME":"U:\\P589_AmazoniaRevelada_BR-319\\LiDAR_dataset\\ENTREGAS\\ENTREGA_02\\2_MDT\\GEOTIFF\\MDT_1464139.tif","SHRT_FNAME":"MDT_1464139.tif","UPPER_LEFT_X":"455959.571","UPPER_LEFT_Y":"9183877.945","LOWER_RIGHT_X":"456961.571","LOWER_RIGHT_Y":"9182875.945"},"geometry":{"type":"Polygon","coordinates":[[[-63.399063841387104,-7.38312491210346],[-63.389984556994413,-7.383132932175253],[-63.389992503438428,-7.392196624162338],[-63.399071972821545,-7.392188594139225],[-63.399063841387104,-7.38312491210346]]]}},
{"type":"Feature","properties":{"DESCRIPTION":"MDT_1464140.tif","FILENAME":"U:\\P589_AmazoniaRevelada_BR-319\\LiDAR_dataset\\ENTREGAS\\ENTREGA_02\\2_MDT\\GEOTIFF\\MDT_1464140.tif","SHRT_FNAME":"MDT_1464140.tif","UPPER_LEFT_X":"456959.666","UPPER_LEFT_Y":"9183877.945","LOWER_RIGHT_X":"457961.666","LOWER_RIGHT_Y":"9182875.945"},"geometry":{"type":"Polygon","coordinates":[[[-63.39000181670221,-7.383132917104203],[-63.380922522309874,-7.383140752969939],[-63.380930284114129,-7.392204454661077],[-63.390009763497901,-7.392196609072586],[-63.39000181670221,-7.383132917104203]]]}},
{"type":"Feature","properties":{"DESCRIPTION":"MDT_1464141.tif","FILENAME":"U:\\P589_AmazoniaRevelada_BR-319\\LiDAR_dataset\\ENTREGAS\\ENTREGA_02\\2_MDT\\GEOTIFF\\MDT_1464141.tif","SHRT_FNAME":"MDT_1464141.tif","UPPER_LEFT_X":"457959.762","UPPER_LEFT_Y":"9183877.945","LOWER_RIGHT_X":"458961.762","LOWER_RIGHT_Y":"9182875.945"},"geometry":{"type":"Polygon","coordinates":[[[-63.380939782036464,-7.383140738249065],[-63.371860477876808,-7.383148389907768],[-63.371868055040323,-7.392212101074831],[-63.380947544192381,-7.392204439921937],[-63.380939782036464,-7.383140738249065]]]}},
{"type":"Feature","properties":{"DESCRIPTION":"MDT_1464142.tif","FILENAME":"U:\\P589_AmazoniaRevelada_BR-319\\LiDAR_dataset\\ENTREGAS\\ENTREGA_02\\2_MDT\\GEOTIFF\\MDT_1464142.tif","SHRT_FNAME":"MDT_1464142.tif","UPPER_LEFT_X":"458959.857","UPPER_LEFT_Y":"9183877.945","LOWER_RIGHT_X":"459961.857","LOWER_RIGHT_Y":"9182875.945"},"geometry":{"type":"Polygon","coordinates":[[[-63.37187773762173,-7.38314837553707],[-63.36279842392711,-7.383155842987788],[-63.362805816448933,-7.392219563402649],[-63.371885315136929,-7.392212086686304],[-63.37187773762173,-7.38314837553707]]]}},
{"type":"Feature","properties":{"DESCRIPTION":"MDT_1464143.tif","FILENAME":"U:\\P589_AmazoniaRevelada_BR-319\\LiDAR_dataset\\ENTREGAS\\ENTREGA_02\\2_MDT\\GEOTIFF\\MDT_1464143.tif","SHRT_FNAME":"MDT_1464143.tif","UPPER_LEFT_X":"459959.952","UPPER_LEFT_Y":"9183877.945","LOWER_RIGHT_X":"460961.952","LOWER_RIGHT_Y":"9182875.945"},"geometry":{"type":"Polygon","coordinates":[[[-63.362815683689952,-7.383155828967274],[-63.353736360692679,-7.383163112209082],[-63.353743568571893,-7.392226841643603],[-63.362823076563437,-7.392219549364738],[-63.362815683689952,-7.383155828967274]]]}},
{"type":"Feature","properties":{"DESCRIPTION":"MDT_1464144.tif","FILENAME":"U:\\P589_AmazoniaRevelada_BR-319\\LiDAR_dataset\\ENTREGAS\\ENTREGA_02\\2_MDT\\GEOTIFF\\MDT_1464144.tif","SHRT_FNAME":"MDT_1464144.tif","UPPER_LEFT_X":"460960.047","UPPER_LEFT_Y":"9183877.945","LOWER_RIGHT_X":"461962.047","LOWER_RIGHT_Y":"9182875.945"},"geometry":{"type":"Polygon","coordinates":[[[-63.353753620472986,-7.383163098538746],[-63.344674288405443,-7.383170197570733],[-63.344681311641118,-7.392233935796785],[-63.353760828703862,-7.392226827956305],[-63.353753620472986,-7.383163098538746]]]}},
{"type":"Feature","properties":{"DESCRIPTION":"MDT_1464145.tif","FILENAME":"U:\\P589_AmazoniaRevelada_BR-319\\LiDAR_dataset\\ENTREGAS\\ENTREGA_02\\2_MDT\\GEOTIFF\\MDT_1464145.tif","SHRT_FNAME":"MDT_1464145.tif","UPPER_LEFT_X":"461960.142","UPPER_LEFT_Y":"9183877.945","LOWER_RIGHT_X":"462962.142","LOWER_RIGHT_Y":"9182875.945"},"geometry":{"type":"Polygon","coordinates":[[[-63.344691548202761,-7.383170184250583],[-63.335612207297288,-7.383177099071867],[-63.335619045888556,-7.392240845861315],[-63.344698571790111,-7.392233922460104],[-63.344691548202761,-7.383170184250583]]]}},
{"type":"Feature","properties":{"DESCRIPTION":"MDT_1464146.tif","FILENAME":"U:\\P589_AmazoniaRevelada_BR-319\\LiDAR_dataset\\ENTREGAS\\ENTREGA_02\\2_MDT\\GEOTIFF\\MDT_1464146.tif","SHRT_FNAME":"MDT_1464146.tif","UPPER_LEFT_X":"462960.238","UPPER_LEFT_Y":"9183877.945","LOWER_RIGHT_X":"463962.238","LOWER_RIGHT_Y":"9182875.945"},"geometry":{"type":"Polygon","coordinates":[[[-63.335629467111197,-7.383177086101901],[-63.326550117600121,-7.383183816711624],[-63.326556771546116,-7.392247571836332],[-63.335636306054127,-7.392240832875256],[-63.335629467111197,-7.383177086101901]]]}},
{"type":"Feature","properties":{"DESCRIPTION":"MDT_1464147.tif","FILENAME":"U:\\P589_AmazoniaRevelada_BR-319\\LiDAR_dataset\\ENTREGAS\\ENTREGA_02\\2_MDT\\GEOTIFF\\MDT_1464147.tif","SHRT_FNAME":"MDT_1464147.tif","UPPER_LEFT_X":"463960.333","UPPER_LEFT_Y":"9183877.945","LOWER_RIGHT_X":"464962.333","LOWER_RIGHT_Y":"9182875.945"},"geometry":{"type":"Polygon","coordinates":[[[-63.326567377430159,-7.383183804091844],[-63.317488019545841,-7.383190350489168],[-63.317494488845739,-7.392254113721004],[-63.326574031727837,-7.392247559200896],[-63.326567377430159,-7.383183804091844]]]}},
{"type":"Feature","properties":{"DESCRIPTION":"MDT_1465102.tif","FILENAME":"U:\\P589_AmazoniaRevelada_BR-319\\LiDAR_dataset\\ENTREGAS\\ENTREGA_02\\2_MDT\\GEOTIFF\\MDT_1465102.tif","SHRT_FNAME":"MDT_1465102.tif","UPPER_LEFT_X":"418956.049","UPPER_LEFT_Y":"9182878.070","LOWER_RIGHT_X":"419958.049","LOWER_RIGHT_Y":"9181876.070"},"geometry":{"type":"Polygon","coordinates":[[[-63.734364549390207,-7.391743422304087],[-63.725285613761812,-7.391758275473466],[-63.725300409572213,-7.400821444353674],[-63.734379530370376,-7.400806572776563],[-63.734364549390207,-7.391743422304087]]]}},
{"type":"Feature","properties":{"DESCRIPTION":"MDT_1465103.tif","FILENAME":"U:\\P589_AmazoniaRevelada_BR-319\\LiDAR_dataset\\ENTREGAS\\ENTREGA_02\\2_MDT\\GEOTIFF\\MDT_1465103.tif","SHRT_FNAME":"MDT_1465103.tif","UPPER_LEFT_X":"419956.144","UPPER_LEFT_Y":"9182878.070","LOWER_RIGHT_X":"420958.144","LOWER_RIGHT_Y":"9181876.070"},"geometry":{"type":"Polygon","coordinates":[[[-63.72530287281478,-7.391758247412882],[-63.716223918589399,-7.391772916200357],[-63.716238529580181,-7.400836103225013],[-63.725317668977183,-7.400821416258309],[-63.72530287281478,-7.391758247412882]]]}},
{"type":"Feature","properties":{"DESCRIPTION":"MDT_1465104.tif","FILENAME":"U:\\P589_AmazoniaRevelada_BR-319\\LiDAR_dataset\\ENTREGAS\\ENTREGA_02\\2_MDT\\GEOTIFF\\MDT_1465104.tif","SHRT_FNAME":"MDT_1465104.tif","UPPER_LEFT_X":"420956.239","UPPER_LEFT_Y":"9182878.070","LOWER_RIGHT_X":"421958.239","LOWER_RIGHT_Y":"9181876.070"},"geometry":{"type":"Polygon","coordinates":[[[-63.716241177677503,-7.391772888490283],[-63.70716220508745,-7.391787372894026],[-63.707176631256786,-7.400850577835056],[-63.716255789020295,-7.400836075480595],[-63.716241177677503,-7.391772888490283]]]}},
{"type":"Feature","properties":{"DESCRIPTION":"MDT_1465105.tif","FILENAME":"U:\\P589_AmazoniaRevelada_BR-319\\LiDAR_dataset\\ENTREGAS\\ENTREGA_02\\2_MDT\\GEOTIFF\\MDT_1465105.tif","SHRT_FNAME":"MDT_1465105.tif","UPPER_LEFT_X":"421956.334","UPPER_LEFT_Y":"9182878.070","LOWER_RIGHT_X":"422958.334","LOWER_RIGHT_Y":"9181876.070"},"geometry":{"type":"Polygon","coordinates":[[[-63.707179464210249,-7.391787345534465],[-63.698100473487813,-7.391801645552682],[-63.698114714833871,-7.40086486818201],[-63.707193890731588,-7.40085055044159],[-63.707179464210249,-7.391787345534465]]]}},
{"type":"Feature","properties":{"DESCRIPTION":"MDT_1465106.tif","FILENAME":"U:\\P589_AmazoniaRevelada_BR-319\\LiDAR_dataset\\ENTREGAS\\ENTREGA_02\\2_MDT\\GEOTIFF\\MDT_1465106.tif","SHRT_FNAME":"MDT_1465106.tif","UPPER_LEFT_X":"422956.430","UPPER_LEFT_Y":"9182878.070","LOWER_RIGHT_X":"423958.430","LOWER_RIGHT_Y":"9181876.070"},"geometry":{"type":"Polygon","coordinates":[[[-63.69811773264486,-7.39180161854364],[-63.689038724022353,-7.391815734174544],[-63.689052780543349,-7.400878974264093],[-63.698131974342935,-7.400864841139495],[-63.69811773264486,-7.39180161854364]]]}},
{"type":"Feature","properties":{"DESCRIPTION":"MDT_1465107.tif","FILENAME":"U:\\P589_AmazoniaRevelada_BR-319\\LiDAR_dataset\\ENTREGAS\\ENTREGA_02\\2_MDT\\GEOTIFF\\MDT_1465107.tif","SHRT_FNAME":"MDT_1465107.tif","UPPER_LEFT_X":"423956.525","UPPER_LEFT_Y":"9182878.070","LOWER_RIGHT_X":"424958.525","LOWER_RIGHT_Y":"9181876.070"},"geometry":{"type":"Polygon","coordinates":[[[-63.689055983213201,-7.391815707516023],[-63.679976956922907,-7.391829638757859],[-63.679990828617079,-7.40089289607955],[-63.689070040086214,-7.400878947572535],[-63.689055983213201,-7.391815707516023]]]}},
{"type":"Feature","properties":{"DESCRIPTION":"MDT_1465108.tif","FILENAME":"U:\\P589_AmazoniaRevelada_BR-319\\LiDAR_dataset\\ENTREGAS\\ENTREGA_02\\2_MDT\\GEOTIFF\\MDT_1465108.tif","SHRT_FNAME":"MDT_1465108.tif","UPPER_LEFT_X":"424956.620","UPPER_LEFT_Y":"9182878.070","LOWER_RIGHT_X":"425958.620","LOWER_RIGHT_Y":"9181876.070"},"geometry":{"type":"Polygon","coordinates":[[[-63.679994216147122,-7.391829612449867],[-63.670915172421367,-7.391843359300908],[-63.670928859286974,-7.400906633626656],[-63.680008088193325,-7.400892869738952],[-63.679994216147122,-7.391829612449867]]]}},
{"type":"Feature","properties":{"DESCRIPTION":"MDT_1465109.tif","FILENAME":"U:\\P589_AmazoniaRevelada_BR-319\\LiDAR_dataset\\ENTREGAS\\ENTREGA_02\\2_MDT\\GEOTIFF\\MDT_1465109.tif","SHRT_FNAME":"MDT_1465109.tif","UPPER_LEFT_X":"425956.715","UPPER_LEFT_Y":"9182878.070","LOWER_RIGHT_X":"426958.715","LOWER_RIGHT_Y":"9181876.070"},"geometry":{"type":"Polygon","coordinates":[[[-63.670932431678509,-7.39184333334344],[-63.661853370749597,-7.391856895801975],[-63.661866872784913,-7.400920186903694],[-63.67094611889614,-7.400906607637018],[-63.670932431678509,-7.39184333334344]]]}},
{"type":"Feature","properties":{"DESCRIPTION":"MDT_1465110.tif","FILENAME":"U:\\P589_AmazoniaRevelada_BR-319\\LiDAR_dataset\\ENTREGAS\\ENTREGA_02\\2_MDT\\GEOTIFF\\MDT_1465110.tif","SHRT_FNAME":"MDT_1465110.tif","UPPER_LEFT_X":"426956.810","UPPER_LEFT_Y":"9182878.070","LOWER_RIGHT_X":"427958.810","LOWER_RIGHT_Y":"9181876.070"},"geometry":{"type":"Polygon","coordinates":[[[-63.661870630039203,-7.391856870195038],[-63.652791552139448,-7.391870248259377],[-63.652804869342781,-7.400933555908982],[-63.661884132426557,-7.400920161265022],[-63.661870630039203,-7.391856870195038]]]}},
{"type":"Feature","properties":{"DESCRIPTION":"MDT_1465111.tif","FILENAME":"U:\\P589_AmazoniaRevelada_BR-319\\LiDAR_dataset\\ENTREGAS\\ENTREGA_02\\2_MDT\\GEOTIFF\\MDT_1465111.tif","SHRT_FNAME":"MDT_1465111.tif","UPPER_LEFT_X":"427956.906","UPPER_LEFT_Y":"9182878.070","LOWER_RIGHT_X":"428958.906","LOWER_RIGHT_Y":"9181876.070"},"geometry":{"type":"Polygon","coordinates":[[[-63.652808811461107,-7.391870223002977],[-63.643729716822804,-7.391883416671456],[-63.643742849192478,-7.400946740640859],[-63.652822129016478,-7.40093353062128],[-63.652808811461107,-7.391870223002977]]]}},
{"type":"Feature","properties":{"DESCRIPTION":"MDT_1465112.tif","FILENAME":"U:\\P589_AmazoniaRevelada_BR-319\\LiDAR_dataset\\ENTREGAS\\ENTREGA_02\\2_MDT\\GEOTIFF\\MDT_1465112.tif","SHRT_FNAME":"MDT_1465112.tif","UPPER_LEFT_X":"428957.001","UPPER_LEFT_Y":"9182878.070","LOWER_RIGHT_X":"429959.001","LOWER_RIGHT_Y":"9181876.070"},"geometry":{"type":"Polygon","coordinates":[[[-63.643746976176061,-7.391883391765594],[-63.634667865031531,-7.391896401036574],[-63.634680812565904,-7.400959741097681],[-63.64376010889778,-7.400946715704127],[-63.643746976176061,-7.391883391765594]]]}},
{"type":"Feature","properties":{"DESCRIPTION":"MDT_1465113.tif","FILENAME":"U:\\P589_AmazoniaRevelada_BR-319\\LiDAR_dataset\\ENTREGAS\\ENTREGA_02\\2_MDT\\GEOTIFF\\MDT_1465113.tif","SHRT_FNAME":"MDT_1465113.tif","UPPER_LEFT_X":"429957.096","UPPER_LEFT_Y":"9182878.070","LOWER_RIGHT_X":"430959.096","LOWER_RIGHT_Y":"9181876.070"},"geometry":{"type":"Polygon","coordinates":[[[-63.634685124415945,-7.391896376481252],[-63.625605996997507,-7.391909201353114],[-63.625618759694952,-7.400972557277836],[-63.634698072302363,-7.400959716511926],[-63.634685124415945,-7.391896376481252]]]}},
{"type":"Feature","properties":{"DESCRIPTION":"MDT_1465114.tif","FILENAME":"U:\\P589_AmazoniaRevelada_BR-319\\LiDAR_dataset\\ENTREGAS\\ENTREGA_02\\2_MDT\\GEOTIFF\\MDT_1465114.tif","SHRT_FNAME":"MDT_1465114.tif","UPPER_LEFT_X":"430957.191","UPPER_LEFT_Y":"9182878.070","LOWER_RIGHT_X":"431959.191","LOWER_RIGHT_Y":"9181876.070"},"geometry":{"type":"Polygon","coordinates":[[[-63.625623256412638,-7.391909177148334],[-63.616544112952617,-7.391921817619488],[-63.616556690811507,-7.400985189179726],[-63.625636019462128,-7.400972533043059],[-63.625623256412638,-7.391909177148334]]]}},
{"type":"Feature","properties":{"DESCRIPTION":"MDT_1465115.tif","FILENAME":"U:\\P589_AmazoniaRevelada_BR-319\\LiDAR_dataset\\ENTREGAS\\ENTREGA_02\\2_MDT\\GEOTIFF\\MDT_1465115.tif","SHRT_FNAME":"MDT_1465115.tif","UPPER_LEFT_X":"431957.286","UPPER_LEFT_Y":"9182878.070","LOWER_RIGHT_X":"432959.286","LOWER_RIGHT_Y":"9181876.070"},"geometry":{"type":"Polygon","coordinates":[[[-63.616561372398017,-7.391921793765256],[-63.607482213128719,-7.391934249834121],[-63.607494606147505,-7.40099763680178],[-63.616573950608966,-7.400985165295931],[-63.616561372398017,-7.391921793765256]]]}},
{"type":"Feature","properties":{"DESCRIPTION":"MDT_1465116.tif","FILENAME":"U:\\P589_AmazoniaRevelada_BR-319\\LiDAR_dataset\\ENTREGAS\\ENTREGA_02\\2_MDT\\GEOTIFF\\MDT_1465116.tif","SHRT_FNAME":"MDT_1465116.tif","UPPER_LEFT_X":"432957.382","UPPER_LEFT_Y":"9182878.070","LOWER_RIGHT_X":"433959.382","LOWER_RIGHT_Y":"9181876.070"},"geometry":{"type":"Polygon","coordinates":[[[-63.607499472603962,-7.391934226330442],[-63.598420297757713,-7.391946497995472],[-63.598432505934824,-7.401009900142452],[-63.607511865974793,-7.400997613268969],[-63.607499472603962,-7.391934226330442]]]}},
{"type":"Feature","properties":{"DESCRIPTION":"MDT_1465117.tif","FILENAME":"U:\\P589_AmazoniaRevelada_BR-319\\LiDAR_dataset\\ENTREGAS\\ENTREGA_02\\2_MDT\\GEOTIFF\\MDT_1465117.tif","SHRT_FNAME":"MDT_1465117.tif","UPPER_LEFT_X":"433957.477","UPPER_LEFT_Y":"9182878.070","LOWER_RIGHT_X":"434959.477","LOWER_RIGHT_Y":"9181876.070"},"geometry":{"type":"Polygon","coordinates":[[[-63.598437557262343,-7.391946474842343],[-63.58935836707149,-7.391958562102015],[-63.589370390405392,-7.401021979200215],[-63.598449765791514,-7.401009876960628],[-63.598437557262343,-7.391946474842343]]]}},
{"type":"Feature","properties":{"DESCRIPTION":"MDT_1465118.tif","FILENAME":"U:\\P589_AmazoniaRevelada_BR-319\\LiDAR_dataset\\ENTREGAS\\ENTREGA_02\\2_MDT\\GEOTIFF\\MDT_1465118.tif","SHRT_FNAME":"MDT_1465118.tif","UPPER_LEFT_X":"434957.572","UPPER_LEFT_Y":"9182878.070","LOWER_RIGHT_X":"435959.572","LOWER_RIGHT_Y":"9181876.070"},"geometry":{"type":"Polygon","coordinates":[[[-63.589375626605054,-7.391958539299441],[-63.58029642130191,-7.391970442152251],[-63.580308259791089,-7.401033873973568],[-63.58938765029103,-7.401021956369383],[-63.589375626605054,-7.391958539299441]]]}},
{"type":"Feature","properties":{"DESCRIPTION":"MDT_1465119.tif","FILENAME":"U:\\P589_AmazoniaRevelada_BR-319\\LiDAR_dataset\\ENTREGAS\\ENTREGA_02\\2_MDT\\GEOTIFF\\MDT_1465119.tif","SHRT_FNAME":"MDT_1465119.tif","UPPER_LEFT_X":"435957.667","UPPER_LEFT_Y":"9182878.070","LOWER_RIGHT_X":"436959.667","LOWER_RIGHT_Y":"9181876.070"},"geometry":{"type":"Polygon","coordinates":[[[-63.580313680863995,-7.391970419700234],[-63.571234460680877,-7.3919821381447],[-63.571246114323849,-7.401045584461031],[-63.580325519705248,-7.401033851493728],[-63.580313680863995,-7.391970419700234]]]}},
{"type":"Feature","properties":{"DESCRIPTION":"MDT_1465120.tif","FILENAME":"U:\\P589_AmazoniaRevelada_BR-319\\LiDAR_dataset\\ENTREGAS\\ENTREGA_02\\2_MDT\\GEOTIFF\\MDT_1465120.tif","SHRT_FNAME":"MDT_1465120.tif","UPPER_LEFT_X":"436957.762","UPPER_LEFT_Y":"9182878.070","LOWER_RIGHT_X":"437959.762","LOWER_RIGHT_Y":"9181876.070"},"geometry":{"type":"Polygon","coordinates":[[[-63.571251720271022,-7.391982116043247],[-63.562172485440264,-7.39199365007791],[-63.562183954235586,-7.401057110661149],[-63.571263374266067,-7.401045562332188],[-63.571251720271022,-7.391982116043247]]]}},
{"type":"Feature","properties":{"DESCRIPTION":"MDT_1465121.tif","FILENAME":"U:\\P589_AmazoniaRevelada_BR-319\\LiDAR_dataset\\ENTREGAS\\ENTREGA_02\\2_MDT\\GEOTIFF\\MDT_1465121.tif","SHRT_FNAME":"MDT_1465121.tif","UPPER_LEFT_X":"437957.858","UPPER_LEFT_Y":"9182878.070","LOWER_RIGHT_X":"438959.858","LOWER_RIGHT_Y":"9181876.070"},"geometry":{"type":"Polygon","coordinates":[[[-63.562189745058042,-7.391993628327019],[-63.553110495811985,-7.392004977950447],[-63.553121779758186,-7.401068452572483],[-63.562201214205423,-7.4010570888833],[-63.562189745058042,-7.391993628327019]]]}},
{"type":"Feature","properties":{"DESCRIPTION":"MDT_1465122.tif","FILENAME":"U:\\P589_AmazoniaRevelada_BR-319\\LiDAR_dataset\\ENTREGAS\\ENTREGA_02\\2_MDT\\GEOTIFF\\MDT_1465122.tif","SHRT_FNAME":"MDT_1465122.tif","UPPER_LEFT_X":"438957.953","UPPER_LEFT_Y":"9182878.070","LOWER_RIGHT_X":"439959.953","LOWER_RIGHT_Y":"9181876.070"},"geometry":{"type":"Polygon","coordinates":[[[-63.553127755456956,-7.392004956550123],[-63.544048492027919,-7.392016121760904],[-63.544059591123592,-7.401079610193627],[-63.553139039755216,-7.401068431145639],[-63.553127755456956,-7.392004956550123]]]}},
{"type":"Feature","properties":{"DESCRIPTION":"MDT_1465123.tif","FILENAME":"U:\\P589_AmazoniaRevelada_BR-319\\LiDAR_dataset\\ENTREGAS\\ENTREGA_02\\2_MDT\\GEOTIFF\\MDT_1465123.tif","SHRT_FNAME":"MDT_1465123.tif","UPPER_LEFT_X":"439958.048","UPPER_LEFT_Y":"9182878.070","LOWER_RIGHT_X":"440960.048","LOWER_RIGHT_Y":"9181876.070"},"geometry":{"type":"Polygon","coordinates":[[[-63.544065751699634,-7.392016100711149],[-63.534986474319972,-7.392027081507893],[-63.534997388563717,-7.401090583523193],[-63.544076851147373,-7.401079589117783],[-63.544065751699634,-7.392016100711149]]]}},
{"type":"Feature","properties":{"DESCRIPTION":"MDT_1465124.tif","FILENAME":"U:\\P589_AmazoniaRevelada_BR-319\\LiDAR_dataset\\ENTREGAS\\ENTREGA_02\\2_MDT\\GEOTIFF\\MDT_1465124.tif","SHRT_FNAME":"MDT_1465124.tif","UPPER_LEFT_X":"440958.143","UPPER_LEFT_Y":"9182878.070","LOWER_RIGHT_X":"441960.143","LOWER_RIGHT_Y":"9181876.070"},"geometry":{"type":"Polygon","coordinates":[[[-63.53500373401797,-7.39202706080871],[-63.525924442920029,-7.392037857190052],[-63.525935172310483,-7.401101372559813],[-63.535014648613796,-7.401090562798357],[-63.53500373401797,-7.39202706080871]]]}},
{"type":"Feature","properties":{"DESCRIPTION":"MDT_1465125.tif","FILENAME":"U:\\P589_AmazoniaRevelada_BR-319\\LiDAR_dataset\\ENTREGAS\\ENTREGA_02\\2_MDT\\GEOTIFF\\MDT_1465125.tif","SHRT_FNAME":"MDT_1465125.tif","UPPER_LEFT_X":"441958.238","UPPER_LEFT_Y":"9182878.070","LOWER_RIGHT_X":"442960.238","LOWER_RIGHT_Y":"9181876.070"},"geometry":{"type":"Polygon","coordinates":[[[-63.525941702643891,-7.392037836841444],[-63.516862398059985,-7.392048448806039],[-63.516872942595803,-7.401111977302149],[-63.525952432386411,-7.401101352185986],[-63.525941702643891,-7.392037836841444]]]}},
{"type":"Feature","properties":{"DESCRIPTION":"MDT_1465126.tif","FILENAME":"U:\\P589_AmazoniaRevelada_BR-319\\LiDAR_dataset\\ENTREGAS\\ENTREGA_02\\2_MDT\\GEOTIFF\\MDT_1465126.tif","SHRT_FNAME":"MDT_1465126.tif","UPPER_LEFT_X":"442958.334","UPPER_LEFT_Y":"9182878.070","LOWER_RIGHT_X":"443960.334","LOWER_RIGHT_Y":"9181876.070"},"geometry":{"type":"Polygon","coordinates":[[[-63.516879657809255,-7.392048428808009],[-63.507800339971752,-7.392058856354541],[-63.5078106996516,-7.401122397748879],[-63.516890202697155,-7.401111957279336],[-63.516879657809255,-7.392048428808009]]]}},
{"type":"Feature","properties":{"DESCRIPTION":"MDT_1465127.tif","FILENAME":"U:\\P589_AmazoniaRevelada_BR-319\\LiDAR_dataset\\ENTREGAS\\ENTREGA_02\\2_MDT\\GEOTIFF\\MDT_1465127.tif","SHRT_FNAME":"MDT_1465127.tif","UPPER_LEFT_X":"443958.429","UPPER_LEFT_Y":"9182878.070","LOWER_RIGHT_X":"444960.429","LOWER_RIGHT_Y":"9181876.070"},"geometry":{"type":"Polygon","coordinates":[[[-63.507817599745998,-7.392058836707087],[-63.498738268887223,-7.392069079834259],[-63.4987484437098,-7.40113263389871],[-63.50782795977792,-7.401122378077077],[-63.507817599745998,-7.392058836707087]]]}},
{"type":"Feature","properties":{"DESCRIPTION":"MDT_1465128.tif","FILENAME":"U:\\P589_AmazoniaRevelada_BR-319\\LiDAR_dataset\\ENTREGAS\\ENTREGA_02\\2_MDT\\GEOTIFF\\MDT_1465128.tif","SHRT_FNAME":"MDT_1465128.tif","UPPER_LEFT_X":"444958.524","UPPER_LEFT_Y":"9182878.070","LOWER_RIGHT_X":"445960.524","LOWER_RIGHT_Y":"9181876.070"},"geometry":{"type":"Polygon","coordinates":[[[-63.498755528686004,-7.392069060537389],[-63.48967618503832,-7.392079119243923],[-63.48968617500234,-7.401142685750362],[-63.498765703860663,-7.401132614577924],[-63.498755528686004,-7.392069060537389]]]}},
{"type":"Feature","properties":{"DESCRIPTION":"MDT_1465129.tif","FILENAME":"U:\\P589_AmazoniaRevelada_BR-319\\LiDAR_dataset\\ENTREGAS\\ENTREGA_02\\2_MDT\\GEOTIFF\\MDT_1465129.tif","SHRT_FNAME":"MDT_1465129.tif","UPPER_LEFT_X":"445958.619","UPPER_LEFT_Y":"9182878.070","LOWER_RIGHT_X":"446960.619","LOWER_RIGHT_Y":"9181876.070"},"geometry":{"type":"Polygon","coordinates":[[[-63.489693444861182,-7.392079100297636],[-63.480614088656921,-7.392088974582284],[-63.480623893761134,-7.401152553302595],[-63.489703435177297,-7.401142666780599],[-63.489693444861182,-7.392079100297636]]]}},
{"type":"Feature","properties":{"DESCRIPTION":"MDT_1465130.tif","FILENAME":"U:\\P589_AmazoniaRevelada_BR-319\\LiDAR_dataset\\ENTREGAS\\ENTREGA_02\\2_MDT\\GEOTIFF\\MDT_1465130.tif","SHRT_FNAME":"MDT_1465130.tif","UPPER_LEFT_X":"446958.714","UPPER_LEFT_Y":"9182878.070","LOWER_RIGHT_X":"447960.714","LOWER_RIGHT_Y":"9181876.070"},"geometry":{"type":"Polygon","coordinates":[[[-63.480631348503437,-7.392088955986584],[-63.471551979974947,-7.392098645848116],[-63.471561600218131,-7.401162236554172],[-63.480641153959745,-7.401152534683851],[-63.480631348503437,-7.392088955986584]]]}},
{"type":"Feature","properties":{"DESCRIPTION":"MDT_1465131.tif","FILENAME":"U:\\P589_AmazoniaRevelada_BR-319\\LiDAR_dataset\\ENTREGAS\\ENTREGA_02\\2_MDT\\GEOTIFF\\MDT_1465131.tif","SHRT_FNAME":"MDT_1465131.tif","UPPER_LEFT_X":"447958.810","UPPER_LEFT_Y":"9182878.070","LOWER_RIGHT_X":"448960.810","LOWER_RIGHT_Y":"9181876.070"},"geometry":{"type":"Polygon","coordinates":[[[-63.471569239844676,-7.392098627603006],[-63.462489859224306,-7.392108133040216],[-63.462499294605244,-7.401171735503895],[-63.471578860439948,-7.40116221828645],[-63.471569239844676,-7.392098627603006]]]}},
{"type":"Feature","properties":{"DESCRIPTION":"MDT_1465132.tif","FILENAME":"U:\\P589_AmazoniaRevelada_BR-319\\LiDAR_dataset\\ENTREGAS\\ENTREGA_02\\2_MDT\\GEOTIFF\\MDT_1465132.tif","SHRT_FNAME":"MDT_1465132.tif","UPPER_LEFT_X":"448958.905","UPPER_LEFT_Y":"9182878.070","LOWER_RIGHT_X":"449960.905","LOWER_RIGHT_Y":"9181876.070"},"geometry":{"type":"Polygon","coordinates":[[[-63.462507119116793,-7.3921081151457],[-63.45342772663691,-7.392117436157403],[-63.453436977154418,-7.401181050150577],[-63.462516554849834,-7.401171717587199],[-63.462507119116793,-7.3921081151457]]]}},
{"type":"Feature","properties":{"DESCRIPTION":"MDT_1465133.tif","FILENAME":"U:\\P589_AmazoniaRevelada_BR-319\\LiDAR_dataset\\ENTREGAS\\ENTREGA_02\\2_MDT\\GEOTIFF\\MDT_1465133.tif","SHRT_FNAME":"MDT_1465133.tif","UPPER_LEFT_X":"449959.000","UPPER_LEFT_Y":"9182878.070","LOWER_RIGHT_X":"450961.000","LOWER_RIGHT_Y":"9181876.070"},"geometry":{"type":"Polygon","coordinates":[[[-63.45344498655173,-7.39211741861348],[-63.444365582444668,-7.392126555198526],[-63.444374648097586,-7.401190180493065],[-63.45345423742134,-7.401181032584911],[-63.45344498655173,-7.39211741861348]]]}},
{"type":"Feature","properties":{"DESCRIPTION":"MDT_1465134.tif","FILENAME":"U:\\P589_AmazoniaRevelada_BR-319\\LiDAR_dataset\\ENTREGAS\\ENTREGA_02\\2_MDT\\GEOTIFF\\MDT_1465134.tif","SHRT_FNAME":"MDT_1465134.tif","UPPER_LEFT_X":"450959.095","UPPER_LEFT_Y":"9182878.070","LOWER_RIGHT_X":"451961.095","LOWER_RIGHT_Y":"9181876.070"},"geometry":{"type":"Polygon","coordinates":[[[-63.444382842381366,-7.392126538005197],[-63.435303426879493,-7.392135490162444],[-63.435312307666678,-7.401199126530219],[-63.444391908386386,-7.40119016327843],[-63.444382842381366,-7.392126538005197]]]}},
{"type":"Feature","properties":{"DESCRIPTION":"MDT_1465135.tif","FILENAME":"U:\\P589_AmazoniaRevelada_BR-319\\LiDAR_dataset\\ENTREGAS\\ENTREGA_02\\2_MDT\\GEOTIFF\\MDT_1465135.tif","SHRT_FNAME":"MDT_1465135.tif","UPPER_LEFT_X":"451959.190","UPPER_LEFT_Y":"9182878.070","LOWER_RIGHT_X":"452961.190","LOWER_RIGHT_Y":"9181876.070"},"geometry":{"type":"Polygon","coordinates":[[[-63.435320686837635,-7.392135473319711],[-63.426241260173299,-7.392144241048045],[-63.426249956093628,-7.401207888260931],[-63.435329567976915,-7.401199109666615],[-63.435320686837635,-7.392135473319711]]]}},
{"type":"Feature","properties":{"DESCRIPTION":"MDT_1465136.tif","FILENAME":"U:\\P589_AmazoniaRevelada_BR-319\\LiDAR_dataset\\ENTREGAS\\ENTREGA_02\\2_MDT\\GEOTIFF\\MDT_1465136.tif","SHRT_FNAME":"MDT_1465136.tif","UPPER_LEFT_X":"452959.286","UPPER_LEFT_Y":"9182878.070","LOWER_RIGHT_X":"453961.286","LOWER_RIGHT_Y":"9181876.070"},"geometry":{"type":"Polygon","coordinates":[[[-63.426258520152437,-7.392144224555914],[-63.417179082558,-7.392152807854244],[-63.4171875936104,-7.401216465684105],[-63.426267216424876,-7.401207871748359],[-63.426258520152437,-7.392144224555914]]]}},
{"type":"Feature","properties":{"DESCRIPTION":"MDT_1465137.tif","FILENAME":"U:\\P589_AmazoniaRevelada_BR-319\\LiDAR_dataset\\ENTREGAS\\ENTREGA_02\\2_MDT\\GEOTIFF\\MDT_1465137.tif","SHRT_FNAME":"MDT_1465137.tif","UPPER_LEFT_X":"453959.381","UPPER_LEFT_Y":"9182878.070","LOWER_RIGHT_X":"454961.381","LOWER_RIGHT_Y":"9181876.070"},"geometry":{"type":"Polygon","coordinates":[[[-63.417196342557688,-7.39215279171272],[-63.408116894265525,-7.392161190579976],[-63.408125220448902,-7.401224858798678],[-63.417204853962204,-7.401216449522572],[-63.417196342557688,-7.39215279171272]]]}},
{"type":"Feature","properties":{"DESCRIPTION":"MDT_1465138.tif","FILENAME":"U:\\P589_AmazoniaRevelada_BR-319\\LiDAR_dataset\\ENTREGAS\\ENTREGA_02\\2_MDT\\GEOTIFF\\MDT_1465138.tif","SHRT_FNAME":"MDT_1465138.tif","UPPER_LEFT_X":"454959.476","UPPER_LEFT_Y":"9182878.070","LOWER_RIGHT_X":"455961.476","LOWER_RIGHT_Y":"9181876.070"},"geometry":{"type":"Polygon","coordinates":[[[-63.408134154285335,-7.392161174789052],[-63.399054695527767,-7.392169389224199],[-63.399062836841104,-7.401233067603606],[-63.408142480820828,-7.401224842988185],[-63.408134154285335,-7.392161174789052]]]}},
{"type":"Feature","properties":{"DESCRIPTION":"MDT_1465139.tif","FILENAME":"U:\\P589_AmazoniaRevelada_BR-319\\LiDAR_dataset\\ENTREGAS\\ENTREGA_02\\2_MDT\\GEOTIFF\\MDT_1465139.tif","SHRT_FNAME":"MDT_1465139.tif","UPPER_LEFT_X":"455959.571","UPPER_LEFT_Y":"9182878.070","LOWER_RIGHT_X":"456961.571","LOWER_RIGHT_Y":"9181876.070"},"geometry":{"type":"Polygon","coordinates":[[[-63.399071955567265,-7.392169373783878],[-63.389992486576681,-7.392177403785887],[-63.390000443018941,-7.401241092097865],[-63.399080097232698,-7.401233052144151],[-63.399071955567265,-7.392169373783878]]]}},
{"type":"Feature","properties":{"DESCRIPTION":"MDT_1465140.tif","FILENAME":"U:\\P589_AmazoniaRevelada_BR-319\\LiDAR_dataset\\ENTREGAS\\ENTREGA_02\\2_MDT\\GEOTIFF\\MDT_1465140.tif","SHRT_FNAME":"MDT_1465140.tif","UPPER_LEFT_X":"456959.666","UPPER_LEFT_Y":"9182878.070","LOWER_RIGHT_X":"457961.666","LOWER_RIGHT_Y":"9181876.070"},"geometry":{"type":"Polygon","coordinates":[[[-63.3900097466354,-7.392177388696176],[-63.38093026764416,-7.392185234264049],[-63.380938039214342,-7.40124893228046],[-63.390017703429763,-7.401241076989453],[-63.3900097466354,-7.392177388696176]]]}},
{"type":"Feature","properties":{"DESCRIPTION":"MDT_1465141.tif","FILENAME":"U:\\P589_AmazoniaRevelada_BR-319\\LiDAR_dataset\\ENTREGAS\\ENTREGA_02\\2_MDT\\GEOTIFF\\MDT_1465141.tif","SHRT_FNAME":"MDT_1465141.tif","UPPER_LEFT_X":"457959.762","UPPER_LEFT_Y":"9182878.070","LOWER_RIGHT_X":"458961.762","LOWER_RIGHT_Y":"9181876.070"},"geometry":{"type":"Polygon","coordinates":[[[-63.380947527721673,-7.392185219524946],[-63.371868038962148,-7.392192880657708],[-63.371875625659264,-7.401256588150418],[-63.380955299643965,-7.401248917523096],[-63.380947527721673,-7.392185219524946]]]}},
{"type":"Feature","properties":{"DESCRIPTION":"MDT_1465142.tif","FILENAME":"U:\\P589_AmazoniaRevelada_BR-319\\LiDAR_dataset\\ENTREGAS\\ENTREGA_02\\2_MDT\\GEOTIFF\\MDT_1465142.tif","SHRT_FNAME":"MDT_1465142.tif","UPPER_LEFT_X":"458959.857","UPPER_LEFT_Y":"9182878.070","LOWER_RIGHT_X":"459961.857","LOWER_RIGHT_Y":"9181876.070"},"geometry":{"type":"Polygon","coordinates":[[[-63.371885299058,-7.392192866269219],[-63.362805800762551,-7.392200342965916],[-63.362813202585663,-7.401264059706778],[-63.371892886107247,-7.401256573744096],[-63.371885299058,-7.392192866269219]]]}},
{"type":"Feature","properties":{"DESCRIPTION":"MDT_1465143.tif","FILENAME":"U:\\P589_AmazoniaRevelada_BR-319\\LiDAR_dataset\\ENTREGAS\\ENTREGA_02\\2_MDT\\GEOTIFF\\MDT_1465143.tif","SHRT_FNAME":"MDT_1465143.tif","UPPER_LEFT_X":"459959.952","UPPER_LEFT_Y":"9182878.070","LOWER_RIGHT_X":"460961.952","LOWER_RIGHT_Y":"9181876.070"},"geometry":{"type":"Polygon","coordinates":[[[-63.362823060876323,-7.392200328928038],[-63.353743553277319,-7.392207621187739],[-63.353750770225481,-7.401271346948619],[-63.362830463051544,-7.401264045651505],[-63.362823060876323,-7.392200328928038]]]}},
{"type":"Feature","properties":{"DESCRIPTION":"MDT_1465144.tif","FILENAME":"U:\\P589_AmazoniaRevelada_BR-319\\LiDAR_dataset\\ENTREGAS\\ENTREGA_02\\2_MDT\\GEOTIFF\\MDT_1465144.tif","SHRT_FNAME":"MDT_1465144.tif","UPPER_LEFT_X":"460960.047","UPPER_LEFT_Y":"9182878.070","LOWER_RIGHT_X":"461962.047","LOWER_RIGHT_Y":"9181876.070"},"geometry":{"type":"Polygon","coordinates":[[[-63.353760813408535,-7.39220760750048],[-63.344681296738337,-7.392214715322278],[-63.344688328810669,-7.401278449875031],[-63.353768030708835,-7.401271333244394],[-63.353760813408535,-7.39220760750048]]]}},
{"type":"Feature","properties":{"DESCRIPTION":"MDT_1465145.tif","FILENAME":"U:\\P589_AmazoniaRevelada_BR-319\\LiDAR_dataset\\ENTREGAS\\ENTREGA_02\\2_MDT\\GEOTIFF\\MDT_1465145.tif","SHRT_FNAME":"MDT_1465145.tif","UPPER_LEFT_X":"461960.142","UPPER_LEFT_Y":"9182878.070","LOWER_RIGHT_X":"462962.142","LOWER_RIGHT_Y":"9181876.070"},"geometry":{"type":"Polygon","coordinates":[[[-63.344698556886591,-7.392214701985635],[-63.335619031377583,-7.392221625368651],[-63.335625878573175,-7.401285368485129],[-63.34470558931104,-7.401278436521857],[-63.344698556886591,-7.392214701985635]]]}},
{"type":"Feature","properties":{"DESCRIPTION":"MDT_1465146.tif","FILENAME":"U:\\P589_AmazoniaRevelada_BR-319\\LiDAR_dataset\\ENTREGAS\\ENTREGA_02\\2_MDT\\GEOTIFF\\MDT_1465146.tif","SHRT_FNAME":"MDT_1465146.tif","UPPER_LEFT_X":"462960.238","UPPER_LEFT_Y":"9182878.070","LOWER_RIGHT_X":"463962.238","LOWER_RIGHT_Y":"9181876.070"},"geometry":{"type":"Polygon","coordinates":[[[-63.335636291542414,-7.392221612382625],[-63.326556757426935,-7.392228351325991],[-63.32656341974495,-7.401292102778058],[-63.335643139090138,-7.401285355483011],[-63.335636291542414,-7.392221612382625]]]}},
{"type":"Feature","properties":{"DESCRIPTION":"MDT_1465147.tif","FILENAME":"U:\\P589_AmazoniaRevelada_BR-319\\LiDAR_dataset\\ENTREGAS\\ENTREGA_02\\2_MDT\\GEOTIFF\\MDT_1465147.tif","SHRT_FNAME":"MDT_1465147.tif","UPPER_LEFT_X":"463960.333","UPPER_LEFT_Y":"9182878.070","LOWER_RIGHT_X":"464962.333","LOWER_RIGHT_Y":"9181876.070"},"geometry":{"type":"Polygon","coordinates":[[[-63.326574017607918,-7.392228338690587],[-63.317494475118366,-7.392234893193469],[-63.31750095255795,-7.401298652752975],[-63.326580680278049,-7.401292090126993],[-63.326574017607918,-7.392228338690587]]]}}
]
}
