{
"type": "FeatureCollection",
"name": "ENTREGA_12_LIMITE_FICHEIROS",
"crs": { "type": "name", "properties": { "name": "urn:ogc:def:crs:OGC:1.3:CRS84" } },
"features": [
{"type":"Feature","properties":{"DESCRIPTION":"MDT_1391117.tif","FILENAME":"U:\\P589_AmazoniaRevelada_BR-319\\LiDAR_dataset\\ENTREGAS\\ENTREGA_12\\2_MDT\\GEOTIFF\\MDT_1391117.tif","SHRT_FNAME":"MDT_1391117.tif","UPPER_LEFT_X":"433957.477","UPPER_LEFT_Y":"9256868.832","LOWER_RIGHT_X":"434959.477","LOWER_RIGHT_Y":"9255866.832"},"geometry":{"type":"Polygon","coordinates":[[[-63.597578422324396,-6.722667069959781],[-63.588512264607601,-6.722678052622685],[-63.588523173840073,-6.731741730529179],[-63.597589499591741,-6.731730732927545],[-63.597578422324396,-6.722667069959781]]]}},
{"type":"Feature","properties":{"DESCRIPTION":"MDT_1391118.tif","FILENAME":"U:\\P589_AmazoniaRevelada_BR-319\\LiDAR_dataset\\ENTREGAS\\ENTREGA_12\\2_MDT\\GEOTIFF\\MDT_1391118.tif","SHRT_FNAME":"MDT_1391118.tif","UPPER_LEFT_X":"434957.096","UPPER_LEFT_Y":"9256868.832","LOWER_RIGHT_X":"435960.096","LOWER_RIGHT_Y":"9255866.832"},"geometry":{"type":"Polygon","coordinates":[[[-63.58853380806017,-6.72267802672414],[-63.579458587260525,-6.722688852621721],[-63.579469328688347,-6.731752545218481],[-63.588544717691946,-6.731741704595407],[-63.58853380806017,-6.72267802672414]]]}},
{"type":"Feature","properties":{"DESCRIPTION":"MDT_1391119.tif","FILENAME":"U:\\P589_AmazoniaRevelada_BR-319\\LiDAR_dataset\\ENTREGAS\\ENTREGA_12\\2_MDT\\GEOTIFF\\MDT_1391119.tif","SHRT_FNAME":"MDT_1391119.tif","UPPER_LEFT_X":"435957.596","UPPER_LEFT_Y":"9256868.832","LOWER_RIGHT_X":"436960.096","LOWER_RIGHT_Y":"9255866.832"},"geometry":{"type":"Polygon","coordinates":[[[-63.579481207470479,-6.722688825847039],[-63.570410495924193,-6.722699478682104],[-63.570421069649825,-6.731763185732543],[-63.57949194931755,-6.731752518407381],[-63.579481207470479,-6.722688825847039]]]}},
{"type":"Feature","properties":{"DESCRIPTION":"MDT_1391120.tif","FILENAME":"U:\\P589_AmazoniaRevelada_BR-319\\LiDAR_dataset\\ENTREGAS\\ENTREGA_12\\2_MDT\\GEOTIFF\\MDT_1391120.tif","SHRT_FNAME":"MDT_1391120.tif","UPPER_LEFT_X":"436957.596","UPPER_LEFT_Y":"9256868.832","LOWER_RIGHT_X":"437960.096","LOWER_RIGHT_Y":"9255866.832"},"geometry":{"type":"Polygon","coordinates":[[[-63.570433116170733,-6.72269945232544],[-63.561362390074031,-6.722709937535334],[-63.561372796096137,-6.731773658812011],[-63.570443690315614,-6.731763159340026],[-63.570433116170733,-6.72269945232544]]]}},
{"type":"Feature","properties":{"DESCRIPTION":"MDT_1391121.tif","FILENAME":"U:\\P589_AmazoniaRevelada_BR-319\\LiDAR_dataset\\ENTREGAS\\ENTREGA_12\\2_MDT\\GEOTIFF\\MDT_1391121.tif","SHRT_FNAME":"MDT_1391121.tif","UPPER_LEFT_X":"437957.596","UPPER_LEFT_Y":"9256868.832","LOWER_RIGHT_X":"438960.096","LOWER_RIGHT_Y":"9255866.832"},"geometry":{"type":"Polygon","coordinates":[[[-63.56138501035656,-6.722709911596689],[-63.552314269940211,-6.722720229180108],[-63.552324508257506,-6.731783964455588],[-63.561395416797936,-6.731773632838084],[-63.56138501035656,-6.722709911596689]]]}},
{"type":"Feature","properties":{"DESCRIPTION":"MDT_1391122.tif","FILENAME":"U:\\P589_AmazoniaRevelada_BR-319\\LiDAR_dataset\\ENTREGAS\\ENTREGA_12\\2_MDT\\GEOTIFF\\MDT_1391122.tif","SHRT_FNAME":"MDT_1391122.tif","UPPER_LEFT_X":"438957.596","UPPER_LEFT_Y":"9256868.832","LOWER_RIGHT_X":"439960.096","LOWER_RIGHT_Y":"9255866.832"},"geometry":{"type":"Polygon","coordinates":[[[-63.552336890258161,-6.722720203659486],[-63.543266135752951,-6.722730353615152],[-63.543276206364141,-6.731794102661993],[-63.552347128994718,-6.731783938900252],[-63.552336890258161,-6.722720203659486]]]}},
{"type":"Feature","properties":{"DESCRIPTION":"MDT_1391123.tif","FILENAME":"U:\\P589_AmazoniaRevelada_BR-319\\LiDAR_dataset\\ENTREGAS\\ENTREGA_12\\2_MDT\\GEOTIFF\\MDT_1391123.tif","SHRT_FNAME":"MDT_1391123.tif","UPPER_LEFT_X":"439957.596","UPPER_LEFT_Y":"9256868.832","LOWER_RIGHT_X":"440960.596","LOWER_RIGHT_Y":"9255866.832"},"geometry":{"type":"Polygon","coordinates":[[[-63.543288756105746,-6.722730328512554],[-63.534213463664997,-6.722740315775995],[-63.534223366484987,-6.731804078373471],[-63.543298827136212,-6.731794077525251],[-63.543288756105746,-6.722730328512554]]]}},
{"type":"Feature","properties":{"DESCRIPTION":"MDT_1391124.tif","FILENAME":"U:\\P589_AmazoniaRevelada_BR-319\\LiDAR_dataset\\ENTREGAS\\ENTREGA_12\\2_MDT\\GEOTIFF\\MDT_1391124.tif","SHRT_FNAME":"MDT_1391124.tif","UPPER_LEFT_X":"440958.096","UPPER_LEFT_Y":"9256868.832","LOWER_RIGHT_X":"441960.596","LOWER_RIGHT_Y":"9255866.832"},"geometry":{"type":"Polygon","coordinates":[[[-63.534236084052083,-6.722740291091635],[-63.525165302054681,-6.722750105704216],[-63.525175037166065,-6.731813881618057],[-63.534245987291342,-6.731804053655535],[-63.534236084052083,-6.722740291091635]]]}},
{"type":"Feature","properties":{"DESCRIPTION":"MDT_1391125.tif","FILENAME":"U:\\P589_AmazoniaRevelada_BR-319\\LiDAR_dataset\\ENTREGAS\\ENTREGA_12\\2_MDT\\GEOTIFF\\MDT_1391125.tif","SHRT_FNAME":"MDT_1391125.tif","UPPER_LEFT_X":"441958.096","UPPER_LEFT_Y":"9256868.832","LOWER_RIGHT_X":"442960.596","LOWER_RIGHT_Y":"9255866.832"},"geometry":{"type":"Polygon","coordinates":[[[-63.525187922475467,-6.722750081437891],[-63.516117127081628,-6.722759728418999],[-63.516126694483191,-6.731823517421756],[-63.525197658006121,-6.731813857318722],[-63.525187922475467,-6.722750081437891]]]}},
{"type":"Feature","properties":{"DESCRIPTION":"MDT_1391126.tif","FILENAME":"U:\\P589_AmazoniaRevelada_BR-319\\LiDAR_dataset\\ENTREGAS\\ENTREGA_12\\2_MDT\\GEOTIFF\\MDT_1391126.tif","SHRT_FNAME":"MDT_1391126.tif","UPPER_LEFT_X":"442958.096","UPPER_LEFT_Y":"9256868.832","LOWER_RIGHT_X":"443960.596","LOWER_RIGHT_Y":"9255866.832"},"geometry":{"type":"Polygon","coordinates":[[[-63.516139747535533,-6.722759704570706],[-63.507068938976026,-6.722769183919145],[-63.507078338666574,-6.731832985783374],[-63.516149315356365,-6.731823493541025],[-63.516139747535533,-6.722759704570706]]]}},
{"type":"Feature","properties":{"DESCRIPTION":"MDT_1391127.tif","FILENAME":"U:\\P589_AmazoniaRevelada_BR-319\\LiDAR_dataset\\ENTREGAS\\ENTREGA_12\\2_MDT\\GEOTIFF\\MDT_1391127.tif","SHRT_FNAME":"MDT_1391127.tif","UPPER_LEFT_X":"443958.096","UPPER_LEFT_Y":"9256868.832","LOWER_RIGHT_X":"444960.596","LOWER_RIGHT_Y":"9255866.832"},"geometry":{"type":"Polygon","coordinates":[[[-63.507091559462474,-6.722769160488892],[-63.498020737968112,-6.722778472203482],[-63.498029969946458,-6.731842286701735],[-63.507100959572305,-6.73183296232125],[-63.507091559462474,-6.722769160488892]]]}},
{"type":"Feature","properties":{"DESCRIPTION":"MDT_1391128.tif","FILENAME":"U:\\P589_AmazoniaRevelada_BR-319\\LiDAR_dataset\\ENTREGAS\\ENTREGA_12\\2_MDT\\GEOTIFF\\MDT_1391128.tif","SHRT_FNAME":"MDT_1391128.tif","UPPER_LEFT_X":"444958.096","UPPER_LEFT_Y":"9256868.832","LOWER_RIGHT_X":"445961.096","LOWER_RIGHT_Y":"9255866.832"},"geometry":{"type":"Polygon","coordinates":[[[-63.498043358486534,-6.722778449191268],[-63.488968000178083,-6.722787597789564],[-63.488977064359233,-6.731851424700537],[-63.498052590884164,-6.73184226365822],[-63.498043358486534,-6.722778449191268]]]}},
{"type":"Feature","properties":{"DESCRIPTION":"MDT_1391129.tif","FILENAME":"U:\\P589_AmazoniaRevelada_BR-319\\LiDAR_dataset\\ENTREGAS\\ENTREGA_12\\2_MDT\\GEOTIFF\\MDT_1391129.tif","SHRT_FNAME":"MDT_1391129.tif","UPPER_LEFT_X":"445958.596","UPPER_LEFT_Y":"9256868.832","LOWER_RIGHT_X":"446961.096","LOWER_RIGHT_Y":"9255866.832"},"geometry":{"type":"Polygon","coordinates":[[[-63.488990620727911,-6.722787575195603],[-63.479919774049961,-6.722796551555234],[-63.479928670516628,-6.731860390645214],[-63.488999685328345,-6.731851402075844],[-63.488990620727911,-6.722787575195603]]]}},
{"type":"Feature","properties":{"DESCRIPTION":"MDT_1391130.tif","FILENAME":"U:\\P589_AmazoniaRevelada_BR-319\\LiDAR_dataset\\ENTREGAS\\ENTREGA_12\\2_MDT\\GEOTIFF\\MDT_1391130.tif","SHRT_FNAME":"MDT_1391130.tif","UPPER_LEFT_X":"446958.596","UPPER_LEFT_Y":"9256868.832","LOWER_RIGHT_X":"447961.096","LOWER_RIGHT_Y":"9255866.832"},"geometry":{"type":"Polygon","coordinates":[[[-63.479942394630598,-6.722796529379321],[-63.470871535710245,-6.722805338101696],[-63.470880264461307,-6.731869189143233],[-63.479951291516556,-6.731860368439139],[-63.479942394630598,-6.722796529379321]]]}},
{"type":"Feature","properties":{"DESCRIPTION":"MDT_1391131.tif","FILENAME":"U:\\P589_AmazoniaRevelada_BR-319\\LiDAR_dataset\\ENTREGAS\\ENTREGA_12\\2_MDT\\GEOTIFF\\MDT_1391131.tif","SHRT_FNAME":"MDT_1391131.tif","UPPER_LEFT_X":"447958.596","UPPER_LEFT_Y":"9256868.832","LOWER_RIGHT_X":"448961.096","LOWER_RIGHT_Y":"9255866.832"},"geometry":{"type":"Polygon","coordinates":[[[-63.47089415632113,-6.722805316343832],[-63.461823285389137,-6.722813957427862],[-63.461831846423522,-6.7318778201935],[-63.470902885491483,-6.731869167355774],[-63.47089415632113,-6.722805316343832]]]}},
{"type":"Feature","properties":{"DESCRIPTION":"MDT_1391132.tif","FILENAME":"U:\\P589_AmazoniaRevelada_BR-319\\LiDAR_dataset\\ENTREGAS\\ENTREGA_12\\2_MDT\\GEOTIFF\\MDT_1391132.tif","SHRT_FNAME":"MDT_1391132.tif","UPPER_LEFT_X":"448958.596","UPPER_LEFT_Y":"9256868.832","LOWER_RIGHT_X":"449961.096","LOWER_RIGHT_Y":"9255866.832"},"geometry":{"type":"Polygon","coordinates":[[[-63.461845906029694,-6.72281393608805],[-63.452775023316882,-6.722822409532658],[-63.452783416633487,-6.731886283794941],[-63.461854467483356,-6.731877798824661],[-63.461845906029694,-6.72281393608805]]]}},
{"type":"Feature","properties":{"DESCRIPTION":"MDT_1391133.tif","FILENAME":"U:\\P589_AmazoniaRevelada_BR-319\\LiDAR_dataset\\ENTREGAS\\ENTREGA_12\\2_MDT\\GEOTIFF\\MDT_1391133.tif","SHRT_FNAME":"MDT_1391133.tif","UPPER_LEFT_X":"449958.596","UPPER_LEFT_Y":"9256868.832","LOWER_RIGHT_X":"450961.096","LOWER_RIGHT_Y":"9255866.832"},"geometry":{"type":"Polygon","coordinates":[[[-63.452797643986528,-6.722822388610903],[-63.443726749723652,-6.722830694415038],[-63.443734975321462,-6.731894579946508],[-63.452806037722418,-6.731886262844727],[-63.452797643986528,-6.722822388610903]]]}},
{"type":"Feature","properties":{"DESCRIPTION":"MDT_1391134.tif","FILENAME":"U:\\P589_AmazoniaRevelada_BR-319\\LiDAR_dataset\\ENTREGAS\\ENTREGA_12\\2_MDT\\GEOTIFF\\MDT_1391134.tif","SHRT_FNAME":"MDT_1391134.tif","UPPER_LEFT_X":"450958.596","UPPER_LEFT_Y":"9256868.832","LOWER_RIGHT_X":"451961.596","LOWER_RIGHT_Y":"9255866.832"},"geometry":{"type":"Polygon","coordinates":[[[-63.443749370421813,-6.722830673911339],[-63.434673940694466,-6.722838816090976],[-63.434681998488564,-6.731902712669639],[-63.443757596438907,-6.731894559414919],[-63.443749370421813,-6.722830673911339]]]}},
{"type":"Feature","properties":{"DESCRIPTION":"MDT_1391135.tif","FILENAME":"U:\\P589_AmazoniaRevelada_BR-319\\LiDAR_dataset\\ENTREGAS\\ENTREGA_12\\2_MDT\\GEOTIFF\\MDT_1391135.tif","SHRT_FNAME":"MDT_1391135.tif","UPPER_LEFT_X":"451959.096","UPPER_LEFT_Y":"9256868.832","LOWER_RIGHT_X":"452961.596","LOWER_RIGHT_Y":"9255866.832"},"geometry":{"type":"Polygon","coordinates":[[[-63.434696561420587,-6.722838796005544],[-63.425625644744528,-6.722846766441843],[-63.425633534817756,-6.73191067383466],[-63.434704619633983,-6.731902692556886],[-63.434696561420587,-6.722838796005544]]]}},
{"type":"Feature","properties":{"DESCRIPTION":"MDT_1391136.tif","FILENAME":"U:\\P589_AmazoniaRevelada_BR-319\\LiDAR_dataset\\ENTREGAS\\ENTREGA_12\\2_MDT\\GEOTIFF\\MDT_1391136.tif","SHRT_FNAME":"MDT_1391136.tif","UPPER_LEFT_X":"452959.096","UPPER_LEFT_Y":"9256868.832","LOWER_RIGHT_X":"453961.596","LOWER_RIGHT_Y":"9255866.832"},"geometry":{"type":"Polygon","coordinates":[[[-63.425648265498005,-6.722846746774474],[-63.416577337964391,-6.722854549567269],[-63.416585060315789,-6.73191846754678],[-63.425656155990545,-6.731910654140542],[-63.425648265498005,-6.722846746774474]]]}},
{"type":"Feature","properties":{"DESCRIPTION":"MDT_1391137.tif","FILENAME":"U:\\P589_AmazoniaRevelada_BR-319\\LiDAR_dataset\\ENTREGAS\\ENTREGA_12\\2_MDT\\GEOTIFF\\MDT_1391137.tif","SHRT_FNAME":"MDT_1391137.tif","UPPER_LEFT_X":"453959.096","UPPER_LEFT_Y":"9256868.832","LOWER_RIGHT_X":"454961.596","LOWER_RIGHT_Y":"9255866.832"},"geometry":{"type":"Polygon","coordinates":[[[-63.416599958744648,-6.722854530317966],[-63.407529020584285,-6.722862165466289],[-63.40753657521288,-6.731926093805029],[-63.416607681515359,-6.731918448271294],[-63.416599958744648,-6.722854530317966]]]}},
{"type":"Feature","properties":{"DESCRIPTION":"MDT_1391138.tif","FILENAME":"U:\\P589_AmazoniaRevelada_BR-319\\LiDAR_dataset\\ENTREGAS\\ENTREGA_12\\2_MDT\\GEOTIFF\\MDT_1391138.tif","SHRT_FNAME":"MDT_1391138.tif","UPPER_LEFT_X":"454959.096","UPPER_LEFT_Y":"9256868.832","LOWER_RIGHT_X":"455961.596","LOWER_RIGHT_Y":"9255866.832"},"geometry":{"type":"Polygon","coordinates":[[[-63.407551641390754,-6.722862146635052],[-63.398480692834447,-6.722869614137953],[-63.39848807973928,-6.731933552608461],[-63.407559196438655,-6.731926074948179],[-63.407551641390754,-6.722862146635052]]]}},
{"type":"Feature","properties":{"DESCRIPTION":"MDT_1391139.tif","FILENAME":"U:\\P589_AmazoniaRevelada_BR-319\\LiDAR_dataset\\ENTREGAS\\ENTREGA_12\\2_MDT\\GEOTIFF\\MDT_1391139.tif","SHRT_FNAME":"MDT_1391139.tif","UPPER_LEFT_X":"455959.096","UPPER_LEFT_Y":"9256868.832","LOWER_RIGHT_X":"456962.096","LOWER_RIGHT_Y":"9255866.832"},"geometry":{"type":"Polygon","coordinates":[[[-63.398503313666552,-6.722869595724787],[-63.389427830773627,-6.722876899180235],[-63.389435049869917,-6.731940847559938],[-63.398510700990698,-6.731933534170248],[-63.398503313666552,-6.722869595724787]]]}},
{"type":"Feature","properties":{"DESCRIPTION":"MDT_1391140.tif","FILENAME":"U:\\P589_AmazoniaRevelada_BR-319\\LiDAR_dataset\\ENTREGAS\\ENTREGA_12\\2_MDT\\GEOTIFF\\MDT_1391140.tif","SHRT_FNAME":"MDT_1391140.tif","UPPER_LEFT_X":"456959.596","UPPER_LEFT_Y":"9256868.832","LOWER_RIGHT_X":"457962.096","LOWER_RIGHT_Y":"9255866.832"},"geometry":{"type":"Polygon","coordinates":[[[-63.389450451630815,-6.722876881185349],[-63.380379482970064,-6.722884013310826],[-63.380386534340779,-6.731947971367249],[-63.389457671146431,-6.731940829540576],[-63.389450451630815,-6.722876881185349]]]}},
{"type":"Feature","properties":{"DESCRIPTION":"MDT_1391141.tif","FILENAME":"U:\\P589_AmazoniaRevelada_BR-319\\LiDAR_dataset\\ENTREGAS\\ENTREGA_12\\2_MDT\\GEOTIFF\\MDT_1391141.tif","SHRT_FNAME":"MDT_1391141.tif","UPPER_LEFT_X":"457959.596","UPPER_LEFT_Y":"9256868.832","LOWER_RIGHT_X":"458962.096","LOWER_RIGHT_Y":"9255866.832"},"geometry":{"type":"Polygon","coordinates":[[[-63.380402103851736,-6.722883995734013],[-63.371331125487551,-6.722890960211349],[-63.37133800913179,-6.731954927717027],[-63.380409155641772,-6.731947953766529],[-63.380402103851736,-6.722883995734013]]]}},
{"type":"Feature","properties":{"DESCRIPTION":"MDT_1391142.tif","FILENAME":"U:\\P589_AmazoniaRevelada_BR-319\\LiDAR_dataset\\ENTREGAS\\ENTREGA_12\\2_MDT\\GEOTIFF\\MDT_1391142.tif","SHRT_FNAME":"MDT_1391142.tif","UPPER_LEFT_X":"458959.596","UPPER_LEFT_Y":"9256868.832","LOWER_RIGHT_X":"459962.096","LOWER_RIGHT_Y":"9255866.832"},"geometry":{"type":"Polygon","coordinates":[[[-63.371353746393126,-6.722890943052615],[-63.36228275855629,-6.722897739880948],[-63.362289474473208,-6.731961716608407],[-63.371360630456699,-6.731954910534952],[-63.371353746393126,-6.722890943052615]]]}},
{"type":"Feature","properties":{"DESCRIPTION":"MDT_1391143.tif","FILENAME":"U:\\P589_AmazoniaRevelada_BR-319\\LiDAR_dataset\\ENTREGAS\\ENTREGA_12\\2_MDT\\GEOTIFF\\MDT_1391143.tif","SHRT_FNAME":"MDT_1391143.tif","UPPER_LEFT_X":"459959.596","UPPER_LEFT_Y":"9256868.832","LOWER_RIGHT_X":"460962.096","LOWER_RIGHT_Y":"9255866.832"},"geometry":{"type":"Polygon","coordinates":[[[-63.362305379485221,-6.722897723140291],[-63.353234382406541,-6.722904352318774],[-63.353240930595291,-6.731968338040548],[-63.362312095821459,-6.73196169984498],[-63.362305379485221,-6.722897723140291]]]}},
{"type":"Feature","properties":{"DESCRIPTION":"MDT_1391144.tif","FILENAME":"U:\\P589_AmazoniaRevelada_BR-319\\LiDAR_dataset\\ENTREGAS\\ENTREGA_12\\2_MDT\\GEOTIFF\\MDT_1391144.tif","SHRT_FNAME":"MDT_1391144.tif","UPPER_LEFT_X":"460959.596","UPPER_LEFT_Y":"9256868.832","LOWER_RIGHT_X":"461962.596","LOWER_RIGHT_Y":"9255866.832"},"geometry":{"type":"Polygon","coordinates":[[[-63.353257003358216,-6.722904335996199],[-63.344181473073725,-6.722910800704786],[-63.344187853449633,-6.731974795197725],[-63.353263551966286,-6.731968321695768],[-63.353257003358216,-6.722904335996199]]]}},
{"type":"Feature","properties":{"DESCRIPTION":"MDT_1391145.tif","FILENAME":"U:\\P589_AmazoniaRevelada_BR-319\\LiDAR_dataset\\ENTREGAS\\ENTREGA_12\\2_MDT\\GEOTIFF\\MDT_1391145.tif","SHRT_FNAME":"MDT_1391145.tif","UPPER_LEFT_X":"461960.096","UPPER_LEFT_Y":"9256868.832","LOWER_RIGHT_X":"462962.596","LOWER_RIGHT_Y":"9255866.832"},"geometry":{"type":"Polygon","coordinates":[[[-63.344204094047598,-6.7229107848005],[-63.335133079173339,-6.722917078593014],[-63.335139291819459,-6.73198108162521],[-63.344210474842832,-6.731974779271806],[-63.344204094047598,-6.7229107848005]]]}},
{"type":"Feature","properties":{"DESCRIPTION":"MDT_1391146.tif","FILENAME":"U:\\P589_AmazoniaRevelada_BR-319\\LiDAR_dataset\\ENTREGAS\\ENTREGA_12\\2_MDT\\GEOTIFF\\MDT_1391146.tif","SHRT_FNAME":"MDT_1391146.tif","UPPER_LEFT_X":"462960.096","UPPER_LEFT_Y":"9256868.832","LOWER_RIGHT_X":"463962.596","LOWER_RIGHT_Y":"9255866.832"},"geometry":{"type":"Polygon","coordinates":[[[-63.335155700168826,-6.722917063106813],[-63.326084676745246,-6.722923189247073],[-63.326090721660798,-6.731987200591051],[-63.335161913234259,-6.731981066117945],[-63.335155700168826,-6.722917063106813]]]}},
{"type":"Feature","properties":{"DESCRIPTION":"MDT_1391147.tif","FILENAME":"U:\\P589_AmazoniaRevelada_BR-319\\LiDAR_dataset\\ENTREGAS\\ENTREGA_12\\2_MDT\\GEOTIFF\\MDT_1391147.tif","SHRT_FNAME":"MDT_1391147.tif","UPPER_LEFT_X":"463960.096","UPPER_LEFT_Y":"9256868.832","LOWER_RIGHT_X":"464430.096","LOWER_RIGHT_Y":"9255866.832"},"geometry":{"type":"Polygon","coordinates":[[[-63.326107297761766,-6.722923174178958],[-63.321854545749844,-6.722925988611605],[-63.321860512251085,-6.731990003763309],[-63.326113343096644,-6.731987185502439],[-63.326107297761766,-6.722923174178958]]]}},
{"type":"Feature","properties":{"DESCRIPTION":"MDT_1392117.tif","FILENAME":"U:\\P589_AmazoniaRevelada_BR-319\\LiDAR_dataset\\ENTREGAS\\ENTREGA_12\\2_MDT\\GEOTIFF\\MDT_1392117.tif","SHRT_FNAME":"MDT_1392117.tif","UPPER_LEFT_X":"433957.477","UPPER_LEFT_Y":"9255868.957","LOWER_RIGHT_X":"434959.477","LOWER_RIGHT_Y":"9254866.957"},"geometry":{"type":"Polygon","coordinates":[[[-63.597589476083371,-6.731711511090985],[-63.588523150688317,-6.731722508660937],[-63.588534074924603,-6.740786183204539],[-63.597600568585626,-6.74077517069533],[-63.597589476083371,-6.731711511090985]]]}},
{"type":"Feature","properties":{"DESCRIPTION":"MDT_1392118.tif","FILENAME":"U:\\P589_AmazoniaRevelada_BR-319\\LiDAR_dataset\\ENTREGAS\\ENTREGA_12\\2_MDT\\GEOTIFF\\MDT_1392118.tif","SHRT_FNAME":"MDT_1392118.tif","UPPER_LEFT_X":"434957.096","UPPER_LEFT_Y":"9255869.332","LOWER_RIGHT_X":"435960.096","LOWER_RIGHT_Y":"9254866.832"},"geometry":{"type":"Polygon","coordinates":[[[-63.588544690453581,-6.731719090632854],[-63.579469301869942,-6.731729931219189],[-63.5794800634363,-6.74079814325302],[-63.588555620539246,-6.740787287933321],[-63.588544690453581,-6.731719090632854]]]}},
{"type":"Feature","properties":{"DESCRIPTION":"MDT_1392119.tif","FILENAME":"U:\\P589_AmazoniaRevelada_BR-319\\LiDAR_dataset\\ENTREGAS\\ENTREGA_12\\2_MDT\\GEOTIFF\\MDT_1392119.tif","SHRT_FNAME":"MDT_1392119.tif","UPPER_LEFT_X":"435957.596","UPPER_LEFT_Y":"9255869.332","LOWER_RIGHT_X":"436960.096","LOWER_RIGHT_Y":"9254866.832"},"geometry":{"type":"Polygon","coordinates":[[[-63.579491922498114,-6.731729904408177],[-63.570421043250136,-6.731740571697186],[-63.570431636799881,-6.740808798192421],[-63.579502684484503,-6.740798116405573],[-63.579491922498114,-6.731729904408177]]]}},
{"type":"Feature","properties":{"DESCRIPTION":"MDT_1392120.tif","FILENAME":"U:\\P589_AmazoniaRevelada_BR-319\\LiDAR_dataset\\ENTREGAS\\ENTREGA_12\\2_MDT\\GEOTIFF\\MDT_1392120.tif","SHRT_FNAME":"MDT_1392120.tif","UPPER_LEFT_X":"436957.596","UPPER_LEFT_Y":"9255869.332","LOWER_RIGHT_X":"437960.096","LOWER_RIGHT_Y":"9254866.832"},"geometry":{"type":"Polygon","coordinates":[[[-63.570443663914887,-6.73174054530476],[-63.56137277011517,-6.731751044741159],[-63.561383195646989,-6.740819285470236],[-63.57045425788467,-6.740808771764124],[-63.570443663914887,-6.73174054530476]]]}},
{"type":"Feature","properties":{"DESCRIPTION":"MDT_1392121.tif","FILENAME":"U:\\P589_AmazoniaRevelada_BR-319\\LiDAR_dataset\\ENTREGAS\\ENTREGA_12\\2_MDT\\GEOTIFF\\MDT_1392121.tif","SHRT_FNAME":"MDT_1392121.tif","UPPER_LEFT_X":"437957.596","UPPER_LEFT_Y":"9255869.332","LOWER_RIGHT_X":"438960.096","LOWER_RIGHT_Y":"9254866.832"},"geometry":{"type":"Polygon","coordinates":[[[-63.56139539081591,-6.731751018767321],[-63.552324482695248,-6.731761350349807],[-63.552334740207826,-6.740829605085168],[-63.561405816767774,-6.740819259461097],[-63.56139539081591,-6.731751018767321]]]}},
{"type":"Feature","properties":{"DESCRIPTION":"MDT_1392122.tif","FILENAME":"U:\\P589_AmazoniaRevelada_BR-319\\LiDAR_dataset\\ENTREGAS\\ENTREGA_12\\2_MDT\\GEOTIFF\\MDT_1392122.tif","SHRT_FNAME":"MDT_1392122.tif","UPPER_LEFT_X":"438957.596","UPPER_LEFT_Y":"9255869.332","LOWER_RIGHT_X":"439960.096","LOWER_RIGHT_Y":"9254866.832"},"geometry":{"type":"Polygon","coordinates":[[[-63.552347103431416,-6.731761324794557],[-63.543276181220598,-6.731771488521852],[-63.543286270712649,-6.740839757035936],[-63.552357361364045,-6.740829579495188],[-63.552347103431416,-6.731761324794557]]]}},
{"type":"Feature","properties":{"DESCRIPTION":"MDT_1392123.tif","FILENAME":"U:\\P589_AmazoniaRevelada_BR-319\\LiDAR_dataset\\ENTREGAS\\ENTREGA_12\\2_MDT\\GEOTIFF\\MDT_1392123.tif","SHRT_FNAME":"MDT_1392123.tif","UPPER_LEFT_X":"439957.596","UPPER_LEFT_Y":"9255869.332","LOWER_RIGHT_X":"440960.596","LOWER_RIGHT_Y":"9254866.832"},"geometry":{"type":"Polygon","coordinates":[[[-63.543298801991611,-6.731771463385194],[-63.534223341760359,-6.73178146419952],[-63.534233263146625,-6.740849746271481],[-63.543308891903735,-6.740839731865115],[-63.543298801991611,-6.731771463385194]]]}},
{"type":"Feature","properties":{"DESCRIPTION":"MDT_1392124.tif","FILENAME":"U:\\P589_AmazoniaRevelada_BR-319\\LiDAR_dataset\\ENTREGAS\\ENTREGA_12\\2_MDT\\GEOTIFF\\MDT_1392124.tif","SHRT_FNAME":"MDT_1392124.tif","UPPER_LEFT_X":"440958.096","UPPER_LEFT_Y":"9255869.332","LOWER_RIGHT_X":"441960.596","LOWER_RIGHT_Y":"9254866.832"},"geometry":{"type":"Polygon","coordinates":[[[-63.53424596256567,-6.731781439481669],[-63.52517501286016,-6.731791267410881],[-63.525184766223404,-6.740859562806322],[-63.534255884371994,-6.740849721520036],[-63.53424596256567,-6.731781439481669]]]}},
{"type":"Feature","properties":{"DESCRIPTION":"MDT_1392125.tif","FILENAME":"U:\\P589_AmazoniaRevelada_BR-319\\LiDAR_dataset\\ENTREGAS\\ENTREGA_12\\2_MDT\\GEOTIFF\\MDT_1392125.tif","SHRT_FNAME":"MDT_1392125.tif","UPPER_LEFT_X":"441958.096","UPPER_LEFT_Y":"9255869.332","LOWER_RIGHT_X":"442960.596","LOWER_RIGHT_Y":"9254866.832"},"geometry":{"type":"Polygon","coordinates":[[[-63.525197633699179,-6.731791243111629],[-63.516126670596016,-6.731800903181923],[-63.516136255935002,-6.740869211673278],[-63.525207387482467,-6.740859538474046],[-63.525197633699179,-6.731791243111629]]]}},
{"type":"Feature","properties":{"DESCRIPTION":"MDT_1392126.tif","FILENAME":"U:\\P589_AmazoniaRevelada_BR-319\\LiDAR_dataset\\ENTREGAS\\ENTREGA_12\\2_MDT\\GEOTIFF\\MDT_1392126.tif","SHRT_FNAME":"MDT_1392126.tif","UPPER_LEFT_X":"442958.096","UPPER_LEFT_Y":"9255869.332","LOWER_RIGHT_X":"443960.596","LOWER_RIGHT_Y":"9254866.832"},"geometry":{"type":"Polygon","coordinates":[[[-63.516149291468153,-6.731800879301274],[-63.507078315198136,-6.731810371511452],[-63.507087732511678,-6.74087869287115],[-63.516158877227198,-6.740869187760173],[-63.516149291468153,-6.731800879301274]]]}},
{"type":"Feature","properties":{"DESCRIPTION":"MDT_1392127.tif","FILENAME":"U:\\P589_AmazoniaRevelada_BR-319\\LiDAR_dataset\\ENTREGAS\\ENTREGA_12\\2_MDT\\GEOTIFF\\MDT_1392127.tif","SHRT_FNAME":"MDT_1392127.tif","UPPER_LEFT_X":"443958.096","UPPER_LEFT_Y":"9255869.332","LOWER_RIGHT_X":"444960.596","LOWER_RIGHT_Y":"9254866.832"},"geometry":{"type":"Polygon","coordinates":[[[-63.507100936102816,-6.731810348049406],[-63.49802994689675,-6.731819672398289],[-63.498039196183662,-6.740888006398764],[-63.507110353836417,-6.740878669377221],[-63.507100936102816,-6.731810348049406]]]}},
{"type":"Feature","properties":{"DESCRIPTION":"MDT_1392128.tif","FILENAME":"U:\\P589_AmazoniaRevelada_BR-319\\LiDAR_dataset\\ENTREGAS\\ENTREGA_12\\2_MDT\\GEOTIFF\\MDT_1392128.tif","SHRT_FNAME":"MDT_1392128.tif","UPPER_LEFT_X":"444958.096","UPPER_LEFT_Y":"9255869.332","LOWER_RIGHT_X":"445961.096","LOWER_RIGHT_Y":"9254866.832"},"geometry":{"type":"Polygon","coordinates":[[[-63.498052567833398,-6.731819649354852],[-63.488977041728468,-6.731828810366121],[-63.488986122903583,-6.74089715678595],[-63.498061817540382,-6.740887983324011],[-63.498052567833398,-6.731819649354852]]]}},
{"type":"Feature","properties":{"DESCRIPTION":"MDT_1392129.tif","FILENAME":"U:\\P589_AmazoniaRevelada_BR-319\\LiDAR_dataset\\ENTREGAS\\ENTREGA_12\\2_MDT\\GEOTIFF\\MDT_1392129.tif","SHRT_FNAME":"MDT_1392129.tif","UPPER_LEFT_X":"445958.596","UPPER_LEFT_Y":"9255869.332","LOWER_RIGHT_X":"446961.096","LOWER_RIGHT_Y":"9254866.832"},"geometry":{"type":"Polygon","coordinates":[[[-63.488999662696536,-6.731828787741505],[-63.4799286483046,-6.731837776280412],[-63.479937561450789,-6.740906134885759],[-63.489008744291716,-6.740897134130586],[-63.488999662696536,-6.731828787741505]]]}},
{"type":"Feature","properties":{"DESCRIPTION":"MDT_1392130.tif","FILENAME":"U:\\P589_AmazoniaRevelada_BR-319\\LiDAR_dataset\\ENTREGAS\\ENTREGA_12\\2_MDT\\GEOTIFF\\MDT_1392130.tif","SHRT_FNAME":"MDT_1392130.tif","UPPER_LEFT_X":"446958.596","UPPER_LEFT_Y":"9255869.332","LOWER_RIGHT_X":"447961.096","LOWER_RIGHT_Y":"9254866.832"},"geometry":{"type":"Polygon","coordinates":[[[-63.47995126930347,-6.73183775407441],[-63.470880242668017,-6.73184657474861],[-63.470888987784178,-6.740914945311901],[-63.479960182869746,-6.740906112649576],[-63.47995126930347,-6.73183775407441]]]}},
{"type":"Feature","properties":{"DESCRIPTION":"MDT_1392131.tif","FILENAME":"U:\\P589_AmazoniaRevelada_BR-319\\LiDAR_dataset\\ENTREGAS\\ENTREGA_12\\2_MDT\\GEOTIFF\\MDT_1392131.tif","SHRT_FNAME":"MDT_1392131.tif","UPPER_LEFT_X":"447958.596","UPPER_LEFT_Y":"9255869.332","LOWER_RIGHT_X":"448961.096","LOWER_RIGHT_Y":"9254866.832"},"geometry":{"type":"Polygon","coordinates":[[[-63.470902863697141,-6.731846552961225],[-63.461831825048975,-6.731855205769625],[-63.461840402133987,-6.740923588063281],[-63.470911609233376,-6.740914923494906],[-63.470902863697141,-6.731846552961225]]]}},
{"type":"Feature","properties":{"DESCRIPTION":"MDT_1392132.tif","FILENAME":"U:\\P589_AmazoniaRevelada_BR-319\\LiDAR_dataset\\ENTREGAS\\ENTREGA_12\\2_MDT\\GEOTIFF\\MDT_1392132.tif","SHRT_FNAME":"MDT_1392132.tif","UPPER_LEFT_X":"448958.596","UPPER_LEFT_Y":"9255869.332","LOWER_RIGHT_X":"449961.096","LOWER_RIGHT_Y":"9254866.832"},"geometry":{"type":"Polygon","coordinates":[[[-63.461854446107765,-6.731855184400859],[-63.452783395677692,-6.731863669342382],[-63.452791804730502,-6.740932063138827],[-63.461863023612864,-6.740923566665473],[-63.461854446107765,-6.731855184400859]]]}},
{"type":"Feature","properties":{"DESCRIPTION":"MDT_1392133.tif","FILENAME":"U:\\P589_AmazoniaRevelada_BR-319\\LiDAR_dataset\\ENTREGAS\\ENTREGA_12\\2_MDT\\GEOTIFF\\MDT_1392133.tif","SHRT_FNAME":"MDT_1392133.tif","UPPER_LEFT_X":"449958.596","UPPER_LEFT_Y":"9255869.332","LOWER_RIGHT_X":"450961.096","LOWER_RIGHT_Y":"9254866.832"},"geometry":{"type":"Polygon","coordinates":[[[-63.452806016765578,-6.731863648392237],[-63.443734954784404,-6.731871965465833],[-63.443743195803954,-6.74094037053749],[-63.452814426238469,-6.74093204216021],[-63.452806016765578,-6.731863648392237]]]}},
{"type":"Feature","properties":{"DESCRIPTION":"MDT_1392134.tif","FILENAME":"U:\\P589_AmazoniaRevelada_BR-319\\LiDAR_dataset\\ENTREGAS\\ENTREGA_12\\2_MDT\\GEOTIFF\\MDT_1392134.tif","SHRT_FNAME":"MDT_1392134.tif","UPPER_LEFT_X":"450958.596","UPPER_LEFT_Y":"9255869.332","LOWER_RIGHT_X":"451961.596","LOWER_RIGHT_Y":"9254866.832"},"geometry":{"type":"Polygon","coordinates":[[[-63.443757575900804,-6.731871944934312],[-63.43468197837047,-6.731880098161398],[-63.434690051271716,-6.740948514286152],[-63.443765817340442,-6.740940349978066],[-63.443757575900804,-6.731871944934312]]]}},
{"type":"Feature","properties":{"DESCRIPTION":"MDT_1392135.tif","FILENAME":"U:\\P589_AmazoniaRevelada_BR-319\\LiDAR_dataset\\ENTREGAS\\ENTREGA_12\\2_MDT\\GEOTIFF\\MDT_1392135.tif","SHRT_FNAME":"MDT_1392135.tif","UPPER_LEFT_X":"451959.096","UPPER_LEFT_Y":"9255869.332","LOWER_RIGHT_X":"452961.596","LOWER_RIGHT_Y":"9254866.832"},"geometry":{"type":"Polygon","coordinates":[[[-63.434704599514838,-6.731880078048714],[-63.42563351511842,-6.731888059299438],[-63.425641419984359,-6.740956486244127],[-63.43471267283617,-6.740948494146134],[-63.434704599514838,-6.731880078048714]]]}},
{"type":"Feature","properties":{"DESCRIPTION":"MDT_1392136.tif","FILENAME":"U:\\P589_AmazoniaRevelada_BR-319\\LiDAR_dataset\\ENTREGAS\\ENTREGA_12\\2_MDT\\GEOTIFF\\MDT_1392136.tif","SHRT_FNAME":"MDT_1392136.tif","UPPER_LEFT_X":"452959.096","UPPER_LEFT_Y":"9255869.332","LOWER_RIGHT_X":"453961.596","LOWER_RIGHT_Y":"9254866.832"},"geometry":{"type":"Polygon","coordinates":[[[-63.425656136290151,-6.731888039605385],[-63.416585041035191,-6.731895852985144],[-63.416592777864842,-6.740964290522183],[-63.425664041576177,-6.740956466523307],[-63.425656136290151,-6.731888039605385]]]}},
{"type":"Feature","properties":{"DESCRIPTION":"MDT_1392137.tif","FILENAME":"U:\\P589_AmazoniaRevelada_BR-319\\LiDAR_dataset\\ENTREGAS\\ENTREGA_12\\2_MDT\\GEOTIFF\\MDT_1392137.tif","SHRT_FNAME":"MDT_1392137.tif","UPPER_LEFT_X":"453959.096","UPPER_LEFT_Y":"9255869.332","LOWER_RIGHT_X":"454961.596","LOWER_RIGHT_Y":"9254866.832"},"geometry":{"type":"Polygon","coordinates":[[[-63.416607662233716,-6.731895833709721],[-63.407536556351047,-6.731903479217546],[-63.407544125143438,-6.740971927119352],[-63.416615399483454,-6.740964271220567],[-63.416607662233716,-6.731895833709721]]]}},
{"type":"Feature","properties":{"DESCRIPTION":"MDT_1392138.tif","FILENAME":"U:\\P589_AmazoniaRevelada_BR-319\\LiDAR_dataset\\ENTREGAS\\ENTREGA_12\\2_MDT\\GEOTIFF\\MDT_1392138.tif","SHRT_FNAME":"MDT_1392138.tif","UPPER_LEFT_X":"454959.096","UPPER_LEFT_Y":"9255869.332","LOWER_RIGHT_X":"455961.596","LOWER_RIGHT_Y":"9254866.832"},"geometry":{"type":"Polygon","coordinates":[[[-63.407559177575777,-6.731903460360759],[-63.398488061296213,-6.731910937995697],[-63.398495462050377,-6.740979396034687],[-63.40756674678827,-6.740971908236937],[-63.407559177575777,-6.731903460360759]]]}},
{"type":"Feature","properties":{"DESCRIPTION":"MDT_1392139.tif","FILENAME":"U:\\P589_AmazoniaRevelada_BR-319\\LiDAR_dataset\\ENTREGAS\\ENTREGA_12\\2_MDT\\GEOTIFF\\MDT_1392139.tif","SHRT_FNAME":"MDT_1392139.tif","UPPER_LEFT_X":"455959.096","UPPER_LEFT_Y":"9255869.332","LOWER_RIGHT_X":"456962.096","LOWER_RIGHT_Y":"9254866.832"},"geometry":{"type":"Polygon","coordinates":[[[-63.398510682546586,-6.731910919557548],[-63.389435031845828,-6.731918232922451],[-63.389442264476841,-6.740986700875933],[-63.398518083720859,-6.740979377571477],[-63.398510682546586,-6.731910919557548]]]}},
{"type":"Feature","properties":{"DESCRIPTION":"MDT_1392140.tif","FILENAME":"U:\\P589_AmazoniaRevelada_BR-319\\LiDAR_dataset\\ENTREGAS\\ENTREGA_12\\2_MDT\\GEOTIFF\\MDT_1392140.tif","SHRT_FNAME":"MDT_1392140.tif","UPPER_LEFT_X":"456959.596","UPPER_LEFT_Y":"9255869.332","LOWER_RIGHT_X":"457962.096","LOWER_RIGHT_Y":"9254866.832"},"geometry":{"type":"Polygon","coordinates":[[[-63.389457653121283,-6.731918214903149],[-63.380386516735449,-6.731925356705618],[-63.380393581326416,-6.740993834340991],[-63.389464886172398,-6.740986682832141],[-63.389457653121283,-6.731918214903149]]]}},
{"type":"Feature","properties":{"DESCRIPTION":"MDT_1392141.tif","FILENAME":"U:\\P589_AmazoniaRevelada_BR-319\\LiDAR_dataset\\ENTREGAS\\ENTREGA_12\\2_MDT\\GEOTIFF\\MDT_1392141.tif","SHRT_FNAME":"MDT_1392141.tif","UPPER_LEFT_X":"457959.596","UPPER_LEFT_Y":"9255869.332","LOWER_RIGHT_X":"458962.096","LOWER_RIGHT_Y":"9254866.832"},"geometry":{"type":"Polygon","coordinates":[[[-63.38040913803539,-6.731925339104959],[-63.371337991945232,-6.73193231303182],[-63.37134488849528,-6.741000800121496],[-63.380416203046465,-6.740993816716411],[-63.38040913803539,-6.731925339104959]]]}},
{"type":"Feature","properties":{"DESCRIPTION":"MDT_1392142.tif","FILENAME":"U:\\P589_AmazoniaRevelada_BR-319\\LiDAR_dataset\\ENTREGAS\\ENTREGA_12\\2_MDT\\GEOTIFF\\MDT_1392142.tif","SHRT_FNAME":"MDT_1392142.tif","UPPER_LEFT_X":"458959.596","UPPER_LEFT_Y":"9255869.332","LOWER_RIGHT_X":"459962.096","LOWER_RIGHT_Y":"9254866.832"},"geometry":{"type":"Polygon","coordinates":[[[-63.371360613269083,-6.731932295849803],[-63.362289457705415,-6.731939101900191],[-63.362296186213676,-6.741007598216579],[-63.371367510239239,-6.741000782916126],[-63.371360613269083,-6.731932295849803]]]}},
{"type":"Feature","properties":{"DESCRIPTION":"MDT_1392143.tif","FILENAME":"U:\\P589_AmazoniaRevelada_BR-319\\LiDAR_dataset\\ENTREGAS\\ENTREGA_12\\2_MDT\\GEOTIFF\\MDT_1392143.tif","SHRT_FNAME":"MDT_1392143.tif","UPPER_LEFT_X":"459959.596","UPPER_LEFT_Y":"9255869.332","LOWER_RIGHT_X":"460962.096","LOWER_RIGHT_Y":"9254866.832"},"geometry":{"type":"Polygon","coordinates":[[[-63.362312079052607,-6.73193908513682],[-63.353240914246264,-6.731945723309891],[-63.353247474711885,-6.741014228625398],[-63.362318807980969,-6.741007581430425],[-63.362312079052607,-6.73193908513682]]]}},
{"type":"Feature","properties":{"DESCRIPTION":"MDT_1392144.tif","FILENAME":"U:\\P589_AmazoniaRevelada_BR-319\\LiDAR_dataset\\ENTREGAS\\ENTREGA_12\\2_MDT\\GEOTIFF\\MDT_1392144.tif","SHRT_FNAME":"MDT_1392144.tif","UPPER_LEFT_X":"460959.596","UPPER_LEFT_Y":"9255869.332","LOWER_RIGHT_X":"461962.596","LOWER_RIGHT_Y":"9254866.832"},"geometry":{"type":"Polygon","coordinates":[[[-63.353263535616215,-6.731945706965167],[-63.344187837519591,-6.731952180445183],[-63.344194229857742,-6.741020694536548],[-63.353270096501952,-6.74101421225846],[-63.353263535616215,-6.731945706965167]]]}},
{"type":"Feature","properties":{"DESCRIPTION":"MDT_1392145.tif","FILENAME":"U:\\P589_AmazoniaRevelada_BR-319\\LiDAR_dataset\\ENTREGAS\\ENTREGA_12\\2_MDT\\GEOTIFF\\MDT_1392145.tif","SHRT_FNAME":"MDT_1392145.tif","UPPER_LEFT_X":"461960.096","UPPER_LEFT_Y":"9255869.332","LOWER_RIGHT_X":"462962.596","LOWER_RIGHT_Y":"9254866.832"},"geometry":{"type":"Polygon","coordinates":[[[-63.344210458911739,-6.73195216451932],[-63.33513927630819,-6.731958466851363],[-63.335145500602088,-6.741026989486545],[-63.344216851669998,-6.741020678589039],[-63.344210458911739,-6.73195216451932]]]}},
{"type":"Feature","properties":{"DESCRIPTION":"MDT_1392146.tif","FILENAME":"U:\\P589_AmazoniaRevelada_BR-319\\LiDAR_dataset\\ENTREGAS\\ENTREGA_12\\2_MDT\\GEOTIFF\\MDT_1392146.tif","SHRT_FNAME":"MDT_1392146.tif","UPPER_LEFT_X":"462960.096","UPPER_LEFT_Y":"9255869.332","LOWER_RIGHT_X":"463962.596","LOWER_RIGHT_Y":"9254866.832"},"geometry":{"type":"Polygon","coordinates":[[[-63.335161897721946,-6.73195845134415],[-63.326090706568316,-6.731964585796464],[-63.326096762817173,-6.741033116747871],[-63.335168122435952,-6.741026973958257],[-63.335161897721946,-6.73195845134415]]]}},
{"type":"Feature","properties":{"DESCRIPTION":"MDT_1392147.tif","FILENAME":"U:\\P589_AmazoniaRevelada_BR-319\\LiDAR_dataset\\ENTREGAS\\ENTREGA_12\\2_MDT\\GEOTIFF\\MDT_1392147.tif","SHRT_FNAME":"MDT_1392147.tif","UPPER_LEFT_X":"463960.096","UPPER_LEFT_Y":"9255869.332","LOWER_RIGHT_X":"464430.096","LOWER_RIGHT_Y":"9254866.832"},"geometry":{"type":"Polygon","coordinates":[[[-63.326113328003103,-6.731964570707905],[-63.321860497354372,-6.731967388959225],[-63.321866475041929,-6.741035923720395],[-63.326119384672076,-6.741033101638805],[-63.326113328003103,-6.731964570707905]]]}},
{"type":"Feature","properties":{"DESCRIPTION":"MDT_1393116.tif","FILENAME":"U:\\P589_AmazoniaRevelada_BR-319\\LiDAR_dataset\\ENTREGAS\\ENTREGA_12\\2_MDT\\GEOTIFF\\MDT_1393116.tif","SHRT_FNAME":"MDT_1393116.tif","UPPER_LEFT_X":"432957.382","UPPER_LEFT_Y":"9254869.082","LOWER_RIGHT_X":"433959.382","LOWER_RIGHT_Y":"9253867.082"},"geometry":{"type":"Polygon","coordinates":[[[-63.606649785928518,-6.740744789476673],[-63.597583307864014,-6.740755969962511],[-63.597594415282217,-6.749819626227624],[-63.606661061842438,-6.749808430574072],[-63.606649785928518,-6.740744789476673]]]}},
{"type":"Feature","properties":{"DESCRIPTION":"MDT_1393117.tif","FILENAME":"U:\\P589_AmazoniaRevelada_BR-319\\LiDAR_dataset\\ENTREGAS\\ENTREGA_12\\2_MDT\\GEOTIFF\\MDT_1393117.tif","SHRT_FNAME":"MDT_1393117.tif","UPPER_LEFT_X":"433957.477","UPPER_LEFT_Y":"9254869.082","LOWER_RIGHT_X":"434959.477","LOWER_RIGHT_Y":"9253867.082"},"geometry":{"type":"Polygon","coordinates":[[[-63.597600545044955,-6.740755948865906],[-63.588534051741014,-6.740766961343432],[-63.588544990982463,-6.749830632519713],[-63.597611652783513,-6.749819605102396],[-63.597600545044955,-6.740755948865906]]]}},
{"type":"Feature","properties":{"DESCRIPTION":"MDT_1393118.tif","FILENAME":"U:\\P589_AmazoniaRevelada_BR-319\\LiDAR_dataset\\ENTREGAS\\ENTREGA_12\\2_MDT\\GEOTIFF\\MDT_1393118.tif","SHRT_FNAME":"MDT_1393118.tif","UPPER_LEFT_X":"434957.096","UPPER_LEFT_Y":"9254869.332","LOWER_RIGHT_X":"435960.096","LOWER_RIGHT_Y":"9253866.832"},"geometry":{"type":"Polygon","coordinates":[[[-63.588555593263443,-6.740764673979165],[-63.579480036581039,-6.740775529262125],[-63.579490812930992,-6.749843737927054],[-63.588566538364198,-6.749832867910205],[-63.588555593263443,-6.740764673979165]]]}},
{"type":"Feature","properties":{"DESCRIPTION":"MDT_1393119.tif","FILENAME":"U:\\P589_AmazoniaRevelada_BR-319\\LiDAR_dataset\\ENTREGAS\\ENTREGA_12\\2_MDT\\GEOTIFF\\MDT_1393119.tif","SHRT_FNAME":"MDT_1393119.tif","UPPER_LEFT_X":"435957.596","UPPER_LEFT_Y":"9254869.332","LOWER_RIGHT_X":"436960.096","LOWER_RIGHT_Y":"9253866.832"},"geometry":{"type":"Polygon","coordinates":[[[-63.579502657628204,-6.740775502414765],[-63.570431610363919,-6.740786184165457],[-63.570442218466447,-6.749854407292302],[-63.57951343439877,-6.749843711043255],[-63.579502657628204,-6.740775502414765]]]}},
{"type":"Feature","properties":{"DESCRIPTION":"MDT_1393120.tif","FILENAME":"U:\\P589_AmazoniaRevelada_BR-319\\LiDAR_dataset\\ENTREGAS\\ENTREGA_12\\2_MDT\\GEOTIFF\\MDT_1393120.tif","SHRT_FNAME":"MDT_1393120.tif","UPPER_LEFT_X":"436957.596","UPPER_LEFT_Y":"9254869.332","LOWER_RIGHT_X":"437960.096","LOWER_RIGHT_Y":"9253866.832"},"geometry":{"type":"Polygon","coordinates":[[[-63.570454231447656,-6.740786157737252],[-63.56138316963029,-6.740796671407777],[-63.561393609484085,-6.749864908768972],[-63.570464839970811,-6.749854380828225],[-63.570454231447656,-6.740786157737252]]]}},
{"type":"Feature","properties":{"DESCRIPTION":"MDT_1393121.tif","FILENAME":"U:\\P589_AmazoniaRevelada_BR-319\\LiDAR_dataset\\ENTREGAS\\ENTREGA_12\\2_MDT\\GEOTIFF\\MDT_1393121.tif","SHRT_FNAME":"MDT_1393121.tif","UPPER_LEFT_X":"437957.596","UPPER_LEFT_Y":"9254869.332","LOWER_RIGHT_X":"438960.096","LOWER_RIGHT_Y":"9253866.832"},"geometry":{"type":"Polygon","coordinates":[[[-63.561405790750037,-6.740796645398725],[-63.552334714610431,-6.740806990987782],[-63.552344986214166,-6.749875242355753],[-63.561416231024452,-6.749864882724616],[-63.561405790750037,-6.740796645398725]]]}},
{"type":"Feature","properties":{"DESCRIPTION":"MDT_1393122.tif","FILENAME":"U:\\P589_AmazoniaRevelada_BR-319\\LiDAR_dataset\\ENTREGAS\\ENTREGA_12\\2_MDT\\GEOTIFF\\MDT_1393122.tif","SHRT_FNAME":"MDT_1393122.tif","UPPER_LEFT_X":"438957.596","UPPER_LEFT_Y":"9254869.332","LOWER_RIGHT_X":"439960.096","LOWER_RIGHT_Y":"9253866.832"},"geometry":{"type":"Polygon","coordinates":[[[-63.552357335765599,-6.740806965397887],[-63.543286245534539,-6.740817142904186],[-63.543296348886948,-6.749885408051369],[-63.552367607789968,-6.749875216731126],[-63.552357335765599,-6.740806965397887]]]}},
{"type":"Feature","properties":{"DESCRIPTION":"MDT_1393123.tif","FILENAME":"U:\\P589_AmazoniaRevelada_BR-319\\LiDAR_dataset\\ENTREGAS\\ENTREGA_12\\2_MDT\\GEOTIFF\\MDT_1393123.tif","SHRT_FNAME":"MDT_1393123.tif","UPPER_LEFT_X":"439957.596","UPPER_LEFT_Y":"9254869.332","LOWER_RIGHT_X":"440960.596","LOWER_RIGHT_Y":"9253866.832"},"geometry":{"type":"Polygon","coordinates":[[[-63.543308866724566,-6.740817117733452],[-63.534233238388019,-6.74082713210592],[-63.534243173403688,-6.749895410811463],[-63.543318970497609,-6.749885382846471],[-63.543308866724566,-6.740817117733452]]]}},
{"type":"Feature","properties":{"DESCRIPTION":"MDT_1393124.tif","FILENAME":"U:\\P589_AmazoniaRevelada_BR-319\\LiDAR_dataset\\ENTREGAS\\ENTREGA_12\\2_MDT\\GEOTIFF\\MDT_1393124.tif","SHRT_FNAME":"MDT_1393124.tif","UPPER_LEFT_X":"440958.096","UPPER_LEFT_Y":"9254869.332","LOWER_RIGHT_X":"441960.596","LOWER_RIGHT_Y":"9253866.832"},"geometry":{"type":"Polygon","coordinates":[[[-63.534255859612344,-6.740827107354559],[-63.525184741884097,-6.740836948607535],[-63.525194508645932,-6.749905240637032],[-63.534265795048647,-6.749895386026508],[-63.534255859612344,-6.740827107354559]]]}},
{"type":"Feature","properties":{"DESCRIPTION":"MDT_1393125.tif","FILENAME":"U:\\P589_AmazoniaRevelada_BR-319\\LiDAR_dataset\\ENTREGAS\\ENTREGA_12\\2_MDT\\GEOTIFF\\MDT_1393125.tif","SHRT_FNAME":"MDT_1393125.tif","UPPER_LEFT_X":"441958.096","UPPER_LEFT_Y":"9254869.332","LOWER_RIGHT_X":"442960.596","LOWER_RIGHT_Y":"9253866.832"},"geometry":{"type":"Polygon","coordinates":[[[-63.525207363142115,-6.740836924275341],[-63.516136232014993,-6.740846597441832],[-63.516145830521758,-6.749914902567708],[-63.525217130324577,-6.749905216271811],[-63.525207363142115,-6.740836924275341]]]}},
{"type":"Feature","properties":{"DESCRIPTION":"MDT_1393126.tif","FILENAME":"U:\\P589_AmazoniaRevelada_BR-319\\LiDAR_dataset\\ENTREGAS\\ENTREGA_12\\2_MDT\\GEOTIFF\\MDT_1393126.tif","SHRT_FNAME":"MDT_1393126.tif","UPPER_LEFT_X":"442958.096","UPPER_LEFT_Y":"9254869.332","LOWER_RIGHT_X":"443960.596","LOWER_RIGHT_Y":"9253866.832"},"geometry":{"type":"Polygon","coordinates":[[[-63.516158853306145,-6.740846573528808],[-63.507087709010982,-6.740856078607615],[-63.507097139261468,-6.749924396602291],[-63.516168452233551,-6.749914878622225],[-63.516158853306145,-6.740846573528808]]]}},
{"type":"Feature","properties":{"DESCRIPTION":"MDT_1393127.tif","FILENAME":"U:\\P589_AmazoniaRevelada_BR-319\\LiDAR_dataset\\ENTREGAS\\ENTREGA_12\\2_MDT\\GEOTIFF\\MDT_1393127.tif","SHRT_FNAME":"MDT_1393127.tif","UPPER_LEFT_X":"443958.096","UPPER_LEFT_Y":"9254869.332","LOWER_RIGHT_X":"444960.596","LOWER_RIGHT_Y":"9253866.832"},"geometry":{"type":"Polygon","coordinates":[[[-63.507110330334676,-6.740856055113763],[-63.498039173102278,-6.740865392103704],[-63.498048435095313,-6.749933722739605],[-63.507119761005796,-6.749924373076552],[-63.507110330334676,-6.740856055113763]]]}},
{"type":"Feature","properties":{"DESCRIPTION":"MDT_1393128.tif","FILENAME":"U:\\P589_AmazoniaRevelada_BR-319\\LiDAR_dataset\\ENTREGAS\\ENTREGA_12\\2_MDT\\GEOTIFF\\MDT_1393128.tif","SHRT_FNAME":"MDT_1393128.tif","UPPER_LEFT_X":"444958.096","UPPER_LEFT_Y":"9254869.332","LOWER_RIGHT_X":"445961.096","LOWER_RIGHT_Y":"9253866.832"},"geometry":{"type":"Polygon","coordinates":[[[-63.498061794457939,-6.74086536902903],[-63.488986100241711,-6.740874542459919],[-63.488995193891995,-6.749942885515616],[-63.498071056871623,-6.749933699633611],[-63.498061794457939,-6.74086536902903]]]}},
{"type":"Feature","properties":{"DESCRIPTION":"MDT_1393129.tif","FILENAME":"U:\\P589_AmazoniaRevelada_BR-319\\LiDAR_dataset\\ENTREGAS\\ENTREGA_12\\2_MDT\\GEOTIFF\\MDT_1393129.tif","SHRT_FNAME":"MDT_1393129.tif","UPPER_LEFT_X":"445958.596","UPPER_LEFT_Y":"9254869.332","LOWER_RIGHT_X":"446961.096","LOWER_RIGHT_Y":"9253866.832"},"geometry":{"type":"Polygon","coordinates":[[[-63.489008721628792,-6.740874519804632],[-63.47993753920823,-6.74088352052934],[-63.479946464598775,-6.749951875770986],[-63.489017815699739,-6.749942862829578],[-63.489008721628792,-6.740874519804632]]]}},
{"type":"Feature","properties":{"DESCRIPTION":"MDT_1393130.tif","FILENAME":"U:\\P589_AmazoniaRevelada_BR-319\\LiDAR_dataset\\ENTREGAS\\ENTREGA_12\\2_MDT\\GEOTIFF\\MDT_1393130.tif","SHRT_FNAME":"MDT_1393130.tif","UPPER_LEFT_X":"446958.596","UPPER_LEFT_Y":"9254869.332","LOWER_RIGHT_X":"447961.096","LOWER_RIGHT_Y":"9253866.832"},"geometry":{"type":"Polygon","coordinates":[[[-63.479960160626128,-6.740883498293234],[-63.470888965960924,-6.74089233092566],[-63.470897723090602,-6.749960698125674],[-63.479969086437322,-6.749951853504698],[-63.479960160626128,-6.740883498293234]]]}},
{"type":"Feature","properties":{"DESCRIPTION":"MDT_1393131.tif","FILENAME":"U:\\P589_AmazoniaRevelada_BR-319\\LiDAR_dataset\\ENTREGAS\\ENTREGA_12\\2_MDT\\GEOTIFF\\MDT_1393131.tif","SHRT_FNAME":"MDT_1393131.tif","UPPER_LEFT_X":"447958.596","UPPER_LEFT_Y":"9254869.332","LOWER_RIGHT_X":"448961.096","LOWER_RIGHT_Y":"9253866.832"},"geometry":{"type":"Polygon","coordinates":[[[-63.470911587409084,-6.740892309108737],[-63.46184038073006,-6.740900973647788],[-63.461848969597767,-6.749969352578587],[-63.470920344959403,-6.749960676279139],[-63.470911587409084,-6.740892309108737]]]}},
{"type":"Feature","properties":{"DESCRIPTION":"MDT_1393132.tif","FILENAME":"U:\\P589_AmazoniaRevelada_BR-319\\LiDAR_dataset\\ENTREGAS\\ENTREGA_12\\2_MDT\\GEOTIFF\\MDT_1393132.tif","SHRT_FNAME":"MDT_1393132.tif","UPPER_LEFT_X":"448958.596","UPPER_LEFT_Y":"9254869.332","LOWER_RIGHT_X":"449961.096","LOWER_RIGHT_Y":"9253866.832"},"geometry":{"type":"Polygon","coordinates":[[[-63.461863002207885,-6.740900952250052],[-63.452791783745887,-6.740909448694649],[-63.452800204350559,-6.749977839128643],[-63.461871591496255,-6.749969331151806],[-63.461863002207885,-6.740900952250052]]]}},
{"type":"Feature","properties":{"DESCRIPTION":"MDT_1393133.tif","FILENAME":"U:\\P589_AmazoniaRevelada_BR-319\\LiDAR_dataset\\ENTREGAS\\ENTREGA_12\\2_MDT\\GEOTIFF\\MDT_1393133.tif","SHRT_FNAME":"MDT_1393133.tif","UPPER_LEFT_X":"449958.596","UPPER_LEFT_Y":"9254869.332","LOWER_RIGHT_X":"450961.096","LOWER_RIGHT_Y":"9253866.832"},"geometry":{"type":"Polygon","coordinates":[[[-63.452814405252809,-6.740909427716103],[-63.443743175238666,-6.740917756065191],[-63.443751427579251,-6.749986157774797],[-63.452822826278144,-6.749977818121624],[-63.452814405252809,-6.740909427716103]]]}},
{"type":"Feature","properties":{"DESCRIPTION":"MDT_1393134.tif","FILENAME":"U:\\P589_AmazoniaRevelada_BR-319\\LiDAR_dataset\\ENTREGAS\\ENTREGA_12\\2_MDT\\GEOTIFF\\MDT_1393134.tif","SHRT_FNAME":"MDT_1393134.tif","UPPER_LEFT_X":"450958.596","UPPER_LEFT_Y":"9254869.332","LOWER_RIGHT_X":"451961.596","LOWER_RIGHT_Y":"9253866.832"},"geometry":{"type":"Polygon","coordinates":[[[-63.443765796774109,-6.740917735505837],[-63.43469003112596,-6.74092589978629],[-63.434698115117278,-6.749994312549386],[-63.443774049535357,-6.749986137187538],[-63.443765796774109,-6.740917735505837]]]}},
{"type":"Feature","properties":{"DESCRIPTION":"MDT_1393135.tif","FILENAME":"U:\\P589_AmazoniaRevelada_BR-319\\LiDAR_dataset\\ENTREGAS\\ENTREGA_12\\2_MDT\\GEOTIFF\\MDT_1393135.tif","SHRT_FNAME":"MDT_1393135.tif","UPPER_LEFT_X":"451959.096","UPPER_LEFT_Y":"9254869.332","LOWER_RIGHT_X":"452961.596","LOWER_RIGHT_Y":"9253866.832"},"geometry":{"type":"Polygon","coordinates":[[[-63.434712652689363,-6.74092587964634],[-63.425641400257938,-6.740933871717282],[-63.425649315983115,-6.750002295300697],[-63.434720737101344,-6.749994292382099],[-63.434712652689363,-6.74092587964634]]]}},
{"type":"Feature","properties":{"DESCRIPTION":"MDT_1393136.tif","FILENAME":"U:\\P589_AmazoniaRevelada_BR-319\\LiDAR_dataset\\ENTREGAS\\ENTREGA_12\\2_MDT\\GEOTIFF\\MDT_1393136.tif","SHRT_FNAME":"MDT_1393136.tif","UPPER_LEFT_X":"452959.096","UPPER_LEFT_Y":"9254869.332","LOWER_RIGHT_X":"453961.596","LOWER_RIGHT_Y":"9253866.832"},"geometry":{"type":"Polygon","coordinates":[[[-63.425664021848711,-6.74093385199653],[-63.416592758557762,-6.740941675968923],[-63.416600506015804,-6.750010110145065],[-63.425671937994565,-6.750002275553178],[-63.425664021848711,-6.74093385199653]]]}},
{"type":"Feature","properties":{"DESCRIPTION":"MDT_1393137.tif","FILENAME":"U:\\P589_AmazoniaRevelada_BR-319\\LiDAR_dataset\\ENTREGAS\\ENTREGA_12\\2_MDT\\GEOTIFF\\MDT_1393137.tif","SHRT_FNAME":"MDT_1393137.tif","UPPER_LEFT_X":"453959.096","UPPER_LEFT_Y":"9254869.332","LOWER_RIGHT_X":"454961.596","LOWER_RIGHT_Y":"9253866.832"},"geometry":{"type":"Polygon","coordinates":[[[-63.416615380175315,-6.740941656667371],[-63.407544106255671,-6.740949312540246],[-63.407551685445625,-6.750017757081522],[-63.416623128054034,-6.750010090817316],[-63.416615380175315,-6.740941656667371]]]}},
{"type":"Feature","properties":{"DESCRIPTION":"MDT_1393138.tif","FILENAME":"U:\\P589_AmazoniaRevelada_BR-319\\LiDAR_dataset\\ENTREGAS\\ENTREGA_12\\2_MDT\\GEOTIFF\\MDT_1393138.tif","SHRT_FNAME":"MDT_1393138.tif","UPPER_LEFT_X":"454959.096","UPPER_LEFT_Y":"9254869.332","LOWER_RIGHT_X":"455961.596","LOWER_RIGHT_Y":"9253866.832"},"geometry":{"type":"Polygon","coordinates":[[[-63.407566727899457,-6.740949293657895],[-63.39849544358195,-6.740956781430299],[-63.398502854502851,-6.750025236109117],[-63.407574307510075,-6.750017738173542],[-63.407566727899457,-6.740949293657895]]]}},
{"type":"Feature","properties":{"DESCRIPTION":"MDT_1393139.tif","FILENAME":"U:\\P589_AmazoniaRevelada_BR-319\\LiDAR_dataset\\ENTREGAS\\ENTREGA_12\\2_MDT\\GEOTIFF\\MDT_1393139.tif","SHRT_FNAME":"MDT_1393139.tif","UPPER_LEFT_X":"455959.096","UPPER_LEFT_Y":"9254869.332","LOWER_RIGHT_X":"456962.096","LOWER_RIGHT_Y":"9253866.832"},"geometry":{"type":"Polygon","coordinates":[[[-63.398518065251388,-6.740956762967153],[-63.389442246427976,-6.740964086246819],[-63.389449488994757,-6.750032550840482],[-63.398525476592958,-6.75002521762091],[-63.398518065251388,-6.740956762967153]]]}},
{"type":"Feature","properties":{"DESCRIPTION":"MDT_1393140.tif","FILENAME":"U:\\P589_AmazoniaRevelada_BR-319\\LiDAR_dataset\\ENTREGAS\\ENTREGA_12\\2_MDT\\GEOTIFF\\MDT_1393140.tif","SHRT_FNAME":"MDT_1393140.tif","UPPER_LEFT_X":"456959.596","UPPER_LEFT_Y":"9254869.332","LOWER_RIGHT_X":"457962.096","LOWER_RIGHT_Y":"9253866.832"},"geometry":{"type":"Polygon","coordinates":[[[-63.389464868122474,-6.740964068203089],[-63.380393563696884,-6.740971219687735],[-63.380400637992786,-6.750039693963632],[-63.389472111109932,-6.750032532772261],[-63.389464868122474,-6.740964068203089]]]}},
{"type":"Feature","properties":{"DESCRIPTION":"MDT_1393141.tif","FILENAME":"U:\\P589_AmazoniaRevelada_BR-319\\LiDAR_dataset\\ENTREGAS\\ENTREGA_12\\2_MDT\\GEOTIFF\\MDT_1393141.tif","SHRT_FNAME":"MDT_1393141.tif","UPPER_LEFT_X":"457959.596","UPPER_LEFT_Y":"9254869.332","LOWER_RIGHT_X":"458962.096","LOWER_RIGHT_Y":"9253866.832"},"geometry":{"type":"Polygon","coordinates":[[[-63.380416185415882,-6.740971202063212],[-63.371344871285082,-6.740978185444662],[-63.371351777309208,-6.750046669175198],[-63.38042326013246,-6.750039676315189],[-63.380416185415882,-6.740971202063212]]]}},
{"type":"Feature","properties":{"DESCRIPTION":"MDT_1393142.tif","FILENAME":"U:\\P589_AmazoniaRevelada_BR-319\\LiDAR_dataset\\ENTREGAS\\ENTREGA_12\\2_MDT\\GEOTIFF\\MDT_1393142.tif","SHRT_FNAME":"MDT_1393142.tif","UPPER_LEFT_X":"458959.596","UPPER_LEFT_Y":"9254869.332","LOWER_RIGHT_X":"459962.096","LOWER_RIGHT_Y":"9253866.832"},"geometry":{"type":"Polygon","coordinates":[[[-63.371367493027996,-6.74097816823935],[-63.362296169422827,-6.740984983516734],[-63.362302907174318,-6.750053476474311],[-63.371374399472799,-6.750046651946533],[-63.371367493027996,-6.74097816823935]]]}},
{"type":"Feature","properties":{"DESCRIPTION":"MDT_1393143.tif","FILENAME":"U:\\P589_AmazoniaRevelada_BR-319\\LiDAR_dataset\\ENTREGAS\\ENTREGA_12\\2_MDT\\GEOTIFF\\MDT_1393143.tif","SHRT_FNAME":"MDT_1393143.tif","UPPER_LEFT_X":"459959.596","UPPER_LEFT_Y":"9254869.332","LOWER_RIGHT_X":"460962.096","LOWER_RIGHT_Y":"9253866.832"},"geometry":{"type":"Polygon","coordinates":[[[-63.362318791189075,-6.740984966730638],[-63.353247458340391,-6.740991613903113],[-63.353254027818402,-6.750060115860127],[-63.36232552936125,-6.75005345966543],[-63.362318791189075,-6.740984966730638]]]}},
{"type":"Feature","properties":{"DESCRIPTION":"MDT_1393144.tif","FILENAME":"U:\\P589_AmazoniaRevelada_BR-319\\LiDAR_dataset\\ENTREGAS\\ENTREGA_12\\2_MDT\\GEOTIFF\\MDT_1393144.tif","SHRT_FNAME":"MDT_1393144.tif","UPPER_LEFT_X":"460959.596","UPPER_LEFT_Y":"9254869.332","LOWER_RIGHT_X":"461962.596","LOWER_RIGHT_Y":"9253866.832"},"geometry":{"type":"Polygon","coordinates":[[[-63.353270080129398,-6.74099159753623],[-63.344194213905801,-6.740998079792376],[-63.344200615025372,-6.750066590525559],[-63.353276650028093,-6.750060099471031],[-63.353270080129398,-6.74099159753623]]]}},
{"type":"Feature","properties":{"DESCRIPTION":"MDT_1393145.tif","FILENAME":"U:\\P589_AmazoniaRevelada_BR-319\\LiDAR_dataset\\ENTREGAS\\ENTREGA_12\\2_MDT\\GEOTIFF\\MDT_1393145.tif","SHRT_FNAME":"MDT_1393145.tif","UPPER_LEFT_X":"461960.096","UPPER_LEFT_Y":"9254869.332","LOWER_RIGHT_X":"462962.596","LOWER_RIGHT_Y":"9253866.832"},"geometry":{"type":"Polygon","coordinates":[[[-63.344216835717006,-6.740998063844922],[-63.335145485069489,-6.741004374721067],[-63.335151717913952,-6.750072893998372],[-63.344223237257268,-6.750066574556459],[-63.344216835717006,-6.740998063844922]]]}},
{"type":"Feature","properties":{"DESCRIPTION":"MDT_1393146.tif","FILENAME":"U:\\P589_AmazoniaRevelada_BR-319\\LiDAR_dataset\\ENTREGAS\\ENTREGA_12\\2_MDT\\GEOTIFF\\MDT_1393146.tif","SHRT_FNAME":"MDT_1393146.tif","UPPER_LEFT_X":"462960.096","UPPER_LEFT_Y":"9254869.332","LOWER_RIGHT_X":"463962.596","LOWER_RIGHT_Y":"9253866.832"},"geometry":{"type":"Polygon","coordinates":[[[-63.335168106902316,-6.74100435919283],[-63.326096747703929,-6.741010501961652],[-63.326102812272524,-6.750079029555477],[-63.335174340167463,-6.75007287844906],[-63.335168106902316,-6.74100435919283]]]}},
{"type":"Feature","properties":{"DESCRIPTION":"MDT_1393147.tif","FILENAME":"U:\\P589_AmazoniaRevelada_BR-319\\LiDAR_dataset\\ENTREGAS\\ENTREGA_12\\2_MDT\\GEOTIFF\\MDT_1393147.tif","SHRT_FNAME":"MDT_1393147.tif","UPPER_LEFT_X":"463960.096","UPPER_LEFT_Y":"9254869.332","LOWER_RIGHT_X":"464430.096","LOWER_RIGHT_Y":"9253866.832"},"geometry":{"type":"Polygon","coordinates":[[[-63.326119369557787,-6.741010486852638],[-63.321866460124731,-6.741013308924676],[-63.321872446024074,-6.750081840328399],[-63.326125434547059,-6.750079014425956],[-63.326119369557787,-6.741010486852638]]]}},
{"type":"Feature","properties":{"DESCRIPTION":"MDT_1394116.tif","FILENAME":"U:\\P589_AmazoniaRevelada_BR-319\\LiDAR_dataset\\ENTREGAS\\ENTREGA_12\\2_MDT\\GEOTIFF\\MDT_1394116.tif","SHRT_FNAME":"MDT_1394116.tif","UPPER_LEFT_X":"432957.382","UPPER_LEFT_Y":"9253869.206","LOWER_RIGHT_X":"433959.382","LOWER_RIGHT_Y":"9252867.206"},"geometry":{"type":"Polygon","coordinates":[[[-63.606661037923807,-6.749789217829453],[-63.59759439172101,-6.749800413450851],[-63.59760551437649,-6.75886406634367],[-63.606672329306129,-6.758852855554021],[-63.606661037923807,-6.749789217829453]]]}},
{"type":"Feature","properties":{"DESCRIPTION":"MDT_1394117.tif","FILENAME":"U:\\P589_AmazoniaRevelada_BR-319\\LiDAR_dataset\\ENTREGAS\\ENTREGA_12\\2_MDT\\GEOTIFF\\MDT_1394117.tif","SHRT_FNAME":"MDT_1394117.tif","UPPER_LEFT_X":"433957.096","UPPER_LEFT_Y":"9253869.332","LOWER_RIGHT_X":"434959.596","LOWER_RIGHT_Y":"9252866.832"},"geometry":{"type":"Polygon","coordinates":[[[-63.597615075323979,-6.749799248359587],[-63.588543889621413,-6.749810281268088],[-63.588554849317433,-6.758878471862277],[-63.597626203916711,-6.75886742399851],[-63.597615075323979,-6.749799248359587]]]}},
{"type":"Feature","properties":{"DESCRIPTION":"MDT_1394118.tif","FILENAME":"U:\\P589_AmazoniaRevelada_BR-319\\LiDAR_dataset\\ENTREGAS\\ENTREGA_12\\2_MDT\\GEOTIFF\\MDT_1394118.tif","SHRT_FNAME":"MDT_1394118.tif","UPPER_LEFT_X":"434957.096","UPPER_LEFT_Y":"9253869.332","LOWER_RIGHT_X":"435960.096","LOWER_RIGHT_Y":"9252866.832"},"geometry":{"type":"Polygon","coordinates":[[[-63.588566511050956,-6.749810253964458],[-63.579490786038868,-6.749821123944561],[-63.579501577173744,-6.758889329236152],[-63.588577471168172,-6.758878444521634],[-63.588566511050956,-6.749810253964458]]]}},
{"type":"Feature","properties":{"DESCRIPTION":"MDT_1394119.tif","FILENAME":"U:\\P589_AmazoniaRevelada_BR-319\\LiDAR_dataset\\ENTREGAS\\ENTREGA_12\\2_MDT\\GEOTIFF\\MDT_1394119.tif","SHRT_FNAME":"MDT_1394119.tif","UPPER_LEFT_X":"435957.596","UPPER_LEFT_Y":"9253869.332","LOWER_RIGHT_X":"436960.096","LOWER_RIGHT_Y":"9252866.832"},"geometry":{"type":"Polygon","coordinates":[[[-63.579513407505587,-6.749821097060855],[-63.570442191994175,-6.749831793273746],[-63.570452814650807,-6.758900013027763],[-63.579524199061673,-6.758889302316005],[-63.579513407505587,-6.749821097060855]]]}},
{"type":"Feature","properties":{"DESCRIPTION":"MDT_1394120.tif","FILENAME":"U:\\P589_AmazoniaRevelada_BR-319\\LiDAR_dataset\\ENTREGAS\\ENTREGA_12\\2_MDT\\GEOTIFF\\MDT_1394120.tif","SHRT_FNAME":"MDT_1394120.tif","UPPER_LEFT_X":"436957.596","UPPER_LEFT_Y":"9253869.332","LOWER_RIGHT_X":"437960.096","LOWER_RIGHT_Y":"9252866.832"},"geometry":{"type":"Polygon","coordinates":[[[-63.570464813497487,-6.749831766809756],[-63.561393583431681,-6.749842294714916],[-63.561404037608732,-6.758910528703789],[-63.570475436575322,-6.758899986527903],[-63.570464813497487,-6.749831766809756]]]}},
{"type":"Feature","properties":{"DESCRIPTION":"MDT_1394121.tif","FILENAME":"U:\\P589_AmazoniaRevelada_BR-319\\LiDAR_dataset\\ENTREGAS\\ENTREGA_12\\2_MDT\\GEOTIFF\\MDT_1394121.tif","SHRT_FNAME":"MDT_1394121.tif","UPPER_LEFT_X":"437957.596","UPPER_LEFT_Y":"9253869.332","LOWER_RIGHT_X":"438960.096","LOWER_RIGHT_Y":"9252866.832"},"geometry":{"type":"Polygon","coordinates":[[[-63.561416204970989,-6.749842268670649],[-63.552344960581621,-6.749852628266767],[-63.552355246277791,-6.758920876262921],[-63.56142665956925,-6.75891050262422],[-63.561416204970989,-6.749842268670649]]]}},
{"type":"Feature","properties":{"DESCRIPTION":"MDT_1394122.tif","FILENAME":"U:\\P589_AmazoniaRevelada_BR-319\\LiDAR_dataset\\ENTREGAS\\ENTREGA_12\\2_MDT\\GEOTIFF\\MDT_1394122.tif","SHRT_FNAME":"MDT_1394122.tif","UPPER_LEFT_X":"438957.596","UPPER_LEFT_Y":"9253869.332","LOWER_RIGHT_X":"439960.096","LOWER_RIGHT_Y":"9252866.832"},"geometry":{"type":"Polygon","coordinates":[[[-63.552367582156371,-6.749852602642227],[-63.543296323674269,-6.749862793928021],[-63.543306440888273,-6.758931055703874],[-63.552377868273744,-6.758920850603645],[-63.552367582156371,-6.749852602642227]]]}},
{"type":"Feature","properties":{"DESCRIPTION":"MDT_1394123.tif","FILENAME":"U:\\P589_AmazoniaRevelada_BR-319\\LiDAR_dataset\\ENTREGAS\\ENTREGA_12\\2_MDT\\GEOTIFF\\MDT_1394123.tif","SHRT_FNAME":"MDT_1394123.tif","UPPER_LEFT_X":"439957.596","UPPER_LEFT_Y":"9253869.332","LOWER_RIGHT_X":"440960.596","LOWER_RIGHT_Y":"9252866.832"},"geometry":{"type":"Polygon","coordinates":[[[-63.543318945283872,-6.749862768723209],[-63.534243148611104,-6.749872796654304],[-63.53425309725742,-6.758941071988998],[-63.543329062919078,-6.758931030464896],[-63.543318945283872,-6.749862768723209]]]}},
{"type":"Feature","properties":{"DESCRIPTION":"MDT_1394124.tif","FILENAME":"U:\\P589_AmazoniaRevelada_BR-319\\LiDAR_dataset\\ENTREGAS\\ENTREGA_12\\2_MDT\\GEOTIFF\\MDT_1394124.tif","SHRT_FNAME":"MDT_1394124.tif","UPPER_LEFT_X":"440958.096","UPPER_LEFT_Y":"9253869.332","LOWER_RIGHT_X":"441960.596","LOWER_RIGHT_Y":"9252866.832"},"geometry":{"type":"Polygon","coordinates":[[[-63.534265770255004,-6.74987277186943],[-63.5251944842732,-6.749882626446643],[-63.525204264434841,-6.758950915105765],[-63.53427571932253,-6.758941047170527],[-63.534265770255004,-6.74987277186943]]]}},
{"type":"Feature","properties":{"DESCRIPTION":"MDT_1394125.tif","FILENAME":"U:\\P589_AmazoniaRevelada_BR-319\\LiDAR_dataset\\ENTREGAS\\ENTREGA_12\\2_MDT\\GEOTIFF\\MDT_1394125.tif","SHRT_FNAME":"MDT_1394125.tif","UPPER_LEFT_X":"441958.096","UPPER_LEFT_Y":"9253869.332","LOWER_RIGHT_X":"442960.596","LOWER_RIGHT_Y":"9252866.832"},"geometry":{"type":"Polygon","coordinates":[[[-63.525217105950816,-6.749882602081505],[-63.516145806568915,-6.74989228834466],[-63.516155418244637,-6.758960590100624],[-63.525226886533659,-6.758950890707599],[-63.525217105950816,-6.749882602081505]]]}},
{"type":"Feature","properties":{"DESCRIPTION":"MDT_1394126.tif","FILENAME":"U:\\P589_AmazoniaRevelada_BR-319\\LiDAR_dataset\\ENTREGAS\\ENTREGA_12\\2_MDT\\GEOTIFF\\MDT_1394126.tif","SHRT_FNAME":"MDT_1394126.tif","UPPER_LEFT_X":"442958.096","UPPER_LEFT_Y":"9253869.332","LOWER_RIGHT_X":"443960.596","LOWER_RIGHT_Y":"9252866.832"},"geometry":{"type":"Polygon","coordinates":[[[-63.516168428279641,-6.749892264399259],[-63.507097115728492,-6.749901782347153],[-63.507106558917108,-6.758970096972377],[-63.516178040376587,-6.758960566122765],[-63.516168428279641,-6.749892264399259]]]}},
{"type":"Feature","properties":{"DESCRIPTION":"MDT_1394127.tif","FILENAME":"U:\\P589_AmazoniaRevelada_BR-319\\LiDAR_dataset\\ENTREGAS\\ENTREGA_12\\2_MDT\\GEOTIFF\\MDT_1394127.tif","SHRT_FNAME":"MDT_1394127.tif","UPPER_LEFT_X":"443958.096","UPPER_LEFT_Y":"9253869.332","LOWER_RIGHT_X":"444960.596","LOWER_RIGHT_Y":"9252866.832"},"geometry":{"type":"Polygon","coordinates":[[[-63.507119737471783,-6.74990175882149],[-63.498048411982218,-6.749911108452941],[-63.498057686682543,-6.75897943571984],[-63.507129181081616,-6.758970073414826],[-63.507119737471783,-6.74990175882149]]]}},
{"type":"Feature","properties":{"DESCRIPTION":"MDT_1394128.tif","FILENAME":"U:\\P589_AmazoniaRevelada_BR-319\\LiDAR_dataset\\ENTREGAS\\ENTREGA_12\\2_MDT\\GEOTIFF\\MDT_1394128.tif","SHRT_FNAME":"MDT_1394128.tif","UPPER_LEFT_X":"444958.096","UPPER_LEFT_Y":"9253869.332","LOWER_RIGHT_X":"445961.096","LOWER_RIGHT_Y":"9252866.832"},"geometry":{"type":"Polygon","coordinates":[[[-63.498071033757491,-6.749911085347025],[-63.488995171199022,-6.749920271197978],[-63.489004277325627,-6.758988610885113],[-63.498080308879032,-6.758979412582601],[-63.498071033757491,-6.749911085347025]]]}},
{"type":"Feature","properties":{"DESCRIPTION":"MDT_1394129.tif","FILENAME":"U:\\P589_AmazoniaRevelada_BR-319\\LiDAR_dataset\\ENTREGAS\\ENTREGA_12\\2_MDT\\GEOTIFF\\MDT_1394129.tif","SHRT_FNAME":"MDT_1394129.tif","UPPER_LEFT_X":"445958.596","UPPER_LEFT_Y":"9253869.332","LOWER_RIGHT_X":"446961.096","LOWER_RIGHT_Y":"9252866.832"},"geometry":{"type":"Polygon","coordinates":[[[-63.489017793005701,-6.749920248512018],[-63.479946442325669,-6.74992926142296],[-63.47995537996168,-6.758997613296478],[-63.489026899553544,-6.758988588168402],[-63.489017793005701,-6.749920248512018]]]}},
{"type":"Feature","properties":{"DESCRIPTION":"MDT_1394130.tif","FILENAME":"U:\\P589_AmazoniaRevelada_BR-319\\LiDAR_dataset\\ENTREGAS\\ENTREGA_12\\2_MDT\\GEOTIFF\\MDT_1394130.tif","SHRT_FNAME":"MDT_1394130.tif","UPPER_LEFT_X":"446958.596","UPPER_LEFT_Y":"9253869.332","LOWER_RIGHT_X":"447961.096","LOWER_RIGHT_Y":"9252866.832"},"geometry":{"type":"Polygon","coordinates":[[[-63.479969064163171,-6.749929239156747],[-63.470897701237391,-6.749938083747828],[-63.470906470381685,-6.759006447580137],[-63.47997800222042,-6.758997591000083],[-63.479969064163171,-6.749929239156747]]]}},
{"type":"Feature","properties":{"DESCRIPTION":"MDT_1394131.tif","FILENAME":"U:\\P589_AmazoniaRevelada_BR-319\\LiDAR_dataset\\ENTREGAS\\ENTREGA_12\\2_MDT\\GEOTIFF\\MDT_1394131.tif","SHRT_FNAME":"MDT_1394131.tif","UPPER_LEFT_X":"447958.596","UPPER_LEFT_Y":"9253869.332","LOWER_RIGHT_X":"448961.096","LOWER_RIGHT_Y":"9252866.832"},"geometry":{"type":"Polygon","coordinates":[[[-63.470920323105155,-6.749938061901365],[-63.461848948164459,-6.749946738171483],[-63.461857548815942,-6.759015113734994],[-63.47092909267068,-6.759006425704062],[-63.470920323105155,-6.749938061901365]]]}},
{"type":"Feature","properties":{"DESCRIPTION":"MDT_1394132.tif","FILENAME":"U:\\P589_AmazoniaRevelada_BR-319\\LiDAR_dataset\\ENTREGAS\\ENTREGA_12\\2_MDT\\GEOTIFF\\MDT_1394132.tif","SHRT_FNAME":"MDT_1394132.tif","UPPER_LEFT_X":"448958.596","UPPER_LEFT_Y":"9253869.332","LOWER_RIGHT_X":"449961.096","LOWER_RIGHT_Y":"9252866.832"},"geometry":{"type":"Polygon","coordinates":[[[-63.461871570061888,-6.749946716744777],[-63.452800183337146,-6.749955224692854],[-63.452808615494725,-6.759023611759972],[-63.461880171134602,-6.759015092279243],[-63.461871570061888,-6.749946716744777]]]}},
{"type":"Feature","properties":{"DESCRIPTION":"MDT_1394133.tif","FILENAME":"U:\\P589_AmazoniaRevelada_BR-319\\LiDAR_dataset\\ENTREGAS\\ENTREGA_12\\2_MDT\\GEOTIFF\\MDT_1394133.tif","SHRT_FNAME":"MDT_1394133.tif","UPPER_LEFT_X":"449958.596","UPPER_LEFT_Y":"9253869.332","LOWER_RIGHT_X":"450961.096","LOWER_RIGHT_Y":"9252866.832"},"geometry":{"type":"Polygon","coordinates":[[[-63.452822805263672,-6.749955203685905],[-63.443751406985719,-6.749963543310889],[-63.443759670648362,-6.759031941654018],[-63.452831237842496,-6.759023590724549],[-63.452822805263672,-6.749955203685905]]]}},
{"type":"Feature","properties":{"DESCRIPTION":"MDT_1394134.tif","FILENAME":"U:\\P589_AmazoniaRevelada_BR-319\\LiDAR_dataset\\ENTREGAS\\ENTREGA_12\\2_MDT\\GEOTIFF\\MDT_1394134.tif","SHRT_FNAME":"MDT_1394134.tif","UPPER_LEFT_X":"450958.596","UPPER_LEFT_Y":"9253869.332","LOWER_RIGHT_X":"451961.596","LOWER_RIGHT_Y":"9252866.832"},"geometry":{"type":"Polygon","coordinates":[[[-63.44377402894078,-6.749963522723699],[-63.434698094943869,-6.749971698057911],[-63.434706190026276,-6.759040107454923],[-63.443782293024661,-6.759031921038921],[-63.44377402894078,-6.749963522723699]]]}},
{"type":"Feature","properties":{"DESCRIPTION":"MDT_1394135.tif","FILENAME":"U:\\P589_AmazoniaRevelada_BR-319\\LiDAR_dataset\\ENTREGAS\\ENTREGA_12\\2_MDT\\GEOTIFF\\MDT_1394135.tif","SHRT_FNAME":"MDT_1394135.tif","UPPER_LEFT_X":"451959.096","UPPER_LEFT_Y":"9253869.332","LOWER_RIGHT_X":"452961.596","LOWER_RIGHT_Y":"9252866.832"},"geometry":{"type":"Polygon","coordinates":[[[-63.434720716926897,-6.749971677890694],[-63.425649296229608,-6.749979680782239],[-63.425657222815019,-6.759048100999954],[-63.434728812430535,-6.759040087260368],[-63.434720716926897,-6.749971677890694]]]}},
{"type":"Feature","properties":{"DESCRIPTION":"MDT_1394136.tif","FILENAME":"U:\\P589_AmazoniaRevelada_BR-319\\LiDAR_dataset\\ENTREGAS\\ENTREGA_12\\2_MDT\\GEOTIFF\\MDT_1394136.tif","SHRT_FNAME":"MDT_1394136.tif","UPPER_LEFT_X":"452959.096","UPPER_LEFT_Y":"9253869.332","LOWER_RIGHT_X":"453961.596","LOWER_RIGHT_Y":"9252866.832"},"geometry":{"type":"Polygon","coordinates":[[[-63.425671918239999,-6.749979661034787],[-63.416600486682206,-6.749987495600191],[-63.41660824476962,-6.759055926411011],[-63.425679845246655,-6.759048081225733],[-63.425671918239999,-6.749979661034787]]]}},
{"type":"Feature","properties":{"DESCRIPTION":"MDT_1394137.tif","FILENAME":"U:\\P589_AmazoniaRevelada_BR-319\\LiDAR_dataset\\ENTREGAS\\ENTREGA_12\\2_MDT\\GEOTIFF\\MDT_1394137.tif","SHRT_FNAME":"MDT_1394137.tif","UPPER_LEFT_X":"453959.096","UPPER_LEFT_Y":"9253869.332","LOWER_RIGHT_X":"454961.596","LOWER_RIGHT_Y":"9252866.832"},"geometry":{"type":"Polygon","coordinates":[[[-63.416623108719392,-6.749987476272507],[-63.407551666531937,-6.7499951425108],[-63.407559256120393,-6.759063583687123],[-63.416630867228058,-6.759055907057125],[-63.416623108719392,-6.749987476272507]]]}},
{"type":"Feature","properties":{"DESCRIPTION":"MDT_1394138.tif","FILENAME":"U:\\P589_AmazoniaRevelada_BR-319\\LiDAR_dataset\\ENTREGAS\\ENTREGA_12\\2_MDT\\GEOTIFF\\MDT_1394138.tif","SHRT_FNAME":"MDT_1394138.tif","UPPER_LEFT_X":"454959.096","UPPER_LEFT_Y":"9253869.332","LOWER_RIGHT_X":"455961.596","LOWER_RIGHT_Y":"9252866.832"},"geometry":{"type":"Polygon","coordinates":[[[-63.407574288595342,-6.749995123602883],[-63.398502836009087,-6.750002621513114],[-63.398510257097634,-6.759071072827338],[-63.407581878605043,-6.759063564753576],[-63.407574288595342,-6.749995123602883]]]}},
{"type":"Feature","properties":{"DESCRIPTION":"MDT_1394139.tif","FILENAME":"U:\\P589_AmazoniaRevelada_BR-319\\LiDAR_dataset\\ENTREGAS\\ENTREGA_12\\2_MDT\\GEOTIFF\\MDT_1394139.tif","SHRT_FNAME":"MDT_1394139.tif","UPPER_LEFT_X":"455959.096","UPPER_LEFT_Y":"9253869.332","LOWER_RIGHT_X":"456962.096","LOWER_RIGHT_Y":"9252866.832"},"geometry":{"type":"Polygon","coordinates":[[[-63.398525458098121,-6.75000260302497],[-63.389449470921107,-6.750009936219752],[-63.389456723424551,-6.759078397449174],[-63.398532879607927,-6.759071054314132],[-63.398525458098121,-6.75000260302497]]]}},
{"type":"Feature","properties":{"DESCRIPTION":"MDT_1394140.tif","FILENAME":"U:\\P589_AmazoniaRevelada_BR-319\\LiDAR_dataset\\ENTREGAS\\ENTREGA_12\\2_MDT\\GEOTIFF\\MDT_1394140.tif","SHRT_FNAME":"MDT_1394140.tif","UPPER_LEFT_X":"456959.596","UPPER_LEFT_Y":"9253869.332","LOWER_RIGHT_X":"457962.096","LOWER_RIGHT_Y":"9252866.832"},"geometry":{"type":"Polygon","coordinates":[[[-63.389472093035231,-6.750009918151592],[-63.380400620339039,-6.750017079318757],[-63.380407704340747,-6.759085550230758],[-63.389479345959941,-6.75907837935652],[-63.389472093035231,-6.750009918151592]]]}},
{"type":"Feature","properties":{"DESCRIPTION":"MDT_1394141.tif","FILENAME":"U:\\P589_AmazoniaRevelada_BR-319\\LiDAR_dataset\\ENTREGAS\\ENTREGA_12\\2_MDT\\GEOTIFF\\MDT_1394141.tif","SHRT_FNAME":"MDT_1394141.tif","UPPER_LEFT_X":"457959.596","UPPER_LEFT_Y":"9253869.332","LOWER_RIGHT_X":"458962.096","LOWER_RIGHT_Y":"9252866.832"},"geometry":{"type":"Polygon","coordinates":[[[-63.380423242477676,-6.750017061670373],[-63.371351760075399,-6.750024054506744],[-63.371358675574463,-6.75909253487372],[-63.380430326900637,-6.759085532558452],[-63.380423242477676,-6.750017061670373]]]}},
{"type":"Feature","properties":{"DESCRIPTION":"MDT_1394142.tif","FILENAME":"U:\\P589_AmazoniaRevelada_BR-319\\LiDAR_dataset\\ENTREGAS\\ENTREGA_12\\2_MDT\\GEOTIFF\\MDT_1394142.tif","SHRT_FNAME":"MDT_1394142.tif","UPPER_LEFT_X":"458959.596","UPPER_LEFT_Y":"9253869.332","LOWER_RIGHT_X":"459962.096","LOWER_RIGHT_Y":"9252866.832"},"geometry":{"type":"Polygon","coordinates":[[[-63.371374382237931,-6.750024037278138],[-63.362302890360418,-6.750030861782847],[-63.362309637355992,-6.759099351377191],[-63.371381298158255,-6.75909251762176],[-63.371374382237931,-6.750024037278138]]]}},
{"type":"Feature","properties":{"DESCRIPTION":"MDT_1394143.tif","FILENAME":"U:\\P589_AmazoniaRevelada_BR-319\\LiDAR_dataset\\ENTREGAS\\ENTREGA_12\\2_MDT\\GEOTIFF\\MDT_1394143.tif","SHRT_FNAME":"MDT_1394143.tif","UPPER_LEFT_X":"459959.596","UPPER_LEFT_Y":"9253869.332","LOWER_RIGHT_X":"460962.096","LOWER_RIGHT_Y":"9252866.832"},"geometry":{"type":"Polygon","coordinates":[[[-63.362325512546299,-6.750030844974022],[-63.353254011424433,-6.750037501146219],[-63.353260589915649,-6.759105999740323],[-63.362332259963132,-6.75909933454558],[-63.362325512546299,-6.750030844974022]]]}},
{"type":"Feature","properties":{"DESCRIPTION":"MDT_1394144.tif","FILENAME":"U:\\P589_AmazoniaRevelada_BR-319\\LiDAR_dataset\\ENTREGAS\\ENTREGA_12\\2_MDT\\GEOTIFF\\MDT_1394144.tif","SHRT_FNAME":"MDT_1394144.tif","UPPER_LEFT_X":"460959.596","UPPER_LEFT_Y":"9253869.332","LOWER_RIGHT_X":"461962.596","LOWER_RIGHT_Y":"9252866.832"},"geometry":{"type":"Polygon","coordinates":[[[-63.353276633633072,-6.750037484757178],[-63.344200599051526,-6.750043975789766],[-63.344207008953326,-6.759112483160347],[-63.353283212545563,-6.759105983329066],[-63.353276633633072,-6.750037484757178]]]}},
{"type":"Feature","properties":{"DESCRIPTION":"MDT_1394145.tif","FILENAME":"U:\\P589_AmazoniaRevelada_BR-319\\LiDAR_dataset\\ENTREGAS\\ENTREGA_12\\2_MDT\\GEOTIFF\\MDT_1394145.tif","SHRT_FNAME":"MDT_1394145.tif","UPPER_LEFT_X":"461960.096","UPPER_LEFT_Y":"9253869.332","LOWER_RIGHT_X":"462962.596","LOWER_RIGHT_Y":"9252866.832"},"geometry":{"type":"Polygon","coordinates":[[[-63.34422322128237,-6.750043959820718],[-63.335151702360051,-6.750050279241272],[-63.335157943755867,-6.759118795156281],[-63.344229631605437,-6.759112467169655],[-63.34422322128237,-6.750043959820718]]]}},
{"type":"Feature","properties":{"DESCRIPTION":"MDT_1394146.tif","FILENAME":"U:\\P589_AmazoniaRevelada_BR-319\\LiDAR_dataset\\ENTREGAS\\ENTREGA_12\\2_MDT\\GEOTIFF\\MDT_1394146.tif","SHRT_FNAME":"MDT_1394146.tif","UPPER_LEFT_X":"462960.096","UPPER_LEFT_Y":"9253869.332","LOWER_RIGHT_X":"463962.596","LOWER_RIGHT_Y":"9252866.832"},"geometry":{"type":"Polygon","coordinates":[[[-63.335174324612503,-6.750050263692013],[-63.326102797138525,-6.750056414777638],[-63.326108870027603,-6.75912493900946],[-63.335180566429592,-6.759118779585942],[-63.335174324612503,-6.750050263692013]]]}},
{"type":"Feature","properties":{"DESCRIPTION":"MDT_1394147.tif","FILENAME":"U:\\P589_AmazoniaRevelada_BR-319\\LiDAR_dataset\\ENTREGAS\\ENTREGA_12\\2_MDT\\GEOTIFF\\MDT_1394147.tif","SHRT_FNAME":"MDT_1394147.tif","UPPER_LEFT_X":"463960.096","UPPER_LEFT_Y":"9253869.332","LOWER_RIGHT_X":"464430.096","LOWER_RIGHT_Y":"9252866.832"},"geometry":{"type":"Polygon","coordinates":[[[-63.326125419412023,-6.750056399648167],[-63.321872431086405,-6.750059225541057],[-63.321878425198307,-6.759127753582914],[-63.326131492722354,-6.759124923859481],[-63.326125419412023,-6.750056399648167]]]}},
{"type":"Feature","properties":{"DESCRIPTION":"MDT_1395116.tif","FILENAME":"U:\\P589_AmazoniaRevelada_BR-319\\LiDAR_dataset\\ENTREGAS\\ENTREGA_12\\2_MDT\\GEOTIFF\\MDT_1395116.tif","SHRT_FNAME":"MDT_1395116.tif","UPPER_LEFT_X":"432957.382","UPPER_LEFT_Y":"9252869.331","LOWER_RIGHT_X":"433959.382","LOWER_RIGHT_Y":"9251867.331"},"geometry":{"type":"Polygon","coordinates":[[[-63.606672305343437,-6.75883363377101],[-63.597605490771862,-6.758844844528491],[-63.597616628665975,-6.767908494044589],[-63.60668361219556,-6.767897268118317],[-63.606672305343437,-6.75883363377101]]]}},
{"type":"Feature","properties":{"DESCRIPTION":"MDT_1395117.tif","FILENAME":"U:\\P589_AmazoniaRevelada_BR-319\\LiDAR_dataset\\ENTREGAS\\ENTREGA_12\\2_MDT\\GEOTIFF\\MDT_1395117.tif","SHRT_FNAME":"MDT_1395117.tif","UPPER_LEFT_X":"433957.096","UPPER_LEFT_Y":"9252869.332","LOWER_RIGHT_X":"434959.596","LOWER_RIGHT_Y":"9251867.332"},"geometry":{"type":"Polygon","coordinates":[[[-63.597626176145596,-6.758844810098386],[-63.58855482196779,-6.758855857924856],[-63.588565791203635,-6.767919522354948],[-63.597637314425164,-6.76790845958014],[-63.597626176145596,-6.758844810098386]]]}},
{"type":"Feature","properties":{"DESCRIPTION":"MDT_1395118.tif","FILENAME":"U:\\P589_AmazoniaRevelada_BR-319\\LiDAR_dataset\\ENTREGAS\\ENTREGA_12\\2_MDT\\GEOTIFF\\MDT_1395118.tif","SHRT_FNAME":"MDT_1395118.tif","UPPER_LEFT_X":"434957.096","UPPER_LEFT_Y":"9252869.332","LOWER_RIGHT_X":"435960.096","LOWER_RIGHT_Y":"9251867.332"},"geometry":{"type":"Polygon","coordinates":[[[-63.588577443817471,-6.758855830584304],[-63.57950155024475,-6.758866715262078],[-63.579512350772745,-6.767930394382765],[-63.588588413474888,-6.767919494977404],[-63.588577443817471,-6.758855830584304]]]}},
{"type":"Feature","properties":{"DESCRIPTION":"MDT_1395119.tif","FILENAME":"U:\\P589_AmazoniaRevelada_BR-319\\LiDAR_dataset\\ENTREGAS\\ENTREGA_12\\2_MDT\\GEOTIFF\\MDT_1395119.tif","SHRT_FNAME":"MDT_1395119.tif","UPPER_LEFT_X":"435957.596","UPPER_LEFT_Y":"9252869.332","LOWER_RIGHT_X":"436960.096","LOWER_RIGHT_Y":"9251867.332"},"geometry":{"type":"Polygon","coordinates":[[[-63.57952417213162,-6.75886668834202],[-63.570452788142248,-6.758877399017623],[-63.57046342004535,-6.767941092594041],[-63.579534973081167,-6.767930367426282],[-63.57952417213162,-6.75886668834202]]]}},
{"type":"Feature","properties":{"DESCRIPTION":"MDT_1395120.tif","FILENAME":"U:\\P589_AmazoniaRevelada_BR-319\\LiDAR_dataset\\ENTREGAS\\ENTREGA_12\\2_MDT\\GEOTIFF\\MDT_1395120.tif","SHRT_FNAME":"MDT_1395120.tif","UPPER_LEFT_X":"436957.596","UPPER_LEFT_Y":"9252869.332","LOWER_RIGHT_X":"437960.096","LOWER_RIGHT_Y":"9251867.332"},"geometry":{"type":"Polygon","coordinates":[[[-63.570475410065704,-6.758877372517853],[-63.561404011520615,-6.758887914658149],[-63.561414474797473,-6.767951622462826],[-63.570486042390357,-6.767941066058413],[-63.570475410065704,-6.758877372517853]]]}},
{"type":"Feature","properties":{"DESCRIPTION":"MDT_1395121.tif","FILENAME":"U:\\P589_AmazoniaRevelada_BR-319\\LiDAR_dataset\\ENTREGAS\\ENTREGA_12\\2_MDT\\GEOTIFF\\MDT_1395121.tif","SHRT_FNAME":"MDT_1395121.tif","UPPER_LEFT_X":"437957.596","UPPER_LEFT_Y":"9252869.332","LOWER_RIGHT_X":"438960.096","LOWER_RIGHT_Y":"9251867.332"},"geometry":{"type":"Polygon","coordinates":[[[-63.561426633480075,-6.758887888578667],[-63.55235522061011,-6.758898262182349],[-63.552365515259446,-6.767961983987817],[-63.561437097178512,-6.767951596348058],[-63.561426633480075,-6.758887888578667]]]}},
{"type":"Feature","properties":{"DESCRIPTION":"MDT_1395122.tif","FILENAME":"U:\\P589_AmazoniaRevelada_BR-319\\LiDAR_dataset\\ENTREGAS\\ENTREGA_12\\2_MDT\\GEOTIFF\\MDT_1395122.tif","SHRT_FNAME":"MDT_1395122.tif","UPPER_LEFT_X":"438957.596","UPPER_LEFT_Y":"9252869.332","LOWER_RIGHT_X":"439960.096","LOWER_RIGHT_Y":"9251867.332"},"geometry":{"type":"Polygon","coordinates":[[[-63.552377842605011,-6.75889823652316],[-63.543306415641027,-6.758908441588939],[-63.543316541661525,-6.767972177167726],[-63.552388137675912,-6.76796195829391],[-63.552377842605011,-6.75889823652316]]]}},
{"type":"Feature","properties":{"DESCRIPTION":"MDT_1395123.tif","FILENAME":"U:\\P589_AmazoniaRevelada_BR-319\\LiDAR_dataset\\ENTREGAS\\ENTREGA_12\\2_MDT\\GEOTIFF\\MDT_1395123.tif","SHRT_FNAME":"MDT_1395123.tif","UPPER_LEFT_X":"439957.596","UPPER_LEFT_Y":"9252869.332","LOWER_RIGHT_X":"440960.596","LOWER_RIGHT_Y":"9251867.332"},"geometry":{"type":"Polygon","coordinates":[[[-63.543329037670794,-6.758908416350046],[-63.534253072430836,-6.758918457840249],[-63.534263029736934,-6.767982206971594],[-63.543339164112872,-6.767972151894682],[-63.543329037670794,-6.758908416350046]]]}},
{"type":"Feature","properties":{"DESCRIPTION":"MDT_1395124.tif","FILENAME":"U:\\P589_AmazoniaRevelada_BR-319\\LiDAR_dataset\\ENTREGAS\\ENTREGA_12\\2_MDT\\GEOTIFF\\MDT_1395124.tif","SHRT_FNAME":"MDT_1395124.tif","UPPER_LEFT_X":"440958.096","UPPER_LEFT_Y":"9252869.332","LOWER_RIGHT_X":"441960.596","LOWER_RIGHT_Y":"9251867.332"},"geometry":{"type":"Polygon","coordinates":[[[-63.534275694494887,-6.758918433021864],[-63.5252042400287,-6.758928300923787],[-63.525214028703452,-6.76799206337339],[-63.534285652222557,-6.76798218211963],[-63.534275694494887,-6.758918433021864]]]}},
{"type":"Feature","properties":{"DESCRIPTION":"MDT_1395125.tif","FILENAME":"U:\\P589_AmazoniaRevelada_BR-319\\LiDAR_dataset\\ENTREGAS\\ENTREGA_12\\2_MDT\\GEOTIFF\\MDT_1395125.tif","SHRT_FNAME":"MDT_1395125.tif","UPPER_LEFT_X":"441958.096","UPPER_LEFT_Y":"9252869.332","LOWER_RIGHT_X":"442960.596","LOWER_RIGHT_Y":"9251867.332"},"geometry":{"type":"Polygon","coordinates":[[[-63.525226862126466,-6.758928276525704],[-63.516155394258959,-6.758937975885987],[-63.516165014301144,-6.768001751426366],[-63.525236651222805,-6.767992038942295],[-63.525226862126466,-6.758928276525704]]]}},
{"type":"Feature","properties":{"DESCRIPTION":"MDT_1395126.tif","FILENAME":"U:\\P589_AmazoniaRevelada_BR-319\\LiDAR_dataset\\ENTREGAS\\ENTREGA_12\\2_MDT\\GEOTIFF\\MDT_1395126.tif","SHRT_FNAME":"MDT_1395126.tif","UPPER_LEFT_X":"442958.096","UPPER_LEFT_Y":"9252869.332","LOWER_RIGHT_X":"443960.596","LOWER_RIGHT_Y":"9251867.332"},"geometry":{"type":"Polygon","coordinates":[[[-63.516178016389851,-6.758937951908209],[-63.50710653535188,-6.758947482725645],[-63.507115986760297,-6.768011271129324],[-63.516187636853623,-6.768001727416144],[-63.516178016389851,-6.758937951908209]]]}},
{"type":"Feature","properties":{"DESCRIPTION":"MDT_1395127.tif","FILENAME":"U:\\P589_AmazoniaRevelada_BR-319\\LiDAR_dataset\\ENTREGAS\\ENTREGA_12\\2_MDT\\GEOTIFF\\MDT_1395127.tif","SHRT_FNAME":"MDT_1395127.tif","UPPER_LEFT_X":"443958.096","UPPER_LEFT_Y":"9252869.332","LOWER_RIGHT_X":"444960.596","LOWER_RIGHT_Y":"9251867.332"},"geometry":{"type":"Polygon","coordinates":[[[-63.50712915751533,-6.758947459168175],[-63.498057663537757,-6.758956821441583],[-63.498066946311219,-6.768020622481081],[-63.507138609345333,-6.768011247539979],[-63.50712915751533,-6.758947459168175]]]}},
{"type":"Feature","properties":{"DESCRIPTION":"MDT_1395128.tif","FILENAME":"U:\\P589_AmazoniaRevelada_BR-319\\LiDAR_dataset\\ENTREGAS\\ENTREGA_12\\2_MDT\\GEOTIFF\\MDT_1395128.tif","SHRT_FNAME":"MDT_1395128.tif","UPPER_LEFT_X":"444958.096","UPPER_LEFT_Y":"9252869.332","LOWER_RIGHT_X":"445961.096","LOWER_RIGHT_Y":"9251867.332"},"geometry":{"type":"Polygon","coordinates":[[[-63.498080285733209,-6.758956798304423],[-63.489004254601518,-6.758965996575882],[-63.48901336865454,-6.768029810029863],[-63.498089568928251,-6.768020599312615],[-63.498080285733209,-6.758956798304423]]]}},
{"type":"Feature","properties":{"DESCRIPTION":"MDT_1395129.tif","FILENAME":"U:\\P589_AmazoniaRevelada_BR-319\\LiDAR_dataset\\ENTREGAS\\ENTREGA_12\\2_MDT\\GEOTIFF\\MDT_1395129.tif","SHRT_FNAME":"MDT_1395129.tif","UPPER_LEFT_X":"445958.596","UPPER_LEFT_Y":"9252869.332","LOWER_RIGHT_X":"446961.096","LOWER_RIGHT_Y":"9251867.332"},"geometry":{"type":"Polygon","coordinates":[[[-63.489026876828376,-6.758965973859246],[-63.479955357658035,-6.758974998956856],[-63.4799643030738,-6.768038824591575],[-63.489035991303005,-6.76802978728249],[-63.489026876828376,-6.758965973859246]]]}},
{"type":"Feature","properties":{"DESCRIPTION":"MDT_1395130.tif","FILENAME":"U:\\P589_AmazoniaRevelada_BR-319\\LiDAR_dataset\\ENTREGAS\\ENTREGA_12\\2_MDT\\GEOTIFF\\MDT_1395130.tif","SHRT_FNAME":"MDT_1395130.tif","UPPER_LEFT_X":"446958.596","UPPER_LEFT_Y":"9252869.332","LOWER_RIGHT_X":"447961.096","LOWER_RIGHT_Y":"9251867.332"},"geometry":{"type":"Polygon","coordinates":[[[-63.479977979915738,-6.758974976660537],[-63.470906448498518,-6.758983833210692],[-63.470915225275903,-6.768047670798665],[-63.479986925753089,-6.768038802265088],[-63.479977979915738,-6.758974976660537]]]}},
{"type":"Feature","properties":{"DESCRIPTION":"MDT_1395131.tif","FILENAME":"U:\\P589_AmazoniaRevelada_BR-319\\LiDAR_dataset\\ENTREGAS\\ENTREGA_12\\2_MDT\\GEOTIFF\\MDT_1395131.tif","SHRT_FNAME":"MDT_1395131.tif","UPPER_LEFT_X":"447958.596","UPPER_LEFT_Y":"9252869.332","LOWER_RIGHT_X":"448961.096","LOWER_RIGHT_Y":"9251867.332"},"geometry":{"type":"Polygon","coordinates":[[[-63.470929070786454,-6.758983811334692],[-63.461857527353239,-6.758992499336295],[-63.461866135491142,-6.768056348650034],[-63.470937847985432,-6.768047648893066],[-63.470929070786454,-6.758983811334692]]]}},
{"type":"Feature","properties":{"DESCRIPTION":"MDT_1395132.tif","FILENAME":"U:\\P589_AmazoniaRevelada_BR-319\\LiDAR_dataset\\ENTREGAS\\ENTREGA_12\\2_MDT\\GEOTIFF\\MDT_1395132.tif","SHRT_FNAME":"MDT_1395132.tif","UPPER_LEFT_X":"448958.596","UPPER_LEFT_Y":"9252869.332","LOWER_RIGHT_X":"449961.096","LOWER_RIGHT_Y":"9251867.332"},"geometry":{"type":"Polygon","coordinates":[[[-63.461880149670847,-6.758992477880616],[-63.452808594452492,-6.759000997332586],[-63.452817033949842,-6.768064858144604],[-63.461888758230351,-6.768056327165326],[-63.461880149670847,-6.758992477880616]]]}},
{"type":"Feature","properties":{"DESCRIPTION":"MDT_1395133.tif","FILENAME":"U:\\P589_AmazoniaRevelada_BR-319\\LiDAR_dataset\\ENTREGAS\\ENTREGA_12\\2_MDT\\GEOTIFF\\MDT_1395133.tif","SHRT_FNAME":"MDT_1395133.tif","UPPER_LEFT_X":"449958.596","UPPER_LEFT_Y":"9252869.332","LOWER_RIGHT_X":"450961.096","LOWER_RIGHT_Y":"9251867.332"},"geometry":{"type":"Polygon","coordinates":[[[-63.452831216799225,-6.759000976297232],[-63.443759650026614,-6.75900932719851],[-63.443767920882337,-6.768073199281318],[-63.452839656718169,-6.768064837080789],[-63.452831216799225,-6.759000976297232]]]}},
{"type":"Feature","properties":{"DESCRIPTION":"MDT_1395134.tif","FILENAME":"U:\\P589_AmazoniaRevelada_BR-319\\LiDAR_dataset\\ENTREGAS\\ENTREGA_12\\2_MDT\\GEOTIFF\\MDT_1395134.tif","SHRT_FNAME":"MDT_1395134.tif","UPPER_LEFT_X":"450958.596","UPPER_LEFT_Y":"9252869.332","LOWER_RIGHT_X":"451961.596","LOWER_RIGHT_Y":"9251867.332"},"geometry":{"type":"Polygon","coordinates":[[[-63.443782272401855,-6.759009306583484],[-63.434706169825212,-6.75901749297185],[-63.434714271953979,-6.76808137610342],[-63.443790543679192,-6.768073178638398],[-63.443782272401855,-6.759009306583484]]]}},
{"type":"Feature","properties":{"DESCRIPTION":"MDT_1395135.tif","FILENAME":"U:\\P589_AmazoniaRevelada_BR-319\\LiDAR_dataset\\ENTREGAS\\ENTREGA_12\\2_MDT\\GEOTIFF\\MDT_1395135.tif","SHRT_FNAME":"MDT_1395135.tif","UPPER_LEFT_X":"451959.096","UPPER_LEFT_Y":"9252869.332","LOWER_RIGHT_X":"452961.596","LOWER_RIGHT_Y":"9251867.332"},"geometry":{"type":"Polygon","coordinates":[[[-63.434728792228412,-6.759017472777363],[-63.42565720303444,-6.759025486489895],[-63.425665136519527,-6.768089380437156],[-63.434736894778794,-6.768081355881608],[-63.434728792228412,-6.759017472777363]]]}},
{"type":"Feature","properties":{"DESCRIPTION":"MDT_1395136.tif","FILENAME":"U:\\P589_AmazoniaRevelada_BR-319\\LiDAR_dataset\\ENTREGAS\\ENTREGA_12\\2_MDT\\GEOTIFF\\MDT_1395136.tif","SHRT_FNAME":"MDT_1395136.tif","UPPER_LEFT_X":"452959.096","UPPER_LEFT_Y":"9252869.332","LOWER_RIGHT_X":"453961.596","LOWER_RIGHT_Y":"9251867.332"},"geometry":{"type":"Polygon","coordinates":[[[-63.425679825465018,-6.75902546671574],[-63.416608225409519,-6.759033311874534],[-63.416615990249959,-6.768097216409994],[-63.425687759371719,-6.768089360636247],[-63.425679825465018,-6.75902546671574]]]}},
{"type":"Feature","properties":{"DESCRIPTION":"MDT_1395137.tif","FILENAME":"U:\\P589_AmazoniaRevelada_BR-319\\LiDAR_dataset\\ENTREGAS\\ENTREGA_12\\2_MDT\\GEOTIFF\\MDT_1395137.tif","SHRT_FNAME":"MDT_1395137.tif","UPPER_LEFT_X":"453959.096","UPPER_LEFT_Y":"9252869.332","LOWER_RIGHT_X":"454961.596","LOWER_RIGHT_Y":"9251867.332"},"geometry":{"type":"Polygon","coordinates":[[[-63.416630847866905,-6.759033292520716],[-63.40755923718077,-6.759040969124798],[-63.407566833375576,-6.768104884020958],[-63.416638613128946,-6.768097197029987],[-63.416630847866905,-6.759033292520716]]]}},
{"type":"Feature","properties":{"DESCRIPTION":"MDT_1395138.tif","FILENAME":"U:\\P589_AmazoniaRevelada_BR-319\\LiDAR_dataset\\ENTREGAS\\ENTREGA_12\\2_MDT\\GEOTIFF\\MDT_1395138.tif","SHRT_FNAME":"MDT_1395138.tif","UPPER_LEFT_X":"454959.096","UPPER_LEFT_Y":"9252869.332","LOWER_RIGHT_X":"455961.596","LOWER_RIGHT_Y":"9251867.332"},"geometry":{"type":"Polygon","coordinates":[[[-63.407581859664376,-6.759040950191315],[-63.398510238578496,-6.759048458239731],[-63.398517666126722,-6.768112383269097],[-63.407589456280796,-6.768104865061857],[-63.407581859664376,-6.759040950191315]]]}},
{"type":"Feature","properties":{"DESCRIPTION":"MDT_1395139.tif","FILENAME":"U:\\P589_AmazoniaRevelada_BR-319\\LiDAR_dataset\\ENTREGAS\\ENTREGA_12\\2_MDT\\GEOTIFF\\MDT_1395139.tif","SHRT_FNAME":"MDT_1395139.tif","UPPER_LEFT_X":"455959.096","UPPER_LEFT_Y":"9252869.332","LOWER_RIGHT_X":"456962.096","LOWER_RIGHT_Y":"9251867.332"},"geometry":{"type":"Polygon","coordinates":[[[-63.398532861087737,-6.759048439726588],[-63.389456705326133,-6.75905578283684],[-63.389463964142507,-6.768119717776808],[-63.398540289057593,-6.768112364730904],[-63.398532861087737,-6.759048439726588]]]}},
{"type":"Feature","properties":{"DESCRIPTION":"MDT_1395140.tif","FILENAME":"U:\\P589_AmazoniaRevelada_BR-319\\LiDAR_dataset\\ENTREGAS\\ENTREGA_12\\2_MDT\\GEOTIFF\\MDT_1395140.tif","SHRT_FNAME":"MDT_1395140.tif","UPPER_LEFT_X":"456959.596","UPPER_LEFT_Y":"9252869.332","LOWER_RIGHT_X":"457962.096","LOWER_RIGHT_Y":"9251867.332"},"geometry":{"type":"Polygon","coordinates":[[[-63.389479327860457,-6.759055764744248],[-63.380407686662807,-6.759062935594277],[-63.380414776830783,-6.768126880212343],[-63.389486587098467,-6.768119699659739],[-63.389479327860457,-6.759055764744248]]]}},
{"type":"Feature","properties":{"DESCRIPTION":"MDT_1395141.tif","FILENAME":"U:\\P589_AmazoniaRevelada_BR-319\\LiDAR_dataset\\ENTREGAS\\ENTREGA_12\\2_MDT\\GEOTIFF\\MDT_1395141.tif","SHRT_FNAME":"MDT_1395141.tif","UPPER_LEFT_X":"457959.596","UPPER_LEFT_Y":"9252869.332","LOWER_RIGHT_X":"458962.096","LOWER_RIGHT_Y":"9251867.332"},"geometry":{"type":"Polygon","coordinates":[[[-63.380430309221637,-6.75906291792203],[-63.371358658317014,-6.75906992021366],[-63.371365579835668,-6.768133874282322],[-63.380437399811228,-6.768126862516185],[-63.380430309221637,-6.75906291792203]]]}},
{"type":"Feature","properties":{"DESCRIPTION":"MDT_1395142.tif","FILENAME":"U:\\P589_AmazoniaRevelada_BR-319\\LiDAR_dataset\\ENTREGAS\\ENTREGA_12\\2_MDT\\GEOTIFF\\MDT_1395142.tif","SHRT_FNAME":"MDT_1395142.tif","UPPER_LEFT_X":"458959.596","UPPER_LEFT_Y":"9252869.332","LOWER_RIGHT_X":"459962.096","LOWER_RIGHT_Y":"9251867.332"},"geometry":{"type":"Polygon","coordinates":[[[-63.371381280899762,-6.75906990296176],[-63.362309620519042,-6.759076736694119],[-63.362316373387529,-6.768140699985874],[-63.371388202840045,-6.768133857007077],[-63.371381280899762,-6.75906990296176]]]}},
{"type":"Feature","properties":{"DESCRIPTION":"MDT_1395143.tif","FILENAME":"U:\\P589_AmazoniaRevelada_BR-319\\LiDAR_dataset\\ENTREGAS\\ENTREGA_12\\2_MDT\\GEOTIFF\\MDT_1395143.tif","SHRT_FNAME":"MDT_1395143.tif","UPPER_LEFT_X":"459959.596","UPPER_LEFT_Y":"9252869.332","LOWER_RIGHT_X":"460962.096","LOWER_RIGHT_Y":"9251867.332"},"geometry":{"type":"Polygon","coordinates":[[[-63.362332243125124,-6.759076719862566],[-63.353260573499192,-6.759083385034809],[-63.353267157716651,-6.768147357322154],[-63.362338996415239,-6.768140683131548],[-63.362332243125124,-6.759076719862566]]]}},
{"type":"Feature","properties":{"DESCRIPTION":"MDT_1395144.tif","FILENAME":"U:\\P589_AmazoniaRevelada_BR-319\\LiDAR_dataset\\ENTREGAS\\ENTREGA_12\\2_MDT\\GEOTIFF\\MDT_1395144.tif","SHRT_FNAME":"MDT_1395144.tif","UPPER_LEFT_X":"460959.596","UPPER_LEFT_Y":"9252869.332","LOWER_RIGHT_X":"461962.596","LOWER_RIGHT_Y":"9251867.332"},"geometry":{"type":"Polygon","coordinates":[[[-63.353283196128046,-6.759083368623606],[-63.344206992957588,-6.759089868432947],[-63.344213408438875,-6.768153849492705],[-63.353289780767135,-6.768147340888747],[-63.353283196128046,-6.759083368623606]]]}},
{"type":"Feature","properties":{"DESCRIPTION":"MDT_1395145.tif","FILENAME":"U:\\P589_AmazoniaRevelada_BR-319\\LiDAR_dataset\\ENTREGAS\\ENTREGA_12\\2_MDT\\GEOTIFF\\MDT_1395145.tif","SHRT_FNAME":"MDT_1395145.tif","UPPER_LEFT_X":"461960.096","UPPER_LEFT_Y":"9252869.332","LOWER_RIGHT_X":"462962.596","LOWER_RIGHT_Y":"9251867.332"},"geometry":{"type":"Polygon","coordinates":[[[-63.344229615608647,-6.759089852442308],[-63.335157928180628,-6.759096180407569],[-63.335164175009261,-6.768160170007798],[-63.344236031511556,-6.768153833480431],[-63.344229615608647,-6.759089852442308]]]}},
{"type":"Feature","properties":{"DESCRIPTION":"MDT_1395146.tif","FILENAME":"U:\\P589_AmazoniaRevelada_BR-319\\LiDAR_dataset\\ENTREGAS\\ENTREGA_12\\2_MDT\\GEOTIFF\\MDT_1395146.tif","SHRT_FNAME":"MDT_1395146.tif","UPPER_LEFT_X":"462960.096","UPPER_LEFT_Y":"9252869.332","LOWER_RIGHT_X":"463962.596","LOWER_RIGHT_Y":"9251867.332"},"geometry":{"type":"Polygon","coordinates":[[[-63.335180550853295,-6.759096164837285],[-63.326108854872857,-6.75910232424001],[-63.326114933048061,-6.768166322153201],[-63.335186798103571,-6.768160154416447],[-63.335180550853295,-6.759096164837285]]]}},
{"type":"Feature","properties":{"DESCRIPTION":"MDT_1395147.tif","FILENAME":"U:\\P589_AmazoniaRevelada_BR-319\\LiDAR_dataset\\ENTREGAS\\ENTREGA_12\\2_MDT\\GEOTIFF\\MDT_1395147.tif","SHRT_FNAME":"MDT_1395147.tif","UPPER_LEFT_X":"463960.096","UPPER_LEFT_Y":"9252869.332","LOWER_RIGHT_X":"464430.096","LOWER_RIGHT_Y":"9251867.332"},"geometry":{"type":"Polygon","coordinates":[[[-63.32613147756657,-6.759102309090081],[-63.32187841024016,-6.759105138803961],[-63.32188440956962,-6.768169140525422],[-63.326137556163417,-6.768166306982774],[-63.32613147756657,-6.759102309090081]]]}},
{"type":"Feature","properties":{"DESCRIPTION":"MDT_1396116.tif","FILENAME":"U:\\P589_AmazoniaRevelada_BR-319\\LiDAR_dataset\\ENTREGAS\\ENTREGA_12\\2_MDT\\GEOTIFF\\MDT_1396116.tif","SHRT_FNAME":"MDT_1396116.tif","UPPER_LEFT_X":"432957.382","UPPER_LEFT_Y":"9251869.456","LOWER_RIGHT_X":"433959.382","LOWER_RIGHT_Y":"9250867.456"},"geometry":{"type":"Polygon","coordinates":[[[-63.606683588200056,-6.767878046342472],[-63.597616605029032,-6.767889272236573],[-63.597627758163178,-6.776952918371515],[-63.606694910523409,-6.776941677308082],[-63.606683588200056,-6.767878046342472]]]}},
{"type":"Feature","properties":{"DESCRIPTION":"MDT_1396117.tif","FILENAME":"U:\\P589_AmazoniaRevelada_BR-319\\LiDAR_dataset\\ENTREGAS\\ENTREGA_12\\2_MDT\\GEOTIFF\\MDT_1396117.tif","SHRT_FNAME":"MDT_1396117.tif","UPPER_LEFT_X":"433957.096","UPPER_LEFT_Y":"9251869.832","LOWER_RIGHT_X":"434959.596","LOWER_RIGHT_Y":"9250867.332"},"geometry":{"type":"Polygon","coordinates":[[[-63.597637286616035,-6.767885845688442],[-63.588565763816568,-6.767896908425952],[-63.588576753540956,-6.776965092260798],[-63.597648445699896,-6.776954014566958],[-63.597637286616035,-6.767885845688442]]]}},
{"type":"Feature","properties":{"DESCRIPTION":"MDT_1396118.tif","FILENAME":"U:\\P589_AmazoniaRevelada_BR-319\\LiDAR_dataset\\ENTREGAS\\ENTREGA_12\\2_MDT\\GEOTIFF\\MDT_1396118.tif","SHRT_FNAME":"MDT_1396118.tif","UPPER_LEFT_X":"434957.096","UPPER_LEFT_Y":"9251869.832","LOWER_RIGHT_X":"435960.096","LOWER_RIGHT_Y":"9250867.332"},"geometry":{"type":"Polygon","coordinates":[[[-63.588588386086762,-6.767896881048501],[-63.579512323806881,-6.767907780417115],[-63.579523144508308,-6.77697597895041],[-63.588599376233496,-6.776965064846333],[-63.588588386086762,-6.767896881048501]]]}},
{"type":"Feature","properties":{"DESCRIPTION":"MDT_1396119.tif","FILENAME":"U:\\P589_AmazoniaRevelada_BR-319\\LiDAR_dataset\\ENTREGAS\\ENTREGA_12\\2_MDT\\GEOTIFF\\MDT_1396119.tif","SHRT_FNAME":"MDT_1396119.tif","UPPER_LEFT_X":"435957.596","UPPER_LEFT_Y":"9251869.832","LOWER_RIGHT_X":"436960.096","LOWER_RIGHT_Y":"9250867.332"},"geometry":{"type":"Polygon","coordinates":[[[-63.579534946114265,-6.767907753460724],[-63.570463393500503,-6.767918478592322],[-63.57047404526206,-6.776986691589076],[-63.579545767238038,-6.776975951957574],[-63.579534946114265,-6.767907753460724]]]}},
{"type":"Feature","properties":{"DESCRIPTION":"MDT_1396120.tif","FILENAME":"U:\\P589_AmazoniaRevelada_BR-319\\LiDAR_dataset\\ENTREGAS\\ENTREGA_12\\2_MDT\\GEOTIFF\\MDT_1396120.tif","SHRT_FNAME":"MDT_1396120.tif","UPPER_LEFT_X":"436957.596","UPPER_LEFT_Y":"9251869.832","LOWER_RIGHT_X":"437960.096","LOWER_RIGHT_Y":"9250867.332"},"geometry":{"type":"Polygon","coordinates":[[[-63.570486015844473,-6.767918452056785],[-63.561414448673645,-6.767929008425609],[-63.561424931494024,-6.77699723565823],[-63.570496668028376,-6.776986665017664],[-63.570486015844473,-6.767918452056785]]]}},
{"type":"Feature","properties":{"DESCRIPTION":"MDT_1396121.tif","FILENAME":"U:\\P589_AmazoniaRevelada_BR-319\\LiDAR_dataset\\ENTREGAS\\ENTREGA_12\\2_MDT\\GEOTIFF\\MDT_1396121.tif","SHRT_FNAME":"MDT_1396121.tif","UPPER_LEFT_X":"437957.596","UPPER_LEFT_Y":"9251869.832","LOWER_RIGHT_X":"438960.096","LOWER_RIGHT_Y":"9250867.332"},"geometry":{"type":"Polygon","coordinates":[[[-63.561437071053625,-6.767928982310928],[-63.552365489556614,-6.767939369915667],[-63.552375803434494,-6.777007611156563],[-63.561447554296358,-6.776997209508242],[-63.561437071053625,-6.767928982310928]]]}},
{"type":"Feature","properties":{"DESCRIPTION":"MDT_1396122.tif","FILENAME":"U:\\P589_AmazoniaRevelada_BR-319\\LiDAR_dataset\\ENTREGAS\\ENTREGA_12\\2_MDT\\GEOTIFF\\MDT_1396122.tif","SHRT_FNAME":"MDT_1396122.tif","UPPER_LEFT_X":"438957.596","UPPER_LEFT_Y":"9251869.832","LOWER_RIGHT_X":"439960.096","LOWER_RIGHT_Y":"9250867.332"},"geometry":{"type":"Polygon","coordinates":[[[-63.552388111972043,-6.767939344221847],[-63.543316516379733,-6.767949563061211],[-63.54332666131382,-6.77701781808279],[-63.552398426272269,-6.777007585428007],[-63.552388111972043,-6.767939344221847]]]}},
{"type":"Feature","properties":{"DESCRIPTION":"MDT_1396123.tif","FILENAME":"U:\\P589_AmazoniaRevelada_BR-319\\LiDAR_dataset\\ENTREGAS\\ENTREGA_12\\2_MDT\\GEOTIFF\\MDT_1396123.tif","SHRT_FNAME":"MDT_1396123.tif","UPPER_LEFT_X":"439957.596","UPPER_LEFT_Y":"9251869.832","LOWER_RIGHT_X":"440960.596","LOWER_RIGHT_Y":"9250867.332"},"geometry":{"type":"Polygon","coordinates":[[[-63.543339138830014,-6.767949537788252],[-63.534263004876351,-6.767959592831267],[-63.534272980780905,-6.777027861412652],[-63.543349284186455,-6.777017792775664],[-63.543339138830014,-6.767949537788252]]]}},
{"type":"Feature","properties":{"DESCRIPTION":"MDT_1396124.tif","FILENAME":"U:\\P589_AmazoniaRevelada_BR-319\\LiDAR_dataset\\ENTREGAS\\ENTREGA_12\\2_MDT\\GEOTIFF\\MDT_1396124.tif","SHRT_FNAME":"MDT_1396124.tif","UPPER_LEFT_X":"440958.096","UPPER_LEFT_Y":"9251869.832","LOWER_RIGHT_X":"441960.596","LOWER_RIGHT_Y":"9250867.332"},"geometry":{"type":"Polygon","coordinates":[[[-63.534285627360937,-6.767959567979384],[-63.525214004263916,-6.76796944919983],[-63.525223811222133,-6.777037731106592],[-63.534295603687859,-6.777027836527171],[-63.534285627360937,-6.767959567979384]]]}},
{"type":"Feature","properties":{"DESCRIPTION":"MDT_1396125.tif","FILENAME":"U:\\P589_AmazoniaRevelada_BR-319\\LiDAR_dataset\\ENTREGAS\\ENTREGA_12\\2_MDT\\GEOTIFF\\MDT_1396125.tif","SHRT_FNAME":"MDT_1396125.tif","UPPER_LEFT_X":"441958.096","UPPER_LEFT_Y":"9251869.832","LOWER_RIGHT_X":"442960.596","LOWER_RIGHT_Y":"9250867.332"},"geometry":{"type":"Polygon","coordinates":[[[-63.525236626782203,-6.767969424768817],[-63.516164990282626,-6.767979137220145],[-63.516174628293314,-6.777047432224683],[-63.525246434162796,-6.77703770664255],[-63.525236626782203,-6.767969424768817]]]}},
{"type":"Feature","properties":{"DESCRIPTION":"MDT_1396126.tif","FILENAME":"U:\\P589_AmazoniaRevelada_BR-319\\LiDAR_dataset\\ENTREGAS\\ENTREGA_12\\2_MDT\\GEOTIFF\\MDT_1396126.tif","SHRT_FNAME":"MDT_1396126.tif","UPPER_LEFT_X":"442958.096","UPPER_LEFT_Y":"9251869.832","LOWER_RIGHT_X":"443960.596","LOWER_RIGHT_Y":"9250867.332"},"geometry":{"type":"Polygon","coordinates":[[[-63.516187612834052,-6.767979113210004],[-63.507115963162803,-6.767988656891009],[-63.507125432224747,-6.777056964765723],[-63.516197251267108,-6.777047408182082],[-63.516187612834052,-6.767979113210004]]]}},
{"type":"Feature","properties":{"DESCRIPTION":"MDT_1396127.tif","FILENAME":"U:\\P589_AmazoniaRevelada_BR-319\\LiDAR_dataset\\ENTREGAS\\ENTREGA_12\\2_MDT\\GEOTIFF\\MDT_1396127.tif","SHRT_FNAME":"MDT_1396127.tif","UPPER_LEFT_X":"443958.096","UPPER_LEFT_Y":"9251869.832","LOWER_RIGHT_X":"444960.596","LOWER_RIGHT_Y":"9250867.332"},"geometry":{"type":"Polygon","coordinates":[[[-63.507138585746787,-6.767988633301742],[-63.498066923134772,-6.767998008211237],[-63.498076223246777,-6.777066328728527],[-63.507148055231106,-6.777056941144566],[-63.507138585746787,-6.767988633301742]]]}},
{"type":"Feature","properties":{"DESCRIPTION":"MDT_1396128.tif","FILENAME":"U:\\P589_AmazoniaRevelada_BR-319\\LiDAR_dataset\\ENTREGAS\\ENTREGA_12\\2_MDT\\GEOTIFF\\MDT_1396128.tif","SHRT_FNAME":"MDT_1396128.tif","UPPER_LEFT_X":"444958.096","UPPER_LEFT_Y":"9251869.832","LOWER_RIGHT_X":"445961.096","LOWER_RIGHT_Y":"9250867.332"},"geometry":{"type":"Polygon","coordinates":[[[-63.498089545750751,-6.767997985042849],[-63.489013345899338,-6.768007195729045],[-63.489022476975769,-6.777075528667454],[-63.498098846285124,-6.777066305528815],[-63.498089545750751,-6.767997985042849]]]}},
{"type":"Feature","properties":{"DESCRIPTION":"MDT_1396129.tif","FILENAME":"U:\\P589_AmazoniaRevelada_BR-319\\LiDAR_dataset\\ENTREGAS\\ENTREGA_12\\2_MDT\\GEOTIFF\\MDT_1396129.tif","SHRT_FNAME":"MDT_1396129.tif","UPPER_LEFT_X":"445958.596","UPPER_LEFT_Y":"9251869.832","LOWER_RIGHT_X":"446961.096","LOWER_RIGHT_Y":"9250867.332"},"geometry":{"type":"Polygon","coordinates":[[[-63.489035968546744,-6.768007172981747],[-63.479964280739644,-6.768016210260365],[-63.479973242863828,-6.777084555386026],[-63.489045100045551,-6.777075505889404],[-63.489035968546744,-6.768007172981747]]]}},
{"type":"Feature","properties":{"DESCRIPTION":"MDT_1396130.tif","FILENAME":"U:\\P589_AmazoniaRevelada_BR-319\\LiDAR_dataset\\ENTREGAS\\ENTREGA_12\\2_MDT\\GEOTIFF\\MDT_1396130.tif","SHRT_FNAME":"MDT_1396130.tif","UPPER_LEFT_X":"446958.596","UPPER_LEFT_Y":"9251869.832","LOWER_RIGHT_X":"447961.096","LOWER_RIGHT_Y":"9250867.332"},"geometry":{"type":"Polygon","coordinates":[[[-63.479986903417874,-6.768016187933955],[-63.470915203362772,-6.76802505643763],[-63.4709239965336,-6.777093413522937],[-63.479995865964433,-6.777084533029431],[-63.479986903417874,-6.768016187933955]]]}},
{"type":"Feature","properties":{"DESCRIPTION":"MDT_1396131.tif","FILENAME":"U:\\P589_AmazoniaRevelada_BR-319\\LiDAR_dataset\\ENTREGAS\\ENTREGA_12\\2_MDT\\GEOTIFF\\MDT_1396131.tif","SHRT_FNAME":"MDT_1396131.tif","UPPER_LEFT_X":"447958.596","UPPER_LEFT_Y":"9251869.832","LOWER_RIGHT_X":"448961.096","LOWER_RIGHT_Y":"9250867.332"},"geometry":{"type":"Polygon","coordinates":[[[-63.470937826071257,-6.768025034532107],[-63.461866113999065,-6.768033734259744],[-63.461874738215421,-6.777102103077085],[-63.47094661966446,-6.777093391587796],[-63.470937826071257,-6.768025034532107]]]}},
{"type":"Feature","properties":{"DESCRIPTION":"MDT_1396132.tif","FILENAME":"U:\\P589_AmazoniaRevelada_BR-319\\LiDAR_dataset\\ENTREGAS\\ENTREGA_12\\2_MDT\\GEOTIFF\\MDT_1396132.tif","SHRT_FNAME":"MDT_1396132.tif","UPPER_LEFT_X":"448958.596","UPPER_LEFT_Y":"9251869.832","LOWER_RIGHT_X":"449961.096","LOWER_RIGHT_Y":"9250867.332"},"geometry":{"type":"Polygon","coordinates":[[[-63.46188873673723,-6.768033712775106],[-63.452817012878818,-6.768042243725624],[-63.452825468139622,-6.777110624047393],[-63.461897361375961,-6.777102081563402],[-63.46188873673723,-6.768033712775106]]]}},
{"type":"Feature","properties":{"DESCRIPTION":"MDT_1396133.tif","FILENAME":"U:\\P589_AmazoniaRevelada_BR-319\\LiDAR_dataset\\ENTREGAS\\ENTREGA_12\\2_MDT\\GEOTIFF\\MDT_1396133.tif","SHRT_FNAME":"MDT_1396133.tif","UPPER_LEFT_X":"449958.596","UPPER_LEFT_Y":"9251869.832","LOWER_RIGHT_X":"450961.096","LOWER_RIGHT_Y":"9250867.332"},"geometry":{"type":"Polygon","coordinates":[[[-63.452839635646079,-6.768042222661879],[-63.443767900232359,-6.768050584834218],[-63.44377618653656,-6.777118976432799],[-63.452848091329287,-6.777110602955171],[-63.452839635646079,-6.768042222661879]]]}},
{"type":"Feature","properties":{"DESCRIPTION":"MDT_1396134.tif","FILENAME":"U:\\P589_AmazoniaRevelada_BR-319\\LiDAR_dataset\\ENTREGAS\\ENTREGA_12\\2_MDT\\GEOTIFF\\MDT_1396134.tif","SHRT_FNAME":"MDT_1396134.tif","UPPER_LEFT_X":"450958.596","UPPER_LEFT_Y":"9251869.832","LOWER_RIGHT_X":"451961.596","LOWER_RIGHT_Y":"9250867.332"},"geometry":{"type":"Polygon","coordinates":[[[-63.443790523028156,-6.768050564191368],[-63.434714251725254,-6.768058761628751],[-63.434722368987337,-6.777127164282004],[-63.44379880975476,-6.777118955762041],[-63.443790523028156,-6.768050564191368]]]}},
{"type":"Feature","properties":{"DESCRIPTION":"MDT_1396135.tif","FILENAME":"U:\\P589_AmazoniaRevelada_BR-319\\LiDAR_dataset\\ENTREGAS\\ENTREGA_12\\2_MDT\\GEOTIFF\\MDT_1396135.tif","SHRT_FNAME":"MDT_1396135.tif","UPPER_LEFT_X":"451959.096","UPPER_LEFT_Y":"9251869.832","LOWER_RIGHT_X":"452961.596","LOWER_RIGHT_Y":"9250867.332"},"geometry":{"type":"Polygon","coordinates":[[[-63.434736874549017,-6.768058741407009],[-63.425665116711876,-6.768066765935502],[-63.425673065015296,-6.77713517941023],[-63.434744992233497,-6.777127144032923],[-63.434736874549017,-6.768058741407009]]]}},
{"type":"Feature","properties":{"DESCRIPTION":"MDT_1396136.tif","FILENAME":"U:\\P589_AmazoniaRevelada_BR-319\\LiDAR_dataset\\ENTREGAS\\ENTREGA_12\\2_MDT\\GEOTIFF\\MDT_1396136.tif","SHRT_FNAME":"MDT_1396136.tif","UPPER_LEFT_X":"452959.096","UPPER_LEFT_Y":"9251869.832","LOWER_RIGHT_X":"453961.596","LOWER_RIGHT_Y":"9250867.332"},"geometry":{"type":"Polygon","coordinates":[[[-63.42568773956301,-6.76806674613466],[-63.416615970863347,-6.768074601881922],[-63.416623750207116,-6.777143025950507],[-63.425695688288826,-6.777135159582618],[-63.42568773956301,-6.76806674613466]]]}},
{"type":"Feature","properties":{"DESCRIPTION":"MDT_1396137.tif","FILENAME":"U:\\P589_AmazoniaRevelada_BR-319\\LiDAR_dataset\\ENTREGAS\\ENTREGA_12\\2_MDT\\GEOTIFF\\MDT_1396137.tif","SHRT_FNAME":"MDT_1396137.tif","UPPER_LEFT_X":"453959.096","UPPER_LEFT_Y":"9251869.832","LOWER_RIGHT_X":"454961.596","LOWER_RIGHT_Y":"9250867.332"},"geometry":{"type":"Polygon","coordinates":[[[-63.41663859374129,-6.768074582501981],[-63.407566814410039,-6.768082269467036],[-63.407574424793175,-6.777150703901863],[-63.416646373507469,-6.777143006544366],[-63.41663859374129,-6.768074582501981]]]}},
{"type":"Feature","properties":{"DESCRIPTION":"MDT_1396138.tif","FILENAME":"U:\\P589_AmazoniaRevelada_BR-319\\LiDAR_dataset\\ENTREGAS\\ENTREGA_12\\2_MDT\\GEOTIFF\\MDT_1396138.tif","SHRT_FNAME":"MDT_1396138.tif","UPPER_LEFT_X":"454959.096","UPPER_LEFT_Y":"9251869.832","LOWER_RIGHT_X":"455961.596","LOWER_RIGHT_Y":"9250867.332"},"geometry":{"type":"Polygon","coordinates":[[[-63.407589437314201,-6.768082250507999],[-63.398517647582246,-6.768089768689891],[-63.398525089003797,-6.777158213263343],[-63.407597048119747,-6.777150684917195],[-63.407589437314201,-6.768082250507999]]]}},
{"type":"Feature","properties":{"DESCRIPTION":"MDT_1396139.tif","FILENAME":"U:\\P589_AmazoniaRevelada_BR-319\\LiDAR_dataset\\ENTREGAS\\ENTREGA_12\\2_MDT\\GEOTIFF\\MDT_1396139.tif","SHRT_FNAME":"MDT_1396139.tif","UPPER_LEFT_X":"455959.096","UPPER_LEFT_Y":"9251869.832","LOWER_RIGHT_X":"456962.096","LOWER_RIGHT_Y":"9250867.332"},"geometry":{"type":"Polygon","coordinates":[[[-63.398540270512058,-6.768089750151763],[-63.389463946019312,-6.768097103172877],[-63.389471218393865,-6.77716555766223],[-63.398547712356013,-6.777158194700149],[-63.398540270512058,-6.768089750151763]]]}},
{"type":"Feature","properties":{"DESCRIPTION":"MDT_1396140.tif","FILENAME":"U:\\P589_AmazoniaRevelada_BR-319\\LiDAR_dataset\\ENTREGAS\\ENTREGA_12\\2_MDT\\GEOTIFF\\MDT_1396140.tif","SHRT_FNAME":"MDT_1396140.tif","UPPER_LEFT_X":"456959.596","UPPER_LEFT_Y":"9251869.832","LOWER_RIGHT_X":"457962.096","LOWER_RIGHT_Y":"9250867.332"},"geometry":{"type":"Polygon","coordinates":[[[-63.389486568974199,-6.768097085055867],[-63.380414759128641,-6.768104265584264],[-63.380421862539777,-6.777172729756887],[-63.389493841771184,-6.777165539520727],[-63.389486568974199,-6.768097085055867]]]}},
{"type":"Feature","properties":{"DESCRIPTION":"MDT_1396141.tif","FILENAME":"U:\\P589_AmazoniaRevelada_BR-319\\LiDAR_dataset\\ENTREGAS\\ENTREGA_12\\2_MDT\\GEOTIFF\\MDT_1396141.tif","SHRT_FNAME":"MDT_1396141.tif","UPPER_LEFT_X":"457959.596","UPPER_LEFT_Y":"9251869.832","LOWER_RIGHT_X":"458962.096","LOWER_RIGHT_Y":"9250867.332"},"geometry":{"type":"Polygon","coordinates":[[[-63.380437382108035,-6.768104247888166],[-63.371365562554608,-6.768111259630661],[-63.371372497001424,-6.777179733258933],[-63.380444485941581,-6.777172712036864],[-63.380437382108035,-6.768104247888166]]]}},
{"type":"Feature","properties":{"DESCRIPTION":"MDT_1396142.tif","FILENAME":"U:\\P589_AmazoniaRevelada_BR-319\\LiDAR_dataset\\ENTREGAS\\ENTREGA_12\\2_MDT\\GEOTIFF\\MDT_1396142.tif","SHRT_FNAME":"MDT_1396142.tif","UPPER_LEFT_X":"458959.596","UPPER_LEFT_Y":"9251869.832","LOWER_RIGHT_X":"459962.096","LOWER_RIGHT_Y":"9250867.332"},"geometry":{"type":"Polygon","coordinates":[[[-63.371388185557919,-6.768111242355475],[-63.362316356527522,-6.768118085311202],[-63.362323122009158,-6.777186568167498],[-63.371395120427159,-6.777179715960392],[-63.371388185557919,-6.768111242355475]]]}},
{"type":"Feature","properties":{"DESCRIPTION":"MDT_1396143.tif","FILENAME":"U:\\P589_AmazoniaRevelada_BR-319\\LiDAR_dataset\\ENTREGAS\\ENTREGA_12\\2_MDT\\GEOTIFF\\MDT_1396143.tif","SHRT_FNAME":"MDT_1396143.tif","UPPER_LEFT_X":"459959.596","UPPER_LEFT_Y":"9251869.832","LOWER_RIGHT_X":"460962.096","LOWER_RIGHT_Y":"9250867.332"},"geometry":{"type":"Polygon","coordinates":[[[-63.362338979554188,-6.768118068456933],[-63.353267141277726,-6.768124742625038],[-63.353273737793337,-6.777193234481734],[-63.362345745458242,-6.777186551290442],[-63.362338979554188,-6.768118068456933]]]}},
{"type":"Feature","properties":{"DESCRIPTION":"MDT_1396144.tif","FILENAME":"U:\\P589_AmazoniaRevelada_BR-319\\LiDAR_dataset\\ENTREGAS\\ENTREGA_12\\2_MDT\\GEOTIFF\\MDT_1396144.tif","SHRT_FNAME":"MDT_1396144.tif","UPPER_LEFT_X":"460959.596","UPPER_LEFT_Y":"9251869.832","LOWER_RIGHT_X":"461962.596","LOWER_RIGHT_Y":"9250867.332"},"geometry":{"type":"Polygon","coordinates":[[[-63.353289764327165,-6.768124726191687],[-63.344213392421231,-6.768131234773701],[-63.344219819885502,-6.777199735407504],[-63.35329636126518,-6.777193218026166],[-63.353289764327165,-6.768124726191687]]]}},
{"type":"Feature","properties":{"DESCRIPTION":"MDT_1396145.tif","FILENAME":"U:\\P589_AmazoniaRevelada_BR-319\\LiDAR_dataset\\ENTREGAS\\ENTREGA_12\\2_MDT\\GEOTIFF\\MDT_1396145.tif","SHRT_FNAME":"MDT_1396145.tif","UPPER_LEFT_X":"461960.096","UPPER_LEFT_Y":"9251869.832","LOWER_RIGHT_X":"462962.596","LOWER_RIGHT_Y":"9250867.332"},"geometry":{"type":"Polygon","coordinates":[[[-63.344236015492875,-6.768131218761481],[-63.335164159412713,-6.768137555267486],[-63.335170417909303,-6.777206064446321],[-63.344242443379564,-6.777199719373634],[-63.344236015492875,-6.768131218761481]]]}},
{"type":"Feature","properties":{"DESCRIPTION":"MDT_1396146.tif","FILENAME":"U:\\P589_AmazoniaRevelada_BR-319\\LiDAR_dataset\\ENTREGAS\\ENTREGA_12\\2_MDT\\GEOTIFF\\MDT_1396146.tif","SHRT_FNAME":"MDT_1396146.tif","UPPER_LEFT_X":"462960.096","UPPER_LEFT_Y":"9251869.832","LOWER_RIGHT_X":"463962.596","LOWER_RIGHT_Y":"9250867.332"},"geometry":{"type":"Polygon","coordinates":[[[-63.335186782505964,-6.768137539676187],[-63.326114917872594,-6.768143707392147],[-63.326121007400744,-6.77721222488839],[-63.335193041424986,-6.777206048833942],[-63.335186782505964,-6.768137539676187]]]}},
{"type":"Feature","properties":{"DESCRIPTION":"MDT_1396147.tif","FILENAME":"U:\\P589_AmazoniaRevelada_BR-319\\LiDAR_dataset\\ENTREGAS\\ENTREGA_12\\2_MDT\\GEOTIFF\\MDT_1396147.tif","SHRT_FNAME":"MDT_1396147.tif","UPPER_LEFT_X":"463960.096","UPPER_LEFT_Y":"9251869.832","LOWER_RIGHT_X":"464430.096","LOWER_RIGHT_Y":"9250867.332"},"geometry":{"type":"Polygon","coordinates":[[[-63.326137540986892,-6.768143692221772],[-63.321884394591002,-6.768146525754865],[-63.32189040512614,-6.777215047061413],[-63.326143630937466,-6.777212209697504],[-63.326137540986892,-6.768143692221772]]]}},
{"type":"Feature","properties":{"DESCRIPTION":"MDT_1397116.tif","FILENAME":"U:\\P589_AmazoniaRevelada_BR-319\\LiDAR_dataset\\ENTREGAS\\ENTREGA_12\\2_MDT\\GEOTIFF\\MDT_1397116.tif","SHRT_FNAME":"MDT_1397116.tif","UPPER_LEFT_X":"432957.382","UPPER_LEFT_Y":"9250869.581","LOWER_RIGHT_X":"433959.382","LOWER_RIGHT_Y":"9249867.581"},"geometry":{"type":"Polygon","coordinates":[[[-63.606694886495085,-6.776922455539414],[-63.597627734493919,-6.776933696570676],[-63.597638902869505,-6.785997339320029],[-63.606706224291081,-6.785986083118895],[-63.606694886495085,-6.776922455539414]]]}},
{"type":"Feature","properties":{"DESCRIPTION":"MDT_1397117.tif","FILENAME":"U:\\P589_AmazoniaRevelada_BR-319\\LiDAR_dataset\\ENTREGAS\\ENTREGA_12\\2_MDT\\GEOTIFF\\MDT_1397117.tif","SHRT_FNAME":"MDT_1397117.tif","UPPER_LEFT_X":"433957.096","UPPER_LEFT_Y":"9250869.832","LOWER_RIGHT_X":"434959.596","LOWER_RIGHT_Y":"9249867.332"},"geometry":{"type":"Polygon","coordinates":[[[-63.597648417852739,-6.776931400683703],[-63.588576726116429,-6.776942478340245],[-63.58858773086083,-6.78601065878792],[-63.597659592188066,-6.785999566174516],[-63.597648417852739,-6.776931400683703]]]}},
{"type":"Feature","properties":{"DESCRIPTION":"MDT_1397118.tif","FILENAME":"U:\\P589_AmazoniaRevelada_BR-319\\LiDAR_dataset\\ENTREGAS\\ENTREGA_12\\2_MDT\\GEOTIFF\\MDT_1397118.tif","SHRT_FNAME":"MDT_1397118.tif","UPPER_LEFT_X":"434957.096","UPPER_LEFT_Y":"9250869.832","LOWER_RIGHT_X":"435960.096","LOWER_RIGHT_Y":"9249867.332"},"geometry":{"type":"Polygon","coordinates":[[[-63.588599348807918,-6.776942450925872],[-63.57952311750558,-6.776953364993202],[-63.579533952996002,-6.786021560139852],[-63.588610353975227,-6.786010631336534],[-63.588599348807918,-6.776942450925872]]]}},
{"type":"Feature","properties":{"DESCRIPTION":"MDT_1397119.tif","FILENAME":"U:\\P589_AmazoniaRevelada_BR-319\\LiDAR_dataset\\ENTREGAS\\ENTREGA_12\\2_MDT\\GEOTIFF\\MDT_1397119.tif","SHRT_FNAME":"MDT_1397119.tif","UPPER_LEFT_X":"435957.596","UPPER_LEFT_Y":"9250869.832","LOWER_RIGHT_X":"436960.096","LOWER_RIGHT_Y":"9249867.332"},"geometry":{"type":"Polygon","coordinates":[[[-63.579545740234252,-6.776953338000458],[-63.570474018680919,-6.776964077595799],[-63.570484685000586,-6.786032287206423],[-63.579556576147596,-6.786021533110663],[-63.579545740234252,-6.776953338000458]]]}},
{"type":"Feature","properties":{"DESCRIPTION":"MDT_1397120.tif","FILENAME":"U:\\P589_AmazoniaRevelada_BR-319\\LiDAR_dataset\\ENTREGAS\\ENTREGA_12\\2_MDT\\GEOTIFF\\MDT_1397120.tif","SHRT_FNAME":"MDT_1397120.tif","UPPER_LEFT_X":"436957.596","UPPER_LEFT_Y":"9250869.832","LOWER_RIGHT_X":"437960.096","LOWER_RIGHT_Y":"9249867.332"},"geometry":{"type":"Polygon","coordinates":[[[-63.570496641446184,-6.776964051024475],[-63.561424905334455,-6.776974621629453],[-63.561435402482047,-6.786042845476452],[-63.570507308188773,-6.786032260599223],[-63.570496641446184,-6.776964051024475]]]}},
{"type":"Feature","properties":{"DESCRIPTION":"MDT_1397121.tif","FILENAME":"U:\\P589_AmazoniaRevelada_BR-319\\LiDAR_dataset\\ENTREGAS\\ENTREGA_12\\2_MDT\\GEOTIFF\\MDT_1397121.tif","SHRT_FNAME":"MDT_1397121.tif","UPPER_LEFT_X":"437957.596","UPPER_LEFT_Y":"9250869.832","LOWER_RIGHT_X":"438960.096","LOWER_RIGHT_Y":"9249867.332"},"geometry":{"type":"Polygon","coordinates":[[[-63.561447528135751,-6.776974595479552],[-63.552375777696525,-6.776984997092852],[-63.552386105670706,-6.786053234948628],[-63.561458025706251,-6.786042819291245],[-63.561447528135751,-6.776974595479552]]]}},
{"type":"Feature","properties":{"DESCRIPTION":"MDT_1397122.tif","FILENAME":"U:\\P589_AmazoniaRevelada_BR-319\\LiDAR_dataset\\ENTREGAS\\ENTREGA_12\\2_MDT\\GEOTIFF\\MDT_1397122.tif","SHRT_FNAME":"MDT_1397122.tif","UPPER_LEFT_X":"438957.596","UPPER_LEFT_Y":"9250869.832","LOWER_RIGHT_X":"439960.096","LOWER_RIGHT_Y":"9249867.332"},"geometry":{"type":"Polygon","coordinates":[[[-63.552398400533249,-6.77698497136438],[-63.543326635997445,-6.776995203984711],[-63.543336794796929,-6.786063455621663],[-63.552408728930367,-6.786053209185418],[-63.552398400533249,-6.77698497136438]]]}},
{"type":"Feature","properties":{"DESCRIPTION":"MDT_1397123.tif","FILENAME":"U:\\P589_AmazoniaRevelada_BR-319\\LiDAR_dataset\\ENTREGAS\\ENTREGA_12\\2_MDT\\GEOTIFF\\MDT_1397123.tif","SHRT_FNAME":"MDT_1397123.tif","UPPER_LEFT_X":"439957.596","UPPER_LEFT_Y":"9250869.832","LOWER_RIGHT_X":"440960.596","LOWER_RIGHT_Y":"9249867.332"},"geometry":{"type":"Polygon","coordinates":[[[-63.543349258869021,-6.77699517867767],[-63.534272955886337,-6.777005247280758],[-63.534282945425275,-6.786073512477999],[-63.543359418091462,-6.786063430280452],[-63.543349258869021,-6.77699517867767]]]}},
{"type":"Feature","properties":{"DESCRIPTION":"MDT_1397124.tif","FILENAME":"U:\\P589_AmazoniaRevelada_BR-319\\LiDAR_dataset\\ENTREGAS\\ENTREGA_12\\2_MDT\\GEOTIFF\\MDT_1397124.tif","SHRT_FNAME":"MDT_1397124.tif","UPPER_LEFT_X":"440958.096","UPPER_LEFT_Y":"9250869.832","LOWER_RIGHT_X":"441960.596","LOWER_RIGHT_Y":"9249867.332"},"geometry":{"type":"Polygon","coordinates":[[[-63.534295578792232,-6.777005222395361],[-63.52522378674918,-6.777015116941467],[-63.525233607110891,-6.786083395464559],[-63.534305568754107,-6.786073487559002],[-63.534295578792232,-6.777005222395361]]]}},
{"type":"Feature","properties":{"DESCRIPTION":"MDT_1397125.tif","FILENAME":"U:\\P589_AmazoniaRevelada_BR-319\\LiDAR_dataset\\ENTREGAS\\ENTREGA_12\\2_MDT\\GEOTIFF\\MDT_1397125.tif","SHRT_FNAME":"MDT_1397125.tif","UPPER_LEFT_X":"441958.096","UPPER_LEFT_Y":"9250869.832","LOWER_RIGHT_X":"442960.596","LOWER_RIGHT_Y":"9249867.332"},"geometry":{"type":"Polygon","coordinates":[[[-63.525246409688783,-6.777015092477507],[-63.516174604241947,-6.777024818026896],[-63.516184255425223,-6.786093109648231],[-63.525256230473452,-6.786083370967568],[-63.525246409688783,-6.777015092477507]]]}},
{"type":"Feature","properties":{"DESCRIPTION":"MDT_1397126.tif","FILENAME":"U:\\P589_AmazoniaRevelada_BR-319\\LiDAR_dataset\\ENTREGAS\\ENTREGA_12\\2_MDT\\GEOTIFF\\MDT_1397126.tif","SHRT_FNAME":"MDT_1397126.tif","UPPER_LEFT_X":"442958.096","UPPER_LEFT_Y":"9250869.832","LOWER_RIGHT_X":"443960.596","LOWER_RIGHT_Y":"9249867.332"},"geometry":{"type":"Polygon","coordinates":[[[-63.516197227214697,-6.777024793984374],[-63.507125408594995,-6.777034350535837],[-63.5071348905986,-6.786102655027811],[-63.51620687882091,-6.786093085573249],[-63.516197227214697,-6.777024793984374]]]}},
{"type":"Feature","properties":{"DESCRIPTION":"MDT_1397127.tif","FILENAME":"U:\\P589_AmazoniaRevelada_BR-319\\LiDAR_dataset\\ENTREGAS\\ENTREGA_12\\2_MDT\\GEOTIFF\\MDT_1397127.tif","SHRT_FNAME":"MDT_1397127.tif","UPPER_LEFT_X":"443958.096","UPPER_LEFT_Y":"9250869.832","LOWER_RIGHT_X":"444960.596","LOWER_RIGHT_Y":"9249867.332"},"geometry":{"type":"Polygon","coordinates":[[[-63.507148031600302,-6.777034326914761],[-63.498076200038625,-6.777043714467113],[-63.498085512861408,-6.786112031602111],[-63.507157514026872,-6.786102631374841],[-63.507148031600302,-6.777034326914761]]]}},
{"type":"Feature","properties":{"DESCRIPTION":"MDT_1397128.tif","FILENAME":"U:\\P589_AmazoniaRevelada_BR-319\\LiDAR_dataset\\ENTREGAS\\ENTREGA_12\\2_MDT\\GEOTIFF\\MDT_1397128.tif","SHRT_FNAME":"MDT_1397128.tif","UPPER_LEFT_X":"444958.096","UPPER_LEFT_Y":"9250869.832","LOWER_RIGHT_X":"445961.096","LOWER_RIGHT_Y":"9249867.332"},"geometry":{"type":"Polygon","coordinates":[[[-63.498098823075928,-6.777043691267481],[-63.489022454189453,-6.777052914375066],[-63.48903159774563,-6.786121243931628],[-63.498108136321662,-6.786112008371155],[-63.498098823075928,-6.777043691267481]]]}},
{"type":"Feature","properties":{"DESCRIPTION":"MDT_1397129.tif","FILENAME":"U:\\P589_AmazoniaRevelada_BR-319\\LiDAR_dataset\\ENTREGAS\\ENTREGA_12\\2_MDT\\GEOTIFF\\MDT_1397129.tif","SHRT_FNAME":"MDT_1397129.tif","UPPER_LEFT_X":"445958.596","UPPER_LEFT_Y":"9250869.832","LOWER_RIGHT_X":"446961.096","LOWER_RIGHT_Y":"9249867.332"},"geometry":{"type":"Polygon","coordinates":[[[-63.489045077258176,-6.777052891597094],[-63.479973220499119,-6.777061941063246],[-63.479982194872143,-6.786130282807494],[-63.489054221237303,-6.786121221122901],[-63.489045077258176,-6.777052891597094]]]}},
{"type":"Feature","properties":{"DESCRIPTION":"MDT_1397130.tif","FILENAME":"U:\\P589_AmazoniaRevelada_BR-319\\LiDAR_dataset\\ENTREGAS\\ENTREGA_12\\2_MDT\\GEOTIFF\\MDT_1397130.tif","SHRT_FNAME":"MDT_1397130.tif","UPPER_LEFT_X":"446958.596","UPPER_LEFT_Y":"9250869.832","LOWER_RIGHT_X":"447961.096","LOWER_RIGHT_Y":"9249867.332"},"geometry":{"type":"Polygon","coordinates":[[[-63.479995843598672,-6.777061918706724],[-63.470923974590505,-6.777070799170331],[-63.47093277977924,-6.78613915287465],[-63.480004818394654,-6.786130260420788],[-63.479995843598672,-6.777061918706724]]]}},
{"type":"Feature","properties":{"DESCRIPTION":"MDT_1397131.tif","FILENAME":"U:\\P589_AmazoniaRevelada_BR-319\\LiDAR_dataset\\ENTREGAS\\ENTREGA_12\\2_MDT\\GEOTIFF\\MDT_1397131.tif","SHRT_FNAME":"MDT_1397131.tif","UPPER_LEFT_X":"447958.596","UPPER_LEFT_Y":"9250869.832","LOWER_RIGHT_X":"448961.096","LOWER_RIGHT_Y":"9249867.332"},"geometry":{"type":"Polygon","coordinates":[[[-63.470946597720314,-6.777070777235262],[-63.461874716693941,-6.777079488695222],[-63.461883352697306,-6.786147854131996],[-63.47095540333202,-6.786139130909967],[-63.470946597720314,-6.777070777235262]]]}},
{"type":"Feature","properties":{"DESCRIPTION":"MDT_1397132.tif","FILENAME":"U:\\P589_AmazoniaRevelada_BR-319\\LiDAR_dataset\\ENTREGAS\\ENTREGA_12\\2_MDT\\GEOTIFF\\MDT_1397132.tif","SHRT_FNAME":"MDT_1397132.tif","UPPER_LEFT_X":"448958.596","UPPER_LEFT_Y":"9250869.832","LOWER_RIGHT_X":"449961.096","LOWER_RIGHT_Y":"9249867.332"},"geometry":{"type":"Polygon","coordinates":[[[-63.461897339853444,-6.777079467181611],[-63.452825447039778,-6.777088009636838],[-63.452833913856679,-6.78615638657845],[-63.461905976279766,-6.786147832589339],[-63.461897339853444,-6.777079467181611]]]}},
{"type":"Feature","properties":{"DESCRIPTION":"MDT_1397133.tif","FILENAME":"U:\\P589_AmazoniaRevelada_BR-319\\LiDAR_dataset\\ENTREGAS\\ENTREGA_12\\2_MDT\\GEOTIFF\\MDT_1397133.tif","SHRT_FNAME":"MDT_1397133.tif","UPPER_LEFT_X":"449958.596","UPPER_LEFT_Y":"9250869.832","LOWER_RIGHT_X":"450961.096","LOWER_RIGHT_Y":"9249867.332"},"geometry":{"type":"Polygon","coordinates":[[[-63.452848070228377,-6.777087988544687],[-63.443776165858353,-6.777096361994123],[-63.443784463487717,-6.786164750212952],[-63.45285653746825,-6.786156365457821],[-63.452848070228377,-6.777087988544687]]]}},
{"type":"Feature","properties":{"DESCRIPTION":"MDT_1397134.tif","FILENAME":"U:\\P589_AmazoniaRevelada_BR-319\\LiDAR_dataset\\ENTREGAS\\ENTREGA_12\\2_MDT\\GEOTIFF\\MDT_1397134.tif","SHRT_FNAME":"MDT_1397134.tif","UPPER_LEFT_X":"450958.596","UPPER_LEFT_Y":"9250869.832","LOWER_RIGHT_X":"451961.596","LOWER_RIGHT_Y":"9249867.332"},"geometry":{"type":"Polygon","coordinates":[[[-63.44379878907548,-6.777096341323435],[-63.434722348730958,-6.777104549815759],[-63.434730477087172,-6.786172949089653],[-63.443807087127823,-6.786164729514354],[-63.44379878907548,-6.777096341323435]]]}},
{"type":"Feature","properties":{"DESCRIPTION":"MDT_1397135.tif","FILENAME":"U:\\P589_AmazoniaRevelada_BR-319\\LiDAR_dataset\\ENTREGAS\\ENTREGA_12\\2_MDT\\GEOTIFF\\MDT_1397135.tif","SHRT_FNAME":"MDT_1397135.tif","UPPER_LEFT_X":"451959.096","UPPER_LEFT_Y":"9250869.832","LOWER_RIGHT_X":"452961.596","LOWER_RIGHT_Y":"9249867.332"},"geometry":{"type":"Polygon","coordinates":[[[-63.434744971976066,-6.777104529566746],[-63.425673045180545,-6.777112564916999],[-63.425681004347176,-6.786180975012752],[-63.434753100755252,-6.786172928813299],[-63.434744971976066,-6.777104529566746]]]}},
{"type":"Feature","properties":{"DESCRIPTION":"MDT_1397136.tif","FILENAME":"U:\\P589_AmazoniaRevelada_BR-319\\LiDAR_dataset\\ENTREGAS\\ENTREGA_12\\2_MDT\\GEOTIFF\\MDT_1397136.tif","SHRT_FNAME":"MDT_1397136.tif","UPPER_LEFT_X":"452959.096","UPPER_LEFT_Y":"9250869.832","LOWER_RIGHT_X":"453961.596","LOWER_RIGHT_Y":"9249867.332"},"geometry":{"type":"Polygon","coordinates":[[[-63.425695668453031,-6.777112545089453],[-63.416623730794008,-6.777120411430857],[-63.416631520770068,-6.786188832120847],[-63.425703628042641,-6.786180955158436],[-63.425695668453031,-6.777112545089453]]]}},
{"type":"Feature","properties":{"DESCRIPTION":"MDT_1397137.tif","FILENAME":"U:\\P589_AmazoniaRevelada_BR-319\\LiDAR_dataset\\ENTREGAS\\ENTREGA_12\\2_MDT\\GEOTIFF\\MDT_1397137.tif","SHRT_FNAME":"MDT_1397137.tif","UPPER_LEFT_X":"453959.096","UPPER_LEFT_Y":"9250869.832","LOWER_RIGHT_X":"454961.596","LOWER_RIGHT_Y":"9249867.332"},"geometry":{"type":"Polygon","coordinates":[[[-63.416646354093295,-6.777120392024782],[-63.407574405801689,-6.777128089356361],[-63.407582026586198,-6.786196520412962],[-63.416654144492334,-6.786188812688569],[-63.416646354093295,-6.777120392024782]]]}},
{"type":"Feature","properties":{"DESCRIPTION":"MDT_1397138.tif","FILENAME":"U:\\P589_AmazoniaRevelada_BR-319\\LiDAR_dataset\\ENTREGAS\\ENTREGA_12\\2_MDT\\GEOTIFF\\MDT_1397138.tif","SHRT_FNAME":"MDT_1397138.tif","UPPER_LEFT_X":"454959.096","UPPER_LEFT_Y":"9250869.832","LOWER_RIGHT_X":"455961.596","LOWER_RIGHT_Y":"9249867.332"},"geometry":{"type":"Polygon","coordinates":[[[-63.407597029127203,-6.777128070371757],[-63.398525070433948,-6.777135598692559],[-63.398532522025953,-6.786204039888144],[-63.407604650334683,-6.786196501402726],[-63.407597029127203,-6.777128070371757]]]}},
{"type":"Feature","properties":{"DESCRIPTION":"MDT_1397139.tif","FILENAME":"U:\\P589_AmazoniaRevelada_BR-319\\LiDAR_dataset\\ENTREGAS\\ENTREGA_12\\2_MDT\\GEOTIFF\\MDT_1397139.tif","SHRT_FNAME":"MDT_1397139.tif","UPPER_LEFT_X":"455959.096","UPPER_LEFT_Y":"9250869.832","LOWER_RIGHT_X":"456962.096","LOWER_RIGHT_Y":"9249867.332"},"geometry":{"type":"Polygon","coordinates":[[[-63.398547693785126,-6.777135580129428],[-63.389471200245872,-6.777142943066718],[-63.389478482559838,-6.786211394178562],[-63.398555145800096,-6.786204021299951],[-63.398547693785126,-6.777135580129428]]]}},
{"type":"Feature","properties":{"DESCRIPTION":"MDT_1397140.tif","FILENAME":"U:\\P589_AmazoniaRevelada_BR-319\\LiDAR_dataset\\ENTREGAS\\ENTREGA_12\\2_MDT\\GEOTIFF\\MDT_1397140.tif","SHRT_FNAME":"MDT_1397140.tif","UPPER_LEFT_X":"456959.596","UPPER_LEFT_Y":"9250869.832","LOWER_RIGHT_X":"457962.096","LOWER_RIGHT_Y":"9249867.332"},"geometry":{"type":"Polygon","coordinates":[[[-63.389493823622132,-6.777142924925275],[-63.380421844813426,-6.777150115137226],[-63.380428957933034,-6.786218575932685],[-63.38950110635907,-6.786211376012624],[-63.389493823622132,-6.777142924925275]]]}},
{"type":"Feature","properties":{"DESCRIPTION":"MDT_1397141.tif","FILENAME":"U:\\P589_AmazoniaRevelada_BR-319\\LiDAR_dataset\\ENTREGAS\\ENTREGA_12\\2_MDT\\GEOTIFF\\MDT_1397141.tif","SHRT_FNAME":"MDT_1397141.tif","UPPER_LEFT_X":"457959.596","UPPER_LEFT_Y":"9250869.832","LOWER_RIGHT_X":"458962.096","LOWER_RIGHT_Y":"9249867.332"},"geometry":{"type":"Polygon","coordinates":[[[-63.380444468214186,-6.777150097417262],[-63.371372479696724,-6.77715711861569],[-63.371379423621093,-6.786225588867135],[-63.380451581756773,-6.786218558188795],[-63.380444468214186,-6.777150097417262]]]}},
{"type":"Feature","properties":{"DESCRIPTION":"MDT_1397142.tif","FILENAME":"U:\\P589_AmazoniaRevelada_BR-319\\LiDAR_dataset\\ENTREGAS\\ENTREGA_12\\2_MDT\\GEOTIFF\\MDT_1397142.tif","SHRT_FNAME":"MDT_1397142.tif","UPPER_LEFT_X":"458959.596","UPPER_LEFT_Y":"9250869.832","LOWER_RIGHT_X":"459962.096","LOWER_RIGHT_Y":"9249867.332"},"geometry":{"type":"Polygon","coordinates":[[[-63.371395103121401,-6.777157101317207],[-63.362323105126102,-6.777163953501243],[-63.362329879854357,-6.786232432981041],[-63.371402047468749,-6.786225571545297],[-63.371395103121401,-6.777157101317207]]]}},
{"type":"Feature","properties":{"DESCRIPTION":"MDT_1397143.tif","FILENAME":"U:\\P589_AmazoniaRevelada_BR-319\\LiDAR_dataset\\ENTREGAS\\ENTREGA_12\\2_MDT\\GEOTIFF\\MDT_1397143.tif","SHRT_FNAME":"MDT_1397143.tif","UPPER_LEFT_X":"459959.596","UPPER_LEFT_Y":"9250869.832","LOWER_RIGHT_X":"460962.096","LOWER_RIGHT_Y":"9249867.332"},"geometry":{"type":"Polygon","coordinates":[[[-63.362345728574127,-6.777163936624243],[-63.353273721331931,-6.777170619793035],[-63.353280326863221,-6.786239108273556],[-63.362352503725376,-6.786232416081256],[-63.362345728574127,-6.777163936624243]]]}},
{"type":"Feature","properties":{"DESCRIPTION":"MDT_1397144.tif","FILENAME":"U:\\P589_AmazoniaRevelada_BR-319\\LiDAR_dataset\\ENTREGAS\\ENTREGA_12\\2_MDT\\GEOTIFF\\MDT_1397144.tif","SHRT_FNAME":"MDT_1397144.tif","UPPER_LEFT_X":"460959.596","UPPER_LEFT_Y":"9250869.832","LOWER_RIGHT_X":"461962.596","LOWER_RIGHT_Y":"9249867.332"},"geometry":{"type":"Polygon","coordinates":[[[-63.353296344802736,-6.777170603337519],[-63.344219803845952,-6.777177120696916],[-63.344226240094855,-6.786245617954853],[-63.353302950757012,-6.786239091795823],[-63.353296344802736,-6.777170603337519]]]}},
{"type":"Feature","properties":{"DESCRIPTION":"MDT_1397145.tif","FILENAME":"U:\\P589_AmazoniaRevelada_BR-319\\LiDAR_dataset\\ENTREGAS\\ENTREGA_12\\2_MDT\\GEOTIFF\\MDT_1397145.tif","SHRT_FNAME":"MDT_1397145.tif","UPPER_LEFT_X":"461960.096","UPPER_LEFT_Y":"9250869.832","LOWER_RIGHT_X":"462962.596","LOWER_RIGHT_Y":"9249867.332"},"geometry":{"type":"Polygon","coordinates":[[[-63.344242427338955,-6.7771771046631],[-63.335170402291418,-6.777183449714423],[-63.335176669341728,-6.786251955517701],[-63.344248864010851,-6.786245601899388],[-63.344242427338955,-6.7771771046631]]]}},
{"type":"Feature","properties":{"DESCRIPTION":"MDT_1397146.tif","FILENAME":"U:\\P589_AmazoniaRevelada_BR-319\\LiDAR_dataset\\ENTREGAS\\ENTREGA_12\\2_MDT\\GEOTIFF\\MDT_1397146.tif","SHRT_FNAME":"MDT_1397146.tif","UPPER_LEFT_X":"462960.096","UPPER_LEFT_Y":"9250869.832","LOWER_RIGHT_X":"463962.596","LOWER_RIGHT_Y":"9249867.332"},"geometry":{"type":"Polygon","coordinates":[[[-63.335193025806042,-6.777183434102097],[-63.326120992204508,-6.77718961013575],[-63.326127090055429,-6.786258124256731],[-63.335199293279345,-6.786251939884296],[-63.335193025806042,-6.777183434102097]]]}},
{"type":"Feature","properties":{"DESCRIPTION":"MDT_1397147.tif","FILENAME":"U:\\P589_AmazoniaRevelada_BR-319\\LiDAR_dataset\\ENTREGAS\\ENTREGA_12\\2_MDT\\GEOTIFF\\MDT_1397147.tif","SHRT_FNAME":"MDT_1397147.tif","UPPER_LEFT_X":"463960.096","UPPER_LEFT_Y":"9250869.832","LOWER_RIGHT_X":"464430.096","LOWER_RIGHT_Y":"9249867.332"},"geometry":{"type":"Polygon","coordinates":[[[-63.326143615740179,-6.777189594944915],[-63.321890390127038,-6.77719243229927],[-63.321896408876981,-6.786260950230694],[-63.3261497140141,-6.786258109045386],[-63.326143615740179,-6.777189594944915]]]}},
{"type":"Feature","properties":{"DESCRIPTION":"MDT_1398115.tif","FILENAME":"U:\\P589_AmazoniaRevelada_BR-319\\LiDAR_dataset\\ENTREGAS\\ENTREGA_12\\2_MDT\\GEOTIFF\\MDT_1398115.tif","SHRT_FNAME":"MDT_1398115.tif","UPPER_LEFT_X":"431957.286","UPPER_LEFT_Y":"9249869.706","LOWER_RIGHT_X":"432959.286","LOWER_RIGHT_Y":"9248867.706"},"geometry":{"type":"Polygon","coordinates":[[[-63.615756276109487,-6.785955457593756],[-63.606688970524715,-6.785966882907084],[-63.606700323472388,-6.795030507125041],[-63.615767798707374,-6.795019066413338],[-63.615756276109487,-6.785955457593756]]]}},
{"type":"Feature","properties":{"DESCRIPTION":"MDT_1398116.tif","FILENAME":"U:\\P589_AmazoniaRevelada_BR-319\\LiDAR_dataset\\ENTREGAS\\ENTREGA_12\\2_MDT\\GEOTIFF\\MDT_1398116.tif","SHRT_FNAME":"MDT_1398116.tif","UPPER_LEFT_X":"432957.096","UPPER_LEFT_Y":"9249869.832","LOWER_RIGHT_X":"433959.596","LOWER_RIGHT_Y":"9248867.332"},"geometry":{"type":"Polygon","coordinates":[[[-63.60670878687872,-6.785965718382992],[-63.597636941227279,-6.785976980172989],[-63.597648130391981,-6.795045142309246],[-63.606720145864443,-6.795033865333683],[-63.60670878687872,-6.785965718382992]]]}},
{"type":"Feature","properties":{"DESCRIPTION":"MDT_1398117.tif","FILENAME":"U:\\P589_AmazoniaRevelada_BR-319\\LiDAR_dataset\\ENTREGAS\\ENTREGA_12\\2_MDT\\GEOTIFF\\MDT_1398117.tif","SHRT_FNAME":"MDT_1398117.tif","UPPER_LEFT_X":"433957.096","UPPER_LEFT_Y":"9249869.832","LOWER_RIGHT_X":"434959.596","LOWER_RIGHT_Y":"9248867.332"},"geometry":{"type":"Polygon","coordinates":[[[-63.597659564302873,-6.785976952299715],[-63.588587703398851,-6.785988044875818],[-63.58859872316463,-6.795056221931889],[-63.597670753891073,-6.795045114398388],[-63.597659564302873,-6.785976952299715]]]}},
{"type":"Feature","properties":{"DESCRIPTION":"MDT_1398118.tif","FILENAME":"U:\\P589_AmazoniaRevelada_BR-319\\LiDAR_dataset\\ENTREGAS\\ENTREGA_12\\2_MDT\\GEOTIFF\\MDT_1398118.tif","SHRT_FNAME":"MDT_1398118.tif","UPPER_LEFT_X":"434957.096","UPPER_LEFT_Y":"9249869.832","LOWER_RIGHT_X":"435960.096","LOWER_RIGHT_Y":"9248867.332"},"geometry":{"type":"Polygon","coordinates":[[[-63.588610326512196,-6.785988017424525],[-63.579533925956383,-6.785998946191094],[-63.579544776237164,-6.795067137946663],[-63.588621346701473,-6.79505619444358],[-63.588610326512196,-6.785988017424525]]]}},
{"type":"Feature","properties":{"DESCRIPTION":"MDT_1398119.tif","FILENAME":"U:\\P589_AmazoniaRevelada_BR-319\\LiDAR_dataset\\ENTREGAS\\ENTREGA_12\\2_MDT\\GEOTIFF\\MDT_1398119.tif","SHRT_FNAME":"MDT_1398119.tif","UPPER_LEFT_X":"435957.596","UPPER_LEFT_Y":"9249869.832","LOWER_RIGHT_X":"436960.096","LOWER_RIGHT_Y":"9248867.332"},"geometry":{"type":"Polygon","coordinates":[[[-63.579556549106925,-6.785998919161996],[-63.570484658383137,-6.786009673221593],[-63.570495339262237,-6.795077879441656],[-63.579567399811204,-6.79506711088112],[-63.579556549106925,-6.785998919161996]]]}},
{"type":"Feature","properties":{"DESCRIPTION":"MDT_1398120.tif","FILENAME":"U:\\P589_AmazoniaRevelada_BR-319\\LiDAR_dataset\\ENTREGAS\\ENTREGA_12\\2_MDT\\GEOTIFF\\MDT_1398120.tif","SHRT_FNAME":"MDT_1398120.tif","UPPER_LEFT_X":"436957.596","UPPER_LEFT_Y":"9249869.832","LOWER_RIGHT_X":"437960.096","LOWER_RIGHT_Y":"9248867.332"},"geometry":{"type":"Polygon","coordinates":[[[-63.570507281570265,-6.786009646614485],[-63.561435376286759,-6.786020231456119],[-63.561445887762851,-6.795088451913067],[-63.570517962872877,-6.795077852798668],[-63.570507281570265,-6.786009646614485]]]}},
{"type":"Feature","properties":{"DESCRIPTION":"MDT_1398121.tif","FILENAME":"U:\\P589_AmazoniaRevelada_BR-319\\LiDAR_dataset\\ENTREGAS\\ENTREGA_12\\2_MDT\\GEOTIFF\\MDT_1398121.tif","SHRT_FNAME":"MDT_1398121.tif","UPPER_LEFT_X":"437957.596","UPPER_LEFT_Y":"9249869.832","LOWER_RIGHT_X":"438960.096","LOWER_RIGHT_Y":"9248867.332"},"geometry":{"type":"Polygon","coordinates":[[[-63.561457999509905,-6.786020205271003],[-63.55238607989758,-6.78603062089336],[-63.55239642196937,-6.795098855359584],[-63.561468511409522,-6.79508842569264],[-63.561457999509905,-6.786020205271003]]]}},
{"type":"Feature","properties":{"DESCRIPTION":"MDT_1398122.tif","FILENAME":"U:\\P589_AmazoniaRevelada_BR-319\\LiDAR_dataset\\ENTREGAS\\ENTREGA_12\\2_MDT\\GEOTIFF\\MDT_1398122.tif","SHRT_FNAME":"MDT_1398122.tif","UPPER_LEFT_X":"438957.596","UPPER_LEFT_Y":"9249869.832","LOWER_RIGHT_X":"439960.096","LOWER_RIGHT_Y":"9248867.332"},"geometry":{"type":"Polygon","coordinates":[[[-63.552408703156182,-6.78603059513024],[-63.543336769445972,-6.786040841532027],[-63.543346942112144,-6.795109089779917],[-63.552419045651483,-6.795098829561724],[-63.552408703156182,-6.78603059513024]]]}},
{"type":"Feature","properties":{"DESCRIPTION":"MDT_1398123.tif","FILENAME":"U:\\P589_AmazoniaRevelada_BR-319\\LiDAR_dataset\\ENTREGAS\\ENTREGA_12\\2_MDT\\GEOTIFF\\MDT_1398123.tif","SHRT_FNAME":"MDT_1398123.tif","UPPER_LEFT_X":"439957.596","UPPER_LEFT_Y":"9249869.832","LOWER_RIGHT_X":"440960.596","LOWER_RIGHT_Y":"9248867.332"},"geometry":{"type":"Polygon","coordinates":[[[-63.543359392739447,-6.786040816190901],[-63.5342829204967,-6.786050898354548],[-63.534292923671288,-6.795119160163212],[-63.543369565829131,-6.795109064404622],[-63.543359392739447,-6.786040816190901]]]}},
{"type":"Feature","properties":{"DESCRIPTION":"MDT_1398124.tif","FILENAME":"U:\\P589_AmazoniaRevelada_BR-319\\LiDAR_dataset\\ENTREGAS\\ENTREGA_12\\2_MDT\\GEOTIFF\\MDT_1398124.tif","SHRT_FNAME":"MDT_1398124.tif","UPPER_LEFT_X":"440958.096","UPPER_LEFT_Y":"9249869.832","LOWER_RIGHT_X":"441960.596","LOWER_RIGHT_Y":"9248867.332"},"geometry":{"type":"Polygon","coordinates":[[[-63.534305543824487,-6.786050873435634],[-63.5252335826045,-6.786060781307875],[-63.525243416370941,-6.795129056442868],[-63.534315547422587,-6.795119135210697],[-63.534305543824487,-6.786050873435634]]]}},
{"type":"Feature","properties":{"DESCRIPTION":"MDT_1398125.tif","FILENAME":"U:\\P589_AmazoniaRevelada_BR-319\\LiDAR_dataset\\ENTREGAS\\ENTREGA_12\\2_MDT\\GEOTIFF\\MDT_1398125.tif","SHRT_FNAME":"MDT_1398125.tif","UPPER_LEFT_X":"441958.096","UPPER_LEFT_Y":"9249869.832","LOWER_RIGHT_X":"442960.596","LOWER_RIGHT_Y":"9248867.332"},"geometry":{"type":"Polygon","coordinates":[[[-63.525256205965988,-6.786060756810967],[-63.516184231341008,-6.786070495458884],[-63.516193895698066,-6.795138783692589],[-63.525266040155955,-6.795129031912927],[-63.525256205965988,-6.786060756810967]]]}},
{"type":"Feature","properties":{"DESCRIPTION":"MDT_1398126.tif","FILENAME":"U:\\P589_AmazoniaRevelada_BR-319\\LiDAR_dataset\\ENTREGAS\\ENTREGA_12\\2_MDT\\GEOTIFF\\MDT_1398126.tif","SHRT_FNAME":"MDT_1398126.tif","UPPER_LEFT_X":"442958.096","UPPER_LEFT_Y":"9249869.832","LOWER_RIGHT_X":"443960.596","LOWER_RIGHT_Y":"9248867.332"},"geometry":{"type":"Polygon","coordinates":[[[-63.516206854735643,-6.786070471383984],[-63.507134866936575,-6.786080040806366],[-63.50714436188305,-6.795148341911166],[-63.516216519516234,-6.795138759585225],[-63.516206854735643,-6.786070471383984]]]}},
{"type":"Feature","properties":{"DESCRIPTION":"MDT_1398127.tif","FILENAME":"U:\\P589_AmazoniaRevelada_BR-319\\LiDAR_dataset\\ENTREGAS\\ENTREGA_12\\2_MDT\\GEOTIFF\\MDT_1398127.tif","SHRT_FNAME":"MDT_1398127.tif","UPPER_LEFT_X":"443958.096","UPPER_LEFT_Y":"9249869.832","LOWER_RIGHT_X":"444960.596","LOWER_RIGHT_Y":"9248867.332"},"geometry":{"type":"Polygon","coordinates":[[[-63.507157490363774,-6.786080017153475],[-63.498085489621552,-6.786089417349136],[-63.498094815156271,-6.795157731097415],[-63.507166985733789,-6.795148318226382],[-63.507157490363774,-6.786080017153475]]]}},
{"type":"Feature","properties":{"DESCRIPTION":"MDT_1398128.tif","FILENAME":"U:\\P589_AmazoniaRevelada_BR-319\\LiDAR_dataset\\ENTREGAS\\ENTREGA_12\\2_MDT\\GEOTIFF\\MDT_1398128.tif","SHRT_FNAME":"MDT_1398128.tif","UPPER_LEFT_X":"444958.096","UPPER_LEFT_Y":"9249869.832","LOWER_RIGHT_X":"445961.096","LOWER_RIGHT_Y":"9248867.332"},"geometry":{"type":"Polygon","coordinates":[[[-63.498108113080747,-6.786089394118259],[-63.489031574928177,-6.786098629647678],[-63.489040730965229,-6.795166955817963],[-63.498117439038985,-6.795157707835212],[-63.498108113080747,-6.786089394118259]]]}},
{"type":"Feature","properties":{"DESCRIPTION":"MDT_1398129.tif","FILENAME":"U:\\P589_AmazoniaRevelada_BR-319\\LiDAR_dataset\\ENTREGAS\\ENTREGA_12\\2_MDT\\GEOTIFF\\MDT_1398129.tif","SHRT_FNAME":"MDT_1398129.tif","UPPER_LEFT_X":"445958.596","UPPER_LEFT_Y":"9249869.832","LOWER_RIGHT_X":"446961.096","LOWER_RIGHT_Y":"9248867.332"},"geometry":{"type":"Polygon","coordinates":[[[-63.489054198418799,-6.786098606839028],[-63.479982172476888,-6.786107668493149],[-63.479991159099853,-6.795176006851556],[-63.489063354879399,-6.795166932978557],[-63.489054198418799,-6.786098606839028]]]}},
{"type":"Feature","properties":{"DESCRIPTION":"MDT_1398130.tif","FILENAME":"U:\\P589_AmazoniaRevelada_BR-319\\LiDAR_dataset\\ENTREGAS\\ENTREGA_12\\2_MDT\\GEOTIFF\\MDT_1398130.tif","SHRT_FNAME":"MDT_1398130.tif","UPPER_LEFT_X":"446958.596","UPPER_LEFT_Y":"9249869.832","LOWER_RIGHT_X":"447961.096","LOWER_RIGHT_Y":"9248867.332"},"geometry":{"type":"Polygon","coordinates":[[[-63.480004795998347,-6.786107646106519],[-63.470932757806189,-6.78611653853048],[-63.470941575013946,-6.795184888849387],[-63.480013783044846,-6.795175984434739],[-63.480004795998347,-6.786107646106519]]]}},
{"type":"Feature","properties":{"DESCRIPTION":"MDT_1398131.tif","FILENAME":"U:\\P589_AmazoniaRevelada_BR-319\\LiDAR_dataset\\ENTREGAS\\ENTREGA_12\\2_MDT\\GEOTIFF\\MDT_1398131.tif","SHRT_FNAME":"MDT_1398131.tif","UPPER_LEFT_X":"447958.596","UPPER_LEFT_Y":"9249869.832","LOWER_RIGHT_X":"448961.096","LOWER_RIGHT_Y":"9248867.332"},"geometry":{"type":"Polygon","coordinates":[[[-63.470955381357903,-6.786116516565869],[-63.461883331146439,-6.786125239758565],[-63.461891978937878,-6.795193601810346],[-63.470964198989208,-6.795184866855158],[-63.470955381357903,-6.786116516565869]]]}},
{"type":"Feature","properties":{"DESCRIPTION":"MDT_1398132.tif","FILENAME":"U:\\P589_AmazoniaRevelada_BR-319\\LiDAR_dataset\\ENTREGAS\\ENTREGA_12\\2_MDT\\GEOTIFF\\MDT_1398132.tif","SHRT_FNAME":"MDT_1398132.tif","UPPER_LEFT_X":"448958.596","UPPER_LEFT_Y":"9249869.832","LOWER_RIGHT_X":"449961.096","LOWER_RIGHT_Y":"9248867.332"},"geometry":{"type":"Polygon","coordinates":[[[-63.461905954727847,-6.786125218215981],[-63.452833892728016,-6.78613377217633],[-63.452842371102058,-6.795202145733358],[-63.461914602942834,-6.795193580238712],[-63.461905954727847,-6.786125218215981]]]}},
{"type":"Feature","properties":{"DESCRIPTION":"MDT_1398133.tif","FILENAME":"U:\\P589_AmazoniaRevelada_BR-319\\LiDAR_dataset\\ENTREGAS\\ENTREGA_12\\2_MDT\\GEOTIFF\\MDT_1398133.tif","SHRT_FNAME":"MDT_1398133.tif","UPPER_LEFT_X":"449958.596","UPPER_LEFT_Y":"9249869.832","LOWER_RIGHT_X":"450961.096","LOWER_RIGHT_Y":"9248867.332"},"geometry":{"type":"Polygon","coordinates":[[[-63.452856516338528,-6.786133751055771],[-63.443784442781251,-6.786142135782709],[-63.443792751736837,-6.795210520617357],[-63.45286499513611,-6.795202124584319],[-63.452856516338528,-6.786133751055771]]]}},
{"type":"Feature","properties":{"DESCRIPTION":"MDT_1398134.tif","FILENAME":"U:\\P589_AmazoniaRevelada_BR-319\\LiDAR_dataset\\ENTREGAS\\ENTREGA_12\\2_MDT\\GEOTIFF\\MDT_1398134.tif","SHRT_FNAME":"MDT_1398134.tif","UPPER_LEFT_X":"450958.596","UPPER_LEFT_Y":"9249869.832","LOWER_RIGHT_X":"451961.596","LOWER_RIGHT_Y":"9248867.332"},"geometry":{"type":"Polygon","coordinates":[[[-63.443807066420298,-6.786142115084181],[-63.43473045680313,-6.78615033463184],[-63.434738596254498,-6.795218730521947],[-63.443815375799439,-6.795210499890919],[-63.443807066420298,-6.786142115084181]]]}},
{"type":"Feature","properties":{"DESCRIPTION":"MDT_1398135.tif","FILENAME":"U:\\P589_AmazoniaRevelada_BR-319\\LiDAR_dataset\\ENTREGAS\\ENTREGA_12\\2_MDT\\GEOTIFF\\MDT_1398135.tif","SHRT_FNAME":"MDT_1398135.tif","UPPER_LEFT_X":"451959.096","UPPER_LEFT_Y":"9249869.832","LOWER_RIGHT_X":"452961.596","LOWER_RIGHT_Y":"9248867.332"},"geometry":{"type":"Polygon","coordinates":[[[-63.434753080470145,-6.786150314355554],[-63.425680984485339,-6.786158360527952],[-63.425688954516183,-6.795226767240306],[-63.434761220345067,-6.795218710218321],[-63.434753080470145,-6.786150314355554]]]}},
{"type":"Feature","properties":{"DESCRIPTION":"MDT_1398136.tif","FILENAME":"U:\\P589_AmazoniaRevelada_BR-319\\LiDAR_dataset\\ENTREGAS\\ENTREGA_12\\2_MDT\\GEOTIFF\\MDT_1398136.tif","SHRT_FNAME":"MDT_1398136.tif","UPPER_LEFT_X":"452959.096","UPPER_LEFT_Y":"9249869.832","LOWER_RIGHT_X":"453961.596","LOWER_RIGHT_Y":"9248867.332"},"geometry":{"type":"Polygon","coordinates":[[[-63.425703608179745,-6.786158340673702],[-63.416631501330428,-6.786166217609627],[-63.416639301939753,-6.795234634916597],[-63.425711578634136,-6.795226747359285],[-63.425703608179745,-6.786158340673702]]]}},
{"type":"Feature","properties":{"DESCRIPTION":"MDT_1398137.tif","FILENAME":"U:\\P589_AmazoniaRevelada_BR-319\\LiDAR_dataset\\ENTREGAS\\ENTREGA_12\\2_MDT\\GEOTIFF\\MDT_1398137.tif","SHRT_FNAME":"MDT_1398137.tif","UPPER_LEFT_X":"453959.096","UPPER_LEFT_Y":"9249869.832","LOWER_RIGHT_X":"454961.596","LOWER_RIGHT_Y":"9248867.332"},"geometry":{"type":"Polygon","coordinates":[[[-63.416654125051636,-6.786166198177414],[-63.40758200756877,-6.786173905875891],[-63.407589638755603,-6.795242333549843],[-63.416661926084529,-6.795234615458183],[-63.416654125051636,-6.786166198177414]]]}},
{"type":"Feature","properties":{"DESCRIPTION":"MDT_1398138.tif","FILENAME":"U:\\P589_AmazoniaRevelada_BR-319\\LiDAR_dataset\\ENTREGAS\\ENTREGA_12\\2_MDT\\GEOTIFF\\MDT_1398138.tif","SHRT_FNAME":"MDT_1398138.tif","UPPER_LEFT_X":"454959.096","UPPER_LEFT_Y":"9249869.832","LOWER_RIGHT_X":"455961.596","LOWER_RIGHT_Y":"9248867.332"},"geometry":{"type":"Polygon","coordinates":[[[-63.407604631316218,-6.786173886865718],[-63.398532503430751,-6.786181425325787],[-63.398539965194111,-6.795249863139088],[-63.407612262926605,-6.795242314514036],[-63.407604631316218,-6.786173886865718]]]}},
{"type":"Feature","properties":{"DESCRIPTION":"MDT_1398139.tif","FILENAME":"U:\\P589_AmazoniaRevelada_BR-319\\LiDAR_dataset\\ENTREGAS\\ENTREGA_12\\2_MDT\\GEOTIFF\\MDT_1398139.tif","SHRT_FNAME":"MDT_1398139.tif","UPPER_LEFT_X":"455959.096","UPPER_LEFT_Y":"9249869.832","LOWER_RIGHT_X":"456962.096","LOWER_RIGHT_Y":"9248867.332"},"geometry":{"type":"Polygon","coordinates":[[[-63.398555127203842,-6.786181406737655],[-63.389478464387061,-6.786188779591474],[-63.389485756641335,-6.795257227321387],[-63.398562589390764,-6.795249844525892],[-63.398555127203842,-6.786181406737655]]]}},
{"type":"Feature","properties":{"DESCRIPTION":"MDT_1398140.tif","FILENAME":"U:\\P589_AmazoniaRevelada_BR-319\\LiDAR_dataset\\ENTREGAS\\ENTREGA_12\\2_MDT\\GEOTIFF\\MDT_1398140.tif","SHRT_FNAME":"MDT_1398140.tif","UPPER_LEFT_X":"456959.596","UPPER_LEFT_Y":"9249869.832","LOWER_RIGHT_X":"457962.096","LOWER_RIGHT_Y":"9248867.332"},"geometry":{"type":"Polygon","coordinates":[[[-63.389501088185241,-6.786188761425598],[-63.380428940182476,-6.78619596132145],[-63.380436063011452,-6.795264418735321],[-63.389508380863077,-6.795257209131015],[-63.389501088185241,-6.786188761425598]]]}},
{"type":"Feature","properties":{"DESCRIPTION":"MDT_1398141.tif","FILENAME":"U:\\P589_AmazoniaRevelada_BR-319\\LiDAR_dataset\\ENTREGAS\\ENTREGA_12\\2_MDT\\GEOTIFF\\MDT_1398141.tif","SHRT_FNAME":"MDT_1398141.tif","UPPER_LEFT_X":"457959.596","UPPER_LEFT_Y":"9249869.832","LOWER_RIGHT_X":"458962.096","LOWER_RIGHT_Y":"9248867.332"},"geometry":{"type":"Polygon","coordinates":[[[-63.380451564005156,-6.786195943577621],[-63.371379406292753,-6.786202974232316],[-63.371386359695528,-6.795271441102513],[-63.380458687257693,-6.795264400967566],[-63.380451564005156,-6.786195943577621]]]}},
{"type":"Feature","properties":{"DESCRIPTION":"MDT_1398142.tif","FILENAME":"U:\\P589_AmazoniaRevelada_BR-319\\LiDAR_dataset\\ENTREGAS\\ENTREGA_12\\2_MDT\\GEOTIFF\\MDT_1398142.tif","SHRT_FNAME":"MDT_1398142.tif","UPPER_LEFT_X":"458959.596","UPPER_LEFT_Y":"9249869.832","LOWER_RIGHT_X":"459962.096","LOWER_RIGHT_Y":"9248867.332"},"geometry":{"type":"Polygon","coordinates":[[[-63.371402030139357,-6.786202956910537],[-63.362329862948236,-6.78620981832321],[-63.362336646923957,-6.795278294422091],[-63.371408983965708,-6.795271423757377],[-63.371402030139357,-6.786202956910537]]]}},
{"type":"Feature","properties":{"DESCRIPTION":"MDT_1398143.tif","FILENAME":"U:\\P589_AmazoniaRevelada_BR-319\\LiDAR_dataset\\ENTREGAS\\ENTREGA_12\\2_MDT\\GEOTIFF\\MDT_1398143.tif","SHRT_FNAME":"MDT_1398143.tif","UPPER_LEFT_X":"459959.596","UPPER_LEFT_Y":"9249869.832","LOWER_RIGHT_X":"460962.096","LOWER_RIGHT_Y":"9248867.332"},"geometry":{"type":"Polygon","coordinates":[[[-63.362352486818196,-6.786209801423482],[-63.353280310379333,-6.786216493593277],[-63.353286924927126,-6.795284978693201],[-63.362359271217478,-6.795278277499573],[-63.362352486818196,-6.786209801423482]]]}},
{"type":"Feature","properties":{"DESCRIPTION":"MDT_1398144.tif","FILENAME":"U:\\P589_AmazoniaRevelada_BR-319\\LiDAR_dataset\\ENTREGAS\\ENTREGA_12\\2_MDT\\GEOTIFF\\MDT_1398144.tif","SHRT_FNAME":"MDT_1398144.tif","UPPER_LEFT_X":"460959.596","UPPER_LEFT_Y":"9249869.832","LOWER_RIGHT_X":"461962.596","LOWER_RIGHT_Y":"9248867.332"},"geometry":{"type":"Polygon","coordinates":[[[-63.353302934272065,-6.7862164771156],[-63.344226224033406,-6.786223003252688],[-63.34423266906775,-6.795291497130341],[-63.353309549243434,-6.795284962193307],[-63.353302934272065,-6.7862164771156]]]}},
{"type":"Feature","properties":{"DESCRIPTION":"MDT_1398145.tif","FILENAME":"U:\\P589_AmazoniaRevelada_BR-319\\LiDAR_dataset\\ENTREGAS\\ENTREGA_12\\2_MDT\\GEOTIFF\\MDT_1398145.tif","SHRT_FNAME":"MDT_1398145.tif","UPPER_LEFT_X":"461960.096","UPPER_LEFT_Y":"9249869.832","LOWER_RIGHT_X":"462962.596","LOWER_RIGHT_Y":"9248867.332"},"geometry":{"type":"Polygon","coordinates":[[[-63.34424884794835,-6.786222987197276],[-63.335176653702511,-6.786229340794224],[-63.335182929307287,-6.795297843217527],[-63.34425529340627,-6.795291481053283],[-63.34424884794835,-6.786222987197276]]]}},
{"type":"Feature","properties":{"DESCRIPTION":"MDT_1398146.tif","FILENAME":"U:\\P589_AmazoniaRevelada_BR-319\\LiDAR_dataset\\ENTREGAS\\ENTREGA_12\\2_MDT\\GEOTIFF\\MDT_1398146.tif","SHRT_FNAME":"MDT_1398146.tif","UPPER_LEFT_X":"462960.096","UPPER_LEFT_Y":"9249869.832","LOWER_RIGHT_X":"463962.596","LOWER_RIGHT_Y":"9248867.332"},"geometry":{"type":"Polygon","coordinates":[[[-63.33519927763907,-6.786229325160871],[-63.326127074838446,-6.786235509512511],[-63.326133181012906,-6.795304020253814],[-63.335205553667436,-6.795297827563092],[-63.33519927763907,-6.786229325160871]]]}},
{"type":"Feature","properties":{"DESCRIPTION":"MDT_1398147.tif","FILENAME":"U:\\P589_AmazoniaRevelada_BR-319\\LiDAR_dataset\\ENTREGAS\\ENTREGA_12\\2_MDT\\GEOTIFF\\MDT_1398147.tif","SHRT_FNAME":"MDT_1398147.tif","UPPER_LEFT_X":"463960.096","UPPER_LEFT_Y":"9249869.832","LOWER_RIGHT_X":"464430.096","LOWER_RIGHT_Y":"9248867.332"},"geometry":{"type":"Polygon","coordinates":[[[-63.326149698796051,-6.786235494301217],[-63.321896393857379,-6.786238335476971],[-63.321902420822902,-6.795306850028851],[-63.326155805394095,-6.795304005022009],[-63.326149698796051,-6.786235494301217]]]}},
{"type":"Feature","properties":{"DESCRIPTION":"MDT_1399115.tif","FILENAME":"U:\\P589_AmazoniaRevelada_BR-319\\LiDAR_dataset\\ENTREGAS\\ENTREGA_12\\2_MDT\\GEOTIFF\\MDT_1399115.tif","SHRT_FNAME":"MDT_1399115.tif","UPPER_LEFT_X":"431957.286","UPPER_LEFT_Y":"9248869.831","LOWER_RIGHT_X":"432959.286","LOWER_RIGHT_Y":"9247867.831"},"geometry":{"type":"Polygon","coordinates":[[[-63.615767774254074,-6.794999844691645],[-63.606700299379114,-6.795011285370695],[-63.606711667801839,-6.804074906193656],[-63.615779312558246,-6.804063450115679],[-63.615767774254074,-6.794999844691645]]]}},
{"type":"Feature","properties":{"DESCRIPTION":"MDT_1399116.tif","FILENAME":"U:\\P589_AmazoniaRevelada_BR-319\\LiDAR_dataset\\ENTREGAS\\ENTREGA_12\\2_MDT\\GEOTIFF\\MDT_1399116.tif","SHRT_FNAME":"MDT_1399116.tif","UPPER_LEFT_X":"432957.096","UPPER_LEFT_Y":"9248869.832","LOWER_RIGHT_X":"433959.596","LOWER_RIGHT_Y":"9247867.832"},"geometry":{"type":"Polygon","coordinates":[[[-63.606720117518485,-6.795011251505123],[-63.597648102469797,-6.795022528442816],[-63.597659301296154,-6.804086164410911],[-63.606731486312484,-6.804074872294681],[-63.606720117518485,-6.795011251505123]]]}},
{"type":"Feature","properties":{"DESCRIPTION":"MDT_1399117.tif","FILENAME":"U:\\P589_AmazoniaRevelada_BR-319\\LiDAR_dataset\\ENTREGAS\\ENTREGA_12\\2_MDT\\GEOTIFF\\MDT_1399117.tif","SHRT_FNAME":"MDT_1399117.tif","UPPER_LEFT_X":"433957.096","UPPER_LEFT_Y":"9248869.832","LOWER_RIGHT_X":"434959.596","LOWER_RIGHT_Y":"9247867.832"},"geometry":{"type":"Polygon","coordinates":[[[-63.597670725967852,-6.795022500532051],[-63.588598695665183,-6.795033608028252],[-63.58860972494633,-6.80409725890925],[-63.597681925218055,-6.804086136462579],[-63.597670725967852,-6.795022500532051]]]}},
{"type":"Feature","properties":{"DESCRIPTION":"MDT_1399118.tif","FILENAME":"U:\\P589_AmazoniaRevelada_BR-319\\LiDAR_dataset\\ENTREGAS\\ENTREGA_12\\2_MDT\\GEOTIFF\\MDT_1399118.tif","SHRT_FNAME":"MDT_1399118.tif","UPPER_LEFT_X":"434957.096","UPPER_LEFT_Y":"9248869.832","LOWER_RIGHT_X":"435960.096","LOWER_RIGHT_Y":"9247867.832"},"geometry":{"type":"Polygon","coordinates":[[[-63.588621319200968,-6.795033580540035],[-63.579544749160654,-6.795044524006368],[-63.579555608810452,-6.804108189580059],[-63.588632348905996,-6.804097231384034],[-63.588621319200968,-6.795033580540035]]]}},
{"type":"Feature","properties":{"DESCRIPTION":"MDT_1399119.tif","FILENAME":"U:\\P589_AmazoniaRevelada_BR-319\\LiDAR_dataset\\ENTREGAS\\ENTREGA_12\\2_MDT\\GEOTIFF\\MDT_1399119.tif","SHRT_FNAME":"MDT_1399119.tif","UPPER_LEFT_X":"435957.596","UPPER_LEFT_Y":"9248869.832","LOWER_RIGHT_X":"436960.096","LOWER_RIGHT_Y":"9247867.832"},"geometry":{"type":"Polygon","coordinates":[[[-63.579567372733635,-6.795044496940915],[-63.570495312608479,-6.795055265465288],[-63.570506002710331,-6.804118945496775],[-63.579578232807314,-6.804108162478177],[-63.579567372733635,-6.795044496940915]]]}},
{"type":"Feature","properties":{"DESCRIPTION":"MDT_1399120.tif","FILENAME":"U:\\P589_AmazoniaRevelada_BR-319\\LiDAR_dataset\\ENTREGAS\\ENTREGA_12\\2_MDT\\GEOTIFF\\MDT_1399120.tif","SHRT_FNAME":"MDT_1399120.tif","UPPER_LEFT_X":"436957.596","UPPER_LEFT_Y":"9248869.832","LOWER_RIGHT_X":"437960.096","LOWER_RIGHT_Y":"9247867.832"},"geometry":{"type":"Polygon","coordinates":[[[-63.57051793621806,-6.795055238822391],[-63.561445861531837,-6.795065837901195],[-63.561456382084423,-6.804129532162976],[-63.570528626743801,-6.804118918818016],[-63.57051793621806,-6.795055238822391]]]}},
{"type":"Feature","properties":{"DESCRIPTION":"MDT_1399121.tif","FILENAME":"U:\\P589_AmazoniaRevelada_BR-319\\LiDAR_dataset\\ENTREGAS\\ENTREGA_12\\2_MDT\\GEOTIFF\\MDT_1399121.tif","SHRT_FNAME":"MDT_1399121.tif","UPPER_LEFT_X":"437957.596","UPPER_LEFT_Y":"9248869.832","LOWER_RIGHT_X":"438960.096","LOWER_RIGHT_Y":"9247867.832"},"geometry":{"type":"Polygon","coordinates":[[[-63.561468485177443,-6.795065811680856],[-63.552396396161086,-6.795076241312778],[-63.552406747163083,-6.804139949577348],[-63.561479006153903,-6.804129505907344],[-63.561468485177443,-6.795065811680856]]]}},
{"type":"Feature","properties":{"DESCRIPTION":"MDT_1399122.tif","FILENAME":"U:\\P589_AmazoniaRevelada_BR-319\\LiDAR_dataset\\ENTREGAS\\ENTREGA_12\\2_MDT\\GEOTIFF\\MDT_1399122.tif","SHRT_FNAME":"MDT_1399122.tif","UPPER_LEFT_X":"438957.596","UPPER_LEFT_Y":"9248869.832","LOWER_RIGHT_X":"439960.096","LOWER_RIGHT_Y":"9247867.832"},"geometry":{"type":"Polygon","coordinates":[[[-63.552419019842148,-6.795076215515001],[-63.543346916726613,-6.795086475698741],[-63.543357098176706,-6.804150197738597],[-63.552429371268005,-6.804139923744849],[-63.552419019842148,-6.795076215515001]]]}},
{"type":"Feature","properties":{"DESCRIPTION":"MDT_1399123.tif","FILENAME":"U:\\P589_AmazoniaRevelada_BR-319\\LiDAR_dataset\\ENTREGAS\\ENTREGA_12\\2_MDT\\GEOTIFF\\MDT_1399123.tif","SHRT_FNAME":"MDT_1399123.tif","UPPER_LEFT_X":"439957.596","UPPER_LEFT_Y":"9248869.832","LOWER_RIGHT_X":"440960.596","LOWER_RIGHT_Y":"9247867.832"},"geometry":{"type":"Polygon","coordinates":[[[-63.543369540442541,-6.79508645032353],[-63.534292898708706,-6.795096546048217],[-63.534302910520857,-6.804160281642571],[-63.543379722316516,-6.804150172329232],[-63.543369540442541,-6.79508645032353]]]}},
{"type":"Feature","properties":{"DESCRIPTION":"MDT_1399124.tif","FILENAME":"U:\\P589_AmazoniaRevelada_BR-319\\LiDAR_dataset\\ENTREGAS\\ENTREGA_12\\2_MDT\\GEOTIFF\\MDT_1399124.tif","SHRT_FNAME":"MDT_1399124.tif","UPPER_LEFT_X":"440958.096","UPPER_LEFT_Y":"9248869.832","LOWER_RIGHT_X":"441960.596","LOWER_RIGHT_Y":"9247867.832"},"geometry":{"type":"Polygon","coordinates":[[[-63.534315522458947,-6.795096521095787],[-63.525243391831118,-6.79510644229464],[-63.525253234088837,-6.804170191209151],[-63.534325534694986,-6.804160256656554],[-63.534315522458947,-6.795096521095787]]]}},
{"type":"Feature","properties":{"DESCRIPTION":"MDT_1399125.tif","FILENAME":"U:\\P589_AmazoniaRevelada_BR-319\\LiDAR_dataset\\ENTREGAS\\ENTREGA_12\\2_MDT\\GEOTIFF\\MDT_1399125.tif","SHRT_FNAME":"MDT_1399125.tif","UPPER_LEFT_X":"441958.096","UPPER_LEFT_Y":"9248869.832","LOWER_RIGHT_X":"442960.596","LOWER_RIGHT_Y":"9247867.832"},"geometry":{"type":"Polygon","coordinates":[[[-63.525266015615074,-6.795106417764782],[-63.516193871581002,-6.795116169511696],[-63.516203544283073,-6.804179931518854],[-63.525275858296702,-6.804170166646276],[-63.525266015615074,-6.795106417764782]]]}},
{"type":"Feature","properties":{"DESCRIPTION":"MDT_1399126.tif","FILENAME":"U:\\P589_AmazoniaRevelada_BR-319\\LiDAR_dataset\\ENTREGAS\\ENTREGA_12\\2_MDT\\GEOTIFF\\MDT_1399126.tif","SHRT_FNAME":"MDT_1399126.tif","UPPER_LEFT_X":"442958.096","UPPER_LEFT_Y":"9248869.832","LOWER_RIGHT_X":"443960.596","LOWER_RIGHT_Y":"9247867.832"},"geometry":{"type":"Polygon","coordinates":[[[-63.516216495398112,-6.795116145404412],[-63.507144338188745,-6.795125727698174],[-63.50715384133396,-6.804189502570471],[-63.516226168524078,-6.804179907379122],[-63.516216495398112,-6.795116145404412]]]}},
{"type":"Feature","properties":{"DESCRIPTION":"MDT_1399127.tif","FILENAME":"U:\\P589_AmazoniaRevelada_BR-319\\LiDAR_dataset\\ENTREGAS\\ENTREGA_12\\2_MDT\\GEOTIFF\\MDT_1399127.tif","SHRT_FNAME":"MDT_1399127.tif","UPPER_LEFT_X":"443958.096","UPPER_LEFT_Y":"9248869.832","LOWER_RIGHT_X":"444960.596","LOWER_RIGHT_Y":"9247867.832"},"geometry":{"type":"Polygon","coordinates":[[[-63.507166962038426,-6.79512570401347],[-63.498094791884725,-6.795135116852893],[-63.498104125471869,-6.804198904362811],[-63.507176465607529,-6.804189478853885],[-63.507166962038426,-6.79512570401347]]]}},
{"type":"Feature","properties":{"DESCRIPTION":"MDT_1399128.tif","FILENAME":"U:\\P589_AmazoniaRevelada_BR-319\\LiDAR_dataset\\ENTREGAS\\ENTREGA_12\\2_MDT\\GEOTIFF\\MDT_1399128.tif","SHRT_FNAME":"MDT_1399128.tif","UPPER_LEFT_X":"444958.096","UPPER_LEFT_Y":"9248869.832","LOWER_RIGHT_X":"445961.096","LOWER_RIGHT_Y":"9247867.832"},"geometry":{"type":"Polygon","coordinates":[[[-63.498117415766387,-6.795135093590767],[-63.489040708116661,-6.795144341542461],[-63.489049872059816,-6.80420814146864],[-63.498126749777434,-6.804198881069376],[-63.498117415766387,-6.795135093590767]]]}},
{"type":"Feature","properties":{"DESCRIPTION":"MDT_1399129.tif","FILENAME":"U:\\P589_AmazoniaRevelada_BR-319\\LiDAR_dataset\\ENTREGAS\\ENTREGA_12\\2_MDT\\GEOTIFF\\MDT_1399129.tif","SHRT_FNAME":"MDT_1399129.tif","UPPER_LEFT_X":"445958.596","UPPER_LEFT_Y":"9248869.832","LOWER_RIGHT_X":"446961.096","LOWER_RIGHT_Y":"9247867.832"},"geometry":{"type":"Polygon","coordinates":[[[-63.489063332029758,-6.795144318703134],[-63.479991136674059,-6.795153392545661],[-63.480000131056826,-6.804217204654317],[-63.489072496396815,-6.804208118598567],[-63.489063332029758,-6.795144318703134]]]}},
{"type":"Feature","properties":{"DESCRIPTION":"MDT_1399130.tif","FILENAME":"U:\\P589_AmazoniaRevelada_BR-319\\LiDAR_dataset\\ENTREGAS\\ENTREGA_12\\2_MDT\\GEOTIFF\\MDT_1399130.tif","SHRT_FNAME":"MDT_1399130.tif","UPPER_LEFT_X":"446958.596","UPPER_LEFT_Y":"9248869.832","LOWER_RIGHT_X":"447961.096","LOWER_RIGHT_Y":"9247867.832"},"geometry":{"type":"Polygon","coordinates":[[[-63.480013760617993,-6.79515337012892],[-63.47094155301091,-6.795162274513664],[-63.470950377832189,-6.80422609857728],[-63.48002275542467,-6.804217182207401],[-63.480013760617993,-6.79515337012892]]]}},
{"type":"Feature","properties":{"DESCRIPTION":"MDT_1399131.tif","FILENAME":"U:\\P589_AmazoniaRevelada_BR-319\\LiDAR_dataset\\ENTREGAS\\ENTREGA_12\\2_MDT\\GEOTIFF\\MDT_1399131.tif","SHRT_FNAME":"MDT_1399131.tif","UPPER_LEFT_X":"447958.596","UPPER_LEFT_Y":"9248869.832","LOWER_RIGHT_X":"448961.096","LOWER_RIGHT_Y":"9247867.832"},"geometry":{"type":"Polygon","coordinates":[[[-63.470964176985113,-6.795162252519511],[-63.461891957357615,-6.795170987445364],[-63.461900612616297,-6.804234823236422],[-63.470973002230295,-6.804226076553521],[-63.470964176985113,-6.795162252519511]]]}},
{"type":"Feature","properties":{"DESCRIPTION":"MDT_1399132.tif","FILENAME":"U:\\P589_AmazoniaRevelada_BR-319\\LiDAR_dataset\\ENTREGAS\\ENTREGA_12\\2_MDT\\GEOTIFF\\MDT_1399132.tif","SHRT_FNAME":"MDT_1399132.tif","UPPER_LEFT_X":"448958.596","UPPER_LEFT_Y":"9248869.832","LOWER_RIGHT_X":"449961.096","LOWER_RIGHT_Y":"9247867.832"},"geometry":{"type":"Polygon","coordinates":[[[-63.461914581361512,-6.795170965873804],[-63.452842349944561,-6.795179531339683],[-63.452850835639545,-6.804243378630662],[-63.46192323704409,-6.804234801635826],[-63.461914581361512,-6.795170965873804]]]}},
{"type":"Feature","properties":{"DESCRIPTION":"MDT_1399133.tif","FILENAME":"U:\\P589_AmazoniaRevelada_BR-319\\LiDAR_dataset\\ENTREGAS\\ENTREGA_12\\2_MDT\\GEOTIFF\\MDT_1399133.tif","SHRT_FNAME":"MDT_1399133.tif","UPPER_LEFT_X":"449958.596","UPPER_LEFT_Y":"9248869.832","LOWER_RIGHT_X":"450961.096","LOWER_RIGHT_Y":"9247867.832"},"geometry":{"type":"Polygon","coordinates":[[[-63.452864973977569,-6.795179510190718],[-63.443792731002127,-6.79518790619556],[-63.443801047132361,-6.804251764758937],[-63.45287346009647,-6.80424335745323],[-63.452864973977569,-6.795179510190718]]]}},
{"type":"Feature","properties":{"DESCRIPTION":"MDT_1399134.tif","FILENAME":"U:\\P589_AmazoniaRevelada_BR-319\\LiDAR_dataset\\ENTREGAS\\ENTREGA_12\\2_MDT\\GEOTIFF\\MDT_1399134.tif","SHRT_FNAME":"MDT_1399134.tif","UPPER_LEFT_X":"450958.596","UPPER_LEFT_Y":"9248869.832","LOWER_RIGHT_X":"451961.596","LOWER_RIGHT_Y":"9247867.832"},"geometry":{"type":"Polygon","coordinates":[[[-63.443815355063656,-6.795187885469191],[-63.434738575942774,-6.795196116072579],[-63.434746722422439,-6.804259985686299],[-63.443823671617807,-6.80425174400467],[-63.443815355063656,-6.795187885469191]]]}},
{"type":"Feature","properties":{"DESCRIPTION":"MDT_1399135.tif","FILENAME":"U:\\P589_AmazoniaRevelada_BR-319\\LiDAR_dataset\\ENTREGAS\\ENTREGA_12\\2_MDT\\GEOTIFF\\MDT_1399135.tif","SHRT_FNAME":"MDT_1399135.tif","UPPER_LEFT_X":"451959.096","UPPER_LEFT_Y":"9248869.832","LOWER_RIGHT_X":"452961.596","LOWER_RIGHT_Y":"9247867.832"},"geometry":{"type":"Polygon","coordinates":[[[-63.434761200032291,-6.795196095769022],[-63.425688934627246,-6.79520415276395],[-63.425696911540093,-6.804268033194904],[-63.434769346935859,-6.804259965355412],[-63.434761200032291,-6.795196095769022]]]}},
{"type":"Feature","properties":{"DESCRIPTION":"MDT_1399136.tif","FILENAME":"U:\\P589_AmazoniaRevelada_BR-319\\LiDAR_dataset\\ENTREGAS\\ENTREGA_12\\2_MDT\\GEOTIFF\\MDT_1399136.tif","SHRT_FNAME":"MDT_1399136.tif","UPPER_LEFT_X":"452959.096","UPPER_LEFT_Y":"9248869.832","LOWER_RIGHT_X":"453961.596","LOWER_RIGHT_Y":"9247867.832"},"geometry":{"type":"Polygon","coordinates":[[[-63.425711558744148,-6.795204132882994],[-63.416639282473604,-6.795212020413819],[-63.416647089818632,-6.804275911434485],[-63.425719536080905,-6.80426801328719],[-63.425711558744148,-6.795204132882994]]]}},
{"type":"Feature","properties":{"DESCRIPTION":"MDT_1399137.tif","FILENAME":"U:\\P589_AmazoniaRevelada_BR-319\\LiDAR_dataset\\ENTREGAS\\ENTREGA_12\\2_MDT\\GEOTIFF\\MDT_1399137.tif","SHRT_FNAME":"MDT_1399137.tif","UPPER_LEFT_X":"453959.096","UPPER_LEFT_Y":"9248869.832","LOWER_RIGHT_X":"454961.596","LOWER_RIGHT_Y":"9247867.832"},"geometry":{"type":"Polygon","coordinates":[[[-63.416661906617321,-6.79521200095547],[-63.407589619712247,-6.795219719021213],[-63.407597257488483,-6.80428362040406],[-63.416669714386266,-6.804275891949945],[-63.416661906617321,-6.79521200095547]]]}},
{"type":"Feature","properties":{"DESCRIPTION":"MDT_1399138.tif","FILENAME":"U:\\P589_AmazoniaRevelada_BR-319\\LiDAR_dataset\\ENTREGAS\\ENTREGA_12\\2_MDT\\GEOTIFF\\MDT_1399138.tif","SHRT_FNAME":"MDT_1399138.tif","UPPER_LEFT_X":"454959.096","UPPER_LEFT_Y":"9248869.832","LOWER_RIGHT_X":"455961.596","LOWER_RIGHT_Y":"9247867.832"},"geometry":{"type":"Polygon","coordinates":[[[-63.407612243882184,-6.795219699985469],[-63.398539946573543,-6.795227248585172],[-63.398547414780033,-6.804291160102673],[-63.407619882082336,-6.804283601342695],[-63.407612243882184,-6.795219699985469]]]}},
{"type":"Feature","properties":{"DESCRIPTION":"MDT_1399139.tif","FILENAME":"U:\\P589_AmazoniaRevelada_BR-319\\LiDAR_dataset\\ENTREGAS\\ENTREGA_12\\2_MDT\\GEOTIFF\\MDT_1399139.tif","SHRT_FNAME":"MDT_1399139.tif","UPPER_LEFT_X":"455959.096","UPPER_LEFT_Y":"9248869.832","LOWER_RIGHT_X":"456962.096","LOWER_RIGHT_Y":"9247867.832"},"geometry":{"type":"Polygon","coordinates":[[[-63.398562570769137,-6.795227229972038],[-63.389485738443767,-6.795234612742741],[-63.389493036994793,-6.80429853417226],[-63.398570039399559,-6.804291141464487],[-63.398562570769137,-6.795227229972038]]]}},
{"type":"Feature","properties":{"DESCRIPTION":"MDT_1399140.tif","FILENAME":"U:\\P589_AmazoniaRevelada_BR-319\\LiDAR_dataset\\ENTREGAS\\ENTREGA_12\\2_MDT\\GEOTIFF\\MDT_1399140.tif","SHRT_FNAME":"MDT_1399140.tif","UPPER_LEFT_X":"456959.596","UPPER_LEFT_Y":"9248869.832","LOWER_RIGHT_X":"457962.096","LOWER_RIGHT_Y":"9247867.832"},"geometry":{"type":"Polygon","coordinates":[[[-63.389508362664458,-6.795234594552431],[-63.380436045236678,-6.795241804132525],[-63.380443174216104,-6.804305735241523],[-63.389515661639408,-6.804298515957466],[-63.389508362664458,-6.795234594552431]]]}},
{"type":"Feature","properties":{"DESCRIPTION":"MDT_1399141.tif","FILENAME":"U:\\P589_AmazoniaRevelada_BR-319\\LiDAR_dataset\\ENTREGAS\\ENTREGA_12\\2_MDT\\GEOTIFF\\MDT_1399141.tif","SHRT_FNAME":"MDT_1399141.tif","UPPER_LEFT_X":"457959.596","UPPER_LEFT_Y":"9248869.832","LOWER_RIGHT_X":"458962.096","LOWER_RIGHT_Y":"9247867.832"},"geometry":{"type":"Polygon","coordinates":[[[-63.380458669481868,-6.795241786364829],[-63.371386342343555,-6.795248826476135],[-63.37139330175048,-6.804312767037079],[-63.380465798885218,-6.804305717449913],[-63.380458669481868,-6.795241786364829]]]}},
{"type":"Feature","properties":{"DESCRIPTION":"MDT_1399142.tif","FILENAME":"U:\\P589_AmazoniaRevelada_BR-319\\LiDAR_dataset\\ENTREGAS\\ENTREGA_12\\2_MDT\\GEOTIFF\\MDT_1399142.tif","SHRT_FNAME":"MDT_1399142.tif","UPPER_LEFT_X":"458959.596","UPPER_LEFT_Y":"9248869.832","LOWER_RIGHT_X":"459962.096","LOWER_RIGHT_Y":"9247867.832"},"geometry":{"type":"Polygon","coordinates":[[[-63.371408966612677,-6.795248809131057],[-63.362336629994786,-6.795255679772698],[-63.362343419828349,-6.804319629558052],[-63.371415926443532,-6.804312749668654],[-63.371408966612677,-6.795248809131057]]]}},
{"type":"Feature","properties":{"DESCRIPTION":"MDT_1399143.tif","FILENAME":"U:\\P589_AmazoniaRevelada_BR-319\\LiDAR_dataset\\ENTREGAS\\ENTREGA_12\\2_MDT\\GEOTIFF\\MDT_1399143.tif","SHRT_FNAME":"MDT_1399143.tif","UPPER_LEFT_X":"459959.596","UPPER_LEFT_Y":"9248869.832","LOWER_RIGHT_X":"460962.096","LOWER_RIGHT_Y":"9247867.832"},"geometry":{"type":"Polygon","coordinates":[[[-63.362359254287249,-6.795255662850238],[-63.353286908420763,-6.795262364021362],[-63.353293528680119,-6.804326322803592],[-63.362366044544757,-6.804319612612815],[-63.362359254287249,-6.795255662850238]]]}},
{"type":"Feature","properties":{"DESCRIPTION":"MDT_1399144.tif","FILENAME":"U:\\P589_AmazoniaRevelada_BR-319\\LiDAR_dataset\\ENTREGAS\\ENTREGA_12\\2_MDT\\GEOTIFF\\MDT_1399144.tif","SHRT_FNAME":"MDT_1399144.tif","UPPER_LEFT_X":"460959.596","UPPER_LEFT_Y":"9248869.832","LOWER_RIGHT_X":"461962.596","LOWER_RIGHT_Y":"9247867.832"},"geometry":{"type":"Polygon","coordinates":[[[-63.353309532736013,-6.795262347521522],[-63.344232652984381,-6.795268882436611],[-63.344239103583924,-6.80433284999251],[-63.353316153419307,-6.804326306281544],[-63.353309532736013,-6.795262347521522]]]}},
{"type":"Feature","properties":{"DESCRIPTION":"MDT_1399145.tif","FILENAME":"U:\\P589_AmazoniaRevelada_BR-319\\LiDAR_dataset\\ENTREGAS\\ENTREGA_12\\2_MDT\\GEOTIFF\\MDT_1399145.tif","SHRT_FNAME":"MDT_1399145.tif","UPPER_LEFT_X":"461960.096","UPPER_LEFT_Y":"9248869.832","LOWER_RIGHT_X":"462962.596","LOWER_RIGHT_Y":"9247867.832"},"geometry":{"type":"Polygon","coordinates":[[[-63.344255277321849,-6.795268866359607],[-63.335182913646733,-6.795275228502484],[-63.33518919467042,-6.804339204600071],[-63.344261728345309,-6.804332833893865],[-63.344255277321849,-6.795268866359607]]]}},
{"type":"Feature","properties":{"DESCRIPTION":"MDT_1399146.tif","FILENAME":"U:\\P589_AmazoniaRevelada_BR-319\\LiDAR_dataset\\ENTREGAS\\ENTREGA_12\\2_MDT\\GEOTIFF\\MDT_1399146.tif","SHRT_FNAME":"MDT_1399146.tif","UPPER_LEFT_X":"462960.096","UPPER_LEFT_Y":"9248869.832","LOWER_RIGHT_X":"463962.596","LOWER_RIGHT_Y":"9247867.832"},"geometry":{"type":"Polygon","coordinates":[[[-63.335205538005823,-6.795275212848101],[-63.326133165775161,-6.795281405518028],[-63.326139277222204,-6.804345389929765],[-63.335211819453448,-6.80433918892462],[-63.335205538005823,-6.795275212848101]]]}},
{"type":"Feature","properties":{"DESCRIPTION":"MDT_1399147.tif","FILENAME":"U:\\P589_AmazoniaRevelada_BR-319\\LiDAR_dataset\\ENTREGAS\\ENTREGA_12\\2_MDT\\GEOTIFF\\MDT_1399147.tif","SHRT_FNAME":"MDT_1399147.tif","UPPER_LEFT_X":"463960.096","UPPER_LEFT_Y":"9248869.832","LOWER_RIGHT_X":"464430.096","LOWER_RIGHT_Y":"9247867.832"},"geometry":{"type":"Polygon","coordinates":[[[-63.326155790155283,-6.795281390286275],[-63.321902405782822,-6.795284235283564],[-63.321908437952516,-6.804348223504112],[-63.326161902026278,-6.80434537467751],[-63.326155790155283,-6.795281390286275]]]}},
{"type":"Feature","properties":{"DESCRIPTION":"MDT_1400115.tif","FILENAME":"U:\\P589_AmazoniaRevelada_BR-319\\LiDAR_dataset\\ENTREGAS\\ENTREGA_12\\2_MDT\\GEOTIFF\\MDT_1400115.tif","SHRT_FNAME":"MDT_1400115.tif","UPPER_LEFT_X":"431957.286","UPPER_LEFT_Y":"9247869.955","LOWER_RIGHT_X":"432959.286","LOWER_RIGHT_Y":"9246867.955"},"geometry":{"type":"Polygon","coordinates":[[[-63.615779288083154,-6.804044237446707],[-63.606711643687106,-6.804055693492042],[-63.606723027586305,-6.813119310915567],[-63.615790842095073,-6.813107839470755],[-63.615779288083154,-6.804044237446707]]]}},
{"type":"Feature","properties":{"DESCRIPTION":"MDT_1400116.tif","FILENAME":"U:\\P589_AmazoniaRevelada_BR-319\\LiDAR_dataset\\ENTREGAS\\ENTREGA_12\\2_MDT\\GEOTIFF\\MDT_1400116.tif","SHRT_FNAME":"MDT_1400116.tif","UPPER_LEFT_X":"432957.096","UPPER_LEFT_Y":"9247870.332","LOWER_RIGHT_X":"433959.596","LOWER_RIGHT_Y":"9246867.832"},"geometry":{"type":"Polygon","coordinates":[[[-63.606731457927928,-6.804052258474592],[-63.597659273335957,-6.804063550552952],[-63.597670493001829,-6.813131705893325],[-63.60674284787774,-6.813120398628311],[-63.606731457927928,-6.804052258474592]]]}},
{"type":"Feature","properties":{"DESCRIPTION":"MDT_1400117.tif","FILENAME":"U:\\P589_AmazoniaRevelada_BR-319\\LiDAR_dataset\\ENTREGAS\\ENTREGA_12\\2_MDT\\GEOTIFF\\MDT_1400117.tif","SHRT_FNAME":"MDT_1400117.tif","UPPER_LEFT_X":"433957.096","UPPER_LEFT_Y":"9247870.332","LOWER_RIGHT_X":"434959.596","LOWER_RIGHT_Y":"9246867.832"},"geometry":{"type":"Polygon","coordinates":[[[-63.597681897256805,-6.804063522604713],[-63.588609697409446,-6.804074645014082],[-63.58862074721462,-6.813142815275336],[-63.597693117347326,-6.813131677907498],[-63.597681897256805,-6.804063522604713]]]}},
{"type":"Feature","properties":{"DESCRIPTION":"MDT_1400118.tif","FILENAME":"U:\\P589_AmazoniaRevelada_BR-319\\LiDAR_dataset\\ENTREGAS\\ENTREGA_12\\2_MDT\\GEOTIFF\\MDT_1400118.tif","SHRT_FNAME":"MDT_1400118.tif","UPPER_LEFT_X":"434957.096","UPPER_LEFT_Y":"9247870.332","LOWER_RIGHT_X":"435960.096","LOWER_RIGHT_Y":"9246867.832"},"geometry":{"type":"Polygon","coordinates":[[[-63.588632321368038,-6.804074617488959],[-63.579555581697086,-6.804085575648232],[-63.579566461555238,-6.813153760610039],[-63.588643371597868,-6.813142787713196],[-63.588632321368038,-6.804074617488959]]]}},
{"type":"Feature","properties":{"DESCRIPTION":"MDT_1400119.tif","FILENAME":"U:\\P589_AmazoniaRevelada_BR-319\\LiDAR_dataset\\ENTREGAS\\ENTREGA_12\\2_MDT\\GEOTIFF\\MDT_1400119.tif","SHRT_FNAME":"MDT_1400119.tif","UPPER_LEFT_X":"435957.596","UPPER_LEFT_Y":"9247870.332","LOWER_RIGHT_X":"436960.096","LOWER_RIGHT_Y":"9246867.832"},"geometry":{"type":"Polygon","coordinates":[[[-63.579578205692883,-6.80408554854644],[-63.570505976020279,-6.804096331528875],[-63.57051668601499,-6.813164530956207],[-63.579589085975705,-6.813153733471799],[-63.579578205692883,-6.80408554854644]]]}},
{"type":"Feature","properties":{"DESCRIPTION":"MDT_1400120.tif","FILENAME":"U:\\P589_AmazoniaRevelada_BR-319\\LiDAR_dataset\\ENTREGAS\\ENTREGA_12\\2_MDT\\GEOTIFF\\MDT_1400120.tif","SHRT_FNAME":"MDT_1400120.tif","UPPER_LEFT_X":"436957.596","UPPER_LEFT_Y":"9247870.332","LOWER_RIGHT_X":"437960.096","LOWER_RIGHT_Y":"9246867.832"},"geometry":{"type":"Polygon","coordinates":[[[-63.570528600052675,-6.804096304850206],[-63.561456355817668,-6.804106918159569],[-63.561466895947611,-6.813175131824807],[-63.570539310472057,-6.81316450424166],[-63.570528600052675,-6.804096304850206]]]}},
{"type":"Feature","properties":{"DESCRIPTION":"MDT_1400121.tif","FILENAME":"U:\\P589_AmazoniaRevelada_BR-319\\LiDAR_dataset\\ENTREGAS\\ENTREGA_12\\2_MDT\\GEOTIFF\\MDT_1400121.tif","SHRT_FNAME":"MDT_1400121.tif","UPPER_LEFT_X":"437957.596","UPPER_LEFT_Y":"9247870.332","LOWER_RIGHT_X":"438960.096","LOWER_RIGHT_Y":"9246867.832"},"geometry":{"type":"Polygon","coordinates":[[[-63.561478979886097,-6.804106891904028],[-63.552406721319649,-6.804117335539004],[-63.552417091583479,-6.813185563214522],[-63.561489520440702,-6.813175105533955],[-63.561478979886097,-6.804106891904028]]]}},
{"type":"Feature","properties":{"DESCRIPTION":"MDT_1400122.tif","FILENAME":"U:\\P589_AmazoniaRevelada_BR-319\\LiDAR_dataset\\ENTREGAS\\ENTREGA_12\\2_MDT\\GEOTIFF\\MDT_1400122.tif","SHRT_FNAME":"MDT_1400122.tif","UPPER_LEFT_X":"438957.596","UPPER_LEFT_Y":"9247870.332","LOWER_RIGHT_X":"439960.096","LOWER_RIGHT_Y":"9246867.832"},"geometry":{"type":"Polygon","coordinates":[[[-63.552429345423533,-6.804117309706591],[-63.543357072756606,-6.804127583665884],[-63.543367273153031,-6.813195825124055],[-63.552439716112033,-6.813185537347368],[-63.552429345423533,-6.804117309706591]]]}},
{"type":"Feature","properties":{"DESCRIPTION":"MDT_1400123.tif","FILENAME":"U:\\P589_AmazoniaRevelada_BR-319\\LiDAR_dataset\\ENTREGAS\\ENTREGA_12\\2_MDT\\GEOTIFF\\MDT_1400123.tif","SHRT_FNAME":"MDT_1400123.tif","UPPER_LEFT_X":"439957.596","UPPER_LEFT_Y":"9247870.332","LOWER_RIGHT_X":"440960.596","LOWER_RIGHT_Y":"9246867.832"},"geometry":{"type":"Polygon","coordinates":[[[-63.543379696895364,-6.804127558256605],[-63.534302885524291,-6.804137667536037],[-63.534312915967099,-6.813205922555956],[-63.543389897716452,-6.813195799680603],[-63.543379696895364,-6.804127558256605]]]}},
{"type":"Feature","properties":{"DESCRIPTION":"MDT_1400124.tif","FILENAME":"U:\\P589_AmazoniaRevelada_BR-319\\LiDAR_dataset\\ENTREGAS\\ENTREGA_12\\2_MDT\\GEOTIFF\\MDT_1400124.tif","SHRT_FNAME":"MDT_1400124.tif","UPPER_LEFT_X":"440958.096","UPPER_LEFT_Y":"9247870.332","LOWER_RIGHT_X":"441960.596","LOWER_RIGHT_Y":"9246867.832"},"geometry":{"type":"Polygon","coordinates":[[[-63.534325509697354,-6.804137642550107],[-63.525253209515604,-6.804147577069383],[-63.525263070088471,-6.813215845416583],[-63.534335540564847,-6.81320589753642],[-63.534325509697354,-6.804137642550107]]]}},
{"type":"Feature","properties":{"DESCRIPTION":"MDT_1400125.tif","FILENAME":"U:\\P589_AmazoniaRevelada_BR-319\\LiDAR_dataset\\ENTREGAS\\ENTREGA_12\\2_MDT\\GEOTIFF\\MDT_1400125.tif","SHRT_FNAME":"MDT_1400125.tif","UPPER_LEFT_X":"441958.096","UPPER_LEFT_Y":"9247870.332","LOWER_RIGHT_X":"442960.596","LOWER_RIGHT_Y":"9246867.832"},"geometry":{"type":"Polygon","coordinates":[[[-63.525275833722397,-6.80414755250659],[-63.516203520133175,-6.804157317346419],[-63.516213210834863,-6.81322559879327],[-63.525285694719948,-6.813215820820756],[-63.525275833722397,-6.80414755250659]]]}},
{"type":"Feature","properties":{"DESCRIPTION":"MDT_1400126.tif","FILENAME":"U:\\P589_AmazoniaRevelada_BR-319\\LiDAR_dataset\\ENTREGAS\\ENTREGA_12\\2_MDT\\GEOTIFF\\MDT_1400126.tif","SHRT_FNAME":"MDT_1400126.tif","UPPER_LEFT_X":"442958.096","UPPER_LEFT_Y":"9247870.332","LOWER_RIGHT_X":"443960.596","LOWER_RIGHT_Y":"9246867.832"},"geometry":{"type":"Polygon","coordinates":[[[-63.516226144373107,-6.80415729320677],[-63.507153817607374,-6.804166888365937],[-63.50716333843669,-6.813235182684805],[-63.516235835499479,-6.813225574621155],[-63.516226144373107,-6.80415729320677]]]}},
{"type":"Feature","properties":{"DESCRIPTION":"MDT_1400127.tif","FILENAME":"U:\\P589_AmazoniaRevelada_BR-319\\LiDAR_dataset\\ENTREGAS\\ENTREGA_12\\2_MDT\\GEOTIFF\\MDT_1400127.tif","SHRT_FNAME":"MDT_1400127.tif","UPPER_LEFT_X":"443958.096","UPPER_LEFT_Y":"9247870.332","LOWER_RIGHT_X":"444960.596","LOWER_RIGHT_Y":"9246867.832"},"geometry":{"type":"Polygon","coordinates":[[[-63.507176441879892,-6.804166864649431],[-63.498104102168632,-6.804176290126747],[-63.498113453124361,-6.813244597089996],[-63.507185963133885,-6.813235158936403],[-63.507176441879892,-6.804166864649431]]]}},
{"type":"Feature","properties":{"DESCRIPTION":"MDT_1400128.tif","FILENAME":"U:\\P589_AmazoniaRevelada_BR-319\\LiDAR_dataset\\ENTREGAS\\ENTREGA_12\\2_MDT\\GEOTIFF\\MDT_1400128.tif","SHRT_FNAME":"MDT_1400128.tif","UPPER_LEFT_X":"444958.096","UPPER_LEFT_Y":"9247870.332","LOWER_RIGHT_X":"445961.096","LOWER_RIGHT_Y":"9246867.832"},"geometry":{"type":"Polygon","coordinates":[[[-63.498126726473146,-6.80417626683339],[-63.489049849180127,-6.804185527201595],[-63.489059030176165,-6.813253846587742],[-63.498136077853559,-6.813244573765312],[-63.498126726473146,-6.80417626683339]]]}},
{"type":"Feature","properties":{"DESCRIPTION":"MDT_1400129.tif","FILENAME":"U:\\P589_AmazoniaRevelada_BR-319\\LiDAR_dataset\\ENTREGAS\\ENTREGA_12\\2_MDT\\GEOTIFF\\MDT_1400129.tif","SHRT_FNAME":"MDT_1400129.tif","UPPER_LEFT_X":"445958.596","UPPER_LEFT_Y":"9247870.332","LOWER_RIGHT_X":"446961.096","LOWER_RIGHT_Y":"9246867.832"},"geometry":{"type":"Polygon","coordinates":[[[-63.489072473516075,-6.8041855043316],[-63.480000108600478,-6.804194590356876],[-63.480009119720627,-6.813262921932018],[-63.48908165493679,-6.81325382368699],[-63.489072473516075,-6.8041855043316]]]}},
{"type":"Feature","properties":{"DESCRIPTION":"MDT_1400130.tif","FILENAME":"U:\\P589_AmazoniaRevelada_BR-319\\LiDAR_dataset\\ENTREGAS\\ENTREGA_12\\2_MDT\\GEOTIFF\\MDT_1400130.tif","SHRT_FNAME":"MDT_1400130.tif","UPPER_LEFT_X":"446958.596","UPPER_LEFT_Y":"9247870.332","LOWER_RIGHT_X":"447961.096","LOWER_RIGHT_Y":"9246867.832"},"geometry":{"type":"Polygon","coordinates":[[[-63.480022732967264,-6.804194567910035],[-63.470950355799189,-6.804203484250011],[-63.470959197042291,-6.813271827786508],[-63.48003174451209,-6.81326289945499],[-63.480022732967264,-6.804194567910035]]]}},
{"type":"Feature","properties":{"DESCRIPTION":"MDT_1400131.tif","FILENAME":"U:\\P589_AmazoniaRevelada_BR-319\\LiDAR_dataset\\ENTREGAS\\ENTREGA_12\\2_MDT\\GEOTIFF\\MDT_1400131.tif","SHRT_FNAME":"MDT_1400131.tif","UPPER_LEFT_X":"447958.596","UPPER_LEFT_Y":"9247870.332","LOWER_RIGHT_X":"448961.096","LOWER_RIGHT_Y":"9246867.832"},"geometry":{"type":"Polygon","coordinates":[[[-63.470972980196237,-6.804203462226328],[-63.461900591006639,-6.804212208879892],[-63.461909262371613,-6.813280564150105],[-63.470981821864036,-6.813271805733205],[-63.470972980196237,-6.804203462226328]]]}},
{"type":"Feature","properties":{"DESCRIPTION":"MDT_1400132.tif","FILENAME":"U:\\P589_AmazoniaRevelada_BR-319\\LiDAR_dataset\\ENTREGAS\\ENTREGA_12\\2_MDT\\GEOTIFF\\MDT_1400132.tif","SHRT_FNAME":"MDT_1400132.tif","UPPER_LEFT_X":"448958.596","UPPER_LEFT_Y":"9247870.332","LOWER_RIGHT_X":"449961.096","LOWER_RIGHT_Y":"9246867.832"},"geometry":{"type":"Polygon","coordinates":[[[-63.461923215433387,-6.804212187279369],[-63.452850814453242,-6.80422076424544],[-63.452859315938994,-6.813289131021723],[-63.461931887223052,-6.813280542520532],[-63.461923215433387,-6.804212187279369]]]}},
{"type":"Feature","properties":{"DESCRIPTION":"MDT_1400133.tif","FILENAME":"U:\\P589_AmazoniaRevelada_BR-319\\LiDAR_dataset\\ENTREGAS\\ENTREGA_12\\2_MDT\\GEOTIFF\\MDT_1400133.tif","SHRT_FNAME":"MDT_1400133.tif","UPPER_LEFT_X":"449958.596","UPPER_LEFT_Y":"9247870.332","LOWER_RIGHT_X":"450961.096","LOWER_RIGHT_Y":"9246867.832"},"geometry":{"type":"Polygon","coordinates":[[[-63.452873438909101,-6.80422074306808],[-63.443801026369407,-6.80422915034559],[-63.443809357974871,-6.813297528400302],[-63.452881940819552,-6.813289109815881],[-63.452873438909101,-6.80422074306808]]]}},
{"type":"Feature","properties":{"DESCRIPTION":"MDT_1400134.tif","FILENAME":"U:\\P589_AmazoniaRevelada_BR-319\\LiDAR_dataset\\ENTREGAS\\ENTREGA_12\\2_MDT\\GEOTIFF\\MDT_1400134.tif","SHRT_FNAME":"MDT_1400134.tif","UPPER_LEFT_X":"450958.596","UPPER_LEFT_Y":"9247870.332","LOWER_RIGHT_X":"451961.596","LOWER_RIGHT_Y":"9246867.832"},"geometry":{"type":"Polygon","coordinates":[[[-63.443823650853815,-6.804229129591394],[-63.434746702083054,-6.804237371245378],[-63.434754863722233,-6.813305760356343],[-63.443831982883971,-6.813297507618194],[-63.443823650853815,-6.804229129591394]]]}},
{"type":"Feature","properties":{"DESCRIPTION":"MDT_1400135.tif","FILENAME":"U:\\P589_AmazoniaRevelada_BR-319\\LiDAR_dataset\\ENTREGAS\\ENTREGA_12\\2_MDT\\GEOTIFF\\MDT_1400135.tif","SHRT_FNAME":"MDT_1400135.tif","UPPER_LEFT_X":"451959.096","UPPER_LEFT_Y":"9247870.332","LOWER_RIGHT_X":"452961.596","LOWER_RIGHT_Y":"9246867.832"},"geometry":{"type":"Polygon","coordinates":[[[-63.434769326595422,-6.804237350914561],[-63.425696891624071,-6.804245418726997],[-63.425704883380902,-6.813313818660982],[-63.434777488659307,-6.813305739998182],[-63.434769326595422,-6.804237350914561]]]}},
{"type":"Feature","properties":{"DESCRIPTION":"MDT_1400136.tif","FILENAME":"U:\\P589_AmazoniaRevelada_BR-319\\LiDAR_dataset\\ENTREGAS\\ENTREGA_12\\2_MDT\\GEOTIFF\\MDT_1400136.tif","SHRT_FNAME":"MDT_1400136.tif","UPPER_LEFT_X":"452959.096","UPPER_LEFT_Y":"9247870.332","LOWER_RIGHT_X":"453961.596","LOWER_RIGHT_Y":"9246867.832"},"geometry":{"type":"Polygon","coordinates":[[[-63.425719516163831,-6.804245398819349],[-63.416647070325979,-6.804253296940155],[-63.416654892199453,-6.813321707469515],[-63.425727508345368,-6.813313798726561],[-63.425719516163831,-6.804245398819349]]]}},
{"type":"Feature","properties":{"DESCRIPTION":"MDT_1400137.tif","FILENAME":"U:\\P589_AmazoniaRevelada_BR-319\\LiDAR_dataset\\ENTREGAS\\ENTREGA_12\\2_MDT\\GEOTIFF\\MDT_1400137.tif","SHRT_FNAME":"MDT_1400137.tif","UPPER_LEFT_X":"453959.096","UPPER_LEFT_Y":"9247870.332","LOWER_RIGHT_X":"454961.596","LOWER_RIGHT_Y":"9246867.832"},"geometry":{"type":"Polygon","coordinates":[[[-63.416669694892548,-6.804253277455679],[-63.407597238419193,-6.804261005883876],[-63.407604890408322,-6.81332942678096],[-63.41667751719072,-6.813321687958835],[-63.416669694892548,-6.804253277455679]]]}},
{"type":"Feature","properties":{"DESCRIPTION":"MDT_1400138.tif","FILENAME":"U:\\P589_AmazoniaRevelada_BR-319\\LiDAR_dataset\\ENTREGAS\\ENTREGA_12\\2_MDT\\GEOTIFF\\MDT_1400138.tif","SHRT_FNAME":"MDT_1400138.tif","UPPER_LEFT_X":"454959.096","UPPER_LEFT_Y":"9247870.332","LOWER_RIGHT_X":"455961.596","LOWER_RIGHT_Y":"9246867.832"},"geometry":{"type":"Polygon","coordinates":[[[-63.407619863011988,-6.804260986822575],[-63.398547396134106,-6.804268545557203],[-63.39855487823796,-6.81333697659436],[-63.407627515425837,-6.813329407694024],[-63.407619863011988,-6.804260986822575]]]}},
{"type":"Feature","properties":{"DESCRIPTION":"MDT_1400139.tif","FILENAME":"U:\\P589_AmazoniaRevelada_BR-319\\LiDAR_dataset\\ENTREGAS\\ENTREGA_12\\2_MDT\\GEOTIFF\\MDT_1400139.tif","SHRT_FNAME":"MDT_1400139.tif","UPPER_LEFT_X":"455959.096","UPPER_LEFT_Y":"9247870.332","LOWER_RIGHT_X":"456962.096","LOWER_RIGHT_Y":"9246867.832"},"geometry":{"type":"Polygon","coordinates":[[[-63.398570020752565,-6.804268526919079],[-63.389493018772441,-6.804275919602058],[-63.389500330905108,-6.813344360556538],[-63.398577503281139,-6.81333695793117],[-63.398570020752565,-6.804268526919079]]]}},
{"type":"Feature","properties":{"DESCRIPTION":"MDT_1400140.tif","FILENAME":"U:\\P589_AmazoniaRevelada_BR-319\\LiDAR_dataset\\ENTREGAS\\ENTREGA_12\\2_MDT\\GEOTIFF\\MDT_1400140.tif","SHRT_FNAME":"MDT_1400140.tif","UPPER_LEFT_X":"456959.596","UPPER_LEFT_Y":"9247870.332","LOWER_RIGHT_X":"457962.096","LOWER_RIGHT_Y":"9246867.832"},"geometry":{"type":"Polygon","coordinates":[[[-63.389515643415997,-6.804275901387326],[-63.38044315641713,-6.804283120647171],[-63.380450298662645,-6.813351571286304],[-63.389522955973383,-6.813344342317309],[-63.389515643415997,-6.804275901387326]]]}},
{"type":"Feature","properties":{"DESCRIPTION":"MDT_1400141.tif","FILENAME":"U:\\P589_AmazoniaRevelada_BR-319\\LiDAR_dataset\\ENTREGAS\\ENTREGA_12\\2_MDT\\GEOTIFF\\MDT_1400141.tif","SHRT_FNAME":"MDT_1400141.tif","UPPER_LEFT_X":"457959.596","UPPER_LEFT_Y":"9247870.332","LOWER_RIGHT_X":"458962.096","LOWER_RIGHT_Y":"9246867.832"},"geometry":{"type":"Polygon","coordinates":[[[-63.380465781085192,-6.804283102855621],[-63.371393284374882,-6.804290152419143],[-63.371400256732365,-6.813358612515278],[-63.380472923755427,-6.813351553470827],[-63.380465781085192,-6.804283102855621]]]}},
{"type":"Feature","properties":{"DESCRIPTION":"MDT_1400142.tif","FILENAME":"U:\\P589_AmazoniaRevelada_BR-319\\LiDAR_dataset\\ENTREGAS\\ENTREGA_12\\2_MDT\\GEOTIFF\\MDT_1400142.tif","SHRT_FNAME":"MDT_1400142.tif","UPPER_LEFT_X":"458959.596","UPPER_LEFT_Y":"9247870.332","LOWER_RIGHT_X":"459962.096","LOWER_RIGHT_Y":"9246867.832"},"geometry":{"type":"Polygon","coordinates":[[[-63.371415909066876,-6.804290135050776],[-63.362343402876121,-6.804297014917102],[-63.362350205344683,-6.81336548424258],[-63.371422881849078,-6.813358595123553],[-63.371415909066876,-6.804290135050776]]]}},
{"type":"Feature","properties":{"DESCRIPTION":"MDT_1400143.tif","FILENAME":"U:\\P589_AmazoniaRevelada_BR-319\\LiDAR_dataset\\ENTREGAS\\ENTREGA_12\\2_MDT\\GEOTIFF\\MDT_1400143.tif","SHRT_FNAME":"MDT_1400143.tif","UPPER_LEFT_X":"459959.596","UPPER_LEFT_Y":"9247870.332","LOWER_RIGHT_X":"460962.096","LOWER_RIGHT_Y":"9246867.832"},"geometry":{"type":"Polygon","coordinates":[[[-63.36236602759147,-6.804296997971921],[-63.353293512151268,-6.804303708140192],[-63.353300144730071,-6.81337218646736],[-63.362372830484752,-6.81336546727461],[-63.36236602759147,-6.804296997971921]]]}},
{"type":"Feature","properties":{"DESCRIPTION":"MDT_1400144.tif","FILENAME":"U:\\P589_AmazoniaRevelada_BR-319\\LiDAR_dataset\\ENTREGAS\\ENTREGA_12\\2_MDT\\GEOTIFF\\MDT_1400144.tif","SHRT_FNAME":"MDT_1400144.tif","UPPER_LEFT_X":"460959.596","UPPER_LEFT_Y":"9247870.332","LOWER_RIGHT_X":"461962.596","LOWER_RIGHT_Y":"9246867.832"},"geometry":{"type":"Polygon","coordinates":[[[-63.35331613688939,-6.804303691618201],[-63.344239087478662,-6.804310235307221],[-63.344245550081915,-6.813378722412748],[-63.353322769892912,-6.813372169923148],[-63.35331613688939,-6.804303691618201]]]}},
{"type":"Feature","properties":{"DESCRIPTION":"MDT_1400145.tif","FILENAME":"U:\\P589_AmazoniaRevelada_BR-319\\LiDAR_dataset\\ENTREGAS\\ENTREGA_12\\2_MDT\\GEOTIFF\\MDT_1400145.tif","SHRT_FNAME":"MDT_1400145.tif","UPPER_LEFT_X":"461960.096","UPPER_LEFT_Y":"9247870.332","LOWER_RIGHT_X":"462962.596","LOWER_RIGHT_Y":"9246867.832"},"geometry":{"type":"Polygon","coordinates":[[[-63.344261712238996,-6.80431021920863],[-63.335189178988543,-6.804316589893468],[-63.335195471700395,-6.813385085545253],[-63.344268175266983,-6.813378706292507],[-63.344261712238996,-6.80431021920863]]]}},
{"type":"Feature","properties":{"DESCRIPTION":"MDT_1400146.tif","FILENAME":"U:\\P589_AmazoniaRevelada_BR-319\\LiDAR_dataset\\ENTREGAS\\ENTREGA_12\\2_MDT\\GEOTIFF\\MDT_1400146.tif","SHRT_FNAME":"MDT_1400146.tif","UPPER_LEFT_X":"462960.096","UPPER_LEFT_Y":"9247870.332","LOWER_RIGHT_X":"463962.596","LOWER_RIGHT_Y":"9246867.832"},"geometry":{"type":"Polygon","coordinates":[[[-63.335211803770505,-6.80431657421807],[-63.326139261963704,-6.80432277520242],[-63.326145384783359,-6.813391279172802],[-63.335218096907084,-6.813385069848773],[-63.335211803770505,-6.80431657421807]]]}},
{"type":"Feature","properties":{"DESCRIPTION":"MDT_1400147.tif","FILENAME":"U:\\P589_AmazoniaRevelada_BR-319\\LiDAR_dataset\\ENTREGAS\\ENTREGA_12\\2_MDT\\GEOTIFF\\MDT_1400147.tif","SHRT_FNAME":"MDT_1400147.tif","UPPER_LEFT_X":"463960.096","UPPER_LEFT_Y":"9247870.332","LOWER_RIGHT_X":"464430.096","LOWER_RIGHT_Y":"9246867.832"},"geometry":{"type":"Polygon","coordinates":[[[-63.326161886766712,-6.804322759950217],[-63.321908422891951,-6.804325608767264],[-63.321914466286735,-6.813394116548495],[-63.326168010011095,-6.813391263900085],[-63.326161886766712,-6.804322759950217]]]}},
{"type":"Feature","properties":{"DESCRIPTION":"MDT_1401115.tif","FILENAME":"U:\\P589_AmazoniaRevelada_BR-319\\LiDAR_dataset\\ENTREGAS\\ENTREGA_12\\2_MDT\\GEOTIFF\\MDT_1401115.tif","SHRT_FNAME":"MDT_1401115.tif","UPPER_LEFT_X":"431957.286","UPPER_LEFT_Y":"9246870.080","LOWER_RIGHT_X":"432959.286","LOWER_RIGHT_Y":"9245868.080"},"geometry":{"type":"Polygon","coordinates":[[[-63.615790817575146,-6.813088617763484],[-63.606723003427383,-6.813100089175638],[-63.606734402804477,-6.822163703195302],[-63.615802387296249,-6.822152216383115],[-63.615790817575146,-6.813088617763484]]]}},
{"type":"Feature","properties":{"DESCRIPTION":"MDT_1401116.tif","FILENAME":"U:\\P589_AmazoniaRevelada_BR-319\\LiDAR_dataset\\ENTREGAS\\ENTREGA_12\\2_MDT\\GEOTIFF\\MDT_1401116.tif","SHRT_FNAME":"MDT_1401116.tif","UPPER_LEFT_X":"432957.096","UPPER_LEFT_Y":"9246870.332","LOWER_RIGHT_X":"433959.596","LOWER_RIGHT_Y":"9245867.832"},"geometry":{"type":"Polygon","coordinates":[[[-63.60674281945456,-6.813097784816713],[-63.597670465003596,-6.813109092043853],[-63.597681699925971,-6.822177243978785],[-63.606754224892434,-6.822165921564443],[-63.60674281945456,-6.813097784816713]]]}},
{"type":"Feature","properties":{"DESCRIPTION":"MDT_1401117.tif","FILENAME":"U:\\P589_AmazoniaRevelada_BR-319\\LiDAR_dataset\\ENTREGAS\\ENTREGA_12\\2_MDT\\GEOTIFF\\MDT_1401117.tif","SHRT_FNAME":"MDT_1401117.tif","UPPER_LEFT_X":"433957.096","UPPER_LEFT_Y":"9246870.332","LOWER_RIGHT_X":"434959.596","LOWER_RIGHT_Y":"9245867.832"},"geometry":{"type":"Polygon","coordinates":[[[-63.597693089348027,-6.81310906405812],[-63.588620719640254,-6.813120201388656],[-63.588631784470955,-6.822188368245001],[-63.59770432469562,-6.822177215955461],[-63.597693089348027,-6.81310906405812]]]}},
{"type":"Feature","properties":{"DESCRIPTION":"MDT_1401118.tif","FILENAME":"U:\\P589_AmazoniaRevelada_BR-319\\LiDAR_dataset\\ENTREGAS\\ENTREGA_12\\2_MDT\\GEOTIFF\\MDT_1401118.tif","SHRT_FNAME":"MDT_1401118.tif","UPPER_LEFT_X":"434957.096","UPPER_LEFT_Y":"9246870.332","LOWER_RIGHT_X":"435960.096","LOWER_RIGHT_Y":"9245867.832"},"geometry":{"type":"Polygon","coordinates":[[[-63.588643344022451,-6.813120173826606],[-63.579566434404981,-6.813131146686698],[-63.579577329057585,-6.822199328244124],[-63.588654409278377,-6.822188340645932],[-63.588643344022451,-6.813120173826606]]]}},
{"type":"Feature","properties":{"DESCRIPTION":"MDT_1401119.tif","FILENAME":"U:\\P589_AmazoniaRevelada_BR-319\\LiDAR_dataset\\ENTREGAS\\ENTREGA_12\\2_MDT\\GEOTIFF\\MDT_1401119.tif","SHRT_FNAME":"MDT_1401119.tif","UPPER_LEFT_X":"435957.596","UPPER_LEFT_Y":"9246870.332","LOWER_RIGHT_X":"436960.096","LOWER_RIGHT_Y":"9245867.832"},"geometry":{"type":"Polygon","coordinates":[[[-63.579589058824375,-6.813131119548547],[-63.570516659288621,-6.813141916996793],[-63.570527383846795,-6.822210113020263],[-63.579599953902211,-6.822199301069523],[-63.579589058824375,-6.813131119548547]]]}},
{"type":"Feature","properties":{"DESCRIPTION":"MDT_1401120.tif","FILENAME":"U:\\P589_AmazoniaRevelada_BR-319\\LiDAR_dataset\\ENTREGAS\\ENTREGA_12\\2_MDT\\GEOTIFF\\MDT_1401120.tif","SHRT_FNAME":"MDT_1401120.tif","UPPER_LEFT_X":"436957.596","UPPER_LEFT_Y":"9246870.332","LOWER_RIGHT_X":"437960.096","LOWER_RIGHT_Y":"9245867.832"},"geometry":{"type":"Polygon","coordinates":[[[-63.570539283744623,-6.813141890282333],[-63.561466869645123,-6.813152517829885],[-63.56147742410753,-6.822220728091774],[-63.570550008728027,-6.822210086269925],[-63.570539283744623,-6.813141890282333]]]}},
{"type":"Feature","properties":{"DESCRIPTION":"MDT_1401121.tif","FILENAME":"U:\\P589_AmazoniaRevelada_BR-319\\LiDAR_dataset\\ENTREGAS\\ENTREGA_12\\2_MDT\\GEOTIFF\\MDT_1401121.tif","SHRT_FNAME":"MDT_1401121.tif","UPPER_LEFT_X":"437957.596","UPPER_LEFT_Y":"9246870.332","LOWER_RIGHT_X":"438960.096","LOWER_RIGHT_Y":"9245867.832"},"geometry":{"type":"Polygon","coordinates":[[[-63.561489494137156,-6.813152491539121],[-63.552417065704887,-6.81316294918466],[-63.552427450070212,-6.82223117345733],[-63.561500049024794,-6.822220701765695],[-63.561489494137156,-6.813152491539121]]]}},
{"type":"Feature","properties":{"DESCRIPTION":"MDT_1401122.tif","FILENAME":"U:\\P589_AmazoniaRevelada_BR-319\\LiDAR_dataset\\ENTREGAS\\ENTREGA_12\\2_MDT\\GEOTIFF\\MDT_1401122.tif","SHRT_FNAME":"MDT_1401122.tif","UPPER_LEFT_X":"438957.596","UPPER_LEFT_Y":"9246870.332","LOWER_RIGHT_X":"439960.096","LOWER_RIGHT_Y":"9245867.832"},"geometry":{"type":"Polygon","coordinates":[[[-63.552439690232376,-6.813162923317592],[-63.543367247698342,-6.813173211059824],[-63.543377461965264,-6.82224144911564],[-63.552450075022932,-6.82223114755552],[-63.552439690232376,-6.813162923317592]]]}},
{"type":"Feature","properties":{"DESCRIPTION":"MDT_1401123.tif","FILENAME":"U:\\P589_AmazoniaRevelada_BR-319\\LiDAR_dataset\\ENTREGAS\\ENTREGA_12\\2_MDT\\GEOTIFF\\MDT_1401123.tif","SHRT_FNAME":"MDT_1401123.tif","UPPER_LEFT_X":"439957.596","UPPER_LEFT_Y":"9246870.332","LOWER_RIGHT_X":"440960.596","LOWER_RIGHT_Y":"9245867.832"},"geometry":{"type":"Polygon","coordinates":[[[-63.54338987226069,-6.813173185616455],[-63.534312890936512,-6.813183308457902],[-63.534322935018736,-6.822251560075952],[-63.543400086952879,-6.8222414236381],[-63.54338987226069,-6.813173185616455]]]}},
{"type":"Feature","properties":{"DESCRIPTION":"MDT_1401124.tif","FILENAME":"U:\\P589_AmazoniaRevelada_BR-319\\LiDAR_dataset\\ENTREGAS\\ENTREGA_12\\2_MDT\\GEOTIFF\\MDT_1401124.tif","SHRT_FNAME":"MDT_1401124.tif","UPPER_LEFT_X":"440958.096","UPPER_LEFT_Y":"9246870.332","LOWER_RIGHT_X":"441960.596","LOWER_RIGHT_Y":"9245867.832"},"geometry":{"type":"Polygon","coordinates":[[[-63.534335515533201,-6.813183283438451],[-63.525263045481793,-6.813193231285294],[-63.525272919463077,-6.822261496231106],[-63.534345560040663,-6.822251535022896],[-63.534335515533201,-6.813183283438451]]]}},
{"type":"Feature","properties":{"DESCRIPTION":"MDT_1401125.tif","FILENAME":"U:\\P589_AmazoniaRevelada_BR-319\\LiDAR_dataset\\ENTREGAS\\ENTREGA_12\\2_MDT\\GEOTIFF\\MDT_1401125.tif","SHRT_FNAME":"MDT_1401125.tif","UPPER_LEFT_X":"441958.096","UPPER_LEFT_Y":"9246870.332","LOWER_RIGHT_X":"442960.596","LOWER_RIGHT_Y":"9245867.832"},"geometry":{"type":"Polygon","coordinates":[[[-63.525285670112211,-6.81319320668955],[-63.516213186652088,-6.813202984629313],[-63.516222890531218,-6.822271262675245],[-63.525295544518748,-6.822261471602325],[-63.525285670112211,-6.81319320668955]]]}},
{"type":"Feature","properties":{"DESCRIPTION":"MDT_1401126.tif","FILENAME":"U:\\P589_AmazoniaRevelada_BR-319\\LiDAR_dataset\\ENTREGAS\\ENTREGA_12\\2_MDT\\GEOTIFF\\MDT_1401126.tif","SHRT_FNAME":"MDT_1401126.tif","UPPER_LEFT_X":"442958.096","UPPER_LEFT_Y":"9246870.332","LOWER_RIGHT_X":"443960.596","LOWER_RIGHT_Y":"9245867.832"},"geometry":{"type":"Polygon","coordinates":[[[-63.516235811315653,-6.813202960457279],[-63.507163314677832,-6.813212568488747],[-63.507172848453564,-6.822280859407159],[-63.516245515620028,-6.822271238470744],[-63.516235811315653,-6.813202960457279]]]}},
{"type":"Feature","properties":{"DESCRIPTION":"MDT_1401127.tif","FILENAME":"U:\\P589_AmazoniaRevelada_BR-319\\LiDAR_dataset\\ENTREGAS\\ENTREGA_12\\2_MDT\\GEOTIFF\\MDT_1401127.tif","SHRT_FNAME":"MDT_1401127.tif","UPPER_LEFT_X":"443958.096","UPPER_LEFT_Y":"9246870.332","LOWER_RIGHT_X":"444960.596","LOWER_RIGHT_Y":"9245867.832"},"geometry":{"type":"Polygon","coordinates":[[[-63.507185939373954,-6.813212544740425],[-63.498113429789413,-6.813221982862407],[-63.498122793460581,-6.822290286425653],[-63.507195473574967,-6.822280835626938],[-63.507185939373954,-6.813212544740425]]]}},
{"type":"Feature","properties":{"DESCRIPTION":"MDT_1401128.tif","FILENAME":"U:\\P589_AmazoniaRevelada_BR-319\\LiDAR_dataset\\ENTREGAS\\ENTREGA_12\\2_MDT\\GEOTIFF\\MDT_1401128.tif","SHRT_FNAME":"MDT_1401128.tif","UPPER_LEFT_X":"444958.096","UPPER_LEFT_Y":"9246870.332","LOWER_RIGHT_X":"445961.096","LOWER_RIGHT_Y":"9245867.832"},"geometry":{"type":"Polygon","coordinates":[[[-63.498136054517545,-6.8132219595378],[-63.48905900726534,-6.813231232329172],[-63.48906820074572,-6.822299548315764],[-63.498145418613973,-6.822290263069719],[-63.498136054517545,-6.8132219595378]]]}},
{"type":"Feature","properties":{"DESCRIPTION":"MDT_1401129.tif","FILENAME":"U:\\P589_AmazoniaRevelada_BR-319\\LiDAR_dataset\\ENTREGAS\\ENTREGA_12\\2_MDT\\GEOTIFF\\MDT_1401129.tif","SHRT_FNAME":"MDT_1401129.tif","UPPER_LEFT_X":"445958.596","UPPER_LEFT_Y":"9246870.332","LOWER_RIGHT_X":"446961.096","LOWER_RIGHT_Y":"9245867.832"},"geometry":{"type":"Polygon","coordinates":[[[-63.489081632024913,-6.813231209428498],[-63.480009097233719,-6.813240307643052],[-63.480018120607198,-6.822308635819074],[-63.48909082593056,-6.822299525384328],[-63.489081632024913,-6.813231209428498]]]}},
{"type":"Feature","properties":{"DESCRIPTION":"MDT_1401130.tif","FILENAME":"U:\\P589_AmazoniaRevelada_BR-319\\LiDAR_dataset\\ENTREGAS\\ENTREGA_12\\2_MDT\\GEOTIFF\\MDT_1401130.tif","SHRT_FNAME":"MDT_1401130.tif","UPPER_LEFT_X":"446958.596","UPPER_LEFT_Y":"9246870.332","LOWER_RIGHT_X":"447961.096","LOWER_RIGHT_Y":"9245867.832"},"geometry":{"type":"Polygon","coordinates":[[[-63.480031722024137,-6.813240285166099],[-63.47095917497932,-6.813249213467713],[-63.470968028244755,-6.82231755360552],[-63.480040745822876,-6.822308613311931],[-63.480031722024137,-6.813240285166099]]]}},
{"type":"Feature","properties":{"DESCRIPTION":"MDT_1401131.tif","FILENAME":"U:\\P589_AmazoniaRevelada_BR-319\\LiDAR_dataset\\ENTREGAS\\ENTREGA_12\\2_MDT\\GEOTIFF\\MDT_1401131.tif","SHRT_FNAME":"MDT_1401131.tif","UPPER_LEFT_X":"447958.596","UPPER_LEFT_Y":"9246870.332","LOWER_RIGHT_X":"448961.096","LOWER_RIGHT_Y":"9245867.832"},"geometry":{"type":"Polygon","coordinates":[[[-63.470981799799993,-6.813249191414484],[-63.46190924073256,-6.813257949802047],[-63.461917923888869,-6.822326301673989],[-63.470990653490716,-6.822317531522669],[-63.470981799799993,-6.813249191414484]]]}},
{"type":"Feature","properties":{"DESCRIPTION":"MDT_1401132.tif","FILENAME":"U:\\P589_AmazoniaRevelada_BR-319\\LiDAR_dataset\\ENTREGAS\\ENTREGA_12\\2_MDT\\GEOTIFF\\MDT_1401132.tif","SHRT_FNAME":"MDT_1401132.tif","UPPER_LEFT_X":"448958.596","UPPER_LEFT_Y":"9246870.332","LOWER_RIGHT_X":"449961.096","LOWER_RIGHT_Y":"9245867.832"},"geometry":{"type":"Polygon","coordinates":[[[-63.461931865582933,-6.813257928172545],[-63.452859294723865,-6.813266516644971],[-63.452867807769948,-6.822334880023398],[-63.461940549164517,-6.822326280015436],[-63.461931865582933,-6.813257928172545]]]}},
{"type":"Feature","properties":{"DESCRIPTION":"MDT_1401133.tif","FILENAME":"U:\\P589_AmazoniaRevelada_BR-319\\LiDAR_dataset\\ENTREGAS\\ENTREGA_12\\2_MDT\\GEOTIFF\\MDT_1401133.tif","SHRT_FNAME":"MDT_1401133.tif","UPPER_LEFT_X":"449958.596","UPPER_LEFT_Y":"9246870.332","LOWER_RIGHT_X":"450961.096","LOWER_RIGHT_Y":"9245867.832"},"geometry":{"type":"Polygon","coordinates":[[[-63.452881919603357,-6.813266495439199],[-63.443809337183673,-6.813274913995423],[-63.443817680118457,-6.822343288652683],[-63.452890433074721,-6.822334858789143],[-63.452881919603357,-6.813266495439199]]]}},
{"type":"Feature","properties":{"DESCRIPTION":"MDT_1401134.tif","FILENAME":"U:\\P589_AmazoniaRevelada_BR-319\\LiDAR_dataset\\ENTREGAS\\ENTREGA_12\\2_MDT\\GEOTIFF\\MDT_1401134.tif","SHRT_FNAME":"MDT_1401134.tif","UPPER_LEFT_X":"450958.596","UPPER_LEFT_Y":"9246870.332","LOWER_RIGHT_X":"451961.596","LOWER_RIGHT_Y":"9245867.832"},"geometry":{"type":"Polygon","coordinates":[[[-63.443831962091707,-6.813274893213384],[-63.434754843355186,-6.813283145923891],[-63.434763016092582,-6.8223515316378],[-63.443840305451772,-6.82234326784273],[-63.443831962091707,-6.813274893213384]]]}},
{"type":"Feature","properties":{"DESCRIPTION":"MDT_1401135.tif","FILENAME":"U:\\P589_AmazoniaRevelada_BR-319\\LiDAR_dataset\\ENTREGAS\\ENTREGA_12\\2_MDT\\GEOTIFF\\MDT_1401135.tif","SHRT_FNAME":"MDT_1401135.tif","UPPER_LEFT_X":"451959.096","UPPER_LEFT_Y":"9246870.332","LOWER_RIGHT_X":"452961.596","LOWER_RIGHT_Y":"9245867.832"},"geometry":{"type":"Polygon","coordinates":[[[-63.434777468291202,-6.813283125565799],[-63.425704863437787,-6.81329120420154],[-63.425712866061822,-6.822359600738859],[-63.434785641453885,-6.822351511252362],[-63.434777468291202,-6.813283125565799]]]}},
{"type":"Feature","properties":{"DESCRIPTION":"MDT_1401136.tif","FILENAME":"U:\\P589_AmazoniaRevelada_BR-319\\LiDAR_dataset\\ENTREGAS\\ENTREGA_12\\2_MDT\\GEOTIFF\\MDT_1401136.tif","SHRT_FNAME":"MDT_1401136.tif","UPPER_LEFT_X":"452959.096","UPPER_LEFT_Y":"9246870.332","LOWER_RIGHT_X":"453961.596","LOWER_RIGHT_Y":"9245867.832"},"geometry":{"type":"Polygon","coordinates":[[[-63.425727488401193,-6.813291184267186],[-63.416654872680276,-6.81329909298365],[-63.416662705189943,-6.822367500116722],[-63.42573549145051,-6.82235958077773],[-63.425727488401193,-6.813291184267186]]]}},
{"type":"Feature","properties":{"DESCRIPTION":"MDT_1401137.tif","FILENAME":"U:\\P589_AmazoniaRevelada_BR-319\\LiDAR_dataset\\ENTREGAS\\ENTREGA_12\\2_MDT\\GEOTIFF\\MDT_1401137.tif","SHRT_FNAME":"MDT_1401137.tif","UPPER_LEFT_X":"453959.096","UPPER_LEFT_Y":"9246870.332","LOWER_RIGHT_X":"454961.596","LOWER_RIGHT_Y":"9245867.832"},"geometry":{"type":"Polygon","coordinates":[[[-63.416677497670491,-6.813299073473035],[-63.407604871313083,-6.813306812269239],[-63.407612533707415,-6.82237522977041],[-63.416685330605446,-6.822367480579902],[-63.416677497670491,-6.813299073473035]]]}},
{"type":"Feature","properties":{"DESCRIPTION":"MDT_1401138.tif","FILENAME":"U:\\P589_AmazoniaRevelada_BR-319\\LiDAR_dataset\\ENTREGAS\\ENTREGA_12\\2_MDT\\GEOTIFF\\MDT_1401138.tif","SHRT_FNAME":"MDT_1401138.tif","UPPER_LEFT_X":"454959.096","UPPER_LEFT_Y":"9246870.332","LOWER_RIGHT_X":"455961.596","LOWER_RIGHT_Y":"9245867.832"},"geometry":{"type":"Polygon","coordinates":[[[-63.407627496329532,-6.813306793182367],[-63.398554859566651,-6.813314362057353],[-63.398562351844674,-6.82238278969896],[-63.407635159149152,-6.822375210657901],[-63.407627496329532,-6.813306793182367]]]}},
{"type":"Feature","properties":{"DESCRIPTION":"MDT_1401139.tif","FILENAME":"U:\\P589_AmazoniaRevelada_BR-319\\LiDAR_dataset\\ENTREGAS\\ENTREGA_12\\2_MDT\\GEOTIFF\\MDT_1401139.tif","SHRT_FNAME":"MDT_1401139.tif","UPPER_LEFT_X":"455959.096","UPPER_LEFT_Y":"9246870.332","LOWER_RIGHT_X":"456962.096","LOWER_RIGHT_Y":"9245867.832"},"geometry":{"type":"Polygon","coordinates":[[[-63.398577484608772,-6.813314343394226],[-63.389500312657972,-6.813321745994798],[-63.38950763473369,-6.822390183554083],[-63.39858497731209,-6.822382771010765],[-63.398577484608772,-6.813314343394226]]]}},
{"type":"Feature","properties":{"DESCRIPTION":"MDT_1401140.tif","FILENAME":"U:\\P589_AmazoniaRevelada_BR-319\\LiDAR_dataset\\ENTREGAS\\ENTREGA_12\\2_MDT\\GEOTIFF\\MDT_1401140.tif","SHRT_FNAME":"MDT_1401140.tif","UPPER_LEFT_X":"456959.596","UPPER_LEFT_Y":"9246870.332","LOWER_RIGHT_X":"457962.096","LOWER_RIGHT_Y":"9245867.832"},"geometry":{"type":"Polygon","coordinates":[[[-63.389522937725182,-6.81332172775563],[-63.380450280839455,-6.813328956700415],[-63.380457432797023,-6.822397403944702],[-63.389530260226202,-6.822390165290417],[-63.389522937725182,-6.81332172775563]]]}},
{"type":"Feature","properties":{"DESCRIPTION":"MDT_1401141.tif","FILENAME":"U:\\P589_AmazoniaRevelada_BR-319\\LiDAR_dataset\\ENTREGAS\\ENTREGA_12\\2_MDT\\GEOTIFF\\MDT_1401141.tif","SHRT_FNAME":"MDT_1401141.tif","UPPER_LEFT_X":"457959.596","UPPER_LEFT_Y":"9246870.332","LOWER_RIGHT_X":"458962.096","LOWER_RIGHT_Y":"9245867.832"},"geometry":{"type":"Polygon","coordinates":[[[-63.380472905931178,-6.813328938884998],[-63.37140023933312,-6.813335997905804],[-63.37140722117163,-6.82240445460743],[-63.380480058314035,-6.822397386105354],[-63.380472905931178,-6.813328938884998]]]}},
{"type":"Feature","properties":{"DESCRIPTION":"MDT_1401142.tif","FILENAME":"U:\\P589_AmazoniaRevelada_BR-319\\LiDAR_dataset\\ENTREGAS\\ENTREGA_12\\2_MDT\\GEOTIFF\\MDT_1401142.tif","SHRT_FNAME":"MDT_1401142.tif","UPPER_LEFT_X":"458959.596","UPPER_LEFT_Y":"9246870.332","LOWER_RIGHT_X":"459962.096","LOWER_RIGHT_Y":"9245867.832"},"geometry":{"type":"Polygon","coordinates":[[[-63.371422864448775,-6.813335980514135],[-63.36235018836939,-6.813342869610091],[-63.362357000087968,-6.822411335541393],[-63.37142984671258,-6.822404437192403],[-63.371422864448775,-6.813335980514135]]]}},
{"type":"Feature","properties":{"DESCRIPTION":"MDT_1401143.tif","FILENAME":"U:\\P589_AmazoniaRevelada_BR-319\\LiDAR_dataset\\ENTREGAS\\ENTREGA_12\\2_MDT\\GEOTIFF\\MDT_1401143.tif","SHRT_FNAME":"MDT_1401143.tif","UPPER_LEFT_X":"459959.596","UPPER_LEFT_Y":"9246870.332","LOWER_RIGHT_X":"460962.096","LOWER_RIGHT_Y":"9245867.832"},"geometry":{"type":"Polygon","coordinates":[[[-63.362372813508401,-6.813342852642177],[-63.353300128178716,-6.81334957181242],[-63.353306769776516,-6.822418046745733],[-63.362379625652288,-6.822411318550689],[-63.362372813508401,-6.813342852642177]]]}},
{"type":"Feature","properties":{"DESCRIPTION":"MDT_1401144.tif","FILENAME":"U:\\P589_AmazoniaRevelada_BR-319\\LiDAR_dataset\\ENTREGAS\\ENTREGA_12\\2_MDT\\GEOTIFF\\MDT_1401144.tif","SHRT_FNAME":"MDT_1401144.tif","UPPER_LEFT_X":"460959.596","UPPER_LEFT_Y":"9246870.332","LOWER_RIGHT_X":"461962.596","LOWER_RIGHT_Y":"9245867.832"},"geometry":{"type":"Polygon","coordinates":[[[-63.353322753340514,-6.813349555268264],[-63.344245533954748,-6.813356107735918],[-63.344252005345858,-6.822424591447906],[-63.353329395363609,-6.822418030179357],[-63.353322753340514,-6.813349555268264]]]}},
{"type":"Feature","properties":{"DESCRIPTION":"MDT_1401145.tif","FILENAME":"U:\\P589_AmazoniaRevelada_BR-319\\LiDAR_dataset\\ENTREGAS\\ENTREGA_12\\2_MDT\\GEOTIFF\\MDT_1401145.tif","SHRT_FNAME":"MDT_1401145.tif","UPPER_LEFT_X":"461960.096","UPPER_LEFT_Y":"9246870.332","LOWER_RIGHT_X":"462962.596","LOWER_RIGHT_Y":"9245867.832"},"geometry":{"type":"Polygon","coordinates":[[[-63.344268159138743,-6.81335609161573],[-63.335195455997166,-6.81336247084711],[-63.335201757265871,-6.822430963105663],[-63.344274630955177,-6.822424575306067],[-63.344268159138743,-6.81335609161573]]]}},
{"type":"Feature","properties":{"DESCRIPTION":"MDT_1401146.tif","FILENAME":"U:\\P589_AmazoniaRevelada_BR-319\\LiDAR_dataset\\ENTREGAS\\ENTREGA_12\\2_MDT\\GEOTIFF\\MDT_1401146.tif","SHRT_FNAME":"MDT_1401146.tif","UPPER_LEFT_X":"462960.096","UPPER_LEFT_Y":"9246870.332","LOWER_RIGHT_X":"463962.596","LOWER_RIGHT_Y":"9245867.832"},"geometry":{"type":"Polygon","coordinates":[[[-63.335218081202804,-6.813362455150683],[-63.326145369504097,-6.813368664453915],[-63.326151500649573,-6.822437165031362],[-63.335224382896811,-6.822430947388153],[-63.335218081202804,-6.813362455150683]]]}},
{"type":"Feature","properties":{"DESCRIPTION":"MDT_1401147.tif","FILENAME":"U:\\P589_AmazoniaRevelada_BR-319\\LiDAR_dataset\\ENTREGAS\\ENTREGA_12\\2_MDT\\GEOTIFF\\MDT_1401147.tif","SHRT_FNAME":"MDT_1401147.tif","UPPER_LEFT_X":"463960.096","UPPER_LEFT_Y":"9246870.332","LOWER_RIGHT_X":"464430.096","LOWER_RIGHT_Y":"9245867.832"},"geometry":{"type":"Polygon","coordinates":[[[-63.326167994730781,-6.813368649181249],[-63.321914451205679,-6.813371501820104],[-63.321920502818294,-6.822440006208538],[-63.326174126301574,-6.822437149738183],[-63.326167994730781,-6.813368649181249]]]}},
{"type":"Feature","properties":{"DESCRIPTION":"MDT_1402115.tif","FILENAME":"U:\\P589_AmazoniaRevelada_BR-319\\LiDAR_dataset\\ENTREGAS\\ENTREGA_12\\2_MDT\\GEOTIFF\\MDT_1402115.tif","SHRT_FNAME":"MDT_1402115.tif","UPPER_LEFT_X":"431957.286","UPPER_LEFT_Y":"9245870.205","LOWER_RIGHT_X":"432959.286","LOWER_RIGHT_Y":"9244868.205"},"geometry":{"type":"Polygon","coordinates":[[[-63.615802362743004,-6.822132994683067],[-63.606734378612735,-6.822144481462595],[-63.606745793469138,-6.831208092073962],[-63.615813948174718,-6.831196589893849],[-63.615802362743004,-6.822132994683067]]]}},
{"type":"Feature","properties":{"DESCRIPTION":"MDT_1402116.tif","FILENAME":"U:\\P589_AmazoniaRevelada_BR-319\\LiDAR_dataset\\ENTREGAS\\ENTREGA_12\\2_MDT\\GEOTIFF\\MDT_1402116.tif","SHRT_FNAME":"MDT_1402116.tif","UPPER_LEFT_X":"432957.096","UPPER_LEFT_Y":"9245870.332","LOWER_RIGHT_X":"433959.596","LOWER_RIGHT_Y":"9244867.832"},"geometry":{"type":"Polygon","coordinates":[[[-63.606754196430629,-6.822143307761343],[-63.597681671889674,-6.822154630137809],[-63.59769292206996,-6.83122277866286],[-63.606765617357972,-6.831211441098647],[-63.606754196430629,-6.822143307761343]]]}},
{"type":"Feature","properties":{"DESCRIPTION":"MDT_1402117.tif","FILENAME":"U:\\P589_AmazoniaRevelada_BR-319\\LiDAR_dataset\\ENTREGAS\\ENTREGA_12\\2_MDT\\GEOTIFF\\MDT_1402117.tif","SHRT_FNAME":"MDT_1402117.tif","UPPER_LEFT_X":"433957.096","UPPER_LEFT_Y":"9245870.332","LOWER_RIGHT_X":"434959.596","LOWER_RIGHT_Y":"9244867.832"},"geometry":{"type":"Polygon","coordinates":[[[-63.597704296658279,-6.822154602114581],[-63.588631756859122,-6.822165754366816],[-63.588642836716751,-6.83123391781382],[-63.597715547264364,-6.831222750602041],[-63.597704296658279,-6.822154602114581]]]}},
{"type":"Feature","properties":{"DESCRIPTION":"MDT_1402118.tif","FILENAME":"U:\\P589_AmazoniaRevelada_BR-319\\LiDAR_dataset\\ENTREGAS\\ENTREGA_12\\2_MDT\\GEOTIFF\\MDT_1402118.tif","SHRT_FNAME":"MDT_1402118.tif","UPPER_LEFT_X":"434957.096","UPPER_LEFT_Y":"9245870.332","LOWER_RIGHT_X":"435960.096","LOWER_RIGHT_Y":"9244867.832"},"geometry":{"type":"Polygon","coordinates":[[[-63.588654381665492,-6.822165726767839],[-63.579577301870422,-6.822176714329275],[-63.579588211318814,-6.831244892477886],[-63.588665461948914,-6.831233890177821],[-63.588654381665492,-6.822165726767839]]]}},
{"type":"Feature","properties":{"DESCRIPTION":"MDT_1402119.tif","FILENAME":"U:\\P589_AmazoniaRevelada_BR-319\\LiDAR_dataset\\ENTREGAS\\ENTREGA_12\\2_MDT\\GEOTIFF\\MDT_1402119.tif","SHRT_FNAME":"MDT_1402119.tif","UPPER_LEFT_X":"435957.596","UPPER_LEFT_Y":"9245870.332","LOWER_RIGHT_X":"436960.096","LOWER_RIGHT_Y":"9244867.832"},"geometry":{"type":"Polygon","coordinates":[[[-63.579599926713989,-6.822176687154766],[-63.570527357084103,-6.822187499069341],[-63.570538096207081,-6.831255691684516],[-63.579610836588202,-6.831244865266925],[-63.579599926713989,-6.822176687154766]]]}},
{"type":"Feature","properties":{"DESCRIPTION":"MDT_1402120.tif","FILENAME":"U:\\P589_AmazoniaRevelada_BR-319\\LiDAR_dataset\\ENTREGAS\\ENTREGA_12\\2_MDT\\GEOTIFF\\MDT_1402120.tif","SHRT_FNAME":"MDT_1402120.tif","UPPER_LEFT_X":"436957.596","UPPER_LEFT_Y":"9245870.332","LOWER_RIGHT_X":"437960.096","LOWER_RIGHT_Y":"9244867.832"},"geometry":{"type":"Polygon","coordinates":[[[-63.57054998196427,-6.82218747231909],[-63.561477397769309,-6.82219811410534],[-63.561487966565508,-6.831266320959445],[-63.570560721513068,-6.831255664898384],[-63.57054998196427,-6.82218747231909]]]}},
{"type":"Feature","properties":{"DESCRIPTION":"MDT_1402121.tif","FILENAME":"U:\\P589_AmazoniaRevelada_BR-319\\LiDAR_dataset\\ENTREGAS\\ENTREGA_12\\2_MDT\\GEOTIFF\\MDT_1402121.tif","SHRT_FNAME":"MDT_1402121.tif","UPPER_LEFT_X":"437957.596","UPPER_LEFT_Y":"9245870.332","LOWER_RIGHT_X":"438960.096","LOWER_RIGHT_Y":"9244867.832"},"geometry":{"type":"Polygon","coordinates":[[[-63.561500022685514,-6.822198087779352],[-63.552427424156448,-6.822208559435959],[-63.552437822624562,-6.831276780301349],[-63.561510591907528,-6.831266294598142],[-63.561500022685514,-6.822198087779352]]]}},
{"type":"Feature","properties":{"DESCRIPTION":"MDT_1402122.tif","FILENAME":"U:\\P589_AmazoniaRevelada_BR-319\\LiDAR_dataset\\ENTREGAS\\ENTREGA_12\\2_MDT\\GEOTIFF\\MDT_1402122.tif","SHRT_FNAME":"MDT_1402122.tif","UPPER_LEFT_X":"438957.596","UPPER_LEFT_Y":"9245870.332","LOWER_RIGHT_X":"439960.096","LOWER_RIGHT_Y":"9244867.832"},"geometry":{"type":"Polygon","coordinates":[[[-63.552450049108117,-6.822208533534234],[-63.543377436475978,-6.822218835059896],[-63.543387664614698,-6.831287069708929],[-63.552460448002051,-6.831276754364878],[-63.552450049108117,-6.822208533534234]]]}},
{"type":"Feature","properties":{"DESCRIPTION":"MDT_1402123.tif","FILENAME":"U:\\P589_AmazoniaRevelada_BR-319\\LiDAR_dataset\\ENTREGAS\\ENTREGA_12\\2_MDT\\GEOTIFF\\MDT_1402123.tif","SHRT_FNAME":"MDT_1402123.tif","UPPER_LEFT_X":"439957.596","UPPER_LEFT_Y":"9245870.332","LOWER_RIGHT_X":"440960.596","LOWER_RIGHT_Y":"9244867.832"},"geometry":{"type":"Polygon","coordinates":[[[-63.543400061462528,-6.82221880958244],[-63.534322909954135,-6.822228945986386],[-63.534332967677017,-6.83129719419814],[-63.543410290027076,-6.831287044197299],[-63.543400061462528,-6.82221880958244]]]}},
{"type":"Feature","properties":{"DESCRIPTION":"MDT_1402124.tif","FILENAME":"U:\\P589_AmazoniaRevelada_BR-319\\LiDAR_dataset\\ENTREGAS\\ENTREGA_12\\2_MDT\\GEOTIFF\\MDT_1402124.tif","SHRT_FNAME":"MDT_1402124.tif","UPPER_LEFT_X":"440958.096","UPPER_LEFT_Y":"9245870.332","LOWER_RIGHT_X":"441960.596","LOWER_RIGHT_Y":"9244867.832"},"geometry":{"type":"Polygon","coordinates":[[[-63.53434553497501,-6.822228920933415],[-63.525272894822969,-6.822238882108302],[-63.5252827822139,-6.831307143648294],[-63.534355593123713,-6.831297169111563],[-63.53434553497501,-6.822228920933415]]]}},
{"type":"Feature","properties":{"DESCRIPTION":"MDT_1402125.tif","FILENAME":"U:\\P589_AmazoniaRevelada_BR-319\\LiDAR_dataset\\ENTREGAS\\ENTREGA_12\\2_MDT\\GEOTIFF\\MDT_1402125.tif","SHRT_FNAME":"MDT_1402125.tif","UPPER_LEFT_X":"441958.096","UPPER_LEFT_Y":"9245870.332","LOWER_RIGHT_X":"442960.596","LOWER_RIGHT_Y":"9244867.832"},"geometry":{"type":"Polygon","coordinates":[[[-63.525295519877567,-6.822238857479605],[-63.51622286631558,-6.822248648519771],[-63.516232583373352,-6.831316923160356],[-63.52530540769434,-6.831307118986559],[-63.525295519877567,-6.822238857479605]]]}},
{"type":"Feature","properties":{"DESCRIPTION":"MDT_1402126.tif","FILENAME":"U:\\P589_AmazoniaRevelada_BR-319\\LiDAR_dataset\\ENTREGAS\\ENTREGA_12\\2_MDT\\GEOTIFF\\MDT_1402126.tif","SHRT_FNAME":"MDT_1402126.tif","UPPER_LEFT_X":"442958.096","UPPER_LEFT_Y":"9245870.332","LOWER_RIGHT_X":"443960.596","LOWER_RIGHT_Y":"9244867.832"},"geometry":{"type":"Polygon","coordinates":[[[-63.516245491403339,-6.822248624315352],[-63.507172824662433,-6.822258245219585],[-63.507182371385795,-6.83132653273311],[-63.516255208886946,-6.831316898923468],[-63.516245491403339,-6.822248624315352]]]}},
{"type":"Feature","properties":{"DESCRIPTION":"MDT_1402127.tif","FILENAME":"U:\\P589_AmazoniaRevelada_BR-319\\LiDAR_dataset\\ENTREGAS\\ENTREGA_12\\2_MDT\\GEOTIFF\\MDT_1402127.tif","SHRT_FNAME":"MDT_1402127.tif","UPPER_LEFT_X":"443958.096","UPPER_LEFT_Y":"9245870.332","LOWER_RIGHT_X":"444960.596","LOWER_RIGHT_Y":"9244867.832"},"geometry":{"type":"Polygon","coordinates":[[[-63.507195449782756,-6.822258221439444],[-63.498122770093929,-6.822267672206547],[-63.498132146481701,-6.831335972365363],[-63.507204996931968,-6.831326508921072],[-63.507195449782756,-6.822258221439444]]]}},
{"type":"Feature","properties":{"DESCRIPTION":"MDT_1402128.tif","FILENAME":"U:\\P589_AmazoniaRevelada_BR-319\\LiDAR_dataset\\ENTREGAS\\ENTREGA_12\\2_MDT\\GEOTIFF\\MDT_1402128.tif","SHRT_FNAME":"MDT_1402128.tif","UPPER_LEFT_X":"444958.096","UPPER_LEFT_Y":"9245870.332","LOWER_RIGHT_X":"445961.096","LOWER_RIGHT_Y":"9244867.832"},"geometry":{"type":"Polygon","coordinates":[[[-63.498145395246262,-6.82226764885069],[-63.489068177803766,-6.822276934065673],[-63.489077383769619,-6.83134524664828],[-63.498154772059891,-6.831335948978177],[-63.498145395246262,-6.82226764885069]]]}},
{"type":"Feature","properties":{"DESCRIPTION":"MDT_1402129.tif","FILENAME":"U:\\P589_AmazoniaRevelada_BR-319\\LiDAR_dataset\\ENTREGAS\\ENTREGA_12\\2_MDT\\GEOTIFF\\MDT_1402129.tif","SHRT_FNAME":"MDT_1402129.tif","UPPER_LEFT_X":"445958.596","UPPER_LEFT_Y":"9245870.332","LOWER_RIGHT_X":"446961.096","LOWER_RIGHT_Y":"9244867.832"},"geometry":{"type":"Polygon","coordinates":[[[-63.48909080298754,-6.822276911134317],[-63.480018098089737,-6.822286021538588],[-63.48002713371767,-6.831354346311064],[-63.489100009379236,-6.831345223686162],[-63.48909080298754,-6.822276911134317]]]}},
{"type":"Feature","properties":{"DESCRIPTION":"MDT_1402130.tif","FILENAME":"U:\\P589_AmazoniaRevelada_BR-319\\LiDAR_dataset\\ENTREGAS\\ENTREGA_12\\2_MDT\\GEOTIFF\\MDT_1402130.tif","SHRT_FNAME":"MDT_1402130.tif","UPPER_LEFT_X":"446958.596","UPPER_LEFT_Y":"9245870.332","LOWER_RIGHT_X":"447961.096","LOWER_RIGHT_Y":"9244867.832"},"geometry":{"type":"Polygon","coordinates":[[[-63.480040723304356,-6.82228599903152],[-63.4709680061518,-6.822294939295202],[-63.470976871440683,-6.831363276029892],[-63.480049759358138,-6.831354323773804],[-63.480040723304356,-6.82228599903152]]]}},
{"type":"Feature","properties":{"DESCRIPTION":"MDT_1402131.tif","FILENAME":"U:\\P589_AmazoniaRevelada_BR-319\\LiDAR_dataset\\ENTREGAS\\ENTREGA_12\\2_MDT\\GEOTIFF\\MDT_1402131.tif","SHRT_FNAME":"MDT_1402131.tif","UPPER_LEFT_X":"447958.596","UPPER_LEFT_Y":"9245870.332","LOWER_RIGHT_X":"448961.096","LOWER_RIGHT_Y":"9244867.832"},"geometry":{"type":"Polygon","coordinates":[[[-63.470990631396695,-6.822294917212426],[-63.461917902220399,-6.82230368733441],[-63.461926597169132,-6.831372035803657],[-63.470999497111436,-6.831363253917496],[-63.470990631396695,-6.822294917212426]]]}},
{"type":"Feature","properties":{"DESCRIPTION":"MDT_1402132.tif","FILENAME":"U:\\P589_AmazoniaRevelada_BR-319\\LiDAR_dataset\\ENTREGAS\\ENTREGA_12\\2_MDT\\GEOTIFF\\MDT_1402132.tif","SHRT_FNAME":"MDT_1402132.tif","UPPER_LEFT_X":"448958.596","UPPER_LEFT_Y":"9245870.332","LOWER_RIGHT_X":"449961.096","LOWER_RIGHT_Y":"9244867.832"},"geometry":{"type":"Polygon","coordinates":[[[-63.461940527494988,-6.822303665675927],[-63.452867786525992,-6.822312265655124],[-63.452876311133473,-6.831380625631271],[-63.461949222869578,-6.831372014116123],[-63.461940527494988,-6.822303665675927]]]}},
{"type":"Feature","properties":{"DESCRIPTION":"MDT_1402133.tif","FILENAME":"U:\\P589_AmazoniaRevelada_BR-319\\LiDAR_dataset\\ENTREGAS\\ENTREGA_12\\2_MDT\\GEOTIFF\\MDT_1402133.tif","SHRT_FNAME":"MDT_1402133.tif","UPPER_LEFT_X":"449958.596","UPPER_LEFT_Y":"9245870.332","LOWER_RIGHT_X":"450961.096","LOWER_RIGHT_Y":"9244867.832"},"geometry":{"type":"Polygon","coordinates":[[[-63.452890411829706,-6.822312244420941],[-63.443817659299015,-6.82232067425628],[-63.443826013564177,-6.831389045511664],[-63.452898936863036,-6.831380604368603],[-63.452890411829706,-6.822312244420941]]]}},
{"type":"Feature","properties":{"DESCRIPTION":"MDT_1402134.tif","FILENAME":"U:\\P589_AmazoniaRevelada_BR-319\\LiDAR_dataset\\ENTREGAS\\ENTREGA_12\\2_MDT\\GEOTIFF\\MDT_1402134.tif","SHRT_FNAME":"MDT_1402134.tif","UPPER_LEFT_X":"450958.596","UPPER_LEFT_Y":"9245870.332","LOWER_RIGHT_X":"451961.596","LOWER_RIGHT_Y":"9244867.832"},"geometry":{"type":"Polygon","coordinates":[[[-63.443840284631264,-6.822320653446398],[-63.434762995697859,-6.822328917213823],[-63.434771179534486,-6.831397299526252],[-63.44384863932229,-6.831389024673867],[-63.443840284631264,-6.822320653446398]]]}},
{"type":"Feature","properties":{"DESCRIPTION":"MDT_1402135.tif","FILENAME":"U:\\P589_AmazoniaRevelada_BR-319\\LiDAR_dataset\\ENTREGAS\\ENTREGA_12\\2_MDT\\GEOTIFF\\MDT_1402135.tif","SHRT_FNAME":"MDT_1402135.tif","UPPER_LEFT_X":"451959.096","UPPER_LEFT_Y":"9245870.332","LOWER_RIGHT_X":"452961.596","LOWER_RIGHT_Y":"9244867.832"},"geometry":{"type":"Polygon","coordinates":[[[-63.434785621058083,-6.822328896828457],[-63.425712846091606,-6.822336986287891],[-63.425720859583841,-6.831405379424119],[-63.434793805320588,-6.831397279113539],[-63.434785621058083,-6.822328896828457]]]}},
{"type":"Feature","properties":{"DESCRIPTION":"MDT_1402136.tif","FILENAME":"U:\\P589_AmazoniaRevelada_BR-319\\LiDAR_dataset\\ENTREGAS\\ENTREGA_12\\2_MDT\\GEOTIFF\\MDT_1402136.tif","SHRT_FNAME":"MDT_1402136.tif","UPPER_LEFT_X":"452959.096","UPPER_LEFT_Y":"9245870.332","LOWER_RIGHT_X":"453961.596","LOWER_RIGHT_Y":"9244867.832"},"geometry":{"type":"Polygon","coordinates":[[[-63.425735471479221,-6.82233696632683],[-63.416662685644241,-6.822344885639332],[-63.416670528791094,-6.831413289371694],[-63.425743485397334,-6.831405359436281],[-63.425735471479221,-6.82233696632683]]]}},
{"type":"Feature","properties":{"DESCRIPTION":"MDT_1402137.tif","FILENAME":"U:\\P589_AmazoniaRevelada_BR-319\\LiDAR_dataset\\ENTREGAS\\ENTREGA_12\\2_MDT\\GEOTIFF\\MDT_1402137.tif","SHRT_FNAME":"MDT_1402137.tif","UPPER_LEFT_X":"453959.096","UPPER_LEFT_Y":"9245870.332","LOWER_RIGHT_X":"454961.596","LOWER_RIGHT_Y":"9244867.832"},"geometry":{"type":"Polygon","coordinates":[[[-63.416685311058686,-6.822344866102577],[-63.407612514586226,-6.822352615267163],[-63.407620187386705,-6.831421029367995],[-63.41669315463141,-6.831413269808733],[-63.416685311058686,-6.822344866102577]]]}},
{"type":"Feature","properties":{"DESCRIPTION":"MDT_1402138.tif","FILENAME":"U:\\P589_AmazoniaRevelada_BR-319\\LiDAR_dataset\\ENTREGAS\\ENTREGA_12\\2_MDT\\GEOTIFF\\MDT_1402138.tif","SHRT_FNAME":"MDT_1402138.tif","UPPER_LEFT_X":"454959.096","UPPER_LEFT_Y":"9245870.332","LOWER_RIGHT_X":"455961.596","LOWER_RIGHT_Y":"9244867.832"},"geometry":{"type":"Polygon","coordinates":[[[-63.407635140026912,-6.822352596154718],[-63.398562333148,-6.822360175170424],[-63.398569835601158,-6.831428599412059],[-63.407642813253254,-6.831421010229912],[-63.407635140026912,-6.822352596154718]]]}},
{"type":"Feature","properties":{"DESCRIPTION":"MDT_1402139.tif","FILENAME":"U:\\P589_AmazoniaRevelada_BR-319\\LiDAR_dataset\\ENTREGAS\\ENTREGA_12\\2_MDT\\GEOTIFF\\MDT_1402139.tif","SHRT_FNAME":"MDT_1402139.tif","UPPER_LEFT_X":"455959.096","UPPER_LEFT_Y":"9245870.332","LOWER_RIGHT_X":"456962.096","LOWER_RIGHT_Y":"9244867.832"},"geometry":{"type":"Polygon","coordinates":[[[-63.398584958614357,-6.822360156482293],[-63.389507616461763,-6.822367569000815],[-63.389514948481455,-6.831436003160484],[-63.398592461493372,-6.831428580698859],[-63.398584958614357,-6.822360156482293]]]}},
{"type":"Feature","properties":{"DESCRIPTION":"MDT_1402140.tif","FILENAME":"U:\\P589_AmazoniaRevelada_BR-319\\LiDAR_dataset\\ENTREGAS\\ENTREGA_12\\2_MDT\\GEOTIFF\\MDT_1402140.tif","SHRT_FNAME":"MDT_1402140.tif","UPPER_LEFT_X":"456959.596","UPPER_LEFT_Y":"9245870.332","LOWER_RIGHT_X":"457962.096","LOWER_RIGHT_Y":"9244867.832"},"geometry":{"type":"Polygon","coordinates":[[[-63.389530241953203,-6.822367550737209],[-63.380457414949603,-6.822374789367281],[-63.380464576620106,-6.831443233212299],[-63.389537574398773,-6.83143598487238],[-63.389530241953203,-6.822367550737209]]]}},
{"type":"Feature","properties":{"DESCRIPTION":"MDT_1402141.tif","FILENAME":"U:\\P589_AmazoniaRevelada_BR-319\\LiDAR_dataset\\ENTREGAS\\ENTREGA_12\\2_MDT\\GEOTIFF\\MDT_1402141.tif","SHRT_FNAME":"MDT_1402141.tif","UPPER_LEFT_X":"457959.596","UPPER_LEFT_Y":"9245870.332","LOWER_RIGHT_X":"458962.096","LOWER_RIGHT_Y":"9244867.832"},"geometry":{"type":"Polygon","coordinates":[[[-63.380480040465564,-6.822374771527993],[-63.371407203748731,-6.822381840006425],[-63.37141419506915,-6.831450293309123],[-63.380487202561937,-6.831443215349083],[-63.380480040465564,-6.822374771527993]]]}},
{"type":"Feature","properties":{"DESCRIPTION":"MDT_1402142.tif","FILENAME":"U:\\P589_AmazoniaRevelada_BR-319\\LiDAR_dataset\\ENTREGAS\\ENTREGA_12\\2_MDT\\GEOTIFF\\MDT_1402142.tif","SHRT_FNAME":"MDT_1402142.tif","UPPER_LEFT_X":"458959.596","UPPER_LEFT_Y":"9245870.332","LOWER_RIGHT_X":"459962.096","LOWER_RIGHT_Y":"9244867.832"},"geometry":{"type":"Polygon","coordinates":[[[-63.371429829288623,-6.822381822591456],[-63.362356983089612,-6.822388720917369],[-63.362363804059051,-6.831457183450076],[-63.371436821034919,-6.831450275870795],[-63.371429829288623,-6.822381822591456]]]}},
{"type":"Feature","properties":{"DESCRIPTION":"MDT_1402143.tif","FILENAME":"U:\\P589_AmazoniaRevelada_BR-319\\LiDAR_dataset\\ENTREGAS\\ENTREGA_12\\2_MDT\\GEOTIFF\\MDT_1402143.tif","SHRT_FNAME":"MDT_1402143.tif","UPPER_LEFT_X":"459959.596","UPPER_LEFT_Y":"9245870.332","LOWER_RIGHT_X":"460962.096","LOWER_RIGHT_Y":"9244867.832"},"geometry":{"type":"Polygon","coordinates":[[[-63.362379608652859,-6.822388703926723],[-63.353306753202688,-6.822395432099261],[-63.353313403820309,-6.831463903634305],[-63.36238643004819,-6.831457166436638],[-63.362379608652859,-6.822388703926723]]]}},
{"type":"Feature","properties":{"DESCRIPTION":"MDT_1402144.tif","FILENAME":"U:\\P589_AmazoniaRevelada_BR-319\\LiDAR_dataset\\ENTREGAS\\ENTREGA_12\\2_MDT\\GEOTIFF\\MDT_1402144.tif","SHRT_FNAME":"MDT_1402144.tif","UPPER_LEFT_X":"460959.596","UPPER_LEFT_Y":"9245870.332","LOWER_RIGHT_X":"461962.596","LOWER_RIGHT_Y":"9244867.832"},"geometry":{"type":"Polygon","coordinates":[[[-63.353329378788722,-6.82239541553294],[-63.344251989196771,-6.822401976779542],[-63.344258469376577,-6.831470457093574],[-63.353336029832228,-6.831463887045758],[-63.353329378788722,-6.82239541553294]]]}},
{"type":"Feature","properties":{"DESCRIPTION":"MDT_1402145.tif","FILENAME":"U:\\P589_AmazoniaRevelada_BR-319\\LiDAR_dataset\\ENTREGAS\\ENTREGA_12\\2_MDT\\GEOTIFF\\MDT_1402145.tif","SHRT_FNAME":"MDT_1402145.tif","UPPER_LEFT_X":"461960.096","UPPER_LEFT_Y":"9245870.332","LOWER_RIGHT_X":"462962.596","LOWER_RIGHT_Y":"9244867.832"},"geometry":{"type":"Polygon","coordinates":[[[-63.344274614805016,-6.822401960637757],[-63.335201741541312,-6.822408348415986],[-63.335208051367637,-6.831476837276886],[-63.3442810954107,-6.831470440930135],[-63.344274614805016,-6.822401960637757]]]}},
{"type":"Feature","properties":{"DESCRIPTION":"MDT_1402146.tif","FILENAME":"U:\\P589_AmazoniaRevelada_BR-319\\LiDAR_dataset\\ENTREGAS\\ENTREGA_12\\2_MDT\\GEOTIFF\\MDT_1402146.tif","SHRT_FNAME":"MDT_1402146.tif","UPPER_LEFT_X":"462960.096","UPPER_LEFT_Y":"9245870.332","LOWER_RIGHT_X":"463962.596","LOWER_RIGHT_Y":"9244867.832"},"geometry":{"type":"Polygon","coordinates":[[[-63.335224367171186,-6.822408332698527],[-63.326151485349556,-6.822414550320937],[-63.326157624821633,-6.831483047501035],[-63.335230677423404,-6.831476821538346],[-63.335224367171186,-6.822408332698527]]]}},
{"type":"Feature","properties":{"DESCRIPTION":"MDT_1402147.tif","FILENAME":"U:\\P589_AmazoniaRevelada_BR-319\\LiDAR_dataset\\ENTREGAS\\ENTREGA_12\\2_MDT\\GEOTIFF\\MDT_1402147.tif","SHRT_FNAME":"MDT_1402147.tif","UPPER_LEFT_X":"463960.096","UPPER_LEFT_Y":"9245870.332","LOWER_RIGHT_X":"464430.096","LOWER_RIGHT_Y":"9244867.832"},"geometry":{"type":"Polygon","coordinates":[[[-63.326174111000483,-6.822414535027812],[-63.321920487716739,-6.822417391488611],[-63.321926547547932,-6.831485892479831],[-63.326180250898453,-6.831483032187394],[-63.326174111000483,-6.822414535027812]]]}},
{"type":"Feature","properties":{"DESCRIPTION":"MDT_1403114.tif","FILENAME":"U:\\P589_AmazoniaRevelada_BR-319\\LiDAR_dataset\\ENTREGAS\\ENTREGA_12\\2_MDT\\GEOTIFF\\MDT_1403114.tif","SHRT_FNAME":"MDT_1403114.tif","UPPER_LEFT_X":"430957.191","UPPER_LEFT_Y":"9244870.330","LOWER_RIGHT_X":"431959.191","LOWER_RIGHT_Y":"9243868.330"},"geometry":{"type":"Polygon","coordinates":[[[-63.624864821877999,-6.831165717803067],[-63.615796683249712,-6.831177390230759],[-63.615808284068777,-6.840240982057756],[-63.624876593502243,-6.840229294000921],[-63.624864821877999,-6.831165717803067]]]}},
{"type":"Feature","properties":{"DESCRIPTION":"MDT_1403115.tif","FILENAME":"U:\\P589_AmazoniaRevelada_BR-319\\LiDAR_dataset\\ENTREGAS\\ENTREGA_12\\2_MDT\\GEOTIFF\\MDT_1403115.tif","SHRT_FNAME":"MDT_1403115.tif","UPPER_LEFT_X":"431957.286","UPPER_LEFT_Y":"9244870.330","LOWER_RIGHT_X":"432959.286","LOWER_RIGHT_Y":"9243868.330"},"geometry":{"type":"Polygon","coordinates":[[[-63.615813923588163,-6.831177368201037],[-63.606745769244569,-6.831188870348488],[-63.606757199581715,-6.840252477547126],[-63.61582552473196,-6.840240959998535],[-63.615813923588163,-6.831177368201037]]]}},
{"type":"Feature","properties":{"DESCRIPTION":"MDT_1403116.tif","FILENAME":"U:\\P589_AmazoniaRevelada_BR-319\\LiDAR_dataset\\ENTREGAS\\ENTREGA_12\\2_MDT\\GEOTIFF\\MDT_1403116.tif","SHRT_FNAME":"MDT_1403116.tif","UPPER_LEFT_X":"432957.096","UPPER_LEFT_Y":"9244870.332","LOWER_RIGHT_X":"433959.596","LOWER_RIGHT_Y":"9243868.332"},"geometry":{"type":"Polygon","coordinates":[[[-63.606765588857542,-6.831188827304057],[-63.597692893995621,-6.831200164830395],[-63.597704153812735,-6.840263787176343],[-63.606777019567986,-6.84025243446929],[-63.606765588857542,-6.831188827304057]]]}},
{"type":"Feature","properties":{"DESCRIPTION":"MDT_1403117.tif","FILENAME":"U:\\P589_AmazoniaRevelada_BR-319\\LiDAR_dataset\\ENTREGAS\\ENTREGA_12\\2_MDT\\GEOTIFF\\MDT_1403117.tif","SHRT_FNAME":"MDT_1403117.tif","UPPER_LEFT_X":"433957.096","UPPER_LEFT_Y":"9244870.332","LOWER_RIGHT_X":"434959.596","LOWER_RIGHT_Y":"9243868.332"},"geometry":{"type":"Polygon","coordinates":[[[-63.597715519188959,-6.831200136769671],[-63.588642809067437,-6.831211303944141],[-63.588653898415991,-6.840274941205138],[-63.597726779432257,-6.840263759078046],[-63.597715519188959,-6.831200136769671]]]}},
{"type":"Feature","properties":{"DESCRIPTION":"MDT_1403118.tif","FILENAME":"U:\\P589_AmazoniaRevelada_BR-319\\LiDAR_dataset\\ENTREGAS\\ENTREGA_12\\2_MDT\\GEOTIFF\\MDT_1403118.tif","SHRT_FNAME":"MDT_1403118.tif","UPPER_LEFT_X":"434957.096","UPPER_LEFT_Y":"9244870.332","LOWER_RIGHT_X":"435960.096","LOWER_RIGHT_Y":"9243868.332"},"geometry":{"type":"Polygon","coordinates":[[[-63.588665434298548,-6.831211276308236],[-63.579588184094767,-6.831222278571546],[-63.579599102888125,-6.840285930527345],[-63.588676524073271,-6.840274913532228],[-63.588665434298548,-6.831211276308236]]]}},
{"type":"Feature","properties":{"DESCRIPTION":"MDT_1403119.tif","FILENAME":"U:\\P589_AmazoniaRevelada_BR-319\\LiDAR_dataset\\ENTREGAS\\ENTREGA_12\\2_MDT\\GEOTIFF\\MDT_1403119.tif","SHRT_FNAME":"MDT_1403119.tif","UPPER_LEFT_X":"435957.596","UPPER_LEFT_Y":"9244870.332","LOWER_RIGHT_X":"436960.096","LOWER_RIGHT_Y":"9243868.332"},"geometry":{"type":"Polygon","coordinates":[[[-63.579610809363075,-6.831222251360676],[-63.570538069408052,-6.8312330777421],[-63.570548817730092,-6.84029674415777],[-63.579621728582616,-6.840285903280039],[-63.579610809363075,-6.831222251360676]]]}},
{"type":"Feature","properties":{"DESCRIPTION":"MDT_1403120.tif","FILENAME":"U:\\P589_AmazoniaRevelada_BR-319\\LiDAR_dataset\\ENTREGAS\\ENTREGA_12\\2_MDT\\GEOTIFF\\MDT_1403120.tif","SHRT_FNAME":"MDT_1403120.tif","UPPER_LEFT_X":"436957.596","UPPER_LEFT_Y":"9244870.332","LOWER_RIGHT_X":"437960.096","LOWER_RIGHT_Y":"9243868.332"},"geometry":{"type":"Polygon","coordinates":[[[-63.570560694712988,-6.831233050956055],[-63.561487940191533,-6.831243706981518],[-63.561498518040906,-6.840307387629526],[-63.570571443461212,-6.84029671733586],[-63.570560694712988,-6.831233050956055]]]}},
{"type":"Feature","properties":{"DESCRIPTION":"MDT_1403121.tif","FILENAME":"U:\\P589_AmazoniaRevelada_BR-319\\LiDAR_dataset\\ENTREGAS\\ENTREGA_12\\2_MDT\\GEOTIFF\\MDT_1403121.tif","SHRT_FNAME":"MDT_1403121.tif","UPPER_LEFT_X":"437957.596","UPPER_LEFT_Y":"9244870.332","LOWER_RIGHT_X":"438960.096","LOWER_RIGHT_Y":"9243868.332"},"geometry":{"type":"Polygon","coordinates":[[[-63.561510565532501,-6.831243680620304],[-63.55243779667564,-6.83125416628848],[-63.552448204051018,-6.84031786094129],[-63.561521143808051,-6.840307361233013],[-63.561510565532501,-6.831243680620304]]]}},
{"type":"Feature","properties":{"DESCRIPTION":"MDT_1403122.tif","FILENAME":"U:\\P589_AmazoniaRevelada_BR-319\\LiDAR_dataset\\ENTREGAS\\ENTREGA_12\\2_MDT\\GEOTIFF\\MDT_1403122.tif","SHRT_FNAME":"MDT_1403122.tif","UPPER_LEFT_X":"438957.596","UPPER_LEFT_Y":"9244870.332","LOWER_RIGHT_X":"439960.096","LOWER_RIGHT_Y":"9243868.332"},"geometry":{"type":"Polygon","coordinates":[[[-63.552460422052057,-6.831254140352097],[-63.543387639090824,-6.831264455661687],[-63.543397875990905,-6.840328164091761],[-63.552470829853632,-6.840317834970179],[-63.552460422052057,-6.831254140352097]]]}},
{"type":"Feature","properties":{"DESCRIPTION":"MDT_1403123.tif","FILENAME":"U:\\P589_AmazoniaRevelada_BR-319\\LiDAR_dataset\\ENTREGAS\\ENTREGA_12\\2_MDT\\GEOTIFF\\MDT_1403123.tif","SHRT_FNAME":"MDT_1403123.tif","UPPER_LEFT_X":"439957.596","UPPER_LEFT_Y":"9244870.332","LOWER_RIGHT_X":"440960.596","LOWER_RIGHT_Y":"9243868.332"},"geometry":{"type":"Polygon","coordinates":[[[-63.543410264502128,-6.831264430150142],[-63.534332942578395,-6.831274580117074],[-63.534343008916665,-6.840338302103592],[-63.543420501828408,-6.840328138546056],[-63.543410264502128,-6.831264430150142]]]}},
{"type":"Feature","properties":{"DESCRIPTION":"MDT_1403124.tif","FILENAME":"U:\\P589_AmazoniaRevelada_BR-319\\LiDAR_dataset\\ENTREGAS\\ENTREGA_12\\2_MDT\\GEOTIFF\\MDT_1403124.tif","SHRT_FNAME":"MDT_1403124.tif","UPPER_LEFT_X":"440958.096","UPPER_LEFT_Y":"9244870.332","LOWER_RIGHT_X":"441960.596","LOWER_RIGHT_Y":"9243868.332"},"geometry":{"type":"Polygon","coordinates":[[[-63.53435556802404,-6.831274555030581],[-63.525282757540339,-6.831284529533991],[-63.525292653400776,-6.840348264842578],[-63.5343656347885,-6.840338276983508],[-63.53435556802404,-6.831274555030581]]]}},
{"type":"Feature","properties":{"DESCRIPTION":"MDT_1403125.tif","FILENAME":"U:\\P589_AmazoniaRevelada_BR-319\\LiDAR_dataset\\ENTREGAS\\ENTREGA_12\\2_MDT\\GEOTIFF\\MDT_1403125.tif","SHRT_FNAME":"MDT_1403125.tif","UPPER_LEFT_X":"441958.096","UPPER_LEFT_Y":"9244870.332","LOWER_RIGHT_X":"442960.596","LOWER_RIGHT_Y":"9243868.332"},"geometry":{"type":"Polygon","coordinates":[[[-63.525305383019727,-6.831284504872339],[-63.516232559124852,-6.831294309013384],[-63.516242284506191,-6.840358057416498],[-63.525315279306341,-6.840348240147907],[-63.525305383019727,-6.831284504872339]]]}},
{"type":"Feature","properties":{"DESCRIPTION":"MDT_1403126.tif","FILENAME":"U:\\P589_AmazoniaRevelada_BR-319\\LiDAR_dataset\\ENTREGAS\\ENTREGA_12\\2_MDT\\GEOTIFF\\MDT_1403126.tif","SHRT_FNAME":"MDT_1403126.tif","UPPER_LEFT_X":"442958.096","UPPER_LEFT_Y":"9244870.332","LOWER_RIGHT_X":"443960.596","LOWER_RIGHT_Y":"9243868.332"},"geometry":{"type":"Polygon","coordinates":[[[-63.516255184637373,-6.831294284776575],[-63.507182347562363,-6.831303918554034],[-63.507191902463404,-6.840367679824134],[-63.516264910444924,-6.840358033147239],[-63.516255184637373,-6.831294284776575]]]}},
{"type":"Feature","properties":{"DESCRIPTION":"MDT_1403127.tif","FILENAME":"U:\\P589_AmazoniaRevelada_BR-319\\LiDAR_dataset\\ENTREGAS\\ENTREGA_12\\2_MDT\\GEOTIFF\\MDT_1403127.tif","SHRT_FNAME":"MDT_1403127.tif","UPPER_LEFT_X":"443958.096","UPPER_LEFT_Y":"9244870.332","LOWER_RIGHT_X":"444960.596","LOWER_RIGHT_Y":"9243868.332"},"geometry":{"type":"Polygon","coordinates":[[[-63.507204973107463,-6.831303894742075],[-63.498132123083344,-6.831313358154752],[-63.498141507502886,-6.840377132064289],[-63.507214528434716,-6.840367655980291],[-63.507204973107463,-6.831303894742075]]]}},
{"type":"Feature","properties":{"DESCRIPTION":"MDT_1403128.tif","FILENAME":"U:\\P589_AmazoniaRevelada_BR-319\\LiDAR_dataset\\ENTREGAS\\ENTREGA_12\\2_MDT\\GEOTIFF\\MDT_1403128.tif","SHRT_FNAME":"MDT_1403128.tif","UPPER_LEFT_X":"444958.096","UPPER_LEFT_Y":"9244870.332","LOWER_RIGHT_X":"445961.096","LOWER_RIGHT_Y":"9243868.332"},"geometry":{"type":"Polygon","coordinates":[[[-63.498154748660447,-6.831313334767644],[-63.489077360796536,-6.831322632406686],[-63.489086574648162,-6.840386418734265],[-63.498164133506215,-6.840377108645868],[-63.498154748660447,-6.831313334767644]]]}},
{"type":"Feature","properties":{"DESCRIPTION":"MDT_1403129.tif","FILENAME":"U:\\P589_AmazoniaRevelada_BR-319\\LiDAR_dataset\\ENTREGAS\\ENTREGA_12\\2_MDT\\GEOTIFF\\MDT_1403129.tif","SHRT_FNAME":"MDT_1403129.tif","UPPER_LEFT_X":"445958.596","UPPER_LEFT_Y":"9244870.332","LOWER_RIGHT_X":"446961.096","LOWER_RIGHT_Y":"9243868.332"},"geometry":{"type":"Polygon","coordinates":[[[-63.489099986405087,-6.831322609444646],[-63.480027111169647,-6.831331732039071],[-63.480036154537466,-6.840395530550878],[-63.489109200682933,-6.840386395741479],[-63.489099986405087,-6.831322609444646]]]}},
{"type":"Feature","properties":{"DESCRIPTION":"MDT_1403130.tif","FILENAME":"U:\\P589_AmazoniaRevelada_BR-319\\LiDAR_dataset\\ENTREGAS\\ENTREGA_12\\2_MDT\\GEOTIFF\\MDT_1403130.tif","SHRT_FNAME":"MDT_1403130.tif","UPPER_LEFT_X":"446958.596","UPPER_LEFT_Y":"9244870.332","LOWER_RIGHT_X":"447961.096","LOWER_RIGHT_Y":"9243868.332"},"geometry":{"type":"Polygon","coordinates":[[[-63.480049736809065,-6.831331709501888],[-63.470976849317744,-6.831340661728068],[-63.470985722200595,-6.840404472196553],[-63.480058780603088,-6.840395507983517],[-63.480049736809065,-6.831331709501888]]]}},
{"type":"Feature","properties":{"DESCRIPTION":"MDT_1403131.tif","FILENAME":"U:\\P589_AmazoniaRevelada_BR-319\\LiDAR_dataset\\ENTREGAS\\ENTREGA_12\\2_MDT\\GEOTIFF\\MDT_1403131.tif","SHRT_FNAME":"MDT_1403131.tif","UPPER_LEFT_X":"447958.596","UPPER_LEFT_Y":"9244870.332","LOWER_RIGHT_X":"448961.096","LOWER_RIGHT_Y":"9243868.332"},"geometry":{"type":"Polygon","coordinates":[[[-63.470999474987423,-6.831340639615743],[-63.46192657547126,-6.831349421472569],[-63.461935277868044,-6.84041324367018],[-63.471008348296486,-6.840404450054621],[-63.470999474987423,-6.831340639615743]]]}},
{"type":"Feature","properties":{"DESCRIPTION":"MDT_1403132.tif","FILENAME":"U:\\P589_AmazoniaRevelada_BR-319\\LiDAR_dataset\\ENTREGAS\\ENTREGA_12\\2_MDT\\GEOTIFF\\MDT_1403132.tif","SHRT_FNAME":"MDT_1403132.tif","UPPER_LEFT_X":"448958.596","UPPER_LEFT_Y":"9244870.332","LOWER_RIGHT_X":"449961.096","LOWER_RIGHT_Y":"9243868.332"},"geometry":{"type":"Polygon","coordinates":[[[-63.461949201170647,-6.831349399785108],[-63.452876289860683,-6.831358011271484],[-63.452884821770311,-6.84042184497067],[-63.46195790399365,-6.840413221953679],[-63.461949201170647,-6.831349399785108]]]}},
{"type":"Feature","properties":{"DESCRIPTION":"MDT_1403133.tif","FILENAME":"U:\\P589_AmazoniaRevelada_BR-319\\LiDAR_dataset\\ENTREGAS\\ENTREGA_12\\2_MDT\\GEOTIFF\\MDT_1403133.tif","SHRT_FNAME":"MDT_1403133.tif","UPPER_LEFT_X":"449958.596","UPPER_LEFT_Y":"9244870.332","LOWER_RIGHT_X":"450961.096","LOWER_RIGHT_Y":"9243868.332"},"geometry":{"type":"Polygon","coordinates":[[[-63.452898915589181,-6.83135799000889],[-63.443825992716462,-6.831366431123752],[-63.443834354137863,-6.840430276096954],[-63.452907447925028,-6.840421823679604],[-63.452898915589181,-6.83135799000889]]]}},
{"type":"Feature","properties":{"DESCRIPTION":"MDT_1403134.tif","FILENAME":"U:\\P589_AmazoniaRevelada_BR-319\\LiDAR_dataset\\ENTREGAS\\ENTREGA_12\\2_MDT\\GEOTIFF\\MDT_1403134.tif","SHRT_FNAME":"MDT_1403134.tif","UPPER_LEFT_X":"450958.596","UPPER_LEFT_Y":"9244870.332","LOWER_RIGHT_X":"451961.596","LOWER_RIGHT_Y":"9243868.332"},"geometry":{"type":"Polygon","coordinates":[[[-63.443848618473524,-6.831366410286023],[-63.434771159112081,-6.831374685110765],[-63.434779349958951,-6.840438541135896],[-63.443856980321137,-6.840430255231325],[-63.443848618473524,-6.831366410286023]]]}},
{"type":"Feature","properties":{"DESCRIPTION":"MDT_1403135.tif","FILENAME":"U:\\P589_AmazoniaRevelada_BR-319\\LiDAR_dataset\\ENTREGAS\\ENTREGA_12\\2_MDT\\GEOTIFF\\MDT_1403135.tif","SHRT_FNAME":"MDT_1403135.tif","UPPER_LEFT_X":"451959.096","UPPER_LEFT_Y":"9244870.332","LOWER_RIGHT_X":"452961.596","LOWER_RIGHT_Y":"9243868.332"},"geometry":{"type":"Polygon","coordinates":[[[-63.43479378489711,-6.831374664698121],[-63.425720839586525,-6.831382764981641],[-63.425728859943099,-6.840446631825561],[-63.434801976170206,-6.840438520695919],[-63.43479378489711,-6.831374664698121]]]}},
{"type":"Feature","properties":{"DESCRIPTION":"MDT_1403136.tif","FILENAME":"U:\\P589_AmazoniaRevelada_BR-319\\LiDAR_dataset\\ENTREGAS\\ENTREGA_12\\2_MDT\\GEOTIFF\\MDT_1403136.tif","SHRT_FNAME":"MDT_1403136.tif","UPPER_LEFT_X":"452959.096","UPPER_LEFT_Y":"9244870.332","LOWER_RIGHT_X":"453961.596","LOWER_RIGHT_Y":"9243868.332"},"geometry":{"type":"Polygon","coordinates":[[[-63.425743465398952,-6.83138274499387],[-63.416670509218868,-6.83139067490279],[-63.416678359084123,-6.840454552337942],[-63.425751486181746,-6.840446611811025],[-63.425743465398952,-6.83138274499387]]]}},
{"type":"Feature","properties":{"DESCRIPTION":"MDT_1403137.tif","FILENAME":"U:\\P589_AmazoniaRevelada_BR-319\\LiDAR_dataset\\ENTREGAS\\ENTREGA_12\\2_MDT\\GEOTIFF\\MDT_1403137.tif","SHRT_FNAME":"MDT_1403137.tif","UPPER_LEFT_X":"453959.096","UPPER_LEFT_Y":"9244870.332","LOWER_RIGHT_X":"454961.596","LOWER_RIGHT_Y":"9243868.332"},"geometry":{"type":"Polygon","coordinates":[[[-63.416693135058111,-6.831390655339895],[-63.407620168239568,-6.831398414873234],[-63.407627847612538,-6.840462302672058],[-63.4167009853496,-6.840454532748852],[-63.416693135058111,-6.831390655339895]]]}},
{"type":"Feature","properties":{"DESCRIPTION":"MDT_1403138.tif","FILENAME":"U:\\P589_AmazoniaRevelada_BR-319\\LiDAR_dataset\\ENTREGAS\\ENTREGA_12\\2_MDT\\GEOTIFF\\MDT_1403138.tif","SHRT_FNAME":"MDT_1403138.tif","UPPER_LEFT_X":"454959.096","UPPER_LEFT_Y":"9244870.332","LOWER_RIGHT_X":"455961.596","LOWER_RIGHT_Y":"9243868.332"},"geometry":{"type":"Polygon","coordinates":[[[-63.407642794105058,-6.831398395735216],[-63.39856981687911,-6.831405984892008],[-63.398577325758829,-6.840469882826942],[-63.407650473904255,-6.840462283508413],[-63.407642794105058,-6.831398395735216]]]}},
{"type":"Feature","properties":{"DESCRIPTION":"MDT_1403139.tif","FILENAME":"U:\\P589_AmazoniaRevelada_BR-319\\LiDAR_dataset\\ENTREGAS\\ENTREGA_12\\2_MDT\\GEOTIFF\\MDT_1403139.tif","SHRT_FNAME":"MDT_1403139.tif","UPPER_LEFT_X":"455959.096","UPPER_LEFT_Y":"9244870.332","LOWER_RIGHT_X":"456962.096","LOWER_RIGHT_Y":"9243868.332"},"geometry":{"type":"Polygon","coordinates":[[[-63.398592442770266,-6.831405966178872],[-63.389514930184717,-6.8314133886157],[-63.389522268484988,-6.840477296464075],[-63.398599952076218,-6.840469864088747],[-63.398592442770266,-6.831405966178872]]]}},
{"type":"Feature","properties":{"DESCRIPTION":"MDT_1403140.tif","FILENAME":"U:\\P589_AmazoniaRevelada_BR-319\\LiDAR_dataset\\ENTREGAS\\ENTREGA_12\\2_MDT\\GEOTIFF\\MDT_1403140.tif","SHRT_FNAME":"MDT_1403140.tif","UPPER_LEFT_X":"456959.596","UPPER_LEFT_Y":"9244870.332","LOWER_RIGHT_X":"457962.096","LOWER_RIGHT_Y":"9243868.332"},"geometry":{"type":"Polygon","coordinates":[[[-63.389537556100969,-6.831413370327657],[-63.380464558748464,-6.831420618643364],[-63.38047172655363,-6.840484536172606],[-63.389544894827488,-6.840477278151545],[-63.389537556100969,-6.831413370327657]]]}},
{"type":"Feature","properties":{"DESCRIPTION":"MDT_1403141.tif","FILENAME":"U:\\P589_AmazoniaRevelada_BR-319\\LiDAR_dataset\\ENTREGAS\\ENTREGA_12\\2_MDT\\GEOTIFF\\MDT_1403141.tif","SHRT_FNAME":"MDT_1403141.tif","UPPER_LEFT_X":"457959.596","UPPER_LEFT_Y":"9244870.332","LOWER_RIGHT_X":"458962.096","LOWER_RIGHT_Y":"9243868.332"},"geometry":{"type":"Polygon","coordinates":[[[-63.38048718468923,-6.831420600780204],[-63.371414177622611,-6.831427678716599],[-63.371421174931761,-6.840491605699145],[-63.380494352920643,-6.840484518285531],[-63.38048718468923,-6.831420600780204]]]}},
{"type":"Feature","properties":{"DESCRIPTION":"MDT_1403142.tif","FILENAME":"U:\\P589_AmazoniaRevelada_BR-319\\LiDAR_dataset\\ENTREGAS\\ENTREGA_12\\2_MDT\\GEOTIFF\\MDT_1403142.tif","SHRT_FNAME":"MDT_1403142.tif","UPPER_LEFT_X":"458959.596","UPPER_LEFT_Y":"9244870.332","LOWER_RIGHT_X":"459962.096","LOWER_RIGHT_Y":"9243868.332"},"geometry":{"type":"Polygon","coordinates":[[[-63.371436803587308,-6.83142766127833],[-63.36236378703763,-6.831434568834536],[-63.36237061384989,-6.840498505042818],[-63.371443801322705,-6.840491588237525],[-63.371436803587308,-6.83142766127833]]]}},
{"type":"Feature","properties":{"DESCRIPTION":"MDT_1403143.tif","FILENAME":"U:\\P589_AmazoniaRevelada_BR-319\\LiDAR_dataset\\ENTREGAS\\ENTREGA_12\\2_MDT\\GEOTIFF\\MDT_1403143.tif","SHRT_FNAME":"MDT_1403143.tif","UPPER_LEFT_X":"459959.596","UPPER_LEFT_Y":"9244870.332","LOWER_RIGHT_X":"460962.096","LOWER_RIGHT_Y":"9243868.332"},"geometry":{"type":"Polygon","coordinates":[[[-63.362386413025682,-6.831434551821154],[-63.353313387223984,-6.831441288996312],[-63.35332004353851,-6.840505234202762],[-63.362393240264204,-6.840498488006656],[-63.362386413025682,-6.831434551821154]]]}},
{"type":"Feature","properties":{"DESCRIPTION":"MDT_1403144.tif","FILENAME":"U:\\P589_AmazoniaRevelada_BR-319\\LiDAR_dataset\\ENTREGAS\\ENTREGA_12\\2_MDT\\GEOTIFF\\MDT_1403144.tif","SHRT_FNAME":"MDT_1403144.tif","UPPER_LEFT_X":"460959.596","UPPER_LEFT_Y":"9244870.332","LOWER_RIGHT_X":"461962.596","LOWER_RIGHT_Y":"9243868.332"},"geometry":{"type":"Polygon","coordinates":[[[-63.353336013234838,-6.831441272407824],[-63.344258453205569,-6.83144784243369],[-63.344264938936263,-6.840511796415067],[-63.353342669975596,-6.840505217592063],[-63.353336013234838,-6.831441272407824]]]}},
{"type":"Feature","properties":{"DESCRIPTION":"MDT_1403145.tif","FILENAME":"U:\\P589_AmazoniaRevelada_BR-319\\LiDAR_dataset\\ENTREGAS\\ENTREGA_12\\2_MDT\\GEOTIFF\\MDT_1403145.tif","SHRT_FNAME":"MDT_1403145.tif","UPPER_LEFT_X":"461960.096","UPPER_LEFT_Y":"9244870.332","LOWER_RIGHT_X":"462962.596","LOWER_RIGHT_Y":"9243868.332"},"geometry":{"type":"Polygon","coordinates":[[[-63.344281079238634,-6.831447826270305],[-63.33520803562174,-6.831454222595688],[-63.33521435085305,-6.840518185119982],[-63.344287565395575,-6.840511780230042],[-63.344281079238634,-6.831447826270305]]]}},
{"type":"Feature","properties":{"DESCRIPTION":"MDT_1403146.tif","FILENAME":"U:\\P589_AmazoniaRevelada_BR-319\\LiDAR_dataset\\ENTREGAS\\ENTREGA_12\\2_MDT\\GEOTIFF\\MDT_1403146.tif","SHRT_FNAME":"MDT_1403146.tif","UPPER_LEFT_X":"462960.096","UPPER_LEFT_Y":"9244870.332","LOWER_RIGHT_X":"463962.596","LOWER_RIGHT_Y":"9243868.332"},"geometry":{"type":"Polygon","coordinates":[[[-63.335230661676448,-6.8314542068572],[-63.326157609500839,-6.83146043279909],[-63.326163754231963,-6.840524403638729],[-63.335236977334006,-6.840518169360422],[-63.335230661676448,-6.8314542068572]]]}},
{"type":"Feature","properties":{"DESCRIPTION":"MDT_1403147.tif","FILENAME":"U:\\P589_AmazoniaRevelada_BR-319\\LiDAR_dataset\\ENTREGAS\\ENTREGA_12\\2_MDT\\GEOTIFF\\MDT_1403147.tif","SHRT_FNAME":"MDT_1403147.tif","UPPER_LEFT_X":"463960.096","UPPER_LEFT_Y":"9244870.332","LOWER_RIGHT_X":"464430.096","LOWER_RIGHT_Y":"9243868.332"},"geometry":{"type":"Polygon","coordinates":[[[-63.326180235576601,-6.831460417485498],[-63.321926532425898,-6.831463277768382],[-63.321932597447919,-6.840527252417381],[-63.326186380733972,-6.840524388304633],[-63.326180235576601,-6.831460417485498]]]}},
{"type":"Feature","properties":{"DESCRIPTION":"MDT_1404114.tif","FILENAME":"U:\\P589_AmazoniaRevelada_BR-319\\LiDAR_dataset\\ENTREGAS\\ENTREGA_12\\2_MDT\\GEOTIFF\\MDT_1404114.tif","SHRT_FNAME":"MDT_1404114.tif","UPPER_LEFT_X":"430957.191","UPPER_LEFT_Y":"9243870.455","LOWER_RIGHT_X":"431959.191","LOWER_RIGHT_Y":"9242868.455"},"geometry":{"type":"Polygon","coordinates":[[[-63.62487656852057,-6.840210072348436],[-63.61580825944958,-6.840221760372124],[-63.615819875981721,-6.849285348781405],[-63.624888356089265,-6.849273645128013],[-63.62487656852057,-6.840210072348436]]]}},
{"type":"Feature","properties":{"DESCRIPTION":"MDT_1404115.tif","FILENAME":"U:\\P589_AmazoniaRevelada_BR-319\\LiDAR_dataset\\ENTREGAS\\ENTREGA_12\\2_MDT\\GEOTIFF\\MDT_1404115.tif","SHRT_FNAME":"MDT_1404115.tif","UPPER_LEFT_X":"431957.096","UPPER_LEFT_Y":"9243870.832","LOWER_RIGHT_X":"432959.596","LOWER_RIGHT_Y":"9242868.332"},"geometry":{"type":"Polygon","coordinates":[[[-63.61582721528535,-6.840218325959645],[-63.606754365448836,-6.840229849206804],[-63.606765816924742,-6.849297975749825],[-63.615838837969974,-6.849286437085611],[-63.61582721528535,-6.840218325959645]]]}},
{"type":"Feature","properties":{"DESCRIPTION":"MDT_1404116.tif","FILENAME":"U:\\P589_AmazoniaRevelada_BR-319\\LiDAR_dataset\\ENTREGAS\\ENTREGA_12\\2_MDT\\GEOTIFF\\MDT_1404116.tif","SHRT_FNAME":"MDT_1404116.tif","UPPER_LEFT_X":"432957.096","UPPER_LEFT_Y":"9243870.832","LOWER_RIGHT_X":"433959.596","LOWER_RIGHT_Y":"9242868.332"},"geometry":{"type":"Polygon","coordinates":[[[-63.60677699102893,-6.840229820683217],[-63.597704125700361,-6.840241173352393],[-63.597715406393071,-6.849309315046092],[-63.606788442931787,-6.849297947188077],[-63.60677699102893,-6.840229820683217]]]}},
{"type":"Feature","properties":{"DESCRIPTION":"MDT_1404117.tif","FILENAME":"U:\\P589_AmazoniaRevelada_BR-319\\LiDAR_dataset\\ENTREGAS\\ENTREGA_12\\2_MDT\\GEOTIFF\\MDT_1404117.tif","SHRT_FNAME":"MDT_1404117.tif","UPPER_LEFT_X":"433957.096","UPPER_LEFT_Y":"9243870.832","LOWER_RIGHT_X":"434959.596","LOWER_RIGHT_Y":"9242868.332"},"geometry":{"type":"Polygon","coordinates":[[[-63.59772675131881,-6.840241145254191],[-63.588653870729225,-6.840252327343973],[-63.588664980637319,-6.849320483960698],[-63.597738032438478,-6.849309286910295],[-63.59772675131881,-6.840241145254191]]]}},
{"type":"Feature","properties":{"DESCRIPTION":"MDT_1404118.tif","FILENAME":"U:\\P589_AmazoniaRevelada_BR-319\\LiDAR_dataset\\ENTREGAS\\ENTREGA_12\\2_MDT\\GEOTIFF\\MDT_1404118.tif","SHRT_FNAME":"MDT_1404118.tif","UPPER_LEFT_X":"434957.096","UPPER_LEFT_Y":"9243870.832","LOWER_RIGHT_X":"435960.096","LOWER_RIGHT_Y":"9242868.332"},"geometry":{"type":"Polygon","coordinates":[[[-63.588676496385446,-6.840252299671156],[-63.579599075627186,-6.840263316629517],[-63.579610014663885,-6.849331487948906],[-63.588687606720498,-6.849320456250857],[-63.588676496385446,-6.840252299671156]]]}},
{"type":"Feature","properties":{"DESCRIPTION":"MDT_1404119.tif","FILENAME":"U:\\P589_AmazoniaRevelada_BR-319\\LiDAR_dataset\\ENTREGAS\\ENTREGA_12\\2_MDT\\GEOTIFF\\MDT_1404119.tif","SHRT_FNAME":"MDT_1404119.tif","UPPER_LEFT_X":"435957.596","UPPER_LEFT_Y":"9243870.832","LOWER_RIGHT_X":"436960.096","LOWER_RIGHT_Y":"9242868.332"},"geometry":{"type":"Polygon","coordinates":[[[-63.579621701320619,-6.840263289382301],[-63.570548790894776,-6.840274130223864],[-63.570559559144094,-6.849342316010861],[-63.579632640784276,-6.849331460665237],[-63.579621701320619,-6.840263289382301]]]}},
{"type":"Feature","properties":{"DESCRIPTION":"MDT_1404120.tif","FILENAME":"U:\\P589_AmazoniaRevelada_BR-319\\LiDAR_dataset\\ENTREGAS\\ENTREGA_12\\2_MDT\\GEOTIFF\\MDT_1404120.tif","SHRT_FNAME":"MDT_1404120.tif","UPPER_LEFT_X":"436957.596","UPPER_LEFT_Y":"9243870.832","LOWER_RIGHT_X":"437960.096","LOWER_RIGHT_Y":"9242868.332"},"geometry":{"type":"Polygon","coordinates":[[[-63.570571416624823,-6.840274103402043],[-63.561498491631198,-6.840284773660107],[-63.561509089091807,-6.849352973687059],[-63.570582185301113,-6.849342289153157],[-63.570571416624823,-6.840274103402043]]]}},
{"type":"Feature","properties":{"DESCRIPTION":"MDT_1404121.tif","FILENAME":"U:\\P589_AmazoniaRevelada_BR-319\\LiDAR_dataset\\ENTREGAS\\ENTREGA_12\\2_MDT\\GEOTIFF\\MDT_1404121.tif","SHRT_FNAME":"MDT_1404121.tif","UPPER_LEFT_X":"437957.596","UPPER_LEFT_Y":"9243870.832","LOWER_RIGHT_X":"438960.096","LOWER_RIGHT_Y":"9242868.332"},"geometry":{"type":"Polygon","coordinates":[[[-63.561521117397291,-6.840284747263684],[-63.552448178066932,-6.84029524693693],[-63.552458604737488,-6.849363460976174],[-63.561531715284865,-6.849352947255319],[-63.561521117397291,-6.840284747263684]]]}},
{"type":"Feature","properties":{"DESCRIPTION":"MDT_1404122.tif","FILENAME":"U:\\P589_AmazoniaRevelada_BR-319\\LiDAR_dataset\\ENTREGAS\\ENTREGA_12\\2_MDT\\GEOTIFF\\MDT_1404122.tif","SHRT_FNAME":"MDT_1404122.tif","UPPER_LEFT_X":"438957.596","UPPER_LEFT_Y":"9243870.832","LOWER_RIGHT_X":"439960.096","LOWER_RIGHT_Y":"9242868.332"},"geometry":{"type":"Polygon","coordinates":[[[-63.552470803868481,-6.840295220965906],[-63.543397850432449,-6.840305550053025],[-63.543408106311652,-6.849373777876907],[-63.552481230966023,-6.849363434970404],[-63.552470803868481,-6.840295220965906]]]}},
{"type":"Feature","properties":{"DESCRIPTION":"MDT_1404123.tif","FILENAME":"U:\\P589_AmazoniaRevelada_BR-319\\LiDAR_dataset\\ENTREGAS\\ENTREGA_12\\2_MDT\\GEOTIFF\\MDT_1404123.tif","SHRT_FNAME":"MDT_1404123.tif","UPPER_LEFT_X":"439957.596","UPPER_LEFT_Y":"9243870.832","LOWER_RIGHT_X":"440960.596","LOWER_RIGHT_Y":"9242868.332"},"geometry":{"type":"Polygon","coordinates":[[[-63.543420476268885,-6.840305524507404],[-63.534342983784043,-6.840315688031032],[-63.534353068785208,-6.849383929418611],[-63.543430732575068,-6.849373752297109],[-63.543420476268885,-6.840305524507404]]]}},
{"type":"Feature","properties":{"DESCRIPTION":"MDT_1404124.tif","FILENAME":"U:\\P589_AmazoniaRevelada_BR-319\\LiDAR_dataset\\ENTREGAS\\ENTREGA_12\\2_MDT\\GEOTIFF\\MDT_1404124.tif","SHRT_FNAME":"MDT_1404124.tif","UPPER_LEFT_X":"440958.096","UPPER_LEFT_Y":"9243870.832","LOWER_RIGHT_X":"441960.596","LOWER_RIGHT_Y":"9242868.332"},"geometry":{"type":"Polygon","coordinates":[[[-63.534365609654813,-6.840315662911032],[-63.525292628693784,-6.840325650736782],[-63.525302542901045,-6.849393905453556],[-63.534375695082964,-6.849383904265002],[-63.534365609654813,-6.840315662911032]]]}},
{"type":"Feature","properties":{"DESCRIPTION":"MDT_1404125.tif","FILENAME":"U:\\P589_AmazoniaRevelada_BR-319\\LiDAR_dataset\\ENTREGAS\\ENTREGA_12\\2_MDT\\GEOTIFF\\MDT_1404125.tif","SHRT_FNAME":"MDT_1404125.tif","UPPER_LEFT_X":"441958.096","UPPER_LEFT_Y":"9243870.832","LOWER_RIGHT_X":"442960.596","LOWER_RIGHT_Y":"9242868.332"},"geometry":{"type":"Polygon","coordinates":[[[-63.52531525459829,-6.84032562604219],[-63.51624226022485,-6.840335443278028],[-63.516252003636957,-6.849403711096338],[-63.525325169232538,-6.849393880725926],[-63.52531525459829,-6.84032562604219]]]}},
{"type":"Feature","properties":{"DESCRIPTION":"MDT_1404126.tif","FILENAME":"U:\\P589_AmazoniaRevelada_BR-319\\LiDAR_dataset\\ENTREGAS\\ENTREGA_12\\2_MDT\\GEOTIFF\\MDT_1404126.tif","SHRT_FNAME":"MDT_1404126.tif","UPPER_LEFT_X":"442958.096","UPPER_LEFT_Y":"9243870.832","LOWER_RIGHT_X":"443960.596","LOWER_RIGHT_Y":"9242868.332"},"geometry":{"type":"Polygon","coordinates":[[[-63.51626488616251,-6.840335419008849],[-63.507191878607692,-6.840345065653559],[-63.507201451223445,-6.849413346345739],[-63.516274630001604,-6.849403686794689],[-63.51626488616251,-6.840335419008849]]]}},
{"type":"Feature","properties":{"DESCRIPTION":"MDT_1404127.tif","FILENAME":"U:\\P589_AmazoniaRevelada_BR-319\\LiDAR_dataset\\ENTREGAS\\ENTREGA_12\\2_MDT\\GEOTIFF\\MDT_1404127.tif","SHRT_FNAME":"MDT_1404127.tif","UPPER_LEFT_X":"443958.096","UPPER_LEFT_Y":"9243870.832","LOWER_RIGHT_X":"444960.596","LOWER_RIGHT_Y":"9242868.332"},"geometry":{"type":"Polygon","coordinates":[[[-63.507214504577938,-6.840345041809796],[-63.498141484072825,-6.84035451786218],[-63.498150885890993,-6.849422811200559],[-63.507224077620684,-6.849413322470076],[-63.507214504577938,-6.840345041809796]]]}},
{"type":"Feature","properties":{"DESCRIPTION":"MDT_1404128.tif","FILENAME":"U:\\P589_AmazoniaRevelada_BR-319\\LiDAR_dataset\\ENTREGAS\\ENTREGA_12\\2_MDT\\GEOTIFF\\MDT_1404128.tif","SHRT_FNAME":"MDT_1404128.tif","UPPER_LEFT_X":"444958.096","UPPER_LEFT_Y":"9243870.832","LOWER_RIGHT_X":"445961.096","LOWER_RIGHT_Y":"9242868.332"},"geometry":{"type":"Polygon","coordinates":[[[-63.498164110075066,-6.840354494443837],[-63.48908655164395,-6.840363804501171],[-63.489095782577991,-6.849432110264235],[-63.498173512320243,-6.849422787750884],[-63.498164110075066,-6.840354494443837]]]}},
{"type":"Feature","properties":{"DESCRIPTION":"MDT_1404129.tif","FILENAME":"U:\\P589_AmazoniaRevelada_BR-319\\LiDAR_dataset\\ENTREGAS\\ENTREGA_12\\2_MDT\\GEOTIFF\\MDT_1404129.tif","SHRT_FNAME":"MDT_1404129.tif","UPPER_LEFT_X":"445958.596","UPPER_LEFT_Y":"9243870.832","LOWER_RIGHT_X":"446961.096","LOWER_RIGHT_Y":"9242868.332"},"geometry":{"type":"Polygon","coordinates":[[[-63.489109177677648,-6.840363781508463],[-63.480036131958897,-6.840372916287384],[-63.48004519209303,-6.849441234241196],[-63.489118409038689,-6.849432087240764],[-63.489109177677648,-6.840363781508463]]]}},
{"type":"Feature","properties":{"DESCRIPTION":"MDT_1404130.tif","FILENAME":"U:\\P589_AmazoniaRevelada_BR-319\\LiDAR_dataset\\ENTREGAS\\ENTREGA_12\\2_MDT\\GEOTIFF\\MDT_1404130.tif","SHRT_FNAME":"MDT_1404130.tif","UPPER_LEFT_X":"446958.596","UPPER_LEFT_Y":"9243870.832","LOWER_RIGHT_X":"447961.096","LOWER_RIGHT_Y":"9242868.332"},"geometry":{"type":"Polygon","coordinates":[[[-63.480058758023453,-6.840372893720099],[-63.470985700047677,-6.840381857903225],[-63.470994589380787,-6.849450187820114],[-63.480067818584594,-6.849441211643717],[-63.480058758023453,-6.840372893720099]]]}},
{"type":"Feature","properties":{"DESCRIPTION":"MDT_1404131.tif","FILENAME":"U:\\P589_AmazoniaRevelada_BR-319\\LiDAR_dataset\\ENTREGAS\\ENTREGA_12\\2_MDT\\GEOTIFF\\MDT_1404131.tif","SHRT_FNAME":"MDT_1404131.tif","UPPER_LEFT_X":"447958.596","UPPER_LEFT_Y":"9243870.832","LOWER_RIGHT_X":"448961.096","LOWER_RIGHT_Y":"9242868.332"},"geometry":{"type":"Polygon","coordinates":[[[-63.47100832614251,-6.840381835761368],[-63.461935256140784,-6.840390629347588],[-63.46194397467174,-6.849458970999878],[-63.471017215902613,-6.849450165648633],[-63.47100832614251,-6.840381835761368]]]}},
{"type":"Feature","properties":{"DESCRIPTION":"MDT_1404132.tif","FILENAME":"U:\\P589_AmazoniaRevelada_BR-319\\LiDAR_dataset\\ENTREGAS\\ENTREGA_12\\2_MDT\\GEOTIFF\\MDT_1404132.tif","SHRT_FNAME":"MDT_1404132.tif","UPPER_LEFT_X":"448958.596","UPPER_LEFT_Y":"9243870.832","LOWER_RIGHT_X":"449961.096","LOWER_RIGHT_Y":"9242868.332"},"geometry":{"type":"Polygon","coordinates":[[[-63.461957882265324,-6.840390607631161],[-63.452884800468695,-6.840399230619381],[-63.452893348196412,-6.849467583779397],[-63.461966601223274,-6.849458949254395],[-63.461957882265324,-6.840390607631161]]]}},
{"type":"Feature","properties":{"DESCRIPTION":"MDT_1404133.tif","FILENAME":"U:\\P589_AmazoniaRevelada_BR-319\\LiDAR_dataset\\ENTREGAS\\ENTREGA_12\\2_MDT\\GEOTIFF\\MDT_1404133.tif","SHRT_FNAME":"MDT_1404133.tif","UPPER_LEFT_X":"449958.596","UPPER_LEFT_Y":"9243870.832","LOWER_RIGHT_X":"450961.096","LOWER_RIGHT_Y":"9242868.332"},"geometry":{"type":"Polygon","coordinates":[[[-63.45290742662236,-6.840399209328386],[-63.443834333261911,-6.840407661717536],[-63.443842710185315,-6.849476026157602],[-63.452915974777085,-6.849467562459918],[-63.45290742662236,-6.840399209328386]]]}},
{"type":"Feature","properties":{"DESCRIPTION":"MDT_1404134.tif","FILENAME":"U:\\P589_AmazoniaRevelada_BR-319\\LiDAR_dataset\\ENTREGAS\\ENTREGA_12\\2_MDT\\GEOTIFF\\MDT_1404134.tif","SHRT_FNAME":"MDT_1404134.tif","UPPER_LEFT_X":"450958.596","UPPER_LEFT_Y":"9243870.832","LOWER_RIGHT_X":"451961.596","LOWER_RIGHT_Y":"9242868.332"},"geometry":{"type":"Polygon","coordinates":[[[-63.443856959444119,-6.840407640851976],[-63.434779329508864,-6.840415926728904],[-63.434787535541503,-6.84948430222681],[-63.443865336794531,-6.849476005264127],[-63.443856959444119,-6.840407640851976]]]}},
{"type":"Feature","properties":{"DESCRIPTION":"MDT_1404135.tif","FILENAME":"U:\\P589_AmazoniaRevelada_BR-319\\LiDAR_dataset\\ENTREGAS\\ENTREGA_12\\2_MDT\\GEOTIFF\\MDT_1404135.tif","SHRT_FNAME":"MDT_1404135.tif","UPPER_LEFT_X":"451959.096","UPPER_LEFT_Y":"9243870.832","LOWER_RIGHT_X":"452961.596","LOWER_RIGHT_Y":"9242868.332"},"geometry":{"type":"Polygon","coordinates":[[[-63.43480195571906,-6.840415906288995],[-63.425728839918683,-6.840424017391576],[-63.425736875144921,-6.84949240371406],[-63.434810162178721,-6.849484281759556],[-63.43480195571906,-6.840415906288995]]]}},
{"type":"Feature","properties":{"DESCRIPTION":"MDT_1404136.tif","FILENAME":"U:\\P589_AmazoniaRevelada_BR-319\\LiDAR_dataset\\ENTREGAS\\ENTREGA_12\\2_MDT\\GEOTIFF\\MDT_1404136.tif","SHRT_FNAME":"MDT_1404136.tif","UPPER_LEFT_X":"452959.096","UPPER_LEFT_Y":"9243870.832","LOWER_RIGHT_X":"453961.596","LOWER_RIGHT_Y":"9242868.332"},"geometry":{"type":"Polygon","coordinates":[[[-63.425751466156271,-6.840423997377106],[-63.416678339485379,-6.840431937877531],[-63.416686203904213,-6.849500334796915],[-63.42575950180953,-6.849492383672816],[-63.425751466156271,-6.840423997377106]]]}},
{"type":"Feature","properties":{"DESCRIPTION":"MDT_1404137.tif","FILENAME":"U:\\P589_AmazoniaRevelada_BR-319\\LiDAR_dataset\\ENTREGAS\\ENTREGA_12\\2_MDT\\GEOTIFF\\MDT_1404137.tif","SHRT_FNAME":"MDT_1404137.tif","UPPER_LEFT_X":"453959.096","UPPER_LEFT_Y":"9243870.832","LOWER_RIGHT_X":"454961.596","LOWER_RIGHT_Y":"9242868.332"},"geometry":{"type":"Polygon","coordinates":[[[-63.416700965749783,-6.840431918288505],[-63.407627828439452,-6.840439688185787],[-63.407635522049922,-6.849508095474386],[-63.41670883059566,-6.849500315181681],[-63.416700965749783,-6.840431918288505]]]}},
{"type":"Feature","properties":{"DESCRIPTION":"MDT_1404138.tif","FILENAME":"U:\\P589_AmazoniaRevelada_BR-319\\LiDAR_dataset\\ENTREGAS\\ENTREGA_12\\2_MDT\\GEOTIFF\\MDT_1404138.tif","SHRT_FNAME":"MDT_1404138.tif","UPPER_LEFT_X":"454959.096","UPPER_LEFT_Y":"9243870.832","LOWER_RIGHT_X":"455961.596","LOWER_RIGHT_Y":"9242868.332"},"geometry":{"type":"Polygon","coordinates":[[[-63.407650454730103,-6.840439669022206],[-63.398577307011408,-6.840447268315381],[-63.398584829812542,-6.849515685745514],[-63.407658148767595,-6.849508076285168],[-63.407650454730103,-6.840439669022206]]]}},
{"type":"Feature","properties":{"DESCRIPTION":"MDT_1404139.tif","FILENAME":"U:\\P589_AmazoniaRevelada_BR-319\\LiDAR_dataset\\ENTREGAS\\ENTREGA_12\\2_MDT\\GEOTIFF\\MDT_1404139.tif","SHRT_FNAME":"MDT_1404139.tif","UPPER_LEFT_X":"455959.096","UPPER_LEFT_Y":"9243870.832","LOWER_RIGHT_X":"456962.096","LOWER_RIGHT_Y":"9242868.332"},"geometry":{"type":"Polygon","coordinates":[[[-63.398599933327738,-6.840447249577251],[-63.389522250163466,-6.840454681927781],[-63.389529602068897,-6.84952310927666],[-63.398607456555894,-6.849515666982311],[-63.398599933327738,-6.840447249577251]]]}},
{"type":"Feature","properties":{"DESCRIPTION":"MDT_1404140.tif","FILENAME":"U:\\P589_AmazoniaRevelada_BR-319\\LiDAR_dataset\\ENTREGAS\\ENTREGA_12\\2_MDT\\GEOTIFF\\MDT_1404140.tif","SHRT_FNAME":"MDT_1404140.tif","UPPER_LEFT_X":"456959.596","UPPER_LEFT_Y":"9243870.832","LOWER_RIGHT_X":"457962.096","LOWER_RIGHT_Y":"9242868.332"},"geometry":{"type":"Polygon","coordinates":[[[-63.3895448765049,-6.840454663615311],[-63.38047170865778,-6.840461921612157],[-63.380478889751998,-6.849530358647084],[-63.389552228837346,-6.849523090939691],[-63.3895448765049,-6.840454663615311]]]}},
{"type":"Feature","properties":{"DESCRIPTION":"MDT_1404141.tif","FILENAME":"U:\\P589_AmazoniaRevelada_BR-319\\LiDAR_dataset\\ENTREGAS\\ENTREGA_12\\2_MDT\\GEOTIFF\\MDT_1404141.tif","SHRT_FNAME":"MDT_1404141.tif","UPPER_LEFT_X":"457959.596","UPPER_LEFT_Y":"9243870.832","LOWER_RIGHT_X":"458962.096","LOWER_RIGHT_Y":"9242868.332"},"geometry":{"type":"Polygon","coordinates":[[[-63.38049433502372,-6.840461903725141],[-63.37142115746159,-6.840468991115111],[-63.371428167743701,-6.8495374376084],[-63.380501516544975,-6.849530340736137],[-63.38049433502372,-6.840461903725141]]]}},
{"type":"Feature","properties":{"DESCRIPTION":"MDT_1404142.tif","FILENAME":"U:\\P589_AmazoniaRevelada_BR-319\\LiDAR_dataset\\ENTREGAS\\ENTREGA_12\\2_MDT\\GEOTIFF\\MDT_1404142.tif","SHRT_FNAME":"MDT_1404142.tif","UPPER_LEFT_X":"458959.596","UPPER_LEFT_Y":"9243870.832","LOWER_RIGHT_X":"459962.096","LOWER_RIGHT_Y":"9242868.332"},"geometry":{"type":"Polygon","coordinates":[[[-63.371443783851475,-6.840468973653548],[-63.362370596805398,-6.840475890435762],[-63.362377436274521,-6.849544346159723],[-63.371450794560609,-6.849537420123475],[-63.371443783851475,-6.840468973653548]]]}},
{"type":"Feature","properties":{"DESCRIPTION":"MDT_1404143.tif","FILENAME":"U:\\P589_AmazoniaRevelada_BR-319\\LiDAR_dataset\\ENTREGAS\\ENTREGA_12\\2_MDT\\GEOTIFF\\MDT_1404143.tif","SHRT_FNAME":"MDT_1404143.tif","UPPER_LEFT_X":"459959.596","UPPER_LEFT_Y":"9243870.832","LOWER_RIGHT_X":"460962.096","LOWER_RIGHT_Y":"9242868.332"},"geometry":{"type":"Polygon","coordinates":[[[-63.362393223218639,-6.840475873399658],[-63.353320026919697,-6.840482619573258],[-63.353326695574971,-6.849551084300202],[-63.362400063114805,-6.849544329100826],[-63.362393223218639,-6.840475873399658]]]}},
{"type":"Feature","properties":{"DESCRIPTION":"MDT_1404144.tif","FILENAME":"U:\\P589_AmazoniaRevelada_BR-319\\LiDAR_dataset\\ENTREGAS\\ENTREGA_12\\2_MDT\\GEOTIFF\\MDT_1404144.tif","SHRT_FNAME":"MDT_1404144.tif","UPPER_LEFT_X":"460959.596","UPPER_LEFT_Y":"9243870.832","LOWER_RIGHT_X":"461962.596","LOWER_RIGHT_Y":"9242868.332"},"geometry":{"type":"Polygon","coordinates":[[[-63.353342653355725,-6.840482602962612],[-63.344264922743342,-6.840489181763669],[-63.344271420498536,-6.849557655270234],[-63.353349322438042,-6.849551067667331],[-63.353342653355725,-6.840482602962612]]]}},
{"type":"Feature","properties":{"DESCRIPTION":"MDT_1404145.tif","FILENAME":"U:\\P589_AmazoniaRevelada_BR-319\\LiDAR_dataset\\ENTREGAS\\ENTREGA_12\\2_MDT\\GEOTIFF\\MDT_1404145.tif","SHRT_FNAME":"MDT_1404145.tif","UPPER_LEFT_X":"461960.096","UPPER_LEFT_Y":"9243870.832","LOWER_RIGHT_X":"462962.596","LOWER_RIGHT_Y":"9242868.332"},"geometry":{"type":"Polygon","coordinates":[[[-63.344287549201589,-6.840489165578696],[-63.335214335085823,-6.840495570447269],[-63.33522066202552,-6.84956405250132],[-63.344294047383826,-6.849557639063608],[-63.344287549201589,-6.840489165578696]]]}},
{"type":"Feature","properties":{"DESCRIPTION":"MDT_1404146.tif","FILENAME":"U:\\P589_AmazoniaRevelada_BR-319\\LiDAR_dataset\\ENTREGAS\\ENTREGA_12\\2_MDT\\GEOTIFF\\MDT_1404146.tif","SHRT_FNAME":"MDT_1404146.tif","UPPER_LEFT_X":"462960.096","UPPER_LEFT_Y":"9243870.832","LOWER_RIGHT_X":"463962.596","LOWER_RIGHT_Y":"9242868.332"},"geometry":{"type":"Polygon","coordinates":[[[-63.335236961565705,-6.84049555468776],[-63.326163738890429,-6.840501788945268],[-63.326169895013834,-6.849570279319113],[-63.335243288932439,-6.849564036720727],[-63.335236961565705,-6.84049555468776]]]}},
{"type":"Feature","properties":{"DESCRIPTION":"MDT_1404147.tif","FILENAME":"U:\\P589_AmazoniaRevelada_BR-319\\LiDAR_dataset\\ENTREGAS\\ENTREGA_12\\2_MDT\\GEOTIFF\\MDT_1404147.tif","SHRT_FNAME":"MDT_1404147.tif","UPPER_LEFT_X":"463960.096","UPPER_LEFT_Y":"9243870.832","LOWER_RIGHT_X":"464430.096","LOWER_RIGHT_Y":"9242868.332"},"geometry":{"type":"Polygon","coordinates":[[[-63.326186365391372,-6.840501773611223],[-63.321932582305386,-6.840504637714416],[-63.321938658571923,-6.849573131899658],[-63.32619252194182,-6.849570263964553],[-63.326186365391372,-6.840501773611223]]]}},
{"type":"Feature","properties":{"DESCRIPTION":"MDT_1405114.tif","FILENAME":"U:\\P589_AmazoniaRevelada_BR-319\\LiDAR_dataset\\ENTREGAS\\ENTREGA_12\\2_MDT\\GEOTIFF\\MDT_1405114.tif","SHRT_FNAME":"MDT_1405114.tif","UPPER_LEFT_X":"430957.191","UPPER_LEFT_Y":"9242870.580","LOWER_RIGHT_X":"431959.191","LOWER_RIGHT_Y":"9241868.580"},"geometry":{"type":"Polygon","coordinates":[[[-63.62488833107377,-6.849254423482783],[-63.615819851329206,-6.849266127103026],[-63.615831483575903,-6.858329712090161],[-63.624900134588401,-6.858317992839648],[-63.62488833107377,-6.849254423482783]]]}},
{"type":"Feature","properties":{"DESCRIPTION":"MDT_1405115.tif","FILENAME":"U:\\P589_AmazoniaRevelada_BR-319\\LiDAR_dataset\\ENTREGAS\\ENTREGA_12\\2_MDT\\GEOTIFF\\MDT_1405115.tif","SHRT_FNAME":"MDT_1405115.tif","UPPER_LEFT_X":"431957.096","UPPER_LEFT_Y":"9242870.832","LOWER_RIGHT_X":"432959.596","LOWER_RIGHT_Y":"9241868.332"},"geometry":{"type":"Polygon","coordinates":[[[-63.61583880896611,-6.849263823346423],[-63.60676578834812,-6.849275361972192],[-63.606777255317226,-6.858343485091486],[-63.615850447375564,-6.858331931048104],[-63.61583880896611,-6.849263823346423]]]}},
{"type":"Feature","properties":{"DESCRIPTION":"MDT_1405116.tif","FILENAME":"U:\\P589_AmazoniaRevelada_BR-319\\LiDAR_dataset\\ENTREGAS\\ENTREGA_12\\2_MDT\\GEOTIFF\\MDT_1405116.tif","SHRT_FNAME":"MDT_1405116.tif","UPPER_LEFT_X":"432957.096","UPPER_LEFT_Y":"9242870.832","LOWER_RIGHT_X":"433959.596","LOWER_RIGHT_Y":"9241868.332"},"geometry":{"type":"Polygon","coordinates":[[[-63.606788414354114,-6.849275333410537],[-63.59771537824264,-6.849286701230676],[-63.597726674197482,-6.858354839501192],[-63.606799881750746,-6.858343456491668],[-63.606788414354114,-6.849275333410537]]]}},
{"type":"Feature","properties":{"DESCRIPTION":"MDT_1405117.tif","FILENAME":"U:\\P589_AmazoniaRevelada_BR-319\\LiDAR_dataset\\ENTREGAS\\ENTREGA_12\\2_MDT\\GEOTIFF\\MDT_1405117.tif","SHRT_FNAME":"MDT_1405117.tif","UPPER_LEFT_X":"433957.096","UPPER_LEFT_Y":"9242870.832","LOWER_RIGHT_X":"434959.596","LOWER_RIGHT_Y":"9241868.332"},"geometry":{"type":"Polygon","coordinates":[[[-63.597738004286981,-6.849286673094972],[-63.588664952913071,-6.849297870108065],[-63.588676077852249,-6.85836602330215],[-63.597749300669363,-6.858354811327894],[-63.597738004286981,-6.849286673094972]]]}},
{"type":"Feature","properties":{"DESCRIPTION":"MDT_1405118.tif","FILENAME":"U:\\P589_AmazoniaRevelada_BR-319\\LiDAR_dataset\\ENTREGAS\\ENTREGA_12\\2_MDT\\GEOTIFF\\MDT_1405118.tif","SHRT_FNAME":"MDT_1405118.tif","UPPER_LEFT_X":"434957.096","UPPER_LEFT_Y":"9242870.832","LOWER_RIGHT_X":"435960.096","LOWER_RIGHT_Y":"9241868.332"},"geometry":{"type":"Polygon","coordinates":[[[-63.588687578995184,-6.849297842398318],[-63.579609987366034,-6.849308874059609],[-63.579620941202641,-6.858377041956887],[-63.588698704361903,-6.858365995555375],[-63.588687578995184,-6.849297842398318]]]}},
{"type":"Feature","properties":{"DESCRIPTION":"MDT_1405119.tif","FILENAME":"U:\\P589_AmazoniaRevelada_BR-319\\LiDAR_dataset\\ENTREGAS\\ENTREGA_12\\2_MDT\\GEOTIFF\\MDT_1405119.tif","SHRT_FNAME":"MDT_1405119.tif","UPPER_LEFT_X":"435957.596","UPPER_LEFT_Y":"9242870.832","LOWER_RIGHT_X":"436960.096","LOWER_RIGHT_Y":"9241868.332"},"geometry":{"type":"Polygon","coordinates":[[[-63.579632613485373,-6.84930884677603],[-63.570559532272441,-6.849319702085483],[-63.570570315090613,-6.858387884450893],[-63.579643567749521,-6.858377014636855],[-63.579632613485373,-6.84930884677603]]]}},
{"type":"Feature","properties":{"DESCRIPTION":"MDT_1405120.tif","FILENAME":"U:\\P589_AmazoniaRevelada_BR-319\\LiDAR_dataset\\ENTREGAS\\ENTREGA_12\\2_MDT\\GEOTIFF\\MDT_1405120.tif","SHRT_FNAME":"MDT_1405120.tif","UPPER_LEFT_X":"436957.596","UPPER_LEFT_Y":"9242870.832","LOWER_RIGHT_X":"437960.096","LOWER_RIGHT_Y":"9241868.332"},"geometry":{"type":"Polygon","coordinates":[[[-63.570582158428394,-6.849319675227869],[-63.561509062646344,-6.849330359726169],[-63.561519674444718,-6.858398556332044],[-63.570592941674107,-6.858387857557389],[-63.570582158428394,-6.849319675227869]]]}},
{"type":"Feature","properties":{"DESCRIPTION":"MDT_1405121.tif","FILENAME":"U:\\P589_AmazoniaRevelada_BR-319\\LiDAR_dataset\\ENTREGAS\\ENTREGA_12\\2_MDT\\GEOTIFF\\MDT_1405121.tif","SHRT_FNAME":"MDT_1405121.tif","UPPER_LEFT_X":"437957.596","UPPER_LEFT_Y":"9242870.832","LOWER_RIGHT_X":"438960.096","LOWER_RIGHT_Y":"9241868.332"},"geometry":{"type":"Polygon","coordinates":[[[-63.561531688838336,-6.849330333294517],[-63.552458578718223,-6.849340846980339],[-63.552469019495483,-6.858409057599015],[-63.561542301064264,-6.858398529865074],[-63.561531688838336,-6.849330333294517]]]}},
{"type":"Feature","properties":{"DESCRIPTION":"MDT_1405122.tif","FILENAME":"U:\\P589_AmazoniaRevelada_BR-319\\LiDAR_dataset\\ENTREGAS\\ENTREGA_12\\2_MDT\\GEOTIFF\\MDT_1405122.tif","SHRT_FNAME":"MDT_1405122.tif","UPPER_LEFT_X":"438957.596","UPPER_LEFT_Y":"9242870.832","LOWER_RIGHT_X":"439960.096","LOWER_RIGHT_Y":"9241868.332"},"geometry":{"type":"Polygon","coordinates":[[[-63.552481204945686,-6.849340820974658],[-63.543408080718578,-6.849351163846697],[-63.543418350473416,-6.858419388250503],[-63.5524916461505,-6.858409031558583],[-63.552481204945686,-6.849340820974658]]]}},
{"type":"Feature","properties":{"DESCRIPTION":"MDT_1405123.tif","FILENAME":"U:\\P589_AmazoniaRevelada_BR-319\\LiDAR_dataset\\ENTREGAS\\ENTREGA_12\\2_MDT\\GEOTIFF\\MDT_1405123.tif","SHRT_FNAME":"MDT_1405123.tif","UPPER_LEFT_X":"439957.596","UPPER_LEFT_Y":"9242870.832","LOWER_RIGHT_X":"440960.596","LOWER_RIGHT_Y":"9241868.332"},"geometry":{"type":"Polygon","coordinates":[[[-63.543430706980935,-6.849351138266985],[-63.534353043618566,-6.849361315354575],[-63.534363142264183,-6.858429553322568],[-63.543440977163336,-6.858419362636612],[-63.543430706980935,-6.849351138266985]]]}},
{"type":"Feature","properties":{"DESCRIPTION":"MDT_1405124.tif","FILENAME":"U:\\P589_AmazoniaRevelada_BR-319\\LiDAR_dataset\\ENTREGAS\\ENTREGA_12\\2_MDT\\GEOTIFF\\MDT_1405124.tif","SHRT_FNAME":"MDT_1405124.tif","UPPER_LEFT_X":"440958.096","UPPER_LEFT_Y":"9242870.832","LOWER_RIGHT_X":"441960.596","LOWER_RIGHT_Y":"9241868.332"},"geometry":{"type":"Polygon","coordinates":[[[-63.534375669915256,-6.849361290201049],[-63.525302518160615,-6.849371291356281],[-63.525312445781246,-6.858439542653954],[-63.534385768988422,-6.858429528135433],[-63.534375669915256,-6.849361290201049]]]}},
{"type":"Feature","properties":{"DESCRIPTION":"MDT_1405125.tif","FILENAME":"U:\\P589_AmazoniaRevelada_BR-319\\LiDAR_dataset\\ENTREGAS\\ENTREGA_12\\2_MDT\\GEOTIFF\\MDT_1405125.tif","SHRT_FNAME":"MDT_1405125.tif","UPPER_LEFT_X":"441958.096","UPPER_LEFT_Y":"9242870.832","LOWER_RIGHT_X":"442960.596","LOWER_RIGHT_Y":"9241868.332"},"geometry":{"type":"Polygon","coordinates":[[[-63.525325144491042,-6.849371266628733],[-63.516251979322739,-6.849381096966391],[-63.516261735917141,-6.85844936136607],[-63.525335072539235,-6.858439517893366],[-63.525325144491042,-6.849371266628733]]]}},
{"type":"Feature","properties":{"DESCRIPTION":"MDT_1405126.tif","FILENAME":"U:\\P589_AmazoniaRevelada_BR-319\\LiDAR_dataset\\ENTREGAS\\ENTREGA_12\\2_MDT\\GEOTIFF\\MDT_1405126.tif","SHRT_FNAME":"MDT_1405126.tif","UPPER_LEFT_X":"442958.096","UPPER_LEFT_Y":"9242870.832","LOWER_RIGHT_X":"443960.596","LOWER_RIGHT_Y":"9241868.332"},"geometry":{"type":"Polygon","coordinates":[[[-63.516274605686313,-6.849381072664823],[-63.507201427335431,-6.849390732183685],[-63.507211012902403,-6.858459009457698],[-63.516284362708298,-6.858449337032031],[-63.516274605686313,-6.849381072664823]]]}},
{"type":"Feature","properties":{"DESCRIPTION":"MDT_1405127.tif","FILENAME":"U:\\P589_AmazoniaRevelada_BR-319\\LiDAR_dataset\\ENTREGAS\\ENTREGA_12\\2_MDT\\GEOTIFF\\MDT_1405127.tif","SHRT_FNAME":"MDT_1405127.tif","UPPER_LEFT_X":"443958.096","UPPER_LEFT_Y":"9242870.832","LOWER_RIGHT_X":"444960.596","LOWER_RIGHT_Y":"9241868.332"},"geometry":{"type":"Polygon","coordinates":[[[-63.507224053731598,-6.849390708308102],[-63.498150862429213,-6.849400197006968],[-63.498160276967532,-6.858468486927639],[-63.507233639726138,-6.858458985550211],[-63.507224053731598,-6.849390708308102]]]}},
{"type":"Feature","properties":{"DESCRIPTION":"MDT_1405128.tif","FILENAME":"U:\\P589_AmazoniaRevelada_BR-319\\LiDAR_dataset\\ENTREGAS\\ENTREGA_12\\2_MDT\\GEOTIFF\\MDT_1405128.tif","SHRT_FNAME":"MDT_1405128.tif","UPPER_LEFT_X":"444958.096","UPPER_LEFT_Y":"9242870.832","LOWER_RIGHT_X":"445961.096","LOWER_RIGHT_Y":"9241868.332"},"geometry":{"type":"Polygon","coordinates":[[[-63.498173488857397,-6.849400173557371],[-63.489095759542629,-6.849409496039661],[-63.489105002965616,-6.858477798385462],[-63.498182903823292,-6.858468463446709],[-63.498173488857397,-6.849400173557371]]]}},
{"type":"Feature","properties":{"DESCRIPTION":"MDT_1405129.tif","FILENAME":"U:\\P589_AmazoniaRevelada_BR-319\\LiDAR_dataset\\ENTREGAS\\ENTREGA_12\\2_MDT\\GEOTIFF\\MDT_1405129.tif","SHRT_FNAME":"MDT_1405129.tif","UPPER_LEFT_X":"445958.596","UPPER_LEFT_Y":"9242870.832","LOWER_RIGHT_X":"446961.096","LOWER_RIGHT_Y":"9241868.332"},"geometry":{"type":"Polygon","coordinates":[[[-63.489118386002261,-6.849409473016265],[-63.480045169483901,-6.849418619986219],[-63.480054241875898,-6.858486934523208],[-63.489127629852831,-6.858477775331304],[-63.489118386002261,-6.849409473016265]]]}},
{"type":"Feature","properties":{"DESCRIPTION":"MDT_1405130.tif","FILENAME":"U:\\P589_AmazoniaRevelada_BR-319\\LiDAR_dataset\\ENTREGAS\\ENTREGA_12\\2_MDT\\GEOTIFF\\MDT_1405130.tif","SHRT_FNAME":"MDT_1405130.tif","UPPER_LEFT_X":"446958.596","UPPER_LEFT_Y":"9242870.832","LOWER_RIGHT_X":"447961.096","LOWER_RIGHT_Y":"9241868.332"},"geometry":{"type":"Polygon","coordinates":[[[-63.480067795974385,-6.849418597388816],[-63.470994567197863,-6.849427573535303],[-63.471003468557754,-6.8584959000358],[-63.480076868793972,-6.858486911895612],[-63.480067795974385,-6.849418597388816]]]}},
{"type":"Feature","properties":{"DESCRIPTION":"MDT_1405131.tif","FILENAME":"U:\\P589_AmazoniaRevelada_BR-319\\LiDAR_dataset\\ENTREGAS\\ENTREGA_12\\2_MDT\\GEOTIFF\\MDT_1405131.tif","SHRT_FNAME":"MDT_1405131.tif","UPPER_LEFT_X":"447958.596","UPPER_LEFT_Y":"9242870.832","LOWER_RIGHT_X":"448961.096","LOWER_RIGHT_Y":"9241868.332"},"geometry":{"type":"Polygon","coordinates":[[[-63.471017193718637,-6.849427551363895],[-63.461943952915057,-6.849436356685802],[-63.461952683241698,-6.858504694922124],[-63.471026095506112,-6.858495877834769],[-63.471017193718637,-6.849427551363895]]]}},
{"type":"Feature","properties":{"DESCRIPTION":"MDT_1405132.tif","FILENAME":"U:\\P589_AmazoniaRevelada_BR-319\\LiDAR_dataset\\ENTREGAS\\ENTREGA_12\\2_MDT\\GEOTIFF\\MDT_1405132.tif","SHRT_FNAME":"MDT_1405132.tif","UPPER_LEFT_X":"448958.596","UPPER_LEFT_Y":"9242870.832","LOWER_RIGHT_X":"449961.096","LOWER_RIGHT_Y":"9241868.332"},"geometry":{"type":"Polygon","coordinates":[[[-63.461966579465532,-6.849436334940392],[-63.452893326865961,-6.849444969436623],[-63.452901886158273,-6.858513319181085],[-63.461975310219756,-6.858504673147658],[-63.461966579465532,-6.849436334940392]]]}},
{"type":"Feature","properties":{"DESCRIPTION":"MDT_1405133.tif","FILENAME":"U:\\P589_AmazoniaRevelada_BR-319\\LiDAR_dataset\\ENTREGAS\\ENTREGA_12\\2_MDT\\GEOTIFF\\MDT_1405133.tif","SHRT_FNAME":"MDT_1405133.tif","UPPER_LEFT_X":"449958.596","UPPER_LEFT_Y":"9242870.832","LOWER_RIGHT_X":"450961.096","LOWER_RIGHT_Y":"9241868.332"},"geometry":{"type":"Polygon","coordinates":[[[-63.452915953445562,-6.849444948117214],[-63.443842689281098,-6.849453411786697],[-63.443851077538014,-6.858521772811619],[-63.45292451316547,-6.858513297833191],[-63.452915953445562,-6.849444948117214]]]}},
{"type":"Feature","properties":{"DESCRIPTION":"MDT_1405134.tif","FILENAME":"U:\\P589_AmazoniaRevelada_BR-319\\LiDAR_dataset\\ENTREGAS\\ENTREGA_12\\2_MDT\\GEOTIFF\\MDT_1405134.tif","SHRT_FNAME":"MDT_1405134.tif","UPPER_LEFT_X":"450958.596","UPPER_LEFT_Y":"9242870.832","LOWER_RIGHT_X":"451961.596","LOWER_RIGHT_Y":"9241868.332"},"geometry":{"type":"Polygon","coordinates":[[[-63.443865315889241,-6.849453390893292],[-63.434787515063739,-6.84946168782833],[-63.434795732198687,-6.85853005991149],[-63.443873704573754,-6.858521751890295],[-63.443865315889241,-6.849453390893292]]]}},
{"type":"Feature","properties":{"DESCRIPTION":"MDT_1405135.tif","FILENAME":"U:\\P589_AmazoniaRevelada_BR-319\\LiDAR_dataset\\ENTREGAS\\ENTREGA_12\\2_MDT\\GEOTIFF\\MDT_1405135.tif","SHRT_FNAME":"MDT_1405135.tif","UPPER_LEFT_X":"451959.096","UPPER_LEFT_Y":"9242870.832","LOWER_RIGHT_X":"452961.596","LOWER_RIGHT_Y":"9241868.332"},"geometry":{"type":"Polygon","coordinates":[[[-63.434810141699877,-6.849461667361142],[-63.42573685509339,-6.849469789288586],[-63.425744901190868,-6.858538172196715],[-63.43481835926243,-6.858530039416956],[-63.434810141699877,-6.849461667361142]]]}},
{"type":"Feature","properties":{"DESCRIPTION":"MDT_1405136.tif","FILENAME":"U:\\P589_AmazoniaRevelada_BR-319\\LiDAR_dataset\\ENTREGAS\\ENTREGA_12\\2_MDT\\GEOTIFF\\MDT_1405136.tif","SHRT_FNAME":"MDT_1405136.tif","UPPER_LEFT_X":"452959.096","UPPER_LEFT_Y":"9242870.832","LOWER_RIGHT_X":"453961.596","LOWER_RIGHT_Y":"9241868.332"},"geometry":{"type":"Polygon","coordinates":[[[-63.425759481756934,-6.849469769247407],[-63.41668618427893,-6.849477720345013],[-63.416694059337921,-6.858546113850422],[-63.425767528282009,-6.858538152128758],[-63.425759481756934,-6.849469769247407]]]}},
{"type":"Feature","properties":{"DESCRIPTION":"MDT_1405137.tif","FILENAME":"U:\\P589_AmazoniaRevelada_BR-319\\LiDAR_dataset\\ENTREGAS\\ENTREGA_12\\2_MDT\\GEOTIFF\\MDT_1405137.tif","SHRT_FNAME":"MDT_1405137.tif","UPPER_LEFT_X":"453959.096","UPPER_LEFT_Y":"9242870.832","LOWER_RIGHT_X":"454961.596","LOWER_RIGHT_Y":"9241868.332"},"geometry":{"type":"Polygon","coordinates":[[[-63.416708810969304,-6.849477700729845],[-63.407635502850887,-6.849485480996626],[-63.407643206870397,-6.858553884871626],[-63.416716686455892,-6.858546094209045],[-63.416708810969304,-6.849477700729845]]]}},
{"type":"Feature","properties":{"DESCRIPTION":"MDT_1405138.tif","FILENAME":"U:\\P589_AmazoniaRevelada_BR-319\\LiDAR_dataset\\ENTREGAS\\ENTREGA_12\\2_MDT\\GEOTIFF\\MDT_1405138.tif","SHRT_FNAME":"MDT_1405138.tif","UPPER_LEFT_X":"454959.096","UPPER_LEFT_Y":"9242870.832","LOWER_RIGHT_X":"455961.596","LOWER_RIGHT_Y":"9241868.332"},"geometry":{"type":"Polygon","coordinates":[[[-63.407658129567494,-6.84948546180747],[-63.39858481103974,-6.849493071242461],[-63.398592344018809,-6.858561485259361],[-63.407665834014608,-6.858553865656831],[-63.407658129567494,-6.84948546180747]]]}},
{"type":"Feature","properties":{"DESCRIPTION":"MDT_1405139.tif","FILENAME":"U:\\P589_AmazoniaRevelada_BR-319\\LiDAR_dataset\\ENTREGAS\\ENTREGA_12\\2_MDT\\GEOTIFF\\MDT_1405139.tif","SHRT_FNAME":"MDT_1405139.tif","UPPER_LEFT_X":"455959.096","UPPER_LEFT_Y":"9242870.832","LOWER_RIGHT_X":"456962.096","LOWER_RIGHT_Y":"9241868.332"},"geometry":{"type":"Polygon","coordinates":[[[-63.398607437782033,-6.849493052479322],[-63.389529583722563,-6.849500494748873],[-63.389536945574719,-6.858568918684877],[-63.398614971188699,-6.85856146647115],[-63.398607437782033,-6.849493052479322]]]}},
{"type":"Feature","properties":{"DESCRIPTION":"MDT_1405140.tif","FILENAME":"U:\\P589_AmazoniaRevelada_BR-319\\LiDAR_dataset\\ENTREGAS\\ENTREGA_12\\2_MDT\\GEOTIFF\\MDT_1405140.tif","SHRT_FNAME":"MDT_1405140.tif","UPPER_LEFT_X":"456959.596","UPPER_LEFT_Y":"9242870.832","LOWER_RIGHT_X":"457962.096","LOWER_RIGHT_Y":"9241868.332"},"geometry":{"type":"Polygon","coordinates":[[[-63.38955221048996,-6.849500476411964],[-63.380478871831919,-6.849507744095142],[-63.380486062641779,-6.858576177717543],[-63.38955957276972,-6.858568900323468],[-63.38955221048996,-6.849500476411964]]]}},
{"type":"Feature","properties":{"DESCRIPTION":"MDT_1405141.tif","FILENAME":"U:\\P589_AmazoniaRevelada_BR-319\\LiDAR_dataset\\ENTREGAS\\ENTREGA_12\\2_MDT\\GEOTIFF\\MDT_1405141.tif","SHRT_FNAME":"MDT_1405141.tif","UPPER_LEFT_X":"457959.596","UPPER_LEFT_Y":"9242870.832","LOWER_RIGHT_X":"458962.096","LOWER_RIGHT_Y":"9241868.332"},"geometry":{"type":"Polygon","coordinates":[[[-63.380501498623822,-6.849507726184255],[-63.371428150249876,-6.84951482303287],[-63.371435170016525,-6.858583266113972],[-63.380508689861294,-6.858576159782724],[-63.380501498623822,-6.849507726184255]]]}},
{"type":"Feature","properties":{"DESCRIPTION":"MDT_1405142.tif","FILENAME":"U:\\P589_AmazoniaRevelada_BR-319\\LiDAR_dataset\\ENTREGAS\\ENTREGA_12\\2_MDT\\GEOTIFF\\MDT_1405142.tif","SHRT_FNAME":"MDT_1405142.tif","UPPER_LEFT_X":"458959.596","UPPER_LEFT_Y":"9242870.832","LOWER_RIGHT_X":"459962.096","LOWER_RIGHT_Y":"9241868.332"},"geometry":{"type":"Polygon","coordinates":[[[-63.371450777065725,-6.849514805548003],[-63.362377419206943,-6.849521731561173],[-63.362384267929507,-6.858590183873281],[-63.371457797259971,-6.858583248605743],[-63.371450777065725,-6.849514805548003]]]}},
{"type":"Feature","properties":{"DESCRIPTION":"MDT_1405143.tif","FILENAME":"U:\\P589_AmazoniaRevelada_BR-319\\LiDAR_dataset\\ENTREGAS\\ENTREGA_12\\2_MDT\\GEOTIFF\\MDT_1405143.tif","SHRT_FNAME":"MDT_1405143.tif","UPPER_LEFT_X":"459959.596","UPPER_LEFT_Y":"9242870.832","LOWER_RIGHT_X":"460962.096","LOWER_RIGHT_Y":"9241868.332"},"geometry":{"type":"Polygon","coordinates":[[[-63.362400046046162,-6.849521714502332],[-63.353326678933655,-6.8495284696792],[-63.353333356611273,-6.858596930994616],[-63.362406895196322,-6.858590166791648],[-63.362400046046162,-6.849521714502332]]]}},
{"type":"Feature","properties":{"DESCRIPTION":"MDT_1405144.tif","FILENAME":"U:\\P589_AmazoniaRevelada_BR-319\\LiDAR_dataset\\ENTREGAS\\ENTREGA_12\\2_MDT\\GEOTIFF\\MDT_1405144.tif","SHRT_FNAME":"MDT_1405144.tif","UPPER_LEFT_X":"460959.596","UPPER_LEFT_Y":"9242870.832","LOWER_RIGHT_X":"461962.596","LOWER_RIGHT_Y":"9241868.332"},"geometry":{"type":"Polygon","coordinates":[[[-63.353349305795668,-6.849528453046386],[-63.344271404283695,-6.849535040627337],[-63.344277910830009,-6.858603510722696],[-63.35335598390089,-6.858596914339577],[-63.353349305795668,-6.849528453046386]]]}},
{"type":"Feature","properties":{"DESCRIPTION":"MDT_1405145.tif","FILENAME":"U:\\P589_AmazoniaRevelada_BR-319\\LiDAR_dataset\\ENTREGAS\\ENTREGA_12\\2_MDT\\GEOTIFF\\MDT_1405145.tif","SHRT_FNAME":"MDT_1405145.tif","UPPER_LEFT_X":"461960.096","UPPER_LEFT_Y":"9242870.832","LOWER_RIGHT_X":"462962.596","LOWER_RIGHT_Y":"9241868.332"},"geometry":{"type":"Polygon","coordinates":[[[-63.344294031167919,-6.849535024420766],[-63.335220646236941,-6.849541437837108],[-63.335226981736653,-6.858609916480259],[-63.344300538141844,-6.858603494494466],[-63.344294031167919,-6.849535024420766]]]}},
{"type":"Feature","properties":{"DESCRIPTION":"MDT_1405146.tif","FILENAME":"U:\\P589_AmazoniaRevelada_BR-319\\LiDAR_dataset\\ENTREGAS\\ENTREGA_12\\2_MDT\\GEOTIFF\\MDT_1405146.tif","SHRT_FNAME":"MDT_1405146.tif","UPPER_LEFT_X":"462960.096","UPPER_LEFT_Y":"9242870.832","LOWER_RIGHT_X":"463962.596","LOWER_RIGHT_Y":"9241868.332"},"geometry":{"type":"Polygon","coordinates":[[[-63.335243273142801,-6.849541422056569],[-63.326169879651523,-6.849547664634152],[-63.326176044103846,-6.858616151597397],[-63.335249609070125,-6.858609900678631],[-63.335243273142801,-6.849541422056569]]]}},
{"type":"Feature","properties":{"DESCRIPTION":"MDT_1405147.tif","FILENAME":"U:\\P589_AmazoniaRevelada_BR-319\\LiDAR_dataset\\ENTREGAS\\ENTREGA_12\\2_MDT\\GEOTIFF\\MDT_1405147.tif","SHRT_FNAME":"MDT_1405147.tif","UPPER_LEFT_X":"463960.096","UPPER_LEFT_Y":"9242870.832","LOWER_RIGHT_X":"464430.096","LOWER_RIGHT_Y":"9241868.332"},"geometry":{"type":"Polygon","coordinates":[[[-63.326192506578444,-6.849547649279644],[-63.321938643408878,-6.849550517205193],[-63.32194472789628,-6.858619007979973],[-63.326198671458386,-6.858616136222373],[-63.326192506578444,-6.849547649279644]]]}},
{"type":"Feature","properties":{"DESCRIPTION":"MDT_1406114.tif","FILENAME":"U:\\P589_AmazoniaRevelada_BR-319\\LiDAR_dataset\\ENTREGAS\\ENTREGA_12\\2_MDT\\GEOTIFF\\MDT_1406114.tif","SHRT_FNAME":"MDT_1406114.tif","UPPER_LEFT_X":"430957.191","UPPER_LEFT_Y":"9241870.704","LOWER_RIGHT_X":"431959.191","LOWER_RIGHT_Y":"9240868.704"},"geometry":{"type":"Polygon","coordinates":[[[-63.624900109550872,-6.858298780247159],[-63.615831458901667,-6.858310499464539],[-63.615843106864382,-6.867374081025091],[-63.624911929012903,-6.867362346176879],[-63.624900109550872,-6.858298780247159]]]}},
{"type":"Feature","properties":{"DESCRIPTION":"MDT_1406115.tif","FILENAME":"U:\\P589_AmazoniaRevelada_BR-319\\LiDAR_dataset\\ENTREGAS\\ENTREGA_12\\2_MDT\\GEOTIFF\\MDT_1406115.tif","SHRT_FNAME":"MDT_1406115.tif","UPPER_LEFT_X":"431957.096","UPPER_LEFT_Y":"9241870.832","LOWER_RIGHT_X":"432959.596","LOWER_RIGHT_Y":"9240868.332"},"geometry":{"type":"Polygon","coordinates":[[[-63.615850418332478,-6.858309317317461],[-63.606777226701965,-6.858320871322393],[-63.60678870916572,-6.867388991013526],[-63.615862072468239,-6.867377421590425],[-63.615850418332478,-6.858309317317461]]]}},
{"type":"Feature","properties":{"DESCRIPTION":"MDT_1406116.tif","FILENAME":"U:\\P589_AmazoniaRevelada_BR-319\\LiDAR_dataset\\ENTREGAS\\ENTREGA_12\\2_MDT\\GEOTIFF\\MDT_1406116.tif","SHRT_FNAME":"MDT_1406116.tif","UPPER_LEFT_X":"432957.096","UPPER_LEFT_Y":"9241870.832","LOWER_RIGHT_X":"433959.596","LOWER_RIGHT_Y":"9240868.332"},"geometry":{"type":"Polygon","coordinates":[[[-63.606799853134433,-6.858320842722671],[-63.597726646008994,-6.858332225694314],[-63.597737957227395,-6.867400360537218],[-63.60681133602629,-6.867388962375639],[-63.606799853134433,-6.858320842722671]]]}},
{"type":"Feature","properties":{"DESCRIPTION":"MDT_1406117.tif","FILENAME":"U:\\P589_AmazoniaRevelada_BR-319\\LiDAR_dataset\\ENTREGAS\\ENTREGA_12\\2_MDT\\GEOTIFF\\MDT_1406117.tif","SHRT_FNAME":"MDT_1406117.tif","UPPER_LEFT_X":"433957.096","UPPER_LEFT_Y":"9241870.832","LOWER_RIGHT_X":"434959.596","LOWER_RIGHT_Y":"9240868.332"},"geometry":{"type":"Polygon","coordinates":[[[-63.597749272479803,-6.858332197521112],[-63.588676050090513,-6.858343409458055],[-63.58868719006216,-6.867411559225062],[-63.59776058412632,-6.86740033232642],[-63.597749272479803,-6.858332197521112]]]}},
{"type":"Feature","properties":{"DESCRIPTION":"MDT_1406118.tif","FILENAME":"U:\\P589_AmazoniaRevelada_BR-319\\LiDAR_dataset\\ENTREGAS\\ENTREGA_12\\2_MDT\\GEOTIFF\\MDT_1406118.tif","SHRT_FNAME":"MDT_1406118.tif","UPPER_LEFT_X":"434957.096","UPPER_LEFT_Y":"9241870.832","LOWER_RIGHT_X":"435960.096","LOWER_RIGHT_Y":"9240868.332"},"geometry":{"type":"Polygon","coordinates":[[[-63.588698676599108,-6.858343381711373],[-63.579620913867885,-6.858354428076127],[-63.579631882505765,-6.867422592546861],[-63.588709816998872,-6.867411531441356],[-63.588698676599108,-6.858343381711373]]]}},
{"type":"Feature","properties":{"DESCRIPTION":"MDT_1406119.tif","FILENAME":"U:\\P589_AmazoniaRevelada_BR-319\\LiDAR_dataset\\ENTREGAS\\ENTREGA_12\\2_MDT\\GEOTIFF\\MDT_1406119.tif","SHRT_FNAME":"MDT_1406119.tif","UPPER_LEFT_X":"435957.596","UPPER_LEFT_Y":"9241870.832","LOWER_RIGHT_X":"436960.096","LOWER_RIGHT_Y":"9240868.332"},"geometry":{"type":"Polygon","coordinates":[[[-63.579643540413699,-6.858354400756184],[-63.570570288182623,-6.858365270534051],[-63.570581085570979,-6.867433449473437],[-63.579654509479688,-6.867422565190462],[-63.579643540413699,-6.858354400756184]]]}},
{"type":"Feature","properties":{"DESCRIPTION":"MDT_1406120.tif","FILENAME":"U:\\P589_AmazoniaRevelada_BR-319\\LiDAR_dataset\\ENTREGAS\\ENTREGA_12\\2_MDT\\GEOTIFF\\MDT_1406120.tif","SHRT_FNAME":"MDT_1406120.tif","UPPER_LEFT_X":"436957.596","UPPER_LEFT_Y":"9241870.832","LOWER_RIGHT_X":"437960.096","LOWER_RIGHT_Y":"9240868.332"},"geometry":{"type":"Polygon","coordinates":[[[-63.570592914765058,-6.858365243640637],[-63.561519647963507,-6.858375942379689],[-63.561530274100988,-6.867444135560055],[-63.57060371258153,-6.867433422544136],[-63.570592914765058,-6.858365243640637]]]}},
{"type":"Feature","properties":{"DESCRIPTION":"MDT_1406121.tif","FILENAME":"U:\\P589_AmazoniaRevelada_BR-319\\LiDAR_dataset\\ENTREGAS\\ENTREGA_12\\2_MDT\\GEOTIFF\\MDT_1406121.tif","SHRT_FNAME":"MDT_1406121.tif","UPPER_LEFT_X":"437957.596","UPPER_LEFT_Y":"9241870.832","LOWER_RIGHT_X":"438960.096","LOWER_RIGHT_Y":"9240868.332"},"geometry":{"type":"Polygon","coordinates":[[[-63.561542274581988,-6.858375915912807],[-63.552468993441046,-6.858386443611715],[-63.552479448326316,-6.867454650805388],[-63.561552901147593,-6.867444109057856],[-63.561542274581988,-6.858375915912807]]]}},
{"type":"Feature","properties":{"DESCRIPTION":"MDT_1406122.tif","FILENAME":"U:\\P589_AmazoniaRevelada_BR-319\\LiDAR_dataset\\ENTREGAS\\ENTREGA_12\\2_MDT\\GEOTIFF\\MDT_1406122.tif","SHRT_FNAME":"MDT_1406122.tif","UPPER_LEFT_X":"438957.596","UPPER_LEFT_Y":"9241870.832","LOWER_RIGHT_X":"439960.096","LOWER_RIGHT_Y":"9240868.332"},"geometry":{"type":"Polygon","coordinates":[[[-63.55249162009499,-6.858386417571371],[-63.54341832484576,-6.858396774228827],[-63.543428608477512,-6.86746499520813],[-63.552502075408391,-6.867454624730294],[-63.55249162009499,-6.858386417571371]]]}},
{"type":"Feature","properties":{"DESCRIPTION":"MDT_1406123.tif","FILENAME":"U:\\P589_AmazoniaRevelada_BR-319\\LiDAR_dataset\\ENTREGAS\\ENTREGA_12\\2_MDT\\GEOTIFF\\MDT_1406123.tif","SHRT_FNAME":"MDT_1406123.tif","UPPER_LEFT_X":"439957.596","UPPER_LEFT_Y":"9241870.832","LOWER_RIGHT_X":"440960.596","LOWER_RIGHT_Y":"9240868.332"},"geometry":{"type":"Polygon","coordinates":[[[-63.543440951534606,-6.85839674861502],[-63.534363117063513,-6.858406939267064],[-63.534373229354827,-6.867475173811044],[-63.543451235594482,-6.867464969560145],[-63.543440951534606,-6.85839674861502]]]}},
{"type":"Feature","properties":{"DESCRIPTION":"MDT_1406124.tif","FILENAME":"U:\\P589_AmazoniaRevelada_BR-319\\LiDAR_dataset\\ENTREGAS\\ENTREGA_12\\2_MDT\\GEOTIFF\\MDT_1406124.tif","SHRT_FNAME":"MDT_1406124.tif","UPPER_LEFT_X":"440958.096","UPPER_LEFT_Y":"9241870.832","LOWER_RIGHT_X":"441960.596","LOWER_RIGHT_Y":"9240868.332"},"geometry":{"type":"Polygon","coordinates":[[[-63.534385743786686,-6.858406914080013],[-63.525312421007357,-6.858416928565207],[-63.525322362042608,-6.86748517643935],[-63.534395856506151,-6.867475148590382],[-63.534385743786686,-6.858406914080013]]]}},
{"type":"Feature","properties":{"DESCRIPTION":"MDT_1406125.tif","FILENAME":"U:\\P589_AmazoniaRevelada_BR-319\\LiDAR_dataset\\ENTREGAS\\ENTREGA_12\\2_MDT\\GEOTIFF\\MDT_1406125.tif","SHRT_FNAME":"MDT_1406125.tif","UPPER_LEFT_X":"441958.096","UPPER_LEFT_Y":"9241870.832","LOWER_RIGHT_X":"442960.596","LOWER_RIGHT_Y":"9240868.332"},"geometry":{"type":"Polygon","coordinates":[[[-63.52533504776428,-6.858416903804702],[-63.516261711570046,-6.858426747244651],[-63.516271481347978,-6.867495008221272],[-63.525344989227676,-6.867485151645802],[-63.52533504776428,-6.858416903804702]]]}},
{"type":"Feature","properties":{"DESCRIPTION":"MDT_1406126.tif","FILENAME":"U:\\P589_AmazoniaRevelada_BR-319\\LiDAR_dataset\\ENTREGAS\\ENTREGA_12\\2_MDT\\GEOTIFF\\MDT_1406126.tif","SHRT_FNAME":"MDT_1406126.tif","UPPER_LEFT_X":"442958.096","UPPER_LEFT_Y":"9241870.832","LOWER_RIGHT_X":"443960.596","LOWER_RIGHT_Y":"9240868.332"},"geometry":{"type":"Polygon","coordinates":[[[-63.516284338360137,-6.858426722910693],[-63.507210988982095,-6.858436395304172],[-63.507220587501479,-6.867504669155592],[-63.516294108566207,-6.867494983854842],[-63.516284338360137,-6.858426722910693]]]}},
{"type":"Feature","properties":{"DESCRIPTION":"MDT_1406127.tif","FILENAME":"U:\\P589_AmazoniaRevelada_BR-319\\LiDAR_dataset\\ENTREGAS\\ENTREGA_12\\2_MDT\\GEOTIFF\\MDT_1406127.tif","SHRT_FNAME":"MDT_1406127.tif","UPPER_LEFT_X":"443958.096","UPPER_LEFT_Y":"9241870.832","LOWER_RIGHT_X":"444960.596","LOWER_RIGHT_Y":"9240868.332"},"geometry":{"type":"Polygon","coordinates":[[[-63.507233615804765,-6.858436371396766],[-63.498160253474019,-6.858445872742576],[-63.498169680733668,-6.867514159241109],[-63.507243214752307,-6.867504645216283],[-63.507233615804765,-6.858436371396766]]]}},
{"type":"Feature","properties":{"DESCRIPTION":"MDT_1406128.tif","FILENAME":"U:\\P589_AmazoniaRevelada_BR-319\\LiDAR_dataset\\ENTREGAS\\ENTREGA_12\\2_MDT\\GEOTIFF\\MDT_1406128.tif","SHRT_FNAME":"MDT_1406128.tif","UPPER_LEFT_X":"444958.096","UPPER_LEFT_Y":"9241870.832","LOWER_RIGHT_X":"445961.096","LOWER_RIGHT_Y":"9240868.332"},"geometry":{"type":"Polygon","coordinates":[[[-63.498182880328699,-6.858445849261722],[-63.489104979899118,-6.858455184169413],[-63.489114235812202,-6.867523483093528],[-63.498192308016499,-6.867514135728922],[-63.498182880328699,-6.858445849261722]]]}},
{"type":"Feature","properties":{"DESCRIPTION":"MDT_1406129.tif","FILENAME":"U:\\P589_AmazoniaRevelada_BR-319\\LiDAR_dataset\\ENTREGAS\\ENTREGA_12\\2_MDT\\GEOTIFF\\MDT_1406129.tif","SHRT_FNAME":"MDT_1406129.tif","UPPER_LEFT_X":"445958.596","UPPER_LEFT_Y":"9241870.832","LOWER_RIGHT_X":"446961.096","LOWER_RIGHT_Y":"9240868.332"},"geometry":{"type":"Polygon","coordinates":[[[-63.48912760678526,-6.85845516111533],[-63.480054219236202,-6.858464320276756],[-63.480063303887206,-6.867532631392499],[-63.489136863126504,-6.867523460008683],[-63.48912760678526,-6.85845516111533]]]}},
{"type":"Feature","properties":{"DESCRIPTION":"MDT_1406130.tif","FILENAME":"U:\\P589_AmazoniaRevelada_BR-319\\LiDAR_dataset\\ENTREGAS\\ENTREGA_12\\2_MDT\\GEOTIFF\\MDT_1406130.tif","SHRT_FNAME":"MDT_1406130.tif","UPPER_LEFT_X":"446958.596","UPPER_LEFT_Y":"9241870.832","LOWER_RIGHT_X":"447961.096","LOWER_RIGHT_Y":"9240868.332"},"geometry":{"type":"Polygon","coordinates":[[[-63.480076846153196,-6.858464297649236],[-63.471003446344852,-6.858473285759513],[-63.471012359732633,-6.867541608839196],[-63.480085931232352,-6.867532608734783],[-63.480076846153196,-6.858464297649236]]]}},
{"type":"Feature","properties":{"DESCRIPTION":"MDT_1406131.tif","FILENAME":"U:\\P589_AmazoniaRevelada_BR-319\\LiDAR_dataset\\ENTREGAS\\ENTREGA_12\\2_MDT\\GEOTIFF\\MDT_1406131.tif","SHRT_FNAME":"MDT_1406131.tif","UPPER_LEFT_X":"447958.596","UPPER_LEFT_Y":"9241870.832","LOWER_RIGHT_X":"448961.096","LOWER_RIGHT_Y":"9240868.332"},"geometry":{"type":"Polygon","coordinates":[[[-63.471026073292137,-6.858473263558555],[-63.461952661455612,-6.85848208061657],[-63.461961403579046,-6.867550415432502],[-63.471034987108069,-6.867541586608612],[-63.471026073292137,-6.858473263558555]]]}},
{"type":"Feature","properties":{"DESCRIPTION":"MDT_1406132.tif","FILENAME":"U:\\P589_AmazoniaRevelada_BR-319\\LiDAR_dataset\\ENTREGAS\\ENTREGA_12\\2_MDT\\GEOTIFF\\MDT_1406132.tif","SHRT_FNAME":"MDT_1406132.tif","UPPER_LEFT_X":"448958.596","UPPER_LEFT_Y":"9241870.832","LOWER_RIGHT_X":"449961.096","LOWER_RIGHT_Y":"9240868.332"},"geometry":{"type":"Polygon","coordinates":[[[-63.461975288432605,-6.858482058842177],[-63.452901864798996,-6.858490704846833],[-63.452910435657003,-6.867559051171321],[-63.461984030984205,-6.867550393629051],[-63.461975288432605,-6.858482058842177]]]}},
{"type":"Feature","properties":{"DESCRIPTION":"MDT_1406133.tif","FILENAME":"U:\\P589_AmazoniaRevelada_BR-319\\LiDAR_dataset\\ENTREGAS\\ENTREGA_12\\2_MDT\\GEOTIFF\\MDT_1406133.tif","SHRT_FNAME":"MDT_1406133.tif","UPPER_LEFT_X":"449958.596","UPPER_LEFT_Y":"9241870.832","LOWER_RIGHT_X":"450961.096","LOWER_RIGHT_Y":"9240868.332"},"geometry":{"type":"Polygon","coordinates":[[[-63.452924491805121,-6.858490683499009],[-63.443851056605538,-6.858499158449233],[-63.443859456197039,-6.867567516054588],[-63.45293306309128,-6.86755902979501],[-63.452924491805121,-6.858490683499009]]]}},
{"type":"Feature","properties":{"DESCRIPTION":"MDT_1406134.tif","FILENAME":"U:\\P589_AmazoniaRevelada_BR-319\\LiDAR_dataset\\ENTREGAS\\ENTREGA_12\\2_MDT\\GEOTIFF\\MDT_1406134.tif","SHRT_FNAME":"MDT_1406134.tif","UPPER_LEFT_X":"450958.596","UPPER_LEFT_Y":"9241870.832","LOWER_RIGHT_X":"451961.596","LOWER_RIGHT_Y":"9240868.332"},"geometry":{"type":"Polygon","coordinates":[[[-63.443873683640213,-6.858499137527981],[-63.434795711693248,-6.858507445521529],[-63.434803939931534,-6.867575814185522],[-63.443882083659879,-6.867567495105416],[-63.443873683640213,-6.858499137527981]]]}},
{"type":"Feature","properties":{"DESCRIPTION":"MDT_1406135.tif","FILENAME":"U:\\P589_AmazoniaRevelada_BR-319\\LiDAR_dataset\\ENTREGAS\\ENTREGA_12\\2_MDT\\GEOTIFF\\MDT_1406135.tif","SHRT_FNAME":"MDT_1406135.tif","UPPER_LEFT_X":"451959.096","UPPER_LEFT_Y":"9241870.832","LOWER_RIGHT_X":"452961.596","LOWER_RIGHT_Y":"9240868.332"},"geometry":{"type":"Polygon","coordinates":[[[-63.43481833875591,-6.858507425027062],[-63.42574488111223,-6.858515557779759],[-63.425752938081942,-6.867583937269113],[-63.434826567422377,-6.867575793663707],[-63.43481833875591,-6.858507425027062]]]}},
{"type":"Feature","properties":{"DESCRIPTION":"MDT_1406136.tif","FILENAME":"U:\\P589_AmazoniaRevelada_BR-319\\LiDAR_dataset\\ENTREGAS\\ENTREGA_12\\2_MDT\\GEOTIFF\\MDT_1406136.tif","SHRT_FNAME":"MDT_1406136.tif","UPPER_LEFT_X":"452959.096","UPPER_LEFT_Y":"9241870.832","LOWER_RIGHT_X":"453961.596","LOWER_RIGHT_Y":"9240868.332"},"geometry":{"type":"Polygon","coordinates":[[[-63.425767508202298,-6.858515537711869],[-63.416694039686099,-6.858523499407038],[-63.416701925386199,-6.867591889494054],[-63.425775565600176,-6.867583917174443],[-63.425767508202298,-6.858515537711869]]]}},
{"type":"Feature","properties":{"DESCRIPTION":"MDT_1406137.tif","FILENAME":"U:\\P589_AmazoniaRevelada_BR-319\\LiDAR_dataset\\ENTREGAS\\ENTREGA_12\\2_MDT\\GEOTIFF\\MDT_1406137.tif","SHRT_FNAME":"MDT_1406137.tif","UPPER_LEFT_X":"453959.096","UPPER_LEFT_Y":"9241870.832","LOWER_RIGHT_X":"454961.596","LOWER_RIGHT_Y":"9240868.332"},"geometry":{"type":"Polygon","coordinates":[[[-63.416716666802998,-6.858523479765727],[-63.407643187645391,-6.858531270402382],[-63.407650902074906,-6.867599670859363],[-63.416724552931271,-6.867591869826533],[-63.416716666802998,-6.858523479765727]]]}},
{"type":"Feature","properties":{"DESCRIPTION":"MDT_1406138.tif","FILENAME":"U:\\P589_AmazoniaRevelada_BR-319\\LiDAR_dataset\\ENTREGAS\\ENTREGA_12\\2_MDT\\GEOTIFF\\MDT_1406138.tif","SHRT_FNAME":"MDT_1406138.tif","UPPER_LEFT_X":"454959.096","UPPER_LEFT_Y":"9241870.832","LOWER_RIGHT_X":"455961.596","LOWER_RIGHT_Y":"9240868.332"},"geometry":{"type":"Polygon","coordinates":[[[-63.407665814788537,-6.85853125118765],[-63.39859232522064,-6.858538870764824],[-63.398599868378597,-6.867607281364069],[-63.407673529646232,-6.867599651618991],[-63.407665814788537,-6.85853125118765]]]}},
{"type":"Feature","properties":{"DESCRIPTION":"MDT_1406139.tif","FILENAME":"U:\\P589_AmazoniaRevelada_BR-319\\LiDAR_dataset\\ENTREGAS\\ENTREGA_12\\2_MDT\\GEOTIFF\\MDT_1406139.tif","SHRT_FNAME":"MDT_1406139.tif","UPPER_LEFT_X":"455959.096","UPPER_LEFT_Y":"9241870.832","LOWER_RIGHT_X":"456962.096","LOWER_RIGHT_Y":"9240868.332"},"geometry":{"type":"Polygon","coordinates":[[[-63.398614952389458,-6.858538851976676],[-63.389536927203594,-6.858546304165604],[-63.389544299003404,-6.867614724684313],[-63.398622495975594,-6.86760726255085],[-63.398614952389458,-6.858538851976676]]]}},
{"type":"Feature","properties":{"DESCRIPTION":"MDT_1406140.tif","FILENAME":"U:\\P589_AmazoniaRevelada_BR-319\\LiDAR_dataset\\ENTREGAS\\ENTREGA_12\\2_MDT\\GEOTIFF\\MDT_1406140.tif","SHRT_FNAME":"MDT_1406140.tif","UPPER_LEFT_X":"456959.596","UPPER_LEFT_Y":"9241870.832","LOWER_RIGHT_X":"457962.096","LOWER_RIGHT_Y":"9240868.332"},"geometry":{"type":"Polygon","coordinates":[[[-63.389559554397515,-6.858546285804255],[-63.38048604469747,-6.858553563174115],[-63.38049324522386,-6.867621993379571],[-63.389566926625513,-6.867614706298463],[-63.389559554397515,-6.858546285804255]]]}},
{"type":"Feature","properties":{"DESCRIPTION":"MDT_1406141.tif","FILENAME":"U:\\P589_AmazoniaRevelada_BR-319\\LiDAR_dataset\\ENTREGAS\\ENTREGA_12\\2_MDT\\GEOTIFF\\MDT_1406141.tif","SHRT_FNAME":"MDT_1406141.tif","UPPER_LEFT_X":"457959.596","UPPER_LEFT_Y":"9241870.832","LOWER_RIGHT_X":"458962.096","LOWER_RIGHT_Y":"9240868.332"},"geometry":{"type":"Polygon","coordinates":[[[-63.380508671915919,-6.858553545239355],[-63.371435152499039,-6.858560651546955],[-63.3714421817511,-6.867629091211457],[-63.38051587287049,-6.867621975420878],[-63.380508671915919,-6.858553545239355]]]}},
{"type":"Feature","properties":{"DESCRIPTION":"MDT_1406142.tif","FILENAME":"U:\\P589_AmazoniaRevelada_BR-319\\LiDAR_dataset\\ENTREGAS\\ENTREGA_12\\2_MDT\\GEOTIFF\\MDT_1406142.tif","SHRT_FNAME":"MDT_1406142.tif","UPPER_LEFT_X":"458959.596","UPPER_LEFT_Y":"9241870.832","LOWER_RIGHT_X":"459962.096","LOWER_RIGHT_Y":"9240868.332"},"geometry":{"type":"Polygon","coordinates":[[[-63.371457779741426,-6.858560634038785],[-63.362384250838865,-6.858567569283246],[-63.362391108815714,-6.867636018179085],[-63.371464809421681,-6.867629073679922],[-63.371457779741426,-6.858560634038785]]]}},
{"type":"Feature","properties":{"DESCRIPTION":"MDT_1406143.tif","FILENAME":"U:\\P589_AmazoniaRevelada_BR-319\\LiDAR_dataset\\ENTREGAS\\ENTREGA_12\\2_MDT\\GEOTIFF\\MDT_1406143.tif","SHRT_FNAME":"MDT_1406143.tif","UPPER_LEFT_X":"459959.596","UPPER_LEFT_Y":"9241870.832","LOWER_RIGHT_X":"460962.096","LOWER_RIGHT_Y":"9240868.332"},"geometry":{"type":"Polygon","coordinates":[[[-63.362406878104608,-6.858567552201667],[-63.353333339947454,-6.858574316382126],[-63.35334002664824,-6.867642774281598],[-63.362413736509652,-6.867636001074714],[-63.362406878104608,-6.858567552201667]]]}},
{"type":"Feature","properties":{"DESCRIPTION":"MDT_1406144.tif","FILENAME":"U:\\P589_AmazoniaRevelada_BR-319\\LiDAR_dataset\\ENTREGAS\\ENTREGA_12\\2_MDT\\GEOTIFF\\MDT_1406144.tif","SHRT_FNAME":"MDT_1406144.tif","UPPER_LEFT_X":"460959.596","UPPER_LEFT_Y":"9241870.832","LOWER_RIGHT_X":"461962.596","LOWER_RIGHT_Y":"9240868.332"},"geometry":{"type":"Polygon","coordinates":[[[-63.353355967236006,-6.858574299727143],[-63.344277894593233,-6.858580896088308],[-63.344284409931475,-6.867649362768036],[-63.353362654364979,-6.86764275760439],[-63.353355967236006,-6.858574299727143]]]}},
{"type":"Feature","properties":{"DESCRIPTION":"MDT_1406145.tif","FILENAME":"U:\\P589_AmazoniaRevelada_BR-319\\LiDAR_dataset\\ENTREGAS\\ENTREGA_12\\2_MDT\\GEOTIFF\\MDT_1406145.tif","SHRT_FNAME":"MDT_1406145.tif","UPPER_LEFT_X":"461960.096","UPPER_LEFT_Y":"9241870.832","LOWER_RIGHT_X":"462962.596","LOWER_RIGHT_Y":"9240868.332"},"geometry":{"type":"Polygon","coordinates":[[[-63.34430052190401,-6.858580879860136],[-63.335226965926729,-6.858587301824557],[-63.335233309987238,-6.867655777052389],[-63.34430703767044,-6.867649346518208],[-63.34430052190401,-6.858580879860136]]]}},
{"type":"Feature","properties":{"DESCRIPTION":"MDT_1406146.tif","FILENAME":"U:\\P589_AmazoniaRevelada_BR-319\\LiDAR_dataset\\ENTREGAS\\ENTREGA_12\\2_MDT\\GEOTIFF\\MDT_1406146.tif","SHRT_FNAME":"MDT_1406146.tif","UPPER_LEFT_X":"462960.096","UPPER_LEFT_Y":"9241870.832","LOWER_RIGHT_X":"463962.596","LOWER_RIGHT_Y":"9240868.332"},"geometry":{"type":"Polygon","coordinates":[[[-63.335249593259142,-6.858587286022984],[-63.326176028720766,-6.858593536920946],[-63.326182201502753,-6.867662020469173],[-63.335255937747839,-6.867655761229729],[-63.335249593259142,-6.858587286022984]]]}},
{"type":"Feature","properties":{"DESCRIPTION":"MDT_1406147.tif","FILENAME":"U:\\P589_AmazoniaRevelada_BR-319\\LiDAR_dataset\\ENTREGAS\\ENTREGA_12\\2_MDT\\GEOTIFF\\MDT_1406147.tif","SHRT_FNAME":"MDT_1406147.tif","UPPER_LEFT_X":"463960.096","UPPER_LEFT_Y":"9241870.832","LOWER_RIGHT_X":"464430.096","LOWER_RIGHT_Y":"9240868.332"},"geometry":{"type":"Polygon","coordinates":[[[-63.326198656074233,-6.858593521545973],[-63.321944712712749,-6.858596393294018],[-63.321950805421764,-6.867664880653916],[-63.326204829284428,-6.867662005073681],[-63.326198656074233,-6.858593521545973]]]}},
{"type":"Feature","properties":{"DESCRIPTION":"MDT_1407114.tif","FILENAME":"U:\\P589_AmazoniaRevelada_BR-319\\LiDAR_dataset\\ENTREGAS\\ENTREGA_12\\2_MDT\\GEOTIFF\\MDT_1407114.tif","SHRT_FNAME":"MDT_1407114.tif","UPPER_LEFT_X":"430957.191","UPPER_LEFT_Y":"9240870.829","LOWER_RIGHT_X":"431959.191","LOWER_RIGHT_Y":"9239868.829"},"geometry":{"type":"Polygon","coordinates":[[[-63.624911903929764,-6.867343124546185],[-63.615843082145204,-6.867354859361244],[-63.615854745825381,-6.876418437490787],[-63.624923739340673,-6.876406687044327],[-63.624911903929764,-6.867343124546185]]]}},
{"type":"Feature","properties":{"DESCRIPTION":"MDT_1407115.tif","FILENAME":"U:\\P589_AmazoniaRevelada_BR-319\\LiDAR_dataset\\ENTREGAS\\ENTREGA_12\\2_MDT\\GEOTIFF\\MDT_1407115.tif","SHRT_FNAME":"MDT_1407115.tif","UPPER_LEFT_X":"431957.096","UPPER_LEFT_Y":"9240870.832","LOWER_RIGHT_X":"432959.596","LOWER_RIGHT_Y":"9239868.832"},"geometry":{"type":"Polygon","coordinates":[[[-63.615862043385945,-6.867354807868337],[-63.606788680511819,-6.867366377252986],[-63.606800172733116,-6.876429970761133],[-63.615873707425131,-6.876418385965446],[-63.615862043385945,-6.867354807868337]]]}},
{"type":"Feature","properties":{"DESCRIPTION":"MDT_1407116.tif","FILENAME":"U:\\P589_AmazoniaRevelada_BR-319\\LiDAR_dataset\\ENTREGAS\\ENTREGA_12\\2_MDT\\GEOTIFF\\MDT_1407116.tif","SHRT_FNAME":"MDT_1407116.tif","UPPER_LEFT_X":"432957.096","UPPER_LEFT_Y":"9240870.832","LOWER_RIGHT_X":"433959.596","LOWER_RIGHT_Y":"9239868.832"},"geometry":{"type":"Polygon","coordinates":[[[-63.606811307371323,-6.867366348615196],[-63.597737929000836,-6.867377746738894],[-63.597749249831281,-6.8764413553918],[-63.606822800021092,-6.876429942085193],[-63.606811307371323,-6.867366348615196]]]}},
{"type":"Feature","properties":{"DESCRIPTION":"MDT_1407117.tif","FILENAME":"U:\\P589_AmazoniaRevelada_BR-319\\LiDAR_dataset\\ENTREGAS\\ENTREGA_12\\2_MDT\\GEOTIFF\\MDT_1407117.tif","SHRT_FNAME":"MDT_1407117.tif","UPPER_LEFT_X":"433957.096","UPPER_LEFT_Y":"9240870.832","LOWER_RIGHT_X":"434959.596","LOWER_RIGHT_Y":"9239868.832"},"geometry":{"type":"Polygon","coordinates":[[[-63.597760555898695,-6.86737771852819],[-63.588687162262943,-6.86738894538952],[-63.588698311701123,-6.876452568959627],[-63.597771877157619,-6.876441327143517],[-63.597760555898695,-6.86737771852819]]]}},
{"type":"Feature","properties":{"DESCRIPTION":"MDT_1407118.tif","FILENAME":"U:\\P589_AmazoniaRevelada_BR-319\\LiDAR_dataset\\ENTREGAS\\ENTREGA_12\\2_MDT\\GEOTIFF\\MDT_1407118.tif","SHRT_FNAME":"MDT_1407118.tif","UPPER_LEFT_X":"434957.096","UPPER_LEFT_Y":"9240870.832","LOWER_RIGHT_X":"435960.096","LOWER_RIGHT_Y":"9239868.832"},"geometry":{"type":"Polygon","coordinates":[[[-63.588709789198589,-6.867388917605906],[-63.579631855134103,-6.867399978674652],[-63.579642833092905,-6.876463616941682],[-63.588720939065233,-6.876452541139003],[-63.588709789198589,-6.867388917605906]]]}},
{"type":"Feature","properties":{"DESCRIPTION":"MDT_1407119.tif","FILENAME":"U:\\P589_AmazoniaRevelada_BR-319\\LiDAR_dataset\\ENTREGAS\\ENTREGA_12\\2_MDT\\GEOTIFF\\MDT_1407119.tif","SHRT_FNAME":"MDT_1407119.tif","UPPER_LEFT_X":"435957.596","UPPER_LEFT_Y":"9240870.832","LOWER_RIGHT_X":"436960.096","LOWER_RIGHT_Y":"9239868.832"},"geometry":{"type":"Polygon","coordinates":[[[-63.57965448210696,-6.867399951318344],[-63.570581058626651,-6.867410835565146],[-63.570591865190408,-6.876474488294134],[-63.57966546049424,-6.876463589548934],[-63.57965448210696,-6.867399951318344]]]}},
{"type":"Feature","properties":{"DESCRIPTION":"MDT_1407120.tif","FILENAME":"U:\\P589_AmazoniaRevelada_BR-319\\LiDAR_dataset\\ENTREGAS\\ENTREGA_12\\2_MDT\\GEOTIFF\\MDT_1407120.tif","SHRT_FNAME":"MDT_1407120.tif","UPPER_LEFT_X":"436957.596","UPPER_LEFT_Y":"9240870.832","LOWER_RIGHT_X":"437960.096","LOWER_RIGHT_Y":"9239868.832"},"geometry":{"type":"Polygon","coordinates":[[[-63.570603685636137,-6.867410808635935],[-63.561530247584002,-6.86742152161625],[-63.561540882751373,-6.876485188579631],[-63.570614492628394,-6.876474461329052],[-63.570603685636137,-6.867410808635935]]]}},
{"type":"Feature","properties":{"DESCRIPTION":"MDT_1407121.tif","FILENAME":"U:\\P589_AmazoniaRevelada_BR-319\\LiDAR_dataset\\ENTREGAS\\ENTREGA_12\\2_MDT\\GEOTIFF\\MDT_1407121.tif","SHRT_FNAME":"MDT_1407121.tif","UPPER_LEFT_X":"437957.596","UPPER_LEFT_Y":"9240870.832","LOWER_RIGHT_X":"438960.096","LOWER_RIGHT_Y":"9239868.832"},"geometry":{"type":"Polygon","coordinates":[[[-63.561552874629541,-6.86742149511414],[-63.552479422236694,-6.867432036826637],[-63.552489886006313,-6.876495717796842],[-63.561563510225398,-6.876485162042218],[-63.561552874629541,-6.86742149511414]]]}},
{"type":"Feature","properties":{"DESCRIPTION":"MDT_1407122.tif","FILENAME":"U:\\P589_AmazoniaRevelada_BR-319\\LiDAR_dataset\\ENTREGAS\\ENTREGA_12\\2_MDT\\GEOTIFF\\MDT_1407122.tif","SHRT_FNAME":"MDT_1407122.tif","UPPER_LEFT_X":"438957.596","UPPER_LEFT_Y":"9240870.832","LOWER_RIGHT_X":"439960.096","LOWER_RIGHT_Y":"9239868.832"},"geometry":{"type":"Polygon","coordinates":[[[-63.552502049317702,-6.86743201075163],[-63.543428582815245,-6.867442381195001],[-63.543438875185828,-6.876506075944458],[-63.552512513515836,-6.8764956916871],[-63.552502049317702,-6.86743201075163]]]}},
{"type":"Feature","properties":{"DESCRIPTION":"MDT_1407123.tif","FILENAME":"U:\\P589_AmazoniaRevelada_BR-319\\LiDAR_dataset\\ENTREGAS\\ENTREGA_12\\2_MDT\\GEOTIFF\\MDT_1407123.tif","SHRT_FNAME":"MDT_1407123.tif","UPPER_LEFT_X":"439957.596","UPPER_LEFT_Y":"9240870.832","LOWER_RIGHT_X":"440960.596","LOWER_RIGHT_Y":"9239868.832"},"geometry":{"type":"Polygon","coordinates":[[[-63.543451209931149,-6.867442355547099],[-63.534373204120129,-6.867452559764086],[-63.534383325004683,-6.876516268071945],[-63.543461502730231,-6.876506050262394],[-63.543451209931149,-6.867442355547099]]]}},
{"type":"Feature","properties":{"DESCRIPTION":"MDT_1407124.tif","FILENAME":"U:\\P589_AmazoniaRevelada_BR-319\\LiDAR_dataset\\ENTREGAS\\ENTREGA_12\\2_MDT\\GEOTIFF\\MDT_1407124.tif","SHRT_FNAME":"MDT_1407124.tif","UPPER_LEFT_X":"440958.096","UPPER_LEFT_Y":"9240870.832","LOWER_RIGHT_X":"441960.596","LOWER_RIGHT_Y":"9239868.832"},"geometry":{"type":"Polygon","coordinates":[[[-63.534395831270388,-6.867452534543508],[-63.525322337235274,-6.867462562359147],[-63.525332286718218,-6.876526283991002],[-63.534405952583434,-6.876516242817773],[-63.534395831270388,-6.867452534543508]]]}},
{"type":"Feature","properties":{"DESCRIPTION":"MDT_1407125.tif","FILENAME":"U:\\P589_AmazoniaRevelada_BR-319\\LiDAR_dataset\\ENTREGAS\\ENTREGA_12\\2_MDT\\GEOTIFF\\MDT_1407125.tif","SHRT_FNAME":"MDT_1407125.tif","UPPER_LEFT_X":"441958.096","UPPER_LEFT_Y":"9240870.832","LOWER_RIGHT_X":"442960.596","LOWER_RIGHT_Y":"9239868.832"},"geometry":{"type":"Polygon","coordinates":[[[-63.525344964419268,-6.867462537565681],[-63.516271456968006,-6.867472394108395],[-63.516281235048098,-6.876536128836669],[-63.525354914330727,-6.87652625916451],[-63.525344964419268,-6.867462537565681]]]}},
{"type":"Feature","properties":{"DESCRIPTION":"MDT_1407126.tif","FILENAME":"U:\\P589_AmazoniaRevelada_BR-319\\LiDAR_dataset\\ENTREGAS\\ENTREGA_12\\2_MDT\\GEOTIFF\\MDT_1407126.tif","SHRT_FNAME":"MDT_1407126.tif","UPPER_LEFT_X":"442958.096","UPPER_LEFT_Y":"9240870.832","LOWER_RIGHT_X":"443960.596","LOWER_RIGHT_Y":"9239868.832"},"geometry":{"type":"Polygon","coordinates":[[[-63.516294084185169,-6.867472369742046],[-63.507220563548877,-6.867482055010607],[-63.507230170224894,-6.876545802607723],[-63.516303862693775,-6.876536104437862],[-63.516294084185169,-6.867472369742046]]]}},
{"type":"Feature","properties":{"DESCRIPTION":"MDT_1407127.tif","FILENAME":"U:\\P589_AmazoniaRevelada_BR-319\\LiDAR_dataset\\ENTREGAS\\ENTREGA_12\\2_MDT\\GEOTIFF\\MDT_1407127.tif","SHRT_FNAME":"MDT_1407127.tif","UPPER_LEFT_X":"443958.096","UPPER_LEFT_Y":"9240870.832","LOWER_RIGHT_X":"444960.596","LOWER_RIGHT_Y":"9239868.832"},"geometry":{"type":"Polygon","coordinates":[[[-63.507243190798633,-6.867482031071377],[-63.498169657208429,-6.867491545064585],[-63.498179092479177,-6.876555305302965],[-63.507252797903178,-6.876545778636605],[-63.507243190798633,-6.867482031071377]]]}},
{"type":"Feature","properties":{"DESCRIPTION":"MDT_1407128.tif","FILENAME":"U:\\P589_AmazoniaRevelada_BR-319\\LiDAR_dataset\\ENTREGAS\\ENTREGA_12\\2_MDT\\GEOTIFF\\MDT_1407128.tif","SHRT_FNAME":"MDT_1407128.tif","UPPER_LEFT_X":"444958.096","UPPER_LEFT_Y":"9240870.832","LOWER_RIGHT_X":"445961.096","LOWER_RIGHT_Y":"9239868.832"},"geometry":{"type":"Polygon","coordinates":[[[-63.498192284490194,-6.867491521552477],[-63.489114212714547,-6.867500868886017],[-63.489123476493134,-6.876564641544229],[-63.498201720189464,-6.876555281759536],[-63.498192284490194,-6.867491521552477]]]}},
{"type":"Feature","properties":{"DESCRIPTION":"MDT_1407129.tif","FILENAME":"U:\\P589_AmazoniaRevelada_BR-319\\LiDAR_dataset\\ENTREGAS\\ENTREGA_12\\2_MDT\\GEOTIFF\\MDT_1407129.tif","SHRT_FNAME":"MDT_1407129.tif","UPPER_LEFT_X":"445958.596","UPPER_LEFT_Y":"9240870.832","LOWER_RIGHT_X":"446961.096","LOWER_RIGHT_Y":"9239868.832"},"geometry":{"type":"Polygon","coordinates":[[[-63.489136840027776,-6.867500845801249],[-63.480063281216928,-6.867510017154585],[-63.480072373587888,-6.876573801998785],[-63.489146104234884,-6.87656461842871],[-63.489136840027776,-6.867500845801249]]]}},
{"type":"Feature","properties":{"DESCRIPTION":"MDT_1407130.tif","FILENAME":"U:\\P589_AmazoniaRevelada_BR-319\\LiDAR_dataset\\ENTREGAS\\ENTREGA_12\\2_MDT\\GEOTIFF\\MDT_1407130.tif","SHRT_FNAME":"MDT_1407130.tif","UPPER_LEFT_X":"446958.596","UPPER_LEFT_Y":"9240870.832","LOWER_RIGHT_X":"447961.096","LOWER_RIGHT_Y":"9239868.832"},"geometry":{"type":"Polygon","coordinates":[[[-63.480085908561016,-6.867509994496944],[-63.471012337489725,-6.867518994571446],[-63.471021258451934,-6.876582791374051],[-63.480095001360503,-6.876573779310963],[-63.480085908561016,-6.867509994496944]]]}},
{"type":"Feature","properties":{"DESCRIPTION":"MDT_1407131.tif","FILENAME":"U:\\P589_AmazoniaRevelada_BR-319\\LiDAR_dataset\\ENTREGAS\\ENTREGA_12\\2_MDT\\GEOTIFF\\MDT_1407131.tif","SHRT_FNAME":"MDT_1407131.tif","UPPER_LEFT_X":"447958.596","UPPER_LEFT_Y":"9240870.832","LOWER_RIGHT_X":"448961.096","LOWER_RIGHT_Y":"9239868.832"},"geometry":{"type":"Polygon","coordinates":[[[-63.47103496486411,-6.867518972340934],[-63.46196138176353,-6.867527801135483],[-63.461970131315866,-6.876591609668909],[-63.47104388625484,-6.876582769113927],[-63.47103496486411,-6.867518972340934]]]}},
{"type":"Feature","properties":{"DESCRIPTION":"MDT_1407132.tif","FILENAME":"U:\\P589_AmazoniaRevelada_BR-319\\LiDAR_dataset\\ENTREGAS\\ENTREGA_12\\2_MDT\\GEOTIFF\\MDT_1407132.tif","SHRT_FNAME":"MDT_1407132.tif","UPPER_LEFT_X":"448958.596","UPPER_LEFT_Y":"9240870.832","LOWER_RIGHT_X":"449961.096","LOWER_RIGHT_Y":"9239868.832"},"geometry":{"type":"Polygon","coordinates":[[[-63.461984009167608,-6.867527779332107],[-63.452910414268864,-6.867536436845604],[-63.452918992410218,-6.876600256882263],[-63.46199275914848,-6.876591587836488],[-63.461984009167608,-6.867527779332107]]]}},
{"type":"Feature","properties":{"DESCRIPTION":"MDT_1407133.tif","FILENAME":"U:\\P589_AmazoniaRevelada_BR-319\\LiDAR_dataset\\ENTREGAS\\ENTREGA_12\\2_MDT\\GEOTIFF\\MDT_1407133.tif","SHRT_FNAME":"MDT_1407133.tif","UPPER_LEFT_X":"449958.596","UPPER_LEFT_Y":"9240870.832","LOWER_RIGHT_X":"450961.096","LOWER_RIGHT_Y":"9239868.832"},"geometry":{"type":"Polygon","coordinates":[[[-63.452933041702074,-6.867536415469363],[-63.443859435236291,-6.867544901700737],[-63.443867841965591,-6.876608733013041],[-63.452941620271979,-6.876600235477548],[-63.452933041702074,-6.867536415469363]]]}},
{"type":"Feature","properties":{"DESCRIPTION":"MDT_1407134.tif","FILENAME":"U:\\P589_AmazoniaRevelada_BR-319\\LiDAR_dataset\\ENTREGAS\\ENTREGA_12\\2_MDT\\GEOTIFF\\MDT_1407134.tif","SHRT_FNAME":"MDT_1407134.tif","UPPER_LEFT_X":"450958.596","UPPER_LEFT_Y":"9240870.832","LOWER_RIGHT_X":"451961.596","LOWER_RIGHT_Y":"9239868.832"},"geometry":{"type":"Polygon","coordinates":[[[-63.443882062698066,-6.867544880751635],[-63.434803919398398,-6.867553199804093],[-63.434812154628894,-6.876617042169921],[-63.443890469855901,-6.876608712036034],[-63.443882062698066,-6.867544880751635]]]}},
{"type":"Feature","properties":{"DESCRIPTION":"MDT_1407135.tif","FILENAME":"U:\\P589_AmazoniaRevelada_BR-319\\LiDAR_dataset\\ENTREGAS\\ENTREGA_12\\2_MDT\\GEOTIFF\\MDT_1407135.tif","SHRT_FNAME":"MDT_1407135.tif","UPPER_LEFT_X":"451959.096","UPPER_LEFT_Y":"9240870.832","LOWER_RIGHT_X":"452961.596","LOWER_RIGHT_Y":"9239868.832"},"geometry":{"type":"Polygon","coordinates":[[[-63.434826546888168,-6.867553179282346],[-63.425752917976176,-6.867561322860687],[-63.42576098179255,-6.876625176046868],[-63.434834782547199,-6.876617021620837],[-63.434826546888168,-6.867553179282346]]]}},
{"type":"Feature","properties":{"DESCRIPTION":"MDT_1407136.tif","FILENAME":"U:\\P589_AmazoniaRevelada_BR-319\\LiDAR_dataset\\ENTREGAS\\ENTREGA_12\\2_MDT\\GEOTIFF\\MDT_1407136.tif","SHRT_FNAME":"MDT_1407136.tif","UPPER_LEFT_X":"452959.096","UPPER_LEFT_Y":"9240870.832","LOWER_RIGHT_X":"453961.596","LOWER_RIGHT_Y":"9239868.832"},"geometry":{"type":"Polygon","coordinates":[[[-63.425775545493359,-6.867561302766084],[-63.416701905707853,-6.867569275059203],[-63.416709798109068,-6.876633138838142],[-63.425783609738261,-6.876625155925497],[-63.425775545493359,-6.867561302766084]]]}},
{"type":"Feature","properties":{"DESCRIPTION":"MDT_1407137.tif","FILENAME":"U:\\P589_AmazoniaRevelada_BR-319\\LiDAR_dataset\\ENTREGAS\\ENTREGA_12\\2_MDT\\GEOTIFF\\MDT_1407137.tif","SHRT_FNAME":"MDT_1407137.tif","UPPER_LEFT_X":"453959.096","UPPER_LEFT_Y":"9240870.832","LOWER_RIGHT_X":"454961.596","LOWER_RIGHT_Y":"9239868.832"},"geometry":{"type":"Polygon","coordinates":[[[-63.416724533251845,-6.867569255391745],[-63.407650882823937,-6.867577056398648],[-63.407658603809033,-6.876640930542756],[-63.416732426081609,-6.876633119144487],[-63.416724533251845,-6.867569255391745]]]}},
{"type":"Feature","properties":{"DESCRIPTION":"MDT_1407138.tif","FILENAME":"U:\\P589_AmazoniaRevelada_BR-319\\LiDAR_dataset\\ENTREGAS\\ENTREGA_12\\2_MDT\\GEOTIFF\\MDT_1407138.tif","SHRT_FNAME":"MDT_1407138.tif","UPPER_LEFT_X":"454959.096","UPPER_LEFT_Y":"9240870.832","LOWER_RIGHT_X":"455961.596","LOWER_RIGHT_Y":"9239868.832"},"geometry":{"type":"Polygon","coordinates":[[[-63.40767351039419,-6.86757703715834],[-63.398599849555026,-6.867584666878062],[-63.398607399123023,-6.876648551159743],[-63.407681231807835,-6.87664091127682],[-63.40767351039419,-6.86757703715834]]]}},
{"type":"Feature","properties":{"DESCRIPTION":"MDT_1407139.tif","FILENAME":"U:\\P589_AmazoniaRevelada_BR-319\\LiDAR_dataset\\ENTREGAS\\ENTREGA_12\\2_MDT\\GEOTIFF\\MDT_1407139.tif","SHRT_FNAME":"MDT_1407139.tif","UPPER_LEFT_X":"455959.096","UPPER_LEFT_Y":"9240870.832","LOWER_RIGHT_X":"456962.096","LOWER_RIGHT_Y":"9239868.832"},"geometry":{"type":"Polygon","coordinates":[[[-63.398622477150958,-6.867584648064906],[-63.38954428060746,-6.867592110173568],[-63.389551658671699,-6.876656004370126],[-63.398630027147497,-6.876648532321527],[-63.398622477150958,-6.867584648064906]]]}},
{"type":"Feature","properties":{"DESCRIPTION":"MDT_1407140.tif","FILENAME":"U:\\P589_AmazoniaRevelada_BR-319\\LiDAR_dataset\\ENTREGAS\\ENTREGA_12\\2_MDT\\GEOTIFF\\MDT_1407140.tif","SHRT_FNAME":"MDT_1407140.tif","UPPER_LEFT_X":"456959.596","UPPER_LEFT_Y":"9240870.832","LOWER_RIGHT_X":"457962.096","LOWER_RIGHT_Y":"9239868.832"},"geometry":{"type":"Polygon","coordinates":[[[-63.389566908228495,-6.86759209178778],[-63.380493227255322,-6.867599378844671],[-63.380500433900579,-6.876663282723493],[-63.389574286721285,-6.876655985959846],[-63.389566908228495,-6.86759209178778]]]}},
{"type":"Feature","properties":{"DESCRIPTION":"MDT_1407141.tif","FILENAME":"U:\\P589_AmazoniaRevelada_BR-319\\LiDAR_dataset\\ENTREGAS\\ENTREGA_12\\2_MDT\\GEOTIFF\\MDT_1407141.tif","SHRT_FNAME":"MDT_1407141.tif","UPPER_LEFT_X":"457959.596","UPPER_LEFT_Y":"9240870.832","LOWER_RIGHT_X":"458962.096","LOWER_RIGHT_Y":"9239868.832"},"geometry":{"type":"Polygon","coordinates":[[[-63.380515854900878,-6.867599360886038],[-63.371442164209967,-6.867606476652966],[-63.371449199435368,-6.876670389986455],[-63.380523061974692,-6.876663264740936],[-63.380515854900878,-6.867599360886038]]]}},
{"type":"Feature","properties":{"DESCRIPTION":"MDT_1407142.tif","FILENAME":"U:\\P589_AmazoniaRevelada_BR-319\\LiDAR_dataset\\ENTREGAS\\ENTREGA_12\\2_MDT\\GEOTIFF\\MDT_1407142.tif","SHRT_FNAME":"MDT_1407142.tif","UPPER_LEFT_X":"458959.596","UPPER_LEFT_Y":"9240870.832","LOWER_RIGHT_X":"459962.096","LOWER_RIGHT_Y":"9239868.832"},"geometry":{"type":"Polygon","coordinates":[[[-63.371464791879482,-6.86760645912149],[-63.362391091701987,-6.867613403597573],[-63.362397955506616,-6.876677326158132],[-63.371471827533426,-6.876670372431627],[-63.371464791879482,-6.86760645912149]]]}},
{"type":"Feature","properties":{"DESCRIPTION":"MDT_1407143.tif","FILENAME":"U:\\P589_AmazoniaRevelada_BR-319\\LiDAR_dataset\\ENTREGAS\\ENTREGA_12\\2_MDT\\GEOTIFF\\MDT_1407143.tif","SHRT_FNAME":"MDT_1407143.tif","UPPER_LEFT_X":"459959.596","UPPER_LEFT_Y":"9240870.832","LOWER_RIGHT_X":"460962.096","LOWER_RIGHT_Y":"9239868.832"},"geometry":{"type":"Polygon","coordinates":[[[-63.362413719394858,-6.867613386493257],[-63.353340009961933,-6.867620159677634],[-63.353346702344943,-6.87668409123766],[-63.362420583628051,-6.876677309031033],[-63.362413719394858,-6.867613386493257]]]}},
{"type":"Feature","properties":{"DESCRIPTION":"MDT_1407144.tif","FILENAME":"U:\\P589_AmazoniaRevelada_BR-319\\LiDAR_dataset\\ENTREGAS\\ENTREGA_12\\2_MDT\\GEOTIFF\\MDT_1407144.tif","SHRT_FNAME":"MDT_1407144.tif","UPPER_LEFT_X":"460959.596","UPPER_LEFT_Y":"9240870.832","LOWER_RIGHT_X":"461962.596","LOWER_RIGHT_Y":"9239868.832"},"geometry":{"type":"Polygon","coordinates":[[[-63.353362637677606,-6.86762014300048],[-63.344284393672787,-6.867626748142177],[-63.344290914547642,-6.876690688478397],[-63.35336933048918,-6.876684074538293],[-63.353362637677606,-6.86762014300048]]]}},
{"type":"Feature","properties":{"DESCRIPTION":"MDT_1407145.tif","FILENAME":"U:\\P589_AmazoniaRevelada_BR-319\\LiDAR_dataset\\ENTREGAS\\ENTREGA_12\\2_MDT\\GEOTIFF\\MDT_1407145.tif","SHRT_FNAME":"MDT_1407145.tif","UPPER_LEFT_X":"461960.096","UPPER_LEFT_Y":"9240870.832","LOWER_RIGHT_X":"462962.596","LOWER_RIGHT_Y":"9239868.832"},"geometry":{"type":"Polygon","coordinates":[[[-63.344307021410678,-6.867626731892401],[-63.335233294155962,-6.867633162405212],[-63.335239643607551,-6.876697111285582],[-63.344313542714097,-6.876690672206976],[-63.344307021410678,-6.867626731892401]]]}},
{"type":"Feature","properties":{"DESCRIPTION":"MDT_1407146.tif","FILENAME":"U:\\P589_AmazoniaRevelada_BR-319\\LiDAR_dataset\\ENTREGAS\\ENTREGA_12\\2_MDT\\GEOTIFF\\MDT_1407146.tif","SHRT_FNAME":"MDT_1407146.tif","UPPER_LEFT_X":"462960.096","UPPER_LEFT_Y":"9240870.832","LOWER_RIGHT_X":"463962.596","LOWER_RIGHT_Y":"9239868.832"},"geometry":{"type":"Polygon","coordinates":[[[-63.335255921915497,-6.867633146582603],[-63.326182186098897,-6.867639405801245],[-63.326188364126423,-6.87670336299816],[-63.335262271795649,-6.876697095441897],[-63.335255921915497,-6.867633146582603]]]}},
{"type":"Feature","properties":{"DESCRIPTION":"MDT_1407147.tif","FILENAME":"U:\\P589_AmazoniaRevelada_BR-319\\LiDAR_dataset\\ENTREGAS\\ENTREGA_12\\2_MDT\\GEOTIFF\\MDT_1407147.tif","SHRT_FNAME":"MDT_1407147.tif","UPPER_LEFT_X":"463960.096","UPPER_LEFT_Y":"9240870.832","LOWER_RIGHT_X":"464430.096","LOWER_RIGHT_Y":"9239868.832"},"geometry":{"type":"Polygon","coordinates":[[[-63.3262048138795,-6.867639390405805],[-63.321950790217734,-6.867642265976484],[-63.321956888104225,-6.876706226983308],[-63.326210992335582,-6.876703347582213],[-63.3262048138795,-6.867639390405805]]]}},
{"type":"Feature","properties":{"DESCRIPTION":"MDT_1408113.tif","FILENAME":"U:\\P589_AmazoniaRevelada_BR-319\\LiDAR_dataset\\ENTREGAS\\ENTREGA_12\\2_MDT\\GEOTIFF\\MDT_1408113.tif","SHRT_FNAME":"MDT_1408113.tif","UPPER_LEFT_X":"429957.096","UPPER_LEFT_Y":"9239870.954","LOWER_RIGHT_X":"430959.096","LOWER_RIGHT_Y":"9238868.954"},"geometry":{"type":"Polygon","coordinates":[[[-63.633975449487934,-6.876375566093961],[-63.624906472290739,-6.876387487923721],[-63.624918323325069,-6.885451047015793],[-63.63398747248295,-6.885439109326029],[-63.633975449487934,-6.876375566093961]]]}},
{"type":"Feature","properties":{"DESCRIPTION":"MDT_1408114.tif","FILENAME":"U:\\P589_AmazoniaRevelada_BR-319\\LiDAR_dataset\\ENTREGAS\\ENTREGA_12\\2_MDT\\GEOTIFF\\MDT_1408114.tif","SHRT_FNAME":"MDT_1408114.tif","UPPER_LEFT_X":"430957.191","UPPER_LEFT_Y":"9239870.954","LOWER_RIGHT_X":"431959.191","LOWER_RIGHT_Y":"9238868.954"},"geometry":{"type":"Polygon","coordinates":[[[-63.624923714223705,-6.876387465420915],[-63.615854721072871,-6.876399215834222],[-63.615866400471958,-6.885462790528323],[-63.62493556558497,-6.885451024483051],[-63.624923714223705,-6.876387465420915]]]}},
{"type":"Feature","properties":{"DESCRIPTION":"MDT_1408115.tif","FILENAME":"U:\\P589_AmazoniaRevelada_BR-319\\LiDAR_dataset\\ENTREGAS\\ENTREGA_12\\2_MDT\\GEOTIFF\\MDT_1408115.tif","SHRT_FNAME":"MDT_1408115.tif","UPPER_LEFT_X":"431957.286","UPPER_LEFT_Y":"9239870.954","LOWER_RIGHT_X":"432959.286","LOWER_RIGHT_Y":"9238868.954"},"geometry":{"type":"Polygon","coordinates":[[[-63.615871963035936,-6.876399193657314],[-63.606802954162497,-6.876410772652712],[-63.606814461924905,-6.885474362721229],[-63.615883642761979,-6.885462768321911],[-63.615871963035936,-6.876399193657314]]]}},
{"type":"Feature","properties":{"DESCRIPTION":"MDT_1408116.tif","FILENAME":"U:\\P589_AmazoniaRevelada_BR-319\\LiDAR_dataset\\ENTREGAS\\ENTREGA_12\\2_MDT\\GEOTIFF\\MDT_1408116.tif","SHRT_FNAME":"MDT_1408116.tif","UPPER_LEFT_X":"432957.096","UPPER_LEFT_Y":"9239871.332","LOWER_RIGHT_X":"433959.596","LOWER_RIGHT_Y":"9238868.832"},"geometry":{"type":"Polygon","coordinates":[[[-63.606822771327501,-6.876407328333313],[-63.597749221566666,-6.876418741602038],[-63.597760563308817,-6.88548686957813],[-63.606834285206354,-6.885475441118371],[-63.606822771327501,-6.876407328333313]]]}},
{"type":"Feature","properties":{"DESCRIPTION":"MDT_1408117.tif","FILENAME":"U:\\P589_AmazoniaRevelada_BR-319\\LiDAR_dataset\\ENTREGAS\\ENTREGA_12\\2_MDT\\GEOTIFF\\MDT_1408117.tif","SHRT_FNAME":"MDT_1408117.tif","UPPER_LEFT_X":"433957.096","UPPER_LEFT_Y":"9239871.332","LOWER_RIGHT_X":"434959.596","LOWER_RIGHT_Y":"9238868.832"},"geometry":{"type":"Polygon","coordinates":[[[-63.597771848891945,-6.876418713353846],[-63.588698283864424,-6.876429955132644],[-63.588709453897692,-6.885498098033921],[-63.59778319106335,-6.885486841292342],[-63.597771848891945,-6.876418713353846]]]}},
{"type":"Feature","properties":{"DESCRIPTION":"MDT_1408118.tif","FILENAME":"U:\\P589_AmazoniaRevelada_BR-319\\LiDAR_dataset\\ENTREGAS\\ENTREGA_12\\2_MDT\\GEOTIFF\\MDT_1408118.tif","SHRT_FNAME":"MDT_1408118.tif","UPPER_LEFT_X":"434957.096","UPPER_LEFT_Y":"9239871.332","LOWER_RIGHT_X":"435960.096","LOWER_RIGHT_Y":"9238868.832"},"geometry":{"type":"Polygon","coordinates":[[[-63.588720911227469,-6.876429927312112],[-63.57964280568433,-6.876441003078031],[-63.579653803921495,-6.885509160684098],[-63.588732081690019,-6.885498070176359],[-63.588720911227469,-6.876429927312112]]]}},
{"type":"Feature","properties":{"DESCRIPTION":"MDT_1408119.tif","FILENAME":"U:\\P589_AmazoniaRevelada_BR-319\\LiDAR_dataset\\ENTREGAS\\ENTREGA_12\\2_MDT\\GEOTIFF\\MDT_1408119.tif","SHRT_FNAME":"MDT_1408119.tif","UPPER_LEFT_X":"435957.596","UPPER_LEFT_Y":"9239871.332","LOWER_RIGHT_X":"436960.096","LOWER_RIGHT_Y":"9238868.832"},"geometry":{"type":"Polygon","coordinates":[[[-63.579665433084621,-6.876440975685372],[-63.570591838209765,-6.8764518743944],[-63.570602664735283,-6.885520046470168],[-63.579676431751039,-6.885509133254982],[-63.579665433084621,-6.876440975685372]]]}},
{"type":"Feature","properties":{"DESCRIPTION":"MDT_1408120.tif","FILENAME":"U:\\P589_AmazoniaRevelada_BR-319\\LiDAR_dataset\\ENTREGAS\\ENTREGA_12\\2_MDT\\GEOTIFF\\MDT_1408120.tif","SHRT_FNAME":"MDT_1408120.tif","UPPER_LEFT_X":"436958.762","UPPER_LEFT_Y":"9239869.954","LOWER_RIGHT_X":"437958.762","LOWER_RIGHT_Y":"9238869.954"},"geometry":{"type":"Polygon","coordinates":[[[-63.570603927082146,-6.876464324787528],[-63.561552944854398,-6.876475025285289],[-63.561563573326623,-6.885520597652861],[-63.570614726839196,-6.885509882948303],[-63.570603927082146,-6.876464324787528]]]}},
{"type":"Feature","properties":{"DESCRIPTION":"MDT_1408121.tif","FILENAME":"U:\\P589_AmazoniaRevelada_BR-319\\LiDAR_dataset\\ENTREGAS\\ENTREGA_12\\2_MDT\\GEOTIFF\\MDT_1408121.tif","SHRT_FNAME":"MDT_1408121.tif","UPPER_LEFT_X":"437958.858","UPPER_LEFT_Y":"9239869.954","LOWER_RIGHT_X":"438958.858","LOWER_RIGHT_Y":"9238869.954"},"geometry":{"type":"Polygon","coordinates":[[[-63.561552075959412,-6.876475026304324],[-63.552501079423976,-6.876485555717633],[-63.552511536593627,-6.885531142066213],[-63.561562704415202,-6.88552059867325],[-63.561552075959412,-6.876475026304324]]]}},
{"type":"Feature","properties":{"DESCRIPTION":"MDT_1408122.tif","FILENAME":"U:\\P589_AmazoniaRevelada_BR-319\\LiDAR_dataset\\ENTREGAS\\ENTREGA_12\\2_MDT\\GEOTIFF\\MDT_1408122.tif","SHRT_FNAME":"MDT_1408122.tif","UPPER_LEFT_X":"438958.953","UPPER_LEFT_Y":"9239869.954","LOWER_RIGHT_X":"439958.953","LOWER_RIGHT_Y":"9238869.954"},"geometry":{"type":"Polygon","coordinates":[[[-63.55250021957864,-6.876485556709801],[-63.543449208966159,-6.876495915037521],[-63.543459494832064,-6.885541515139925],[-63.552510676732005,-6.885531143059698],[-63.55250021957864,-6.876485556709801]]]}},
{"type":"Feature","properties":{"DESCRIPTION":"MDT_1408123.tif","FILENAME":"U:\\P589_AmazoniaRevelada_BR-319\\LiDAR_dataset\\ENTREGAS\\ENTREGA_12\\2_MDT\\GEOTIFF\\MDT_1408123.tif","SHRT_FNAME":"MDT_1408123.tif","UPPER_LEFT_X":"439959.048","UPPER_LEFT_Y":"9239869.954","LOWER_RIGHT_X":"440959.048","LOWER_RIGHT_Y":"9238869.954"},"geometry":{"type":"Polygon","coordinates":[[[-63.543448349119487,-6.876495916013434],[-63.534397324660553,-6.87650610325428],[-63.534407439221432,-6.885551716883342],[-63.54345863496912,-6.885541516117136],[-63.543448349119487,-6.876495916013434]]]}},
{"type":"Feature","properties":{"DESCRIPTION":"MDT_1408124.tif","FILENAME":"U:\\P589_AmazoniaRevelada_BR-319\\LiDAR_dataset\\ENTREGAS\\ENTREGA_12\\2_MDT\\GEOTIFF\\MDT_1408124.tif","SHRT_FNAME":"MDT_1408124.tif","UPPER_LEFT_X":"440959.143","UPPER_LEFT_Y":"9239869.954","LOWER_RIGHT_X":"441959.143","LOWER_RIGHT_Y":"9238869.954"},"geometry":{"type":"Polygon","coordinates":[[[-63.534396464812581,-6.876506104213941],[-63.525345426737793,-6.876516120366646],[-63.525355369992383,-6.885561747295193],[-63.534406579357189,-6.885551717844277],[-63.534396464812581,-6.876506104213941]]]}},
{"type":"Feature","properties":{"DESCRIPTION":"MDT_1408125.tif","FILENAME":"U:\\P589_AmazoniaRevelada_BR-319\\LiDAR_dataset\\ENTREGAS\\ENTREGA_12\\2_MDT\\GEOTIFF\\MDT_1408125.tif","SHRT_FNAME":"MDT_1408125.tif","UPPER_LEFT_X":"441959.238","UPPER_LEFT_Y":"9239869.954","LOWER_RIGHT_X":"442959.238","LOWER_RIGHT_Y":"9238869.954"},"geometry":{"type":"Polygon","coordinates":[[[-63.525344566888521,-6.876516121310054],[-63.516293515428494,-6.876525966373374],[-63.516303287375564,-6.885571606374234],[-63.525354510126853,-6.885561748239853],[-63.525344566888521,-6.876516121310054]]]}},
{"type":"Feature","properties":{"DESCRIPTION":"MDT_1408126.tif","FILENAME":"U:\\P589_AmazoniaRevelada_BR-319\\LiDAR_dataset\\ENTREGAS\\ENTREGA_12\\2_MDT\\GEOTIFF\\MDT_1408126.tif","SHRT_FNAME":"MDT_1408126.tif","UPPER_LEFT_X":"442959.334","UPPER_LEFT_Y":"9239869.954","LOWER_RIGHT_X":"443959.334","LOWER_RIGHT_Y":"9238869.954"},"geometry":{"type":"Polygon","coordinates":[[[-63.516292646526921,-6.876525967310287],[-63.507241581912226,-6.876535641282828],[-63.50725118255037,-6.88558129412884],[-63.516302418457542,-6.88557160731239],[-63.516292646526921,-6.876525967310287]]]}},
{"type":"Feature","properties":{"DESCRIPTION":"MDT_1408127.tif","FILENAME":"U:\\P589_AmazoniaRevelada_BR-319\\LiDAR_dataset\\ENTREGAS\\ENTREGA_12\\2_MDT\\GEOTIFF\\MDT_1408127.tif","SHRT_FNAME":"MDT_1408127.tif","UPPER_LEFT_X":"443959.429","UPPER_LEFT_Y":"9239869.954","LOWER_RIGHT_X":"444959.429","LOWER_RIGHT_Y":"9238869.954"},"geometry":{"type":"Polygon","coordinates":[[[-63.507240722060473,-6.87653564219373],[-63.498189644521759,-6.876545145074462],[-63.498199073849932,-6.885590810538434],[-63.507250322682346,-6.88558129504095],[-63.507240722060473,-6.87653564219373]]]}},
{"type":"Feature","properties":{"DESCRIPTION":"MDT_1408128.tif","FILENAME":"U:\\P589_AmazoniaRevelada_BR-319\\LiDAR_dataset\\ENTREGAS\\ENTREGA_12\\2_MDT\\GEOTIFF\\MDT_1408128.tif","SHRT_FNAME":"MDT_1408128.tif","UPPER_LEFT_X":"444959.524","UPPER_LEFT_Y":"9239869.954","LOWER_RIGHT_X":"445959.524","LOWER_RIGHT_Y":"9238869.954"},"geometry":{"type":"Polygon","coordinates":[[[-63.498188784668784,-6.876545145969107],[-63.489137694436643,-6.876554477756849],[-63.48914695245368,-6.885600155611609],[-63.498198213980693,-6.88559081143427],[-63.498188784668784,-6.876545145969107]]]}},
{"type":"Feature","properties":{"DESCRIPTION":"MDT_1408129.tif","FILENAME":"U:\\P589_AmazoniaRevelada_BR-319\\LiDAR_dataset\\ENTREGAS\\ENTREGA_12\\2_MDT\\GEOTIFF\\MDT_1408129.tif","SHRT_FNAME":"MDT_1408129.tif","UPPER_LEFT_X":"445959.619","UPPER_LEFT_Y":"9239869.954","LOWER_RIGHT_X":"446959.619","LOWER_RIGHT_Y":"9238869.954"},"geometry":{"type":"Polygon","coordinates":[[[-63.489136834582474,-6.876554478635242],[-63.480085731887527,-6.876563639328836],[-63.480094818592271,-6.885609329347202],[-63.48914609258324,-6.885600156491168],[-63.489136834582474,-6.876554478635242]]]}},
{"type":"Feature","properties":{"DESCRIPTION":"MDT_1408130.tif","FILENAME":"U:\\P589_AmazoniaRevelada_BR-319\\LiDAR_dataset\\ENTREGAS\\ENTREGA_12\\2_MDT\\GEOTIFF\\MDT_1408130.tif","SHRT_FNAME":"MDT_1408130.tif","UPPER_LEFT_X":"446959.714","UPPER_LEFT_Y":"9239869.954","LOWER_RIGHT_X":"447959.714","LOWER_RIGHT_Y":"9238869.954"},"geometry":{"type":"Polygon","coordinates":[[[-63.480084872032187,-6.876563640190975],[-63.471033757105047,-6.876572629789281],[-63.471042672496345,-6.885618331744072],[-63.480093958720659,-6.885609330210484],[-63.480084872032187,-6.876563640190975]]]}},
{"type":"Feature","properties":{"DESCRIPTION":"MDT_1408131.tif","FILENAME":"U:\\P589_AmazoniaRevelada_BR-319\\LiDAR_dataset\\ENTREGAS\\ENTREGA_12\\2_MDT\\GEOTIFF\\MDT_1408131.tif","SHRT_FNAME":"MDT_1408131.tif","UPPER_LEFT_X":"447959.810","UPPER_LEFT_Y":"9239869.954","LOWER_RIGHT_X":"448959.810","LOWER_RIGHT_Y":"9238869.954"},"geometry":{"type":"Polygon","coordinates":[[[-63.471032888197442,-6.87657263064407],[-63.46198176126871,-6.8765814491458],[-63.46199050534527,-6.88562716280985],[-63.471041803572298,-6.885618332599996],[-63.471032888197442,-6.87657263064407]]]}},
{"type":"Feature","properties":{"DESCRIPTION":"MDT_1408132.tif","FILENAME":"U:\\P589_AmazoniaRevelada_BR-319\\LiDAR_dataset\\ENTREGAS\\ENTREGA_12\\2_MDT\\GEOTIFF\\MDT_1408132.tif","SHRT_FNAME":"MDT_1408132.tif","UPPER_LEFT_X":"448959.905","UPPER_LEFT_Y":"9239869.954","LOWER_RIGHT_X":"449959.905","LOWER_RIGHT_Y":"9238869.954"},"geometry":{"type":"Polygon","coordinates":[[[-63.461980901411096,-6.87658144997543],[-63.452929762711392,-6.876590097379664],[-63.452938335472311,-6.885635822525773],[-63.461989645471384,-6.885627163640581],[-63.461980901411096,-6.87658144997543]]]}},
{"type":"Feature","properties":{"DESCRIPTION":"MDT_1408133.tif","FILENAME":"U:\\P589_AmazoniaRevelada_BR-319\\LiDAR_dataset\\ENTREGAS\\ENTREGA_12\\2_MDT\\GEOTIFF\\MDT_1408133.tif","SHRT_FNAME":"MDT_1408133.tif","UPPER_LEFT_X":"449960.000","UPPER_LEFT_Y":"9239869.954","LOWER_RIGHT_X":"450960.000","LOWER_RIGHT_Y":"9238869.954"},"geometry":{"type":"Polygon","coordinates":[[[-63.452928902852669,-6.876590098193041],[-63.443877752612629,-6.876598574498699],[-63.443886154056813,-6.885644310899685],[-63.452937475597302,-6.885635823340229],[-63.452928902852669,-6.876590098193041]]]}},
{"type":"Feature","properties":{"DESCRIPTION":"MDT_1408134.tif","FILENAME":"U:\\P589_AmazoniaRevelada_BR-319\\LiDAR_dataset\\ENTREGAS\\ENTREGA_12\\2_MDT\\GEOTIFF\\MDT_1408134.tif","SHRT_FNAME":"MDT_1408134.tif","UPPER_LEFT_X":"450960.095","UPPER_LEFT_Y":"9239869.954","LOWER_RIGHT_X":"451960.095","LOWER_RIGHT_Y":"9238869.954"},"geometry":{"type":"Polygon","coordinates":[[[-63.443876892752826,-6.876598575295821],[-63.434825731203063,-6.876606880501853],[-63.434833961329474,-6.885652627930528],[-63.443885294180724,-6.885644311697863],[-63.443876892752826,-6.876598575295821]]]}},
{"type":"Feature","properties":{"DESCRIPTION":"MDT_1408135.tif","FILENAME":"U:\\P589_AmazoniaRevelada_BR-319\\LiDAR_dataset\\ENTREGAS\\ENTREGA_12\\2_MDT\\GEOTIFF\\MDT_1408135.tif","SHRT_FNAME":"MDT_1408135.tif","UPPER_LEFT_X":"451960.190","UPPER_LEFT_Y":"9239869.954","LOWER_RIGHT_X":"452960.190","LOWER_RIGHT_Y":"9238869.954"},"geometry":{"type":"Polygon","coordinates":[[[-63.43482487134218,-6.87660688128272],[-63.425773698713328,-6.876615015388096],[-63.425781757520923,-6.885660773617272],[-63.434833101452313,-6.885652628712433],[-63.43482487134218,-6.87660688128272]]]}},
{"type":"Feature","properties":{"DESCRIPTION":"MDT_1408136.tif","FILENAME":"U:\\P589_AmazoniaRevelada_BR-319\\LiDAR_dataset\\ENTREGAS\\ENTREGA_12\\2_MDT\\GEOTIFF\\MDT_1408136.tif","SHRT_FNAME":"MDT_1408136.tif","UPPER_LEFT_X":"452960.286","UPPER_LEFT_Y":"9239869.954","LOWER_RIGHT_X":"453960.286","LOWER_RIGHT_Y":"9238869.954"},"geometry":{"type":"Polygon","coordinates":[[[-63.425772829800223,-6.876615016160756],[-63.416721646322884,-6.876622979164293],[-63.416729533810475,-6.885668747966793],[-63.425780888591376,-6.88566077439096],[-63.425772829800223,-6.876615016160756]]]}},
{"type":"Feature","properties":{"DESCRIPTION":"MDT_1408137.tif","FILENAME":"U:\\P589_AmazoniaRevelada_BR-319\\LiDAR_dataset\\ENTREGAS\\ENTREGA_12\\2_MDT\\GEOTIFF\\MDT_1408137.tif","SHRT_FNAME":"MDT_1408137.tif","UPPER_LEFT_X":"453960.381","UPPER_LEFT_Y":"9239869.954","LOWER_RIGHT_X":"454960.381","LOWER_RIGHT_Y":"9238869.954"},"geometry":{"type":"Polygon","coordinates":[[[-63.416720786459933,-6.876622979912651],[-63.407669592364741,-6.876630771813529],[-63.407677308531525,-6.885676550962152],[-63.416728673931267,-6.885668748716145],[-63.416720786459933,-6.876622979912651]]]}},
{"type":"Feature","properties":{"DESCRIPTION":"MDT_1408138.tif","FILENAME":"U:\\P589_AmazoniaRevelada_BR-319\\LiDAR_dataset\\ENTREGAS\\ENTREGA_12\\2_MDT\\GEOTIFF\\MDT_1408138.tif","SHRT_FNAME":"MDT_1408138.tif","UPPER_LEFT_X":"454960.476","UPPER_LEFT_Y":"9239869.954","LOWER_RIGHT_X":"455960.476","LOWER_RIGHT_Y":"9238869.954"},"geometry":{"type":"Polygon","coordinates":[[[-63.407668732500802,-6.876630772545631],[-63.398617528018363,-6.876638393342885],[-63.398625072863375,-6.88568418261044],[-63.407676448651316,-6.885676551695227],[-63.407668732500802,-6.876630772545631]]]}},
{"type":"Feature","properties":{"DESCRIPTION":"MDT_1408139.tif","FILENAME":"U:\\P589_AmazoniaRevelada_BR-319\\LiDAR_dataset\\ENTREGAS\\ENTREGA_12\\2_MDT\\GEOTIFF\\MDT_1408139.tif","SHRT_FNAME":"MDT_1408139.tif","UPPER_LEFT_X":"455960.571","UPPER_LEFT_Y":"9239869.954","LOWER_RIGHT_X":"456960.571","LOWER_RIGHT_Y":"9238869.954"},"geometry":{"type":"Polygon","coordinates":[[[-63.398616668153458,-6.876638394058732],[-63.389565453514429,-6.876645843751413],[-63.389572827036709,-6.885691642910706],[-63.398624212982185,-6.885684183327237],[-63.398616668153458,-6.876638394058732]]]}},
{"type":"Feature","properties":{"DESCRIPTION":"MDT_1408140.tif","FILENAME":"U:\\P589_AmazoniaRevelada_BR-319\\LiDAR_dataset\\ENTREGAS\\ENTREGA_12\\2_MDT\\GEOTIFF\\MDT_1408140.tif","SHRT_FNAME":"MDT_1408140.tif","UPPER_LEFT_X":"456960.666","UPPER_LEFT_Y":"9239869.954","LOWER_RIGHT_X":"457960.666","LOWER_RIGHT_Y":"9238869.954"},"geometry":{"type":"Polygon","coordinates":[[[-63.389564593648551,-6.876645844451007],[-63.380513369083545,-6.87665312303819],[-63.380520571282183,-6.885698931862027],[-63.389571967154566,-6.885691643611229],[-63.389564593648551,-6.876645844451007]]]}},
{"type":"Feature","properties":{"DESCRIPTION":"MDT_1408141.tif","FILENAME":"U:\\P589_AmazoniaRevelada_BR-319\\LiDAR_dataset\\ENTREGAS\\ENTREGA_12\\2_MDT\\GEOTIFF\\MDT_1408141.tif","SHRT_FNAME":"MDT_1408141.tif","UPPER_LEFT_X":"457960.762","UPPER_LEFT_Y":"9239869.954","LOWER_RIGHT_X":"458960.762","LOWER_RIGHT_Y":"9238869.954"},"geometry":{"type":"Polygon","coordinates":[[[-63.380512500165523,-6.876653123728723],[-63.371461265905147,-6.876660231209333],[-63.371468296779078,-6.885706049470525],[-63.380519702347712,-6.885698932553475],[-63.380512500165523,-6.876653123728723]]]}},
{"type":"Feature","properties":{"DESCRIPTION":"MDT_1408142.tif","FILENAME":"U:\\P589_AmazoniaRevelada_BR-319\\LiDAR_dataset\\ENTREGAS\\ENTREGA_12\\2_MDT\\GEOTIFF\\MDT_1408142.tif","SHRT_FNAME":"MDT_1408142.tif","UPPER_LEFT_X":"458960.857","UPPER_LEFT_Y":"9239869.954","LOWER_RIGHT_X":"459960.857","LOWER_RIGHT_Y":"9238869.954"},"geometry":{"type":"Polygon","coordinates":[[[-63.37146040603745,-6.876660231876415],[-63.362409162312368,-6.876667168249741],[-63.362416021860859,-6.885712995721088],[-63.371467436895088,-6.885706050138496],[-63.37146040603745,-6.876660231876415]]]}},
{"type":"Feature","properties":{"DESCRIPTION":"MDT_1408143.tif","FILENAME":"U:\\P589_AmazoniaRevelada_BR-319\\LiDAR_dataset\\ENTREGAS\\ENTREGA_12\\2_MDT\\GEOTIFF\\MDT_1408143.tif","SHRT_FNAME":"MDT_1408143.tif","UPPER_LEFT_X":"459960.952","UPPER_LEFT_Y":"9239869.954","LOWER_RIGHT_X":"460960.952","LOWER_RIGHT_Y":"9238869.954"},"geometry":{"type":"Polygon","coordinates":[[[-63.362408302443775,-6.87666716890057],[-63.353357049484615,-6.876673934165749],[-63.353363737706815,-6.885719770620049],[-63.362415161975989,-6.88571299637278],[-63.362408302443775,-6.87666716890057]]]}},
{"type":"Feature","properties":{"DESCRIPTION":"MDT_1408144.tif","FILENAME":"U:\\P589_AmazoniaRevelada_BR-319\\LiDAR_dataset\\ENTREGAS\\ENTREGA_12\\2_MDT\\GEOTIFF\\MDT_1408144.tif","SHRT_FNAME":"MDT_1408144.tif","UPPER_LEFT_X":"460961.047","UPPER_LEFT_Y":"9239869.954","LOWER_RIGHT_X":"461961.047","LOWER_RIGHT_Y":"9238869.954"},"geometry":{"type":"Polygon","coordinates":[[[-63.353356189615155,-6.876673934800322],[-63.344304927652551,-6.876680528956514],[-63.344311444547607,-6.885726374166571],[-63.35336287782107,-6.885719771255465],[-63.353356189615155,-6.876673934800322]]]}},
{"type":"Feature","properties":{"DESCRIPTION":"MDT_1408145.tif","FILENAME":"U:\\P589_AmazoniaRevelada_BR-319\\LiDAR_dataset\\ENTREGAS\\ENTREGA_12\\2_MDT\\GEOTIFF\\MDT_1408145.tif","SHRT_FNAME":"MDT_1408145.tif","UPPER_LEFT_X":"461961.142","UPPER_LEFT_Y":"9239869.954","LOWER_RIGHT_X":"462961.142","LOWER_RIGHT_Y":"9238869.954"},"geometry":{"type":"Polygon","coordinates":[[[-63.34430406778224,-6.876680529574833],[-63.33525279704682,-6.87668695262122],[-63.335259142613936,-6.88573280635983],[-63.344310584661038,-6.885726374785708],[-63.34430406778224,-6.876680529574833]]]}},
{"type":"Feature","properties":{"DESCRIPTION":"MDT_1408146.tif","FILENAME":"U:\\P589_AmazoniaRevelada_BR-319\\LiDAR_dataset\\ENTREGAS\\ENTREGA_12\\2_MDT\\GEOTIFF\\MDT_1408146.tif","SHRT_FNAME":"MDT_1408146.tif","UPPER_LEFT_X":"462961.238","UPPER_LEFT_Y":"9239869.954","LOWER_RIGHT_X":"463961.238","LOWER_RIGHT_Y":"9238869.954"},"geometry":{"type":"Polygon","coordinates":[[[-63.335251928124407,-6.876686953229619],[-63.326200648846807,-6.876693205165233],[-63.326206823085009,-6.885739067205203],[-63.33525827367508,-6.885732806969037],[-63.335251928124407,-6.876686953229619]]]}},
{"type":"Feature","properties":{"DESCRIPTION":"MDT_1408147.tif","FILENAME":"U:\\P589_AmazoniaRevelada_BR-319\\LiDAR_dataset\\ENTREGAS\\ENTREGA_12\\2_MDT\\GEOTIFF\\MDT_1408147.tif","SHRT_FNAME":"MDT_1408147.tif","UPPER_LEFT_X":"463961.333","UPPER_LEFT_Y":"9239869.954","LOWER_RIGHT_X":"464961.333","LOWER_RIGHT_Y":"9238869.954"},"geometry":{"type":"Polygon","coordinates":[[[-63.326199788974868,-6.876693205751037],[-63.317148501385716,-6.876699286575271],[-63.317154504294408,-6.885745156689394],[-63.326205963196813,-6.885739067791787],[-63.326199788974868,-6.876693205751037]]]}}
]
}
